time,PC1,PC2,PC3,PC4,PC5,PC6
1940-01-16 00:00:00,-0.8320697948048772,-1.3187694384012414,1.2769706098299631,-0.6984878506316716,1.5702793651310896,-1.1582222732787075
1940-02-15 00:00:00,-0.399841348354635,0.14780844032244345,-0.28473541167876687,-0.37245497156039364,0.323938705209094,0.6968008554737741
1940-03-16 00:00:00,-0.9131049401262367,0.6631735450915851,-1.783877918413422,-0.34895665190791014,0.34787312062198256,0.42888042755976113
1940-04-15 12:00:00,1.241717845245571,-0.6802673181555949,1.1032078347350072,2.9541015205740284,-0.5765801497791945,-0.696796749723759
1940-05-16 00:00:00,-0.45804323869750274,-1.0943042690459077,-1.4218927545272277,1.369964448359133,0.305654129941493,-0.9182025653913852
1940-06-15 12:00:00,-0.25472506047863064,-0.22664218212056036,-0.07044930995320198,-0.21715433496075776,-0.6165306761711163,0.6798230512782597
1940-07-16 00:00:00,-0.42740014814683935,0.9042886015913281,1.22053667517219,1.454366477509261,0.7148030672602679,-0.006900143530699277
1940-08-16 00:00:00,-0.6388016254533068,-1.4154506088777719,0.6946639353634133,0.6408665146015804,1.281616865839879,0.8477575683346689
1940-09-15 12:00:00,-0.6599994156696077,0.28023250568725894,0.5831548917839469,0.3569351817632768,-1.0800265765100368,0.7602329362275803
1940-10-16 00:00:00,0.05564386021446704,-0.29048667475409135,-1.833424286822935,-1.5678966998914192,-0.05262191185231394,-0.6338711830634778
1940-11-15 12:00:00,-0.7983897375126444,-0.2498150057335603,0.675803040132906,-0.34213347865574667,-0.7261597157370773,-0.7611620462918465
1940-12-16 00:00:00,0.8735127177192993,0.26516415263846954,-0.5929767244094123,0.12234349968379163,-0.24161218974683024,0.43643946762139596
1941-01-16 00:00:00,2.3422288872348247,0.7415944946736586,0.01735264117681872,1.0706283092346938,-0.4471353038134474,-1.6266857424276704
1941-02-14 12:00:00,-0.8043739233320948,0.31689818437728273,-1.7536017941070041,1.0713378457944627,0.31529441530789437,-0.5359999460058316
1941-03-16 00:00:00,0.21471398785633097,-1.101723943895644,-0.350888069423426,-1.683454111933632,-0.14940178443247687,-0.6007783807164241
1941-04-15 12:00:00,-0.504719462016828,1.5428274927222723,0.597561118521496,0.13323873999333075,1.015128192985468,-1.031417577128282
1941-05-16 00:00:00,-1.4869498975692712,1.5598298508017363,1.385933143255568,1.6747280789466308,-0.15907071427602026,0.11664350221933166
1941-06-15 12:00:00,-0.28919103852976064,1.1463943890517194,0.02540546492783189,2.4438959529428623,-0.6569944677904683,0.937617494744269
1941-07-16 00:00:00,-2.135852321443169,0.8084393019328031,-0.2654619562066861,0.6179925698598683,1.0559014535008704,-0.46839725127161846
1941-08-16 00:00:00,-0.9064448298399673,-0.650065043589803,0.10020751860120836,0.143886703463008,0.9541778000632297,-0.04746617166864091
1941-09-15 12:00:00,0.8287794297558309,-1.7119849665250317,-0.6289094396182788,1.408217280804441,1.5468814804431084,-0.9920673400988501
1941-10-16 00:00:00,1.405393937212593,0.22702382219576622,-1.077259541714308,2.2284084744062342,0.5400728794128531,-0.7538341449912754
1941-11-15 12:00:00,0.8757891786577169,0.8077716223151958,-1.5042251486344036,0.1962611098285985,-0.18570325269648952,-0.662336905974712
1941-12-16 00:00:00,-0.46521164645614677,0.26126966665238244,1.4467970446703369,-1.3935619632919725,0.30780619615012517,0.8184663567557101
1942-01-16 00:00:00,0.9125991623570214,-1.6241838498456032,-0.2589488474791835,-1.7271935066671784,-0.7938383398349206,-1.326074148072848
1942-02-14 12:00:00,0.09307423796882369,-0.13541421390913955,0.13134728558633385,-0.15359772639326733,-0.7278927568915687,0.6667870161302023
1942-03-16 00:00:00,-1.0592794913527566,1.1719118016384953,0.7172256250004481,-1.615739030793306,-0.12167336457068703,0.1520329070688326
1942-04-15 12:00:00,0.3777656842831008,-0.9547279355157905,0.8921324535484089,1.2468855198532147,-0.749835852305327,-0.3772888515446667
1942-05-16 00:00:00,-1.0749382072695983,0.2318407427251371,1.329630223812088,-1.7824328923209898,-0.7667057002788747,-2.566338315962591
1942-06-15 12:00:00,0.10648181306849606,-0.3051912784881384,1.1426499501873577,-0.5139629756702953,1.6501502566726236,0.8099799160426361
1942-07-16 00:00:00,-1.585055238263963,0.3515748555034661,1.1064352387879641,0.5459476773279945,0.09867986264829577,-1.1345350174456166
1942-08-16 00:00:00,1.0006968517541988,-1.065224807572123,0.0860421476867301,1.8299387061518666,0.8988024449385574,-0.2829414990429969
1942-09-15 12:00:00,-0.31412565158885397,-0.09553626481090904,1.6148567603789572,-0.5168919758906536,-0.3533601845842452,0.1180190783162462
1942-10-16 00:00:00,1.0526458793966937,0.4536778542958791,-0.5469778081068306,-0.20525965106149996,-0.22316996503333258,0.1279646359972702
1942-11-15 12:00:00,3.214697979152146,0.41563484135533585,-0.8758588858088564,0.33027459002605813,-1.5887894023934956,0.7506176726256161
1942-12-16 00:00:00,0.419547821200433,-0.24233304601154276,-0.7720505517518292,1.4967171943017141,0.3303310267008295,-1.595641013282847
1943-01-16 00:00:00,0.09578859092414277,0.29764894714086626,2.0014766251344924,-0.14735007950580833,-0.21124013144002868,-0.0040095698739405945
1943-02-14 12:00:00,2.0506833947502248,0.6236103786165662,-0.6785111002761293,0.13204939341121183,0.007466555026971343,0.2613847430013436
1943-03-16 00:00:00,-0.21553402950937967,-1.214510406619491,0.9845691966689171,-0.5594694664231334,1.8532402345199164,0.159110002657751
1943-04-15 12:00:00,0.16954017614882622,1.1149112902932103,0.10084419611407835,1.8616169670742226,1.2254499555133376,-0.3553451555878528
1943-05-16 00:00:00,-0.4892012783204648,-0.9249775708372094,0.45816267349195583,-0.437497344917878,1.473065738005793,-0.1429418781994005
1943-06-15 12:00:00,0.0037360934206989924,-0.6238969227713784,0.6281955708827567,1.618917184699923,-0.27852904542793233,0.23461891625321976
1943-07-16 00:00:00,0.6577200143938767,-1.4542753926854322,0.5555604353677587,0.7426000992718818,2.2532640520310148,0.7294894567628646
1943-08-16 00:00:00,0.9533803408557185,-2.409733998802626,-1.610853192445598,-0.7540474353749596,-0.26408550919511947,-0.37036253563914195
1943-09-15 12:00:00,-1.7154479114306689,-1.041869212389213,0.5060280812071118,-1.719811910658391,0.9526316724222691,-1.4044982837546298
1943-10-16 00:00:00,0.36909600141308313,-1.1241209037878759,0.2504530603609627,-0.012717933402723286,1.5676634626024517,-0.8655378838516512
1943-11-15 12:00:00,0.31451665943879475,-0.9273917208450586,-1.1193537335843164,-0.7512239752653058,0.6691325322630594,1.6875355498211502
1943-12-16 00:00:00,-0.18132000819930266,1.0120805038355425,-1.823858111540457,0.22366902526335208,0.23016628795625887,0.06435123851498006
1944-01-16 00:00:00,-0.5421484246405055,1.1092289329416152,1.5934665444680822,0.5116039882011432,0.9827949140389587,-0.6041501521149606
1944-02-15 00:00:00,1.000804607531564,-1.548378974707705,0.9924984310689381,-2.461662521154517,-1.949838026799333,-1.2906524543021411
1944-03-16 00:00:00,-2.1657333407010193,-1.210901095670032,-0.04869224645651002,0.12099071288270966,-0.06406019590777501,-0.5060247857215241
1944-04-15 12:00:00,0.94999852134018,-1.0747581743645729,0.5981295172284263,-1.16734709360112,-0.12298490723211854,0.7356122358394129
1944-05-16 00:00:00,-0.7843784716056745,0.2251430205050889,-0.7859178189191014,-0.8980178985390392,-0.7610168685755112,0.6761682778621468
1944-06-15 12:00:00,-1.0648958025333664,-0.796883662733584,3.2578201411453995,-0.5009539342117741,0.2037389125888504,-1.0811530397562374
1944-07-16 00:00:00,-1.0202755211301935,1.049783357493262,-0.25588617540935926,-0.1442506928473622,0.9692788358302926,-0.85339269074992
1944-08-16 00:00:00,0.614517368003926,-1.4587080984128376,0.500098682072371,-0.8348334136696303,0.6826442011744037,-0.2970728773223501
1944-09-15 12:00:00,1.0250220017782636,1.0860765839618254,0.6655782184507877,-1.6535651094567043,-0.5052408039989107,-1.3031550768738882
1944-10-16 00:00:00,-0.6875942582737695,-0.9420942425783552,-1.099619478949602,-0.5414450062014617,0.02652474978613717,1.0979119972870361
1944-11-15 12:00:00,0.2470953502990387,-0.144466695063815,-1.7885082840058166,0.594817163060281,-0.562425174620452,-0.8676719207558369
1944-12-16 00:00:00,-0.8865919342271458,-0.3773506491976338,-1.660607446112236,1.6999456267623356,-0.0582442068711186,0.7609589917891811
1945-01-16 00:00:00,1.990097500575884,-0.5507752324901909,-0.3803496917268187,0.5221051308816753,0.0562522014610299,0.4916710394785579
1945-02-14 12:00:00,2.0580810910656755,-0.35167579836915847,-0.46758898709809765,-0.46671566287306104,1.065732714387481,-0.3225099829018661
1945-03-16 00:00:00,-0.02409734686877757,0.8483706764142146,-1.1980535427427415,0.8051416095379873,0.36239762961262995,-0.6040750326462867
1945-04-15 12:00:00,1.3274929737991537,0.25841120350266666,0.5187633657954491,1.0099912993312323,0.9095720426438859,-0.4251067797909033
1945-05-16 00:00:00,-0.01121732537678427,0.6869565886065064,-0.18400135585487917,-0.3994153382547483,-0.6942433298835955,0.3340088467846156
1945-06-15 12:00:00,0.12898777950316725,-0.6605452417807177,0.3966147505650681,-0.8705393611211978,-0.8949131261611254,1.46849963959054
1945-07-16 00:00:00,-0.6225159323796406,-0.004710491630359137,0.9030970656983366,1.1155451140958135,-0.5436524086320235,1.6457364943599704
1945-08-16 00:00:00,-0.5892431829038576,-0.2180354165457769,-1.494196552796566,0.09797420038742129,0.20454046264700176,-0.9548225265466804
1945-09-15 12:00:00,2.4008241406909496,-0.56255187371328,-1.921825165086185,-1.6096011863210273,-1.6913278630300164,0.10071544731092465
1945-10-16 00:00:00,-0.982534444059292,0.32634565348367345,0.4524047545047616,0.07894065611573559,1.0755335776697694,-0.788882315410272
1945-11-15 12:00:00,-0.4957589162267705,1.1081983330579261,0.013651080833520748,-0.66762301842426,0.7162404218293171,-0.5521729176607946
1945-12-16 00:00:00,-0.40991016048728807,-1.0365419735645307,-0.030876098074133516,0.8223876833643993,1.6910616819230335,-0.3955270984407842
1946-01-16 00:00:00,-1.0800544427266687,-0.30398112222263646,-0.9463524243822576,-0.5887991750414743,-0.6855145307735012,-0.7366447152639648
1946-02-14 12:00:00,-1.9022608647205645,-0.7425377022628639,-1.1562996456566836,1.6363537722458619,1.5146386709696715,0.15889536679905034
1946-03-16 00:00:00,0.11706878390712326,-1.0460128709371768,0.5688355975600456,-0.6907884709209053,-0.9376995345923157,-1.2255792837484962
1946-04-15 12:00:00,1.257669065801717,0.34361101400040195,-0.8463361644222036,1.2009899112579694,0.7224589108476956,-1.10563775951662
1946-05-16 00:00:00,0.20104058443625053,-0.4590577274885326,-0.059271397795997924,-0.4634454329771904,1.9177339454570215,0.14000344153483574
1946-06-15 12:00:00,-0.14804616916517876,0.4365472544524843,-0.621252672940072,1.4814946850206414,-1.1000418390692657,0.35893637326629524
1946-07-16 00:00:00,1.1217080696361603,-0.6574745120556094,0.34158060654901745,-0.4194341641489606,-0.7995011796852058,0.11483689839060846
1946-08-16 00:00:00,-1.9188808679140092,-3.3536062287654627,-2.9346285936463627,-0.1329480818315571,0.008072633595907017,-0.4110090252379649
1946-09-15 12:00:00,0.4825422666794901,2.3453951054091937,-0.5039453749965941,1.1264030386249613,0.7999380179032687,0.09799897433334759
1946-10-16 00:00:00,-0.9572163979993751,0.1970129556676159,0.10795667656709884,-0.0954263701100708,0.4771467011454023,-1.579807243196493
1946-11-15 12:00:00,-0.9024425335946757,-1.865738066817894,-0.14811228375536417,0.8185589192895271,0.7237370369670266,0.20569362868627006
1946-12-16 00:00:00,-0.4359695945781303,1.0876717444616149,0.7125837513056733,-1.515207028426236,-0.413224555499829,-0.8835892890558938
1947-01-16 00:00:00,2.2128084205323137,0.2689962405271335,-0.8019750511366556,-0.4764307387316989,-0.5190946270298178,-0.6578366421180033
1947-02-14 12:00:00,-0.9952954944661607,0.9869148202838137,0.5458192745074278,0.3366652304954983,0.49309784060080386,0.11094243927125635
1947-03-16 00:00:00,2.0478365995969936,0.5115198675027759,0.431710969796659,0.612501220373592,-1.4462962821584386,0.4079092312675283
1947-04-15 12:00:00,0.8495751718749104,-1.7892278492159104,0.15981045820822817,-0.853227064280691,0.1412050053521408,1.0076340778962625
1947-05-16 00:00:00,-2.1454345278601714,1.182204629932293,-1.4513527768556536,-0.6965976588279843,-0.540535554168551,-0.15342302090733048
1947-06-15 12:00:00,1.0855575395028432,-2.221387068615157,0.5975575748302793,1.3519530020786032,0.879115332443249,-1.6999774078060048
1947-07-16 00:00:00,-0.07482004083581117,0.06018278055730658,0.3824529037301076,0.35234659735891427,-2.1726166090143826,-0.15518135991159024
1947-08-16 00:00:00,-0.28134955468740275,0.21168835512129142,-0.3964072504838348,-1.9808875901857788,0.004723778100810885,-2.133581016358616
1947-09-15 12:00:00,2.298055816734158,1.0290445477752717,0.39799700886059924,0.6631903953662457,1.06626923707636,-0.22869911496436615
1947-10-16 00:00:00,-0.4134785462158424,-1.246086446861163,0.4854159290177366,0.06427650500242249,0.5468587726221396,-0.5159502622095152
1947-11-15 12:00:00,-0.7577045055149535,1.8230624821463883,0.034952244637909524,0.3939088564884327,0.4467551923152699,-0.5557346905056458
1947-12-16 00:00:00,0.2711271274307881,-0.5174286686990801,-0.072082921224071,0.5803447013152714,0.4957122895549168,-1.2990105973554895
1948-01-16 00:00:00,0.003095225019967743,0.3786404809103614,0.48145557971173275,-0.9104076238793093,-1.090602093547776,-0.042823734641224506
1948-02-15 00:00:00,-0.565766559098388,-2.601239152536674,-1.3775526405018101,-0.39257838449692506,-1.987210176052015,-0.059421210178069894
1948-03-16 00:00:00,0.1412001220792834,-0.4225811860064337,0.45231913941754914,0.2128017902853706,0.24804338568019713,-1.7448887404975595
1948-04-15 12:00:00,-2.1184295405007445,-0.3562916058961325,0.28876843489887827,0.042059939999060755,-1.1324801762143564,-0.4763693135976402
1948-05-16 00:00:00,0.5106921924016732,1.0883473598682605,0.3160483772279958,0.19477954061285846,0.03430213023743294,0.662659170795839
1948-06-15 12:00:00,-0.14319378699248492,0.5168743149183135,1.936767099279471,1.4428046726891133,0.7131029988306092,-0.1371083250606573
1948-07-16 00:00:00,-0.5377830596087603,0.16147375532161418,0.1230715761428596,0.39004265910499464,0.11434032603943091,2.058553535185668
1948-08-16 00:00:00,-0.006984684152770759,1.7574078332707208,-0.1586498928912552,-1.6807884649942744,-0.3628886383280922,-0.13946022841949784
1948-09-15 12:00:00,0.2230326832280067,-1.3489087276270049,-1.1436337414344346,-0.9531757745303069,1.0986173272940944,0.2601922807196519
1948-10-16 00:00:00,-0.8471474003573956,0.03571159203075656,0.34188966893205053,-0.10533090677402884,-1.1234672394318288,-0.39993901657850556
1948-11-15 12:00:00,-0.7412449470351652,-0.38785436132199913,0.8148971914887634,0.21336431995288102,1.0834503769926584,-0.9408441269134964
1948-12-16 00:00:00,-0.08591722829210433,0.11128784422000243,0.8179062571681739,0.22079010031254626,0.14982271641659944,-0.3314550639162568
1949-01-16 00:00:00,-0.31188161616066,-1.3993934594381874,-1.263818805856095,-1.5884129460314507,-1.5232539676400179,-0.5550582637776551
1949-02-14 12:00:00,-1.1265163535160603,1.214932665686862,-0.8206473828317494,0.6839246296106567,0.41995842023810503,0.16081878445042702
1949-03-16 00:00:00,1.5413650302602668,1.2688586814631624,0.32477911698136447,-1.029623208703372,0.5260311816056833,-0.9732319974169076
1949-04-15 12:00:00,0.12948447755464115,0.8769169669772975,-0.3656773970404272,1.5874493927356155,-0.21557784570169508,-2.390382574304767
1949-05-16 00:00:00,-0.8895657829052298,0.10625806409921033,-0.8689325323093853,-0.9831868952102012,-1.6789792214858366,0.7563838246120334
1949-06-15 12:00:00,0.7163484899409551,0.5669242405194966,-0.6508230220674721,-1.249822155545566,-0.654593987378876,-0.28640595016424897
1949-07-16 00:00:00,-0.14226179668817848,0.37393602730346504,-0.1550567214887668,-0.8779784491527813,1.0936253485099414,-0.862905041584718
1949-08-16 00:00:00,-1.0007358024165278,-0.853626054015514,1.133642250984805,0.6438113954175386,0.6332078676289771,0.949411677357401
1949-09-15 12:00:00,-0.9424602449923234,-0.6524274684549138,-0.5833390495584861,-0.7745639703603542,-0.04032022205718333,0.6180120990656806
1949-10-16 00:00:00,0.18879543574309668,2.763213040996874,-1.4301717578995348,-0.3933300112303223,1.192357179508235,-0.007562305453075947
1949-11-15 12:00:00,1.3242115255867826,-0.41678513083388247,0.5092592884287319,-0.4563551643145552,-0.9570391770854899,0.23762953983989812
1949-12-16 00:00:00,-0.18199676206798238,3.0693428576471136,0.06840746945820814,1.771775736756621,-0.1540770506223011,-0.615493889485957
1950-01-16 00:00:00,0.6326808933029268,-0.2468204418696971,-0.3432401600501178,1.0494295906440005,-0.07411032844776685,0.010787257763784357
1950-02-14 12:00:00,0.8870980264977915,0.26141000787372143,-0.31899951405460625,0.8173398053887637,-0.4229744192677892,-0.5443789582531445
1950-03-16 00:00:00,-0.07361101577017246,-0.321741294597719,0.037914747637501287,0.689983680499189,0.04931107562188446,1.1460135987412678
1950-04-15 12:00:00,0.26642569038507713,-1.2909397383219765,-0.2664307204566156,0.011428357349543047,-1.404203513258215,0.7989213092453512
1950-05-16 00:00:00,-0.34507165037316145,1.1689539906391426,0.6226573634256708,-0.0314651448119521,0.32065630282202817,-0.02381265150176951
1950-06-15 12:00:00,-0.7623626377538592,-2.262406819667998,0.37514833398190395,0.16391976861036747,0.18406327942981204,1.391334707438193
1950-07-16 00:00:00,2.6448433733447203,-0.3741289207341761,0.7009658173280278,-0.11726046508527974,-0.4052013869604914,0.6051175891927874
1950-08-16 00:00:00,-0.6583275516420569,0.7003891046082841,0.5635318201713191,0.4415515988769147,-0.7344496881869594,-0.12627755843943853
1950-09-15 12:00:00,-0.8771506381355328,-0.771297805829876,-2.184116985810414,1.7872265526408586,0.44913823195807334,-0.39604285303436354
1950-10-16 00:00:00,-0.04153087670584853,-0.7927358349262768,1.0375929828268984,-0.38253165065847927,-0.5654149819725942,0.3146061452730089
1950-11-15 12:00:00,-0.3593194032527648,0.4481315948712776,-0.9892039376239671,-0.535835420658157,-0.034395944928143324,-1.3846991917127178
1950-12-16 00:00:00,-2.5559832093762465,0.49463605574329866,1.8320344830155448,0.9177567735242727,0.2584543724398917,-0.15617607499242334
1951-01-16 00:00:00,-1.0486091118622478,0.10058893770912228,0.48345624203742005,-0.7519389473947451,-0.3999004092670981,-1.1027060186641913
1951-02-14 12:00:00,0.2578278542543291,0.8414706334932691,2.3123035125306406,-0.3895703210212538,-1.0126430537040434,0.5217953236465841
1951-03-16 00:00:00,0.03471853175067026,0.5003022092479168,-1.5835439812722336,-1.0770009099982722,-0.6447075461339321,-0.07979275878127332
1951-04-15 12:00:00,-0.8572956961011909,-1.5499276769622097,0.6951018231392817,-0.5596780207853971,-0.7908159599101048,1.1924032346154143
1951-05-16 00:00:00,-2.0330994440372954,-0.2234368748117011,0.8295334611208851,0.8367639534255615,0.9350162341607318,1.956693765954101
1951-06-15 12:00:00,-0.7461296283385044,1.328072020073912,-1.257062196198136,-0.5639260562450408,1.6532030982620747,-0.33509343518659235
1951-07-16 00:00:00,-0.7055061479996472,-1.6641279540148133,0.8312110438737766,-0.09462048987189256,-0.31707856126087863,0.49276810489258094
1951-08-16 00:00:00,1.8958820579817615,0.16882117047476186,-0.4131858592329408,-0.35657945864069646,0.09838820740313413,-0.8616524134516527
1951-09-15 12:00:00,-1.707124204280189,-0.8562011973512489,-0.12296674041019431,-0.9986520263797043,0.6036639613073074,-1.0572737060922126
1951-10-16 00:00:00,1.2443664411735322,1.7403880336185178,-0.3771384974234986,1.3090354790388874,1.307895296402475,-0.21811412536503597
1951-11-15 12:00:00,-1.2882571565376297,-0.7557349806145461,1.181060888422361,0.2557922816765778,1.2819284998081069,-0.832337587057948
1951-12-16 00:00:00,-0.28663776508443056,-0.785492901949544,-0.2994051472325641,1.110410778368411,-0.0133482212695907,-0.4639522931906975
1952-01-16 00:00:00,-0.3924785523903734,1.011608473440898,-1.553751803049364,0.2282154322443071,-1.1950323115024637,-0.3777390596526184
1952-02-15 00:00:00,1.3984799762757412,-2.196989307622099,0.05639273263904903,-1.1700980790469553,-0.22298252026910753,-0.10071723524494108
1952-03-16 00:00:00,-1.1231031907062028,-1.5392080684776672,-0.1637895531041511,0.5537926990711175,0.026888477706828645,0.4111870127954366
1952-04-15 12:00:00,-0.8040093538819253,0.9202378916958084,0.5014901769977584,-0.2755774387765078,-0.22245444011942045,-0.11655178608729369
1952-05-16 00:00:00,0.9523214226270725,0.1672046150198384,0.4975474676376335,-1.3666366303688238,1.007032095884758,-0.296081688607885
1952-06-15 12:00:00,0.29610058000941797,-0.971167892877781,-1.6333919701503916,1.0147073743072752,-0.8066689081721193,0.49210253734342574
1952-07-16 00:00:00,-1.1594294924434478,2.380064296562459,0.5691300211180129,-0.7777937879335821,0.45585531063778456,-0.32448864576027686
1952-08-16 00:00:00,-0.67902180820043,0.6046982260447178,1.270055961827926,-0.3094120668544071,-0.012854847218708335,-1.4419045247985904
1952-09-15 12:00:00,-1.4056664390276263,0.08008756455345468,0.798723694244508,0.9018196335923212,-0.6416788096836163,-0.8489902707101142
1952-10-16 00:00:00,0.8907068729108318,-0.3563624856179302,-0.45076364516279993,-0.7157805912356092,0.010940685679597505,0.36454900200914087
1952-11-15 12:00:00,-1.378318586875187,0.4854289465363119,2.2151039593421973,0.1427295446866867,0.6043051199494768,-0.2897639391338439
1952-12-16 00:00:00,-0.6604044247811929,-0.7164617756850559,1.3484375480343622,1.0150357737300844,-0.46169455975913665,1.3337333999075096
1953-01-16 00:00:00,-0.7291420840298588,0.9413551889033247,0.6946145762829012,-0.009098354398852926,1.5565521461456584,-1.0366335154061606
1953-02-14 12:00:00,0.5182765858737219,-0.3324334656804996,2.1255574879901142,0.07274936033707981,0.9567548156108241,1.5519204650568639
1953-03-16 00:00:00,0.6217455310552201,-0.40351236766342796,-0.5723696611678579,0.6951129326282144,-0.5502951539020488,0.672931917588881
1953-04-15 12:00:00,-1.5852958025000699,-0.8820152952079071,-1.6868662778712498,0.5234605805764694,-1.1116357228802967,0.6435304411526425
1953-05-16 00:00:00,-1.39008956380391,-0.47178327919341184,-0.5190323712597171,-0.8257473754918712,0.8311194386400514,-0.37683041495834685
1953-06-15 12:00:00,-0.04476679511947515,-0.6290000531388942,0.1138436503663672,-1.228748468286169,1.0072823814203746,-0.2776361537306902
1953-07-16 00:00:00,0.12883724254529536,1.7817565630143075,0.6231751435136711,-0.4175622872854857,-2.35856327420336,1.343998130212666
1953-08-16 00:00:00,-0.5393158561587684,-2.643809384727167,1.4534334921712455,0.8563101475194042,0.02501927867911654,0.12600688511799368
1953-09-15 12:00:00,-0.37383748848622045,0.4763749723080375,0.31511611881125673,1.7135791752857263,-0.7156106366505399,-0.7975213418504928
1953-10-16 00:00:00,0.16757619480981373,0.4972448516405106,-0.12241029222737163,1.9950110765793247,0.6732851306691523,-1.2670402263348808
1953-11-15 12:00:00,0.06688243766765749,0.005173087121083178,-0.0977484976658674,-0.2942877390071906,-0.02920551977142446,-0.25272918602051675
1953-12-16 00:00:00,0.2142007833023875,-1.4473683181877828,0.8849732854035177,-0.07274216464324412,-0.7725930358954203,-0.7390830767862888
1954-01-16 00:00:00,-0.8625229992471762,1.198274191890887,-0.34494561979293203,0.12288488962078076,-0.6343548157044963,-0.5538492683054405
1954-02-14 12:00:00,-0.38900792315759775,2.410633561479185,-1.5390114583051449,0.7483127033844137,-0.17675550016465208,0.5528101232639605
1954-03-16 00:00:00,-0.7585883808300031,-0.9050326578084577,-1.1548497365059125,0.8030010386216242,-0.5691569262302806,1.0431295069919873
1954-04-15 12:00:00,-0.6124765387936395,-0.031762258758660865,-2.129610595959099,0.1176831494272513,-1.2422697214660932,-0.21280648724827417
1954-05-16 00:00:00,-0.6620850709704579,-0.2528943260378414,-0.28762522522030204,0.07054569367986822,0.5127661026110991,0.123632213229924
1954-06-15 12:00:00,-1.0573928752318957,-2.836066564987196,0.30700659995486623,0.4070419733803215,0.6891898298998597,-0.8319656399100067
1954-07-16 00:00:00,1.6874494670619817,-0.2683667997517876,0.7671635778494825,-0.9743642539840445,-0.08509791776651515,-0.1439141929704607
1954-08-16 00:00:00,-1.6691753895199823,-0.790262728293004,0.4214859222733646,0.5042980742473977,-0.28506992176784235,0.39080890783677324
1954-09-15 12:00:00,1.3436151976872857,-1.3284587050479058,-1.229475012910605,0.8928365454563323,-1.1708266976939259,0.5611545789692228
1954-10-16 00:00:00,-2.066238686497481,-0.6890561656028495,0.1344793907074519,-0.6055908873163924,2.1826071361488104,-0.05319161900189254
1954-11-15 12:00:00,0.4135158797456637,1.4227236021870076,-0.35814487044819066,0.13379725822206026,-0.018700242565843073,0.9717403388321005
1954-12-16 00:00:00,0.7903739364222042,-2.283143372895217,0.7365732681651166,-0.35758582666947525,-1.1950785892484888,-2.055734272285965
1955-01-16 00:00:00,1.510418628451147,-1.7441917061564143,-0.07871625490968051,0.20993762965336238,0.6671746416812195,-0.7724508086501499
1955-02-14 12:00:00,-2.1056823048296085,1.6202523818181214,0.05445775367161541,-1.2642620658587678,-0.7081744423244002,-0.9960026747848975
1955-03-16 00:00:00,0.8381103351340309,-1.7065233417148291,0.6082362081917053,0.023840689066898645,0.46881407257545393,1.7273758257268914
1955-04-15 12:00:00,-0.7292534116384148,-0.40087361856886844,0.0516931438961837,-0.3102403728522455,1.556136821926165,0.3502917271697103
1955-05-16 00:00:00,-2.1933017379033575,0.6163544444751025,0.2067497704900504,1.2762033034552174,-0.3880943756796785,0.6438234372947744
1955-06-15 12:00:00,1.8991658308175596,1.714347548669145,-2.1135505159911174,-0.14838901214480388,0.6639999141648285,-0.6296095761766687
1955-07-16 00:00:00,-0.5509938675257234,-1.9248068376231509,0.8389236965607659,0.05794234365013802,0.981573983180869,-0.16301971773382087
1955-08-16 00:00:00,-2.153990132309109,-0.6007150930473577,-1.2353200425404813,0.7849742997312719,-0.173035966740811,0.35113726912621646
1955-09-15 12:00:00,-1.5306414546481173,1.0153556383262987,-0.3783119101762573,0.05271229976728645,-0.2439822027506396,0.5889430599874532
1955-10-16 00:00:00,-1.2439040578947969,0.029682741317867627,1.504610713396265,0.38845252508677697,0.22813469287012872,-0.4138449567032875
1955-11-15 12:00:00,-0.6790510439844623,0.086619284389397,-0.5850254734367732,0.14206244745761648,-1.3883619858332772,1.4509235381595411
1955-12-16 00:00:00,1.2360119507855276,-0.7930794326267159,0.3558543324973231,0.35859572938667356,0.49162074358466257,0.22287466870662948
1956-01-16 00:00:00,0.8722618507090218,1.5909205097522123,0.9269903788858538,0.0819901135251844,-0.39016562331132454,-1.7447587688213868
1956-02-15 00:00:00,0.2802873295397812,-0.30987797112449844,0.39701264572636585,1.2749320497691916,0.7699018414763914,-1.8901231981394755
1956-03-16 00:00:00,0.8744157586511022,1.024865065322247,-1.4677031963423763,1.0658967566640212,0.7446010697689998,-0.8048756080354863
1956-04-15 12:00:00,0.4981301344249252,0.544184752889425,-0.16211673755567524,-0.7096352382704068,-0.6865854846674689,-0.41648130705338426
1956-05-16 00:00:00,-0.9940499900479092,1.2711195643309123,0.3356516824570471,-0.23647734828885875,1.8421506232386975,1.5371668209181426
1956-06-15 12:00:00,-0.487551341422661,-0.29361793871773345,0.5442554699077905,-0.14263800116979716,-2.3479526932855075,-0.7058692393755682
1956-07-16 00:00:00,0.6995380274260758,-0.6391690551699408,0.45949264482569274,1.0416311736419919,-0.8968503558837171,-1.2361071973996554
1956-08-16 00:00:00,0.6915415011006651,0.044128480807054615,0.1965683047969649,1.248528016534432,1.7169721332556804,0.4470183471095246
1956-09-15 12:00:00,0.06573365067932636,-2.398313039986475,-0.9955665777934045,0.5644593291618769,-0.06860441276088639,-0.34237945134993686
1956-10-16 00:00:00,1.9164068307652522,1.0601254763210557,0.033792817209232794,-0.9720846070418896,0.13116143782349932,1.1719803557437873
1956-11-15 12:00:00,1.4042801585577762,0.1690920793693546,0.7960645430251092,0.6620872330253966,-0.23455004919147843,0.7241568243998513
1956-12-16 00:00:00,-0.3824540024893792,-0.9233191144751199,0.5641747501160682,-0.04890480033723965,-0.914933936936944,0.5213311997645743
1957-01-16 00:00:00,-2.008894291308543,0.14153843771594982,-0.19059623810195273,-1.2344200586434841,1.1091106565850113,1.8114309786119982
1957-02-14 12:00:00,-0.41021542158230573,0.1905135304433201,0.73786236851783,-0.24093717174659085,-1.3001439097762861,-0.5289652912346726
1957-03-16 00:00:00,-0.7009882464868766,-0.3088055615761082,0.9480446314439883,-1.6205340438652973,0.10483835267499189,-0.21738963990717503
1957-04-15 12:00:00,0.23458343041650118,-0.11324191348373132,-1.1222137051814998,-0.7808225376049689,0.7129474216489479,-1.0316089553534247
1957-05-16 00:00:00,-0.46236832644053427,0.19323739869626955,-0.5858316912870588,0.9632453462984929,1.5586261452408008,-0.5302712818097006
1957-06-15 12:00:00,-0.003123935014853141,0.9265099151327443,0.43129164263324293,-0.5113105389701806,1.2653213090902005,-0.42941502957225963
1957-07-16 00:00:00,-1.029475998708613,-1.8245774909453465,0.3102631726574321,-0.11033461007771148,2.5112967040309457,-0.7234268077070026
1957-08-16 00:00:00,0.20138330581218356,-0.1582967736593745,-0.7920726004003972,0.019975892829623594,-0.7492258175224529,0.8345452128698365
1957-09-15 12:00:00,0.5561981818661939,-0.7211831871783839,0.03110509059139986,-1.5070894485047852,-0.6461319569512487,1.4499508775980532
1957-10-16 00:00:00,-0.6755523176561528,0.5544662642607688,1.4760445791720616,-0.16582870925615137,-0.7337840921473859,0.19277434768503052
1957-11-15 12:00:00,0.9290542321798461,1.5285775633108962,0.6799020634005575,-0.22088202277291935,0.7747975021042479,2.6486060408403507
1957-12-16 00:00:00,-0.19385610030746497,-0.4247343871609842,-0.5943446125956594,-2.476175430358243,0.09515950803225813,-1.1015419286784653
1958-01-16 00:00:00,-1.7470784445760434,-0.30050869748960923,-1.075561191891318,0.8681090794009674,0.9181534783063773,-0.8304769619751864
1958-02-14 12:00:00,-1.3498134595136568,1.6530181775220574,-0.14741645490052335,2.1007007340198243,-0.16648328397577672,1.0779778108685751
1958-03-16 00:00:00,-2.1674879199839348,-0.6869843828715109,0.2253826860513344,-0.534207528048843,-0.5164837018128858,-0.33099895436533444
1958-04-15 12:00:00,-0.22420163722343567,-1.617440764753637,0.4793484241726388,-0.34086991716264836,0.7263501520391844,-0.08122614186100725
1958-05-16 00:00:00,0.7653676757207852,-0.6391354799573179,-0.2759928752910569,0.9978828356069431,0.4686009173629902,-1.290668691256054
1958-06-15 12:00:00,-1.814692337078667,2.681643068278568,0.4547300223819958,-1.766377546448546,1.022169277923547,-0.2915247223354535
1958-07-16 00:00:00,-0.2604253198365844,-1.3974918568660748,1.6419383829459346,1.0393908129266058,-0.7436988823630734,0.13785630221267167
1958-08-16 00:00:00,1.7525876606527602,-0.36610702096977704,0.7622861549470038,1.4127361812596995,-0.18519942223716007,0.19442135605967029
1958-09-15 12:00:00,0.4290796415136813,-0.15677374953725493,-0.8535218439939073,-0.8949156312281268,0.7885541442195725,0.31835230570090495
1958-10-16 00:00:00,0.2799174232903724,-0.8429901869478309,1.559367145406653,-1.1991357540170768,1.0572696112776883,0.6141247489434638
1958-11-15 12:00:00,-0.43774187519339225,-1.054056256985795,0.32222880094514844,0.3313241940227262,-1.6025630492833294,-1.3208416633831463
1958-12-16 00:00:00,0.2892500645066255,-0.797858140195439,0.04911909764416402,0.25729220996866364,-1.1857284058474884,0.17194367795337792
1959-01-16 00:00:00,0.0218790623271031,-1.3210854130445628,-0.9068774292332192,0.39856775237908026,-0.4571327587928067,0.1351094551135841
1959-02-14 12:00:00,1.23564275979012,-1.443276587531621,-1.0856322137671177,0.023606745583294744,0.4751159766151807,2.4989883725026663
1959-03-16 00:00:00,-1.4707796662022925,-1.41225223854385,0.8200489025953808,-0.13393890821988372,1.9311048081220195,2.969473110154351
1959-04-15 12:00:00,0.5292032229749953,-0.7892184246875805,0.09983311905111861,-1.1961602382720604,0.902669687776057,-0.5060624946312621
1959-05-16 00:00:00,0.9688583668206947,0.41301019610189377,-1.080944958558088,-0.23160455558723597,1.0764279008915056,0.09873473742340413
1959-06-15 12:00:00,0.09577764810043812,-0.8216505958038989,-0.7208741451296485,0.5670729045239733,0.16592422720677769,0.36614246091714064
1959-07-16 00:00:00,-1.0133488055919218,0.39773653076672777,2.177893086792137,0.37274407354407474,-0.862375861358827,-0.8823706372188355
1959-08-16 00:00:00,1.4472578715525872,0.7206785206860262,2.0410390482668657,0.4428533049562358,1.720800411951552,-0.8179414909684488
1959-09-15 12:00:00,-0.7715896318018831,-0.045741209919004225,-0.09989807719127228,-1.1070786313752472,-0.07751911849624177,-0.4304784770113339
1959-10-16 00:00:00,0.19470591013404287,0.5592429507462834,0.6562757969942021,0.021005903186566033,-0.11782517154574293,-0.2548676008331044
1959-11-15 12:00:00,-0.4694387756108839,0.7128292136140507,-0.7656032762376476,0.9394156097957824,0.9177873028929634,0.8790831656699718
1959-12-16 00:00:00,-1.1976422307237107,-1.7706566040955947,-1.4586870027450825,-0.4194523030990366,-1.5852127268188554,-0.07184357718596084
1960-01-16 00:00:00,1.270807059632833,0.14943809900009414,-0.1313203890712475,0.9424929221208262,-0.8744104661932289,0.11194910689336174
1960-02-15 00:00:00,-0.7425744667677061,-0.844108633354167,-1.139164774417489,0.08093710473823265,1.2664906393530515,0.2896037406012096
1960-03-16 00:00:00,-1.3483620819975455,-0.2843525835721409,-0.7490084798034172,-0.08596864938328272,0.8959398936329863,0.6839689305181905
1960-04-15 12:00:00,-1.2897996195060448,-0.40091796961956694,-0.732992881293456,0.18686796841812015,1.2227048937499927,0.40219991299320007
1960-05-16 00:00:00,2.583916660932756,1.0135900274268212,-2.5154797568489897,-0.010782451105867688,0.44304873745962137,-1.8538133649589288
1960-06-15 12:00:00,0.4504703751077376,0.25875476466169783,1.141747932251831,1.0245336781645904,-0.3654491738478378,0.7135519185154244
1960-07-16 00:00:00,0.6229607772224698,-0.664948925577586,0.4258158684364359,-0.3200715062579316,0.9937383997169508,0.3902416671960553
1960-08-16 00:00:00,0.5180074722695758,-0.8400225685592888,-0.16343074762725135,-1.319779016259257,0.8917762622533544,0.009386050806960658
1960-09-15 12:00:00,0.5329834592680085,-0.19990787963829443,1.4310636634341807,-0.347707428363194,0.5381548884925238,-1.1905852355275783
1960-10-16 00:00:00,0.7558866669450541,-1.0952137894581426,-0.7305770362221397,1.212982168838828,0.1342325694111305,-1.1330317416319415
1960-11-15 12:00:00,-0.28743706945728104,0.6631536666463624,0.23401111253787368,-0.9340856515097635,0.41568529906337565,-0.06086387242057867
1960-12-16 00:00:00,-0.6651273075816567,-0.225187200642828,2.459349114722306,-1.3305254326702194,-1.1046645765415977,0.43796140253338023
1961-01-16 00:00:00,-0.3485041659611834,0.2175982182846396,1.5603649794457326,-0.6229065588210034,0.31303503978336034,0.305256580568549
1961-02-14 12:00:00,-0.0741674153203434,0.4810732971708036,0.10722197006835271,0.4673109295230577,-0.6439923611295377,-0.8561682631990358
1961-03-16 00:00:00,-0.9146778864830363,1.6071471425981327,-0.6677007806347749,-1.8256165885297828,0.5993940694147903,1.5247252744863529
1961-04-15 12:00:00,-2.8671893197469815,-0.741997497381293,-0.09806414947602612,0.0013036397783460357,1.7674477645372784,-1.589274003475336
1961-05-16 00:00:00,1.7346803477593238,-1.0916365317015078,-0.7351003729894803,-0.38612453807867836,0.6039806895418645,0.2375279096675749
1961-06-15 12:00:00,-0.20393961352538098,-0.24387302814239348,1.1784709572458603,-0.16338098021719455,-0.0590214141126171,-1.706814698316838
1961-07-16 00:00:00,0.6621631100811869,0.2751960408602233,-0.20825709734624795,0.028455549644592577,-0.09405084884592468,-0.3050467623039369
1961-08-16 00:00:00,1.0262897759543832,0.6516250438222188,-0.8392747762064341,-0.4963660392045585,-1.3445173611166288,0.33077319285959433
1961-09-15 12:00:00,-0.30718842223325005,-1.1110694098201865,0.6956215894197992,1.3311864777429554,0.6414081948043345,-0.3291963435217859
1961-10-16 00:00:00,0.4935684024146527,0.42580731076680833,0.7965385166546372,1.5806912634269472,-0.9699874638600628,1.9648836877470401
1961-11-15 12:00:00,0.05155330089330347,0.06648220833676785,1.8657306217803944,-1.0629413227051814,-0.718713842538581,-0.8048664201970562
1961-12-16 00:00:00,-0.792814960864409,1.0659519315932349,-2.140850765026366,-1.979580241076586,1.2777761529660492,1.089011166267797
1962-01-16 00:00:00,0.17266388911868774,0.9421662761652514,1.0875409853779394,-1.0816830428741087,0.3697771040704241,-0.5575177009887856
1962-02-14 12:00:00,-1.711940668923595,-0.2846170148123608,0.002389434282322425,0.9091876002101793,-0.9281865237035049,-0.6656082956118518
1962-03-16 00:00:00,-0.36144077572048605,0.09333939752981937,0.904440710658,1.0826557728338817,0.35293024772075327,1.3878131800123863
1962-04-15 12:00:00,1.6897885487357927,0.14194740333379297,1.2792261776110623,0.6599809364675664,0.26257035671426837,-0.4784978076880499
1962-05-16 00:00:00,-0.17897059728129533,0.6057154152246182,-1.2437544470592614,0.37403149918044337,0.09970745053419675,-0.4660721114221134
1962-06-15 12:00:00,-1.8918615236468728,-1.1201844727756163,-1.2893348212015612,-1.3137056644661693,-1.0132313479597959,-1.2820763125693353
1962-07-16 00:00:00,1.0914227517299353,-0.4129393586939623,0.013212932984426558,-0.24413854658344109,-0.6145792034265404,-0.064646686515668
1962-08-16 00:00:00,0.15189649226243523,1.7764650464981708,-1.5054210332378883,2.082655801785645,-0.09160120845850438,1.1950277550891255
1962-09-15 12:00:00,-1.2645576157467826,0.49233104656339294,-0.24824586769862053,0.11399861654571375,-0.13584789959012727,0.5981868924983267
1962-10-16 00:00:00,1.0477809791479826,0.129096510951613,-0.43890435287064894,-0.09599216702567825,0.68563695944261,-0.8079825576739149
1962-11-15 12:00:00,0.41479321075115916,-0.8756372212778211,-0.3317145701082934,0.6345424059260267,0.8663462598064907,-0.33430643454438813
1962-12-16 00:00:00,0.27963992754304584,0.3317370445380613,-1.3295472969466708,-2.116735879169488,0.8935048074230578,2.385139017526665
1963-01-16 00:00:00,1.1360626568487147,0.42213912935892023,-0.532998359152122,0.38105832457171,-1.1179712854141755,-0.9151837070677982
1963-02-14 12:00:00,-0.1006441426990976,1.196518946252247,0.15543433805424683,-1.1635615877794565,-0.9210337883311799,-1.241488194071655
1963-03-16 00:00:00,-0.32256467571836267,0.7864266052354757,-1.9096993259270814,0.6876638105599258,1.5142842372384115,-1.1985169290108642
1963-04-15 12:00:00,-0.5822574527550933,0.4962892863102938,1.474566719895064,-1.2563117855391892,-0.6121447731063456,-1.1810120579864694
1963-05-16 00:00:00,0.04935141249073431,1.050468195317168,-0.5500714237622657,-1.6658775993267456,-0.17022878099037647,-0.34459101984691903
1963-06-15 12:00:00,0.7957944230042585,0.44112331050104064,-0.3102121186223306,-0.37025096598008544,0.8269320207026335,0.41560315828230776
1963-07-16 00:00:00,-2.3832539227374445,0.43962921927655957,0.8406943675112539,0.6135092552736334,-1.6387359328970714,-0.1248499711832961
1963-08-16 00:00:00,-0.009394516099949457,-0.6568467535447997,-0.782792830067352,1.8234571846290084,-0.031584677084823445,0.050325260023171385
1963-09-15 12:00:00,0.9985288664891816,0.3237347959708749,0.160037537124146,0.3647222473623819,-0.0680045004997086,-0.0741167535314813
1963-10-16 00:00:00,1.8977843057694403,-0.9950022990202022,-0.4713208267773345,1.695910096835447,-0.7217257986492345,2.1934737149012373
1963-11-15 12:00:00,0.21650363470886982,0.32846762890268816,-0.6674371045819119,-0.23165863630511518,-0.4010878217451738,1.0973232336133147
1963-12-16 00:00:00,0.28953042731851153,1.8968085217427915,0.4171235320713204,-1.894855554111773,-0.5779529874960369,-0.6265956458795624
1964-01-16 00:00:00,0.6769719298551007,-0.8383350979359373,-1.7720929869922168,1.1653925180595541,0.6140793454159315,0.42243137655056556
1964-02-15 00:00:00,0.5554405389843964,-1.1527641044012633,0.8214340663380248,0.6052670990013522,0.5696281254059155,1.073034478726916
1964-03-16 00:00:00,0.25053887650775397,0.537827478181383,0.15939448304755963,0.5105248779838572,-0.4795639394644805,-0.406258534763779
1964-04-15 12:00:00,-0.7258835196519551,0.9194574045052422,0.6225024621609652,-1.0464218446208744,-1.8487169364481029,-0.36739081752744845
1964-05-16 00:00:00,0.6610117116017176,0.03455564314327751,1.0804914032531485,-1.4117492436398862,0.04394614726743666,0.7461478869183698
1964-06-15 12:00:00,0.19185039812150576,0.5001371558429427,-1.094909282078771,-0.17807359054653626,1.3385516076456938,0.09062519021265196
1964-07-16 00:00:00,0.7050757465206741,0.7369559961138418,0.027477747099970785,-0.0813409968610368,1.3475659105171829,-0.6961590709744416
1964-08-16 00:00:00,-0.6136855576814711,-1.2962484452248497,-1.293282626448873,-1.167826707298938,-0.08445081737876295,1.2446112573831463
1964-09-15 12:00:00,0.18232023906114964,-0.736426175818353,-2.3639003690919167,-0.5077715955213262,-0.848712884980372,1.465518162471518
1964-10-16 00:00:00,0.1089585380759152,0.15897384067076048,-0.754234967899567,1.4867257581461992,-0.2192354689520689,-0.39468743600020234
1964-11-15 12:00:00,3.4946473657941577,-0.06853922672848252,0.7203409750342153,-0.5550909341919288,-1.33394264218067,0.22463850979452932
1964-12-16 00:00:00,0.5839695030046087,0.6650248276496667,-1.4332588882103223,0.7577893697287534,0.8643203674642548,1.1994282910913332
1965-01-16 00:00:00,-1.3478356847496238,-0.9927470037589691,0.365508607460682,-0.11065197266574275,0.805274106877825,1.2537328436931932
1965-02-14 12:00:00,1.0930331520511956,-1.5808705551632254,-0.44489885557726266,-0.6088619801146973,-1.7203629091113595,0.21685778046598242
1965-03-16 00:00:00,1.0677055725534537,0.8674779940987712,0.3882988917289881,0.515673298489869,-0.4831860073775847,0.9771217550697376
1965-04-15 12:00:00,0.1125053004884973,0.5182237901173209,-0.10671724633131019,0.9271844710258195,-1.6376752274821624,-0.02106960345532601
1965-05-16 00:00:00,-0.45349627691390304,0.6735462972493663,-1.3386757728090841,-0.14551179134086994,0.6618626520331402,-0.9403800565368398
1965-06-15 12:00:00,-0.011402515392672202,0.7983822192501308,-0.34108294454047966,-1.4838551257237451,-0.31293066174244255,0.46954448368888163
1965-07-16 00:00:00,1.0207846964228913,-0.07269017904580606,-0.6522391929192265,-0.8292615483806327,-0.6275589549150951,-0.10150964208056079
1965-08-16 00:00:00,0.21331643396771735,0.20182410463956274,0.3380186307930814,1.2101138708954706,2.190450466942172,0.5190983049817715
1965-09-15 12:00:00,-0.7444010408000501,-0.09642021936171546,-0.03114447732790306,-0.7941021864839375,-0.05611712913872196,-1.369615739561827
1965-10-16 00:00:00,-1.1750897987511626,2.4352542647194264,0.7769523179804572,-0.533737944469076,0.2564084363318975,2.2832240746959833
1965-11-15 12:00:00,0.29054086287805503,0.9602578960592493,0.16243121417386577,-2.190945517466977,0.26167323491938577,0.18989670914493634
1965-12-16 00:00:00,-2.4270451029288784,0.7727706839884663,-1.6134153221723289,1.2390807007210312,-1.2263422555104895,0.7875453320037893
1966-01-16 00:00:00,-1.4930156114966193,-0.26553586167282583,0.3851646390060576,-0.07224452669812853,-0.8312527561839206,-0.22447316378777013
1966-02-14 12:00:00,0.7771549537847134,1.1193016062682608,0.10427704459025183,0.9616122369869358,-2.775041584196051,0.09768542890154186
1966-03-16 00:00:00,-1.6321784483243018,-2.5582691484573954,1.1267205592149776,1.5022888542997128,-0.29729098135643345,-0.17484695565325173
1966-04-15 12:00:00,-1.0048207374184526,0.3076257200778557,1.0015845790103184,-0.5838397958804533,0.6743592992998756,-0.39077176178366746
1966-05-16 00:00:00,-0.48186136825998893,-0.596424283671009,0.438301552729952,-0.31072763682389865,-0.5559182168712353,-1.3221533922082866
1966-06-15 12:00:00,1.928052432017444,0.4886398652406363,0.565558491340535,-1.3524015329637373,1.0919087148544742,-0.7840519787548192
1966-07-16 00:00:00,-0.005317543192465038,-0.7414003437497385,0.9219691692166557,0.0701827768832962,-0.26369288527810275,-0.10424268642677187
1966-08-16 00:00:00,-0.7648684808184433,0.9373532000079975,0.8116602530322096,-0.5320300872538937,-0.43584398282988523,0.19055676977517758
1966-09-15 12:00:00,1.7665062099023396,0.7949834530354766,-1.6508152639145366,1.2843943439367598,-0.8306017672639763,0.9928341160928519
1966-10-16 00:00:00,-1.1117932699438942,-0.29784370257863296,-1.1667687212804525,0.7563925756818608,-0.7739340267199891,-0.47705595227753844
1966-11-15 12:00:00,0.04074354000814519,1.4587649807730079,1.826889129417023,0.4803071648027383,-0.8526930762889346,-0.5371626687911666
1966-12-16 00:00:00,-0.3893714051335316,0.6126050988220112,-0.8801581254540549,2.0698672543203633,-1.2172999439400067,-0.6611501415499941
1967-01-16 00:00:00,0.026675643884084048,1.2132305838763715,0.5784148634441403,-0.940788614319048,1.2437853895931117,-0.3835170008237543
1967-02-14 12:00:00,1.4267346127006586,-2.2397121094266033,-1.0653414342948428,-0.4330257077435396,0.3000062453635921,0.4975179269074236
1967-03-16 00:00:00,-0.9229273101355734,1.1154040109000989,-1.3342605770463156,0.24648933082899344,0.5682365699531896,1.4713261352044613
1967-04-15 12:00:00,0.10804461324094114,0.7143475655828426,-1.3039822730329949,0.5287047992667151,1.0382295393428405,-1.3819828792216815
1967-05-16 00:00:00,-0.9109176428759859,1.611237249071272,0.4959027868606321,1.4236231878106975,-0.2609740770450214,0.07716498482690246
1967-06-15 12:00:00,-1.0457642719303413,-0.1337500568772766,-1.1898870444015333,-2.2771817433044137,-0.962899008006824,1.00985289720794
1967-07-16 00:00:00,0.3616478451044999,-2.1977718188339304,-0.9725068439906177,-0.8102556446568687,0.35281118726694843,0.12244813664993005
1967-08-16 00:00:00,-0.21124360848085966,-0.27731438739595254,-0.2653972119911524,0.16742656977942963,0.21301404105935512,0.7654244588921483
1967-09-15 12:00:00,0.9902035945380573,-0.020595473235717227,-2.5301977538546243,-0.2581224788726625,-0.5824517988382786,-0.009178628394956718
1967-10-16 00:00:00,0.6926047293209351,0.27943587157302907,-0.42598559694842264,0.24061572969862544,0.3715884350332716,-0.8737096363534337
1967-11-15 12:00:00,1.37224922577889,-1.302142143712755,-0.16223269732275425,0.31179608220221583,0.01730278284545835,-0.47025881231471056
1967-12-16 00:00:00,1.1117207883570037,-1.1661251220464184,1.5245916246719937,-0.7399979667059229,-0.280870081251051,1.144879210823268
1968-01-16 00:00:00,-2.8251741782526834,-0.8305679971574699,-0.5553900935062135,0.08846557765318191,3.2445712533552618,1.2323454289500382
1968-02-15 00:00:00,0.9694324737955656,-1.1249062796349127,1.1982765518638356,-1.2368355779978053,-1.8150466813913801,0.16232317974740576
1968-03-16 00:00:00,0.2856605241368117,-0.038277899802356796,0.25402955126943144,-0.0020728593418705976,-0.48531442756383836,-0.4738726413423719
1968-04-15 12:00:00,-2.4343468058474644,-1.5840892376271503,1.4744605496880514,1.0703328880539051,-0.8097139011020564,-1.1912953756607618
1968-05-16 00:00:00,0.32325499808585867,0.7004365270926382,1.4317333523400333,1.1712867984060276,1.1741355345556126,-1.5827610146325066
1968-06-15 12:00:00,-1.6360053556182195,1.8627863526556598,0.7107067104956539,-2.1920507000500242,2.0350435926561543,-0.6669230529311669
1968-07-16 00:00:00,1.5017229150283002,0.49537342298560194,0.43330260980459406,-0.8520348114823735,-0.11061912177980625,0.9561161541159304
1968-08-16 00:00:00,1.3995582404439808,0.2396833606033028,0.09725419864836043,2.6077189857079386,-0.35272705493186607,-0.7859427996819827
1968-09-15 12:00:00,0.3808545876676607,-0.7213372861721804,-0.8825243674569092,-0.8425793815778011,-0.5281706720031526,1.3224190556872661
1968-10-16 00:00:00,-1.3441817869638328,0.6133617317668919,0.6525646830602956,-1.0526494876268153,-0.7864389773937451,1.5493017735293955
1968-11-15 12:00:00,-1.6117822226766423,-0.06183200241656876,0.7616398108720474,-0.34607185088285125,0.2628354140228967,-0.026087019748453736
1968-12-16 00:00:00,3.3125070969243122,-0.7432316590550779,0.12293382660936264,-0.10122690581360624,0.6212903457955525,-0.13173185412747546
1969-01-16 00:00:00,-1.272986106933966,-0.7486710147926076,-3.2040335151428594,2.0188584403977092,0.31249973548260923,0.22897238295255595
1969-02-14 12:00:00,-1.8938112876104838,0.9593086281448224,-0.21090119058098408,0.7800489679434561,0.3112491889077156,-0.6476569561688619
1969-03-16 00:00:00,0.7479879027473997,0.15608056482039795,-1.138743314572527,0.11462464434302158,-0.010263063812055348,-1.0997773675146811
1969-04-15 12:00:00,0.49164610311889584,-1.3624667675642566,0.6971406621586512,0.4193383025981582,-1.1813815830169219,0.10414522769927329
1969-05-16 00:00:00,0.5442736367333341,0.14592544492962112,-0.8171297392741644,-0.06420565196255856,0.3934068211943386,-1.0935691572794153
1969-06-15 12:00:00,-0.20309441895402214,-0.20586532752138975,-0.25620636831182086,2.559138178320371,0.5701996595984246,-2.3365168310155897
1969-07-16 00:00:00,-1.718451501333375,1.660151248633042,-0.8864668879214608,-0.6621475261255787,0.7712486959836964,-1.3827529105223626
1969-08-16 00:00:00,-2.7965736377191748,0.5178526146885982,0.16699535396318954,-0.56362134995942,-0.15048555938760233,-1.5187025216496455
1969-09-15 12:00:00,1.9599607392975278,1.0104864990577558,-0.8472780697197295,0.9525943530377736,0.14294636494548596,0.12080846106163372
1969-10-16 00:00:00,-0.19884996502856894,1.327367743123303,0.25562362731382604,-0.4686199326877008,3.0573841679730562,1.1524674092409355
1969-11-15 12:00:00,-0.6115857699801928,0.4334450325380785,2.115144765947662,-1.1969913255373834,1.4647276440066541,-0.21475143045947345
1969-12-16 00:00:00,-0.5411330933984997,0.438668874337937,-0.16613019451951827,-1.2398575783013475,0.7967329646585934,0.5809098557768363
1970-01-16 00:00:00,-1.0216519236183637,0.10042099236786586,-0.9192715667408513,-0.7069732960942383,-0.47707682600950824,2.0769068604017216
1970-02-14 12:00:00,1.0082772679594565,0.7206982911933147,-0.08438259379672222,0.6309229138253871,-0.6282905420543674,-0.572225579606877
1970-03-16 00:00:00,-0.9255866115456366,-1.5683640944510313,1.7427658380678472,0.2585975452126447,1.227463536700804,1.003172670712499
1970-04-15 12:00:00,0.498507216302044,0.5006399886229327,-0.41455394589209593,-0.40819516552812113,1.1187318792979977,0.18627367117982088
1970-05-16 00:00:00,0.6521213942274356,-0.2037157461205229,-0.5123387887691804,0.4884182848442762,1.21516095645105,1.1661829942158746
1970-06-15 12:00:00,0.5404573180541414,-0.7296256439885273,-0.6417752973085428,0.11981382524810992,0.1088432482706492,1.276868570295093
1970-07-16 00:00:00,0.7682492566055013,-1.0431585349179473,-0.4203942721346952,-0.3974826692686365,-0.001856667330259801,-1.2163331431798452
1970-08-16 00:00:00,1.0636843877206417,-1.1327530449031733,-1.4766619081619266,-1.4596035357351558,-0.3898556326990818,1.0090296777026206
1970-09-15 12:00:00,-0.23242626098742875,0.6026389874543104,-0.9859671344201214,0.46818703883406526,-0.3439095660494844,1.4678933514458494
1970-10-16 00:00:00,-0.45393637965383127,-0.09230083254557851,0.9831064975723557,1.5523037990205424,1.2829601693320134,0.3558053809371441
1970-11-15 12:00:00,-0.36664725941503806,0.40395599083648265,-1.5998088299067939,-1.0129162620801626,-0.3478576064904658,-0.15313928146188344
1970-12-16 00:00:00,-0.6531754686970115,-0.653565915451809,0.31380501756849394,-0.02520563224395922,-0.20981934001211072,0.4408299392398915
1971-01-16 00:00:00,-0.01693855371580874,0.40224118725886343,0.1352114371225546,-0.6254403826084871,-1.5889479619035802,-1.4571533925336604
1971-02-14 12:00:00,-1.818780875107388,-0.43916112607000796,-1.8226772509205187,-1.327092222256751,1.2485797710282358,-0.8098100939410476
1971-03-16 00:00:00,-0.3679586684278698,1.526358315712171,0.379346750182013,0.7687788356428755,0.6127727905547257,-0.8783879129230437
1971-04-15 12:00:00,-0.1892161137635917,-0.23604671480511008,-0.8482982758448682,-1.0417306337717525,-0.27187002267540883,0.5338503157250334
1971-05-16 00:00:00,-2.217101149669352,0.9459461814368677,0.19045048437093176,0.19362984572378306,0.12444450697734354,-0.9940035164395781
1971-06-15 12:00:00,1.0568194886347806,-0.827725976681461,-0.7423397636277305,2.319636857495229,0.9888498143452321,-0.7165713414173981
1971-07-16 00:00:00,-0.13151340591842403,0.7858250253524869,-1.1552236240178027,-1.1372591528386102,-0.7029111239824862,-0.8376569179709146
1971-08-16 00:00:00,1.1643521629768145,0.602848495673242,-0.18554699904944685,-0.6377674053901916,-1.4214889377631892,1.74678554636909
1971-09-15 12:00:00,0.8890184537289009,-0.6002936786249546,0.2802939623833218,-1.1012361716280714,0.6259027497594676,-1.0887394776507913
1971-10-16 00:00:00,-0.7072680483443662,-0.18672437296981365,-0.863270317152811,-0.3722193090533518,-0.3459274686102447,-0.6436570158358614
1971-11-15 12:00:00,1.0300472122752087,1.7974180768269086,-0.45746464124881075,-1.2275320648288954,0.9156368501198813,-1.1658728851095568
1971-12-16 00:00:00,0.38715480819588277,0.296871416990904,1.5355318680849834,1.4758150810322483,-1.2826918258888689,0.3252125085983005
1972-01-16 00:00:00,-0.6436833891037874,-0.39259735360985426,-1.2234032310530127,1.2503236707893532,-0.2778342333997998,-1.4665546391695368
1972-02-15 00:00:00,1.0837212731796446,1.8914582146725267,0.9638013774837063,-0.36956033890829126,0.799044434505426,-1.6172926951833002
1972-03-16 00:00:00,-1.785549211214977,0.6541120093707409,0.05742531634552272,1.3044893947429435,0.0713681276310963,0.4525745944815069
1972-04-15 12:00:00,0.09019244856094999,-0.06430263135826646,-1.0507957008401392,-1.3583635873653632,-1.6912528686529977,0.1308687219233632
1972-05-16 00:00:00,0.7707614142616871,-0.8688039193712895,1.6401119409293792,-0.027352541536567854,0.10411823390296028,0.9498277675890572
1972-06-15 12:00:00,1.0346549161409908,0.6547543694438334,-0.11958800551340426,-0.765595887379185,-0.18398973235475702,-0.15690442366283422
1972-07-16 00:00:00,-0.27143234012820044,0.2665843849790642,0.3272974283716638,-0.2398058841622362,-1.4387098680066797,0.2789121881789663
1972-08-16 00:00:00,0.18979454870963672,-0.29477342657260763,-1.8585746428232148,-1.371303530003592,0.4878644429947981,-1.3860152897646711
1972-09-15 12:00:00,-0.8743286429422136,0.8672455267705269,-1.313386303076722,0.3636032795257268,1.25468493990811,-0.9656025646659062
1972-10-16 00:00:00,0.23684184543417197,0.5257357013461944,-0.8671897915632926,-0.9649022665875429,1.9730564023951938,1.6640497920747845
1972-11-15 12:00:00,1.2015694197779092,-2.133710703062535,-0.516810324450058,-0.5629673341348933,-0.369777536739897,-1.4799565840909814
1972-12-16 00:00:00,-0.11640541083004483,0.2849551029044991,2.1971104570429922,1.8676350344300237,-0.0073594644479579386,0.27112861210390415
1973-01-16 00:00:00,0.5167786414820563,-1.7993213931700216,-1.3665339281859648,-0.7439028026596142,-0.9834322583453148,1.0747967308981812
1973-02-14 12:00:00,0.5667769149993512,1.2330346606630918,1.4207957111656948,-0.9756597016487925,0.9649777234468948,-0.3030619539781413
1973-03-16 00:00:00,1.358169976914094,-1.5371981421830248,0.5580461015556935,0.36629768068705887,0.4035650942100878,-0.044588727430293726
1973-04-15 12:00:00,-0.7249388623074225,0.3901074180441691,0.5337434076771125,0.7466690330097434,2.7106949432016028,-0.6538374902284592
1973-05-16 00:00:00,-1.6485371779857323,-1.3017883878472554,-0.421549011595164,-0.1483663512776609,-0.1278198306391608,-0.17475066141608692
1973-06-15 12:00:00,0.2405630350740862,-0.7702107396646132,1.0313276629485166,-1.5632188783087033,0.23950949625728535,-0.9633726124533849
1973-07-16 00:00:00,-0.4865947986521456,-0.894675022591646,-1.1618931670043018,0.6550117327244116,1.8987899457264272,0.41481194648096975
1973-08-16 00:00:00,0.7027802026605136,0.04415426724184407,1.2572843232474114,0.3448692528272904,-0.5556955200239391,0.22877873730446618
1973-09-15 12:00:00,0.5299760814086476,1.5596478873253572,-0.6815465228883938,-0.12838712165567306,1.2089201549209811,-0.8504176154833599
1973-10-16 00:00:00,-1.979484621353138,2.847439465336613,-0.10478534685994975,-0.21601316531072912,-0.7954480705438615,0.4960290986943717
1973-11-15 12:00:00,0.010441450160837092,-0.27543615296646495,0.015357368898658248,0.4272215330340605,-0.8337216115597651,-2.455373840134956
1973-12-16 00:00:00,0.6144243111560137,1.5493073221498157,-0.8030234498665901,0.387452620937199,-0.11904328363676783,0.14505555322428465
1974-01-16 00:00:00,-0.566019676927114,-1.0270388627553049,0.8385386257086158,-0.5643644351804562,0.1320891095732249,-2.482514949322033
1974-02-14 12:00:00,-0.8844087209809607,1.3013506972173368,-0.215649072623783,0.8948527289223362,0.962487179519718,-0.9434202082029818
1974-03-16 00:00:00,-0.991845221749827,-0.4032763197351206,0.8877334247016069,0.2171797974323337,-0.46544681133809657,-1.2550223467875272
1974-04-15 12:00:00,-0.172767169314248,-0.11938784937951515,0.26234653190615675,0.05003545289463241,-0.5375993502546229,-0.9886585630027015
1974-05-16 00:00:00,-0.6955177529917661,-0.7842930957395596,1.3303909573881871,1.5350022874682168,-0.480743139555677,0.505212084126146
1974-06-15 12:00:00,1.0331032220349,0.5233116629758442,-0.40010721891342826,-0.4918665082968789,0.16021359940629676,-1.0361606491527642
1974-07-16 00:00:00,-0.32636099466001034,1.008620960280258,-0.22878471206790224,-0.9385835841273003,-0.9634592482078131,2.1779713998977077
1974-08-16 00:00:00,-0.7165540664253388,0.9068510422260561,1.1092607819782345,-1.9706494385940256,-0.7492504739458491,1.7150287729072875
1974-09-15 12:00:00,0.012182289544457124,-1.850188981153272,0.041513640935385614,-1.4430526483428512,-1.9695379702061138,1.21713511232121
1974-10-16 00:00:00,-0.8123745160660897,-1.643724534778292,-0.39624224535564645,-0.9653203472910172,-0.8071490848131831,0.6951131197108509
1974-11-15 12:00:00,0.6832769877318243,-1.0576608865427608,0.5437918771149745,-0.23922473947012957,-0.04790050885595546,-0.4656664871399979
1974-12-16 00:00:00,1.3918522927802588,1.12101855262814,-0.8848269789753858,-0.7708502967330615,0.8958505682121402,1.8625061622654409
1975-01-16 00:00:00,0.9184794704665179,-0.06693057488335072,-2.3684308162147603,-1.037095381420332,-0.1330069793544839,0.6213607601584092
1975-02-14 12:00:00,2.6944812357218755,0.1266491696881228,-0.23878129675183313,-0.8528030749108657,-1.1666248453095183,-1.5634771968147831
1975-03-16 00:00:00,0.07049931250754858,-0.7605577887719288,0.027997014825154813,0.7079658363594563,1.1843068019535592,0.4116060419040805
1975-04-15 12:00:00,0.5956256601915861,-0.6980161859278986,-0.8979352427900045,1.1169094889430697,1.605543913299178,-0.8965457218187974
1975-05-16 00:00:00,-0.1957810976040495,0.051556303314097385,-1.3184551702205336,1.0394173037136063,-0.8666045951513116,0.8889584430832425
1975-06-15 12:00:00,0.5198651126912489,0.7804329388835792,-0.3141270190950678,0.609801893017377,-0.7602767003726273,-0.5178238194833872
1975-07-16 00:00:00,-0.5701902759662612,-0.28909691621855693,-0.6963677134725472,-0.052006752471032605,0.41358602013670803,-0.7314364948249727
1975-08-16 00:00:00,0.22595746364619507,-1.755888856422305,-0.759021043920891,-0.6890219204259662,-0.38988737919678057,-1.0017581912220168
1975-09-15 12:00:00,0.038556390601482075,-0.2943275863890779,0.5757869408880396,0.11488604621163093,1.0665197415685188,0.37939240261758733
1975-10-16 00:00:00,0.9562426879285982,0.04402148597687121,-0.2757370257189892,1.48046369243095,0.5615012898728359,0.4002130642750354
1975-11-15 12:00:00,1.0903383392187282,-0.7017910974132466,-0.6653512099912268,0.004616891011969798,-1.6042335740802753,0.15079681143875678
1975-12-16 00:00:00,0.042992853664777925,-0.12201155667510356,-0.7290124130336986,0.9645862455714547,-1.3417422483038675,-0.16968967551822736
1976-01-16 00:00:00,-0.23959585237307196,1.0529257871648596,-1.447215854834453,-0.6987703555716847,-2.161471206502875,1.3307376013587522
1976-02-15 00:00:00,-0.37344618954095815,0.003873973378684493,-2.6248690405002937,-0.6788152882572487,-0.9628291604942991,-0.9556031390691272
1976-03-16 00:00:00,0.14502968585749582,0.12108005539660449,1.0456255203340896,0.9111274317593172,-1.1446494349658125,-1.8124436940937436
1976-04-15 12:00:00,-0.27825277363288026,-0.33328174860608395,1.1750221985679015,-0.7320785765550948,-1.4419744076135033,-0.11226837717213109
1976-05-16 00:00:00,-0.10139173488948552,0.8796771334274823,0.21718911406701788,-0.4278694092047805,1.793786380014873,-1.1645149880912598
1976-06-15 12:00:00,0.6075181772250157,0.7118266101735036,1.124284152740456,-0.8293512796597831,0.15770228283043825,0.6651955833196957
1976-07-16 00:00:00,1.30498325213709,0.15724465067813898,0.42723915587258765,0.7688583640902997,-0.4479786921997887,-0.9985049120224109
1976-08-16 00:00:00,0.2537067588541416,0.7131900403133998,0.6525153213185698,-0.47540720345993176,0.7591712329513376,2.2442506197990983
1976-09-15 12:00:00,-1.403723682763356,0.007197620223776301,-1.0816182532885108,-0.41047597494064997,-1.6014921646122133,-1.366273634710185
1976-10-16 00:00:00,0.17138456043001135,0.32770072044386445,0.7568885811033982,-1.0255486147898227,0.4746055521612521,0.8096617692906258
1976-11-15 12:00:00,1.4277588022211243,2.0767302068410403,0.2643184765343791,1.3708977534365185,-2.235167580583064,0.5330713974979153
1976-12-16 00:00:00,-0.24025598012583443,0.7308935415106156,-0.6668888635431751,0.5158576975688465,-1.0879530544314995,0.8611362263543796
1977-01-16 00:00:00,-1.1251783542096927,0.2855861564012101,0.7707959445962821,-0.4272659714711592,-0.541733187506469,0.28186368135882767
1977-02-14 12:00:00,-0.9161927829145551,0.5610907693923028,0.3070454655651687,0.14272950672236276,1.025787929973875,-1.2909881993143593
1977-03-16 00:00:00,-1.8460348249761422,-0.9108603935840243,-0.6066438761660722,0.5608204644595174,-0.8895391754536413,0.4560379497586966
1977-04-15 12:00:00,0.6248482063091096,-0.16900194399119245,-0.18252685524700243,-0.47258325866186107,-0.1135521808377388,-0.1932604946416249
1977-05-16 00:00:00,-2.0308478478437673,-0.3786003113027066,0.21188488800237978,-0.7631249467992656,0.8058499816995482,-1.2564993724650144
1977-06-15 12:00:00,-0.2441621549902197,0.23389540239247164,-0.9416488382844856,1.0847105045548888,0.7698978664731536,-0.25147946615440014
1977-07-16 00:00:00,-0.4626266622390395,-0.5077160957063519,-1.1842959980892005,-1.0460473677532718,-0.43564285275392706,-1.167327089786612
1977-08-16 00:00:00,-0.49034937464562656,-0.0026894141121756553,0.13626334113358402,-0.16269647204739626,-0.18095516403473133,0.7722702924546943
1977-09-15 12:00:00,1.949520061226657,1.9004178515972479,-0.6187730215305915,-0.18440994935097277,-0.35830366196176267,0.09475698713920996
1977-10-16 00:00:00,-0.5412347236987368,-1.195963313372375,1.873936497811291,-0.5337957292951274,-0.6293832915036122,-0.8423319155726763
1977-11-15 12:00:00,0.35788227209879087,0.23998084451239493,-0.8252028261982892,2.51835307169824,0.2867150713660059,-0.33552409707092967
1977-12-16 00:00:00,0.2715326968883529,0.15255365580997726,0.14160153950359827,-0.2809857223914648,0.23832912975436665,1.0192259890304864
1978-01-16 00:00:00,-1.0287985450486647,1.2213346956654714,-1.081198799377584,-0.7019007013023462,-1.6741977396001682,1.0008276596271677
1978-02-14 12:00:00,-0.6946246019897403,-1.0238425495560872,0.23874915763189722,0.250840888764826,-0.33261086755880703,0.211924163606833
1978-03-16 00:00:00,-0.5492163105078962,2.248165904151186,1.6472802189340154,-0.93029809410672,-0.23046819910606897,-0.9532451566855922
1978-04-15 12:00:00,-1.342658502261231,-0.4219475139561476,0.9959602405112754,2.0830971755590646,-1.6086202836680248,1.830613671300136
1978-05-16 00:00:00,-0.8141044898139425,0.8341965958134968,-1.1858422873046086,0.769204315383615,-1.3649301299081051,1.322216430931861
1978-06-15 12:00:00,-0.0843112035625031,2.2514352329680776,-1.8926981352265053,-0.8292816721968124,-0.1624276528687375,1.5941865099199342
1978-07-16 00:00:00,0.8873138835821215,1.1438120298542993,0.3806720816997099,0.8933329986560088,-1.1352779639857753,0.8913851723624971
1978-08-16 00:00:00,0.29733528973855505,-2.404120753505444,0.49891775082374984,0.4631172836411706,0.5759990852360954,-0.4542975008465932
1978-09-15 12:00:00,-1.9116441827416846,-1.475188988077814,1.4839204371036807,-2.1556863957984476,1.0647692696954143,-1.276279855734902
1978-10-16 00:00:00,-1.6281433826912433,0.8351269501219231,0.6195107162914765,0.4099446833219569,-1.6116413334745092,-0.6365206582073318
1978-11-15 12:00:00,1.1398086796699964,0.6465063641872716,0.9894140425427652,1.7807288293611938,0.6998702635485612,-0.6978697333460281
1978-12-16 00:00:00,-0.23646723239426654,0.4688288885905804,-1.3456067188106997,-0.8300438637499781,-0.6609434949931842,1.541827587748352
1979-01-16 00:00:00,-0.25093741723846047,-0.48569863259961177,-0.2402809066807803,-1.7541679568920203,0.808478971621923,0.38461392819472506
1979-02-14 12:00:00,-0.2955163516991735,0.6331767727965585,0.18750118214400602,-1.8240096812132747,-0.001118314574276635,-0.40707937602728556
1979-03-16 00:00:00,-0.569433789378796,-0.39718489509054755,0.33577990552875736,-0.5575319064319935,-0.439301069972317,0.14342780366131858
1979-04-15 12:00:00,2.247430888146553,-1.3365927596625313,-0.21976818522746275,0.6455132568660391,0.009852080278736195,0.5726258525603828
1979-05-16 00:00:00,0.924603112786546,-1.2099277612045836,-0.5263153904419542,-0.8814280403125281,1.3588858695258514,-0.07524720992090198
1979-06-15 12:00:00,1.4264225660206318,1.0047049466652942,-0.689477940442775,-0.14542103008501192,-0.4589094500717343,0.6720208649246462
1979-07-16 00:00:00,-0.13671061696939663,1.790776735417952,1.0068708722396849,0.13426636951194468,-0.4796172516970073,1.1840372103200136
1979-08-16 00:00:00,0.8584654824539624,-0.6516798972829729,-0.8696459790300856,-1.7870992666156578,-2.203383844393035,-0.5155385568058142
1979-09-15 12:00:00,0.5756968044924545,-0.01014558760022103,0.09741415043854695,0.0250886923203643,-0.14532838485189437,-0.26552906458803316
1979-10-16 00:00:00,0.27376794813667954,1.7590673771850605,1.3814304544694025,-0.28356005789013483,3.1583846689008452,-1.2986798210550317
1979-11-15 12:00:00,0.036482968468523155,-0.14821309031260477,-0.27011837290443047,0.30954569997728665,-0.4277780680463696,0.689992959734191
1979-12-16 00:00:00,1.2152700479789145,1.5055425700857945,-0.25622719045344466,1.8711510453428986,1.3923948074223274,1.1442743110302003
1980-01-16 00:00:00,-0.7806751897163698,0.4696685182229412,-1.1829910272902289,-1.48527173545234,-0.03178730499632822,-0.2928239402957071
1980-02-15 00:00:00,-0.2515476678729151,-0.026909527639566513,0.2752963941607981,0.8064779235556803,0.8001108484503763,-1.8611037702503859
1980-03-16 00:00:00,-2.904631630638491,0.8922137926819749,-1.4656183524321629,-1.0103016555889586,-0.720913927779283,-0.958369430698384
1980-04-15 12:00:00,1.4349136475498128,-0.393142133514836,-0.7436061407508798,1.4379903006538604,-1.1358078979628876,-0.9899815998333016
1980-05-16 00:00:00,0.35094575393222366,0.7502871418000833,1.5081139567761985,-0.9750976191811234,1.9181839886986634,1.8826124826684938
1980-06-15 12:00:00,-1.677996014652548,0.08724500394227788,-2.033425545273475,-0.11192460752716502,0.4041023218632554,0.11511769225597021
1980-07-16 00:00:00,-0.12040867050831541,-0.15403686561744223,0.21611650227957663,-0.12658789842497317,-0.021759569968330235,0.8763111653926269
1980-08-16 00:00:00,0.4740043655322245,-0.4330362514042573,0.6418932128704913,0.15636347211343726,-0.505797431888689,0.11761214012878672
1980-09-15 12:00:00,1.8940374383759806,-0.9567550162715255,0.0035684592604128228,-0.5017619755772551,1.0329051199784292,-2.2171746022254677
1980-10-16 00:00:00,0.5290621494475014,-1.3624350204213924,0.3513819566414501,-0.05373086168592607,-0.1991238625606715,0.393474789355927
1980-11-15 12:00:00,0.4369113110621464,-1.6167539289255655,0.4309552783508456,-1.2760957245342082,-0.7044137774381893,1.0092784639175776
1980-12-16 00:00:00,-0.2091794523777043,-0.832255717945835,0.8711492997801609,0.1359269575286896,-0.931904541237507,0.31227482287425506
1981-01-16 00:00:00,0.7518825589159243,0.44761940904512854,0.07806882167567994,0.6234283911215968,-0.10513263886177422,-0.47320213847408105
1981-02-14 12:00:00,-1.4512960073642793,-2.308762512607016,1.5081055235865508,-0.22187703201090575,-0.9593563537789352,1.0005618323894518
1981-03-16 00:00:00,-1.9539435623986967,-0.22124721033917988,-0.05064006468310094,-0.7635684507165426,1.3152474291476417,1.851998814621653
1981-04-15 12:00:00,1.4520214699678433,1.7160083824874846,-2.008126283885396,-1.610257969553876,-0.6978945446487619,0.26470340413392873
1981-05-16 00:00:00,0.5798647305074577,-1.1726130295514938,-0.16611782984021226,-0.10548598706912313,-0.3098779015560707,1.0711828605990985
1981-06-15 12:00:00,0.7757256793983804,-0.40454687835356873,-0.6999463291278406,-0.0051616231102168675,1.2077076223563001,-0.5214983156732848
1981-07-16 00:00:00,-1.6101121343978717,-0.5098106175720403,-1.457795774720577,0.27920889698571627,-1.6072846830498961,-0.7577018202625445
1981-08-16 00:00:00,0.7016326187112514,-0.6219851517791796,-0.7688822643274509,-0.48230316772630594,-1.1804114795794938,-0.849632058627595
1981-09-15 12:00:00,0.3029816613635453,-0.9440903321403102,-1.5797174428290666,1.2942200497417873,-1.082820176858373,1.2848633342537876
1981-10-16 00:00:00,0.6342646394312803,1.240568022996055,1.913596030941145,0.067467178951735,-0.6515046700266058,0.3237799918786654
1981-11-15 12:00:00,-0.35973446245541674,-0.09790666447476416,2.3511481367813527,-0.478566157067627,-1.0277541576177807,-0.6025366433059087
1981-12-16 00:00:00,-0.7234222432434229,-0.15749915638653256,0.031075961735931745,-0.9544867973810562,-0.13519614999316787,0.14382345097778582
1982-01-16 00:00:00,1.2924795795353654,0.5957271486864838,0.23099633207143302,-0.4406136594250973,0.4477888619514367,0.8415219050946754
1982-02-14 12:00:00,-0.21945999588173676,0.24065562108612237,0.27145921217180946,-0.9745678392813473,0.4915852671591714,-0.18558194600917424
1982-03-16 00:00:00,0.2926733728099953,-1.2480691301109132,0.21603074721955562,-1.1680602059622833,-0.017653072371992342,-0.2344776938385492
1982-04-15 12:00:00,0.6479284849601201,-0.06346938515432836,-1.6879570729388826,0.24138519180000118,1.0398595924326683,-1.2457984304069258
1982-05-16 00:00:00,0.09271968656106644,-1.0621134098910388,1.1149469057414794,0.3566494305371536,1.5128861565179934,-1.556470924803518
1982-06-15 12:00:00,0.3093735598371717,0.9204677879271905,0.06857374120196458,0.18527249638485777,0.415680785762298,1.6372933285665525
1982-07-16 00:00:00,-0.06034999332275198,0.6138329748027525,0.4515426170736616,-1.3692241816779085,0.43948485392890824,-0.11420425491604577
1982-08-16 00:00:00,-0.7803060363074729,0.9599498796304496,0.04824464312259346,-1.1850692288339835,-1.7997193379871572,0.6142769662365822
1982-09-15 12:00:00,0.5468128502728576,-0.17992440577741248,2.1719641041524493,-0.9287269467414916,-0.31495363663708026,0.3389428682746771
1982-10-16 00:00:00,-2.8695090587129957,0.16773588104910048,0.9868010223334632,-0.45814118002433274,-0.25554500725270235,1.7930741682705202
1982-11-15 12:00:00,0.8703187228492648,-0.41095966264874345,0.8528974884610068,0.03485361418860348,0.2869403899760689,1.2474504964826096
1982-12-16 00:00:00,0.05618693541256954,0.8851337215195318,0.08501858529035788,0.11739667956062028,-0.6183732609570776,-0.48028660999212264
1983-01-16 00:00:00,1.0508947592953,-0.7243395689177496,0.9867407900451716,0.14792992984010805,0.17101742702534556,1.4298978040785097
1983-02-14 12:00:00,1.4460739324788874,0.11567897910640072,0.9936439609644129,0.8649330840076146,0.016856768018570126,-0.8967434976297786
1983-03-16 00:00:00,0.025838735222505474,0.1549971182860992,-0.3392648436539709,0.033013421446486106,0.6437621558513316,-1.9830353457009646
1983-04-15 12:00:00,0.7813790642304145,-0.08500106027956661,-1.2742143929098997,-0.889143276017831,2.3338912285511197,-0.2511293815975271
1983-05-16 00:00:00,-0.484893198486112,-2.4987510337298033,-1.8593119940554572,-0.8136160907083747,-1.6084103676095685,0.8736054251676849
1983-06-15 12:00:00,-0.026359793281108865,-0.47698400716448075,0.6590057219579949,-0.19904404129716508,0.8240402694897241,0.6033668778470954
1983-07-16 00:00:00,1.0740940610689453,-0.2729399797229367,-1.9859294570431965,-1.2760157975376674,-0.8666464778787296,0.7899688810058376
1983-08-16 00:00:00,-0.8336113501163263,0.14142300940295663,-1.8617200913778262,-0.33978330952983105,0.7912838416539711,0.6255149890768216
1983-09-15 12:00:00,1.5680706132667535,-0.9893632842799199,-1.2888021873401043,0.8158198169255171,0.2999138033832544,0.1853961439423204
1983-10-16 00:00:00,1.1568728819398988,0.21315937278663605,0.08518638305563281,0.34837001116447325,-1.7232641536724558,0.563152630769179
1983-11-15 12:00:00,-0.8325095905888736,0.8772702172707398,-0.2108423015533987,-0.9325387258041338,1.523239640403484,-0.5705668456337765
1983-12-16 00:00:00,-0.5541189769993609,-1.1632060892934457,-0.40210956951783045,0.9842316030278098,-0.24178924660736129,0.47820193938409167
1984-01-16 00:00:00,0.19274159506766278,0.6130659556010642,-0.11405448018345765,0.2003540467356271,0.8273635764638724,0.785405374208724
1984-02-15 00:00:00,0.7628522908069624,-1.1145861613477572,-0.03728136115082292,-0.28914933639412044,-0.5604953915331103,0.039872810040609885
1984-03-16 00:00:00,-0.875229131816237,0.3598263663462643,-0.9191506421531899,0.8569469962198244,0.1330972422734607,-1.2411191165436855
1984-04-15 12:00:00,1.3443128212180337,0.4379141396671425,0.479725379967349,1.8946161102003596,0.7289216771856001,-0.8182440723148163
1984-05-16 00:00:00,-1.6619069913266766,-0.3865726021232983,-0.3168083465141183,1.746398252231208,-1.3296966364535208,0.5877276844493448
1984-06-15 12:00:00,-0.6650086855571031,-0.571453149023705,-0.05901017992593774,-0.315682658550749,1.0187436616261158,-0.704380381547429
1984-07-16 00:00:00,0.4882204316880924,0.8342112974574721,-0.6995923099685707,-1.9585127278668855,0.2079269767072538,-0.25676577682144414
1984-08-16 00:00:00,2.0206057631403835,0.8006770919850699,2.0338711730152834,-0.8059863918754904,-1.9625221542786238,0.048500191274854
1984-09-15 12:00:00,-0.31501633169303334,-2.383349294489933,-1.282041968660866,0.8610097842115931,-0.27563920244352874,-0.7583695316142982
1984-10-16 00:00:00,-0.619413068936647,0.09830918520263363,-0.9852710895777271,-2.195578366007021,1.2035309789301145,0.7513733436489088
1984-11-15 12:00:00,-1.1319370328067788,0.03072008704995291,-0.7568332671215882,-1.757743163435774,-0.46094249392766623,1.8213994781448553
1984-12-16 00:00:00,1.3984256964501782,0.21915888713998366,1.1758824586173462,0.8115098127305882,0.6918237047636571,-0.14495123054889297
1985-01-16 00:00:00,0.39424023838193156,0.7613930798836216,0.735470982321536,-0.35461000134498777,-0.6378161197175608,-1.545704730404022
1985-02-14 12:00:00,0.9492607082648234,-0.09490531720615708,0.6219084007931002,-1.2547361941830086,1.2374782464336198,1.3995947470162353
1985-03-16 00:00:00,-1.1701306562980947,1.1066868341050402,-1.884413167908234,-2.134922247549281,1.8175974838451847,0.5262044335564272
1985-04-15 12:00:00,0.7633626708669197,-0.07003711014609268,0.4983738710170071,-0.8161859341766311,1.732773919063187,1.9232206250222665
1985-05-16 00:00:00,0.3513670019725582,1.2520599125683194,-2.2106893357683015,0.64005236726554,0.6001391436083938,0.8894754753174252
1985-06-15 12:00:00,-0.1152067661576876,0.7875664503081979,-0.46428975626344793,0.3061326743003489,-0.473847676474868,-1.7083711309831375
1985-07-16 00:00:00,0.24377832520996434,-0.5011626353269197,-1.7849338323728323,-0.9489512132556495,1.01295468070675,0.07578429533993217
1985-08-16 00:00:00,-0.47679777494910136,0.6087110279913042,-0.7205563115723347,1.5012028757521,-0.5853361978547866,0.13690972775189478
1985-09-15 12:00:00,0.28782651205460874,0.08501980296177893,-1.0950392851339115,-0.3034185560647214,0.44783943892142714,0.896745136512745
1985-10-16 00:00:00,-0.8861750320533901,-0.6970975838598937,0.167794984219858,0.08215436019756028,-0.31749499826163013,0.05422882155404346
1985-11-15 12:00:00,-0.9332160337759002,1.2647978294013844,-1.1859476308814412,0.24453625642279736,-1.3323023897391946,1.115133510670182
1985-12-16 00:00:00,0.6040666485761752,-1.1013723814866134,2.3603368053295957,1.3442142829120594,-0.006117445508324557,0.9928328937367249
1986-01-16 00:00:00,0.1903074302083451,0.7868494939673849,0.6102632639753636,-0.7834893630481363,-0.4756084819440262,1.1396163006189124
1986-02-14 12:00:00,-0.1364450528840942,-0.8563434531411416,0.48321862311067204,-0.43607488612884543,-0.17494681818039565,0.5056905257101018
1986-03-16 00:00:00,-1.6744362502894325,0.600304642093183,1.6800402305452404,1.4233605178050706,0.16519479350221594,1.3113864360533132
1986-04-15 12:00:00,-0.35077075344445174,0.28958091137208636,0.37006257925680053,0.8894900599311293,0.39900320366955483,-0.9080862684961799
1986-05-16 00:00:00,1.2959462024732509,1.1938965814171703,0.2822096178823181,0.009445005746328568,0.2510324354590984,-0.30998263719444286
1986-06-15 12:00:00,-0.7133354017882026,-1.5317925669039425,0.07745548447947931,0.41992198106377737,-0.9883658609660296,0.5216550898292863
1986-07-16 00:00:00,-2.468793123117079,0.9455332314005344,-1.4647412509167625,-0.602341056652981,-0.41203713499629535,0.3110281397542643
1986-08-16 00:00:00,-0.1666716860674211,0.00819570643080848,0.4895776406207574,-0.06322388524089456,-2.0173755359643324,0.3374605640260904
1986-09-15 12:00:00,-0.2766543676958863,1.0815053366092244,-0.22586097520083126,0.24163519846261783,-1.1720551729640678,-0.8350169438702839
1986-10-16 00:00:00,1.0654656206007413,0.35557779980982523,0.6710933565849454,-0.39358018488966207,-0.02645424952988672,0.048628021169371344
1986-11-15 12:00:00,1.9012374986249874,-0.09683761231345354,2.30957883205861,-1.0208820048134208,-0.585517351117377,0.49598072371935725
1986-12-16 00:00:00,1.0592567346660475,-0.38704078897450084,3.676047638016334,-0.3340587748843774,-0.4689336106742828,0.2129054687476801
1987-01-16 00:00:00,-0.0015124705286058276,1.1022036800453348,0.5795889229152836,0.18551835880942963,0.08124333568709373,-1.6081614717256252
1987-02-14 12:00:00,0.7268026245869323,1.228541690013565,0.2741779262252186,1.1530652335152833,-1.158680720852996,-0.03979614807460728
1987-03-16 00:00:00,0.8687531535785025,-0.10046225720996045,1.6246978511778418,-0.5238367548971106,0.4147192564170373,0.9768201168001144
1987-04-15 12:00:00,1.822024571356043,-1.1983944552259171,-0.9380122931938201,-1.0614814691362722,-1.7961509270419935,2.7281701363785253
1987-05-16 00:00:00,-0.7561775897313439,0.09705450538619789,-0.71568619727439,1.8310328720085238,-1.8724625133554316,0.23592728671141394
1987-06-15 12:00:00,-2.9812876708763794,-0.8787678684448056,0.4110042668787541,0.5477843001475868,0.3892487589149521,1.108091496450572
1987-07-16 00:00:00,-0.2963490100044272,1.2527833469213994,0.8205949718581391,0.28225725801710905,-0.42656883920577987,-0.03990655186548524
1987-08-16 00:00:00,-0.5881541778783335,-0.9040632963117935,-1.8269536874596533,-0.03954512603030033,-0.5726665738681294,0.27115486945222256
1987-09-15 12:00:00,0.15019501291748058,0.1607617321446056,0.3993507080113816,-0.6986201536775349,1.999219893909208,-0.7970712839361599
1987-10-16 00:00:00,-0.7193752702268069,0.49689900834381845,0.35847892501178896,0.4867237996327577,1.4699982256780635,-0.015063257763536005
1987-11-15 12:00:00,-0.18381358355734292,0.41082803885750163,-0.08851202451655157,-0.9564268891577696,-0.6572397002521175,-0.23712823942362513
1987-12-16 00:00:00,0.8897822864111045,0.1600718443646143,0.9799514319172672,0.17543995890769207,-1.2099460679891096,-0.2618026595101138
1988-01-16 00:00:00,-0.17804172852635092,-0.8791008737388395,0.03403413115063774,-0.6411932827627476,0.2976252732849957,1.643756559264932
1988-02-15 00:00:00,-0.5093392493028912,-0.13674992552102216,-0.7062436304954983,1.0826880213695973,2.589443454051796,0.3969720279002822
1988-03-16 00:00:00,0.546013727529274,0.38837314017800595,0.38798615101946643,-0.8225748486620614,0.8598177742889835,-0.33369090533484025
1988-04-15 12:00:00,-1.2994688538365307,-0.0488434035024697,-0.34102116797552967,-0.6975984501750678,-0.10608832302536787,-0.3666307829440877
1988-05-16 00:00:00,1.299141759025963,1.072893832453111,-0.40815768231243976,-0.4294983228669337,1.0004637732086468,0.08891931424010467
1988-06-15 12:00:00,0.036392747002418596,-0.38376139817195165,-1.591764801196756,2.397866687186679,1.267431649222439,-0.6668534781988071
1988-07-16 00:00:00,-1.5577879544184035,0.804898839396391,-0.33994028246247987,0.733565174185894,-0.39216234298239505,1.2287971603428438
1988-08-16 00:00:00,1.4418341508766943,-1.8191434345541622,-0.2297073792825331,0.503916250502394,-1.1012534311997588,0.17321178407028484
1988-09-15 12:00:00,0.5963869005301566,-1.696279691722181,0.5391586791342575,-1.2701245363409517,0.4744639213572284,1.2095075783390496
1988-10-16 00:00:00,1.023607020940989,-0.35335748659234945,0.792280222119679,0.44777665961261814,0.15317935619738904,1.3418630899877675
1988-11-15 12:00:00,0.5771378811869061,0.18831558051455588,0.20686663069916844,0.6337509351230841,1.375109515103698,0.9186951816212802
1988-12-16 00:00:00,0.7457067191275062,-0.3741887056527179,-0.4101280750251963,-1.1490260562253964,1.1048757623156777,-0.3947838675866287
1989-01-16 00:00:00,-2.0428138037306027,1.4818182324676095,0.5533340756547848,0.012921127986992943,-0.5958267758925577,0.05831220963359533
1989-02-14 12:00:00,0.47801296631577317,0.6208488107635326,0.7354794343670628,0.7717245708538056,-0.5520675321290386,0.40080923810191
1989-03-16 00:00:00,1.115465579946067,-0.460414275637882,1.8409903085883657,1.6129349987750858,1.42296320029579,0.9988988707753998
1989-04-15 12:00:00,1.6122205105198926,-0.1637171413470458,1.605392916060125,-0.2991544879073867,1.2112503931430199,1.0288279820581754
1989-05-16 00:00:00,-2.4021819007984795,0.42581197216727046,0.7662239365478334,0.6999007576969045,-0.5486478907718199,0.4582293824939687
1989-06-15 12:00:00,1.9063601179308955,-0.34524679715702183,1.115177502994174,-2.4656852020594964,-0.5532651149833874,0.8205233129722298
1989-07-16 00:00:00,0.5570520048335585,-0.4984693555625058,0.044026131923934834,-1.2028339146559044,0.14297415887450549,-0.3145884052184525
1989-08-16 00:00:00,1.4409797036348144,1.5543419109307768,0.8025861699019444,-1.493659940422144,-0.6250138122723893,2.2690628940045934
1989-09-15 12:00:00,0.7749859690348198,-0.2024832392711678,0.540301782927844,0.5297163894042547,0.7545166723096771,1.6443199283481802
1989-10-16 00:00:00,-1.6695252183851408,1.3162024688151597,-1.8851433154218846,2.6819160697624764,-0.3627461976884914,-0.2819002323975079
1989-11-15 12:00:00,0.4952113530336801,-0.8822644612511137,-1.409694652565153,0.21645527766145173,-1.1830343468747133,-1.228489704418955
1989-12-16 00:00:00,0.6188355527052741,0.529328247786291,0.49923160908377157,1.361277252140315,-0.3171212188797593,-0.0316920956673062
1990-01-16 00:00:00,-1.6240909149493519,0.20295665279038255,-0.3706516744774325,1.0272730194828523,-0.8723040569872466,1.5054582947338315
1990-02-14 12:00:00,-0.24144325537491068,1.1791598392966867,-0.3540404901174096,-0.2653920874330084,-0.21144609813394866,2.151084745151141
1990-03-16 00:00:00,0.09054496161792566,0.06022612151197752,1.1515905167842226,0.14849278610971972,-0.1771070781548546,2.0217289312565314
1990-04-15 12:00:00,0.08011725172673353,1.252546000611543,-1.602997669868305,1.654594251261639,2.089256033882395,-0.3713669729844261
1990-05-16 00:00:00,-1.2043123767024195,0.8498671632927456,2.433711906031547,-0.29251460208096225,-1.4277288151941459,-1.7838396871171494
1990-06-15 12:00:00,0.8467656001642997,0.2565401743707766,-0.6230174711918993,-2.146594354691767,1.435948872370244,0.0464531666828638
1990-07-16 00:00:00,0.37878502758032667,0.951596096999128,-1.9590634432088054,0.6830544524195743,1.5718224557066025,0.12523179792772735
1990-08-16 00:00:00,0.16771607419463308,1.0285487384026832,0.461907681026392,0.007334242658719313,1.7986390976997404,2.0474804810150666
1990-09-15 12:00:00,-2.244962395460263,-0.8995829302902278,-0.6400317330923071,-0.16479372529130884,-0.2573688306586974,1.1256056086803825
1990-10-16 00:00:00,-0.15976043585174912,0.594208588958477,0.949867656711575,2.1234211964972762,-0.9156750410428743,-0.9373801931834556
1990-11-15 12:00:00,2.450855952835353,0.2832550252050729,0.966680668739534,-0.4813828662050506,0.218060335607345,0.6106153639817689
1990-12-16 00:00:00,-0.5477591762790919,-0.9046102683686231,-0.3017855719139815,-0.9079830982884933,-1.878031321260156,-0.9726587760688826
1991-01-16 00:00:00,-0.2186878349468116,0.320468869372132,1.002372122776331,-0.7153054372223726,-0.5171010671106585,-0.2988940301122733
1991-02-14 12:00:00,-0.2133690651486625,-0.8198259959655307,0.1524963787911002,-0.11127389242457186,0.35643406842470743,-0.7650499739928958
1991-03-16 00:00:00,0.6718088780695877,-0.31279819880516607,-0.35556891366618254,0.9781734842097858,-1.480238542109983,-0.2385840427872817
1991-04-15 12:00:00,-0.3109595800458356,0.2569620839831661,0.958825672206408,-0.4660643527588802,0.4240912896116449,-0.9290153341690791
1991-05-16 00:00:00,0.8654495185877934,0.15955297032474958,0.8043690869786261,0.7769933764423596,1.9187634320054963,0.18822219716319616
1991-06-15 12:00:00,0.7220461529565547,0.9150467630627452,0.8251799243675253,-1.0462294510445405,-0.7982791746022994,-0.19301189916880876
1991-07-16 00:00:00,0.8212028651303949,0.01778057499578872,-0.9392427601149185,-0.6107898687883413,0.600029272800802,-0.7813218688983055
1991-08-16 00:00:00,-0.07571185916783646,-0.3298834331114177,1.6193383095147025,1.5697965448783258,-0.4510006553164554,-2.487372027914562
1991-09-15 12:00:00,-0.18609460562586325,-0.4135321053895346,-1.3954180710867539,2.808111090628831,1.9164759362352402,0.09726653789688125
1991-10-16 00:00:00,-1.6647378777187727,-2.9131264327900617,-0.4902630151567147,-0.9181631792186145,0.9202889506329426,-1.2281988406808217
1991-11-15 12:00:00,-1.1520522647568507,0.4776831096739385,1.0948981852962347,-0.4068996855555121,0.6211997769003975,-0.7813715034124608
1991-12-16 00:00:00,-0.4438729327096531,0.5916853450714273,0.12089006578674319,-1.0667929017852733,0.055161437134627254,-0.46622395921244664
1992-01-16 00:00:00,1.1168535698471402,-0.19891430250281034,1.5101967700388113,0.43581847794400735,1.4344771911561096,-1.1283710486115797
1992-02-15 00:00:00,-1.5078850673968427,1.30605431708788,-0.8474910732007122,-0.20740045504225407,-0.4608257424467783,-0.23149444851627596
1992-03-16 00:00:00,-1.014225608379681,0.6591189139086776,-1.0309046965544957,-2.0890313046431888,-1.1213076142588108,-1.8053048528531752
1992-04-15 12:00:00,0.6393785041354751,2.3757211953021127,-0.8522570834440927,-0.1213200780633118,-1.837850482695215,0.43860094882536005
1992-05-16 00:00:00,-0.6549516833864404,-0.4407393590619327,-0.3787266569878894,1.6141339461990005,-2.0656956265567215,1.4839389700046561
1992-06-15 12:00:00,0.44802335480833755,-1.0464917763636847,0.9449536821783472,0.13717649941286325,0.19711799191412,1.2539342018561093
1992-07-16 00:00:00,-0.5962377897426637,1.0298400679981599,-0.5289848791159737,-0.2112198068763621,-0.5115889334364683,-0.46468481673719714
1992-08-16 00:00:00,0.3170169433528089,-1.2964279118817537,1.2303183790832666,-0.329064247740345,-0.129223288823014,0.2778233947314812
1992-09-15 12:00:00,-2.5473438232452716,-2.368603167787782,-0.30043121620707797,-1.076810165405326,0.022531924414171765,-1.2313426094407747
1992-10-16 00:00:00,-0.4915545936938889,0.38179029130447545,0.1303031882464382,-0.927093179442442,-1.5514753405903403,-1.1275374715107094
1992-11-15 12:00:00,-0.3595225563666171,0.32034748357646853,-0.7663210667809924,-1.4779927401923625,-1.2691539158082954,0.37940645577834653
1992-12-16 00:00:00,-1.1583515545551029,-1.5163294282056186,-0.0667515274085502,0.39535433689028565,-0.06955202750894805,-0.2303787657461904
1993-01-16 00:00:00,-0.4972897930330048,-1.1782695395814557,0.7918477808588933,-0.9401116343683751,-0.6851771780928261,-0.3870621291924602
1993-02-14 12:00:00,-0.13459766094785083,0.3631410619309141,-0.7339658569068367,-0.3010328843317252,-0.828041782208008,-0.8898073942167685
1993-03-16 00:00:00,-1.6407955495832702,-0.3547918072843186,-0.2672508185350231,1.304110293529574,-0.20644255899605246,1.7458596114825722
1993-04-15 12:00:00,0.16481564650924518,-0.19614209092981894,-1.2972841271063253,-0.2991286518316272,-1.297035771807331,0.30488073975082325
1993-05-16 00:00:00,0.6708468871198225,2.118281309148306,-0.4681991691203976,0.39640568029059403,-0.13540742849351278,0.28499496322334167
1993-06-15 12:00:00,-0.4236666858593488,0.9577747544405887,1.1288692152193271,0.44750516564555476,-0.42597592746228546,1.2145353757127342
1993-07-16 00:00:00,1.3463525006086603,1.340612605916234,0.7461468913380424,0.1628152764576607,-1.0687650200143841,-0.19890847516778434
1993-08-16 00:00:00,2.0396924076360934,-0.7155471549187461,-1.0215745175204938,1.5211604225592135,-0.25581655610907345,-0.7978127891502876
1993-09-15 12:00:00,-1.6443413501240771,-0.4491863488667062,-1.425141313389724,2.1724361413524482,-1.376852828598008,0.05364675233063086
1993-10-16 00:00:00,0.9235225221150247,-0.8441717282858316,-0.3380994385287598,0.5688070574799082,0.10513611576079913,0.304695893907797
1993-11-15 12:00:00,1.27371680143883,0.09323232285682494,-0.5061873556499891,0.2584297881542662,1.6140889933607765,0.783823722374752
1993-12-16 00:00:00,-0.6779778934457791,-1.0551893207442846,0.4269828077002118,-0.6045768117200851,0.306937916101827,0.5378030477277929
1994-01-16 00:00:00,1.5294423044681924,0.11975918648488856,-0.09976731534307517,1.2361871292167412,1.3098561700228124,1.0268010274829904
1994-02-14 12:00:00,-0.34830233814461786,0.30366354344040236,0.21800130397795217,-0.3653889051810753,0.597587327668149,-1.1236643891589728
1994-03-16 00:00:00,0.19289777571721856,0.04914014223061631,-1.2373433146111548,0.9514332537527612,-0.6247703729675054,0.7646145988855827
1994-04-15 12:00:00,-0.22831358948344316,-1.4458331162496794,-0.24578939518829268,-0.9070177259553278,1.419510023044414,1.317818743767998
1994-05-16 00:00:00,0.1443318604480106,1.474358016329143,-1.4985618238792404,0.7032371426658999,-0.18174382781172965,-0.10945501254165393
1994-06-15 12:00:00,0.06745521095595164,0.8888829261402929,1.823226618438045,-0.5673024724525384,0.23460937695383072,-0.9689657343403285
1994-07-16 00:00:00,-0.27489008960602807,1.280844086229661,-1.7419195201298572,0.9779496795832128,0.3539753393536994,-1.4771881939250755
1994-08-16 00:00:00,0.3510263135443308,-0.04299273011252726,-1.9544238029043104,-0.4621582433118521,0.6839537166406082,-0.7602123497284721
1994-09-15 12:00:00,1.3186625348479333,1.633980040948058,-0.9680031361801267,0.7668982916217373,-0.34053048521571017,1.390022027328681
1994-10-16 00:00:00,-0.8741120824579769,2.2013171720078457,0.21160964916381564,0.8457995135917102,-0.932361089929961,1.1902412832077722
1994-11-15 12:00:00,-0.6850565907581848,-0.5538810601034828,1.5500995605544914,1.030179931888067,0.3879057795427307,-0.27434343647409914
1994-12-16 00:00:00,1.8682263632313483,1.8753042833954747,-0.25025544281921414,0.42371438310511556,0.2611381532028537,0.29804946246368585
1995-01-16 00:00:00,0.2746258736262901,0.696269940746928,-0.9075017381075455,0.730443514092258,-1.4171578034687526,0.6518502105817303
1995-02-14 12:00:00,0.9742140816107169,-0.31496182041475246,-1.4148271669871548,0.4714258015429222,-0.4610870020489212,0.6389758587541986
1995-03-16 00:00:00,-1.3081141483869545,0.34368192007044707,0.13029930103911497,1.0718300675186165,-0.0849179711431419,-0.2019567604416863
1995-04-15 12:00:00,-1.492370679322244,-0.9215291626937058,-1.598263761348727,0.279428164469154,-1.459804893423973,-0.5085010846818554
1995-05-16 00:00:00,0.6463723114649922,-0.9114010929333466,-0.11527706057738271,-0.45715197583314077,-0.20800109443542952,0.22439983036401423
1995-06-15 12:00:00,-1.0154650898609612,0.856936677601607,0.1520438118998588,-2.434323221386782,0.26042649173019466,2.4743694517368855
1995-07-16 00:00:00,-1.617161416785479,-0.30428179916993886,0.4101079908096605,0.09251761418759888,1.74400606853692,0.3793862723386019
1995-08-16 00:00:00,-0.37021264805751636,-1.1800709974329464,-0.15380352606334155,0.1417450757006044,0.7386003291259569,0.4631917217468247
1995-09-15 12:00:00,0.3135969469597801,0.11608267266149958,1.0549251241483502,0.20817822191427823,-0.5543191849882676,-1.9199441309424592
1995-10-16 00:00:00,-1.5312461861652369,0.7506312490664615,-0.8247021068717825,-1.253174201392714,0.3033638344586434,0.23898220194725242
1995-11-15 12:00:00,2.0898089661887824,-1.2742543936551691,-1.2920479167788343,-0.2053017428567947,0.550686836556303,-0.16165089451098186
1995-12-16 00:00:00,-0.03883838888381223,0.30373285679377254,0.8255681141456931,0.9017741240383821,0.8158706631303857,-0.7668966839802467
1996-01-16 00:00:00,1.3130696709402687,0.34715023156740865,2.511291751944709,0.7089737274312142,0.8994349709153233,-0.23025261748245543
1996-02-15 00:00:00,0.8315182348903001,0.6194040088592145,-0.07637758154845392,-1.909932703869769,-1.343873543542388,-0.08101931856089624
1996-03-16 00:00:00,-0.3079028861224553,-1.891767980741847,-0.21634698019880272,1.9874587913954136,-0.08148318534012823,0.10701980862369656
1996-04-15 12:00:00,1.2513297185385415,-0.5032407427018277,1.3296380154645788,1.383283942789852,-0.4864799695322158,0.17641429216410287
1996-05-16 00:00:00,1.7279961483160147,0.820251080678572,0.1093336618203598,-1.024870933831093,0.14868248364191278,-0.8672184167419322
1996-06-15 12:00:00,0.8073853977135795,-0.1166362805861423,-0.43039222304045566,0.14841534828846265,0.8256699965292977,0.10964303055876531
1996-07-16 00:00:00,1.3870158874025884,1.3103533674555694,2.1317103426573984,-0.03267888094223996,-0.7054891765632534,-1.0504989885664968
1996-08-16 00:00:00,-0.4233652476860727,1.2040602112462957,-2.0295335879486154,0.05076687400327065,-2.3859133910585504,-0.8924072245554268
1996-09-15 12:00:00,0.1500629696220162,0.3187679475446724,0.8506735487498621,0.044501885641146266,-1.266263032101195,0.70247991242298
1996-10-16 00:00:00,-1.3193744966824594,-0.9462284278773703,-0.25265109977619143,1.1201869546550738,0.4014354705391396,-1.3261487991786127
1996-11-15 12:00:00,-0.8538678392926866,0.4310388612311617,-0.014896978301007155,-0.7651645322981706,-0.026496968961034453,-0.03779159029515851
1996-12-16 00:00:00,-0.12936424759633752,0.9581807794625818,-0.7677802776789702,2.318451745646418,0.5394449477461012,-0.10826475889702633
1997-01-16 00:00:00,0.657925823435717,-0.6178338242749631,-0.6560730338715673,-0.15147530501372622,0.6751150250470488,1.1223614493936656
1997-02-14 12:00:00,1.3032168231194214,0.022798980790218252,-0.34813667235423196,-0.5673910303016592,-0.028276945160105267,0.7787977880287547
1997-03-16 00:00:00,-0.3765544993559169,2.6889248970673147,-2.224881954971861,-0.8742613315344234,0.33748918892083873,1.1632639369752944
1997-04-15 12:00:00,-0.25809086849885743,1.7733223423612785,0.2011755455420827,0.07559852004842915,0.04408867863133001,1.5598667017546954
1997-05-16 00:00:00,-2.2181858355328594,0.25129410671124147,-1.3314408289281816,-0.49279873690226134,-0.19882846673446952,-1.7696599883104556
1997-06-15 12:00:00,1.2723086474616698,0.9875962914555964,1.0088796389832737,-0.15979113249500934,0.27177832346596575,-0.6101550789024964
1997-07-16 00:00:00,-0.037189305919477084,0.07115112873355774,-0.21731494919033414,1.5125950958445646,-0.15437297450962695,0.40395124258129544
1997-08-16 00:00:00,-1.9520181696523529,0.8884605362894947,0.8575104418997003,-1.6319481899648023,1.0646459561328092,-0.009011691663531534
1997-09-15 12:00:00,-0.21158126174558312,-0.910018417190477,-0.8742494730427025,-0.31841781528047214,-0.09691756933313325,-0.6121654319902575
1997-10-16 00:00:00,0.16396756712687022,-1.3147367300307657,0.8346843043289444,-2.0768040999691872,-0.6805861766720886,-0.012752188790166024
1997-11-15 12:00:00,2.08797562876712,-0.45073651012260013,-1.3035085040325334,-0.30263857447047054,1.042348383331456,-0.18539467562583228
1997-12-16 00:00:00,1.787093421957797,-0.48213463027279524,-0.4276659950569064,-2.1858781922331154,0.1780315141351695,-1.0739161826279071
1998-01-16 00:00:00,-0.8033074726756297,0.7883683648787608,-2.341110921709492,-0.6738854700517234,2.8274944704999094,1.5947103819078645
1998-02-14 12:00:00,1.0355868842043687,-1.5757250394435254,-1.7443988089640217,-0.42288280830620506,-0.4907082865949584,-0.8490001023274545
1998-03-16 00:00:00,0.8657045201283837,0.8151324993212176,0.7795350792162175,-1.2981565561272497,0.3237998746417086,0.7872747996518474
1998-04-15 12:00:00,2.408509651399433,-0.9481054168269973,0.49959750956366594,-0.38096853323453556,1.9830236950575775,-0.9811443114326212
1998-05-16 00:00:00,-0.9834810332962909,0.02982884764621391,-0.5331852246501086,0.6011256676453323,-0.9442189701948546,0.5337859845084092
1998-06-15 12:00:00,-0.6895500403456725,-0.0699834393550988,0.05786310339905743,-0.5259998855648529,-0.30521841717785536,1.352857247254869
1998-07-16 00:00:00,-0.6908535194663971,-0.22536174440839107,0.09627272851985563,2.809368760923688,0.952119212869998,-1.4394222004387933
1998-08-16 00:00:00,0.9105467212448157,0.033362488574610244,-2.269579443353692,0.5118768535015439,1.0145484494728534,-0.06195231074533067
1998-09-15 12:00:00,-1.4823069069090693,-0.3277097653240096,-0.37428359743978856,-0.8989442274682335,-0.15094533832387108,-0.8327652257847775
1998-10-16 00:00:00,-0.028459068142409297,1.0333969520660835,-0.06757793299343634,-1.3492223931503362,1.138569153141985,0.47898092699752637
1998-11-15 12:00:00,-0.6220633969918894,0.4679386646276241,0.18183640440068233,0.15628409520085654,0.8645718602251177,-0.41622233448643725
1998-12-16 00:00:00,-0.37642251073423394,0.6269698369839468,-0.09032968250179416,1.1333071590430106,-0.118325987677576,0.6877728618095071
1999-01-16 00:00:00,0.0041727501569656655,0.035004680744411765,-0.5825566565444997,-0.5732742115512317,0.005265475929776312,-0.5639246217040823
1999-02-14 12:00:00,-1.2423529568822949,-1.340835473176679,-0.4786116312028385,0.5324100057425638,-0.407418357404849,-1.612989395175367
1999-03-16 00:00:00,1.3714343773672528,0.18065327622148436,-0.2938110944516305,-0.3125079400115144,-1.2193152066776107,0.3018930239842883
1999-04-15 12:00:00,-0.4562018572890052,0.867516541810074,-0.05182787391728372,0.2243557565463266,-0.622662015366798,0.4148838122817501
1999-05-16 00:00:00,0.9541849010176229,0.14948321386579239,-1.0237461005879402,0.15605460541806537,-1.0570948460824325,-0.38037169803776544
1999-06-15 12:00:00,1.0944660125219763,1.165062696264857,-0.7168520815599314,0.757243389267104,-0.32087977072375157,-0.3746621820364074
1999-07-16 00:00:00,0.011072138911910098,-0.9001345809678041,-0.747719466378163,-0.2225012599960603,-1.1207405694254176,0.8501712875706613
1999-08-16 00:00:00,-1.2271802811208574,-0.49119722018121603,1.0001436281856932,-1.3141535210774262,1.2703944733924668,-0.3904743560925992
1999-09-15 12:00:00,1.2786008167191152,0.4484811749681416,-0.025316262624047483,-1.6124373527722005,1.477585529098583,0.40077729706257137
1999-10-16 00:00:00,0.8062084641061394,-1.0560601464692498,1.1517550209150433,0.13165503680660784,-0.19110393421002403,-1.052711700360861
1999-11-15 12:00:00,-1.1072358634690398,-0.2563552148559865,1.644149091943985,0.6345740365386849,-1.5813674190308322,0.36357266523371734
1999-12-16 00:00:00,0.41777119447189004,-0.8411317391494055,0.2671234446084213,1.0168393660993842,-0.941185250282033,0.47544711357656116
2000-01-16 00:00:00,1.898674588605514,-1.7541714873585585,1.057663193179826,0.3781916350808447,-0.7690011182936142,-1.5592042461695095
2000-02-15 00:00:00,-0.193001263199315,0.27231393348384303,-0.6127707422018914,0.33799148971458454,0.06455138775331419,0.487454456188639
2000-03-16 00:00:00,-1.6173568089952997,-0.649629190372492,-0.2136557286882195,-0.16862025427582872,0.3377383392020013,-0.14428301360550533
2000-04-15 12:00:00,-0.2967389911600251,0.5494875656814275,-0.7639768011169544,0.08802774201285724,-1.1633286118300066,0.1404974116745242
2000-05-16 00:00:00,-1.7010264217748519,2.140057894515192,0.4709544155135111,-0.6158348460914675,-1.0089452198706856,-1.0730611090837159
2000-06-15 12:00:00,0.7623389789093501,0.9161925600731315,1.2104034723468768,-0.1205351212679937,0.5384637715690603,0.7225695627628147
2000-07-16 00:00:00,-0.6750049642346173,-1.5284628339343973,0.36793242588120456,-0.4103635912970289,-0.11864930623142257,-0.08078184577814798
2000-08-16 00:00:00,-0.18896045054435517,1.7463185741543918,-0.24893493595278207,0.10409055276676232,-0.3252245367986992,-1.9336880377197534
2000-09-15 12:00:00,-0.29111396973711223,-1.48212003498683,-0.41254504326280467,-1.8457952670355946,0.24818155357072025,0.8111908237373243
2000-10-16 00:00:00,1.0461479593269134,-0.05659533079385001,-2.0500576438510123,0.07980841785949652,-0.5086906454912711,-0.5585863570455583
2000-11-15 12:00:00,-1.6391203089222788,-1.112204789618218,1.258106596129778,0.5560005453411272,-2.0755675575087467,-1.4243900638443476
2000-12-16 00:00:00,0.5475986393502186,-0.7545235770240235,-0.25409062621060946,-1.4175597819287575,1.9426455857658875,1.4256971651871584
2001-01-16 00:00:00,0.36285697376740617,0.16288760053605572,0.5318329708402294,0.3676536929428396,-1.8695290896726884,-0.13699207032018362
2001-02-14 12:00:00,0.04063849642700215,-2.5586348603813693,-1.7087655833742685,-0.3172358294330296,-1.6901888160199847,-0.36100982585136704
2001-03-16 00:00:00,0.34736470843645156,-0.17957879926181813,-1.7208579401480113,0.9266138897533576,-0.15981586382073937,-0.865524269767497
2001-04-15 12:00:00,1.3665742727487187,-1.325382951035288,1.4004463236226925,-1.8306871999778596,-1.5383716173842947,0.6543979804734052
2001-05-16 00:00:00,0.625843096439666,-0.9184276360834612,0.20892249338270824,2.728172132867927,-1.102256895821477,1.7494205073459772
2001-06-15 12:00:00,-0.01234916242701363,0.9961312176212397,0.470469174273125,0.4207894924389546,0.9184338914529179,-1.6877769257145614
2001-07-16 00:00:00,0.813568450669069,-0.06564030229956658,-0.9966042390529324,-0.3963549567686383,1.5059560345989609,0.11659739536277137
2001-08-16 00:00:00,0.17741764399087415,0.3428939296972578,0.402705679123257,0.5047544603780016,-0.057504767761739635,0.5422157090543754
2001-09-15 12:00:00,0.3626950077112063,1.6391485629887985,0.5848266414777435,-0.40957654987727066,-1.0596224108628807,0.13196664186163898
2001-10-16 00:00:00,0.20774510657146428,0.09543981132695487,0.8999530905940365,-0.3460506249049909,0.7834186372718979,-1.4393899793515896
2001-11-15 12:00:00,-0.9239974674041408,1.2270951473362928,-2.0629760279422458,-0.9802896962260126,-0.47754553119651616,-1.9022027500938186
2001-12-16 00:00:00,2.026593562838846,0.4676652468544932,1.9442207768074273,1.8143128124045418,0.553782108876244,-0.8517726461763901
2002-01-16 00:00:00,-2.8056469494373175,0.18926380747263977,1.4369293680105126,-0.46957473073874173,-1.175735686512206,0.41588781250008094
2002-02-14 12:00:00,-0.2007655888631834,-0.7188490229412368,-0.7083258402505529,0.05470801042725316,-0.8326534388838883,-0.7956392591792141
2002-03-16 00:00:00,-0.17929281322441518,-0.8919671992688974,0.45076395912924244,2.0694794235572127,0.49005084005530386,-0.6466692230004867
2002-04-15 12:00:00,0.37190731068233057,1.28318554886799,-0.1476633631091183,-1.1176443926779667,-0.23334832577367381,0.8085442108325899
2002-05-16 00:00:00,0.37665845366563705,0.37914838582296634,-0.7782259370144956,-1.8009941764786594,-0.12631965738698878,0.18880924516393857
2002-06-15 12:00:00,-0.13331978988333196,-1.995222838614509,0.5097958099726511,0.2750395678691764,0.5811048859056743,0.16358543537724493
2002-07-16 00:00:00,0.7172562947085527,-0.762112152013048,0.33830282267314454,-0.30669688395222505,0.725086604241898,-0.30644225586142176
2002-08-16 00:00:00,-0.14977204472852398,-0.2631233951047968,0.7108077540367713,0.35386477802433947,-0.7312073297102306,0.9429241947670189
2002-09-15 12:00:00,1.4097336279001191,0.022609253234848716,0.7787068826224021,-0.24043104171707053,-2.612464298502241,0.7113614238227411
2002-10-16 00:00:00,0.013193140802792304,-0.3074785532612499,-0.8180928895578862,0.6113828127518999,-0.5249272486227251,-0.7674628294645749
2002-11-15 12:00:00,-0.36075627566652024,-0.7266896575255449,0.3294861019778281,0.32570544024439557,-1.2808299759102295,1.1399916855213177
2002-12-16 00:00:00,-1.154607395651083,0.8712512742420679,0.5540718529058437,1.0362590914989065,1.0658500037506669,0.9042650605239898
2003-01-16 00:00:00,-0.2320123407585285,2.847365400192962,-0.25414236890981645,1.493240638264626,0.2300034358683169,1.0280294850715055
2003-02-14 12:00:00,-2.2095402667627786,-1.4411465698418033,-0.6719147226351581,-0.6274498274164091,0.10518395737827733,-0.2007990049156899
2003-03-16 00:00:00,0.5444574623569868,-1.439846381378704,0.424473922728025,-0.7294839700339508,1.116843244748613,1.2523730399208064
2003-04-15 12:00:00,0.6978030891375814,-2.7077040578539,-2.3295243842261146,0.20784167777467422,0.7063017682596571,-0.3888706422372853
2003-05-16 00:00:00,1.0598490822701134,1.732659227723033,1.8340232603991997,-0.5297484487511215,-0.7155930483416227,0.3914374551279137
2003-06-15 12:00:00,-0.37071325675731887,0.8581302649683284,0.4928580415873007,1.2614984631523651,-0.6875891186354752,-0.11588445693395824
2003-07-16 00:00:00,-2.0180588744269277,0.19116642615884338,2.407684714091689,0.5026833700369135,1.1654249703726378,0.46351599916548225
2003-08-16 00:00:00,-1.2001683169932225,-1.709045433516386,-0.6521349891968398,1.269640024950742,1.2495229085419919,-0.10304333603897575
2003-09-15 12:00:00,0.7361803800798009,1.5832548952330545,-0.972782111920005,-0.39344228338093085,-0.15682726417492981,-0.12381412323242974
2003-10-16 00:00:00,0.2119295607069789,-0.15326191428140185,0.08359618803121246,-0.6003787887228338,0.9077528695700905,-0.20154701176850717
2003-11-15 12:00:00,-1.0877065870920404,-0.012065302823194277,0.9384254826063173,0.4186772622850656,1.6589543938780364,-1.3919352417374746
2003-12-16 00:00:00,-0.04942672318266497,-0.5007224387804192,0.5264639675438255,0.6308321722802968,0.740728175421365,0.14281027883949113
2004-01-16 00:00:00,-1.824175238539055,-0.7099489106592971,-0.5262614249053834,0.2986477799578271,-0.030269300151900776,-1.28580184734
2004-02-15 00:00:00,1.8013602808598204,0.34011345281366484,-0.9133166595669142,-0.8550810216462204,-0.39691902244882465,-1.3882803046985817
2004-03-16 00:00:00,-0.4156893677802179,-0.9374263752954327,-0.9498776112514323,-0.10341854188505947,-0.34628830496626195,0.9391250000684928
2004-04-15 12:00:00,2.158475394303223,1.2638283103428958,0.666723314163405,0.6089414537237794,-0.4206166222766315,0.4251300996229565
2004-05-16 00:00:00,-0.4782984056626388,2.123863014573161,-0.30931727174642104,-0.5564938221710094,0.24307838300053597,-0.22820724890469854
2004-06-15 12:00:00,0.9011294795613612,-0.950819276934948,-0.8816948479855276,0.511614149254308,1.2059803969624414,-0.33421787573583117
2004-07-16 00:00:00,1.3381393094647418,0.16061713130307054,0.22658288350233852,-1.1157006038885975,0.6286507578700954,-0.04517163107371326
2004-08-16 00:00:00,-0.2286801092068529,-1.4279585799701697,0.2716152838391636,-2.3812243006907616,1.0966765523899378,-0.5201474126728741
2004-09-15 12:00:00,-1.183105931668801,3.292486560217689,-1.6970394200024304,-0.6411210855559926,1.5183034360957883,0.9158031738078517
2004-10-16 00:00:00,1.6228554440434204,-2.279711058398891,-0.7881216242846051,1.364391262789332,1.1203899934266102,0.5792194870337307
2004-11-15 12:00:00,-0.23952764158127327,0.38516152668812315,-0.052185124727764536,1.1691399316450652,-0.3940418988531079,1.3019764803059006
2004-12-16 00:00:00,1.0272147132491918,0.3164517666554386,0.016883629627107898,1.0655397438867038,-0.12369218450431146,0.6546421124112106
2005-01-16 00:00:00,0.4411400089697102,-0.3325004354844835,-0.778745283373026,-0.07636612918050037,-1.719289372358203,0.7506262673043614
2005-02-14 12:00:00,-1.4433202399630556,1.5411690273098602,-0.5902667990051026,0.8661579018852381,0.30119458745552385,-0.0450010432884366
2005-03-16 00:00:00,0.8760527687130962,-0.581746670338925,0.8609813453502834,-1.03757823839021,0.5834316754709845,-0.12491094725781351
2005-04-15 12:00:00,0.08748372973170683,0.5927820399086727,-0.6684659722729083,0.6298932424186114,-0.703242530175074,0.9630393420343827
2005-05-16 00:00:00,0.7046569051172275,0.7521221624711872,-1.2255220629359234,0.08298308339888916,0.47858371685561124,1.4262908470978306
2005-06-15 12:00:00,-0.20086028790240418,-0.20841437059987106,0.631333422078739,0.8250239440958589,-1.476322999331362,-0.18379488955616108
2005-07-16 00:00:00,0.29236789508695443,0.7035620064018873,1.371053718724776,0.6277602204049333,0.04779413186555554,-1.9585693965622748
2005-08-16 00:00:00,-0.3565005646523485,-2.4789601914032486,0.8803263359573563,-0.7739925999230621,0.9938064053549301,0.0006253557866790632
2005-09-15 12:00:00,0.1689505075994461,1.6494241828757474,-0.002008664971678606,1.2945389648843517,-0.1271290979858966,-1.5103816043874323
2005-10-16 00:00:00,-2.307096341782016,0.509021201275083,-1.715137443892697,2.5912169512615844,0.980701836902905,0.9445690754776636
2005-11-15 12:00:00,0.3869445372112061,1.0483745548931642,-1.3579945949102659,0.038045158952224004,-1.2206673692435295,0.5526967340411834
2005-12-16 00:00:00,0.20147279389619624,-0.3598792941678161,-0.7504908841792196,0.5027123569774292,-1.7035522872073265,-0.4122307033545186
2006-01-16 00:00:00,-0.66874226472725,0.8781408316913029,-0.3081113950063879,2.5759450748208614,-0.19834026730703663,0.9649368141819548
2006-02-14 12:00:00,0.6863242642443371,1.1085839457601212,0.7510768566993501,0.19679967346714847,-0.6939801700727946,-0.5380573363931248
2006-03-16 00:00:00,-0.8864628066574112,0.6313992095676024,0.2068294572480237,0.0539620705068502,-0.8781126549696232,0.6610503683912545
2006-04-15 12:00:00,1.9398833328169136,-0.1746092727324317,-1.314903112795149,-0.9988906054304176,-0.5340292931072809,-0.5759058490397995
2006-05-16 00:00:00,-0.7857728415479593,-0.0391222569042988,-1.2490571536045056,-1.0473227177859916,-0.5422746705388981,-0.2229767268282876
2006-06-15 12:00:00,0.7266332469581013,-0.29423163619082127,1.2243093700009127,-0.25381658728234674,-0.3551185775640074,0.46600260020011003
2006-07-16 00:00:00,2.164220535757197,0.3716726500337986,1.0286382955828843,0.45320375897948406,0.19054093203176659,0.6060375708156168
2006-08-16 00:00:00,1.8092488655661259,1.0170757949443938,1.0097953970405045,0.40582413384106814,0.9102212206292488,1.4018911379301298
2006-09-15 12:00:00,-0.08604950089475097,0.23579500340821408,-0.8127952658622547,0.2191184686208586,0.5825716429728305,-0.10870737231500466
2006-10-16 00:00:00,1.4892511141737599,0.11073685206420514,-2.2567466226145636,0.5323625883924552,0.27857404616697606,0.8513142773337652
2006-11-15 12:00:00,-0.3265746057173893,-1.099352758480786,-0.7050237335298869,1.1370033068869925,1.6663096581357526,1.7205127717451552
2006-12-16 00:00:00,-0.06346293923235324,-0.275973821024485,1.9632370771703807,-1.3090907217299887,1.0610355443588182,-1.7937137786639488
2007-01-16 00:00:00,0.36767766901963045,-0.602044787878081,1.3607366768458975,0.5003797847192644,-1.2179446814858768,0.0880455607378947
2007-02-14 12:00:00,0.2343859589967333,0.45316443369036175,-0.5855160414889385,0.35047977524461593,-0.7394861984361127,0.48883117584710517
2007-03-16 00:00:00,0.30308757738941783,0.3787269529800432,0.09453615374207822,0.46132335680491193,-1.7264855502175191,-1.1539590119101746
2007-04-15 12:00:00,-1.1309553504139391,1.0106959279609482,-0.8043152998166003,0.1825728441537185,0.24392215083096008,-2.46604250929869
2007-05-16 00:00:00,-1.2278616045459658,0.2371446826820584,-0.9361266268029834,-0.008971049123987121,0.35131917681661445,-0.36832331689108516
2007-06-15 12:00:00,0.6105004407493502,-0.26531256068169,-0.3364021546326743,0.5799737991501255,1.1779789327117152,-1.0273743591291258
2007-07-16 00:00:00,-0.266067880341085,-0.02905388840427029,-1.3563389235166858,-1.0477189349461122,-0.5925507768049374,-0.7325235995132003
2007-08-16 00:00:00,0.9038119376668636,-1.3137335155113359,1.2071091637337963,-0.6407998036357974,-0.5699139106986577,2.034498531061065
2007-09-15 12:00:00,0.6248719317447434,0.19724319484812874,1.7569799793865464,2.383191204862166,-0.5759625491837544,2.332934119517043
2007-10-16 00:00:00,0.006614412910224507,-0.5484262083636736,-0.8709561901602951,0.16752242151665142,0.7130497047045095,0.6895115317905959
2007-11-15 12:00:00,-1.1729106867344126,1.0529488913469465,-1.0112864739084033,1.3011678465422944,0.571711895701637,1.349119012123969
2007-12-16 00:00:00,-2.4059256591590628,-0.11281473128676302,-0.733420593444228,-0.35288109840748194,-0.5794262230811118,0.22978359384652078
2008-01-16 00:00:00,-0.31184588265890445,-0.22607913605786978,2.162863960628858,1.1614913226479884,-0.8888847368979276,0.2528005740844477
2008-02-15 00:00:00,0.7878592922781413,0.46392275170887975,-2.372255161975314,-0.9888882979648101,-0.6456449903394177,-2.36910372970138
2008-03-16 00:00:00,0.351561820814139,0.49860462494881536,1.6560424758565921,-0.15801458722231074,0.8602873781164176,-0.26404241380009474
2008-04-15 12:00:00,-1.2161326693516332,-1.3763154918304157,-0.1111635005373467,1.6991992221929235,-2.5977689847554357,-0.2661099940498191
2008-05-16 00:00:00,0.5401673764714603,0.39683400808942804,1.8577701847394283,0.7594157951487439,-1.9640054358490193,-0.3935404006794036
2008-06-15 12:00:00,1.0431506083246262,-0.37094591451601716,0.3056519142795749,-1.444838561496058,-0.06262362207571415,1.1792579929214415
2008-07-16 00:00:00,-1.6605799771821792,0.08221229897157639,0.7411114749745706,0.8709482301105023,-1.1286989982734517,-0.6595587370583098
2008-08-16 00:00:00,-0.7344672415106558,0.02403134987605219,0.19706343529329395,0.4435297027798569,-0.12459022176447984,0.43419363369229197
2008-09-15 12:00:00,-0.3550714251662454,0.5522304778336705,1.36564672585788,-1.0958987505839202,2.3048196596085955,1.265444922358421
2008-10-16 00:00:00,0.958359787442726,-1.6126995217065927,-0.9603775953727132,0.24629212604706704,1.6428873539487743,0.4303982441547524
2008-11-15 12:00:00,0.973950929596412,-1.320339537345613,0.4111531045839243,-0.9547606684576544,-1.832818024874209,0.8643084298543584
2008-12-16 00:00:00,0.8789208140123191,-0.29795943340393455,0.47574270291662635,0.9875199724689447,1.2070600268677751,0.05741882182895057
2009-01-16 00:00:00,-1.816724648328628,-0.06287267407732831,1.0805972621800308,1.9272841843305661,-1.8028493809629413,0.30708012073572444
2009-02-14 12:00:00,-0.5235111118400123,1.6843682554574964,0.4189977051994818,-0.09697824421539136,-0.0845795627162374,-0.4408192458199514
2009-03-16 00:00:00,1.2809349734953046,1.3304439519442741,-0.23660122094742153,0.010851007835314931,-0.3117384637290113,-0.6704178988101416
2009-04-15 12:00:00,0.21626855383559698,-0.5430245234803133,0.7716374378313282,-1.744055855110828,-0.2538472785904127,0.4958044189774987
2009-05-16 00:00:00,1.0378553298283602,-2.3622683234025725,2.5962615552185477,-0.5495497591200169,1.01254500131135,-0.5031014044192137
2009-06-15 12:00:00,-1.3475624555828234,-0.968821011777822,1.1421588655892794,-1.6423008647493127,0.8524703352952685,0.038704819428678525
2009-07-16 00:00:00,-0.7119043239608903,1.631554383268889,-0.998657702351651,0.626025012003854,0.21958234138782734,-0.8131419052482656
2009-08-16 00:00:00,-1.7348468809473176,0.17035544030523425,-0.2837431967463859,0.20715287295293955,1.5190703544994013,-0.08626252260108253
2009-09-15 12:00:00,-1.0448279310847852,0.41195428291557473,-0.27633440389232855,0.2601255589816597,-0.5670783257157038,-0.2047120773711668
2009-10-16 00:00:00,-0.19014503966421542,-1.2401029720383108,1.6923055597389856,-0.8247584473449885,-0.025135721226932285,-0.6846119681561331
2009-11-15 12:00:00,-0.22024289248271373,-1.4467022290283769,0.7773752448644605,0.816884664222296,0.009573308333885224,-0.3941432516971732
2009-12-16 00:00:00,-1.2143604723318748,0.13994280984852614,-0.2859291977435305,1.5725032645295358,-0.923652540841862,1.3550678034054748
2010-01-16 00:00:00,3.0601366595764454,2.7590448040206246,-0.6689780139894524,0.5095134531244235,-1.2393528560666083,-1.7310449226439875
2010-02-14 12:00:00,1.3929336310816895,-0.5156952135226633,-0.32056394022612894,-0.1668710091255532,1.2606957870062445,2.524036874881284
2010-03-16 00:00:00,1.1873682145333888,1.0145564517499586,0.4575481852733492,0.5139782475835293,-0.7067237090423214,1.7824395706146385
2010-04-15 12:00:00,0.03761526773960396,-1.3685584833930873,0.12502519339977025,0.09396009175517778,0.6390138489268617,2.219697511226623
2010-05-16 00:00:00,0.12578614875341043,1.2358256568936858,0.1262815437547253,0.2167833217563597,0.6716624879312231,0.8109554624886901
2010-06-15 12:00:00,-0.29627291078016704,0.39979376435312625,-1.0148882230958018,-0.5908270868497947,0.36240327795956395,0.5512225317174496
2010-07-16 00:00:00,-0.6083106838889347,-1.7148795347223702,0.174981429960002,2.0464493489400852,-0.26602564356138175,0.14191135805864977
2010-08-16 00:00:00,0.4610476716054458,-1.794085211755446,1.8099652441066345,-0.8312874973530315,-0.7251282346407747,0.2501202825438402
2010-09-15 12:00:00,0.47787743878759514,1.6480355872587389,-0.1739082673133752,0.14763801176308883,0.39875521091747274,1.1164499151554381
2010-10-16 00:00:00,0.6165781272572901,0.1300795905786511,-1.2261274900004093,-0.8610584267367796,-0.08029764912262238,0.6050194964269854
2010-11-15 12:00:00,-1.173771460680054,0.35218232709238434,0.008554835917021532,1.5202796148354716,0.2883818825729339,0.06053421473841379
2010-12-16 00:00:00,-1.1858090849944347,-0.45358189130188675,-1.0446878026574566,0.5635788194713225,0.8786616176154867,-1.3198270290251735
2011-01-16 00:00:00,-0.650090256891839,0.268926559634498,0.39732905854596456,-0.19580282772153007,-0.6081143331444164,0.7392604490478055
2011-02-14 12:00:00,-0.31754012511373764,1.410286037767927,1.5552645321003746,0.9141747915775382,0.37128655260233034,1.0708802336206726
2011-03-16 00:00:00,1.0589373544472744,1.6030077456033673,-0.19478726612512795,-0.09753703265757008,0.3204450585324398,0.014736208883792037
2011-04-15 12:00:00,0.4220180941175706,-0.6872662218693969,-0.7484616953072905,-1.227776200570261,-0.9583620936066903,-0.1496759732973744
2011-05-16 00:00:00,1.0618807883323058,0.8951063228420102,-0.3704997498274622,0.2885545833823224,-0.3616027750561871,-0.6539705737139516
2011-06-15 12:00:00,1.8038390880974735,0.0933969799614003,-1.219098063683941,-0.24085986016677546,0.22804338468371615,-1.0189974289032295
2011-07-16 00:00:00,1.9967978162466866,-0.5443032325169822,0.5464557207535381,-0.8616304941287547,-0.3537629883480612,-0.831058014618642
2011-08-16 00:00:00,-0.883589705114114,-0.891000154154499,0.8312224886771941,0.6603576714187518,-0.3344784904405311,-0.5745524716131717
2011-09-15 12:00:00,1.2269582140152053,-0.0768357094265187,0.17226127669474722,1.2899460379471235,-0.3777431797565383,0.6927472719600392
2011-10-16 00:00:00,-1.4547371621653984,-1.2421978637480693,1.0048833364173269,-1.933501938878307,-1.0347185991902783,1.3040610783866295
2011-11-15 12:00:00,0.7628912510499077,1.661173200114015,0.02843764610387984,-0.3074780252453044,0.1562522241327124,-0.7063486950789726
2011-12-16 00:00:00,1.563458994151576,-2.259732733425155,1.1251193634965224,-0.2594750174806362,1.7467929113415903,-0.8273107559861125
2012-01-16 00:00:00,0.23128821378626016,-1.0537194962286522,-0.506563527308759,0.46324101730273287,-0.2882085024588231,-0.7247211352979923
2012-02-15 00:00:00,0.12668222733167586,0.7046412119901486,1.3906987188607558,0.2610062667888411,0.3839966069125439,0.8130355449777417
2012-03-16 00:00:00,0.15155442941773267,-0.8006585226967923,-1.0210919487945749,0.04998227683992669,-0.024126481154507058,0.021256910960025632
2012-04-15 12:00:00,0.15068978121981047,-1.3841884800265964,1.6095998506145424,1.131904841053663,0.30053972326447437,1.355277942967211
2012-05-16 00:00:00,0.4300799735806587,-1.5557251609830123,-0.8819522360905546,-0.7523826359040244,0.16588043907810596,-0.7533218138922065
2012-06-15 12:00:00,2.4575463930937045,-2.4527230488567473,-0.5164114836931912,0.06325577674408464,0.9420886358124265,-0.8422505310006737
2012-07-16 00:00:00,-0.7357576392760833,-0.20976938354904784,-1.6047576904906833,-0.2603194151356379,-1.357011569467177,-0.09307797473743086
2012-08-16 00:00:00,-0.23243775807799705,-0.3626779459702721,1.4957093456831072,-0.802915073648309,0.867266804942147,-1.6308034603585546
2012-09-15 12:00:00,-2.2398065340653095,0.31162319702130337,-0.10919052723173872,-1.5099645885921944,-1.5808732171540587,-0.9648566004130528
2012-10-16 00:00:00,-0.7616119458233077,-1.518808999087104,0.16592927025931486,0.2834294285429445,0.7465733156803249,0.28979427100042787
2012-11-15 12:00:00,-1.291173080470328,0.197367815955529,1.802819740185933,0.6777917593466791,0.29858988444445217,0.19324675173990538
2012-12-16 00:00:00,0.5839607168783246,1.1624772113666562,-1.4134193711605987,-1.5124412863820451,-0.7367606762136393,0.595482634467744
2013-01-16 00:00:00,-1.6421443198104615,-0.3003735758847301,0.6141170471210158,1.126357633264132,-1.5145608407922064,2.7485926651763397
2013-02-14 12:00:00,3.448324063803377,1.3300264479436839,-1.5185321517364596,-0.714039796820314,0.9002918664625442,0.8158923444639444
2013-03-16 00:00:00,0.9128302106646835,1.7373574952500332,-0.9450606746963665,-1.9531510756447357,-0.11815157263693041,-0.6750932693678205
2013-04-15 12:00:00,1.5423023788282602,0.565669829846209,-0.26735520895426584,0.8775997044150698,0.7356524343269216,-0.7737101230033296
2013-05-16 00:00:00,0.5552972628264219,0.34866969511634477,-0.4231048841215519,-0.1115991769221292,1.5002535361252276,0.260056553368696
2013-06-15 12:00:00,0.6088826741272843,-0.7197744763668933,-1.5787771781222173,-0.28154765545012106,0.5361312086712989,0.2606805404684168
2013-07-16 00:00:00,-0.3962047969912376,0.3793746985263274,0.43682462411431994,-1.1515577637288352,-0.06790742093870011,-1.0459410201848829
2013-08-16 00:00:00,-0.38486326873272814,-0.0024894046935352993,0.7397407589835059,-0.9554748466515306,0.8097847768659396,-0.6753194689683893
2013-09-15 12:00:00,-0.6366562024149782,0.150231799238963,0.5572878094281886,2.033782069769497,-0.06194665154870139,-0.08474783349673327
2013-10-16 00:00:00,-1.0525956241190906,-0.5511201894367336,0.6275499314172341,-0.6701897942053272,0.8803385159883748,1.1467473262122811
2013-11-15 12:00:00,0.2776592908762572,0.30608697676073937,0.6286392260131947,-0.15904832469155594,-0.3427454465002732,0.05310287842768434
2013-12-16 00:00:00,-1.0733630365916251,0.9725133162452633,1.1534847884401347,-0.5949954946482696,-0.5211036220942579,-0.20144465945214599
2014-01-16 00:00:00,-0.20173205146097556,0.4711587441218955,0.13875043681425114,-0.02260658156820053,-1.816095706673075,-1.0338094765822363
2014-02-14 12:00:00,-0.14797801285277257,-0.05382618347896656,1.7366185253860016,1.9455477868144933,-0.8726217864470325,0.13652568171961724
2014-03-16 00:00:00,-1.5950852194091452,0.829574378855266,0.7542947699875868,0.5555891785640417,-0.5968524791912639,0.476452606928466
2014-04-15 12:00:00,1.0543387102963764,2.2442091258734704,1.3706305388840585,-1.411444069829863,-0.19878107357963987,-0.9363379788652523
2014-05-16 00:00:00,0.2643435931413135,0.07421685637355206,0.6453716637735901,-0.4730798250727943,0.45942240337841567,0.6968483769997209
2014-06-15 12:00:00,1.2003116462126813,-2.3927568380436637,0.7145197146896424,-0.2176440100273646,1.0299741101873359,0.2939601953678079
2014-07-16 00:00:00,-0.9940369953939474,0.8712570098328027,0.3840677896438039,1.0296882012963569,-1.289722120187843,-0.155422463882632
2014-08-16 00:00:00,0.19303950878585782,0.7668572111948124,-0.606396081734135,-0.6661284973478638,-0.4284855301340052,0.6821428050036975
2014-09-15 12:00:00,-1.0861401215656705,-1.252664461170242,-0.4526808108317617,-0.5834740242375602,0.4708373957731761,-0.7657665143776693
2014-10-16 00:00:00,1.769911249105426,0.7428395056551357,0.3858846171461152,-1.2943916987652724,0.21040421323839786,0.17517467765547232
2014-11-15 12:00:00,0.3712249698011436,0.6743812074987218,-0.5109515543751423,-1.4152809651258929,-0.3865091030015808,0.12819546396270368
2014-12-16 00:00:00,-1.830878457796843,0.3071747091048767,-0.9555553776341483,0.930677899034432,-0.3066831902774223,-0.016841755462575634
2015-01-16 00:00:00,-0.09535313898552147,-0.010031131261848195,1.414244320808961,0.40748643586046857,0.09010041317264554,-1.2680607728347753
2015-02-14 12:00:00,1.0173916494077297,1.040759927015788,-0.8468305075434936,-1.4541098416911695,-1.6327478825705397,-1.5584641810484325
2015-03-16 00:00:00,0.7834423234314806,-0.5049584707942256,-0.41374638598982466,0.8599089582018691,1.2157095531216577,-0.5589609469216031
2015-04-15 12:00:00,-0.9798080139486591,-0.4155866688897948,-0.02524068720229042,1.5688988193521356,-0.24555881882600117,0.9894661031953224
2015-05-16 00:00:00,0.3585478212825783,0.7865099699918988,-0.4571754219011814,-0.5955889687715308,1.033977190017294,-0.10393715248233712
2015-06-15 12:00:00,0.48822780776347174,-0.04200334527064885,0.23525364796491358,-1.0998318880749827,-0.08334155659538708,-0.05083353674937434
2015-07-16 00:00:00,1.5687041896497085,0.036544283648404424,0.34796452945493056,-0.6702788500809973,0.3620194487032028,0.07486491201801308
2015-08-16 00:00:00,-0.6109172234336546,-0.6784764812941292,0.558227244141642,-0.16070921971359678,0.5072731807420437,-0.6752764991302558
2015-09-15 12:00:00,-0.07513458895018943,-0.05564463823909681,-0.3616961064366124,-0.3416746413791257,2.7102548087926315,-0.5403067287872987
2015-10-16 00:00:00,-0.30056494396058603,1.504019067697358,1.958438889739759,-1.5685514509712974,0.7107201442080757,-0.3746997067708423
2015-11-15 12:00:00,-0.6548259184672873,1.1159947391527714,1.074174201601869,0.8936926949556236,1.242546404870573,0.07677233016549519
2015-12-16 00:00:00,1.5305132297844657,0.5661809138357311,-0.052796345070810935,-0.28687375958510863,-0.10142700506649917,-0.8015263607097062
2016-01-16 00:00:00,-0.9123002659217725,-1.6656040898046625,-1.3604288962772795,1.3968069427849437,1.390291835713633,-0.20648428730814566
2016-02-15 00:00:00,-0.7450853515490169,0.24291064924444955,1.3202707707753798,-1.338796605041402,-2.2423093094478874,-0.7800350848709898
2016-03-16 00:00:00,1.388230784808933,0.8170736443869893,-1.4773771375682117,-1.2640915723569948,1.2977033979610622,0.9792746468060649
2016-04-15 12:00:00,0.6338784966936154,-0.23056756824103142,-0.08725971961150716,0.37536363700369907,0.3443807567125459,1.0950155841090083
2016-05-16 00:00:00,-1.0145028917715249,-1.2276202301320236,0.034705801163687676,-0.42090791158011426,-0.2691591337764267,-0.047866212151600585
2016-06-15 12:00:00,0.3037703458571972,0.7849667768119957,-0.7420844260349826,-0.6577619660584924,0.326685462174413,1.3264196586702302
2016-07-16 00:00:00,-0.8971462940331774,-1.590059478667676,-1.611538823883368,-1.5955524914704193,-0.5360544793419479,1.9797132016453043
2016-08-16 00:00:00,1.7241189087848598,0.12887174256130718,-0.9947538839434847,0.6051315766824863,2.9991293337153513,-0.027026831357957654
2016-09-15 12:00:00,-0.6655786945386831,-0.4897291860043411,-0.5677442688351331,0.010068331540339558,-0.6601867106345588,-2.207431743316283
2016-10-16 00:00:00,-0.618879561706548,-1.4745602211780813,-0.7532239443577128,-3.1522297684537763,1.0937869374576636,0.2086012082141164
2016-11-15 12:00:00,-0.314444771094119,-0.8496174073659596,-0.05948437138808996,0.6888545695632595,-0.2502134513589971,-0.8314606513050834
2016-12-16 00:00:00,-0.623536263912266,0.5982700234721763,-1.337580267292355,-0.6190939873138042,0.13951658701510766,0.9147332542460683
2017-01-16 00:00:00,0.37954969606430305,1.5691743184155877,0.44836066812828157,-0.615264620262473,-0.6911891617570423,2.0576552148253007
2017-02-14 12:00:00,-0.358195276064685,-1.194745914690328,0.1843573441531202,-0.7466332187209133,0.05572692371023488,1.1118125689460165
2017-03-16 00:00:00,0.3130047203580036,-0.390785719560058,0.2790384096402454,0.28120543829504785,-1.5612063735818569,1.1004533624338533
2017-04-15 12:00:00,-0.0063058306490370725,2.041064533655238,1.5932245689670193,-1.2543095880083073,-0.7419772252599796,-0.6108824416722035
2017-05-16 00:00:00,1.8535708049040729,2.1771764143252668,0.40871438159998624,0.5527180196705458,0.8209943118315223,-1.5381133381080925
2017-06-15 12:00:00,-1.0687400728600618,0.04252786974059426,-0.39974014662164603,-0.9224833638732999,0.0546171894714436,-1.2928394390418523
2017-07-16 00:00:00,-0.7840166174746547,0.8013636157870725,1.873882827361483,-2.535308221801622,-0.07746168362776164,-0.2443020334713122
2017-08-16 00:00:00,0.22106013888680143,0.14851114657873266,0.6325754387892535,0.6796035177223096,-0.7747217031000477,0.6540299924219816
2017-09-15 12:00:00,-0.06852157939092152,0.9058280688392978,0.0995541594591321,0.4137238539297115,0.6802554773808408,1.847953456812498
2017-10-16 00:00:00,-0.3171439796598059,0.07835367242390984,0.8986923844239623,1.2465176607344683,1.0142059869612359,-0.3768371098557299
2017-11-15 12:00:00,0.4442011545407217,-0.27017667186481864,1.4680690812375168,-0.7374275305361251,-0.6143949938407289,-1.7482130218033247
2017-12-16 00:00:00,0.19770995199427777,-0.60141180082251,-0.9274892113187632,-1.0499847256747983,1.323861229206347,0.6913442717382865
2018-01-16 00:00:00,-0.3235709972367393,0.10405316616835383,-0.924811759401462,0.4777423038423434,-0.22485829668073637,0.2727777505474348
2018-02-14 12:00:00,-0.42071580562803174,1.8479173728662488,1.3048781920277215,-1.219637999197695,0.5141063210740665,-0.2729206938851719
2018-03-16 00:00:00,0.6843465579812696,-0.9975955669805171,-0.1066287950353885,1.2721272960809062,1.316618864874743,0.17714925617902488
2018-04-15 12:00:00,-0.35936154487049154,0.45858720147573245,1.574795640056898,-1.0129575703123768,-0.23587393929470685,-0.8071974654964488
2018-05-16 00:00:00,0.023925739830330355,0.2383139906789512,-1.6643468857033423,0.5982143394335437,0.029781341696988074,-1.0076203630070568
2018-06-15 12:00:00,-0.44022978308789584,1.3855249665583054,0.811223660534465,0.5791819052342666,-0.954009850656549,0.390247488460961
2018-07-16 00:00:00,-0.20863223112861667,-0.779494151637384,0.42750174507646066,0.775643497737827,-0.9698741996128246,2.0048928642268273
2018-08-16 00:00:00,0.8938605603583037,0.4802598020901957,0.2491557980879626,0.003175713779292086,-0.6031294865519049,0.8489037379191227
2018-09-15 12:00:00,0.23682744600747663,1.1176076131464534,0.4517929275159941,0.07250346749187238,0.8341067720790062,-0.4007364510232845
2018-10-16 00:00:00,0.5131269906476705,-0.944069308696223,-2.0712047423478617,-0.2744702169262529,-0.42351037187252427,-1.3895775542446331
2018-11-15 12:00:00,-0.09692746726969864,0.7990370211539509,0.6835625762594141,-1.2436225699122068,-0.13199261023148262,0.14818027594295
2018-12-16 00:00:00,-0.39261507864515155,2.0052515314155195,0.14429259196918115,1.2909833488976978,0.7149705637741517,-0.18030706199287305
2019-01-16 00:00:00,-0.6364899286950362,-0.9710166910056175,0.9176975618561907,3.6019981621622335,-1.188782656088889,-0.9890637146567153
2019-02-14 12:00:00,0.9279165536824011,-2.4864349525561087,-0.8137779575903906,0.676146274222116,1.648415095632258,-0.11700336441380144
2019-03-16 00:00:00,-2.430989601766604,-0.4171545143386612,-0.40172283719914975,-0.41794824568641625,0.5649920841078077,0.5679308389639013
2019-04-15 12:00:00,0.7409794876024961,0.1720024389571007,0.05054535101876854,-0.8801952301748084,-1.727753959442775,-0.46960856705145776
2019-05-16 00:00:00,0.2120728661910338,0.885480316248471,1.1851689832488217,0.4713812698215518,-1.4614105399010693,-1.3052862818266442
2019-06-15 12:00:00,-0.8145576148554561,-1.77314859615776,0.9664614528452227,-0.361304992691552,-1.036295596596729,-1.5719171073606921
2019-07-16 00:00:00,0.11736971642808315,-0.7270906881891347,2.12037902775723,2.1737071224132514,-0.44476961167681556,0.7296546977031242
2019-08-16 00:00:00,1.4874803344572032,0.6570890405122789,3.888464401044938,-1.1373772171824352,1.8736721573602828,0.7068285352730928
2019-09-15 12:00:00,0.4400717897787416,0.2128306393198569,2.582892065554744,0.9222778979935649,0.5511997928875563,0.4046262919723246
2019-10-16 00:00:00,-0.2620541361604265,1.6535301184058562,-0.14029038398767477,-1.0202551006025788,0.9121761074061354,-0.3249012509766054
2019-11-15 12:00:00,-0.23463337803125855,0.45369409160521307,0.9838543835583277,0.33439165176023583,-0.05439906012216971,0.49665180438498324
2019-12-16 00:00:00,-0.20782563317747194,-0.7136329918946356,-0.49418044312096826,0.8633577855822341,0.12369798708217629,-1.0359563534355687
2020-01-16 00:00:00,2.2969939615605393,-1.0047470179761824,-0.4791114233774748,-0.43143937240552616,-0.05828987071101863,-1.3943503887606128
2020-02-15 00:00:00,-0.994815144134622,0.06845637086758435,-1.0807852988704847,-0.13565912362869467,0.6875984984363427,-0.4993474581637864
2020-03-16 00:00:00,-0.4697656831795385,0.1067806729352853,-0.5235995047029327,-0.12130450066080628,0.11465637297252848,1.7719475421355126
2020-04-15 12:00:00,0.6017139769361121,-0.43944344387364365,0.07348016621699377,-1.5201979909021115,-0.25331102077903794,0.31068291203099346
2020-05-16 00:00:00,-0.5118971742007311,-1.3970704535335197,0.24537781489063318,-0.34560156132203945,-0.4411175946172865,0.7301122934145262
2020-06-15 12:00:00,-1.0551309984408606,-1.3503126833615842,1.5549156356895868,0.29366353615595175,-0.12789057416344862,1.5482040863587154
2020-07-16 00:00:00,0.1760818641461133,-0.9022014546383479,0.711913179953684,2.2732546728354746,1.4274201380209317,0.40664657517567643
2020-08-16 00:00:00,0.01127390496112371,1.341912409881195,-1.3577985549410831,-0.3066590340910459,0.8574340737636504,-0.5045628101907128
2020-09-15 12:00:00,-0.30398325388243835,-0.9788267282579827,-0.25259940524037505,0.9822940975015566,-1.392209525470566,-2.157637712357021
2020-10-16 00:00:00,0.7121574640674935,0.6075947879722927,0.8562699334390103,-0.611562807114012,-1.2284287652966137,-1.2589677382617945
2020-11-15 12:00:00,2.3939038863759903,-1.2814176354461881,0.18155322169824767,1.0436071122647128,0.6959876627212921,0.8863974213349197
2020-12-16 00:00:00,1.969315300938049,0.18759243113639562,1.020967743608314,1.4939638275280398,1.1599772245093594,-0.246133685566832
2021-01-16 00:00:00,0.8253856998590395,-0.7284349357332981,0.37929094262861707,-1.0946844437648855,-1.3591198571499306,-0.12170366580532738
2021-02-14 12:00:00,-1.5569436379523116,-0.2914099560286127,-0.4583010727021637,0.5707420035485375,-0.26926144325100015,0.7665513609971644
2021-03-16 00:00:00,1.7859493294494542,-1.3546511715036778,1.4779712862281578,-0.0896347337249489,-1.6001363233817272,1.5620253110537863
2021-04-15 12:00:00,-0.4376473684746354,0.06680752042710217,0.22269552412423446,0.8729815376781356,1.0800944879635856,0.17690092407620323
2021-05-16 00:00:00,-0.9580433739496708,0.24234696673080414,-0.1114423589614581,-0.020909312425265017,0.696467680913764,0.2517271013555636
2021-06-15 12:00:00,-0.8711262752895387,0.40248771524766636,0.440902899091427,-0.38926837534059217,0.3005243313878722,0.8132434420966419
2021-07-16 00:00:00,2.0808944186061527,0.16679761417108574,-0.9599762857166617,0.48081699551695056,0.46814676789871884,-0.9207894246527611
2021-08-16 00:00:00,-0.9320153840168316,1.2707945282925828,0.2680976305145374,1.036159556692146,-1.8141543698041693,1.0822903658400906
2021-09-15 12:00:00,0.5938190244206271,1.2099116879509997,-0.7636965205789076,1.1631652814581666,-1.0348793445503817,0.10542335572414907
2021-10-16 00:00:00,-1.0344346351639624,-1.7491211745262834,0.5693122436512107,-1.2912228548936266,-1.7423845357880892,1.0819266945686445
2021-11-15 12:00:00,0.9415317335733318,1.5942966815683113,0.727737392360582,0.17408471468598508,-1.0520307412672567,-1.8943021633906596
2021-12-16 00:00:00,1.840806976880843,-0.48086638696859285,-0.27393808788180285,-1.0366622530507112,-1.9480010114683461,-0.2479822685170798
2022-01-16 00:00:00,0.49029538412292056,-0.5748277434381027,-0.6760610964274679,0.8877459320599372,-0.25509453933483783,1.0331857142263121
2022-02-14 12:00:00,-2.0750123024201703,0.7162439521310154,-0.7720954877653832,-0.2077153257117299,0.4442809532360524,-0.0366988356305203
2022-03-16 00:00:00,0.9310704527345991,-0.12413927041439039,-0.582637131302797,0.5163348418288548,2.365507719942189,-0.81939393672965
2022-04-15 12:00:00,0.1415540186632439,0.4245313821161303,0.4649151297691687,-0.17230840884164797,0.06789938655281069,0.6007220903142211
2022-05-16 00:00:00,-0.2131865075279536,-0.07212292961878393,1.217151666682528,0.1888785013167098,0.6968424886393749,1.1974869457763224
2022-06-15 12:00:00,0.24931461435801458,1.2990598608808417,0.9658606065473941,0.740177188676437,-0.38676007925783956,-0.12844506832411448
2022-07-16 00:00:00,1.085311895026045,-0.34438859770919794,2.126018161575815,-1.4909840984048321,-1.5671048569540067,-0.8209691168388241
2022-08-16 00:00:00,-0.7937774955787028,-0.38195337050902367,-0.5295479037998642,0.4340219496744186,-0.8193143497562108,-1.580486189439305
2022-09-15 12:00:00,-0.9174890142456147,0.33329286647109496,2.11107837084542,-1.5597878293748502,0.6642182590527526,-1.1730956498707092
2022-10-16 00:00:00,-0.6795909550719965,-0.7580753647682593,0.2754626540992353,-0.08090541900325965,-1.2098318602451177,-0.3898580873127068
2022-11-15 12:00:00,-1.2309202986749448,-0.06250939048484248,0.40943078047506104,-1.1119257921785124,0.11722211520234149,-0.6839699676229829
2022-12-16 00:00:00,-1.6089455921446418,-0.2688291403219974,-0.6114144041157812,0.7766165888686862,0.7596178003071978,0.44883876729876565
2023-01-16 00:00:00,-0.991949335914041,0.8194778214701557,-0.30612791845873605,-2.3990723425566003,0.15781113338793723,0.7067777804259419
2023-02-14 12:00:00,0.32696728389903934,0.16261740076224213,-0.41182497537054025,0.9092400340076523,-0.4126832232318103,-0.8232617972877846
2023-03-16 00:00:00,-0.3639954749536496,0.1816413703368966,0.004439153740012559,-0.3719340166468587,2.4954795383171864,-1.142010282703224
2023-04-15 12:00:00,1.4099356733389152,0.11457909015527964,-0.9334067792642068,-0.244346838690786,1.5155787694636926,0.4432700550409464
2023-05-16 00:00:00,-0.5875501625517007,-1.3047063926318074,-0.06837106514728294,-0.22290468387470497,0.610697265897338,-0.06877287088361464
2023-06-15 12:00:00,-0.19565294181060217,2.0618202572904005,-0.7284290003062198,0.9778644111903625,-1.5140195033664898,-0.6130762148323735
2023-07-16 00:00:00,1.2819018792973038,-1.253895620649908,-0.2876877299195663,0.08953395298619189,-1.429694942132614,-0.8761092299331655
2023-08-16 00:00:00,0.6097543654043404,-0.07475617281592185,-0.5142734410964256,0.7742315351691382,0.33989017645110825,0.7205306159564747
2023-09-15 12:00:00,-1.067728987468743,-0.8366169039461788,0.05305788906868387,-1.2622497523449128,0.35886844934209233,-0.5592997655615257
2023-10-16 00:00:00,0.08714024935890596,-1.1344999288560844,-0.9783146370341497,0.4955782212755023,-0.5105412118084823,1.0594711752439854
2023-11-15 12:00:00,1.5080743950297943,0.38016122871713476,0.6125633118533858,3.621026211116903,-0.040007848082702045,1.3403192129413173
2023-12-16 00:00:00,0.7640151302896043,0.9450789412180113,2.3684024957672554,1.1864808454101992,-0.9337457368169328,-0.40027814003063295
2024-01-16 00:00:00,-1.0784003984227741,-0.2304270936744761,1.5964063734910563,0.9405750143931699,0.7575956174815177,-0.019587031316304838
2024-02-15 00:00:00,2.2036897965465116,1.901945423947509,-1.3563716423958965,1.273870183846018,-1.6540020710568213,-0.480936935467094
2024-03-16 00:00:00,1.3905541951722857,-1.5284238627851519,-1.9722496410920618,-1.1321683652057748,-0.8936364393509977,0.05053873104120248
2024-04-15 12:00:00,1.8637391076730754,-1.8958159480170953,-0.37791576041122105,1.9230406150996893,-0.047462515023770795,-2.1967590389211034
2024-05-16 00:00:00,-0.4506407884763084,-1.4145941595178761,-1.1540463064876292,-1.701356669793442,-0.5015033418739271,0.545816256133293
2024-06-15 12:00:00,0.8249064656415782,0.4069472221993684,-0.22008379204839984,0.9990701006939684,-0.3425457505074291,-1.7521388452372895
2024-07-16 00:00:00,1.446544806696234,-1.194027938790494,-0.522005383830021,0.4191297841914979,-0.09389600787517396,0.7154818214523307
2024-08-16 00:00:00,0.25798571690112004,0.13926194986328047,-0.14438942815837877,-0.6709299428614428,-1.22116676677867,-0.21454336039026647
2024-09-15 12:00:00,-0.9950647661922696,0.6441567132206453,0.49630888600202855,0.7419637720414434,0.7113983947829434,-0.5158343437447511
2024-10-16 00:00:00,-1.5452002969615257,1.725339300733832,1.0336703611431384,-1.1131597191695173,-0.44335985060857364,1.3104307392872103
2024-11-15 12:00:00,0.3430199410237368,0.5397323724855103,1.0103695067161986,0.9839759326923929,1.0595419211637633,2.4199163041626974
2024-12-16 00:00:00,0.3015329054951814,0.994132910373626,0.7164802740480742,-0.03053909092312415,-0.7142358882184913,-0.11217141641695047
2025-01-16 00:00:00,-1.1644288023996285,0.2724015896481849,0.723471113959181,-1.0812752646884192,-0.21389762313538324,-1.200030825601008
2025-02-14 12:00:00,-1.5229489979452313,-0.36747902658753195,0.5405361641468179,-1.0513867063087534,0.48578061080735696,0.16224078940013162
2025-03-16 00:00:00,1.67027203820366,-0.3402438630174963,2.1221276821578794,0.45452063620059896,0.1242463397256637,1.2469016757843934
2025-04-15 12:00:00,-1.4561306580473687,0.8806040863695369,0.8553808706783861,-0.7823045293140642,2.4359224005653815,1.0704632806006766
2025-05-16 00:00:00,1.112541418949677,-1.994802230354979,-0.036639511347220766,0.12725612219596813,-0.7880742488497136,-0.8260512052492842
2025-06-15 12:00:00,-0.44435971933826823,-2.295162992582949,0.024006276907108735,1.182839348172054,-1.681391646429945,0.4400659035852816
