Model_Component,Model_Fit,Model_Evaluation_1,Evaluation_Value_1,Model_Evaluation_2,Evaluation_Value_2
signal_freq,Expon,KS Test,0.4907154421355423,p_val,3.466053915498459e-07
signal,Expon,KS Test,0.5597831456352125,p_val,1.2931189535003722e-07
intensity,Expon,KS Test,0.425843649689431,p_val,0.00018225389229069148
duration,Expon,Chi-Squared Test,7.799852181497805,p_val,0.16761659939136714
frequency,Poisson,Chi-Squared Test,3.8036249999999994,p_val,0.28346476392208436
Forecast_Model,"ARIMA((2, 0, 2))",AIC,-874.851816054266,BIC,-860.125732276745
