time,latent
1940-01-01,4.5116243
1940-01-02,4.48359
1940-01-03,-2.4218106
1940-01-04,4.0464854
1940-01-05,-2.760671
1940-01-06,-2.6544263
1940-01-07,4.150071
1940-01-08,3.9049733
1940-01-09,3.9064047
1940-01-10,3.9125698
1940-01-11,3.904772
1940-01-12,-2.9057152
1940-01-13,-3.0036838
1940-01-14,-3.0037718
1940-01-15,-3.0062742
1940-01-16,-3.006274
1940-01-17,-3.0060813
1940-01-18,-2.8444123
1940-01-19,-2.7636313
1940-01-20,-2.8612542
1940-01-21,-2.8758717
1940-01-22,-2.8758285
1940-01-23,-2.8265045
1940-01-24,-2.8758717
1940-01-25,1.8546145
1940-01-26,3.9346864
1940-01-27,-2.875477
1940-01-28,-2.6740685
1940-01-29,-2.222664
1940-01-30,-2.2083538
1940-01-31,-2.2083538
1940-02-01,-2.2083538
1940-02-02,-2.2083538
1940-02-03,4.602275
1940-02-04,-2.2081153
1940-02-05,-2.2083538
1940-02-06,-2.052634
1940-02-07,-2.2083538
1940-02-08,-2.2083538
1940-02-09,-2.2083538
1940-02-10,-2.2083538
1940-02-11,-2.2083538
1940-02-12,-2.2083538
1940-02-13,4.5875535
1940-02-14,4.6021566
1940-02-15,-2.2083538
1940-02-16,-2.208353
1940-02-17,4.5996423
1940-02-18,-2.3123417
1940-02-19,-2.3124306
1940-02-20,-2.3124306
1940-02-21,-2.3105423
1940-02-22,4.498172
1940-02-23,-2.3124182
1940-02-24,-2.3123088
1940-02-25,4.4981985
1940-02-26,4.604579
1940-02-27,4.6066866
1940-02-28,4.6067743
1940-02-29,2.480418
1940-03-01,-2.2036705
1940-03-02,-1.8242841
1940-03-03,-1.8242795
1940-03-04,-1.8242795
1940-03-05,-1.8697295
1940-03-06,-1.8698914
1940-03-07,-1.8698914
1940-03-08,-1.8698914
1940-03-09,-1.8698914
1940-03-10,-1.8698914
1940-03-11,-1.8698914
1940-03-12,-1.8698914
1940-03-13,-1.8698914
1940-03-14,-1.8698914
1940-03-15,-1.8698574
1940-03-16,-1.8698914
1940-03-17,-1.869891
1940-03-18,-1.8698914
1940-03-19,-1.8698914
1940-03-20,-1.8451877
1940-03-21,-1.8242795
1940-03-22,-1.8242795
1940-03-23,-1.8242795
1940-03-24,-1.8242795
1940-03-25,-1.8242795
1940-03-26,4.9780264
1940-03-27,4.9834228
1940-03-28,4.986351
1940-03-29,4.984847
1940-03-30,5.0065866
1940-03-31,-1.7981104
1940-04-01,-1.7985117
1940-04-02,-1.7985117
1940-04-03,-1.7985117
1940-04-04,-1.7985117
1940-04-05,-1.7985117
1940-04-06,-1.7985117
1940-04-07,-1.7984734
1940-04-08,-1.7985117
1940-04-09,-1.7985117
1940-04-10,-1.7985117
1940-04-11,-1.7985117
1940-04-12,-1.7985117
1940-04-13,-1.7985117
1940-04-14,-1.7985117
1940-04-15,-1.7983817
1940-04-16,-1.7985117
1940-04-17,-1.7985117
1940-04-18,-1.7985117
1940-04-19,-1.7985117
1940-04-20,-1.7985117
1940-04-21,-1.7985117
1940-04-22,-1.7985117
1940-04-23,-1.7985117
1940-04-24,-1.7985096
1940-04-25,-1.2451638
1940-04-26,-1.35787
1940-04-27,-1.2543261
1940-04-28,-1.2543261
1940-04-29,-1.2543261
1940-04-30,-1.2543261
1940-05-01,-1.2543261
1940-05-02,-1.2543261
1940-05-03,-1.254324
1940-05-04,-1.1643217
1940-05-05,-1.1644104
1940-05-06,-1.1644104
1940-05-07,-1.1644104
1940-05-08,-1.1644104
1940-05-09,-1.1644068
1940-05-10,-1.1436327
1940-05-11,-1.1435047
1940-05-12,-1.1439321
1940-05-13,-1.1439321
1940-05-14,-1.143932
1940-05-15,-1.1471424
1940-05-16,-1.1471424
1940-05-17,-1.1471424
1940-05-18,-1.1471424
1940-05-19,-1.1471424
1940-05-20,-1.1471424
1940-05-21,-1.1471424
1940-05-22,-1.1472294
1940-05-23,-1.1594887
1940-05-24,-1.1594887
1940-05-25,-1.1594887
1940-05-26,-1.1594887
1940-05-27,-1.1594887
1940-05-28,-1.1594887
1940-05-29,-1.1594887
1940-05-30,-1.1516709
1940-05-31,-1.1594887
1940-06-01,-1.12854
1940-06-02,-1.1594887
1940-06-03,-1.1594887
1940-06-04,-1.1594887
1940-06-05,-1.1594887
1940-06-06,-1.1594887
1940-06-07,-1.1594887
1940-06-08,-1.1594887
1940-06-09,-1.1626396
1940-06-10,-1.1867757
1940-06-11,-1.1867759
1940-06-12,-1.1867759
1940-06-13,-1.1867764
1940-06-14,-1.2586031
1940-06-15,-1.2596302
1940-06-16,-1.2596302
1940-06-17,-1.2596302
1940-06-18,-1.2596302
1940-06-19,-1.2596302
1940-06-20,-1.2596302
1940-06-21,-1.2628021
1940-06-22,-1.3536723
1940-06-23,-1.3536723
1940-06-24,-1.3536723
1940-06-25,-1.3536723
1940-06-26,-1.3536723
1940-06-27,-1.3536723
1940-06-28,-1.3536723
1940-06-29,-1.3531697
1940-06-30,-1.3536723
1940-07-01,-1.3536723
1940-07-02,-1.353705
1940-07-03,-1.4312522
1940-07-04,-1.4337585
1940-07-05,-1.4337585
1940-07-06,-1.4337585
1940-07-07,-1.4337585
1940-07-08,-1.4337585
1940-07-09,-1.4337585
1940-07-10,-1.4337585
1940-07-11,-1.4337585
1940-07-12,-1.4337585
1940-07-13,-1.4337585
1940-07-14,-1.4337585
1940-07-15,-1.4337585
1940-07-16,-1.4337585
1940-07-17,-1.4337585
1940-07-18,-1.4075391
1940-07-19,-1.41343
1940-07-20,-1.61816
1940-07-21,-1.7840681
1940-07-22,-1.7840681
1940-07-23,-1.7840681
1940-07-24,-1.7840681
1940-07-25,-1.7840681
1940-07-26,-1.7841
1940-07-27,-1.8118823
1940-07-28,-1.831121
1940-07-29,-1.8311286
1940-07-30,-1.8311286
1940-07-31,-1.8311343
1940-08-01,-1.8544652
1940-08-02,-1.8544652
1940-08-03,-1.8544652
1940-08-04,-1.8544652
1940-08-05,-1.8544652
1940-08-06,-1.8544652
1940-08-07,-1.8544652
1940-08-08,-1.8544652
1940-08-09,-1.8544652
1940-08-10,-1.8544652
1940-08-11,-1.8544652
1940-08-12,-1.8872018
1940-08-13,-1.9251862
1940-08-14,-1.9251862
1940-08-15,-1.9251862
1940-08-16,-1.925194
1940-08-17,-1.9465418
1940-08-18,-1.9465635
1940-08-19,-1.9465635
1940-08-20,-1.9465635
1940-08-21,-1.9465635
1940-08-22,-1.9465635
1940-08-23,-1.9465709
1940-08-24,-1.9472594
1940-08-25,-1.969501
1940-08-26,-2.0207891
1940-08-27,-2.0569623
1940-08-28,-2.0576704
1940-08-29,-2.0577419
1940-08-30,-2.0577528
1940-08-31,-2.0577474
1940-09-01,-2.0399547
1940-09-02,-1.9913156
1940-09-03,-1.9892213
1940-09-04,-1.9666145
1940-09-05,-2.0438209
1940-09-06,-2.0879574
1940-09-07,-2.2425132
1940-09-08,-2.242513
1940-09-09,-2.2389112
1940-09-10,-2.242513
1940-09-11,-2.2423537
1940-09-12,-2.242513
1940-09-13,-2.242513
1940-09-14,-2.2424483
1940-09-15,-2.1963534
1940-09-16,-2.1963208
1940-09-17,-2.1962833
1940-09-18,-2.1963208
1940-09-19,-2.1963208
1940-09-20,-2.1966257
1940-09-21,-2.2425127
1940-09-22,-2.242513
1940-09-23,-2.242513
1940-09-24,-2.2361796
1940-09-25,-2.1527364
1940-09-26,-2.3272576
1940-09-27,-2.3272579
1940-09-28,-2.4997084
1940-09-29,-2.6520033
1940-09-30,-2.6775455
1940-10-01,-2.6775455
1940-10-02,-2.6883926
1940-10-03,-2.6907368
1940-10-04,-2.7125561
1940-10-05,-2.7811525
1940-10-06,-3.060169
1940-10-07,-3.0693076
1940-10-08,-3.0693076
1940-10-09,-3.0693076
1940-10-10,-3.1071503
1940-10-11,-3.2204702
1940-10-12,-3.2204702
1940-10-13,-3.232543
1940-10-14,-3.2780266
1940-10-15,-3.37076
1940-10-16,-3.3707662
1940-10-17,-3.3707707
1940-10-18,-3.3707597
1940-10-19,-3.2951236
1940-10-20,-3.289553
1940-10-21,-3.289553
1940-10-22,-3.289553
1940-10-23,-3.289548
1940-10-24,-2.93169
1940-10-25,3.735709
1940-10-26,-3.0517097
1940-10-27,-3.0517638
1940-10-28,-2.7818196
1940-10-29,-2.708214
1940-10-30,-2.7082467
1940-10-31,-2.714561
1940-11-01,-2.6674724
1940-11-02,-0.11477798
1940-11-03,-2.3836641
1940-11-04,-2.1963012
1940-11-05,-2.0835018
1940-11-06,-1.9398417
1940-11-07,2.9271693
1940-11-08,-1.5051737
1940-11-09,-1.5050371
1940-11-10,-1.3870438
1940-11-11,-1.3870438
1940-11-12,-1.3870451
1940-11-13,-1.3950362
1940-11-14,-1.6012874
1940-11-15,-1.6013224
1940-11-16,-1.6013086
1940-11-17,-1.6012597
1940-11-18,-1.6013217
1940-11-19,-1.6034486
1940-11-20,-2.1149557
1940-11-21,-2.1252294
1940-11-22,-2.2583704
1940-11-23,-2.2583704
1940-11-24,-2.0907433
1940-11-25,-2.055009
1940-11-26,-2.055009
1940-11-27,-2.055009
1940-11-28,-2.055009
1940-11-29,-2.0546794
1940-11-30,-2.0210748
1940-12-01,-2.1868634
1940-12-02,-2.193179
1940-12-03,-2.6271052
1940-12-04,-2.6271052
1940-12-05,-2.642093
1940-12-06,-2.6420996
1940-12-07,-2.6812649
1940-12-08,-2.655226
1940-12-09,-2.655226
1940-12-10,-2.7712665
1940-12-11,-2.7712665
1940-12-12,-2.7712665
1940-12-13,-2.7712665
1940-12-14,-2.7712665
1940-12-15,-2.7712007
1940-12-16,4.039363
1940-12-17,4.039364
1940-12-18,4.0368676
1940-12-19,-2.7703516
1940-12-20,-2.7225354
1940-12-21,-2.7766504
1940-12-22,3.997206
1940-12-23,3.9955277
1940-12-24,4.0718813
1940-12-25,-2.61603
1940-12-26,4.383423
1940-12-27,4.3948994
1940-12-28,-2.4140153
1940-12-29,-1.2146641
1940-12-30,-2.2352736
1940-12-31,-2.2352736
1941-01-01,-2.2352736
1941-01-02,-2.2352736
1941-01-03,-2.244908
1941-01-04,-2.3298588
1941-01-05,-2.3570294
1941-01-06,4.2827845
1941-01-07,4.284591
1941-01-08,-2.59132
1941-01-09,-2.5914323
1941-01-10,-2.5914993
1941-01-11,-2.5289233
1941-01-12,-2.5276642
1941-01-13,4.0642586
1941-01-14,-2.5271657
1941-01-15,-2.5272043
1941-01-16,-2.5276642
1941-01-17,-2.5276642
1941-01-18,-2.5220962
1941-01-19,4.2544837
1941-01-20,-2.5276642
1941-01-21,4.2829437
1941-01-22,-2.5261676
1941-01-23,4.2811117
1941-01-24,-0.76271695
1941-01-25,-2.0942454
1941-01-26,4.204782
1941-01-27,-2.208356
1941-01-28,-2.2083538
1941-01-29,-2.2083538
1941-01-30,-2.2083538
1941-01-31,-1.564605
1941-02-01,-1.5646048
1941-02-02,-1.5646048
1941-02-03,-1.5646048
1941-02-04,-1.5646048
1941-02-05,-1.5642235
1941-02-06,5.2460203
1941-02-07,-1.5646048
1941-02-08,5.186547
1941-02-09,5.246026
1941-02-10,5.2288604
1941-02-11,5.2460227
1941-02-12,-1.5646048
1941-02-13,-1.5646048
1941-02-14,-1.5646029
1941-02-15,5.245992
1941-02-16,-1.5617753
1941-02-17,5.22843
1941-02-18,-1.5646048
1941-02-19,-1.5646048
1941-02-20,5.1704383
1941-02-21,-0.6497844
1941-02-22,-1.5646048
1941-02-23,-1.5646039
1941-02-24,4.7634015
1941-02-25,-1.5646048
1941-02-26,-1.5602971
1941-02-27,-1.5619944
1941-02-28,5.2460256
1941-03-01,5.554604
1941-03-02,5.555922
1941-03-03,5.554476
1941-03-04,4.311213
1941-03-05,-1.3636811
1941-03-06,-1.3636811
1941-03-07,-1.3636811
1941-03-08,-1.3637359
1941-03-09,-1.4927526
1941-03-10,-1.5386295
1941-03-11,-1.5386355
1941-03-12,-1.5357429
1941-03-13,-1.5386355
1941-03-14,-1.5386355
1941-03-15,-1.5386355
1941-03-16,-1.5386355
1941-03-17,-1.5386355
1941-03-18,-1.5386355
1941-03-19,-1.5386355
1941-03-20,-1.5386355
1941-03-21,-1.5386355
1941-03-22,-1.5386355
1941-03-23,-1.5386355
1941-03-24,-1.5386355
1941-03-25,-1.5386355
1941-03-26,-1.5385718
1941-03-27,-1.363666
1941-03-28,5.472091
1941-03-29,4.7786303
1941-03-30,-1.2416577
1941-03-31,5.5357614
1941-04-01,5.5541835
1941-04-02,5.0444403
1941-04-03,-1.2543174
1941-04-04,5.55623
1941-04-05,-1.2543255
1941-04-06,-1.2543261
1941-04-07,-1.254326
1941-04-08,-1.2543261
1941-04-09,0.18492718
1941-04-10,-0.37807924
1941-04-11,-1.2543256
1941-04-12,-1.2543261
1941-04-13,-1.2543261
1941-04-14,-1.2543261
1941-04-15,-1.2543261
1941-04-16,-1.2543261
1941-04-17,-1.2543261
1941-04-18,-1.2543261
1941-04-19,-1.2543261
1941-04-20,-1.2543261
1941-04-21,-1.2543261
1941-04-22,-1.2543261
1941-04-23,-1.2543261
1941-04-24,-1.2543261
1941-04-25,-1.2543243
1941-04-26,-1.2543261
1941-04-27,-1.2543261
1941-04-28,-1.2543261
1941-04-29,-1.2541418
1941-04-30,4.5968194
1941-05-01,-1.2543261
1941-05-02,-1.2300893
1941-05-03,-1.2543261
1941-05-04,5.4642124
1941-05-05,-1.2543261
1941-05-06,-1.2543261
1941-05-07,-1.255158
1941-05-08,-1.5869029
1941-05-09,-1.5869071
1941-05-10,-1.5869071
1941-05-11,-1.2075068
1941-05-12,5.2233696
1941-05-13,4.912942
1941-05-14,-1.5869071
1941-05-15,-1.5869071
1941-05-16,-1.5869071
1941-05-17,-1.5869071
1941-05-18,-1.5869071
1941-05-19,-1.5869071
1941-05-20,-1.5869071
1941-05-21,-1.5869071
1941-05-22,-1.5869071
1941-05-23,-1.5869071
1941-05-24,-1.5869071
1941-05-25,-1.5869071
1941-05-26,-1.5869071
1941-05-27,-1.5869071
1941-05-28,-1.5869071
1941-05-29,-1.5869071
1941-05-30,-1.5867853
1941-05-31,-1.3710716
1941-06-01,-1.2543728
1941-06-02,-1.2088225
1941-06-03,-1.1696725
1941-06-04,-1.1683474
1941-06-05,-1.1526248
1941-06-06,-1.1526258
1941-06-07,-1.159552
1941-06-08,-1.1602366
1941-06-09,-1.1602366
1941-06-10,-1.1602366
1941-06-11,-1.1602366
1941-06-12,-1.1602366
1941-06-13,-1.1602366
1941-06-14,-1.160237
1941-06-15,-1.1841989
1941-06-16,-1.2076693
1941-06-17,-1.2076693
1941-06-18,-1.2076693
1941-06-19,-1.2076693
1941-06-20,-1.2298789
1941-06-21,-1.2298796
1941-06-22,-1.3536723
1941-06-23,-1.3536723
1941-06-24,-1.3536654
1941-06-25,-1.3536723
1941-06-26,-1.3536689
1941-06-27,-1.3536723
1941-06-28,-1.3536723
1941-06-29,-1.3536723
1941-06-30,-1.3536723
1941-07-01,-1.3536719
1941-07-02,-1.4407063
1941-07-03,-1.6538069
1941-07-04,-1.7444344
1941-07-05,-1.8175333
1941-07-06,-1.8175333
1941-07-07,-1.8175333
1941-07-08,-1.8175333
1941-07-09,-1.8175333
1941-07-10,-1.8175333
1941-07-11,-1.8175333
1941-07-12,-1.8175333
1941-07-13,-1.9374831
1941-07-14,-2.0219388
1941-07-15,-2.0219388
1941-07-16,-2.0219388
1941-07-17,-2.0219388
1941-07-18,-2.0219388
1941-07-19,-2.0219388
1941-07-20,-2.0219388
1941-07-21,-2.0219388
1941-07-22,-2.019246
1941-07-23,-1.8175337
1941-07-24,-1.8175333
1941-07-25,-1.8175333
1941-07-26,-1.8175333
1941-07-27,-1.8174957
1941-07-28,-1.8175333
1941-07-29,-1.8175333
1941-07-30,-1.8175333
1941-07-31,-1.8175333
1941-08-01,-1.8175333
1941-08-02,-1.8704569
1941-08-03,-2.0615468
1941-08-04,-2.1030502
1941-08-05,-2.1032805
1941-08-06,-2.1196423
1941-08-07,-2.0656152
1941-08-08,-2.0656152
1941-08-09,-2.351018
1941-08-10,-2.350698
1941-08-11,-2.3497846
1941-08-12,-2.3383675
1941-08-13,-2.351042
1941-08-14,-2.351042
1941-08-15,-2.351042
1941-08-16,-2.3503263
1941-08-17,-2.351042
1941-08-18,-2.351042
1941-08-19,-2.351042
1941-08-20,-2.351042
1941-08-21,-2.351042
1941-08-22,-2.351042
1941-08-23,-2.351042
1941-08-24,-2.351042
1941-08-25,-2.351042
1941-08-26,-2.351042
1941-08-27,-2.351042
1941-08-28,-2.3509867
1941-08-29,-2.4421384
1941-08-30,-2.4584086
1941-08-31,-2.5232494
1941-09-01,-2.4717083
1941-09-02,-2.438761
1941-09-03,-2.3853219
1941-09-04,-2.385293
1941-09-05,-2.3273582
1941-09-06,-2.5123687
1941-09-07,-2.5228527
1941-09-08,-2.5228577
1941-09-09,-2.5447266
1941-09-10,-2.5418763
1941-09-11,-2.5418694
1941-09-12,-2.5539563
1941-09-13,-2.5539563
1941-09-14,-2.5540276
1941-09-15,-2.6232684
1941-09-16,-2.6179903
1941-09-17,-2.5539608
1941-09-18,-2.5570383
1941-09-19,-2.5570488
1941-09-20,-2.5458617
1941-09-21,-2.5458605
1941-09-22,-2.5458605
1941-09-23,-2.5430508
1941-09-24,-2.5228527
1941-09-25,-2.5228527
1941-09-26,-2.5228524
1941-09-27,-2.5113993
1941-09-28,-2.191911
1941-09-29,-2.188726
1941-09-30,-2.1887248
1941-10-01,-2.1517239
1941-10-02,-2.1686249
1941-10-03,-2.1686246
1941-10-04,-2.1686246
1941-10-05,-2.136598
1941-10-06,-2.2108111
1941-10-07,-2.400655
1941-10-08,-2.4006834
1941-10-09,-2.4006834
1941-10-10,-2.4006834
1941-10-11,-2.4006834
1941-10-12,-2.4006834
1941-10-13,-2.5048947
1941-10-14,-2.5050378
1941-10-15,-2.5050378
1941-10-16,-2.5050378
1941-10-17,-2.5050375
1941-10-18,-2.611829
1941-10-19,-2.6123993
1941-10-20,-2.6086369
1941-10-21,-2.6061904
1941-10-22,-2.505496
1941-10-23,-2.5050378
1941-10-24,-2.5050375
1941-10-25,-2.4006834
1941-10-26,-2.400643
1941-10-27,-2.4006834
1941-10-28,-2.3996835
1941-10-29,-2.3643513
1941-10-30,-2.3643513
1941-10-31,-2.3643513
1941-11-01,-2.3627653
1941-11-02,-2.3627563
1941-11-03,-2.3627563
1941-11-04,-2.3627563
1941-11-05,-2.3627563
1941-11-06,-2.3627563
1941-11-07,-2.3627563
1941-11-08,-2.362751
1941-11-09,-2.3308134
1941-11-10,-2.2937303
1941-11-11,-2.2936075
1941-11-12,-2.2936075
1941-11-13,-2.2936075
1941-11-14,-2.2936075
1941-11-15,-2.2633955
1941-11-16,-2.2936075
1941-11-17,-2.2936075
1941-11-18,-2.2936075
1941-11-19,-2.2936075
1941-11-20,-2.2936075
1941-11-21,-2.2936075
1941-11-22,-2.29433
1941-11-23,-2.4337504
1941-11-24,-2.4473257
1941-11-25,-2.4473183
1941-11-26,-2.4473183
1941-11-27,-2.4473183
1941-11-28,-2.4473183
1941-11-29,4.363039
1941-11-30,3.7992125
1941-12-01,-2.4473155
1941-12-02,4.3632307
1941-12-03,4.3595686
1941-12-04,-2.4473183
1941-12-05,-2.4962554
1941-12-06,-2.5097132
1941-12-07,-2.5097132
1941-12-08,-2.6266277
1941-12-09,-2.6263554
1941-12-10,1.0974714
1941-12-11,-2.567402
1941-12-12,-2.5674021
1941-12-13,-2.5617192
1941-12-14,4.2431326
1941-12-15,4.15833
1941-12-16,4.242824
1941-12-17,-2.5674038
1941-12-18,-2.5618267
1941-12-19,-2.5674038
1941-12-20,-2.5674038
1941-12-21,-2.5674038
1941-12-22,-2.5673838
1941-12-23,4.2433147
1941-12-24,-2.5083144
1941-12-25,4.3521256
1941-12-26,-2.425831
1941-12-27,4.3806343
1941-12-28,4.3842278
1941-12-29,-2.4109046
1941-12-30,4.181614
1941-12-31,-2.5972826
1942-01-01,-3.0657914
1942-01-02,-3.065793
1942-01-03,-2.919968
1942-01-04,-2.9199617
1942-01-05,-2.8991427
1942-01-06,-2.7525463
1942-01-07,-2.3745344
1942-01-08,-2.8897405
1942-01-09,-2.892353
1942-01-10,-2.8923547
1942-01-11,-2.8923547
1942-01-12,-2.8923547
1942-01-13,-2.8923547
1942-01-14,-2.8923547
1942-01-15,-2.8923547
1942-01-16,-2.8923547
1942-01-17,-2.8923547
1942-01-18,-2.8923547
1942-01-19,-2.8923547
1942-01-20,-2.8923547
1942-01-21,-2.8920603
1942-01-22,3.9182742
1942-01-23,3.864581
1942-01-24,3.8345497
1942-01-25,3.8332207
1942-01-26,-2.6435187
1942-01-27,3.8045757
1942-01-28,-2.9760146
1942-01-29,-3.0325544
1942-01-30,-3.138838
1942-01-31,-3.2151551
1942-02-01,3.567291
1942-02-02,3.669171
1942-02-03,-3.1414092
1942-02-04,-3.1249735
1942-02-05,3.6692212
1942-02-06,3.6692204
1942-02-07,-3.1025498
1942-02-08,-3.1548285
1942-02-09,-3.1048725
1942-02-10,-3.0754817
1942-02-11,-2.9848588
1942-02-12,-2.9505458
1942-02-13,-2.9316459
1942-02-14,-2.7884288
1942-02-15,-2.7880218
1942-02-16,-2.7880218
1942-02-17,-2.7880192
1942-02-18,-2.5781572
1942-02-19,-2.564253
1942-02-20,-2.558318
1942-02-21,4.246255
1942-02-22,-2.792186
1942-02-23,-2.8397148
1942-02-24,-2.8341603
1942-02-25,-2.986289
1942-02-26,-2.9863172
1942-02-27,-2.9863172
1942-02-28,-2.9863167
1942-03-01,-2.9862814
1942-03-02,-2.983244
1942-03-03,-2.9551735
1942-03-04,-3.017598
1942-03-05,-3.026429
1942-03-06,-3.0606594
1942-03-07,-3.1147337
1942-03-08,-3.1224732
1942-03-09,-3.1231964
1942-03-10,-3.1232896
1942-03-11,3.6873984
1942-03-12,-3.122448
1942-03-13,-1.5556545
1942-03-14,-2.4200509
1942-03-15,-3.0241733
1942-03-16,-3.0241725
1942-03-17,-3.0241725
1942-03-18,-3.0241725
1942-03-19,-3.0241725
1942-03-20,-3.0241725
1942-03-21,-3.0241725
1942-03-22,-3.0241725
1942-03-23,-3.0241725
1942-03-24,-3.0241725
1942-03-25,-3.0175378
1942-03-26,-3.0221858
1942-03-27,-2.8834846
1942-03-28,-2.8833249
1942-03-29,-2.7811885
1942-03-30,-2.544486
1942-03-31,-2.3621306
1942-04-01,-2.3621538
1942-04-02,-2.3535335
1942-04-03,4.612173
1942-04-04,4.6216903
1942-04-05,-2.1667151
1942-04-06,-2.1579208
1942-04-07,-2.082689
1942-04-08,-2.0825899
1942-04-09,-2.0982933
1942-04-10,-2.0489724
1942-04-11,-1.8672566
1942-04-12,-2.067421
1942-04-13,-1.6964027
1942-04-14,4.728517
1942-04-15,-2.0678658
1942-04-16,-2.0926945
1942-04-17,-2.1822846
1942-04-18,-2.2014384
1942-04-19,-2.2017095
1942-04-20,-2.188617
1942-04-21,-2.1193066
1942-04-22,-2.0699923
1942-04-23,-2.0674913
1942-04-24,-2.0674639
1942-04-25,-2.0674636
1942-04-26,-2.0674636
1942-04-27,1.5441139
1942-04-28,-1.840792
1942-04-29,-1.8407748
1942-04-30,-1.7704313
1942-05-01,-1.8406564
1942-05-02,-1.8407748
1942-05-03,-1.8407748
1942-05-04,-1.8401546
1942-05-05,-1.5869424
1942-05-06,-1.586905
1942-05-07,-1.2543449
1942-05-08,-1.2543261
1942-05-09,-1.2543261
1942-05-10,-1.2543101
1942-05-11,-0.0054147616
1942-05-12,-1.1440295
1942-05-13,-1.1439501
1942-05-14,-1.1439469
1942-05-15,0.5533124
1942-05-16,-1.1594856
1942-05-17,-1.1594887
1942-05-18,-1.1594887
1942-05-19,-1.1620324
1942-05-20,-1.1645416
1942-05-21,-1.2298677
1942-05-22,-1.3438501
1942-05-23,-1.5382535
1942-05-24,-1.5382535
1942-05-25,5.269456
1942-05-26,-1.778733
1942-05-27,-1.7798581
1942-05-28,-1.7804146
1942-05-29,-1.8485258
1942-05-30,-1.8802338
1942-05-31,-2.2227025
1942-06-01,-2.2360137
1942-06-02,-2.2360137
1942-06-03,-2.2360137
1942-06-04,-2.2360182
1942-06-05,-2.5165026
1942-06-06,-2.596639
1942-06-07,-2.5982988
1942-06-08,-2.5982988
1942-06-09,-2.5904505
1942-06-10,-2.556344
1942-06-11,-2.556344
1942-06-12,-2.556344
1942-06-13,-2.556344
1942-06-14,-2.4098158
1942-06-15,-2.4072206
1942-06-16,-2.4072206
1942-06-17,-2.4095917
1942-06-18,-2.7711139
1942-06-19,-2.8869536
1942-06-20,-2.8623567
1942-06-21,-2.8623567
1942-06-22,-2.865971
1942-06-23,-2.7773266
1942-06-24,-2.8319395
1942-06-25,-2.8527434
1942-06-26,-2.83031
1942-06-27,-3.0113811
1942-06-28,-3.1022415
1942-06-29,-3.1952522
1942-06-30,-3.2062457
1942-07-01,-3.256244
1942-07-02,-3.5649738
1942-07-03,-3.4993815
1942-07-04,-3.4993806
1942-07-05,-3.3984234
1942-07-06,-3.3292792
1942-07-07,-3.4260597
1942-07-08,-3.4260597
1942-07-09,-3.4260597
1942-07-10,-3.4260597
1942-07-11,-3.4260597
1942-07-12,-3.4260597
1942-07-13,-3.3504908
1942-07-14,-3.3257122
1942-07-15,-3.2711692
1942-07-16,-3.2431386
1942-07-17,-3.2654803
1942-07-18,-3.2655377
1942-07-19,-3.4260132
1942-07-20,-3.4260597
1942-07-21,-3.6770532
1942-07-22,-3.6770532
1942-07-23,-3.6770532
1942-07-24,-3.7695124
1942-07-25,-3.7704012
1942-07-26,-3.7704012
1942-07-27,-3.9064195
1942-07-28,-3.9731696
1942-07-29,-4.032259
1942-07-30,-4.11901
1942-07-31,-4.1826487
1942-08-01,-4.2880697
1942-08-02,-4.4983044
1942-08-03,-4.4983044
1942-08-04,-4.4983044
1942-08-05,-4.588978
1942-08-06,-4.588978
1942-08-07,-4.588978
1942-08-08,-4.588978
1942-08-09,-4.588978
1942-08-10,-4.588978
1942-08-11,-4.588978
1942-08-12,-4.588978
1942-08-13,-4.588978
1942-08-14,-4.588978
1942-08-15,-4.588978
1942-08-16,-4.588978
1942-08-17,-4.588978
1942-08-18,-4.588978
1942-08-19,-4.588978
1942-08-20,-4.588978
1942-08-21,-4.588978
1942-08-22,-4.588978
1942-08-23,-4.588978
1942-08-24,-4.588978
1942-08-25,-4.588978
1942-08-26,-4.588978
1942-08-27,-4.397952
1942-08-28,-4.3966923
1942-08-29,-4.3966923
1942-08-30,-4.3966923
1942-08-31,-4.3966923
1942-09-01,-4.3966923
1942-09-02,-4.3966923
1942-09-03,-4.3966923
1942-09-04,-4.3966923
1942-09-05,-4.3966923
1942-09-06,-4.444707
1942-09-07,-4.3360786
1942-09-08,-4.299412
1942-09-09,-4.299412
1942-09-10,-4.299412
1942-09-11,-4.299412
1942-09-12,-4.299412
1942-09-13,-4.2994328
1942-09-14,-4.3792095
1942-09-15,-4.429451
1942-09-16,-4.307437
1942-09-17,-4.299412
1942-09-18,-4.299412
1942-09-19,-4.299412
1942-09-20,-4.299412
1942-09-21,-4.299412
1942-09-22,-4.299412
1942-09-23,-4.299412
1942-09-24,-4.299412
1942-09-25,-4.2996798
1942-09-26,-4.445055
1942-09-27,-4.445056
1942-09-28,-4.445056
1942-09-29,-4.445057
1942-09-30,-4.671273
1942-10-01,-4.7527294
1942-10-02,-4.7535286
1942-10-03,-5.079053
1942-10-04,-5.246541
1942-10-05,-5.246541
1942-10-06,-5.246541
1942-10-07,-5.382411
1942-10-08,-5.3824854
1942-10-09,-5.4034243
1942-10-10,-5.4034815
1942-10-11,-5.392259
1942-10-12,-5.4026065
1942-10-13,-5.4034815
1942-10-14,-5.4034815
1942-10-15,-5.4034815
1942-10-16,-5.4034815
1942-10-17,-5.4034815
1942-10-18,-5.4034815
1942-10-19,-5.4034815
1942-10-20,-5.4034815
1942-10-21,-5.4034815
1942-10-22,-5.4034815
1942-10-23,-5.4034815
1942-10-24,-5.4034815
1942-10-25,-5.4034815
1942-10-26,-5.4034815
1942-10-27,-5.4034834
1942-10-28,-5.383806
1942-10-29,-5.3854265
1942-10-30,-5.4112253
1942-10-31,-5.4112253
1942-11-01,-5.4112253
1942-11-02,-5.410902
1942-11-03,-1.8048967
1942-11-04,-5.3823557
1942-11-05,-5.3823557
1942-11-06,-5.3823557
1942-11-07,-5.3823557
1942-11-08,-5.3823557
1942-11-09,-5.3823557
1942-11-10,-5.3823557
1942-11-11,-5.3823557
1942-11-12,-5.38326
1942-11-13,-5.424184
1942-11-14,-5.422372
1942-11-15,-5.4214535
1942-11-16,1.371066
1942-11-17,1.3882598
1942-11-18,1.3880371
1942-11-19,-5.422372
1942-11-20,-5.422372
1942-11-21,-5.422372
1942-11-22,-5.422372
1942-11-23,-5.422372
1942-11-24,-5.422372
1942-11-25,-5.422329
1942-11-26,-3.0676343
1942-11-27,1.367747
1942-11-28,-5.285118
1942-11-29,-5.425497
1942-11-30,-5.426279
1942-12-01,-5.426279
1942-12-02,-5.378195
1942-12-03,-5.426279
1942-12-04,-5.416651
1942-12-05,-5.2687235
1942-12-06,-5.1584554
1942-12-07,-5.1623135
1942-12-08,-5.1623135
1942-12-09,-5.1616583
1942-12-10,-5.0426073
1942-12-11,-5.0426073
1942-12-12,-4.851712
1942-12-13,-4.8003197
1942-12-14,-4.8003197
1942-12-15,-4.8003197
1942-12-16,-4.8003197
1942-12-17,-4.801982
1942-12-18,-5.0426073
1942-12-19,-5.0426073
1942-12-20,-5.1623135
1942-12-21,-5.1623135
1942-12-22,-5.26871
1942-12-23,1.6302792
1942-12-24,-5.369284
1942-12-25,-5.3692913
1942-12-26,-5.3692913
1942-12-27,-5.3691587
1942-12-28,-5.2841854
1942-12-29,-5.2841854
1942-12-30,-5.284185
1942-12-31,-5.2841854
1943-01-01,-5.2841854
1943-01-02,-5.2841854
1943-01-03,-5.2841854
1943-01-04,-4.973604
1943-01-05,-4.973604
1943-01-06,-4.886223
1943-01-07,-4.886223
1943-01-08,-4.886223
1943-01-09,-4.886224
1943-01-10,-4.8862305
1943-01-11,-4.886235
1943-01-12,-4.8862276
1943-01-13,-4.886224
1943-01-14,-4.886223
1943-01-15,-4.886223
1943-01-16,-4.886223
1943-01-17,-4.886223
1943-01-18,-4.886223
1943-01-19,-4.886223
1943-01-20,1.924364
1943-01-21,1.9244078
1943-01-22,1.9243817
1943-01-23,-3.8417659
1943-01-24,-4.886219
1943-01-25,1.5132918
1943-01-26,-2.4770212
1943-01-27,-4.886223
1943-01-28,-4.886223
1943-01-29,1.9243841
1943-01-30,1.4226308
1943-01-31,-4.886223
1943-02-01,-4.886223
1943-02-02,-4.7306976
1943-02-03,-4.7273674
1943-02-04,-4.7273674
1943-02-05,-4.7273674
1943-02-06,-4.341138
1943-02-07,2.483672
1943-02-08,2.4834616
1943-02-09,-4.303296
1943-02-10,-4.303296
1943-02-11,-4.303296
1943-02-12,-4.303296
1943-02-13,-4.303296
1943-02-14,-4.303296
1943-02-15,-4.303278
1943-02-16,-4.158374
1943-02-17,-4.1604304
1943-02-18,-4.1604304
1943-02-19,-4.1604304
1943-02-20,-4.1604304
1943-02-21,-4.1604304
1943-02-22,2.6501749
1943-02-23,-4.179394
1943-02-24,-4.3096046
1943-02-25,-4.3096056
1943-02-26,-4.2643976
1943-02-27,-4.475874
1943-02-28,-4.5431843
1943-03-01,-4.5431843
1943-03-02,-4.5431843
1943-03-03,2.2671726
1943-03-04,2.2029066
1943-03-05,-3.2923832
1943-03-06,-2.725134
1943-03-07,-4.6551123
1943-03-08,-4.6550326
1943-03-09,1.5742403
1943-03-10,0.8161557
1943-03-11,-4.6283207
1943-03-12,-4.6283207
1943-03-13,-4.6283207
1943-03-14,-4.62829
1943-03-15,-4.6283207
1943-03-16,-4.6283207
1943-03-17,-4.6277833
1943-03-18,-4.6283207
1943-03-19,-4.6283207
1943-03-20,-4.6283207
1943-03-21,-2.696843
1943-03-22,-4.5978365
1943-03-23,-4.5978365
1943-03-24,-4.5593424
1943-03-25,-4.5593424
1943-03-26,-4.5593424
1943-03-27,-4.3405895
1943-03-28,-4.29908
1943-03-29,-2.9780035
1943-03-30,-3.8936627
1943-03-31,-3.7603886
1943-04-01,-3.7603886
1943-04-02,-3.7603886
1943-04-03,-3.7603886
1943-04-04,-3.760356
1943-04-05,3.0525882
1943-04-06,-3.714825
1943-04-07,-3.714825
1943-04-08,-2.4344094
1943-04-09,-3.7156801
1943-04-10,-3.7211654
1943-04-11,-3.6800487
1943-04-12,-3.5907443
1943-04-13,-3.5866687
1943-04-14,-3.6097782
1943-04-15,-3.7190542
1943-04-16,-3.7212892
1943-04-17,-3.7212896
1943-04-18,-3.7212896
1943-04-19,-3.7212899
1943-04-20,-3.7184377
1943-04-21,-3.714825
1943-04-22,-3.5304663
1943-04-23,-3.4029527
1943-04-24,-3.4072013
1943-04-25,-3.360205
1943-04-26,-3.360205
1943-04-27,-3.360205
1943-04-28,-3.2558448
1943-04-29,-3.2558448
1943-04-30,-3.2558417
1943-05-01,-3.2558448
1943-05-02,-3.0279293
1943-05-03,-3.0279284
1943-05-04,-3.0279284
1943-05-05,-3.0279284
1943-05-06,-3.0279267
1943-05-07,-2.9011242
1943-05-08,-2.89549
1943-05-09,-2.869518
1943-05-10,-2.7303846
1943-05-11,-2.7598166
1943-05-12,-2.7698607
1943-05-13,-2.7701395
1943-05-14,-2.7701402
1943-05-15,-2.7701402
1943-05-16,-2.77014
1943-05-17,-2.755409
1943-05-18,-2.9101143
1943-05-19,-2.910081
1943-05-20,-2.7819467
1943-05-21,-2.7819467
1943-05-22,-2.7819467
1943-05-23,-2.7819467
1943-05-24,-2.6401432
1943-05-25,-2.6398158
1943-05-26,-2.6398158
1943-05-27,-2.600619
1943-05-28,-2.5031629
1943-05-29,-2.503733
1943-05-30,-2.6380877
1943-05-31,-2.532769
1943-06-01,-2.4158297
1943-06-02,-2.4158149
1943-06-03,-2.3333762
1943-06-04,-2.3333762
1943-06-05,-2.3333764
1943-06-06,-2.432628
1943-06-07,-2.4862313
1943-06-08,-2.4781463
1943-06-09,-2.354848
1943-06-10,-2.3544893
1943-06-11,-2.3553019
1943-06-12,-2.28966
1943-06-13,-2.2844622
1943-06-14,-2.2844622
1943-06-15,-2.3525596
1943-06-16,-2.581576
1943-06-17,-2.5815613
1943-06-18,-2.5411592
1943-06-19,-2.5639837
1943-06-20,-2.5633214
1943-06-21,-2.563319
1943-06-22,-2.5633187
1943-06-23,-2.5633187
1943-06-24,-2.5633187
1943-06-25,-2.5633187
1943-06-26,-2.5633187
1943-06-27,-2.5633187
1943-06-28,-2.5633187
1943-06-29,-2.563319
1943-06-30,-2.5633194
1943-07-01,-2.5633547
1943-07-02,-2.6141176
1943-07-03,-2.7730806
1943-07-04,-2.7962894
1943-07-05,-2.8858068
1943-07-06,-2.9276047
1943-07-07,-2.9276047
1943-07-08,-2.9276211
1943-07-09,-2.936207
1943-07-10,-2.936207
1943-07-11,-2.9700186
1943-07-12,-2.9779286
1943-07-13,-2.9779298
1943-07-14,-2.9782243
1943-07-15,-2.9829814
1943-07-16,-2.980746
1943-07-17,-2.9779475
1943-07-18,-2.9779289
1943-07-19,-2.9779289
1943-07-20,-2.9708412
1943-07-21,-2.9723966
1943-07-22,-2.94077
1943-07-23,-2.9154549
1943-07-24,-2.9188447
1943-07-25,-2.882299
1943-07-26,-3.1381266
1943-07-27,-3.1846635
1943-07-28,-3.0827134
1943-07-29,-3.0250022
1943-07-30,-3.0928187
1943-07-31,-3.2892992
1943-08-01,-3.3144016
1943-08-02,-3.3144016
1943-08-03,-3.3006895
1943-08-04,-3.3005373
1943-08-05,-3.3913078
1943-08-06,-3.3913085
1943-08-07,-3.3913085
1943-08-08,-3.3913085
1943-08-09,-3.3603604
1943-08-10,-3.3602512
1943-08-11,-3.3602512
1943-08-12,-3.3602512
1943-08-13,-3.3602512
1943-08-14,-3.3602512
1943-08-15,-3.3602512
1943-08-16,-3.3602512
1943-08-17,-3.3602512
1943-08-18,-3.3902922
1943-08-19,-3.3913085
1943-08-20,-3.3913085
1943-08-21,-3.3913085
1943-08-22,-3.3913085
1943-08-23,-3.3913085
1943-08-24,-3.3913085
1943-08-25,-3.3913085
1943-08-26,-3.3913085
1943-08-27,-3.3913085
1943-08-28,-3.3913085
1943-08-29,-3.4487238
1943-08-30,-3.5686166
1943-08-31,-3.6994069
1943-09-01,-3.699407
1943-09-02,-3.699407
1943-09-03,-3.699407
1943-09-04,-3.699407
1943-09-05,-3.6994088
1943-09-06,-3.7732284
1943-09-07,-3.77323
1943-09-08,-3.7732317
1943-09-09,-3.7975447
1943-09-10,-3.7973068
1943-09-11,-3.7973068
1943-09-12,-3.7973068
1943-09-13,-3.7973068
1943-09-14,-3.7973068
1943-09-15,-3.7973068
1943-09-16,-3.7973068
1943-09-17,-3.7973523
1943-09-18,-3.6997182
1943-09-19,-3.699407
1943-09-20,-3.699407
1943-09-21,-3.699407
1943-09-22,-3.6994088
1943-09-23,-3.77323
1943-09-24,-3.8249276
1943-09-25,-3.8749187
1943-09-26,-3.930599
1943-09-27,-3.9707448
1943-09-28,-3.9707448
1943-09-29,-3.9707448
1943-09-30,-4.013918
1943-10-01,-4.013918
1943-10-02,-4.0716267
1943-10-03,-4.247444
1943-10-04,-4.2475376
1943-10-05,-4.2475376
1943-10-06,-4.2475376
1943-10-07,-4.3073235
1943-10-08,-4.3966923
1943-10-09,-4.3966923
1943-10-10,-4.3966923
1943-10-11,-4.39756
1943-10-12,-4.4391413
1943-10-13,-4.444414
1943-10-14,-4.441716
1943-10-15,-4.398015
1943-10-16,-4.3966923
1943-10-17,-4.3966923
1943-10-18,-4.3966923
1943-10-19,-4.396221
1943-10-20,-4.3966913
1943-10-21,-4.395871
1943-10-22,-4.3966923
1943-10-23,-4.3966923
1943-10-24,-4.3966923
1943-10-25,-4.444971
1943-10-26,-4.445023
1943-10-27,2.3632023
1943-10-28,-4.445056
1943-10-29,-4.445056
1943-10-30,-4.445056
1943-10-31,-4.563017
1943-11-01,-4.637002
1943-11-02,-4.637002
1943-11-03,-5.026374
1943-11-04,-5.386119
1943-11-05,-5.3859596
1943-11-06,-5.2816896
1943-11-07,-5.279869
1943-11-08,-5.279869
1943-11-09,-5.2223864
1943-11-10,-5.2223864
1943-11-11,-5.2223864
1943-11-12,-5.2223864
1943-11-13,-5.2223864
1943-11-14,-5.2223864
1943-11-15,-5.2223864
1943-11-16,-5.2223864
1943-11-17,-5.222394
1943-11-18,-5.3329372
1943-11-19,-5.359006
1943-11-20,-5.2708535
1943-11-21,-5.359021
1943-11-22,-5.359021
1943-11-23,-5.359021
1943-11-24,-5.359021
1943-11-25,-5.359021
1943-11-26,-5.3957796
1943-11-27,-5.397007
1943-11-28,-5.397007
1943-11-29,-5.397007
1943-11-30,-5.397007
1943-12-01,-5.386194
1943-12-02,-5.3802986
1943-12-03,-5.3764267
1943-12-04,-5.1717854
1943-12-05,-5.1717834
1943-12-06,-5.171789
1943-12-07,-5.164871
1943-12-08,-5.056533
1943-12-09,-5.056532
1943-12-10,-5.055396
1943-12-11,-5.0550184
1943-12-12,-5.056535
1943-12-13,-5.1953173
1943-12-14,-5.1953926
1943-12-15,-5.1717854
1943-12-16,-5.1717854
1943-12-17,-5.1717854
1943-12-18,-5.2381988
1943-12-19,-2.2875113
1943-12-20,1.1925702
1943-12-21,-5.397007
1943-12-22,-5.397007
1943-12-23,-5.397007
1943-12-24,-5.3968253
1943-12-25,-5.397007
1943-12-26,-5.4269114
1943-12-27,-5.426827
1943-12-28,1.3834069
1943-12-29,-5.426918
1943-12-30,1.3835987
1943-12-31,-5.426918
1944-01-01,-2.3951883
1944-01-02,0.16526751
1944-01-03,-5.425845
1944-01-04,-5.426279
1944-01-05,1.3843118
1944-01-06,-5.4224224
1944-01-07,-5.418236
1944-01-08,-5.4112253
1944-01-09,-5.411225
1944-01-10,-5.4112253
1944-01-11,-5.4112253
1944-01-12,-5.4112253
1944-01-13,-5.4112253
1944-01-14,-5.4112225
1944-01-15,-5.4112253
1944-01-16,-5.4112253
1944-01-17,-5.4112253
1944-01-18,-5.4112253
1944-01-19,-5.4112253
1944-01-20,-5.422372
1944-01-21,-5.426098
1944-01-22,-5.396633
1944-01-23,1.4409901
1944-01-24,-5.2841654
1944-01-25,-5.2841854
1944-01-26,-5.2059536
1944-01-27,-4.886223
1944-01-28,-4.886223
1944-01-29,-4.580786
1944-01-30,2.2326872
1944-01-31,-4.5718126
1944-02-01,-4.56963
1944-02-02,-4.6820455
1944-02-03,-3.868586
1944-02-04,-4.6894207
1944-02-05,-4.479561
1944-02-06,-4.479561
1944-02-07,-4.4782085
1944-02-08,2.6165938
1944-02-09,-4.1543336
1944-02-10,-4.154333
1944-02-11,-4.1543565
1944-02-12,-4.2369194
1944-02-13,-4.2516813
1944-02-14,-4.2517147
1944-02-15,-4.251712
1944-02-16,-4.251709
1944-02-17,-4.2517166
1944-02-18,-4.2517176
1944-02-19,-4.0662518
1944-02-20,-4.0530195
1944-02-21,2.757579
1944-02-22,2.757172
1944-02-23,-4.0530515
1944-02-24,-3.9172885
1944-02-25,-3.8936632
1944-02-26,-3.8936632
1944-02-27,-3.8936632
1944-02-28,2.8934193
1944-02-29,3.051184
1944-03-01,-3.722915
1944-03-02,-3.721179
1944-03-03,3.1970694
1944-03-04,3.4986537
1944-03-05,-3.2528617
1944-03-06,-2.9390612
1944-03-07,-2.7968898
1944-03-08,-2.7968898
1944-03-09,-2.7968898
1944-03-10,-2.7968898
1944-03-11,-2.7968898
1944-03-12,-2.6501832
1944-03-13,-2.6511467
1944-03-14,-2.6511831
1944-03-15,-2.6511831
1944-03-16,-2.6511831
1944-03-17,-2.6511831
1944-03-18,-2.648494
1944-03-19,-2.6588283
1944-03-20,-2.6483352
1944-03-21,-2.6511831
1944-03-22,-2.6511831
1944-03-23,-2.6511831
1944-03-24,-2.6511831
1944-03-25,-2.6511831
1944-03-26,-2.6511831
1944-03-27,-2.6511831
1944-03-28,-2.54981
1944-03-29,-2.5908043
1944-03-30,-2.5904052
1944-03-31,-2.4870057
1944-04-01,-2.3724504
1944-04-02,-2.1745377
1944-04-03,-2.1745377
1944-04-04,-2.17453
1944-04-05,-2.1745377
1944-04-06,-2.1745377
1944-04-07,-2.1745377
1944-04-08,-2.1744351
1944-04-09,-1.9035497
1944-04-10,-1.9035497
1944-04-11,4.866414
1944-04-12,-1.9035497
1944-04-13,-1.9033635
1944-04-14,-1.9035497
1944-04-15,-1.9035385
1944-04-16,-1.9035497
1944-04-17,-1.9035497
1944-04-18,-1.9035497
1944-04-19,-1.9035497
1944-04-20,-1.9035497
1944-04-21,-1.9035497
1944-04-22,-1.9035497
1944-04-23,-1.9035497
1944-04-24,-1.839961
1944-04-25,-1.7625039
1944-04-26,-1.4655794
1944-04-27,5.0664306
1944-04-28,-1.7437297
1944-04-29,-1.6289744
1944-04-30,-1.5386357
1944-05-01,-1.5386355
1944-05-02,-1.8780968
1944-05-03,-2.0305824
1944-05-04,-2.2438943
1944-05-05,-2.2439494
1944-05-06,-2.2439494
1944-05-07,-2.2439494
1944-05-08,-2.3195767
1944-05-09,-2.3630273
1944-05-10,-2.3630273
1944-05-11,-2.4882443
1944-05-12,-2.4882448
1944-05-13,-2.4882448
1944-05-14,-2.487733
1944-05-15,-2.4882448
1944-05-16,-2.4882448
1944-05-17,-1.9880192
1944-05-18,-2.4882448
1944-05-19,-2.4882448
1944-05-20,-2.4882448
1944-05-21,-2.418114
1944-05-22,-2.305269
1944-05-23,-2.305269
1944-05-24,-2.305269
1944-05-25,-2.305269
1944-05-26,-2.305269
1944-05-27,-2.1229722
1944-05-28,-1.9128335
1944-05-29,-1.9128263
1944-05-30,-1.9128263
1944-05-31,-1.9128263
1944-06-01,-1.9128263
1944-06-02,-1.9127545
1944-06-03,-1.877145
1944-06-04,-1.877145
1944-06-05,-2.4522383
1944-06-06,-2.5114322
1944-06-07,-2.3431695
1944-06-08,-2.2366788
1944-06-09,-2.1934326
1944-06-10,-2.1934326
1944-06-11,-2.1934326
1944-06-12,-2.1934326
1944-06-13,-2.1934326
1944-06-14,-2.2791345
1944-06-15,-2.2791348
1944-06-16,-2.5531657
1944-06-17,-2.7107174
1944-06-18,-2.7233732
1944-06-19,-2.7225604
1944-06-20,-2.7225604
1944-06-21,-2.7225604
1944-06-22,-2.7225604
1944-06-23,-2.7225604
1944-06-24,-2.7225604
1944-06-25,-2.7225604
1944-06-26,-2.7225604
1944-06-27,-2.7225604
1944-06-28,-2.7225604
1944-06-29,-2.7225604
1944-06-30,-2.786792
1944-07-01,-2.7946796
1944-07-02,-2.8007486
1944-07-03,-2.8010554
1944-07-04,-2.8035674
1944-07-05,-2.887455
1944-07-06,-2.887455
1944-07-07,-2.841228
1944-07-08,-2.8388486
1944-07-09,-2.8388486
1944-07-10,-2.8388486
1944-07-11,-2.8388941
1944-07-12,-2.8734758
1944-07-13,-2.8912323
1944-07-14,-2.8916502
1944-07-15,-2.9076617
1944-07-16,-2.9409416
1944-07-17,-2.9409223
1944-07-18,-2.8850875
1944-07-19,-2.9980624
1944-07-20,-3.042097
1944-07-21,-3.1061876
1944-07-22,-3.0906477
1944-07-23,-3.1858013
1944-07-24,-3.1859076
1944-07-25,-3.1957264
1944-07-26,-3.2879274
1944-07-27,-3.2892482
1944-07-28,-3.2882032
1944-07-29,-3.369128
1944-07-30,-3.369234
1944-07-31,-3.369234
1944-08-01,-3.3692298
1944-08-02,-3.366718
1944-08-03,-3.3430178
1944-08-04,-3.3426585
1944-08-05,-3.3426588
1944-08-06,-3.3426633
1944-08-07,-3.3426926
1944-08-08,-3.3421733
1944-08-09,-3.300305
1944-08-10,-3.304739
1944-08-11,-3.3193023
1944-08-12,-3.3520653
1944-08-13,-3.3800812
1944-08-14,-3.3919973
1944-08-15,-3.394656
1944-08-16,-3.3954673
1944-08-17,-3.3955467
1944-08-18,-3.395547
1944-08-19,-3.395547
1944-08-20,-3.395547
1944-08-21,-3.395547
1944-08-22,-3.395547
1944-08-23,-3.395547
1944-08-24,-3.395547
1944-08-25,-3.3660233
1944-08-26,-3.3913085
1944-08-27,-3.5152788
1944-08-28,-3.5152788
1944-08-29,-3.5152788
1944-08-30,-3.6389356
1944-08-31,-3.639515
1944-09-01,-3.7194378
1944-09-02,-3.837141
1944-09-03,-3.9890215
1944-09-04,-4.0190253
1944-09-05,-4.0190253
1944-09-06,-4.0190268
1944-09-07,-4.0508375
1944-09-08,-4.0926557
1944-09-09,-4.157146
1944-09-10,-4.1580753
1944-09-11,-4.1559243
1944-09-12,-4.1554112
1944-09-13,-4.155411
1944-09-14,-4.155411
1944-09-15,-4.155411
1944-09-16,-4.155411
1944-09-17,-4.155411
1944-09-18,-4.155411
1944-09-19,-4.1554127
1944-09-20,-4.157666
1944-09-21,-4.158083
1944-09-22,-4.158083
1944-09-23,-4.158083
1944-09-24,-4.158083
1944-09-25,-4.1580505
1944-09-26,-4.1063557
1944-09-27,-4.019101
1944-09-28,-4.0190253
1944-09-29,-4.0190253
1944-09-30,-4.019025
1944-10-01,-4.0159073
1944-10-02,-3.8463726
1944-10-03,-3.8452208
1944-10-04,-3.8452206
1944-10-05,-3.8452876
1944-10-06,-3.8903368
1944-10-07,-4.0190964
1944-10-08,-3.908685
1944-10-09,-3.9082592
1944-10-10,-3.9082592
1944-10-11,-3.9082592
1944-10-12,-3.9082592
1944-10-13,-3.9082592
1944-10-14,-3.9082081
1944-10-15,-3.883878
1944-10-16,-3.831893
1944-10-17,-3.831865
1944-10-18,-3.8296728
1944-10-19,-3.8452063
1944-10-20,-3.8273768
1944-10-21,-3.691678
1944-10-22,-3.8452208
1944-10-23,-4.009206
1944-10-24,-4.0205708
1944-10-25,-4.0205708
1944-10-26,-4.0205708
1944-10-27,-4.1525126
1944-10-28,-4.1525126
1944-10-29,-4.152025
1944-10-30,-3.905371
1944-10-31,-4.1906753
1944-11-01,-4.289501
1944-11-02,-4.1797085
1944-11-03,-4.157475
1944-11-04,2.6810336
1944-11-05,-4.1193657
1944-11-06,-4.1189647
1944-11-07,-4.11897
1944-11-08,-4.1148467
1944-11-09,2.6916606
1944-11-10,2.691264
1944-11-11,2.6923542
1944-11-12,-4.0848002
1944-11-13,-4.089678
1944-11-14,-4.089678
1944-11-15,-4.0896773
1944-11-16,-4.089678
1944-11-17,-4.089678
1944-11-18,-4.089677
1944-11-19,-4.111382
1944-11-20,-4.11897
1944-11-21,-4.11897
1944-11-22,-4.11897
1944-11-23,-4.174137
1944-11-24,-4.174137
1944-11-25,-4.174136
1944-11-26,-4.1697626
1944-11-27,-4.1865315
1944-11-28,-4.367214
1944-11-29,-3.7854106
1944-11-30,-4.3672667
1944-12-01,2.4091978
1944-12-02,-4.5622416
1944-12-03,-4.5622416
1944-12-04,-4.5622416
1944-12-05,-4.5622416
1944-12-06,-4.5622416
1944-12-07,-4.5622416
1944-12-08,-4.7292156
1944-12-09,-4.7292156
1944-12-10,-4.7292156
1944-12-11,-4.7292156
1944-12-12,-4.7292156
1944-12-13,-4.8975744
1944-12-14,-4.8975906
1944-12-15,-4.895207
1944-12-16,-4.6535616
1944-12-17,-4.653035
1944-12-18,-4.652973
1944-12-19,-4.6492596
1944-12-20,-4.65304
1944-12-21,-4.9785666
1944-12-22,1.8159516
1944-12-23,-4.993437
1944-12-24,-4.9945993
1944-12-25,-5.291972
1944-12-26,-5.3136873
1944-12-27,-5.3823633
1944-12-28,1.4280261
1944-12-29,-5.3824854
1944-12-30,-5.3824854
1944-12-31,-5.3824854
1945-01-01,-5.3824854
1945-01-02,-5.3824854
1945-01-03,-5.3824854
1945-01-04,-5.399021
1945-01-05,-5.4112244
1945-01-06,-5.4112253
1945-01-07,-5.4112253
1945-01-08,-5.4112253
1945-01-09,-5.4112253
1945-01-10,-5.4112253
1945-01-11,-5.4112253
1945-01-12,-5.4112253
1945-01-13,-5.4112253
1945-01-14,-5.4112253
1945-01-15,-5.4112253
1945-01-16,-5.4112253
1945-01-17,-5.4112253
1945-01-18,-5.422372
1945-01-19,-5.422372
1945-01-20,-5.422372
1945-01-21,-5.426918
1945-01-22,-5.42533
1945-01-23,-5.2847214
1945-01-24,-5.2841854
1945-01-25,-5.2841854
1945-01-26,-5.2841854
1945-01-27,-5.197652
1945-01-28,-4.575448
1945-01-29,-4.5754433
1945-01-30,-4.5754433
1945-01-31,-2.6489384
1945-02-01,2.1208735
1945-02-02,2.1431642
1945-02-03,-4.6600657
1945-02-04,-4.660046
1945-02-05,2.169143
1945-02-06,-4.634884
1945-02-07,-4.4312153
1945-02-08,-4.295703
1945-02-09,-4.2552853
1945-02-10,-4.184575
1945-02-11,-4.184575
1945-02-12,-4.184575
1945-02-13,-4.1587777
1945-02-14,0.2575993
1945-02-15,-4.10725
1945-02-16,-4.10725
1945-02-17,-4.10725
1945-02-18,-4.10725
1945-02-19,-4.10725
1945-02-20,-4.0730424
1945-02-21,-3.9611738
1945-02-22,-3.9611385
1945-02-23,-3.961138
1945-02-24,-3.9611375
1945-02-25,-3.9609606
1945-02-26,-3.9153907
1945-02-27,2.8927805
1945-02-28,-3.9153907
1945-03-01,-3.9153907
1945-03-02,-3.9198802
1945-03-03,2.767384
1945-03-04,-4.0117564
1945-03-05,-4.0117564
1945-03-06,-4.0012565
1945-03-07,-4.0117564
1945-03-08,-4.0117564
1945-03-09,-3.9680932
1945-03-10,-4.11206
1945-03-11,-4.112063
1945-03-12,-4.112095
1945-03-13,-4.146662
1945-03-14,2.6285014
1945-03-15,-3.2915654
1945-03-16,2.846517
1945-03-17,-2.5591874
1945-03-18,-3.9524448
1945-03-19,-3.9524448
1945-03-20,-1.5047847
1945-03-21,-3.9524024
1945-03-22,2.286314
1945-03-23,-4.007902
1945-03-24,-4.007902
1945-03-25,2.7962549
1945-03-26,-4.0040107
1945-03-27,-3.7793722
1945-03-28,-3.7793722
1945-03-29,-3.6552007
1945-03-30,-3.6549563
1945-03-31,-3.4311132
1945-04-01,-3.4311032
1945-04-02,-3.4060414
1945-04-03,-3.3987963
1945-04-04,-3.3620172
1945-04-05,-3.3620152
1945-04-06,-3.3620152
1945-04-07,-3.3620152
1945-04-08,3.4000332
1945-04-09,-3.2498472
1945-04-10,-3.1833124
1945-04-11,-3.1833124
1945-04-12,-3.1833124
1945-04-13,-3.1833124
1945-04-14,-3.1833124
1945-04-15,-3.1833124
1945-04-16,-3.1827486
1945-04-17,-3.02555
1945-04-18,-3.0255108
1945-04-19,-3.0250576
1945-04-20,-2.920107
1945-04-21,-2.8902736
1945-04-22,-2.8902736
1945-04-23,-2.8902736
1945-04-24,-2.8902736
1945-04-25,-2.8902733
1945-04-26,-2.8902736
1945-04-27,-2.8902736
1945-04-28,-2.8902736
1945-04-29,-2.8910174
1945-04-30,-2.9472575
1945-05-01,-2.947257
1945-05-02,-2.9210248
1945-05-03,-2.9578547
1945-05-04,-2.9580297
1945-05-05,-2.9580297
1945-05-06,-2.949291
1945-05-07,-2.9382298
1945-05-08,-2.9382293
1945-05-09,-2.9382293
1945-05-10,-2.9384832
1945-05-11,-2.9580297
1945-05-12,-3.0895476
1945-05-13,3.5638282
1945-05-14,-3.1679084
1945-05-15,-3.1679063
1945-05-16,-3.1679063
1945-05-17,-3.2590368
1945-05-18,-3.2590961
1945-05-19,-3.2590895
1945-05-20,-3.202528
1945-05-21,-3.202528
1945-05-22,-3.088301
1945-05-23,-2.9580297
1945-05-24,-2.817975
1945-05-25,-2.7845247
1945-05-26,-2.7512026
1945-05-27,-2.5481396
1945-05-28,-1.6330941
1945-05-29,-1.5049969
1945-05-30,-1.2543049
1945-05-31,-1.2543261
1945-06-01,-1.1644108
1945-06-02,-1.1644104
1945-06-03,-1.1582355
1945-06-04,-1.1471424
1945-06-05,-1.1471424
1945-06-06,-1.1471424
1945-06-07,-1.1471424
1945-06-08,-1.1471424
1945-06-09,-1.1471424
1945-06-10,-1.1471424
1945-06-11,-1.159487
1945-06-12,-1.1594887
1945-06-13,-1.1594887
1945-06-14,-1.1594887
1945-06-15,-1.1594887
1945-06-16,-1.1594887
1945-06-17,-1.1594887
1945-06-18,-1.1594887
1945-06-19,-1.1594887
1945-06-20,-1.1594908
1945-06-21,-1.1717515
1945-06-22,-1.17256
1945-06-23,-1.2027059
1945-06-24,-1.2027059
1945-06-25,-1.2027059
1945-06-26,-1.2027059
1945-06-27,-1.2027059
1945-06-28,-1.2027059
1945-06-29,-1.2260985
1945-06-30,-1.4211528
1945-07-01,-1.9714787
1945-07-02,-2.2219741
1945-07-03,-2.411849
1945-07-04,-2.4406013
1945-07-05,-2.4146821
1945-07-06,-2.5249152
1945-07-07,-2.6224217
1945-07-08,-2.8497581
1945-07-09,-2.8792944
1945-07-10,-2.8791518
1945-07-11,-2.8790042
1945-07-12,-2.8792646
1945-07-13,-2.8790345
1945-07-14,-2.8776352
1945-07-15,-2.865036
1945-07-16,-2.8461883
1945-07-17,-2.8461866
1945-07-18,-2.8461866
1945-07-19,-2.8461866
1945-07-20,-2.8423238
1945-07-21,-3.3443816
1945-07-22,-3.103345
1945-07-23,-3.0898945
1945-07-24,-3.0898945
1945-07-25,-2.9963145
1945-07-26,-2.9962332
1945-07-27,-2.9883664
1945-07-28,-3.1777658
1945-07-29,-3.1777658
1945-07-30,-3.1788378
1945-07-31,-3.2628424
1945-08-01,-3.4129438
1945-08-02,-3.7812898
1945-08-03,-3.9575384
1945-08-04,-3.9932353
1945-08-05,-3.9945
1945-08-06,-3.9648998
1945-08-07,-3.9649007
1945-08-08,-4.16576
1945-08-09,-4.1676064
1945-08-10,-4.1676064
1945-08-11,-4.1676064
1945-08-12,-4.1676064
1945-08-13,-4.1676064
1945-08-14,-4.1676064
1945-08-15,-4.1676064
1945-08-16,-4.1676064
1945-08-17,-4.1676064
1945-08-18,-4.1675854
1945-08-19,-4.168073
1945-08-20,-4.168073
1945-08-21,-4.168073
1945-08-22,-4.168073
1945-08-23,-4.168073
1945-08-24,-4.168073
1945-08-25,-4.168073
1945-08-26,-4.168073
1945-08-27,-4.168073
1945-08-28,-4.168073
1945-08-29,-4.168073
1945-08-30,-4.168073
1945-08-31,-4.168073
1945-09-01,-4.168073
1945-09-02,-4.168073
1945-09-03,-4.145627
1945-09-04,-4.050093
1945-09-05,-3.983445
1945-09-06,-3.9834445
1945-09-07,-3.9834445
1945-09-08,-3.9834445
1945-09-09,-3.9834445
1945-09-10,-3.9834445
1945-09-11,-3.9834445
1945-09-12,-3.9834445
1945-09-13,-3.9834445
1945-09-14,-3.9819372
1945-09-15,-3.875108
1945-09-16,-4.005208
1945-09-17,-4.0323777
1945-09-18,-4.1222963
1945-09-19,-4.1222963
1945-09-20,-4.1222963
1945-09-21,-4.1222963
1945-09-22,-4.1222963
1945-09-23,-4.1222963
1945-09-24,-4.1222963
1945-09-25,-4.126046
1945-09-26,-4.144444
1945-09-27,-4.144444
1945-09-28,-4.097021
1945-09-29,-4.11897
1945-09-30,-4.11897
1945-10-01,-4.1191525
1945-10-02,-4.174099
1945-10-03,-4.1119585
1945-10-04,-3.9566524
1945-10-05,-3.9557483
1945-10-06,-3.9957516
1945-10-07,0.21715695
1945-10-08,-3.995743
1945-10-09,-3.995753
1945-10-10,-4.0372825
1945-10-11,-3.9679768
1945-10-12,-4.1991625
1945-10-13,-4.19853
1945-10-14,-4.1100154
1945-10-15,-3.9568036
1945-10-16,-4.035838
1945-10-17,-4.0413527
1945-10-18,-4.0413527
1945-10-19,-4.0192084
1945-10-20,-3.9851701
1945-10-21,-3.8898075
1945-10-22,-3.9446313
1945-10-23,-3.9447253
1945-10-24,-4.037284
1945-10-25,-4.037263
1945-10-26,-3.995753
1945-10-27,-3.995753
1945-10-28,-4.0038466
1945-10-29,2.5954301
1945-10-30,2.5779066
1945-10-31,-1.879115
1945-11-01,-4.4983044
1945-11-02,-4.498104
1945-11-03,-4.414768
1945-11-04,-4.324641
1945-11-05,-4.324641
1945-11-06,-4.324641
1945-11-07,-4.324641
1945-11-08,-4.324641
1945-11-09,-4.312765
1945-11-10,2.5348349
1945-11-11,-4.2750206
1945-11-12,-4.271764
1945-11-13,-4.275029
1945-11-14,-4.275038
1945-11-15,2.53545
1945-11-16,-0.2566514
1945-11-17,-4.2750206
1945-11-18,-4.2753124
1945-11-19,-4.3244095
1945-11-20,-4.4299746
1945-11-21,-4.480774
1945-11-22,-4.78113
1945-11-23,-4.8371305
1945-11-24,-4.8371763
1945-11-25,-4.8371964
1945-11-26,-4.8372927
1945-11-27,-5.026142
1945-11-28,-5.0039077
1945-11-29,-5.28889
1945-11-30,-5.3074903
1945-12-01,-5.3074894
1945-12-02,-5.399253
1945-12-03,-5.369296
1945-12-04,1.4415257
1945-12-05,-2.8052237
1945-12-06,-5.383836
1945-12-07,-5.383836
1945-12-08,-5.383836
1945-12-09,-5.383836
1945-12-10,-5.383836
1945-12-11,-5.383517
1945-12-12,-5.383836
1945-12-13,-5.383834
1945-12-14,-4.6930695
1945-12-15,-4.491466
1945-12-16,-4.4914646
1945-12-17,-4.4916706
1945-12-18,-4.507839
1945-12-19,-4.5072203
1945-12-20,-4.50722
1945-12-21,2.3033888
1945-12-22,2.218323
1945-12-23,1.4439516
1945-12-24,1.4149116
1945-12-25,-1.4041047
1945-12-26,-4.907342
1945-12-27,1.3612745
1945-12-28,-5.3957157
1945-12-29,-5.3957186
1945-12-30,-5.3957186
1945-12-31,-5.3957186
1946-01-01,-5.3957186
1946-01-02,1.4081492
1946-01-03,-5.3957186
1946-01-04,1.4148395
1946-01-05,-5.3829794
1946-01-06,-5.3829794
1946-01-07,-5.3829684
1946-01-08,-5.3829794
1946-01-09,-5.3829794
1946-01-10,-5.3829794
1946-01-11,-5.3829794
1946-01-12,-5.3829794
1946-01-13,-5.3829794
1946-01-14,-5.3829794
1946-01-15,-5.3829794
1946-01-16,-5.3829794
1946-01-17,-5.3829794
1946-01-18,-5.3829794
1946-01-19,-5.3829794
1946-01-20,-5.3829794
1946-01-21,-5.3829794
1946-01-22,-5.3829794
1946-01-23,-5.3829794
1946-01-24,-5.3098516
1946-01-25,-5.3098516
1946-01-26,-5.143651
1946-01-27,-5.087633
1946-01-28,-5.087633
1946-01-29,-5.087633
1946-01-30,-5.087633
1946-01-31,-5.087633
1946-02-01,-5.087633
1946-02-02,-2.0730104
1946-02-03,1.7229637
1946-02-04,-4.7462435
1946-02-05,-4.2294064
1946-02-06,-4.2294054
1946-02-07,-4.2288456
1946-02-08,-3.9628007
1946-02-09,-3.9628055
1946-02-10,-3.9443119
1946-02-11,-3.8176677
1946-02-12,-3.8176677
1946-02-13,-3.8176658
1946-02-14,-3.7979164
1946-02-15,-3.7963967
1946-02-16,-3.7979164
1946-02-17,-3.7979164
1946-02-18,-3.7979546
1946-02-19,-3.831579
1946-02-20,-3.8176677
1946-02-21,-3.817622
1946-02-22,-3.9088457
1946-02-23,-3.9041612
1946-02-24,-3.9628007
1946-02-25,-3.9628007
1946-02-26,-4.016349
1946-02-27,-4.335281
1946-02-28,-4.888611
1946-03-01,-4.951524
1946-03-02,-5.0258217
1946-03-03,-5.087633
1946-03-04,-5.087633
1946-03-05,-5.087633
1946-03-06,-5.0865145
1946-03-07,-4.999096
1946-03-08,-4.999052
1946-03-09,-4.999052
1946-03-10,-4.999052
1946-03-11,-5.0172014
1946-03-12,-5.0172033
1946-03-13,-5.0082617
1946-03-14,-5.0172033
1946-03-15,-5.017201
1946-03-16,-4.999052
1946-03-17,-4.999052
1946-03-18,-0.91056615
1946-03-19,-4.9888673
1946-03-20,-4.999025
1946-03-21,-4.999052
1946-03-22,-4.9196177
1946-03-23,-4.9196177
1946-03-24,-4.9196177
1946-03-25,-4.6819773
1946-03-26,-4.6854753
1946-03-27,-4.5933123
1946-03-28,2.4909906
1946-03-29,2.7699587
1946-03-30,2.78006
1946-03-31,2.90465
1946-04-01,-3.7381315
1946-04-02,-3.7381315
1946-04-03,-3.7381327
1946-04-04,-3.746978
1946-04-05,-3.5322478
1946-04-06,-3.4092567
1946-04-07,-3.411846
1946-04-08,-3.411846
1946-04-09,-3.411846
1946-04-10,-3.411846
1946-04-11,-3.3916807
1946-04-12,-3.3438199
1946-04-13,-3.3476815
1946-04-14,-3.411844
1946-04-15,-3.4116912
1946-04-16,-3.403034
1946-04-17,-3.4019358
1946-04-18,-3.4019358
1946-04-19,-3.4019358
1946-04-20,-3.4019353
1946-04-21,-3.3629982
1946-04-22,-3.3629982
1946-04-23,-3.362998
1946-04-24,-3.1031215
1946-04-25,-3.088301
1946-04-26,-3.088301
1946-04-27,-3.0882986
1946-04-28,-2.9580297
1946-04-29,-2.9245505
1946-04-30,-2.7618809
1946-05-01,-2.5430381
1946-05-02,-2.5430381
1946-05-03,-2.5430381
1946-05-04,-2.2554634
1946-05-05,-2.1991494
1946-05-06,-2.1688664
1946-05-07,-2.2369597
1946-05-08,-2.236959
1946-05-09,-2.0674636
1946-05-10,-2.0473197
1946-05-11,-1.8839941
1946-05-12,-1.8839941
1946-05-13,-1.8839941
1946-05-14,-1.8839941
1946-05-15,-1.8840008
1946-05-16,-1.9128194
1946-05-17,-1.912909
1946-05-18,-1.9670434
1946-05-19,-1.9192772
1946-05-20,-1.9128256
1946-05-21,-1.9635012
1946-05-22,-1.9635015
1946-05-23,-2.089455
1946-05-24,-2.0894563
1946-05-25,-2.1534755
1946-05-26,-2.065543
1946-05-27,-2.0438652
1946-05-28,-2.0440712
1946-05-29,-2.1552572
1946-05-30,-2.1552572
1946-05-31,-1.888699
1946-06-01,-1.9821954
1946-06-02,-2.0100932
1946-06-03,-2.0100932
1946-06-04,-2.0100594
1946-06-05,-2.0068486
1946-06-06,-2.0068378
1946-06-07,-1.9805722
1946-06-08,-1.9804265
1946-06-09,-1.9015272
1946-06-10,-1.8188164
1946-06-11,-1.8183119
1946-06-12,-2.3054771
1946-06-13,-2.6748984
1946-06-14,-2.6761916
1946-06-15,-2.6761916
1946-06-16,-2.6761916
1946-06-17,-2.6761916
1946-06-18,-2.6738324
1946-06-19,-2.6690454
1946-06-20,-2.6690454
1946-06-21,-2.6690454
1946-06-22,-2.6907961
1946-06-23,-2.6972978
1946-06-24,-2.6955123
1946-06-25,-2.5679708
1946-06-26,-2.173536
1946-06-27,-2.2314637
1946-06-28,-2.427461
1946-06-29,-2.4270878
1946-06-30,-2.1993256
1946-07-01,-2.2615683
1946-07-02,-2.4443886
1946-07-03,-2.351042
1946-07-04,-2.351042
1946-07-05,-2.351042
1946-07-06,-2.351042
1946-07-07,-2.351042
1946-07-08,-2.351042
1946-07-09,-2.351042
1946-07-10,-2.351042
1946-07-11,-2.351042
1946-07-12,-2.351042
1946-07-13,-2.351042
1946-07-14,-2.351042
1946-07-15,-2.351042
1946-07-16,-2.351042
1946-07-17,-2.351042
1946-07-18,-2.351042
1946-07-19,-2.5389194
1946-07-20,-2.6732435
1946-07-21,-2.7619386
1946-07-22,-2.7685473
1946-07-23,-2.7677977
1946-07-24,-2.9359078
1946-07-25,-2.9583135
1946-07-26,-2.9584026
1946-07-27,-3.0036721
1946-07-28,-3.066965
1946-07-29,-3.198076
1946-07-30,-3.1980765
1946-07-31,-3.3601317
1946-08-01,-3.3872628
1946-08-02,-3.420851
1946-08-03,-3.5197136
1946-08-04,-3.6561077
1946-08-05,-3.8317955
1946-08-06,-4.0165586
1946-08-07,-4.0165586
1946-08-08,-4.0165586
1946-08-09,-4.0165586
1946-08-10,-4.0165586
1946-08-11,-4.0165586
1946-08-12,-4.0165586
1946-08-13,-4.0165586
1946-08-14,-4.0165586
1946-08-15,-4.0165586
1946-08-16,-4.0165586
1946-08-17,-4.0165586
1946-08-18,-4.0165586
1946-08-19,-4.0165586
1946-08-20,-4.0165586
1946-08-21,-4.0165586
1946-08-22,-4.0165586
1946-08-23,-4.0165586
1946-08-24,-4.0165586
1946-08-25,-4.0165586
1946-08-26,-4.0165586
1946-08-27,-4.0165586
1946-08-28,-4.011175
1946-08-29,-3.8606393
1946-08-30,-3.8606381
1946-08-31,-3.8606381
1946-09-01,-3.8606381
1946-09-02,-3.8606381
1946-09-03,-3.8606381
1946-09-04,-3.860638
1946-09-05,-3.8053205
1946-09-06,-3.764133
1946-09-07,-3.679128
1946-09-08,-3.679128
1946-09-09,-3.6791778
1946-09-10,-3.7713175
1946-09-11,-3.7638006
1946-09-12,-3.7616897
1946-09-13,-3.831865
1946-09-14,-3.831865
1946-09-15,-3.831865
1946-09-16,-3.8900678
1946-09-17,-3.8900678
1946-09-18,-3.8900678
1946-09-19,-3.8900678
1946-09-20,-3.8900678
1946-09-21,-3.8900678
1946-09-22,-3.8318653
1946-09-23,-3.8318665
1946-09-24,-3.7616932
1946-09-25,-3.7072394
1946-09-26,-3.7426956
1946-09-27,-3.8414557
1946-09-28,-3.7496326
1946-09-29,-3.8163483
1946-09-30,-3.8726108
1946-10-01,-3.87075
1946-10-02,-3.6892352
1946-10-03,-3.4691281
1946-10-04,-3.452209
1946-10-05,-3.4226925
1946-10-06,-3.394333
1946-10-07,-3.394333
1946-10-08,-3.394333
1946-10-09,-3.2794478
1946-10-10,-3.2800252
1946-10-11,-3.2800248
1946-10-12,-3.1665154
1946-10-13,-3.1659634
1946-10-14,-3.1251254
1946-10-15,-3.125125
1946-10-16,-3.125068
1946-10-17,-3.1251252
1946-10-18,-3.1251292
1946-10-19,-3.1253242
1946-10-20,-3.1275475
1946-10-21,-3.133158
1946-10-22,-3.2330236
1946-10-23,-3.2296672
1946-10-24,-3.2802212
1946-10-25,-3.2800362
1946-10-26,-3.280446
1946-10-27,-3.2794027
1946-10-28,-3.2794027
1946-10-29,-3.319464
1946-10-30,-3.3846536
1946-10-31,-3.2973394
1946-11-01,-3.2973394
1946-11-02,-3.2973394
1946-11-03,-3.2973394
1946-11-04,-3.2973394
1946-11-05,-3.2973394
1946-11-06,-3.3037686
1946-11-07,-3.3030689
1946-11-08,-3.3014553
1946-11-09,-3.3037686
1946-11-10,-3.3037672
1946-11-11,-3.296228
1946-11-12,-3.301528
1946-11-13,-3.1870584
1946-11-14,-3.30373
1946-11-15,-3.3037686
1946-11-16,-3.303768
1946-11-17,-3.2973394
1946-11-18,-3.1964986
1946-11-19,3.5132766
1946-11-20,-3.2913282
1946-11-21,-3.2468812
1946-11-22,3.5090423
1946-11-23,-0.8239349
1946-11-24,-3.2973394
1946-11-25,-3.2973394
1946-11-26,-3.2973394
1946-11-27,-3.2973394
1946-11-28,-3.3354547
1946-11-29,-3.3355148
1946-11-30,-3.353395
1946-12-01,-3.3533947
1946-12-02,-3.3712626
1946-12-03,-3.3433466
1946-12-04,-3.0146482
1946-12-05,3.6685305
1946-12-06,3.82278
1946-12-07,-2.988158
1946-12-08,-2.9577801
1946-12-09,-2.9576766
1946-12-10,-3.008395
1946-12-11,-3.0432558
1946-12-12,-3.0432558
1946-12-13,-3.0432558
1946-12-14,-3.0432558
1946-12-15,-3.0432568
1946-12-16,-3.045467
1946-12-17,-3.079905
1946-12-18,-3.1908414
1946-12-19,-3.1708486
1946-12-20,-3.2140698
1946-12-21,-3.4181027
1946-12-22,-3.1139264
1946-12-23,-3.1892052
1946-12-24,3.6769793
1946-12-25,3.6808128
1946-12-26,-3.1246998
1946-12-27,-3.2047627
1946-12-28,-3.2302532
1946-12-29,-3.2302532
1946-12-30,-2.976097
1946-12-31,-2.7607977
1947-01-01,-2.5962849
1947-01-02,-2.6847923
1947-01-03,-2.6347058
1947-01-04,-2.6197314
1947-01-05,-2.5962288
1947-01-06,-2.925868
1947-01-07,-3.1331
1947-01-08,-3.1331007
1947-01-09,-3.1331007
1947-01-10,-3.0559204
1947-01-11,-2.9238927
1947-01-12,-2.928927
1947-01-13,-2.9538088
1947-01-14,-2.931996
1947-01-15,-2.7895951
1947-01-16,-2.7366936
1947-01-17,-2.6899705
1947-01-18,-2.692808
1947-01-19,-2.692808
1947-01-20,-2.692808
1947-01-21,-2.8254168
1947-01-22,-2.8254504
1947-01-23,-2.6957715
1947-01-24,-2.6875699
1947-01-25,-2.6895852
1947-01-26,-2.7557333
1947-01-27,-2.770055
1947-01-28,3.799752
1947-01-29,-3.018559
1947-01-30,-3.0825706
1947-01-31,-3.0841496
1947-02-01,-3.0841496
1947-02-02,-3.1975102
1947-02-03,-3.3045995
1947-02-04,-3.390455
1947-02-05,-3.3905141
1947-02-06,-3.414139
1947-02-07,-3.4201396
1947-02-08,-3.3865995
1947-02-09,3.3950853
1947-02-10,-3.4140823
1947-02-11,-3.10159
1947-02-12,3.4219203
1947-02-13,-3.3472161
1947-02-14,-3.3463926
1947-02-15,-3.1347623
1947-02-16,-3.1347108
1947-02-17,-3.134736
1947-02-18,-3.1347623
1947-02-19,-3.1347623
1947-02-20,-3.0287309
1947-02-21,-2.9753704
1947-02-22,-3.030293
1947-02-23,-3.1568599
1947-02-24,-3.1568604
1947-02-25,-3.0355966
1947-02-26,-3.104591
1947-02-27,-3.1046147
1947-02-28,-3.1046147
1947-03-01,3.7793388
1947-03-02,3.5083652
1947-03-03,3.7113698
1947-03-04,-2.9915323
1947-03-05,-2.9915354
1947-03-06,-3.0935767
1947-03-07,-3.0954654
1947-03-08,-3.1108878
1947-03-09,-3.106821
1947-03-10,3.6996288
1947-03-11,-3.1242757
1947-03-12,-3.1242757
1947-03-13,-3.1242757
1947-03-14,-3.0931273
1947-03-15,-3.0888655
1947-03-16,-3.025694
1947-03-17,-3.025694
1947-03-18,-3.0256937
1947-03-19,-2.9334676
1947-03-20,-2.8018522
1947-03-21,-2.843129
1947-03-22,-2.9485884
1947-03-23,-2.8879826
1947-03-24,-2.8879826
1947-03-25,-2.887976
1947-03-26,-2.846236
1947-03-27,-2.9695516
1947-03-28,4.1301947
1947-03-29,4.0280385
1947-03-30,-2.7825243
1947-03-31,-2.7825837
1947-04-01,-2.768003
1947-04-02,1.2954223
1947-04-03,-2.7920291
1947-04-04,-2.8902736
1947-04-05,-2.8903022
1947-04-06,-2.920205
1947-04-07,-2.9201467
1947-04-08,-2.9201467
1947-04-09,-2.9201467
1947-04-10,-2.9211373
1947-04-11,-2.9889634
1947-04-12,-2.9899478
1947-04-13,-2.9899511
1947-04-14,-2.9899483
1947-04-15,-2.953154
1947-04-16,-2.8486133
1947-04-17,-2.8086982
1947-04-18,-2.8127413
1947-04-19,-2.9063153
1947-04-20,-2.9336429
1947-04-21,-2.9335012
1947-04-22,-2.929707
1947-04-23,-2.9336739
1947-04-24,-2.9336736
1947-04-25,-2.9336739
1947-04-26,-2.9336739
1947-04-27,-2.8144634
1947-04-28,-2.8655715
1947-04-29,-2.8655968
1947-04-30,-2.8968158
1947-05-01,-2.8968158
1947-05-02,-2.8968158
1947-05-03,-2.8968165
1947-05-04,-3.0090573
1947-05-05,-2.939937
1947-05-06,-2.9378173
1947-05-07,-2.8140922
1947-05-08,-3.0324495
1947-05-09,-2.8207207
1947-05-10,-2.7491288
1947-05-11,-2.882668
1947-05-12,-2.8278294
1947-05-13,-2.758501
1947-05-14,-2.758501
1947-05-15,-2.758501
1947-05-16,-2.758501
1947-05-17,-2.7585008
1947-05-18,-2.758501
1947-05-19,-2.758501
1947-05-20,-2.758501
1947-05-21,-2.758501
1947-05-22,-2.758501
1947-05-23,-2.7558806
1947-05-24,-2.749208
1947-05-25,-2.8207207
1947-05-26,-2.735005
1947-05-27,-2.6105843
1947-05-28,-2.7277594
1947-05-29,-2.7777653
1947-05-30,-2.7778592
1947-05-31,-2.7704926
1947-06-01,-2.2061603
1947-06-02,-2.8268747
1947-06-03,-2.826875
1947-06-04,-2.826875
1947-06-05,-2.826875
1947-06-06,-2.9900973
1947-06-07,3.72298
1947-06-08,-3.0899136
1947-06-09,-3.2195184
1947-06-10,-3.3455503
1947-06-11,-3.3559654
1947-06-12,-3.3778584
1947-06-13,-3.3778584
1947-06-14,-3.3778596
1947-06-15,-3.4042945
1947-06-16,-3.4042947
1947-06-17,-3.40184
1947-06-18,-3.36206
1947-06-19,-3.339411
1947-06-20,-3.339411
1947-06-21,-3.339411
1947-06-22,-3.3388371
1947-06-23,-3.368539
1947-06-24,-3.1273837
1947-06-25,-3.5419588
1947-06-26,-3.5573385
1947-06-27,-3.5334663
1947-06-28,-2.901933
1947-06-29,-2.9149957
1947-06-30,-2.9075372
1947-07-01,-2.9332187
1947-07-02,-2.9332187
1947-07-03,-2.945943
1947-07-04,-2.945939
1947-07-05,-2.7424335
1947-07-06,-2.8297322
1947-07-07,-2.8419747
1947-07-08,-2.8417046
1947-07-09,-2.7629156
1947-07-10,-2.7226145
1947-07-11,-2.7221837
1947-07-12,-2.7229602
1947-07-13,-2.7764142
1947-07-14,-2.8373435
1947-07-15,-3.1382418
1947-07-16,-3.167887
1947-07-17,-3.2111697
1947-07-18,-3.1911702
1947-07-19,-3.1912003
1947-07-20,-3.1912098
1947-07-21,-3.1918962
1947-07-22,-3.2107127
1947-07-23,-3.2548704
1947-07-24,-3.256796
1947-07-25,-3.3116314
1947-07-26,-3.3116066
1947-07-27,-3.2079272
1947-07-28,-3.2072299
1947-07-29,-3.175152
1947-07-30,-3.175152
1947-07-31,-3.175152
1947-08-01,-3.175152
1947-08-02,-3.175152
1947-08-03,-3.1747072
1947-08-04,-3.1462967
1947-08-05,-3.1462877
1947-08-06,-3.1463661
1947-08-07,-3.1620085
1947-08-08,-3.1620426
1947-08-09,-3.1620426
1947-08-10,-3.1620426
1947-08-11,-3.1620426
1947-08-12,-3.1620426
1947-08-13,-3.1620426
1947-08-14,-3.1620426
1947-08-15,-3.1620426
1947-08-16,-3.1620426
1947-08-17,-3.1620426
1947-08-18,-3.1620426
1947-08-19,-3.1620426
1947-08-20,-3.1620426
1947-08-21,-3.1620426
1947-08-22,-3.1620426
1947-08-23,-3.1620426
1947-08-24,-3.1620502
1947-08-25,-3.260018
1947-08-26,-3.3376162
1947-08-27,-3.3872638
1947-08-28,-3.4339123
1947-08-29,-3.5077884
1947-08-30,-3.5077884
1947-08-31,-3.5077884
1947-09-01,-3.5077884
1947-09-02,-3.5077884
1947-09-03,-3.5077884
1947-09-04,-3.516515
1947-09-05,-3.603124
1947-09-06,-3.7481167
1947-09-07,-3.6296532
1947-09-08,-3.737324
1947-09-09,-3.744764
1947-09-10,-3.745467
1947-09-11,-3.8636372
1947-09-12,-3.8636372
1947-09-13,-3.863629
1947-09-14,-3.862815
1947-09-15,-3.8538487
1947-09-16,-3.8479304
1947-09-17,-3.8601813
1947-09-18,-3.8358579
1947-09-19,-3.8408983
1947-09-20,-3.8409076
1947-09-21,-3.8409076
1947-09-22,-3.8412373
1947-09-23,-3.8414605
1947-09-24,-3.8414605
1947-09-25,-3.8414605
1947-09-26,-3.8414605
1947-09-27,-3.8414605
1947-09-28,-3.8414438
1947-09-29,-3.8645236
1947-09-30,-3.870997
1947-10-01,-3.8709614
1947-10-02,-3.8709614
1947-10-03,-3.8709614
1947-10-04,-3.8709614
1947-10-05,-3.890889
1947-10-06,-3.8462543
1947-10-07,-3.7918727
1947-10-08,-3.8450437
1947-10-09,2.9130635
1947-10-10,-2.850502
1947-10-11,-3.8953865
1947-10-12,-3.8953865
1947-10-13,-3.8953865
1947-10-14,-3.895167
1947-10-15,-3.8223367
1947-10-16,2.967833
1947-10-17,-3.822419
1947-10-18,-3.822419
1947-10-19,-3.822419
1947-10-20,-3.8215394
1947-10-21,-3.822419
1947-10-22,-3.8409564
1947-10-23,-3.8955762
1947-10-24,-3.8981898
1947-10-25,-3.9096887
1947-10-26,-3.9232576
1947-10-27,-3.9293058
1947-10-28,-3.923547
1947-10-29,2.9208002
1947-10-30,-3.9026248
1947-10-31,-3.8995159
1947-11-01,2.9091265
1947-11-02,-3.9046104
1947-11-03,-3.8905656
1947-11-04,-3.9095829
1947-11-05,-3.9418414
1947-11-06,-3.97039
1947-11-07,-4.0050054
1947-11-08,-3.9900692
1947-11-09,-4.077175
1947-11-10,-4.1407914
1947-11-11,-4.142318
1947-11-12,-4.1423244
1947-11-13,-4.1423254
1947-11-14,-4.161489
1947-11-15,2.643752
1947-11-16,-4.1651673
1947-11-17,-4.367015
1947-11-18,-4.498399
1947-11-19,-4.588977
1947-11-20,-4.588978
1947-11-21,-4.588978
1947-11-22,-4.588978
1947-11-23,-4.502122
1947-11-24,-4.185276
1947-11-25,-4.185266
1947-11-26,-4.0834017
1947-11-27,-3.996394
1947-11-28,-3.995753
1947-11-29,-3.995753
1947-11-30,-3.9956405
1947-12-01,-3.9957263
1947-12-02,-3.9558556
1947-12-03,-3.919254
1947-12-04,-3.6992345
1947-12-05,-3.4360354
1947-12-06,-3.3682828
1947-12-07,-3.3598557
1947-12-08,-3.263456
1947-12-09,-3.2344878
1947-12-10,-3.234396
1947-12-11,-3.171915
1947-12-12,-3.177349
1947-12-13,-3.1164167
1947-12-14,-2.7156782
1947-12-15,-2.6717699
1947-12-16,-2.7314918
1947-12-17,3.8789437
1947-12-18,-2.706374
1947-12-19,-2.777454
1947-12-20,-2.6565728
1947-12-21,-2.6841688
1947-12-22,-2.7338905
1947-12-23,-3.3430216
1947-12-24,-3.5114639
1947-12-25,-3.7134044
1947-12-26,-3.779104
1947-12-27,-3.4263225
1947-12-28,-3.3891451
1947-12-29,-3.263962
1947-12-30,-3.7509167
1947-12-31,-3.8188097
1948-01-01,-3.8169765
1948-01-02,2.8027
1948-01-03,-1.0934973
1948-01-04,-4.0225654
1948-01-05,-4.0061483
1948-01-06,-4.0225925
1948-01-07,2.7420537
1948-01-08,-4.1402645
1948-01-09,-4.505831
1948-01-10,-4.5058594
1948-01-11,-4.5058594
1948-01-12,-4.5058594
1948-01-13,-4.5058594
1948-01-14,-4.5058594
1948-01-15,-4.5058603
1948-01-16,-4.7171736
1948-01-17,-4.516282
1948-01-18,-4.515687
1948-01-19,-4.414954
1948-01-20,-4.3315325
1948-01-21,-4.3149996
1948-01-22,-4.351779
1948-01-23,-4.4302225
1948-01-24,-4.4325275
1948-01-25,-4.4569664
1948-01-26,-4.3325987
1948-01-27,-4.1408267
1948-01-28,-3.917812
1948-01-29,-3.9178007
1948-01-30,-3.7712383
1948-01-31,-3.7998993
1948-02-01,-3.7516465
1948-02-02,-3.5744526
1948-02-03,-3.5498152
1948-02-04,3.552992
1948-02-05,3.6640873
1948-02-06,1.5940418
1948-02-07,-3.137749
1948-02-08,-3.0954201
1948-02-09,-3.082196
1948-02-10,-3.0797365
1948-02-11,-3.0102127
1948-02-12,-3.0101826
1948-02-13,-3.0101826
1948-02-14,-3.0101826
1948-02-15,-3.0101824
1948-02-16,-3.0101826
1948-02-17,-3.0101826
1948-02-18,-3.0101826
1948-02-19,-3.0101826
1948-02-20,-3.0101826
1948-02-21,-3.010271
1948-02-22,-3.0333974
1948-02-23,-3.0452805
1948-02-24,-2.9564278
1948-02-25,-2.9815931
1948-02-26,-2.9036257
1948-02-27,-2.8473532
1948-02-28,3.9905531
1948-02-29,-2.9312592
1948-03-01,-2.9312582
1948-03-02,-2.9312582
1948-03-03,-2.931258
1948-03-04,-2.8793695
1948-03-05,-2.7825844
1948-03-06,-2.7825837
1948-03-07,-2.7825837
1948-03-08,-2.7810702
1948-03-09,-2.7825837
1948-03-10,-2.7825837
1948-03-11,-2.7825835
1948-03-12,-2.7406318
1948-03-13,4.159447
1948-03-14,4.147525
1948-03-15,-2.674958
1948-03-16,4.124095
1948-03-17,-2.6815624
1948-03-18,-2.6815722
1948-03-19,-2.6811357
1948-03-20,-2.6815722
1948-03-21,-2.6815722
1948-03-22,-2.6815722
1948-03-23,4.1905384
1948-03-24,4.219705
1948-03-25,-2.590804
1948-03-26,-2.2708428
1948-03-27,-2.1745377
1948-03-28,4.446991
1948-03-29,-2.1745377
1948-03-30,-2.1745372
1948-03-31,-1.9035497
1948-04-01,-1.9035497
1948-04-02,5.048343
1948-04-03,-1.650855
1948-04-04,5.180983
1948-04-05,5.1816463
1948-04-06,-1.5386293
1948-04-07,-1.4262812
1948-04-08,5.382662
1948-04-09,5.3843493
1948-04-10,3.9838164
1948-04-11,-1.1624947
1948-04-12,-1.1616244
1948-04-13,-1.1450201
1948-04-14,-1.1292167
1948-04-15,-1.145364
1948-04-16,-1.1618416
1948-04-17,-1.1818815
1948-04-18,-1.2157099
1948-04-19,-1.215991
1948-04-20,-1.2159932
1948-04-21,-1.2097355
1948-04-22,-1.3853406
1948-04-23,-1.2547665
1948-04-24,-1.2543261
1948-04-25,-1.2543261
1948-04-26,-1.2543261
1948-04-27,5.4549503
1948-04-28,5.556283
1948-04-29,5.5563045
1948-04-30,-1.2543261
1948-05-01,-1.2543261
1948-05-02,-1.2543261
1948-05-03,-1.2543261
1948-05-04,-1.2543263
1948-05-05,-1.3636613
1948-05-06,-1.3636811
1948-05-07,-1.3636811
1948-05-08,-1.3636811
1948-05-09,-1.3636811
1948-05-10,-1.3636811
1948-05-11,-1.3636811
1948-05-12,-1.3636812
1948-05-13,-1.3636861
1948-05-14,-1.3636849
1948-05-15,-1.260092
1948-05-16,-1.2543261
1948-05-17,-1.2542349
1948-05-18,-1.2537506
1948-05-19,0.5292552
1948-05-20,-1.2538383
1948-05-21,-1.2543261
1948-05-22,-1.2543261
1948-05-23,-1.2543261
1948-05-24,-1.2543261
1948-05-25,-1.2543261
1948-05-26,-1.2543261
1948-05-27,-1.2356281
1948-05-28,-1.2543331
1948-05-29,-1.5868398
1948-05-30,5.221177
1948-05-31,-1.5509243
1948-06-01,-1.6698673
1948-06-02,-1.714322
1948-06-03,-1.7953694
1948-06-04,5.008775
1948-06-05,-2.0339696
1948-06-06,-2.0526962
1948-06-07,-2.3748727
1948-06-08,-2.3748727
1948-06-09,-2.3748612
1948-06-10,-2.3502371
1948-06-11,-2.3502371
1948-06-12,-2.3502371
1948-06-13,-2.3502371
1948-06-14,-2.3502371
1948-06-15,-2.3502371
1948-06-16,-2.3502371
1948-06-17,-2.3502371
1948-06-18,-2.3502371
1948-06-19,-2.3502371
1948-06-20,-2.3502371
1948-06-21,-2.3502371
1948-06-22,-2.315943
1948-06-23,-2.3159416
1948-06-24,-1.9899161
1948-06-25,-1.9872596
1948-06-26,-2.0532317
1948-06-27,-1.817534
1948-06-28,-1.8175333
1948-06-29,-1.9181297
1948-06-30,-1.7579405
1948-07-01,-1.2922001
1948-07-02,-1.4528279
1948-07-03,-1.8445027
1948-07-04,-2.6267295
1948-07-05,-2.6986718
1948-07-06,-2.737312
1948-07-07,-2.8003535
1948-07-08,-2.8688846
1948-07-09,-2.8688846
1948-07-10,-2.8689303
1948-07-11,-2.9157798
1948-07-12,-2.8731556
1948-07-13,-2.8731556
1948-07-14,-2.8731556
1948-07-15,-2.8731556
1948-07-16,-2.9270968
1948-07-17,-2.9463255
1948-07-18,-2.956339
1948-07-19,-2.968212
1948-07-20,-2.9682753
1948-07-21,-2.8942752
1948-07-22,-3.0539167
1948-07-23,-3.3691468
1948-07-24,-3.4061897
1948-07-25,-3.3288994
1948-07-26,-3.330379
1948-07-27,-3.3720458
1948-07-28,-3.3720458
1948-07-29,-3.3720458
1948-07-30,-3.3720458
1948-07-31,-3.3720458
1948-08-01,-3.3720458
1948-08-02,-3.3068688
1948-08-03,-3.399015
1948-08-04,-3.3994298
1948-08-05,-3.3994298
1948-08-06,-3.402011
1948-08-07,-3.460963
1948-08-08,-3.460963
1948-08-09,-3.460963
1948-08-10,-3.4609528
1948-08-11,-3.4566798
1948-08-12,-3.452243
1948-08-13,-3.4521613
1948-08-14,-3.4521608
1948-08-15,-3.4522264
1948-08-16,-3.4553125
1948-08-17,-3.4608438
1948-08-18,-3.460962
1948-08-19,-3.460963
1948-08-20,-3.460963
1948-08-21,-3.461156
1948-08-22,-3.5014706
1948-08-23,-3.525154
1948-08-24,-3.5252929
1948-08-25,-3.5277476
1948-08-26,-3.659498
1948-08-27,-3.6595218
1948-08-28,-3.6595218
1948-08-29,-3.6595218
1948-08-30,-3.6595218
1948-08-31,-3.6595218
1948-09-01,-3.6595218
1948-09-02,-3.6595123
1948-09-03,-3.657554
1948-09-04,-3.5974238
1948-09-05,-3.5247657
1948-09-06,-3.5247636
1948-09-07,-3.5247636
1948-09-08,-3.5237293
1948-09-09,-3.4070609
1948-09-10,-3.4070609
1948-09-11,-3.4070609
1948-09-12,-3.4070609
1948-09-13,-3.4066315
1948-09-14,-3.306872
1948-09-15,-3.3068688
1948-09-16,-3.3068688
1948-09-17,-3.3067849
1948-09-18,-3.3068688
1948-09-19,-3.3068688
1948-09-20,-3.3068688
1948-09-21,-3.3068688
1948-09-22,-3.3068662
1948-09-23,-3.40114
1948-09-24,-3.5152795
1948-09-25,-3.5152788
1948-09-26,-3.584639
1948-09-27,-3.7620413
1948-09-28,-3.7620416
1948-09-29,-3.8326552
1948-09-30,-3.8749146
1948-10-01,-3.9080484
1948-10-02,-3.9707448
1948-10-03,-4.064516
1948-10-04,-4.0645227
1948-10-05,-4.3765545
1948-10-06,-4.3765545
1948-10-07,-4.4149656
1948-10-08,-4.4149656
1948-10-09,-4.4149656
1948-10-10,-4.728915
1948-10-11,0.35101828
1948-10-12,-4.728915
1948-10-13,-4.721123
1948-10-14,-4.728915
1948-10-15,-5.028672
1948-10-16,-5.0925236
1948-10-17,-5.0925236
1948-10-18,-5.0925236
1948-10-19,-5.0925236
1948-10-20,-5.0925236
1948-10-21,-5.0902624
1948-10-22,-4.728915
1948-10-23,-4.728915
1948-10-24,-4.728915
1948-10-25,-4.728915
1948-10-26,-4.4149656
1948-10-27,-4.4149656
1948-10-28,-4.4149656
1948-10-29,-4.4149656
1948-10-30,-4.4149656
1948-10-31,-4.6682806
1948-11-01,2.1334562
1948-11-02,-4.5179462
1948-11-03,-4.53906
1948-11-04,-4.415784
1948-11-05,-4.414399
1948-11-06,-4.2258053
1948-11-07,-4.2036943
1948-11-08,-4.2036133
1948-11-09,-4.168036
1948-11-10,-4.1681986
1948-11-11,-4.169492
1948-11-12,-4.169533
1948-11-13,-4.169533
1948-11-14,-4.169533
1948-11-15,-4.2084765
1948-11-16,-4.2071342
1948-11-17,-4.3066826
1948-11-18,-4.4157906
1948-11-19,-4.41579
1948-11-20,-4.4157906
1948-11-21,-4.4157906
1948-11-22,-4.4157906
1948-11-23,-4.4157906
1948-11-24,-4.4157906
1948-11-25,-4.4157696
1948-11-26,-4.248313
1948-11-27,-4.2121096
1948-11-28,-4.169533
1948-11-29,-4.1690946
1948-11-30,-4.168073
1948-12-01,-4.077938
1948-12-02,-4.076856
1948-12-03,-4.073937
1948-12-04,-3.9470503
1948-12-05,2.9575994
1948-12-06,-3.5568316
1948-12-07,-3.11609
1948-12-08,-3.131225
1948-12-09,-3.197506
1948-12-10,-3.1975055
1948-12-11,-2.9042027
1948-12-12,-2.8785841
1948-12-13,4.0979333
1948-12-14,-2.060226
1948-12-15,-2.68378
1948-12-16,3.5685627
1948-12-17,-2.6802206
1948-12-18,-2.6837826
1948-12-19,-2.8324013
1948-12-20,-2.8362095
1948-12-21,-3.0150492
1948-12-22,-3.0908728
1948-12-23,-3.197506
1948-12-24,-3.1974905
1948-12-25,-3.2666311
1948-12-26,3.435702
1948-12-27,-3.4945405
1948-12-28,-3.4966288
1948-12-29,-3.5219598
1948-12-30,-3.7579436
1948-12-31,-3.7579336
1949-01-01,-3.6788566
1949-01-02,-3.696527
1949-01-03,-3.7694736
1949-01-04,-4.02208
1949-01-05,-4.067001
1949-01-06,-4.067001
1949-01-07,-4.067001
1949-01-08,-4.072374
1949-01-09,-4.1303062
1949-01-10,-4.1303062
1949-01-11,-4.1303062
1949-01-12,-4.1303062
1949-01-13,-4.130261
1949-01-14,-4.1303062
1949-01-15,-4.1303062
1949-01-16,-4.1303062
1949-01-17,-4.1303067
1949-01-18,-4.1562767
1949-01-19,2.6524625
1949-01-20,-4.130525
1949-01-21,-4.1300964
1949-01-22,2.6483026
1949-01-23,-3.9546583
1949-01-24,-3.8101037
1949-01-25,-3.719249
1949-01-26,-3.6057382
1949-01-27,-3.5366626
1949-01-28,-3.5131154
1949-01-29,-3.3322656
1949-01-30,-3.288405
1949-01-31,-3.0658185
1949-02-01,-3.0626433
1949-02-02,-3.030255
1949-02-03,-2.6830964
1949-02-04,-2.5827088
1949-02-05,-2.4814315
1949-02-06,4.3267817
1949-02-07,-2.4736311
1949-02-08,-2.4736378
1949-02-09,-2.4251747
1949-02-10,4.133883
1949-02-11,-1.3746451
1949-02-12,-2.382253
1949-02-13,-2.325951
1949-02-14,-2.326099
1949-02-15,-2.367721
1949-02-16,-2.367721
1949-02-17,-2.367745
1949-02-18,-2.4107318
1949-02-19,-2.4107318
1949-02-20,-2.2943609
1949-02-21,-2.4105048
1949-02-22,0.82218707
1949-02-23,-2.4107156
1949-02-24,4.243256
1949-02-25,-2.5674083
1949-02-26,4.2355285
1949-02-27,-2.5673964
1949-02-28,-2.688851
1949-03-01,-2.6859927
1949-03-02,3.981538
1949-03-03,3.8295987
1949-03-04,-0.9537063
1949-03-05,-2.986158
1949-03-06,-2.9861631
1949-03-07,-2.9861615
1949-03-08,-2.932716
1949-03-09,3.7541752
1949-03-10,3.7035208
1949-03-11,2.8001218
1949-03-12,-3.115504
1949-03-13,-3.1155045
1949-03-14,-3.1102068
1949-03-15,-2.9376493
1949-03-16,3.787162
1949-03-17,-3.0434368
1949-03-18,-2.9867685
1949-03-19,3.8244677
1949-03-20,-2.9861615
1949-03-21,-2.8586955
1949-03-22,3.9536238
1949-03-23,-2.7549188
1949-03-24,-2.5733254
1949-03-25,-2.5706768
1949-03-26,-2.5457258
1949-03-27,-2.545285
1949-03-28,-2.5452821
1949-03-29,-2.545283
1949-03-30,-2.4295218
1949-03-31,-2.475438
1949-04-01,-2.479691
1949-04-02,-2.5868046
1949-04-03,-2.5908027
1949-04-04,-2.5908046
1949-04-05,-2.5908046
1949-04-06,-2.5908065
1949-04-07,-2.7277975
1949-04-08,-2.7277975
1949-04-09,-2.7277975
1949-04-10,-2.7277975
1949-04-11,-2.7277975
1949-04-12,-2.7277975
1949-04-13,-2.7277975
1949-04-14,-2.7277975
1949-04-15,-2.7277584
1949-04-16,-2.7277975
1949-04-17,-2.7277975
1949-04-18,-2.7277975
1949-04-19,-2.7277975
1949-04-20,-2.7277975
1949-04-21,-2.6347752
1949-04-22,-2.4604788
1949-04-23,-2.4604788
1949-04-24,-2.4604788
1949-04-25,-2.4603612
1949-04-26,-2.077554
1949-04-27,-2.0620167
1949-04-28,4.726299
1949-04-29,-2.0195456
1949-04-30,-2.0195456
1949-05-01,-1.8895161
1949-05-02,-1.8781219
1949-05-03,-1.8781219
1949-05-04,-1.8674934
1949-05-05,-1.8407748
1949-05-06,-1.8407748
1949-05-07,-1.8407748
1949-05-08,-1.8407748
1949-05-09,-1.8407748
1949-05-10,-1.8407724
1949-05-11,-1.8407748
1949-05-12,-1.8407748
1949-05-13,-1.8407124
1949-05-14,4.7219954
1949-05-15,-1.690148
1949-05-16,-1.7182236
1949-05-17,-1.7171447
1949-05-18,-1.717064
1949-05-19,-1.7162701
1949-05-20,-1.7171261
1949-05-21,-1.7171261
1949-05-22,-1.7171242
1949-05-23,-1.6398089
1949-05-24,-1.5869071
1949-05-25,-1.5869071
1949-05-26,-1.5869071
1949-05-27,-1.5869071
1949-05-28,-1.5869071
1949-05-29,-1.5869071
1949-05-30,-1.5869069
1949-05-31,-1.5556874
1949-06-01,-1.254331
1949-06-02,-1.2543261
1949-06-03,-1.2543261
1949-06-04,-1.2543261
1949-06-05,-1.2543261
1949-06-06,-1.2543261
1949-06-07,-1.2525585
1949-06-08,-1.153388
1949-06-09,-1.1528444
1949-06-10,-1.1815
1949-06-11,-1.2555771
1949-06-12,-1.663759
1949-06-13,-1.663759
1949-06-14,-1.8050439
1949-06-15,-1.9778473
1949-06-16,-1.9795632
1949-06-17,-1.9795635
1949-06-18,-2.136968
1949-06-19,-2.2331898
1949-06-20,-2.348718
1949-06-21,-2.3322406
1949-06-22,-2.4411259
1949-06-23,-2.4411259
1949-06-24,-2.4411259
1949-06-25,-2.4411259
1949-06-26,-2.4411259
1949-06-27,-2.4411259
1949-06-28,-2.4411259
1949-06-29,-2.4411259
1949-06-30,-2.4411259
1949-07-01,-2.4799132
1949-07-02,-2.4580977
1949-07-03,-1.9944081
1949-07-04,-2.2546432
1949-07-05,-2.2684588
1949-07-06,-2.2684596
1949-07-07,-2.427581
1949-07-08,-2.5793412
1949-07-09,-2.6063569
1949-07-10,-2.6773431
1949-07-11,-2.677772
1949-07-12,-2.6783621
1949-07-13,-2.6848416
1949-07-14,-2.6894596
1949-07-15,-2.6997218
1949-07-16,-2.7012534
1949-07-17,-2.7273352
1949-07-18,-2.7273433
1949-07-19,-2.9672687
1949-07-20,-2.9520779
1949-07-21,-2.9883664
1949-07-22,-2.9883664
1949-07-23,-2.9883664
1949-07-24,-2.9883664
1949-07-25,-2.9883664
1949-07-26,-3.2803335
1949-07-27,-3.2803338
1949-07-28,-3.2992632
1949-07-29,-3.2992632
1949-07-30,-3.2992632
1949-07-31,-3.3364694
1949-08-01,-3.3364694
1949-08-02,-3.3364694
1949-08-03,-3.3364694
1949-08-04,-3.3364694
1949-08-05,-3.3364694
1949-08-06,-3.3386734
1949-08-07,-3.3786554
1949-08-08,-3.3786554
1949-08-09,-3.378629
1949-08-10,-3.5320187
1949-08-11,-3.5310097
1949-08-12,-3.5310097
1949-08-13,-3.5310097
1949-08-14,-3.5310097
1949-08-15,-3.5356748
1949-08-16,-3.3786585
1949-08-17,-3.3786554
1949-08-18,-3.3786554
1949-08-19,-3.3786554
1949-08-20,-3.3786554
1949-08-21,-3.3801985
1949-08-22,-3.616136
1949-08-23,-3.656336
1949-08-24,-3.6595218
1949-08-25,-3.6627069
1949-08-26,-3.8510952
1949-08-27,-3.845363
1949-08-28,-3.845363
1949-08-29,-3.845363
1949-08-30,-3.845363
1949-08-31,-3.9126222
1949-09-01,-3.9321811
1949-09-02,-4.003873
1949-09-03,-4.003873
1949-09-04,-4.0041404
1949-09-05,-4.1301203
1949-09-06,-4.1301265
1949-09-07,-4.1301575
1949-09-08,-4.2309284
1949-09-09,-4.247529
1949-09-10,-4.2475376
1949-09-11,-4.2475376
1949-09-12,-4.24759
1949-09-13,-4.396678
1949-09-14,-4.3966923
1949-09-15,-4.3966923
1949-09-16,-4.3966923
1949-09-17,-4.3966923
1949-09-18,-4.3966923
1949-09-19,-4.3966923
1949-09-20,-4.3966923
1949-09-21,-4.3966923
1949-09-22,-4.2497053
1949-09-23,-4.2475376
1949-09-24,-4.2475376
1949-09-25,-4.2474527
1949-09-26,-4.220896
1949-09-27,-4.219737
1949-09-28,-4.219737
1949-09-29,-4.1311355
1949-09-30,-4.1301265
1949-10-01,-4.130074
1949-10-02,-4.003895
1949-10-03,-4.003873
1949-10-04,-4.003772
1949-10-05,-3.9712198
1949-10-06,-3.9712198
1949-10-07,-3.9712198
1949-10-08,-3.9712198
1949-10-09,-3.9712198
1949-10-10,-3.9712198
1949-10-11,-3.9698317
1949-10-12,-3.9126222
1949-10-13,-3.9101813
1949-10-14,-3.8072248
1949-10-15,-3.8071964
1949-10-16,-3.8072505
1949-10-17,-3.9123528
1949-10-18,-3.9126217
1949-10-19,-3.9126222
1949-10-20,-3.9126222
1949-10-21,-3.9139073
1949-10-22,-3.9712198
1949-10-23,-3.9712198
1949-10-24,-3.9712198
1949-10-25,-3.9712198
1949-10-26,-3.9712198
1949-10-27,-3.9712198
1949-10-28,-3.9712198
1949-10-29,-3.9712198
1949-10-30,-4.003732
1949-10-31,-4.003873
1949-11-01,-4.003873
1949-11-02,-4.003873
1949-11-03,-4.003873
1949-11-04,-4.0008936
1949-11-05,-4.0008507
1949-11-06,-4.0008507
1949-11-07,-4.129093
1949-11-08,-4.148708
1949-11-09,2.6796227
1949-11-10,2.5122693
1949-11-11,-4.1066456
1949-11-12,-4.1241875
1949-11-13,-4.124199
1949-11-14,-4.124199
1949-11-15,-4.124199
1949-11-16,-4.124199
1949-11-17,-4.124199
1949-11-18,-4.124199
1949-11-19,-4.124199
1949-11-20,-4.124199
1949-11-21,-4.124199
1949-11-22,-4.124199
1949-11-23,-4.124228
1949-11-24,-4.2625275
1949-11-25,-4.4214277
1949-11-26,-4.673874
1949-11-27,-4.673874
1949-11-28,-4.673874
1949-11-29,-4.673874
1949-11-30,-4.673874
1949-12-01,-4.673874
1949-12-02,-4.673874
1949-12-03,-4.673874
1949-12-04,-4.673874
1949-12-05,-4.724326
1949-12-06,-4.7810326
1949-12-07,1.548715
1949-12-08,-5.2684836
1949-12-09,-5.2681227
1949-12-10,-5.268709
1949-12-11,-5.350217
1949-12-12,-5.3536243
1949-12-13,-5.353628
1949-12-14,-5.350623
1949-12-15,1.0138648
1949-12-16,-5.2928057
1949-12-17,1.5901904
1949-12-18,1.4946784
1949-12-19,-5.3648605
1949-12-20,-5.369256
1949-12-21,-5.3692913
1949-12-22,-5.3692913
1949-12-23,-5.366583
1949-12-24,-5.1817493
1949-12-25,-5.1817455
1949-12-26,-5.1817455
1949-12-27,-5.1817455
1949-12-28,-5.1817455
1949-12-29,-4.977517
1949-12-30,-4.9772434
1949-12-31,-4.9772434
1950-01-01,-4.9772434
1950-01-02,-4.9618015
1950-01-03,-4.9772434
1950-01-04,-4.9772434
1950-01-05,-4.9772434
1950-01-06,-4.94318
1950-01-07,-4.5752597
1950-01-08,2.2351875
1950-01-09,-4.575443
1950-01-10,2.2351153
1950-01-11,-4.57459
1950-01-12,-4.5754433
1950-01-13,2.0341146
1950-01-14,2.234587
1950-01-15,-4.5754433
1950-01-16,2.235187
1950-01-17,2.235186
1950-01-18,-4.5754433
1950-01-19,-4.5754433
1950-01-20,-4.575375
1950-01-21,-4.5754247
1950-01-22,-4.5754433
1950-01-23,-4.5584593
1950-01-24,-4.5754433
1950-01-25,-4.5754433
1950-01-26,-4.5754433
1950-01-27,2.2149677
1950-01-28,-4.573272
1950-01-29,-4.5754433
1950-01-30,-4.5754433
1950-01-31,-4.5754433
1950-02-01,-4.5754433
1950-02-02,-4.5754433
1950-02-03,-4.575437
1950-02-04,2.2351449
1950-02-05,2.1705272
1950-02-06,-4.4427466
1950-02-07,-4.6894207
1950-02-08,-4.6894207
1950-02-09,-4.6879
1950-02-10,2.1212091
1950-02-11,-4.6894207
1950-02-12,-4.6894207
1950-02-13,-4.6894207
1950-02-14,-4.6894207
1950-02-15,-4.6894207
1950-02-16,-4.6894207
1950-02-17,-4.6894207
1950-02-18,-4.6894207
1950-02-19,-4.6894207
1950-02-20,-4.688094
1950-02-21,-4.4299097
1950-02-22,-4.4299097
1950-02-23,-4.4299097
1950-02-24,-4.4299097
1950-02-25,-4.4299097
1950-02-26,-4.4299097
1950-02-27,-4.4299097
1950-02-28,-4.370902
1950-03-01,-4.2149496
1950-03-02,-4.176782
1950-03-03,-4.176782
1950-03-04,-4.176782
1950-03-05,-4.0353146
1950-03-06,-4.013918
1950-03-07,-4.0869756
1950-03-08,-3.940745
1950-03-09,-3.940745
1950-03-10,-3.8573482
1950-03-11,-3.8573477
1950-03-12,-3.8573482
1950-03-13,-3.8573482
1950-03-14,-3.8573482
1950-03-15,-3.8573482
1950-03-16,-3.8573482
1950-03-17,-3.8573482
1950-03-18,-3.8568485
1950-03-19,-3.8573349
1950-03-20,-3.8573482
1950-03-21,-3.8573482
1950-03-22,-3.8300884
1950-03-23,-3.4802496
1950-03-24,2.9532824
1950-03-25,-3.8573425
1950-03-26,-3.8266163
1950-03-27,-3.6662068
1950-03-28,-3.7593265
1950-03-29,-3.7593265
1950-03-30,-3.7593265
1950-03-31,-3.7593265
1950-04-01,-3.759321
1950-04-02,-3.7244027
1950-04-03,-3.7229488
1950-04-04,-3.7229488
1950-04-05,-3.7229488
1950-04-06,-3.69409
1950-04-07,3.0869582
1950-04-08,3.2711425
1950-04-09,-3.5281901
1950-04-10,-3.4122975
1950-04-11,-3.3972578
1950-04-12,-3.3972015
1950-04-13,-3.3972318
1950-04-14,-3.4050462
1950-04-15,-3.5278294
1950-04-16,-3.5256648
1950-04-17,-3.5284388
1950-04-18,-3.528439
1950-04-19,-3.528439
1950-04-20,-3.4099817
1950-04-21,-3.3469236
1950-04-22,-3.3072436
1950-04-23,-3.3072436
1950-04-24,-3.3072371
1950-04-25,-3.1711748
1950-04-26,-3.1694477
1950-04-27,-3.1694477
1950-04-28,-3.1591196
1950-04-29,-3.1031866
1950-04-30,-3.0104432
1950-05-01,3.797734
1950-05-02,3.6567326
1950-05-03,-3.0101607
1950-05-04,-2.8742127
1950-05-05,-2.8740258
1950-05-06,-2.8738606
1950-05-07,-2.8740258
1950-05-08,-2.8740258
1950-05-09,-2.8740258
1950-05-10,-2.8740258
1950-05-11,-2.8740258
1950-05-12,-2.8740258
1950-05-13,-2.8740258
1950-05-14,-2.8740258
1950-05-15,-2.8740258
1950-05-16,-2.8740258
1950-05-17,-2.8740258
1950-05-18,-2.8740258
1950-05-19,-2.8740258
1950-05-20,-2.8740258
1950-05-21,-2.8743472
1950-05-22,-2.8068037
1950-05-23,-2.8067887
1950-05-24,-2.6790285
1950-05-25,-2.6790283
1950-05-26,-2.6790283
1950-05-27,-2.6790283
1950-05-28,-2.6790283
1950-05-29,-2.5544188
1950-05-30,-2.8344615
1950-05-31,-2.8547893
1950-06-01,-2.870703
1950-06-02,-2.8698888
1950-06-03,-2.8691587
1950-06-04,-2.713608
1950-06-05,-2.4060864
1950-06-06,-2.4060752
1950-06-07,-2.167084
1950-06-08,-2.1670835
1950-06-09,-2.1670809
1950-06-10,-2.168401
1950-06-11,-2.4817686
1950-06-12,-2.6376224
1950-06-13,-2.6515493
1950-06-14,-2.6515493
1950-06-15,-2.6516478
1950-06-16,-2.7400594
1950-06-17,-2.740072
1950-06-18,-2.740072
1950-06-19,-2.7402728
1950-06-20,-2.9786444
1950-06-21,-2.978886
1950-06-22,-2.8380525
1950-06-23,-2.9098115
1950-06-24,-2.9004233
1950-06-25,-2.949556
1950-06-26,-3.160764
1950-06-27,-3.1011245
1950-06-28,-3.080873
1950-06-29,-3.2226048
1950-06-30,-3.2373104
1950-07-01,-3.4042408
1950-07-02,-3.4035275
1950-07-03,-3.3267276
1950-07-04,-3.314313
1950-07-05,-3.314313
1950-07-06,-3.314313
1950-07-07,-3.314313
1950-07-08,-3.3143132
1950-07-09,-3.3143146
1950-07-10,-3.3183887
1950-07-11,-3.3184333
1950-07-12,-3.3184328
1950-07-13,-3.3184328
1950-07-14,-3.3176985
1950-07-15,-3.2958019
1950-07-16,-3.4672325
1950-07-17,-3.4672375
1950-07-18,-3.4653616
1950-07-19,-3.441923
1950-07-20,-3.4603186
1950-07-21,-3.5100055
1950-07-22,-3.5100055
1950-07-23,-3.5100055
1950-07-24,-3.5100055
1950-07-25,-3.5100055
1950-07-26,-3.5100055
1950-07-27,-3.686011
1950-07-28,-3.641541
1950-07-29,-3.7129943
1950-07-30,-3.7129948
1950-07-31,-3.7129948
1950-08-01,-3.7129948
1950-08-02,-3.7129948
1950-08-03,-3.7129948
1950-08-04,-3.8160546
1950-08-05,-3.818512
1950-08-06,-3.818512
1950-08-07,-3.7697957
1950-08-08,-3.676265
1950-08-09,-3.7127805
1950-08-10,-3.7127888
1950-08-11,-3.7127888
1950-08-12,-3.7127888
1950-08-13,-3.7127886
1950-08-14,-3.7127888
1950-08-15,-3.7127888
1950-08-16,-3.712787
1950-08-17,-3.707387
1950-08-18,-3.6708462
1950-08-19,-3.7087924
1950-08-20,-3.712787
1950-08-21,-3.7127888
1950-08-22,-3.7127898
1950-08-23,-3.9323142
1950-08-24,-4.0507164
1950-08-25,-4.015338
1950-08-26,-4.015338
1950-08-27,-3.9495566
1950-08-28,-3.9278934
1950-08-29,-3.9278934
1950-08-30,-4.0008507
1950-08-31,-4.00799
1950-09-01,-4.1796455
1950-09-02,-4.219737
1950-09-03,-4.219737
1950-09-04,-4.219737
1950-09-05,-4.219737
1950-09-06,-4.219744
1950-09-07,-4.2475376
1950-09-08,-4.2475376
1950-09-09,-4.2475376
1950-09-10,-4.2475376
1950-09-11,-4.2475376
1950-09-12,-4.2475376
1950-09-13,-4.2475376
1950-09-14,-4.2475376
1950-09-15,-4.2475376
1950-09-16,-4.2475376
1950-09-17,-4.236592
1950-09-18,-4.2475395
1950-09-19,-4.2475386
1950-09-20,-4.2475386
1950-09-21,-4.2475376
1950-09-22,-4.2475376
1950-09-23,-4.2475376
1950-09-24,-4.2475376
1950-09-25,-4.2475376
1950-09-26,-4.2475376
1950-09-27,-4.2475376
1950-09-28,-4.2475376
1950-09-29,-4.2475376
1950-09-30,-4.2197857
1950-10-01,-4.219737
1950-10-02,-4.219737
1950-10-03,-4.210594
1950-10-04,-4.070098
1950-10-05,-4.070098
1950-10-06,-4.070072
1950-10-07,-4.003873
1950-10-08,-4.003873
1950-10-09,-4.0008507
1950-10-10,-4.0008507
1950-10-11,-4.0008507
1950-10-12,-4.0008507
1950-10-13,-4.0008507
1950-10-14,-4.0008507
1950-10-15,-4.0008507
1950-10-16,-4.0008507
1950-10-17,-4.0008507
1950-10-18,-4.0008507
1950-10-19,-4.0008507
1950-10-20,-4.0008507
1950-10-21,-4.0008507
1950-10-22,-4.0008507
1950-10-23,-3.947327
1950-10-24,-4.0008507
1950-10-25,2.7129934
1950-10-26,2.8066835
1950-10-27,-4.0036855
1950-10-28,-4.0038366
1950-10-29,-3.9954603
1950-10-30,-3.6948338
1950-10-31,-4.003873
1950-11-01,-4.003873
1950-11-02,-4.0038786
1950-11-03,-4.0660944
1950-11-04,-4.130119
1950-11-05,-4.1301265
1950-11-06,-4.1301265
1950-11-07,-4.1300945
1950-11-08,-4.1151056
1950-11-09,-4.1151056
1950-11-10,-4.1151056
1950-11-11,-4.1151056
1950-11-12,-4.1151056
1950-11-13,-4.1151056
1950-11-14,-4.1101384
1950-11-15,-4.1095295
1950-11-16,2.6955042
1950-11-17,2.695191
1950-11-18,2.693316
1950-11-19,-3.5830011
1950-11-20,2.64608
1950-11-21,-4.1301265
1950-11-22,-4.1301265
1950-11-23,-4.1301265
1950-11-24,-4.1301265
1950-11-25,-4.1301265
1950-11-26,-4.1301265
1950-11-27,-4.1301265
1950-11-28,-4.1301265
1950-11-29,-4.1301265
1950-11-30,-4.185869
1950-12-01,-4.1865315
1950-12-02,2.6239815
1950-12-03,2.6240375
1950-12-04,-4.1865315
1950-12-05,-4.1865315
1950-12-06,2.5781465
1950-12-07,2.6238606
1950-12-08,-1.0670091
1950-12-09,-3.8808117
1950-12-10,-3.8805695
1950-12-11,-3.880567
1950-12-12,-3.8805695
1950-12-13,-3.88054
1950-12-14,2.9295738
1950-12-15,-3.8805692
1950-12-16,-3.8805695
1950-12-17,-3.8805695
1950-12-18,-3.8805695
1950-12-19,-3.8744545
1950-12-20,-3.811108
1950-12-21,-3.8949468
1950-12-22,-3.9666545
1950-12-23,-4.1444755
1950-12-24,-4.135742
1950-12-25,-4.135742
1950-12-26,-4.135742
1950-12-27,-4.1197233
1950-12-28,-3.92251
1950-12-29,-3.92251
1950-12-30,-4.0118093
1950-12-31,-4.257571
1951-01-01,-4.257571
1951-01-02,-4.2575703
1951-01-03,2.5523398
1951-01-04,-4.075331
1951-01-05,-4.257571
1951-01-06,-4.257571
1951-01-07,-4.257571
1951-01-08,-4.2575645
1951-01-09,-4.2575502
1951-01-10,2.5463614
1951-01-11,2.553053
1951-01-12,-4.2585297
1951-01-13,-4.260517
1951-01-14,-4.2576017
1951-01-15,1.9021949
1951-01-16,2.1925068
1951-01-17,-0.019915774
1951-01-18,2.5176284
1951-01-19,-4.257571
1951-01-20,-4.257571
1951-01-21,2.5404074
1951-01-22,-4.257562
1951-01-23,-4.257571
1951-01-24,-4.257571
1951-01-25,-4.257571
1951-01-26,-4.257571
1951-01-27,-4.257571
1951-01-28,-4.257571
1951-01-29,-4.2575593
1951-01-30,-4.257571
1951-01-31,-4.257571
1951-02-01,-4.257571
1951-02-02,-4.2566285
1951-02-03,-3.596256
1951-02-04,2.7027922
1951-02-05,-4.0550256
1951-02-06,-3.790912
1951-02-07,-3.7720401
1951-02-08,-3.5996075
1951-02-09,-3.5996075
1951-02-10,-3.5290842
1951-02-11,3.3272142
1951-02-12,-3.4719062
1951-02-13,-3.4719062
1951-02-14,-3.4719062
1951-02-15,-3.4719062
1951-02-16,-3.6069257
1951-02-17,-3.5396123
1951-02-18,-3.6069257
1951-02-19,-3.628394
1951-02-20,-3.7686987
1951-02-21,-3.7689502
1951-02-22,-3.77024
1951-02-23,-3.77024
1951-02-24,-3.77024
1951-02-25,-3.7211921
1951-02-26,-3.1867828
1951-02-27,-3.729255
1951-02-28,2.1409774
1951-03-01,-4.191676
1951-03-02,-4.0989003
1951-03-03,-3.969506
1951-03-04,2.8605666
1951-03-05,-3.9486163
1951-03-06,-1.720827
1951-03-07,-3.634033
1951-03-08,-3.6340027
1951-03-09,-3.5461721
1951-03-10,-3.546172
1951-03-11,-3.5347917
1951-03-12,-3.5171635
1951-03-13,-3.4037266
1951-03-14,-3.3640673
1951-03-15,-3.3640673
1951-03-16,-3.3640723
1951-03-17,-3.407934
1951-03-18,-3.4079368
1951-03-19,-3.4079368
1951-03-20,-3.4079368
1951-03-21,-3.4079368
1951-03-22,-3.4079368
1951-03-23,-3.4079368
1951-03-24,-3.361909
1951-03-25,-3.3623986
1951-03-26,-3.418897
1951-03-27,-3.0316007
1951-03-28,-3.0142245
1951-03-29,-3.0142245
1951-03-30,-3.0142245
1951-03-31,-2.8922458
1951-04-01,-2.6351213
1951-04-02,-2.4473283
1951-04-03,-2.4280846
1951-04-04,-2.4280698
1951-04-05,-2.4280708
1951-04-06,-2.42807
1951-04-07,-2.3181396
1951-04-08,-2.177924
1951-04-09,-2.0867817
1951-04-10,-2.086778
1951-04-11,-2.0994632
1951-04-12,-2.0994632
1951-04-13,-2.0994632
1951-04-14,-2.0994632
1951-04-15,-2.099462
1951-04-16,-2.086756
1951-04-17,-2.086778
1951-04-18,-2.086778
1951-04-19,-2.086778
1951-04-20,-1.8148565
1951-04-21,-1.650886
1951-04-22,-1.650886
1951-04-23,-1.65086
1951-04-24,-1.6289744
1951-04-25,-1.6289685
1951-04-26,-1.6289744
1951-04-27,-1.3637248
1951-04-28,5.446552
1951-04-29,-1.3635546
1951-04-30,-1.3636789
1951-05-01,-1.2543261
1951-05-02,-1.2542113
1951-05-03,5.5399895
1951-05-04,-1.2539074
1951-05-05,-1.5623243
1951-05-06,-1.5646048
1951-05-07,-1.5646048
1951-05-08,-1.5646048
1951-05-09,-1.5646048
1951-05-10,-1.5646048
1951-05-11,-1.5646048
1951-05-12,-1.5646048
1951-05-13,-1.5646048
1951-05-14,-1.5646048
1951-05-15,-1.5646048
1951-05-16,-1.5646048
1951-05-17,-1.5646048
1951-05-18,-1.5646048
1951-05-19,-1.5646048
1951-05-20,-1.5646048
1951-05-21,-1.5646048
1951-05-22,-1.5646033
1951-05-23,-1.5057702
1951-05-24,-1.1951692
1951-05-25,-1.1630063
1951-05-26,-1.1439501
1951-05-27,-1.1439501
1951-05-28,-1.1439501
1951-05-29,-1.1439501
1951-05-30,-1.1439501
1951-05-31,-1.1439501
1951-06-01,-1.1439501
1951-06-02,-1.1439501
1951-06-03,-1.1439501
1951-06-04,-1.1439501
1951-06-05,-1.1439501
1951-06-06,-1.1439501
1951-06-07,-1.1439501
1951-06-08,-1.1439501
1951-06-09,-1.1439501
1951-06-10,-1.1439501
1951-06-11,-1.1439501
1951-06-12,-1.1439501
1951-06-13,-1.1470327
1951-06-14,-1.155055
1951-06-15,-1.578309
1951-06-16,-1.6119893
1951-06-17,-1.1551282
1951-06-18,-1.1550574
1951-06-19,-1.1550574
1951-06-20,-1.1550498
1951-06-21,-1.1701483
1951-06-22,-1.1717517
1951-06-23,-1.1717517
1951-06-24,-1.1717517
1951-06-25,-1.1717517
1951-06-26,-1.1717526
1951-06-27,-1.2027047
1951-06-28,-1.179047
1951-06-29,-1.178987
1951-06-30,-1.2599041
1951-07-01,-1.3535199
1951-07-02,-1.3536723
1951-07-03,-1.3536723
1951-07-04,-1.3536723
1951-07-05,-1.3536723
1951-07-06,-1.3536723
1951-07-07,-1.3536723
1951-07-08,-1.3536723
1951-07-09,-1.3536723
1951-07-10,-1.3536723
1951-07-11,-1.3536723
1951-07-12,-1.3536723
1951-07-13,-1.3536723
1951-07-14,-1.3536723
1951-07-15,-1.3536723
1951-07-16,-1.3538218
1951-07-17,-1.4337585
1951-07-18,-1.4337585
1951-07-19,-1.4337585
1951-07-20,-1.4337585
1951-07-21,-1.4337585
1951-07-22,-1.4337585
1951-07-23,-1.4337585
1951-07-24,-1.4337585
1951-07-25,-1.4337585
1951-07-26,-1.4337585
1951-07-27,-1.4337585
1951-07-28,-1.4337189
1951-07-29,-1.41343
1951-07-30,-1.41343
1951-07-31,-1.41343
1951-08-01,-1.41343
1951-08-02,-1.41343
1951-08-03,-1.5565124
1951-08-04,-1.9161434
1951-08-05,-1.9161434
1951-08-06,-1.9241357
1951-08-07,-1.9243791
1951-08-08,-1.9243791
1951-08-09,-1.9243791
1951-08-10,-1.9243793
1951-08-11,-1.9261279
1951-08-12,-2.0008192
1951-08-13,-1.9832807
1951-08-14,-1.9246683
1951-08-15,-1.9243791
1951-08-16,-1.9243791
1951-08-17,-1.9243791
1951-08-18,-1.9243791
1951-08-19,-1.9243791
1951-08-20,-1.9243703
1951-08-21,-1.9243791
1951-08-22,-1.9243791
1951-08-23,-1.9243791
1951-08-24,-1.9243791
1951-08-25,-1.9243791
1951-08-26,-1.9255514
1951-08-27,-1.9712205
1951-08-28,-2.0038626
1951-08-29,-2.1287332
1951-08-30,-2.4051352
1951-08-31,-2.4051373
1951-09-01,-2.4051373
1951-09-02,-2.4051373
1951-09-03,-2.483342
1951-09-04,-2.483342
1951-09-05,-2.6128714
1951-09-06,-2.5742028
1951-09-07,-2.6490164
1951-09-08,-2.6490164
1951-09-09,-2.6490164
1951-09-10,-2.644784
1951-09-11,-2.6794858
1951-09-12,-2.6914258
1951-09-13,-2.9600666
1951-09-14,-3.0796988
1951-09-15,-3.105605
1951-09-16,-3.105605
1951-09-17,-3.105605
1951-09-18,-3.105605
1951-09-19,-3.1056054
1951-09-20,-3.105605
1951-09-21,-3.105605
1951-09-22,-3.105605
1951-09-23,-2.8647788
1951-09-24,-2.8640363
1951-09-25,-2.6795282
1951-09-26,-2.6490164
1951-09-27,-2.6490164
1951-09-28,-2.6490164
1951-09-29,-2.5742028
1951-09-30,-2.5742028
1951-10-01,4.189683
1951-10-02,-2.4495447
1951-10-03,-2.1968625
1951-10-04,-2.056975
1951-10-05,-2.055755
1951-10-06,-1.9995263
1951-10-07,-1.9995263
1951-10-08,-1.9949622
1951-10-09,-1.9531107
1951-10-10,-1.9505875
1951-10-11,-1.9505868
1951-10-12,-1.9505868
1951-10-13,-1.9505868
1951-10-14,-1.950587
1951-10-15,-1.9516723
1951-10-16,-1.9754655
1951-10-17,-1.9754677
1951-10-18,-1.9754677
1951-10-19,-1.9754677
1951-10-20,-1.9754677
1951-10-21,-1.9754677
1951-10-22,-1.9754677
1951-10-23,-1.9754391
1951-10-24,2.3316748
1951-10-25,-1.9492397
1951-10-26,-1.9505868
1951-10-27,-1.9505868
1951-10-28,-1.9505868
1951-10-29,-1.9505868
1951-10-30,-1.9505773
1951-10-31,-1.94542
1951-11-01,-1.944572
1951-11-02,-1.9445369
1951-11-03,-1.8397925
1951-11-04,-1.8175738
1951-11-05,-1.8175333
1951-11-06,-1.8175333
1951-11-07,-1.8175333
1951-11-08,-1.8175333
1951-11-09,-1.8175333
1951-11-10,-2.0223815
1951-11-11,0.81937915
1951-11-12,-1.9819236
1951-11-13,-2.1011264
1951-11-14,-2.1011264
1951-11-15,-2.1011264
1951-11-16,-2.101087
1951-11-17,-2.078694
1951-11-18,-2.0786703
1951-11-19,4.731623
1951-11-20,4.726597
1951-11-21,4.8002653
1951-11-22,-2.0082622
1951-11-23,-1.8544779
1951-11-24,-1.8544652
1951-11-25,-1.8543983
1951-11-26,-1.8308412
1951-11-27,-1.8311286
1951-11-28,-1.8311286
1951-11-29,-1.8311286
1951-11-30,0.95085454
1951-12-01,4.979501
1951-12-02,-1.8311286
1951-12-03,5.06493
1951-12-04,5.068735
1951-12-05,-1.4342138
1951-12-06,-1.4337587
1951-12-07,-1.4337585
1951-12-08,-1.4337585
1951-12-09,-1.4337585
1951-12-10,-1.4337585
1951-12-11,-1.4337585
1951-12-12,-1.4337584
1951-12-13,-1.4337585
1951-12-14,-1.4337585
1951-12-15,-1.4337585
1951-12-16,-1.4337585
1951-12-17,-1.4337585
1951-12-18,1.0437332
1951-12-19,-1.4337585
1951-12-20,-1.4337585
1951-12-21,-1.4337585
1951-12-22,-1.4337585
1951-12-23,-1.4337585
1951-12-24,-1.5050299
1951-12-25,5.266054
1951-12-26,5.2193813
1951-12-27,-1.5400208
1951-12-28,-1.19408
1951-12-29,-0.49555838
1951-12-30,-1.573892
1951-12-31,-1.7374606
1952-01-01,-2.138335
1952-01-02,-2.1830938
1952-01-03,-2.2776444
1952-01-04,-2.2265596
1952-01-05,-2.4296317
1952-01-06,4.370268
1952-01-07,1.1266451
1952-01-08,-2.429647
1952-01-09,-2.429647
1952-01-10,4.351735
1952-01-11,4.380894
1952-01-12,0.3083109
1952-01-13,0.99619997
1952-01-14,4.3312078
1952-01-15,-1.1106149
1952-01-16,4.273615
1952-01-17,3.7952065
1952-01-18,-2.5583408
1952-01-19,-2.5590265
1952-01-20,4.2004037
1952-01-21,-2.5591161
1952-01-22,-2.559188
1952-01-23,-2.5591862
1952-01-24,4.403672
1952-01-25,-1.7448845
1952-01-26,-2.4068842
1952-01-27,-2.6088285
1952-01-28,-2.6088912
1952-01-29,-2.4964745
1952-01-30,-2.4967337
1952-01-31,-2.4967344
1952-02-01,4.2286973
1952-02-02,-2.5813982
1952-02-03,-2.5813987
1952-02-04,-2.5813987
1952-02-05,-2.5813987
1952-02-06,-2.5813987
1952-02-07,-2.6317468
1952-02-08,-2.6376889
1952-02-09,-2.6376889
1952-02-10,-2.6376889
1952-02-11,4.171854
1952-02-12,-2.637521
1952-02-13,-2.5677366
1952-02-14,-2.5674083
1952-02-15,-2.5054245
1952-02-16,-0.7366879
1952-02-17,-2.50908
1952-02-18,-2.50908
1952-02-19,-1.9138064
1952-02-20,2.0559156
1952-02-21,-2.508751
1952-02-22,-2.3168824
1952-02-23,-2.3624184
1952-02-24,-2.3624184
1952-02-25,-2.3624184
1952-02-26,-2.3968194
1952-02-27,-2.4278195
1952-02-28,-2.426204
1952-02-29,-2.4277244
1952-03-01,-2.3769011
1952-03-02,-2.3130455
1952-03-03,4.40076
1952-03-04,-2.4100437
1952-03-05,-2.508018
1952-03-06,4.3026114
1952-03-07,-2.3619688
1952-03-08,-2.5080135
1952-03-09,-2.508018
1952-03-10,-2.4251182
1952-03-11,-2.5718794
1952-03-12,4.2386737
1952-03-13,-2.5719533
1952-03-14,4.238677
1952-03-15,4.2337675
1952-03-16,-2.571518
1952-03-17,-2.5719533
1952-03-18,4.2384977
1952-03-19,4.273297
1952-03-20,-2.508018
1952-03-21,-2.4870057
1952-03-22,-2.4870057
1952-03-23,-2.3724542
1952-03-24,-2.3724542
1952-03-25,-2.3724542
1952-03-26,-2.1745377
1952-03-27,-1.9035497
1952-03-28,-1.9035497
1952-03-29,-1.9035497
1952-03-30,-1.9035497
1952-03-31,-1.761915
1952-04-01,-1.6289744
1952-04-02,-1.6289744
1952-04-03,-1.5386355
1952-04-04,-1.5386355
1952-04-05,-1.4987278
1952-04-06,-1.3636811
1952-04-07,5.5459733
1952-04-08,-1.2543261
1952-04-09,-1.2543261
1952-04-10,5.556272
1952-04-11,-1.2543261
1952-04-12,-1.2543261
1952-04-13,5.535611
1952-04-14,-1.2543261
1952-04-15,-1.2543261
1952-04-16,-1.2543261
1952-04-17,-1.2543261
1952-04-18,-1.2543261
1952-04-19,-1.2543261
1952-04-20,-1.2543261
1952-04-21,-1.2543261
1952-04-22,-1.2543261
1952-04-23,-1.2543261
1952-04-24,-1.2543261
1952-04-25,-1.254179
1952-04-26,-1.2532171
1952-04-27,-1.5869071
1952-04-28,-1.8407748
1952-04-29,-1.8407748
1952-04-30,-1.8713514
1952-05-01,-1.8781211
1952-05-02,-1.8781219
1952-05-03,-1.8781219
1952-05-04,-1.8781219
1952-05-05,-2.1393504
1952-05-06,-2.1713114
1952-05-07,4.63765
1952-05-08,-2.206538
1952-05-09,-2.206538
1952-05-10,-2.206538
1952-05-11,-2.206538
1952-05-12,-2.206538
1952-05-13,-2.206538
1952-05-14,-2.206538
1952-05-15,-2.1726465
1952-05-16,-2.1726465
1952-05-17,-2.1726465
1952-05-18,-2.1482196
1952-05-19,-2.1482196
1952-05-20,-2.1482193
1952-05-21,-2.0619256
1952-05-22,-2.0674546
1952-05-23,-2.0674636
1952-05-24,-2.0674636
1952-05-25,-2.0674636
1952-05-26,-2.0674636
1952-05-27,-2.0674636
1952-05-28,-2.0674636
1952-05-29,-2.0674636
1952-05-30,-2.0674636
1952-05-31,-2.0674636
1952-06-01,-2.0702293
1952-06-02,-2.1227047
1952-06-03,-1.9128282
1952-06-04,-2.0861528
1952-06-05,-2.2476993
1952-06-06,-2.4405124
1952-06-07,-2.5588512
1952-06-08,-2.5726068
1952-06-09,2.1943295
1952-06-10,-2.5939436
1952-06-11,-2.5958254
1952-06-12,-2.9398978
1952-06-13,-2.8758504
1952-06-14,-2.8619912
1952-06-15,-2.8619912
1952-06-16,-2.8619912
1952-06-17,-2.8619912
1952-06-18,-2.8619912
1952-06-19,-2.8619912
1952-06-20,-2.8614953
1952-06-21,-2.755847
1952-06-22,-2.5398233
1952-06-23,-2.4243276
1952-06-24,-2.4084086
1952-06-25,-2.4084086
1952-06-26,-2.872755
1952-06-27,-2.894722
1952-06-28,-2.8623238
1952-06-29,-2.828315
1952-06-30,-2.7787538
1952-07-01,-2.7886379
1952-07-02,-2.9105916
1952-07-03,-2.9848845
1952-07-04,-3.0595565
1952-07-05,-3.0291777
1952-07-06,-3.0552294
1952-07-07,-2.9250207
1952-07-08,-2.9250202
1952-07-09,-2.9018955
1952-07-10,-2.931379
1952-07-11,-2.8698633
1952-07-12,-2.8670895
1952-07-13,-2.8408434
1952-07-14,-3.0095315
1952-07-15,-3.1861866
1952-07-16,-3.1897945
1952-07-17,-3.3621113
1952-07-18,-3.279332
1952-07-19,-3.355783
1952-07-20,-3.355783
1952-07-21,-3.3557816
1952-07-22,-3.2548506
1952-07-23,-3.3710275
1952-07-24,-3.3364697
1952-07-25,-3.3364406
1952-07-26,-3.3364694
1952-07-27,-3.3364651
1952-07-28,-3.3364565
1952-07-29,-3.252717
1952-07-30,-3.328239
1952-07-31,-2.6480732
1952-08-01,-3.299263
1952-08-02,-3.2992632
1952-08-03,-3.2988462
1952-08-04,-3.278276
1952-08-05,-3.3213017
1952-08-06,-3.3213272
1952-08-07,-3.4176683
1952-08-08,-3.4176943
1952-08-09,-3.4176943
1952-08-10,-3.4176943
1952-08-11,-3.4176943
1952-08-12,-3.4176943
1952-08-13,-3.4176943
1952-08-14,-3.4176943
1952-08-15,-3.4176943
1952-08-16,-3.4176943
1952-08-17,-3.4176943
1952-08-18,-3.4176943
1952-08-19,-3.4176943
1952-08-20,-3.4176943
1952-08-21,-3.4176943
1952-08-22,-3.4176943
1952-08-23,-3.4176943
1952-08-24,-3.4176943
1952-08-25,-3.4177964
1952-08-26,-3.4521532
1952-08-27,-3.4521532
1952-08-28,-3.4521532
1952-08-29,-3.4521532
1952-08-30,-3.4521532
1952-08-31,-3.452899
1952-09-01,-3.70546
1952-09-02,-3.7054665
1952-09-03,-3.7054665
1952-09-04,-3.7054687
1952-09-05,-3.7904973
1952-09-06,-3.8002748
1952-09-07,-3.8640308
1952-09-08,-3.8643525
1952-09-09,-3.8643525
1952-09-10,-3.86435
1952-09-11,-3.8643525
1952-09-12,-3.8643525
1952-09-13,-3.8643525
1952-09-14,-3.864354
1952-09-15,-3.867236
1952-09-16,-3.9138367
1952-09-17,-3.9140851
1952-09-18,-3.914727
1952-09-19,-3.9556396
1952-09-20,-3.9558542
1952-09-21,-3.9558551
1952-09-22,-3.9558523
1952-09-23,-3.9549687
1952-09-24,-3.9143941
1952-09-25,-3.9140847
1952-09-26,-3.9055026
1952-09-27,-3.8643572
1952-09-28,-3.863398
1952-09-29,-3.8003025
1952-09-30,-3.800275
1952-10-01,-3.800275
1952-10-02,-3.705851
1952-10-03,-3.7054665
1952-10-04,-3.7054665
1952-10-05,-3.7599876
1952-10-06,-3.768851
1952-10-07,-3.768851
1952-10-08,-3.768851
1952-10-09,-3.7688463
1952-10-10,-3.6628087
1952-10-11,-3.662808
1952-10-12,-3.662808
1952-10-13,-3.6628313
1952-10-14,-3.6738088
1952-10-15,-3.7339742
1952-10-16,-3.7796159
1952-10-17,-3.8574688
1952-10-18,-3.8576052
1952-10-19,-3.8355842
1952-10-20,-3.7814033
1952-10-21,-3.7808754
1952-10-22,-3.7373087
1952-10-23,-3.6629727
1952-10-24,-3.7676141
1952-10-25,-3.768851
1952-10-26,-3.768851
1952-10-27,-3.768851
1952-10-28,-3.768851
1952-10-29,-3.8265004
1952-10-30,-3.803083
1952-10-31,-3.8648157
1952-11-01,-3.8648007
1952-11-02,-3.8627412
1952-11-03,-3.8437476
1952-11-04,-3.8681076
1952-11-05,-3.8807662
1952-11-06,-3.904741
1952-11-07,-3.9069016
1952-11-08,-3.9069116
1952-11-09,-3.9069116
1952-11-10,-3.9069116
1952-11-11,-3.9069116
1952-11-12,-3.9069116
1952-11-13,2.9036696
1952-11-14,2.9036283
1952-11-15,2.8095357
1952-11-16,-4.001136
1952-11-17,-4.001136
1952-11-18,-4.001136
1952-11-19,-4.001136
1952-11-20,-4.0011387
1952-11-21,-4.001137
1952-11-22,-4.001135
1952-11-23,-4.0011353
1952-11-24,-3.9558504
1952-11-25,-3.885
1952-11-26,-3.8470836
1952-11-27,-3.736222
1952-11-28,-3.6249533
1952-11-29,-3.5924106
1952-11-30,-3.5123591
1952-12-01,3.4266677
1952-12-02,-0.32263362
1952-12-03,-3.3746824
1952-12-04,-3.2357974
1952-12-05,3.5477638
1952-12-06,-2.753493
1952-12-07,3.5805843
1952-12-08,3.470779
1952-12-09,1.3684984
1952-12-10,-3.1818442
1952-12-11,-3.1628206
1952-12-12,-3.162816
1952-12-13,-3.162816
1952-12-14,-3.1654952
1952-12-15,-3.196971
1952-12-16,-3.1971235
1952-12-17,-3.193063
1952-12-18,-3.1930625
1952-12-19,3.6347356
1952-12-20,-3.1485202
1952-12-21,-3.149951
1952-12-22,-3.149951
1952-12-23,-3.149951
1952-12-24,-3.149951
1952-12-25,2.7329526
1952-12-26,-1.2181082
1952-12-27,3.7225099
1952-12-28,-3.1194031
1952-12-29,-3.2106822
1952-12-30,3.5730653
1952-12-31,-3.2371633
1953-01-01,-3.1058328
1953-01-02,-3.117808
1953-01-03,-3.117702
1953-01-04,-3.117702
1953-01-05,-3.0331907
1953-01-06,3.7801664
1953-01-07,3.8207145
1953-01-08,3.7935524
1953-01-09,1.549502
1953-01-10,-3.1369019
1953-01-11,-3.1368418
1953-01-12,-3.1226363
1953-01-13,3.658701
1953-01-14,3.5828292
1953-01-15,-3.2060647
1953-01-16,-3.2064672
1953-01-17,0.5170255
1953-01-18,3.672305
1953-01-19,-3.012514
1953-01-20,-2.7656455
1953-01-21,-2.8957531
1953-01-22,-2.8956444
1953-01-23,-2.728571
1953-01-24,-2.8419101
1953-01-25,-2.7729092
1953-01-26,-2.7727964
1953-01-27,-2.5064569
1953-01-28,-2.5921073
1953-01-29,-2.8279054
1953-01-30,-2.8279223
1953-01-31,-3.0791283
1953-02-01,-3.0621283
1953-02-02,-3.0132365
1953-02-03,-3.1324852
1953-02-04,-3.1324852
1953-02-05,-3.1324852
1953-02-06,-3.1891875
1953-02-07,-3.1891906
1953-02-08,-3.1891906
1953-02-09,-3.1891906
1953-02-10,-3.1891906
1953-02-11,-3.1891906
1953-02-12,-3.1891906
1953-02-13,-3.1891906
1953-02-14,-3.1891906
1953-02-15,-3.1891906
1953-02-16,-3.18919
1953-02-17,-3.1177804
1953-02-18,-3.117754
1953-02-19,-2.987144
1953-02-20,-2.987144
1953-02-21,-2.9688435
1953-02-22,-2.8572347
1953-02-23,-2.824423
1953-02-24,-2.8278155
1953-02-25,-2.8278155
1953-02-26,-2.8278155
1953-02-27,-2.8278155
1953-02-28,-2.8252957
1953-03-01,-2.8277981
1953-03-02,-2.7141874
1953-03-03,-2.67801
1953-03-04,-2.7007961
1953-03-05,-2.6072426
1953-03-06,-2.6072426
1953-03-07,-2.6072426
1953-03-08,-2.6072845
1953-03-09,-2.6434822
1953-03-10,3.3574424
1953-03-11,-2.6433716
1953-03-12,-2.3058252
1953-03-13,-2.643416
1953-03-14,-2.643416
1953-03-15,-2.643416
1953-03-16,-2.643416
1953-03-17,-2.643416
1953-03-18,-2.6423614
1953-03-19,4.1671515
1953-03-20,-2.0187576
1953-03-21,-2.593149
1953-03-22,-2.5927098
1953-03-23,-2.4316003
1953-03-24,-2.4316003
1953-03-25,-2.39721
1953-03-26,-2.1745377
1953-03-27,-2.1745377
1953-03-28,-2.1745377
1953-03-29,-2.1745374
1953-03-30,-1.9035497
1953-03-31,-1.9035497
1953-04-01,-1.9035497
1953-04-02,-1.9035497
1953-04-03,-1.9035497
1953-04-04,-1.9035497
1953-04-05,-1.9035497
1953-04-06,-1.9035497
1953-04-07,-1.761915
1953-04-08,-1.761915
1953-04-09,-1.6506811
1953-04-10,-1.6508855
1953-04-11,-1.650886
1953-04-12,-1.6508558
1953-04-13,-1.6081238
1953-04-14,-1.5574765
1953-04-15,-1.5555942
1953-04-16,-1.5243239
1953-04-17,-1.628947
1953-04-18,-1.6289713
1953-04-19,-0.91569954
1953-04-20,-1.589198
1953-04-21,-1.6289296
1953-04-22,-1.6270564
1953-04-23,-1.5394604
1953-04-24,-1.5051587
1953-04-25,-1.5050936
1953-04-26,-1.505092
1953-04-27,5.303328
1953-04-28,-1.5050933
1953-04-29,-1.5012026
1953-04-30,-1.5050933
1953-05-01,-1.5050933
1953-05-02,-1.5050933
1953-05-03,-1.5050933
1953-05-04,-1.5050933
1953-05-05,-1.5050933
1953-05-06,-1.5038902
1953-05-07,-1.5050787
1953-05-08,-1.5050933
1953-05-09,-1.5050933
1953-05-10,-1.5050933
1953-05-11,-1.5050933
1953-05-12,-1.5050933
1953-05-13,-1.5050933
1953-05-14,-1.5050933
1953-05-15,-1.5050933
1953-05-16,-1.5050933
1953-05-17,-1.3646302
1953-05-18,-1.3636811
1953-05-19,-1.3635966
1953-05-20,-1.3636811
1953-05-21,5.30213
1953-05-22,-1.2073119
1953-05-23,4.3893676
1953-05-24,-1.2067097
1953-05-25,-1.2067176
1953-05-26,-1.206718
1953-05-27,-1.1644106
1953-05-28,-1.1637882
1953-05-29,-1.1644104
1953-05-30,-1.1644104
1953-05-31,-1.1643999
1953-06-01,-1.1644065
1953-06-02,-1.1644104
1953-06-03,-1.1644104
1953-06-04,-1.1644104
1953-06-05,-1.1644104
1953-06-06,5.645916
1953-06-07,-1.1644104
1953-06-08,-1.1644104
1953-06-09,-1.1644104
1953-06-10,-1.1574202
1953-06-11,-1.1536326
1953-06-12,-1.1536326
1953-06-13,-1.1536326
1953-06-14,-1.1536326
1953-06-15,-1.1536326
1953-06-16,-1.1528162
1953-06-17,-1.1536326
1953-06-18,-1.1439595
1953-06-19,-1.1439501
1953-06-20,-1.1440893
1953-06-21,-1.1471424
1953-06-22,-1.1471424
1953-06-23,-1.1471424
1953-06-24,-1.1501777
1953-06-25,-1.1594887
1953-06-26,-1.1594887
1953-06-27,-1.159682
1953-06-28,-1.1717517
1953-06-29,-1.3201199
1953-06-30,-1.3201203
1953-07-01,-1.3201203
1953-07-02,-1.3775204
1953-07-03,-1.4337585
1953-07-04,-1.4134171
1953-07-05,-1.41343
1953-07-06,-1.41343
1953-07-07,-1.41343
1953-07-08,-1.41343
1953-07-09,-1.41343
1953-07-10,-1.41343
1953-07-11,-1.41343
1953-07-12,-1.4134297
1953-07-13,-1.41343
1953-07-14,-1.41343
1953-07-15,-1.41343
1953-07-16,-1.41343
1953-07-17,-1.41343
1953-07-18,-1.41343
1953-07-19,-1.41343
1953-07-20,-1.4134307
1953-07-21,-1.5091548
1953-07-22,-1.8193884
1953-07-23,-1.9616542
1953-07-24,-2.3483715
1953-07-25,-2.4770825
1953-07-26,-2.4781497
1953-07-27,-2.478187
1953-07-28,-2.4874597
1953-07-29,-2.4914014
1953-07-30,-2.527936
1953-07-31,-2.58295
1953-08-01,-2.606021
1953-08-02,-2.606021
1953-08-03,-2.667701
1953-08-04,-2.6435006
1953-08-05,-2.643484
1953-08-06,-2.643484
1953-08-07,-2.643484
1953-08-08,-2.643484
1953-08-09,-2.643484
1953-08-10,-2.643484
1953-08-11,-2.643484
1953-08-12,-2.643484
1953-08-13,-2.643484
1953-08-14,-2.643484
1953-08-15,-2.643484
1953-08-16,-2.643484
1953-08-17,-2.643484
1953-08-18,-2.643484
1953-08-19,-2.643484
1953-08-20,-2.643484
1953-08-21,-2.643484
1953-08-22,-2.643484
1953-08-23,-2.643484
1953-08-24,-2.643484
1953-08-25,-2.643484
1953-08-26,-2.67034
1953-08-27,-2.67034
1953-08-28,-2.67034
1953-08-29,-2.67034
1953-08-30,-2.67034
1953-08-31,-2.6905203
1953-09-01,-2.690521
1953-09-02,-2.6905904
1953-09-03,-2.6937168
1953-09-04,-2.6969893
1953-09-05,-2.696838
1953-09-06,-2.6968324
1953-09-07,-2.6483436
1953-09-08,-2.5599523
1953-09-09,-2.6249774
1953-09-10,-2.4624038
1953-09-11,-2.321903
1953-09-12,-2.312572
1953-09-13,-2.312572
1953-09-14,-2.3123133
1953-09-15,-2.3058274
1953-09-16,-2.3124497
1953-09-17,-2.3127103
1953-09-18,-2.323964
1953-09-19,-2.5275042
1953-09-20,-2.5354118
1953-09-21,-2.615349
1953-09-22,-2.6152713
1953-09-23,-2.5634995
1953-09-24,-2.6269543
1953-09-25,-2.6905255
1953-09-26,-2.6905396
1953-09-27,-2.690673
1953-09-28,-2.6925194
1953-09-29,-2.697082
1953-09-30,-2.7727847
1953-10-01,-2.7727544
1953-10-02,-2.7727544
1953-10-03,-2.7727544
1953-10-04,-2.7727544
1953-10-05,-2.7726622
1953-10-06,-2.7691538
1953-10-07,-3.0359411
1953-10-08,-3.1153765
1953-10-09,-3.1157491
1953-10-10,3.5954905
1953-10-11,-3.1439579
1953-10-12,-3.1439788
1953-10-13,-3.1439788
1953-10-14,-3.143976
1953-10-15,-3.1439788
1953-10-16,-3.1439788
1953-10-17,-3.1439788
1953-10-18,-3.0901098
1953-10-19,-3.1157491
1953-10-20,-3.1157491
1953-10-21,-3.1157491
1953-10-22,-3.1157196
1953-10-23,-3.1157491
1953-10-24,-3.1157491
1953-10-25,-3.1157491
1953-10-26,-3.1157491
1953-10-27,-3.1271362
1953-10-28,-3.1271372
1953-10-29,-3.1271372
1953-10-30,-3.167108
1953-10-31,-3.2777653
1953-11-01,-3.407061
1953-11-02,-3.511782
1953-11-03,-3.5247636
1953-11-04,-3.575065
1953-11-05,-3.7377145
1953-11-06,-3.7396657
1953-11-07,-3.8523557
1953-11-08,-3.8392487
1953-11-09,-3.8392487
1953-11-10,-3.8392487
1953-11-11,-3.8392394
1953-11-12,-3.854101
1953-11-13,2.8777025
1953-11-14,-1.27912
1953-11-15,-3.8541198
1953-11-16,-3.8531349
1953-11-17,-3.839249
1953-11-18,-3.8392487
1953-11-19,-1.5473199
1953-11-20,-3.8392487
1953-11-21,-3.8392487
1953-11-22,-3.8388662
1953-11-23,-3.8392487
1953-11-24,-3.8250263
1953-11-25,-3.9009435
1953-11-26,-3.9029772
1953-11-27,-3.855588
1953-11-28,-3.8555677
1953-11-29,-3.8596718
1953-11-30,-3.8845317
1953-12-01,-3.8845317
1953-12-02,-3.9316418
1953-12-03,2.6990123
1953-12-04,-4.0431585
1953-12-05,-4.0431585
1953-12-06,-3.9236891
1953-12-07,-3.7256515
1953-12-08,-3.6651468
1953-12-09,-3.633013
1953-12-10,-3.6305816
1953-12-11,-3.6305816
1953-12-12,-3.6305873
1953-12-13,-3.833512
1953-12-14,-3.833455
1953-12-15,-3.7779276
1953-12-16,-3.7807438
1953-12-17,-3.7807558
1953-12-18,-3.795064
1953-12-19,-3.828967
1953-12-20,-3.8294196
1953-12-21,-3.815972
1953-12-22,-3.7812579
1953-12-23,-3.8286788
1953-12-24,-3.8287165
1953-12-25,-3.8295844
1953-12-26,-3.833511
1953-12-27,-3.6305816
1953-12-28,-3.6305816
1953-12-29,-3.630581
1953-12-30,-3.6539629
1953-12-31,-3.6039474
1954-01-01,-3.3609648
1954-01-02,-3.0818763
1954-01-03,-3.217923
1954-01-04,-3.2245052
1954-01-05,-3.284165
1954-01-06,-3.00616
1954-01-07,-3.1147323
1954-01-08,-3.1525366
1954-01-09,-3.1425107
1954-01-10,-3.1416602
1954-01-11,-3.1032453
1954-01-12,-3.0424173
1954-01-13,-3.0424173
1954-01-14,-3.0424173
1954-01-15,-2.9816995
1954-01-16,3.599067
1954-01-17,3.6421049
1954-01-18,-2.9283373
1954-01-19,-2.5086594
1954-01-20,-2.3558211
1954-01-21,-2.1571908
1954-01-22,-2.158324
1954-01-23,3.7349424
1954-01-24,-2.639153
1954-01-25,-3.0919523
1954-01-26,-3.3284478
1954-01-27,-3.2161767
1954-01-28,-3.2156377
1954-01-29,-3.2444134
1954-01-30,-3.2661357
1954-01-31,-3.3065085
1954-02-01,-3.3819866
1954-02-02,-3.4014108
1954-02-03,-3.4055336
1954-02-04,-3.6141963
1954-02-05,-3.6141963
1954-02-06,-3.6141963
1954-02-07,-3.6141963
1954-02-08,-3.6141963
1954-02-09,-3.6141963
1954-02-10,-3.6141963
1954-02-11,-3.6147897
1954-02-12,3.172157
1954-02-13,-2.5938938
1954-02-14,-3.4964015
1954-02-15,-3.509402
1954-02-16,-3.4623425
1954-02-17,3.407071
1954-02-18,-3.4026995
1954-02-19,-3.40271
1954-02-20,-3.409362
1954-02-21,-3.409362
1954-02-22,-3.409362
1954-02-23,-3.409362
1954-02-24,-3.4093626
1954-02-25,-3.4093626
1954-02-26,-3.4089966
1954-02-27,-3.3240404
1954-02-28,-3.1451795
1954-03-01,-3.1408901
1954-03-02,-3.1426735
1954-03-03,-3.2735744
1954-03-04,-3.4519968
1954-03-05,-3.4533882
1954-03-06,-3.456034
1954-03-07,-3.4561718
1954-03-08,3.3281958
1954-03-09,-1.7643187
1954-03-10,-3.358997
1954-03-11,-3.2857575
1954-03-12,-3.207805
1954-03-13,-3.2077668
1954-03-14,-3.2094378
1954-03-15,-3.230989
1954-03-16,3.577694
1954-03-17,-3.2309878
1954-03-18,-3.2309887
1954-03-19,3.5796418
1954-03-20,-3.2287617
1954-03-21,-2.8549688
1954-03-22,-3.2309887
1954-03-23,-3.230315
1954-03-24,0.84702015
1954-03-25,-3.0853145
1954-03-26,-3.0853145
1954-03-27,-3.0773914
1954-03-28,-2.7969284
1954-03-29,-1.1416184
1954-03-30,-3.025014
1954-03-31,-3.0255108
1954-04-01,-3.1434736
1954-04-02,-3.2161536
1954-04-03,-3.2174768
1954-04-04,-3.0051653
1954-04-05,2.1885424
1954-04-06,-3.191435
1954-04-07,-3.1914427
1954-04-08,-3.2235107
1954-04-09,-3.2911174
1954-04-10,-3.2744443
1954-04-11,-3.2744443
1954-04-12,-3.2744443
1954-04-13,-3.2744443
1954-04-14,-3.2744443
1954-04-15,-3.2744443
1954-04-16,-3.2744443
1954-04-17,-3.2744443
1954-04-18,-3.2744443
1954-04-19,-3.2730663
1954-04-20,-3.1595993
1954-04-21,-3.1595147
1954-04-22,-3.1493032
1954-04-23,-3.111045
1954-04-24,-3.0888379
1954-04-25,-2.9863336
1954-04-26,-2.9863217
1954-04-27,-2.5546901
1954-04-28,-2.9863236
1954-04-29,-2.986355
1954-04-30,-3.026436
1954-05-01,-3.0397656
1954-05-02,-3.062118
1954-05-03,-3.0545416
1954-05-04,-2.9776983
1954-05-05,-2.9776983
1954-05-06,-2.9776983
1954-05-07,-2.910261
1954-05-08,-2.8281884
1954-05-09,2.4300787
1954-05-10,-2.7510545
1954-05-11,-2.734633
1954-05-12,-2.6981142
1954-05-13,-2.688707
1954-05-14,-2.6890802
1954-05-15,-2.6734293
1954-05-16,-2.9497683
1954-05-17,-2.919409
1954-05-18,-2.9279923
1954-05-19,-2.9256837
1954-05-20,-2.9257152
1954-05-21,-2.853512
1954-05-22,-2.8694634
1954-05-23,-2.8687356
1954-05-24,-2.8687356
1954-05-25,-2.8687346
1954-05-26,-2.8677664
1954-05-27,-2.7903032
1954-05-28,-2.533689
1954-05-29,-2.6451824
1954-05-30,-2.8306665
1954-05-31,-2.7442071
1954-06-01,-3.1229842
1954-06-02,-3.1229842
1954-06-03,-3.1074183
1954-06-04,-2.995128
1954-06-05,-3.2002554
1954-06-06,-3.3761315
1954-06-07,-3.376184
1954-06-08,-3.367874
1954-06-09,-3.375571
1954-06-10,-3.3761904
1954-06-11,-3.361662
1954-06-12,-3.351115
1954-06-13,-3.1842043
1954-06-14,-3.0015652
1954-06-15,-2.894548
1954-06-16,-3.0320358
1954-06-17,-2.9862642
1954-06-18,-2.994274
1954-06-19,-3.1049666
1954-06-20,-3.288463
1954-06-21,-3.2142613
1954-06-22,-3.3212552
1954-06-23,-3.2783465
1954-06-24,-3.312316
1954-06-25,-3.3748348
1954-06-26,-3.7579834
1954-06-27,-3.862032
1954-06-28,-3.900286
1954-06-29,-3.9399173
1954-06-30,-4.0110564
1954-07-01,-4.0237823
1954-07-02,-4.0529413
1954-07-03,-3.9949977
1954-07-04,-4.008329
1954-07-05,-4.0107317
1954-07-06,-4.0107365
1954-07-07,-4.0107393
1954-07-08,-4.0715055
1954-07-09,-4.1021595
1954-07-10,-4.2629423
1954-07-11,-4.2629642
1954-07-12,-4.2629642
1954-07-13,-4.2629642
1954-07-14,-4.2629642
1954-07-15,-4.2629642
1954-07-16,-4.2993927
1954-07-17,-4.299412
1954-07-18,-4.299412
1954-07-19,-4.299412
1954-07-20,-4.299412
1954-07-21,-4.299412
1954-07-22,-4.29941
1954-07-23,-4.262989
1954-07-24,-4.2627096
1954-07-25,-4.143652
1954-07-26,-4.0867324
1954-07-27,-3.9878428
1954-07-28,-3.9877574
1954-07-29,-3.9877574
1954-07-30,-3.9497993
1954-07-31,-3.916602
1954-08-01,-3.916602
1954-08-02,-3.916602
1954-08-03,-3.916602
1954-08-04,-3.938997
1954-08-05,-3.938997
1954-08-06,-3.938997
1954-08-07,-3.938968
1954-08-08,-3.9278266
1954-08-09,-3.8478162
1954-08-10,-3.8461308
1954-08-11,-3.8461251
1954-08-12,-3.8461251
1954-08-13,-3.8461251
1954-08-14,-3.8461251
1954-08-15,-3.8461251
1954-08-16,-3.8461251
1954-08-17,-3.8461251
1954-08-18,-3.8461254
1954-08-19,-3.8552496
1954-08-20,-3.887469
1954-08-21,-3.8874676
1954-08-22,-3.8874676
1954-08-23,-3.8874738
1954-08-24,-3.8477223
1954-08-25,-3.8461254
1954-08-26,-3.8465965
1954-08-27,-3.936496
1954-08-28,-4.0662584
1954-08-29,-4.067359
1954-08-30,-4.067359
1954-08-31,-4.0673594
1954-09-01,-4.096899
1954-09-02,-4.096899
1954-09-03,-4.096899
1954-09-04,-4.191476
1954-09-05,-4.3703547
1954-09-06,-4.4100285
1954-09-07,-4.479062
1954-09-08,-4.479293
1954-09-09,-4.479293
1954-09-10,-4.479293
1954-09-11,-4.494755
1954-09-12,-4.810952
1954-09-13,-4.810953
1954-09-14,-4.810953
1954-09-15,-4.810953
1954-09-16,-4.810953
1954-09-17,-4.810953
1954-09-18,-4.810953
1954-09-19,-4.810953
1954-09-20,-4.810953
1954-09-21,-4.810953
1954-09-22,-4.810953
1954-09-23,-4.810953
1954-09-24,-4.4881716
1954-09-25,-4.479293
1954-09-26,-4.479293
1954-09-27,-4.479293
1954-09-28,-4.479293
1954-09-29,-4.479293
1954-09-30,-4.4792795
1954-10-01,-4.4097223
1954-10-02,-4.111836
1954-10-03,-3.9781005
1954-10-04,-4.0763984
1954-10-05,-4.0767274
1954-10-06,-4.0160365
1954-10-07,-4.0008507
1954-10-08,-4.0008507
1954-10-09,-4.0008507
1954-10-10,-4.0008507
1954-10-11,-4.0008507
1954-10-12,-4.0008507
1954-10-13,-4.0008507
1954-10-14,-4.0008507
1954-10-15,-4.0008507
1954-10-16,-4.0008507
1954-10-17,-4.0008507
1954-10-18,-4.0008507
1954-10-19,-4.0008507
1954-10-20,-4.0008507
1954-10-21,-4.0008507
1954-10-22,-4.0008507
1954-10-23,-4.0008507
1954-10-24,-4.000901
1954-10-25,-4.0767274
1954-10-26,-3.9797456
1954-10-27,-3.977904
1954-10-28,-3.952296
1954-10-29,-4.0253487
1954-10-30,-4.479293
1954-10-31,-4.479293
1954-11-01,-4.479293
1954-11-02,-4.479293
1954-11-03,-4.4769154
1954-11-04,-4.3121595
1954-11-05,-4.3121595
1954-11-06,-4.3121595
1954-11-07,-4.3121595
1954-11-08,-3.9288452
1954-11-09,-4.258043
1954-11-10,-4.312045
1954-11-11,2.4984608
1954-11-12,-4.3121595
1954-11-13,-4.3123894
1954-11-14,-5.200749
1954-11-15,-2.1264148
1954-11-16,-5.2223825
1954-11-17,-5.2221394
1954-11-18,-4.7463703
1954-11-19,-4.703951
1954-11-20,-4.3201313
1954-11-21,-4.3121595
1954-11-22,-4.3121595
1954-11-23,-4.3121595
1954-11-24,-4.3121595
1954-11-25,-4.3121595
1954-11-26,-4.3121605
1954-11-27,-4.5959625
1954-11-28,-4.5959625
1954-11-29,-4.594791
1954-11-30,-4.5232983
1954-12-01,-3.1433306
1954-12-02,-2.6774466
1954-12-03,-4.4489117
1954-12-04,-4.523245
1954-12-05,-4.5232964
1954-12-06,-4.495454
1954-12-07,-4.5232973
1954-12-08,-4.5217276
1954-12-09,2.553001
1954-12-10,-4.257571
1954-12-11,-4.257571
1954-12-12,-4.257571
1954-12-13,-4.257571
1954-12-14,-4.257571
1954-12-15,-4.257571
1954-12-16,-4.257571
1954-12-17,-4.257571
1954-12-18,-4.257571
1954-12-19,-4.257571
1954-12-20,-4.257578
1954-12-21,-4.2608414
1954-12-22,-4.4445877
1954-12-23,-4.569131
1954-12-24,-4.5748215
1954-12-25,-4.575286
1954-12-26,-4.575343
1954-12-27,-4.5752926
1954-12-28,-4.574971
1954-12-29,-4.5736723
1954-12-30,-4.5638556
1954-12-31,2.2510738
1955-01-01,-4.467861
1955-01-02,-4.2736006
1955-01-03,-4.2577286
1955-01-04,-4.2575855
1955-01-05,-4.1785674
1955-01-06,-4.257571
1955-01-07,-4.257571
1955-01-08,-4.257571
1955-01-09,2.5530443
1955-01-10,-4.257566
1955-01-11,-4.257573
1955-01-12,-4.2576437
1955-01-13,-4.2653112
1955-01-14,-4.5564537
1955-01-15,2.2349875
1955-01-16,-4.575331
1955-01-17,-4.5753436
1955-01-18,2.2262962
1955-01-19,-4.561066
1955-01-20,-4.5754433
1955-01-21,-4.5754433
1955-01-22,-4.5754433
1955-01-23,-4.5753775
1955-01-24,-4.4423294
1955-01-25,-4.2576036
1955-01-26,-4.257571
1955-01-27,-4.257571
1955-01-28,-4.257571
1955-01-29,-4.257571
1955-01-30,-2.2779753
1955-01-31,-3.1731982
1955-02-01,-4.122
1955-02-02,-4.122
1955-02-03,-4.122
1955-02-04,-3.9514854
1955-02-05,-3.9514854
1955-02-06,-3.9276984
1955-02-07,-3.9541905
1955-02-08,-4.1031337
1955-02-09,-4.16477
1955-02-10,-4.16477
1955-02-11,-4.16477
1955-02-12,-4.16477
1955-02-13,-4.16477
1955-02-14,-4.16477
1955-02-15,-4.16477
1955-02-16,-4.115246
1955-02-17,-4.1647687
1955-02-18,-4.16477
1955-02-19,-4.16477
1955-02-20,-4.16477
1955-02-21,-4.16477
1955-02-22,-4.16477
1955-02-23,-4.16477
1955-02-24,-4.16477
1955-02-25,-4.16477
1955-02-26,2.6317203
1955-02-27,2.6457396
1955-02-28,-4.16477
1955-03-01,-4.16477
1955-03-02,-4.2133694
1955-03-03,-4.230974
1955-03-04,-4.230974
1955-03-05,-4.230975
1955-03-06,-4.2888002
1955-03-07,-4.288801
1955-03-08,-4.288801
1955-03-09,-4.288801
1955-03-10,-4.288801
1955-03-11,-4.288801
1955-03-12,-4.288801
1955-03-13,-4.230974
1955-03-14,-4.230974
1955-03-15,-4.1842775
1955-03-16,-4.18202
1955-03-17,-4.1299005
1955-03-18,-4.1031237
1955-03-19,-3.9750798
1955-03-20,-3.840018
1955-03-21,-3.840018
1955-03-22,-3.840018
1955-03-23,-3.8400376
1955-03-24,-3.867232
1955-03-25,-3.867232
1955-03-26,-3.8354242
1955-03-27,-3.835424
1955-03-28,-3.835424
1955-03-29,-3.844385
1955-03-30,-3.8851745
1955-03-31,-3.6690981
1955-04-01,-3.6690216
1955-04-02,-3.6690216
1955-04-03,-3.6690269
1955-04-04,-3.7854779
1955-04-05,-3.7854779
1955-04-06,-3.7854779
1955-04-07,-3.7854779
1955-04-08,-3.8028963
1955-04-09,-3.803015
1955-04-10,-3.8030152
1955-04-11,-3.8030775
1955-04-12,-3.8185794
1955-04-13,-3.8208814
1955-04-14,-3.8120472
1955-04-15,-3.7474656
1955-04-16,-3.7459888
1955-04-17,3.038061
1955-04-18,-3.7380905
1955-04-19,-3.7065313
1955-04-20,-3.6797168
1955-04-21,3.1054056
1955-04-22,-3.7049444
1955-04-23,-3.705387
1955-04-24,-3.7291925
1955-04-25,3.0603735
1955-04-26,-3.7340972
1955-04-27,-3.7573621
1955-04-28,-3.3515549
1955-04-29,-3.310012
1955-04-30,0.29467058
1955-05-01,-3.1234722
1955-05-02,-3.0876915
1955-05-03,-3.1602898
1955-05-04,-3.2669928
1955-05-05,-3.2669928
1955-05-06,-3.1433437
1955-05-07,3.9160244
1955-05-08,-2.8677309
1955-05-09,-2.894598
1955-05-10,-2.894598
1955-05-11,-2.894598
1955-05-12,-2.9415374
1955-05-13,-2.9415371
1955-05-14,-2.8304386
1955-05-15,-2.830439
1955-05-16,-2.830439
1955-05-17,-2.8305357
1955-05-18,-2.8425908
1955-05-19,-2.843411
1955-05-20,-2.843412
1955-05-21,-2.8434117
1955-05-22,-2.9092436
1955-05-23,-2.9806213
1955-05-24,-2.9806216
1955-05-25,-2.9806216
1955-05-26,-3.0317135
1955-05-27,-3.1157012
1955-05-28,-3.1159217
1955-05-29,-3.1159217
1955-05-30,-3.1613154
1955-05-31,-3.2822883
1955-06-01,-3.284498
1955-06-02,-3.284498
1955-06-03,-3.2979527
1955-06-04,-3.2829013
1955-06-05,-3.3165503
1955-06-06,-3.3184526
1955-06-07,-3.3184626
1955-06-08,-3.3184628
1955-06-09,-3.3184628
1955-06-10,-3.318459
1955-06-11,-3.186859
1955-06-12,-3.3413877
1955-06-13,-3.3413725
1955-06-14,-3.422375
1955-06-15,-3.4349484
1955-06-16,-3.4349484
1955-06-17,-3.4349484
1955-06-18,-3.4349484
1955-06-19,-3.4349484
1955-06-20,-3.4355316
1955-06-21,-3.5784647
1955-06-22,-3.5784647
1955-06-23,-3.5784647
1955-06-24,-3.5784647
1955-06-25,-3.5784647
1955-06-26,-3.5784647
1955-06-27,-3.5784647
1955-06-28,-3.5784647
1955-06-29,-3.5784647
1955-06-30,-3.5784647
1955-07-01,-3.5784647
1955-07-02,-3.5784647
1955-07-03,-3.5784647
1955-07-04,-3.5784647
1955-07-05,-3.5784647
1955-07-06,-3.5784616
1955-07-07,-3.5746067
1955-07-08,-3.4506533
1955-07-09,-3.4404917
1955-07-10,-3.383296
1955-07-11,-3.4404042
1955-07-12,-3.4404042
1955-07-13,-3.4404047
1955-07-14,-3.440426
1955-07-15,-3.4586892
1955-07-16,-3.5784562
1955-07-17,-3.5784647
1955-07-18,-3.5784647
1955-07-19,-3.5784647
1955-07-20,-3.5784647
1955-07-21,-3.5784593
1955-07-22,-3.5784633
1955-07-23,-3.5745409
1955-07-24,-3.6375048
1955-07-25,-3.7074602
1955-07-26,-3.8061912
1955-07-27,-3.8140218
1955-07-28,-3.7893023
1955-07-29,-3.74604
1955-07-30,-3.846125
1955-07-31,-3.8461251
1955-08-01,-3.8461251
1955-08-02,-4.067359
1955-08-03,-4.067359
1955-08-04,-4.067359
1955-08-05,-4.067359
1955-08-06,-4.127879
1955-08-07,-4.132981
1955-08-08,-4.0887995
1955-08-09,-4.088772
1955-08-10,-4.088772
1955-08-11,-4.088772
1955-08-12,-4.088773
1955-08-13,-4.120759
1955-08-14,-4.2627897
1955-08-15,-4.2629642
1955-08-16,-4.2629642
1955-08-17,-4.2629642
1955-08-18,-4.2629642
1955-08-19,-4.2629642
1955-08-20,-4.2629642
1955-08-21,-4.2629232
1955-08-22,-4.2568502
1955-08-23,-4.0992556
1955-08-24,-4.0887823
1955-08-25,-4.088772
1955-08-26,-4.088772
1955-08-27,-4.088772
1955-08-28,-4.1514225
1955-08-29,-4.1927633
1955-08-30,-4.1927633
1955-08-31,-4.1927633
1955-09-01,-4.1927633
1955-09-02,-4.1927633
1955-09-03,-4.1927633
1955-09-04,-4.1927633
1955-09-05,-4.1927633
1955-09-06,-4.1927633
1955-09-07,-4.1927633
1955-09-08,-4.1927643
1955-09-09,-4.2346163
1955-09-10,-4.3411617
1955-09-11,-4.3411694
1955-09-12,-4.3411694
1955-09-13,-4.3411694
1955-09-14,-4.3378024
1955-09-15,-4.3411694
1955-09-16,-4.3411694
1955-09-17,-4.3411694
1955-09-18,-4.3385315
1955-09-19,-4.3411694
1955-09-20,-4.3411703
1955-09-21,-4.3411694
1955-09-22,-4.3411694
1955-09-23,-4.3411694
1955-09-24,-4.3411694
1955-09-25,-4.3411694
1955-09-26,-4.341138
1955-09-27,-4.1961393
1955-09-28,-4.1927633
1955-09-29,-4.3455925
1955-09-30,-4.263118
1955-10-01,-4.2629642
1955-10-02,-4.2629642
1955-10-03,-4.2629642
1955-10-04,-4.2629642
1955-10-05,-4.2629642
1955-10-06,-4.2629642
1955-10-07,-4.2629642
1955-10-08,-4.2629642
1955-10-09,-4.2629642
1955-10-10,-4.2629642
1955-10-11,-4.2629642
1955-10-12,-4.2629642
1955-10-13,-4.2629642
1955-10-14,-4.2629642
1955-10-15,-4.2629642
1955-10-16,-4.2629642
1955-10-17,-4.2629642
1955-10-18,-4.2629642
1955-10-19,-4.2629642
1955-10-20,-4.2629642
1955-10-21,-4.2629642
1955-10-22,-4.2629642
1955-10-23,-4.2629642
1955-10-24,-4.2629642
1955-10-25,-4.2629642
1955-10-26,-4.2629642
1955-10-27,-4.2629642
1955-10-28,-4.2629642
1955-10-29,-4.454871
1955-10-30,-4.454872
1955-10-31,-4.454872
1955-11-01,-4.5799007
1955-11-02,-4.8772717
1955-11-03,-4.8772717
1955-11-04,-4.8772717
1955-11-05,-4.8772717
1955-11-06,-4.8772717
1955-11-07,-4.8772717
1955-11-08,-4.8772717
1955-11-09,-4.8772717
1955-11-10,-4.8772717
1955-11-11,-4.8772717
1955-11-12,-4.8772717
1955-11-13,1.9332985
1955-11-14,-4.8772717
1955-11-15,-4.8772717
1955-11-16,1.9314193
1955-11-17,-4.8772445
1955-11-18,-4.8772707
1955-11-19,-4.8772717
1955-11-20,-4.8772645
1955-11-21,-4.872849
1955-11-22,-4.810684
1955-11-23,-4.711125
1955-11-24,-4.810663
1955-11-25,-4.813367
1955-11-26,-4.7815056
1955-11-27,-4.7815056
1955-11-28,-4.7815056
1955-11-29,-4.7815056
1955-11-30,-4.7815056
1955-12-01,2.0271199
1955-12-02,-4.7815056
1955-12-03,-4.7815056
1955-12-04,-4.7815056
1955-12-05,2.01666
1955-12-06,-1.8712735
1955-12-07,-5.1817455
1955-12-08,-5.181713
1955-12-09,-5.1806536
1955-12-10,-4.9772434
1955-12-11,-4.9772434
1955-12-12,-4.9772434
1955-12-13,-4.9772434
1955-12-14,-4.9772434
1955-12-15,-4.977243
1955-12-16,-4.9772434
1955-12-17,-4.9772434
1955-12-18,-4.9772425
1955-12-19,1.8331615
1955-12-20,1.8333879
1955-12-21,-4.974315
1955-12-22,1.8333555
1955-12-23,1.7979559
1955-12-24,-4.8593974
1955-12-25,-3.9225252
1955-12-26,1.535975
1955-12-27,-4.8728256
1955-12-28,-4.8728256
1955-12-29,-4.8727684
1955-12-30,0.33433557
1955-12-31,-4.255582
1956-01-01,-4.228741
1956-01-02,-4.257571
1956-01-03,-4.257571
1956-01-04,-4.1855216
1956-01-05,-3.046626
1956-01-06,-4.257571
1956-01-07,2.5081096
1956-01-08,-4.257571
1956-01-09,-4.257571
1956-01-10,-4.257527
1956-01-11,-4.257571
1956-01-12,-4.257571
1956-01-13,-4.257571
1956-01-14,2.509263
1956-01-15,-1.431295
1956-01-16,-4.257571
1956-01-17,-4.257571
1956-01-18,-4.257379
1956-01-19,-4.257571
1956-01-20,2.5397277
1956-01-21,-4.257571
1956-01-22,-2.4851658
1956-01-23,-4.2572594
1956-01-24,-4.257571
1956-01-25,2.552931
1956-01-26,2.4313579
1956-01-27,-4.257569
1956-01-28,-4.257571
1956-01-29,-4.257571
1956-01-30,-4.257571
1956-01-31,-4.257571
1956-02-01,-4.257571
1956-02-02,-4.257571
1956-02-03,-4.257571
1956-02-04,-4.2575684
1956-02-05,-4.2575703
1956-02-06,-4.257571
1956-02-07,-4.257571
1956-02-08,-4.257571
1956-02-09,-4.257571
1956-02-10,-4.257571
1956-02-11,-4.257571
1956-02-12,-4.257571
1956-02-13,-4.257571
1956-02-14,-4.257571
1956-02-15,-4.257571
1956-02-16,-4.257571
1956-02-17,-4.2575665
1956-02-18,-4.2491703
1956-02-19,2.813123
1956-02-20,0.47043198
1956-02-21,-3.9276426
1956-02-22,-1.1031836
1956-02-23,-3.9366739
1956-02-24,-4.0736427
1956-02-25,-3.2040873
1956-02-26,-4.1031313
1956-02-27,-4.16477
1956-02-28,-4.1647696
1956-02-29,-4.1647696
1956-03-01,-4.16477
1956-03-02,-4.16477
1956-03-03,-4.16477
1956-03-04,-4.16477
1956-03-05,-4.16477
1956-03-06,-3.8672864
1956-03-07,-3.8669996
1956-03-08,-3.835983
1956-03-09,-3.835424
1956-03-10,-3.9065282
1956-03-11,-3.8565068
1956-03-12,-3.8565063
1956-03-13,-3.8565063
1956-03-14,-3.8565063
1956-03-15,-3.8565063
1956-03-16,-3.8565063
1956-03-17,-3.8565063
1956-03-18,-3.8565063
1956-03-19,-3.8565063
1956-03-20,-3.8565063
1956-03-21,-3.8565063
1956-03-22,-3.8565063
1956-03-23,-3.8565042
1956-03-24,-3.7134993
1956-03-25,-3.7134993
1956-03-26,-3.7134993
1956-03-27,-3.7134993
1956-03-28,-3.7134993
1956-03-29,-3.6405842
1956-03-30,-3.4877808
1956-03-31,-3.4348822
1956-04-01,-3.4348817
1956-04-02,-3.4348817
1956-04-03,-3.3986814
1956-04-04,-3.398627
1956-04-05,-3.398627
1956-04-06,-3.3986058
1956-04-07,-3.3219056
1956-04-08,-3.2435515
1956-04-09,-3.158105
1956-04-10,-3.0850317
1956-04-11,3.8711944
1956-04-12,3.8692658
1956-04-13,-2.937688
1956-04-14,-2.9375618
1956-04-15,-2.9377148
1956-04-16,-2.9377148
1956-04-17,-2.9377148
1956-04-18,-2.9377122
1956-04-19,-2.9377148
1956-04-20,-2.9377148
1956-04-21,-2.9377148
1956-04-22,-2.9377148
1956-04-23,-3.0780663
1956-04-24,-3.0853145
1956-04-25,0.35300893
1956-04-26,3.7231069
1956-04-27,-3.1669753
1956-04-28,-3.197825
1956-04-29,-3.2556472
1956-04-30,-3.360205
1956-05-01,-3.360205
1956-05-02,-3.360205
1956-05-03,-3.2226627
1956-05-04,-3.3600051
1956-05-05,-3.1767812
1956-05-06,-3.1767817
1956-05-07,-3.1999214
1956-05-08,-3.1941032
1956-05-09,-3.19957
1956-05-10,-3.1999218
1956-05-11,-3.1999218
1956-05-12,-3.1999218
1956-05-13,-3.1999218
1956-05-14,-3.1999228
1956-05-15,-3.2098162
1956-05-16,-3.2851079
1956-05-17,-3.2144065
1956-05-18,-3.1999216
1956-05-19,-3.1286423
1956-05-20,-3.1173944
1956-05-21,-3.0488858
1956-05-22,-3.048886
1956-05-23,-3.048886
1956-05-24,-3.048886
1956-05-25,-3.048886
1956-05-26,-3.048886
1956-05-27,-3.123078
1956-05-28,-3.1474469
1956-05-29,-3.1474469
1956-05-30,-3.1474469
1956-05-31,-3.1474469
1956-06-01,-3.1831484
1956-06-02,-3.150006
1956-06-03,-3.248798
1956-06-04,-3.2489982
1956-06-05,-3.2489982
1956-06-06,-3.2489982
1956-06-07,-3.2489982
1956-06-08,-3.2489982
1956-06-09,-3.2490532
1956-06-10,-3.2528856
1956-06-11,-3.2535865
1956-06-12,-3.3233047
1956-06-13,-3.3115554
1956-06-14,-3.3116605
1956-06-15,-3.3116624
1956-06-16,-3.3263829
1956-06-17,-3.3232415
1956-06-18,-3.3232117
1956-06-19,-3.319925
1956-06-20,-3.1187952
1956-06-21,-3.0578542
1956-06-22,-3.0578508
1956-06-23,-3.0578506
1956-06-24,-3.0640423
1956-06-25,-3.0640423
1956-06-26,-3.0640423
1956-06-27,-3.1340673
1956-06-28,-3.1350794
1956-06-29,-3.1373534
1956-06-30,-3.2523699
1956-07-01,-3.2527668
1956-07-02,-3.2527668
1956-07-03,-3.2663767
1956-07-04,-3.28309
1956-07-05,-3.28309
1956-07-06,-3.28309
1956-07-07,-3.28309
1956-07-08,-3.28309
1956-07-09,-3.28309
1956-07-10,-3.28309
1956-07-11,-3.28309
1956-07-12,-3.28309
1956-07-13,-3.2809036
1956-07-14,-3.2743313
1956-07-15,-3.2743313
1956-07-16,-3.2743313
1956-07-17,-3.3953345
1956-07-18,-3.410185
1956-07-19,-3.410092
1956-07-20,-3.4099393
1956-07-21,-3.410185
1956-07-22,-3.410185
1956-07-23,-3.4085171
1956-07-24,-3.4076798
1956-07-25,-3.4076798
1956-07-26,-3.4299788
1956-07-27,-3.4245088
1956-07-28,-3.4008083
1956-07-29,-3.4008286
1956-07-30,-3.3887455
1956-07-31,-3.5080957
1956-08-01,-3.5080957
1956-08-02,-3.6556966
1956-08-03,-3.6556966
1956-08-04,-3.6556966
1956-08-05,-3.6556966
1956-08-06,-3.7756603
1956-08-07,-3.7368684
1956-08-08,-3.7368684
1956-08-09,-3.7368684
1956-08-10,-3.7368684
1956-08-11,-3.7368684
1956-08-12,-3.736869
1956-08-13,-3.7769482
1956-08-14,-3.776424
1956-08-15,-3.776424
1956-08-16,-3.7769642
1956-08-17,-3.7368736
1956-08-18,-3.7368684
1956-08-19,-3.7368684
1956-08-20,-3.7368684
1956-08-21,-3.7368684
1956-08-22,-3.7368684
1956-08-23,-3.7368684
1956-08-24,-3.7756608
1956-08-25,-3.7756608
1956-08-26,-3.7756608
1956-08-27,-3.7756608
1956-08-28,-3.776008
1956-08-29,-3.8874676
1956-08-30,-3.8874671
1956-08-31,-3.846257
1956-09-01,-4.0008507
1956-09-02,-3.9830058
1956-09-03,-4.0427322
1956-09-04,-4.1319
1956-09-05,-4.1608515
1956-09-06,-4.1609035
1956-09-07,-4.2291584
1956-09-08,-4.2291584
1956-09-09,-4.2291584
1956-09-10,-4.2291584
1956-09-11,-4.229347
1956-09-12,-4.4741154
1956-09-13,-4.479291
1956-09-14,-4.479293
1956-09-15,-4.479293
1956-09-16,-4.479293
1956-09-17,-4.479292
1956-09-18,-4.4791765
1956-09-19,-4.3700247
1956-09-20,-4.2293434
1956-09-21,-4.2291584
1956-09-22,-4.2291584
1956-09-23,-4.2291584
1956-09-24,-4.2291584
1956-09-25,-4.2291584
1956-09-26,-4.2291584
1956-09-27,-4.1609044
1956-09-28,-4.1608515
1956-09-29,-4.160878
1956-09-30,-4.1922007
1956-10-01,-4.1922007
1956-10-02,-4.1923127
1956-10-03,-4.1509194
1956-10-04,-4.148611
1956-10-05,-4.148633
1956-10-06,-4.1486144
1956-10-07,-3.9567673
1956-10-08,-4.00085
1956-10-09,-4.0008316
1956-10-10,-3.9726064
1956-10-11,-3.9278972
1956-10-12,-3.9278934
1956-10-13,-3.9278934
1956-10-14,-3.9278934
1956-10-15,-3.9278991
1956-10-16,-3.9830358
1956-10-17,-3.9830358
1956-10-18,-4.015648
1956-10-19,-4.015338
1956-10-20,-4.015338
1956-10-21,-4.015351
1956-10-22,-4.228779
1956-10-23,-4.2290587
1956-10-24,-4.2291584
1956-10-25,-4.1918993
1956-10-26,-4.1922007
1956-10-27,-4.1341267
1956-10-28,-4.148634
1956-10-29,-4.1824164
1956-10-30,2.7213268
1956-10-31,-4.088772
1956-11-01,-4.0887694
1956-11-02,-4.088772
1956-11-03,-4.088772
1956-11-04,-4.088772
1956-11-05,-4.0994687
1956-11-06,-4.1974983
1956-11-07,-4.299412
1956-11-08,-4.2994137
1956-11-09,-4.3687057
1956-11-10,-4.4450417
1956-11-11,-4.445056
1956-11-12,-4.445056
1956-11-13,-4.445056
1956-11-14,-4.445056
1956-11-15,-4.445056
1956-11-16,-4.44493
1956-11-17,-4.3087645
1956-11-18,-4.2994137
1956-11-19,-4.299412
1956-11-20,-4.299412
1956-11-21,-4.299412
1956-11-22,-4.299412
1956-11-23,-4.299412
1956-11-24,-4.299412
1956-11-25,-4.299412
1956-11-26,-4.299412
1956-11-27,-4.299412
1956-11-28,-4.299163
1956-11-29,-4.2629642
1956-11-30,-4.2629642
1956-12-01,-4.2629642
1956-12-02,-4.2629642
1956-12-03,-4.4054537
1956-12-04,-4.2838078
1956-12-05,-4.8770914
1956-12-06,-5.2232103
1956-12-07,-5.267887
1956-12-08,-5.2652597
1956-12-09,-5.1720686
1956-12-10,-5.1720695
1956-12-11,-5.1720695
1956-12-12,-5.1720695
1956-12-13,-5.1720695
1956-12-14,-5.1720695
1956-12-15,-5.1720695
1956-12-16,-5.0588818
1956-12-17,-5.0581923
1956-12-18,-5.0581903
1956-12-19,-5.056099
1956-12-20,-4.60318
1956-12-21,-4.5959625
1956-12-22,-4.5959625
1956-12-23,-4.595976
1956-12-24,-4.7809086
1956-12-25,-4.7815056
1956-12-26,-4.7815056
1956-12-27,-4.7815056
1956-12-28,-4.7815056
1956-12-29,-4.7815056
1956-12-30,-4.7815056
1956-12-31,-4.7815056
1957-01-01,-4.7815056
1957-01-02,-4.781498
1957-01-03,-4.618207
1957-01-04,-4.618207
1957-01-05,-4.618205
1957-01-06,-4.618206
1957-01-07,-4.618167
1957-01-08,-4.6179056
1957-01-09,-4.618205
1957-01-10,-4.618207
1957-01-11,-0.23835944
1957-01-12,2.1912963
1957-01-13,-4.5367546
1957-01-14,-4.6181912
1957-01-15,-4.618207
1957-01-16,-4.680909
1957-01-17,-4.4100294
1957-01-18,-4.3604336
1957-01-19,-4.3604336
1957-01-20,2.3890657
1957-01-21,-4.236271
1957-01-22,-4.236271
1957-01-23,-4.236271
1957-01-24,-4.236271
1957-01-25,2.5743594
1957-01-26,-4.1233687
1957-01-27,-4.122
1957-01-28,-4.122
1957-01-29,-4.122
1957-01-30,-4.122
1957-01-31,-4.122
1957-02-01,-4.1219993
1957-02-02,-3.9127743
1957-02-03,-3.9127748
1957-02-04,-3.9127748
1957-02-05,-3.9127553
1957-02-06,-3.711645
1957-02-07,3.1206486
1957-02-08,-3.689869
1957-02-09,-3.6899812
1957-02-10,-3.6899812
1957-02-11,-3.6899812
1957-02-12,-3.6899812
1957-02-13,-3.6899812
1957-02-14,-3.6899812
1957-02-15,-3.6899812
1957-02-16,-3.6899812
1957-02-17,-3.6899812
1957-02-18,-3.6899812
1957-02-19,-3.6899812
1957-02-20,-3.6899812
1957-02-21,-3.551228
1957-02-22,-3.6650817
1957-02-23,2.8321037
1957-02-24,3.2920678
1957-02-25,-3.495362
1957-02-26,-3.2449446
1957-02-27,-3.0922902
1957-02-28,3.715817
1957-03-01,-3.166984
1957-03-02,-3.0011544
1957-03-03,0.26058856
1957-03-04,3.86033
1957-03-05,2.4027169
1957-03-06,-2.827267
1957-03-07,-2.827267
1957-03-08,-2.603292
1957-03-09,-2.5371494
1957-03-10,-2.5717542
1957-03-11,-2.5717542
1957-03-12,-1.254955
1957-03-13,-2.5717542
1957-03-14,-2.5717542
1957-03-15,2.271267
1957-03-16,-2.5717542
1957-03-17,-2.5714653
1957-03-18,-2.5206387
1957-03-19,-2.508018
1957-03-20,-2.508018
1957-03-21,-2.5076237
1957-03-22,-2.398597
1957-03-23,-2.3724642
1957-03-24,-2.3724542
1957-03-25,-2.3724542
1957-03-26,-2.3724542
1957-03-27,-2.3724542
1957-03-28,-2.1742778
1957-03-29,4.753855
1957-03-30,-1.68508
1957-03-31,-1.6805882
1957-04-01,-1.68508
1957-04-02,-1.68508
1957-04-03,-1.68508
1957-04-04,-1.6842377
1957-04-05,-1.555558
1957-04-06,-1.555558
1957-04-07,-1.555558
1957-04-08,-1.555558
1957-04-09,-1.555558
1957-04-10,-1.555558
1957-04-11,-1.555558
1957-04-12,-1.555558
1957-04-13,-1.555459
1957-04-14,2.463811
1957-04-15,-1.555558
1957-04-16,-1.555558
1957-04-17,5.255069
1957-04-18,-1.5544214
1957-04-19,-1.555558
1957-04-20,2.764215
1957-04-21,-1.555558
1957-04-22,-1.4771733
1957-04-23,-1.4771733
1957-04-24,-1.4762564
1957-04-25,-1.3122625
1957-04-26,-1.3122625
1957-04-27,-1.3122625
1957-04-28,-1.2024872
1957-04-29,-1.1643897
1957-04-30,-1.1644104
1957-05-01,-1.1644104
1957-05-02,-1.1512874
1957-05-03,-1.1644104
1957-05-04,-1.1644104
1957-05-05,-1.1644104
1957-05-06,-1.1644104
1957-05-07,-1.1644061
1957-05-08,-1.143611
1957-05-09,-1.1437587
1957-05-10,-1.1439285
1957-05-11,-1.1437932
1957-05-12,-1.1471424
1957-05-13,-0.41822016
1957-05-14,-1.0627916
1957-05-15,-1.1594887
1957-05-16,-1.1594887
1957-05-17,-1.1561767
1957-05-18,5.644961
1957-05-19,-0.7357023
1957-05-20,5.6509056
1957-05-21,-1.1594403
1957-05-22,-1.1594887
1957-05-23,-1.1590887
1957-05-24,-1.1594875
1957-05-25,-1.1471424
1957-05-26,-1.1471424
1957-05-27,-1.1471424
1957-05-28,-1.1471424
1957-05-29,-1.158195
1957-05-30,-1.1582432
1957-05-31,-1.1582432
1957-06-01,-1.1644104
1957-06-02,-1.1644104
1957-06-03,-1.1644104
1957-06-04,-1.1644104
1957-06-05,-1.1644104
1957-06-06,-1.1644104
1957-06-07,-1.1644104
1957-06-08,-1.1644104
1957-06-09,-1.1644104
1957-06-10,-1.1644104
1957-06-11,-1.1644104
1957-06-12,-1.1644104
1957-06-13,-1.1644104
1957-06-14,-1.1643717
1957-06-15,-1.1582432
1957-06-16,-1.1582432
1957-06-17,-1.1582432
1957-06-18,-1.1528499
1957-06-19,-1.1528442
1957-06-20,-1.1528442
1957-06-21,-1.1528442
1957-06-22,-1.1528058
1957-06-23,-1.1471424
1957-06-24,-1.1471424
1957-06-25,-1.1471424
1957-06-26,-1.1521151
1957-06-27,-1.1667651
1957-06-28,-1.1717517
1957-06-29,-1.1717517
1957-06-30,-1.1717517
1957-07-01,-1.1717517
1957-07-02,-1.1717517
1957-07-03,-1.1717517
1957-07-04,-1.1717517
1957-07-05,-1.1717517
1957-07-06,-1.1717517
1957-07-07,-1.1717517
1957-07-08,-1.1717517
1957-07-09,-1.1717517
1957-07-10,-1.1717517
1957-07-11,-1.1717517
1957-07-12,-1.1717517
1957-07-13,-1.1717517
1957-07-14,-1.1717517
1957-07-15,-1.1717517
1957-07-16,-1.1717517
1957-07-17,-1.1717517
1957-07-18,-1.1717517
1957-07-19,-1.1717517
1957-07-20,-1.182537
1957-07-21,-1.2027059
1957-07-22,-1.2027059
1957-07-23,-1.2027059
1957-07-24,-1.3192301
1957-07-25,-1.3454117
1957-07-26,-1.3454117
1957-07-27,-1.3454117
1957-07-28,-1.3454117
1957-07-29,-1.3454117
1957-07-30,-1.3454117
1957-07-31,-1.4134276
1957-08-01,-1.7813776
1957-08-02,-1.7857552
1957-08-03,-1.9181297
1957-08-04,-1.9181297
1957-08-05,-1.9191463
1957-08-06,-2.4411044
1957-08-07,-2.4781885
1957-08-08,-2.4821224
1957-08-09,-2.4952726
1957-08-10,-2.5175643
1957-08-11,-2.5434694
1957-08-12,-2.5228527
1957-08-13,-2.5228527
1957-08-14,-2.5228527
1957-08-15,-2.5219998
1957-08-16,-2.520947
1957-08-17,-2.5209496
1957-08-18,-2.5209496
1957-08-19,-2.5209496
1957-08-20,-2.5209496
1957-08-21,-2.5209496
1957-08-22,-2.5209496
1957-08-23,-2.5209496
1957-08-24,-2.5209496
1957-08-25,-2.5206976
1957-08-26,-2.450485
1957-08-27,-2.4467409
1957-08-28,-2.4467943
1957-08-29,-2.4587145
1957-08-30,-2.4900692
1957-08-31,-2.3751965
1957-09-01,-2.3751369
1957-09-02,-2.3751369
1957-09-03,-2.3751369
1957-09-04,-2.3754702
1957-09-05,-2.3572562
1957-09-06,-2.3571198
1957-09-07,-2.3567402
1957-09-08,-2.2608685
1957-09-09,-2.2211423
1957-09-10,-2.4249675
1957-09-11,-2.4519155
1957-09-12,-2.4519248
1957-09-13,-2.4519327
1957-09-14,-2.451933
1957-09-15,-2.451933
1957-09-16,-2.4519331
1957-09-17,-2.4635744
1957-09-18,-2.574266
1957-09-19,-2.6102793
1957-09-20,-2.632757
1957-09-21,-2.6333163
1957-09-22,-2.555096
1957-09-23,-2.555096
1957-09-24,-2.555096
1957-09-25,-2.3618948
1957-09-26,-2.375088
1957-09-27,-2.5437005
1957-09-28,-2.5549064
1957-09-29,4.2417183
1957-09-30,-2.6397521
1957-10-01,-2.6168268
1957-10-02,-2.6168265
1957-10-03,-2.504654
1957-10-04,-2.5046568
1957-10-05,-2.5046568
1957-10-06,-2.504654
1957-10-07,-2.5046568
1957-10-08,-2.5046568
1957-10-09,-2.500985
1957-10-10,4.0007563
1957-10-11,-2.5046449
1957-10-12,-2.4990096
1957-10-13,4.3040786
1957-10-14,-2.5046651
1957-10-15,-2.653994
1957-10-16,-2.6545675
1957-10-17,-2.6545677
1957-10-18,-2.6545649
1957-10-19,-2.6545675
1957-10-20,-2.6545413
1957-10-21,-2.6543415
1957-10-22,-2.504672
1957-10-23,-2.5046568
1957-10-24,-2.5046568
1957-10-25,-2.5046568
1957-10-26,-2.5046568
1957-10-27,-2.5046568
1957-10-28,-2.5046568
1957-10-29,-2.5046568
1957-10-30,-2.5046568
1957-10-31,-2.5046568
1957-11-01,-2.5046568
1957-11-02,-2.3510697
1957-11-03,-2.3510354
1957-11-04,-2.4167464
1957-11-05,-2.6235805
1957-11-06,-2.4249015
1957-11-07,-2.2324226
1957-11-08,-2.2324226
1957-11-09,-2.173299
1957-11-10,-2.135447
1957-11-11,-2.173299
1957-11-12,-2.1731355
1957-11-13,-2.0361664
1957-11-14,-2.0856185
1957-11-15,-2.0940914
1957-11-16,-2.0940914
1957-11-17,-2.0940914
1957-11-18,3.9165094
1957-11-19,-2.0940917
1957-11-20,-2.0940473
1957-11-21,-2.0153565
1957-11-22,-2.011558
1957-11-23,-2.0254352
1957-11-24,-2.0774875
1957-11-25,-2.080764
1957-11-26,-2.0807896
1957-11-27,-2.0807896
1957-11-28,-2.0807896
1957-11-29,-2.0807896
1957-11-30,-2.0807896
1957-12-01,-2.0807896
1957-12-02,-2.0807896
1957-12-03,-2.0807896
1957-12-04,-2.0807896
1957-12-05,4.7298346
1957-12-06,-2.1705675
1957-12-07,-2.2287745
1957-12-08,-2.2287745
1957-12-09,-2.2287745
1957-12-10,-2.2287745
1957-12-11,-2.2673764
1957-12-12,-2.2459366
1957-12-13,-2.3765218
1957-12-14,-2.4023159
1957-12-15,4.221268
1957-12-16,4.195325
1957-12-17,-1.4170014
1957-12-18,4.1667175
1957-12-19,-2.6327221
1957-12-20,-2.63276
1957-12-21,1.5235051
1957-12-22,-2.3868232
1957-12-23,-2.2444642
1957-12-24,-2.2431097
1957-12-25,-2.1821918
1957-12-26,-2.0217376
1957-12-27,-2.0215664
1957-12-28,-1.9134085
1957-12-29,-1.8799279
1957-12-30,-1.8799279
1957-12-31,-1.5444863
1958-01-01,-1.5444586
1958-01-02,-1.544486
1958-01-03,-1.6882362
1958-01-04,-1.6891999
1958-01-05,-1.6891999
1958-01-06,-1.6891997
1958-01-07,-1.7374616
1958-01-08,-1.7352548
1958-01-09,2.104026
1958-01-10,5.3464766
1958-01-11,-1.2250625
1958-01-12,-1.2243013
1958-01-13,-1.1982057
1958-01-14,-1.1982
1958-01-15,-1.1982
1958-01-16,-1.1982
1958-01-17,-1.1982
1958-01-18,-1.1982
1958-01-19,-1.1982
1958-01-20,-1.1982
1958-01-21,-1.1982
1958-01-22,-1.1982
1958-01-23,-1.1981999
1958-01-24,5.5285783
1958-01-25,4.2836275
1958-01-26,0.25432032
1958-01-27,-1.1982069
1958-01-28,-1.2184529
1958-01-29,5.61348
1958-01-30,-1.1970743
1958-01-31,-1.2829168
1958-02-01,-1.2829447
1958-02-02,5.5275164
1958-02-03,4.589367
1958-02-04,4.3663354
1958-02-05,-2.444271
1958-02-06,-2.4441397
1958-02-07,4.1441307
1958-02-08,-0.94017464
1958-02-09,-2.3962507
1958-02-10,-2.4442706
1958-02-11,-2.4388144
1958-02-12,4.3830442
1958-02-13,-1.6867774
1958-02-14,-1.6848361
1958-02-15,-1.6867771
1958-02-16,-1.6867771
1958-02-17,-1.6867771
1958-02-18,-1.6836662
1958-02-19,5.1424065
1958-02-20,-1.5646048
1958-02-21,-1.5646048
1958-02-22,-1.5636904
1958-02-23,-1.5646048
1958-02-24,5.2459536
1958-02-25,-1.5645592
1958-02-26,-1.5646048
1958-02-27,-1.5646048
1958-02-28,-1.560875
1958-03-01,-1.5639236
1958-03-02,-1.2697465
1958-03-03,-1.2697301
1958-03-04,-1.2697301
1958-03-05,-1.2697341
1958-03-06,-1.2700154
1958-03-07,-1.2816951
1958-03-08,-1.3832597
1958-03-09,-1.4423249
1958-03-10,-1.4495773
1958-03-11,-1.450521
1958-03-12,0.111488804
1958-03-13,-1.4434515
1958-03-14,5.4308734
1958-03-15,5.5353765
1958-03-16,-1.2684513
1958-03-17,-1.2697295
1958-03-18,-1.2697301
1958-03-19,-1.2697301
1958-03-20,5.539035
1958-03-21,5.5408993
1958-03-22,5.538821
1958-03-23,5.5399523
1958-03-24,-1.436286
1958-03-25,-1.4517162
1958-03-26,-1.6474538
1958-03-27,5.0105033
1958-03-28,-1.7985117
1958-03-29,1.8901601
1958-03-30,5.0109687
1958-03-31,-0.949992
1958-04-01,5.0120854
1958-04-02,5.012113
1958-04-03,5.011998
1958-04-04,-2.0983422
1958-04-05,-2.0706668
1958-04-06,4.566654
1958-04-07,-2.2425373
1958-04-08,-2.2205546
1958-04-09,-2.2205546
1958-04-10,-2.2205546
1958-04-11,-2.2932925
1958-04-12,-2.3179772
1958-04-13,-2.3179781
1958-04-14,-2.317973
1958-04-15,-2.2253187
1958-04-16,-2.2205546
1958-04-17,-2.2205546
1958-04-18,-2.2205546
1958-04-19,-2.2205546
1958-04-20,-2.2437873
1958-04-21,-2.2439494
1958-04-22,-2.2439494
1958-04-23,-2.3592806
1958-04-24,-2.1726017
1958-04-25,-2.1755388
1958-04-26,-2.137189
1958-04-27,-2.137189
1958-04-28,-2.137189
1958-04-29,-2.137189
1958-04-30,-2.1376746
1958-05-01,-2.241432
1958-05-02,-2.2057378
1958-05-03,-2.2057378
1958-05-04,-2.2057378
1958-05-05,-2.2513912
1958-05-06,-2.251424
1958-05-07,-2.251424
1958-05-08,-2.251424
1958-05-09,-2.251424
1958-05-10,-2.251424
1958-05-11,4.53538
1958-05-12,-2.1640906
1958-05-13,-2.1552575
1958-05-14,-2.1552572
1958-05-15,-2.1552572
1958-05-16,-2.1552575
1958-05-17,-2.1552603
1958-05-18,-2.155309
1958-05-19,-2.1568205
1958-05-20,-2.2272668
1958-05-21,-2.3723505
1958-05-22,-1.4473392
1958-05-23,-2.3715115
1958-05-24,-2.3748777
1958-05-25,-2.5090177
1958-05-26,-2.5097132
1958-05-27,-2.5097132
1958-05-28,-2.5097132
1958-05-29,-2.5097132
1958-05-30,-2.5097132
1958-05-31,-2.5097132
1958-06-01,-2.5097132
1958-06-02,-2.5094678
1958-06-03,-2.5097132
1958-06-04,-2.5097132
1958-06-05,-2.5097132
1958-06-06,-2.4474976
1958-06-07,-2.4473183
1958-06-08,-2.4473183
1958-06-09,-2.4473183
1958-06-10,-2.4473183
1958-06-11,-2.4473183
1958-06-12,-2.4473007
1958-06-13,-2.4473183
1958-06-14,-2.4473183
1958-06-15,-2.4473183
1958-06-16,-2.4473183
1958-06-17,-2.4473183
1958-06-18,-2.4473183
1958-06-19,-2.4473183
1958-06-20,-2.4473183
1958-06-21,-2.4473183
1958-06-22,-2.4473183
1958-06-23,-2.4473183
1958-06-24,-2.4473183
1958-06-25,-2.4473183
1958-06-26,-2.4473183
1958-06-27,-2.4473183
1958-06-28,-2.4320092
1958-06-29,-2.3502371
1958-06-30,-2.3502371
1958-07-01,-2.2950227
1958-07-02,-2.2950227
1958-07-03,-2.2950227
1958-07-04,-2.2950227
1958-07-05,-2.2950227
1958-07-06,-2.2950227
1958-07-07,-2.2950227
1958-07-08,-2.2740254
1958-07-09,-2.274019
1958-07-10,-2.274019
1958-07-11,-2.2740188
1958-07-12,-2.261196
1958-07-13,-2.261196
1958-07-14,-2.261196
1958-07-15,-2.261196
1958-07-16,-2.261196
1958-07-17,-2.261196
1958-07-18,-2.261196
1958-07-19,-2.261196
1958-07-20,-2.261196
1958-07-21,-2.261196
1958-07-22,-2.2843018
1958-07-23,-2.2842731
1958-07-24,-2.57538
1958-07-25,-2.6484923
1958-07-26,-2.827595
1958-07-27,-2.8276
1958-07-28,-2.9427302
1958-07-29,-2.9433804
1958-07-30,-2.9433804
1958-07-31,-2.9433804
1958-08-01,-2.9433804
1958-08-02,-2.9093428
1958-08-03,-2.921741
1958-08-04,-3.2558866
1958-08-05,-3.3859382
1958-08-06,-3.4164977
1958-08-07,-3.4293442
1958-08-08,-3.4369366
1958-08-09,-3.443658
1958-08-10,-3.4627097
1958-08-11,-3.4660075
1958-08-12,-3.4661682
1958-08-13,-3.4639044
1958-08-14,-3.4567728
1958-08-15,-3.455675
1958-08-16,-3.4367077
1958-08-17,-3.2132123
1958-08-18,-3.2132123
1958-08-19,-3.2132123
1958-08-20,-3.2135892
1958-08-21,-3.3662758
1958-08-22,-3.4505703
1958-08-23,-3.4505703
1958-08-24,-3.4505703
1958-08-25,-3.4662497
1958-08-26,-3.5122843
1958-08-27,-3.6038063
1958-08-28,-3.8057246
1958-08-29,-4.070359
1958-08-30,-3.9567497
1958-08-31,-3.9415233
1958-09-01,-3.7762628
1958-09-02,-3.8576252
1958-09-03,-3.8576252
1958-09-04,-3.9169676
1958-09-05,-3.9169714
1958-09-06,-3.9752443
1958-09-07,-3.9752443
1958-09-08,-3.9752443
1958-09-09,-3.9235375
1958-09-10,-3.9235375
1958-09-11,-3.9235375
1958-09-12,-3.9235375
1958-09-13,-3.9235375
1958-09-14,-3.8722875
1958-09-15,-3.9137423
1958-09-16,-3.9137661
1958-09-17,-3.9137661
1958-09-18,-3.9138525
1958-09-19,-3.975713
1958-09-20,-3.9235375
1958-09-21,-3.9235375
1958-09-22,-3.9235375
1958-09-23,-3.4282882
1958-09-24,-3.9752443
1958-09-25,-3.9752443
1958-09-26,-3.9752443
1958-09-27,-3.9752448
1958-09-28,-4.051535
1958-09-29,-4.0147457
1958-09-30,-4.1463757
1958-10-01,-4.160071
1958-10-02,-4.2088404
1958-10-03,-4.168073
1958-10-04,-4.168073
1958-10-05,-4.077938
1958-10-06,-4.077938
1958-10-07,-4.0596766
1958-10-08,-4.059029
1958-10-09,-3.815522
1958-10-10,-3.815537
1958-10-11,-3.8223016
1958-10-12,-3.7612152
1958-10-13,-3.7912905
1958-10-14,-3.7912905
1958-10-15,-3.7912905
1958-10-16,-3.7912905
1958-10-17,-3.8184204
1958-10-18,-3.8184204
1958-10-19,-3.8184204
1958-10-20,-3.8561354
1958-10-21,-3.8596673
1958-10-22,-3.8712966
1958-10-23,-3.8735821
1958-10-24,-3.8732007
1958-10-25,-3.9629161
1958-10-26,-3.9637496
1958-10-27,-3.9912336
1958-10-28,-4.0596766
1958-10-29,-4.0596766
1958-10-30,-4.0596766
1958-10-31,-4.0596766
1958-11-01,-4.0596004
1958-11-02,-4.0362372
1958-11-03,-3.9151914
1958-11-04,-3.9337232
1958-11-05,-3.7659638
1958-11-06,-3.7844777
1958-11-07,-3.7844777
1958-11-08,-3.6081889
1958-11-09,-3.4485404
1958-11-10,-3.4415243
1958-11-11,-3.4021413
1958-11-12,-3.3936474
1958-11-13,-3.3936474
1958-11-14,-3.3254642
1958-11-15,-3.3936472
1958-11-16,-3.3936474
1958-11-17,-3.3936474
1958-11-18,-3.3936474
1958-11-19,-3.3936474
1958-11-20,-3.3936458
1958-11-21,-3.539723
1958-11-22,-3.7384257
1958-11-23,-3.7396722
1958-11-24,-3.8090584
1958-11-25,-3.7351112
1958-11-26,-3.8023415
1958-11-27,-3.8023415
1958-11-28,-3.8023415
1958-11-29,-3.681153
1958-11-30,-3.6811512
1958-12-01,-3.6244917
1958-12-02,-3.6244917
1958-12-03,-3.6244917
1958-12-04,-3.558911
1958-12-05,-3.7435987
1958-12-06,-3.743599
1958-12-07,-3.743599
1958-12-08,-3.743599
1958-12-09,-3.743599
1958-12-10,-3.743599
1958-12-11,-3.743599
1958-12-12,-3.743599
1958-12-13,-3.743594
1958-12-14,-3.741585
1958-12-15,-3.7429857
1958-12-16,-3.7259223
1958-12-17,-3.7250383
1958-12-18,-3.727946
1958-12-19,-3.7509868
1958-12-20,-3.8052483
1958-12-21,-3.7641363
1958-12-22,-3.8150642
1958-12-23,-3.8150952
1958-12-24,-3.8195095
1958-12-25,-3.973951
1958-12-26,-3.975415
1958-12-27,-0.7702829
1958-12-28,-3.993532
1958-12-29,-3.795918
1958-12-30,-3.6463418
1958-12-31,-3.5934775
1959-01-01,-3.5778615
1959-01-02,-3.3610466
1959-01-03,-3.3402414
1959-01-04,-3.1198475
1959-01-05,3.8639598
1959-01-06,3.653511
1959-01-07,-2.9007893
1959-01-08,-2.869751
1959-01-09,4.275029
1959-01-10,4.327368
1959-01-11,-2.477925
1959-01-12,4.1247277
1959-01-13,-2.679497
1959-01-14,-2.6794486
1959-01-15,-2.6811228
1959-01-16,-2.6804771
1959-01-17,-2.7629337
1959-01-18,-2.7629552
1959-01-19,-2.847446
1959-01-20,-2.9072232
1959-01-21,-2.9079971
1959-01-22,-2.952888
1959-01-23,-2.920123
1959-01-24,-2.9840062
1959-01-25,3.804977
1959-01-26,-3.0108657
1959-01-27,-3.011155
1959-01-28,-2.948836
1959-01-29,-2.7054422
1959-01-30,-2.6927776
1959-01-31,-2.750809
1959-02-01,-2.7656407
1959-02-02,-2.763871
1959-02-03,-2.7220514
1959-02-04,-2.8528292
1959-02-05,-2.7229972
1959-02-06,-2.8104227
1959-02-07,-2.8103812
1959-02-08,-2.8097816
1959-02-09,3.9981961
1959-02-10,3.99159
1959-02-11,3.1768758
1959-02-12,-2.8185437
1959-02-13,-2.8185914
1959-02-14,-2.815195
1959-02-15,4.000241
1959-02-16,4.0002437
1959-02-17,4.0214276
1959-02-18,4.536016
1959-02-19,-2.2083538
1959-02-20,-1.7750667
1959-02-21,3.4463081
1959-02-22,-2.1776056
1959-02-23,-2.1776056
1959-02-24,-2.1776056
1959-02-25,-2.2466233
1959-02-26,-2.4014497
1959-02-27,-2.4651248
1959-02-28,-2.31814
1959-03-01,-2.3181376
1959-03-02,-1.903563
1959-03-03,-1.9035497
1959-03-04,-1.9035497
1959-03-05,-2.1549208
1959-03-06,-2.1745377
1959-03-07,-2.1745377
1959-03-08,-2.1745377
1959-03-09,-2.1745377
1959-03-10,-2.1745377
1959-03-11,-2.1745377
1959-03-12,-2.1745377
1959-03-13,-2.1745377
1959-03-14,-2.1745377
1959-03-15,-2.1745377
1959-03-16,-2.1745377
1959-03-17,-2.1745377
1959-03-18,-2.1745377
1959-03-19,-2.1745377
1959-03-20,-2.1745377
1959-03-21,-1.903544
1959-03-22,-1.9035337
1959-03-23,2.41757
1959-03-24,-1.9035497
1959-03-25,-1.9035497
1959-03-26,-1.9035497
1959-03-27,-1.9035497
1959-03-28,-1.9035497
1959-03-29,-1.7781096
1959-03-30,5.043081
1959-03-31,-1.6308992
1959-04-01,-1.6289744
1959-04-02,-1.6289744
1959-04-03,-1.5386355
1959-04-04,-1.5386355
1959-04-05,-1.5386355
1959-04-06,-1.5386355
1959-04-07,-1.5386355
1959-04-08,-1.5386355
1959-04-09,-1.5386355
1959-04-10,-1.4155636
1959-04-11,-1.3636813
1959-04-12,-1.3636811
1959-04-13,-1.3636811
1959-04-14,-1.3636811
1959-04-15,-1.3636811
1959-04-16,-1.3636811
1959-04-17,-1.3636811
1959-04-18,-1.3636811
1959-04-19,-1.3636811
1959-04-20,-1.3636811
1959-04-21,-1.363663
1959-04-22,-1.2945154
1959-04-23,-1.2543285
1959-04-24,-1.2543261
1959-04-25,5.5562997
1959-04-26,-1.246989
1959-04-27,-1.2543261
1959-04-28,-1.2543261
1959-04-29,-1.2543261
1959-04-30,-1.2543261
1959-05-01,-1.2543261
1959-05-02,-1.2543261
1959-05-03,-1.2543004
1959-05-04,-1.2543261
1959-05-05,-1.2543261
1959-05-06,-1.2543261
1959-05-07,-1.2543261
1959-05-08,-1.2543261
1959-05-09,-1.2543261
1959-05-10,-1.2543261
1959-05-11,-1.2543261
1959-05-12,-1.2543261
1959-05-13,-1.2543261
1959-05-14,-1.2543261
1959-05-15,-1.2543261
1959-05-16,-1.2543261
1959-05-17,-1.2543261
1959-05-18,-1.2543261
1959-05-19,-1.2543261
1959-05-20,-1.2543261
1959-05-21,-1.2543261
1959-05-22,-1.2543261
1959-05-23,-1.2543261
1959-05-24,-1.2543261
1959-05-25,-1.2543261
1959-05-26,-1.2543261
1959-05-27,-1.2543261
1959-05-28,-1.2543268
1959-05-29,-1.586447
1959-05-30,-1.5869071
1959-05-31,-1.5869071
1959-06-01,-1.5869071
1959-06-02,-1.5869069
1959-06-03,-1.4601777
1959-06-04,-1.2129917
1959-06-05,-1.2483616
1959-06-06,-1.2483616
1959-06-07,-1.2483616
1959-06-08,-1.2483616
1959-06-09,-1.2623844
1959-06-10,-1.262457
1959-06-11,-1.262457
1959-06-12,-1.262457
1959-06-13,-1.262457
1959-06-14,-1.5382481
1959-06-15,-1.5389197
1959-06-16,-1.7248805
1959-06-17,-1.7248805
1959-06-18,-1.7248805
1959-06-19,-1.7249129
1959-06-20,-1.7402844
1959-06-21,-1.7410581
1959-06-22,-1.7410586
1959-06-23,-1.7410586
1959-06-24,-1.7410586
1959-06-25,-1.7624454
1959-06-26,-2.1722057
1959-06-27,-2.2636929
1959-06-28,-2.6128712
1959-06-29,-2.757766
1959-06-30,-2.7463574
1959-07-01,-2.7232862
1959-07-02,-2.7477977
1959-07-03,-2.878172
1959-07-04,-3.2204714
1959-07-05,-3.5070822
1959-07-06,-3.5154831
1959-07-07,-3.5812461
1959-07-08,-3.5874789
1959-07-09,-3.3202875
1959-07-10,-3.3202639
1959-07-11,-3.4243205
1959-07-12,-3.216813
1959-07-13,-3.2228472
1959-07-14,-3.226961
1959-07-15,-3.267615
1959-07-16,-3.2629285
1959-07-17,-3.1757183
1959-07-18,-3.2188284
1959-07-19,-3.0222023
1959-07-20,-3.0504255
1959-07-21,-3.185542
1959-07-22,-3.180266
1959-07-23,-3.172437
1959-07-24,-3.178159
1959-07-25,-3.203097
1959-07-26,-3.2031
1959-07-27,-3.2031
1959-07-28,-3.187307
1959-07-29,-3.1705663
1959-07-30,-3.1396458
1959-07-31,-3.1396458
1959-08-01,-3.1396458
1959-08-02,-3.139647
1959-08-03,-3.2025638
1959-08-04,-3.202564
1959-08-05,-3.2025642
1959-08-06,-3.1983423
1959-08-07,-3.1866899
1959-08-08,-3.3066936
1959-08-09,-3.3201492
1959-08-10,-3.4307966
1959-08-11,-3.430453
1959-08-12,-3.4038544
1959-08-13,-3.4078262
1959-08-14,-3.4080586
1959-08-15,-3.4087565
1959-08-16,-3.4039435
1959-08-17,-3.4037995
1959-08-18,-3.4038224
1959-08-19,-3.4154363
1959-08-20,-3.4181979
1959-08-21,-3.4401097
1959-08-22,-3.548715
1959-08-23,-3.548715
1959-08-24,-3.6671295
1959-08-25,-3.6920028
1959-08-26,-3.6920028
1959-08-27,-3.8317955
1959-08-28,-3.8317955
1959-08-29,-3.8317955
1959-08-30,-3.8861873
1959-08-31,-4.018967
1959-09-01,-4.097159
1959-09-02,-4.2035255
1959-09-03,-4.2880697
1959-09-04,-4.4983034
1959-09-05,-4.54735
1959-09-06,-4.4304686
1959-09-07,-4.415016
1959-09-08,-4.3939486
1959-09-09,-4.3939476
1959-09-10,-4.3939476
1959-09-11,-4.3939476
1959-09-12,-4.3939586
1959-09-13,-4.6853647
1959-09-14,-4.6854277
1959-09-15,-4.6916895
1959-09-16,-5.044053
1959-09-17,-5.047104
1959-09-18,1.7635173
1959-09-19,-4.9360642
1959-09-20,-4.637002
1959-09-21,-4.637002
1959-09-22,-4.637868
1959-09-23,-4.6682806
1959-09-24,-4.6682806
1959-09-25,-4.6682806
1959-09-26,-4.6682806
1959-09-27,-4.6682806
1959-09-28,-4.6682806
1959-09-29,-4.6682806
1959-09-30,-4.5508823
1959-10-01,-4.443679
1959-10-02,-4.3847837
1959-10-03,-4.229784
1959-10-04,-4.1296883
1959-10-05,-4.0261765
1959-10-06,-4.0165586
1959-10-07,-4.0165577
1959-10-08,-3.8685222
1959-10-09,-3.6056192
1959-10-10,-3.462475
1959-10-11,-3.461943
1959-10-12,-3.4619427
1959-10-13,-3.4619424
1959-10-14,-3.3959956
1959-10-15,-3.358922
1959-10-16,-3.3779879
1959-10-17,-3.4996722
1959-10-18,-3.4905603
1959-10-19,-3.4912038
1959-10-20,-3.462572
1959-10-21,-3.461938
1959-10-22,-3.4619427
1959-10-23,-3.4620242
1959-10-24,-3.8173788
1959-10-25,-3.8685222
1959-10-26,-4.0029116
1959-10-27,-4.0165586
1959-10-28,-4.077938
1959-10-29,-4.168073
1959-10-30,-4.168073
1959-10-31,-4.2101536
1959-11-01,-4.3847456
1959-11-02,-4.3847837
1959-11-03,-4.3847837
1959-11-04,-4.6784105
1959-11-05,-4.5419006
1959-11-06,-4.895955
1959-11-07,-5.0370007
1959-11-08,-5.0370607
1959-11-09,-5.0327044
1959-11-10,-4.785617
1959-11-11,-4.785617
1959-11-12,-4.785617
1959-11-13,-4.785617
1959-11-14,-4.785617
1959-11-15,-4.785617
1959-11-16,-4.785617
1959-11-17,-4.785617
1959-11-18,-4.785617
1959-11-19,-4.785617
1959-11-20,-4.785617
1959-11-21,-4.785617
1959-11-22,-4.785617
1959-11-23,-4.787301
1959-11-24,-5.079526
1959-11-25,-5.0797586
1959-11-26,-5.0797586
1959-11-27,-5.0797596
1959-11-28,-5.081438
1959-11-29,-5.198742
1959-11-30,-5.19709
1959-12-01,-4.244112
1959-12-02,-4.183761
1959-12-03,-4.1837187
1959-12-04,-4.2702026
1959-12-05,-4.109944
1959-12-06,-4.1096115
1959-12-07,-3.8823845
1959-12-08,-3.8823984
1959-12-09,-3.7844646
1959-12-10,-3.7220967
1959-12-11,-3.706443
1959-12-12,-3.7050576
1959-12-13,-3.7050576
1959-12-14,-3.7049334
1959-12-15,-3.6767714
1959-12-16,-3.6957178
1959-12-17,-3.9238155
1959-12-18,-3.8274968
1959-12-19,-3.8274949
1959-12-20,-3.8274949
1959-12-21,-3.8274193
1959-12-22,-3.8110697
1959-12-23,-3.7107818
1959-12-24,3.1152685
1959-12-25,-3.719091
1959-12-26,-3.7673542
1959-12-27,-3.8790276
1959-12-28,-3.879075
1959-12-29,-3.879075
1959-12-30,-3.879075
1959-12-31,-3.8784506
1960-01-01,-3.8014677
1960-01-02,-3.8014677
1960-01-03,-3.813976
1960-01-04,-3.8906114
1960-01-05,-3.821711
1960-01-06,-3.8344884
1960-01-07,-3.690488
1960-01-08,-3.690604
1960-01-09,1.8574646
1960-01-10,3.099829
1960-01-11,3.1394246
1960-01-12,-3.6822662
1960-01-13,-3.6723015
1960-01-14,3.138742
1960-01-15,-3.4565918
1960-01-16,-3.399099
1960-01-17,-3.399099
1960-01-18,-3.399099
1960-01-19,-3.3990996
1960-01-20,-3.4322965
1960-01-21,3.1499007
1960-01-22,-3.6579196
1960-01-23,-3.6922553
1960-01-24,-3.5776737
1960-01-25,-2.5164967
1960-01-26,-3.6649296
1960-01-27,-3.6649752
1960-01-28,-3.7240973
1960-01-29,-3.724104
1960-01-30,-3.7241366
1960-01-31,-3.7618575
1960-02-01,3.0487113
1960-02-02,-3.762179
1960-02-03,2.9668317
1960-02-04,-3.8759992
1960-02-05,2.935159
1960-02-06,-3.7625945
1960-02-07,2.9396837
1960-02-08,2.9821684
1960-02-09,2.9829063
1960-02-10,2.9729273
1960-02-11,-3.8256478
1960-02-12,-3.8256478
1960-02-13,-3.8256476
1960-02-14,-3.6653364
1960-02-15,-3.6903636
1960-02-16,-3.735582
1960-02-17,-3.8137035
1960-02-18,-3.4861937
1960-02-19,-3.6927211
1960-02-20,-3.6927211
1960-02-21,-3.6927211
1960-02-22,-3.7237678
1960-02-23,-3.7241366
1960-02-24,-3.7241366
1960-02-25,-3.6729603
1960-02-26,-3.443651
1960-02-27,-3.4517512
1960-02-28,-3.451759
1960-02-29,-3.4512835
1960-03-01,-3.3535573
1960-03-02,-3.3142796
1960-03-03,-3.2442775
1960-03-04,-2.7085273
1960-03-05,1.1725868
1960-03-06,-3.0623689
1960-03-07,3.7131884
1960-03-08,-2.9546118
1960-03-09,-2.9543595
1960-03-10,-2.9287999
1960-03-11,-2.8991468
1960-03-12,-2.8988013
1960-03-13,-2.8921506
1960-03-14,-2.7688453
1960-03-15,-2.768825
1960-03-16,-2.7620075
1960-03-17,-2.7601218
1960-03-18,-2.7601562
1960-03-19,-2.7598689
1960-03-20,-2.759862
1960-03-21,-2.759862
1960-03-22,-2.759862
1960-03-23,-2.759862
1960-03-24,-2.759862
1960-03-25,-2.759862
1960-03-26,-2.6407948
1960-03-27,4.200243
1960-03-28,-2.6076558
1960-03-29,-2.502697
1960-03-30,-2.4705453
1960-03-31,-2.5872126
1960-04-01,-2.577729
1960-04-02,-2.5396597
1960-04-03,-2.5908046
1960-04-04,-2.5908046
1960-04-05,-2.5908046
1960-04-06,-2.5908046
1960-04-07,-2.5908067
1960-04-08,-2.7276204
1960-04-09,-2.727797
1960-04-10,-2.7273512
1960-04-11,-2.640062
1960-04-12,-2.6314187
1960-04-13,-2.6314166
1960-04-14,-2.6314166
1960-04-15,-2.6314166
1960-04-16,-2.6314166
1960-04-17,-2.6314166
1960-04-18,-2.5443447
1960-04-19,-2.5443442
1960-04-20,-2.270662
1960-04-21,-2.2706614
1960-04-22,-2.2706614
1960-04-23,4.540306
1960-04-24,-2.0620646
1960-04-25,-2.062013
1960-04-26,4.7486143
1960-04-27,4.732384
1960-04-28,-2.0620167
1960-04-29,-2.0620167
1960-04-30,-2.0443435
1960-05-01,-2.1516883
1960-05-02,-2.1517627
1960-05-03,-2.1480355
1960-05-04,-2.1517615
1960-05-05,-2.1475835
1960-05-06,-2.1097515
1960-05-07,-2.0914388
1960-05-08,-1.999584
1960-05-09,-1.999584
1960-05-10,-1.999584
1960-05-11,-2.1772203
1960-05-12,-2.181951
1960-05-13,-2.27707
1960-05-14,-2.3018017
1960-05-15,-2.2478735
1960-05-16,-2.1863205
1960-05-17,-2.0913994
1960-05-18,-2.0913994
1960-05-19,-2.0913994
1960-05-20,-2.0913994
1960-05-21,-2.0913994
1960-05-22,-2.0913994
1960-05-23,-2.0834265
1960-05-24,-2.091378
1960-05-25,-2.0913992
1960-05-26,-2.0913942
1960-05-27,-1.9659426
1960-05-28,-1.7676501
1960-05-29,-1.8060665
1960-05-30,-1.8757744
1960-05-31,-1.9085784
1960-06-01,-2.0466504
1960-06-02,-2.0466504
1960-06-03,-2.0466504
1960-06-04,-2.0466504
1960-06-05,-2.0620165
1960-06-06,-2.0620167
1960-06-07,-2.0620167
1960-06-08,-2.0620167
1960-06-09,-2.0620167
1960-06-10,-2.0620167
1960-06-11,-2.0620167
1960-06-12,-2.0620167
1960-06-13,-2.0620167
1960-06-14,-2.0620167
1960-06-15,-2.0620167
1960-06-16,-2.0620167
1960-06-17,-2.0620167
1960-06-18,-2.0620167
1960-06-19,-2.0620167
1960-06-20,-2.0620167
1960-06-21,-2.061991
1960-06-22,-2.0466504
1960-06-23,-2.0195456
1960-06-24,-1.9726617
1960-06-25,-1.9876335
1960-06-26,-1.8714764
1960-06-27,-1.7606182
1960-06-28,-1.6697919
1960-06-29,-1.6705554
1960-06-30,-1.8517451
1960-07-01,-1.949342
1960-07-02,-1.7089617
1960-07-03,-2.115126
1960-07-04,-2.2397926
1960-07-05,-2.4818687
1960-07-06,-2.9314153
1960-07-07,-2.9314153
1960-07-08,-2.9598875
1960-07-09,-2.9734654
1960-07-10,-3.0875688
1960-07-11,-3.0875688
1960-07-12,-2.9858046
1960-07-13,-2.865298
1960-07-14,-2.8652976
1960-07-15,-2.8652976
1960-07-16,-2.8652976
1960-07-17,-2.8652976
1960-07-18,-2.8652976
1960-07-19,-2.8652976
1960-07-20,-2.8652976
1960-07-21,-2.8652976
1960-07-22,-2.9448516
1960-07-23,-3.0126355
1960-07-24,-3.0126505
1960-07-25,-2.981515
1960-07-26,-3.0717366
1960-07-27,-3.307174
1960-07-28,-3.3395386
1960-07-29,-3.5455267
1960-07-30,-3.4747086
1960-07-31,-3.471165
1960-08-01,-3.4625556
1960-08-02,-3.557431
1960-08-03,-3.5250926
1960-08-04,-3.5175278
1960-08-05,-3.5422168
1960-08-06,-3.5422146
1960-08-07,-3.5859568
1960-08-08,-3.833905
1960-08-09,-3.8339047
1960-08-10,-3.8339047
1960-08-11,-3.8339047
1960-08-12,-3.8338819
1960-08-13,-3.7590406
1960-08-14,-3.584873
1960-08-15,-3.5845187
1960-08-16,-3.5845177
1960-08-17,-3.5847366
1960-08-18,-3.7634733
1960-08-19,-3.8034503
1960-08-20,-3.777887
1960-08-21,-3.7732053
1960-08-22,-3.773156
1960-08-23,-3.733091
1960-08-24,-3.6949918
1960-08-25,-3.7067
1960-08-26,-3.706701
1960-08-27,-3.706701
1960-08-28,-3.7461302
1960-08-29,-3.7698014
1960-08-30,-3.7698014
1960-08-31,-3.7698014
1960-09-01,-3.7698014
1960-09-02,-3.7698076
1960-09-03,-3.831577
1960-09-04,-3.8344498
1960-09-05,-3.7885404
1960-09-06,-3.6995587
1960-09-07,-3.7396028
1960-09-08,-3.841122
1960-09-09,-3.841122
1960-09-10,-3.840935
1960-09-11,-3.841122
1960-09-12,-3.8404248
1960-09-13,-3.8183808
1960-09-14,-3.8183808
1960-09-15,-3.8183808
1960-09-16,-3.8183808
1960-09-17,-3.8183808
1960-09-18,-3.7443383
1960-09-19,-3.749296
1960-09-20,-3.7492957
1960-09-21,-3.8152394
1960-09-22,-3.8183808
1960-09-23,-3.818381
1960-09-24,-3.9962013
1960-09-25,-3.995951
1960-09-26,-3.995951
1960-09-27,-3.911969
1960-09-28,-3.8928478
1960-09-29,-3.8928478
1960-09-30,-3.8165011
1960-10-01,-4.0165586
1960-10-02,-4.0165586
1960-10-03,-4.0165586
1960-10-04,-4.016641
1960-10-05,-4.030375
1960-10-06,-3.9501688
1960-10-07,-3.9504268
1960-10-08,-3.9504268
1960-10-09,-3.950359
1960-10-10,-3.9466693
1960-10-11,-3.7594583
1960-10-12,-3.758902
1960-10-13,-3.5782113
1960-10-14,-3.5645368
1960-10-15,-3.5669084
1960-10-16,-3.5668578
1960-10-17,-3.548715
1960-10-18,-3.548715
1960-10-19,-3.5566208
1960-10-20,-3.6920073
1960-10-21,-3.6920028
1960-10-22,-3.6920028
1960-10-23,-3.8176584
1960-10-24,-3.9504259
1960-10-25,-3.9504268
1960-10-26,-3.9504268
1960-10-27,-3.9504268
1960-10-28,-3.9504263
1960-10-29,-3.9443786
1960-10-30,-3.9336412
1960-10-31,-3.8771834
1960-11-01,-4.0059643
1960-11-02,-4.0059643
1960-11-03,-3.9403574
1960-11-04,-3.8875926
1960-11-05,-3.7754831
1960-11-06,2.1338348
1960-11-07,-3.8254724
1960-11-08,-3.8254726
1960-11-09,-3.8254726
1960-11-10,-3.8254726
1960-11-11,-3.6682286
1960-11-12,2.9338732
1960-11-13,2.8170593
1960-11-14,-3.993532
1960-11-15,-3.993532
1960-11-16,-3.993532
1960-11-17,-3.993531
1960-11-18,-3.9896076
1960-11-19,-3.993532
1960-11-20,-3.993532
1960-11-21,-3.993532
1960-11-22,-3.993532
1960-11-23,-3.993532
1960-11-24,-3.9934595
1960-11-25,2.8779938
1960-11-26,2.9849079
1960-11-27,-3.8254726
1960-11-28,-3.8254726
1960-11-29,-3.8248615
1960-11-30,-3.8282392
1960-12-01,2.9638228
1960-12-02,-2.97114
1960-12-03,-3.875754
1960-12-04,-3.678134
1960-12-05,-3.678134
1960-12-06,-3.678134
1960-12-07,-3.6148748
1960-12-08,-3.6699169
1960-12-09,-3.718973
1960-12-10,-3.718713
1960-12-11,-3.718973
1960-12-12,-3.718973
1960-12-13,-3.718973
1960-12-14,-3.7183003
1960-12-15,-3.7191718
1960-12-16,-3.803966
1960-12-17,-4.0185056
1960-12-18,-4.0185056
1960-12-19,-4.0185056
1960-12-20,-4.0185056
1960-12-21,-4.0185056
1960-12-22,-4.0185056
1960-12-23,-4.0185056
1960-12-24,-4.0185056
1960-12-25,-4.0185056
1960-12-26,-4.0185056
1960-12-27,-4.0185056
1960-12-28,-4.0185056
1960-12-29,-4.0185056
1960-12-30,-4.0185056
1960-12-31,-4.0185056
1961-01-01,-4.0185337
1961-01-02,-4.0674267
1961-01-03,-4.071864
1961-01-04,-3.8147771
1961-01-05,-3.7910872
1961-01-06,-3.7910378
1961-01-07,-4.1923227
1961-01-08,-3.6036694
1961-01-09,-3.7631452
1961-01-10,-3.7608917
1961-01-11,-3.5685909
1961-01-12,-3.6297653
1961-01-13,-3.6420085
1961-01-14,-3.6037178
1961-01-15,-3.3403463
1961-01-16,-3.1110265
1961-01-17,-3.146756
1961-01-18,-3.197641
1961-01-19,-3.1853678
1961-01-20,-3.5212772
1961-01-21,-3.677073
1961-01-22,-3.6799786
1961-01-23,-3.6709795
1961-01-24,-3.703846
1961-01-25,-3.662267
1961-01-26,2.8851414
1961-01-27,-4.0733547
1961-01-28,-4.27009
1961-01-29,-4.196374
1961-01-30,-4.2793326
1961-01-31,2.4033766
1961-02-01,-4.136032
1961-02-02,-1.3649635
1961-02-03,-3.9892194
1961-02-04,-3.4513204
1961-02-05,-3.3863018
1961-02-06,-3.2232819
1961-02-07,-3.151217
1961-02-08,-3.2232368
1961-02-09,-3.1171532
1961-02-10,-3.4067547
1961-02-11,3.0240245
1961-02-12,-3.6944928
1961-02-13,-3.606036
1961-02-14,-3.1692903
1961-02-15,-3.1648302
1961-02-16,-3.1937919
1961-02-17,-3.3204725
1961-02-18,-3.3758907
1961-02-19,-3.556855
1961-02-20,-3.5568392
1961-02-21,-3.5568714
1961-02-22,-3.6061103
1961-02-23,-3.624778
1961-02-24,-3.5524905
1961-02-25,-3.5501797
1961-02-26,-3.4726384
1961-02-27,-3.431103
1961-02-28,-3.4726713
1961-03-01,-3.5131087
1961-03-02,-3.5189703
1961-03-03,-3.4757776
1961-03-04,3.2530744
1961-03-05,3.2527125
1961-03-06,-3.5568666
1961-03-07,-3.5568714
1961-03-08,-3.5568695
1961-03-09,-3.5568714
1961-03-10,-3.6005132
1961-03-11,-3.6061103
1961-03-12,-3.6061103
1961-03-13,-3.4552717
1961-03-14,-2.811754
1961-03-15,3.5131323
1961-03-16,-3.2009969
1961-03-17,3.3453064
1961-03-18,-3.0535216
1961-03-19,-3.0475116
1961-03-20,-3.0673106
1961-03-21,-3.2010462
1961-03-22,-3.2010462
1961-03-23,-3.2024162
1961-03-24,3.2822745
1961-03-25,-3.336954
1961-03-26,-3.295049
1961-03-27,-3.1964283
1961-03-28,-3.1688035
1961-03-29,-3.1688035
1961-03-30,-3.2974985
1961-03-31,-3.5568714
1961-04-01,-3.5798886
1961-04-02,-3.4912329
1961-04-03,-3.486492
1961-04-04,-3.098175
1961-04-05,-2.8968158
1961-04-06,-2.8699913
1961-04-07,-2.5430381
1961-04-08,-2.5430381
1961-04-09,-2.5430381
1961-04-10,-2.6587794
1961-04-11,-2.822408
1961-04-12,-2.9406135
1961-04-13,-3.0908175
1961-04-14,-3.0908175
1961-04-15,-3.0908175
1961-04-16,-2.8968158
1961-04-17,-2.8968158
1961-04-18,-2.8134725
1961-04-19,-2.6477363
1961-04-20,-2.5262516
1961-04-21,-1.3551464
1961-04-22,4.499013
1961-04-23,-1.7894797
1961-04-24,-2.5237734
1961-04-25,-2.6477363
1961-04-26,-2.6477363
1961-04-27,-2.6477363
1961-04-28,-2.6477363
1961-04-29,-2.6477363
1961-04-30,-2.6477363
1961-05-01,-2.3276143
1961-05-02,-1.7012298
1961-05-03,-1.5869071
1961-05-04,-1.5869071
1961-05-05,-1.5869071
1961-05-06,5.2132335
1961-05-07,-1.5869071
1961-05-08,-1.5869071
1961-05-09,-1.2572623
1961-05-10,-1.2543261
1961-05-11,-1.2543261
1961-05-12,-1.2543261
1961-05-13,-1.2543261
1961-05-14,-1.2543261
1961-05-15,-1.2543261
1961-05-16,-1.2543261
1961-05-17,-1.2543261
1961-05-18,-1.2543261
1961-05-19,5.6029706
1961-05-20,-1.206718
1961-05-21,-1.289448
1961-05-22,-1.340642
1961-05-23,-1.340642
1961-05-24,-1.340642
1961-05-25,-1.206718
1961-05-26,-1.206718
1961-05-27,-1.206718
1961-05-28,2.4744318
1961-05-29,-1.2448334
1961-05-30,-1.5869071
1961-05-31,-1.5758058
1961-06-01,-1.586849
1961-06-02,-1.6801031
1961-06-03,-1.206718
1961-06-04,-1.233453
1961-06-05,-1.2377646
1961-06-06,-1.4913073
1961-06-07,-1.9211531
1961-06-08,-2.5633187
1961-06-09,-2.5633245
1961-06-10,-2.514698
1961-06-11,-2.686359
1961-06-12,-2.7919683
1961-06-13,-2.7919683
1961-06-14,-2.5400906
1961-06-15,-2.6951005
1961-06-16,-2.5278158
1961-06-17,-2.928553
1961-06-18,-3.234662
1961-06-19,-3.5651042
1961-06-20,-4.0541306
1961-06-21,-3.8486478
1961-06-22,-3.6516807
1961-06-23,-3.2721674
1961-06-24,-3.259067
1961-06-25,-3.1734114
1961-06-26,-3.1316009
1961-06-27,-2.8055313
1961-06-28,-2.9965606
1961-06-29,-2.9963145
1961-06-30,-2.9883316
1961-07-01,-2.925024
1961-07-02,-3.084332
1961-07-03,-2.9764123
1961-07-04,-3.0179117
1961-07-05,-3.0274944
1961-07-06,-2.9883664
1961-07-07,-2.9883664
1961-07-08,-2.9428115
1961-07-09,-2.947798
1961-07-10,-2.9477994
1961-07-11,-2.9478111
1961-07-12,-2.9503183
1961-07-13,-2.9883664
1961-07-14,-2.9883664
1961-07-15,-2.9883664
1961-07-16,-3.0027874
1961-07-17,-3.1975663
1961-07-18,-3.2266364
1961-07-19,-3.2266064
1961-07-20,-3.22303
1961-07-21,-3.1869285
1961-07-22,-3.1120114
1961-07-23,-3.1120114
1961-07-24,-3.0665047
1961-07-25,-2.9778807
1961-07-26,-3.0231225
1961-07-27,-3.0232837
1961-07-28,-3.023296
1961-07-29,-2.775269
1961-07-30,-2.8415022
1961-07-31,-2.842414
1961-08-01,-3.0386617
1961-08-02,-3.2780042
1961-08-03,-3.2906435
1961-08-04,-3.3505464
1961-08-05,-3.4472268
1961-08-06,-3.6241891
1961-08-07,-3.616531
1961-08-08,-3.7673416
1961-08-09,-3.9667423
1961-08-10,-3.9667366
1961-08-11,-3.8373914
1961-08-12,-3.7704012
1961-08-13,-3.677054
1961-08-14,-3.5378983
1961-08-15,-3.3725057
1961-08-16,-3.3376064
1961-08-17,-3.28984
1961-08-18,-3.430944
1961-08-19,-3.563734
1961-08-20,-3.5077875
1961-08-21,-3.4176943
1961-08-22,-3.4471397
1961-08-23,-3.342151
1961-08-24,-3.336311
1961-08-25,-3.3364694
1961-08-26,-3.3364694
1961-08-27,-3.390171
1961-08-28,-3.3638985
1961-08-29,-3.4521532
1961-08-30,-3.661676
1961-08-31,-3.9667423
1961-09-01,-4.0028553
1961-09-02,-4.179708
1961-09-03,-4.174138
1961-09-04,-4.179708
1961-09-05,-4.3438253
1961-09-06,-4.3966923
1961-09-07,-4.3966923
1961-09-08,-4.176854
1961-09-09,-4.076232
1961-09-10,-4.218935
1961-09-11,-4.319867
1961-09-12,-4.223647
1961-09-13,-4.4590864
1961-09-14,-4.8003197
1961-09-15,-4.887747
1961-09-16,2.0605989
1961-09-17,-4.593258
1961-09-18,-4.1598153
1961-09-19,-3.860178
1961-09-20,-3.7704012
1961-09-21,-3.7704012
1961-09-22,-3.7704012
1961-09-23,-3.7704012
1961-09-24,-3.7704012
1961-09-25,-3.7704012
1961-09-26,-3.6054273
1961-09-27,-3.5936923
1961-09-28,-3.5936923
1961-09-29,-3.5936923
1961-09-30,-3.928642
1961-10-01,-3.9384658
1961-10-02,-4.0185056
1961-10-03,-4.0185056
1961-10-04,-4.018751
1961-10-05,-4.1896944
1961-10-06,-4.1571665
1961-10-07,-3.9666088
1961-10-08,-4.0083838
1961-10-09,-3.9633062
1961-10-10,-4.0734463
1961-10-11,-4.177921
1961-10-12,-4.3445635
1961-10-13,-4.3696566
1961-10-14,-4.445056
1961-10-15,-4.445056
1961-10-16,-4.445056
1961-10-17,-4.3696566
1961-10-18,-4.2891884
1961-10-19,-4.208561
1961-10-20,-4.0784793
1961-10-21,-3.9632928
1961-10-22,-3.9632928
1961-10-23,-3.9632928
1961-10-24,-3.902921
1961-10-25,-3.8966339
1961-10-26,-3.882675
1961-10-27,-3.9453528
1961-10-28,-3.9453533
1961-10-29,-3.9453533
1961-10-30,-3.9453533
1961-10-31,-3.9453533
1961-11-01,-3.9453533
1961-11-02,-3.9493887
1961-11-03,-3.993221
1961-11-04,-3.8495836
1961-11-05,-3.8233862
1961-11-06,-3.7716734
1961-11-07,-3.7717378
1961-11-08,-3.7802036
1961-11-09,-3.8414605
1961-11-10,-3.9453528
1961-11-11,-3.9453533
1961-11-12,-3.995858
1961-11-13,-4.2151575
1961-11-14,-4.211911
1961-11-15,-3.995753
1961-11-16,-3.9558556
1961-11-17,-3.9090946
1961-11-18,-3.847078
1961-11-19,-3.847078
1961-11-20,2.8148506
1961-11-21,-4.037285
1961-11-22,-3.9515026
1961-11-23,-3.9514973
1961-11-24,-3.8585193
1961-11-25,2.9358876
1961-11-26,-4.2067366
1961-11-27,-4.5167646
1961-11-28,-5.119611
1961-11-29,1.5417753
1961-11-30,1.6385503
1961-12-01,2.2146685
1961-12-02,2.2109663
1961-12-03,-4.5959625
1961-12-04,-4.5959625
1961-12-05,-4.5959625
1961-12-06,-4.51702
1961-12-07,-4.5250597
1961-12-08,-5.119609
1961-12-09,-4.8003197
1961-12-10,-4.586874
1961-12-11,-4.7527294
1961-12-12,-4.7527294
1961-12-13,-4.752613
1961-12-14,-4.439777
1961-12-15,-3.8460624
1961-12-16,-3.885
1961-12-17,-3.618323
1961-12-18,-3.4206553
1961-12-19,-3.1832943
1961-12-20,-3.2624772
1961-12-21,-3.482537
1961-12-22,-3.7551348
1961-12-23,-4.257571
1961-12-24,-4.257571
1961-12-25,-4.257571
1961-12-26,-4.257571
1961-12-27,-4.257571
1961-12-28,-4.257571
1961-12-29,-4.257571
1961-12-30,-4.257571
1961-12-31,-4.257571
1962-01-01,-4.257571
1962-01-02,-4.064844
1962-01-03,-4.064844
1962-01-04,-4.306596
1962-01-05,-4.4013586
1962-01-06,-4.7310057
1962-01-07,-4.77979
1962-01-08,-4.816724
1962-01-09,-4.6032515
1962-01-10,-4.5754433
1962-01-11,-4.5754433
1962-01-12,-0.88813573
1962-01-13,-4.5754433
1962-01-14,-4.5754433
1962-01-15,-4.886223
1962-01-16,-4.886223
1962-01-17,-4.886223
1962-01-18,-4.886223
1962-01-19,1.923996
1962-01-20,-0.55881256
1962-01-21,-4.5738893
1962-01-22,-4.5752497
1962-01-23,-4.574991
1962-01-24,-4.3708153
1962-01-25,-4.38538
1962-01-26,-4.4299097
1962-01-27,-4.4323587
1962-01-28,-4.403157
1962-01-29,-4.3617687
1962-01-30,-4.3617544
1962-01-31,-4.3096056
1962-02-01,-4.335224
1962-02-02,-4.4299097
1962-02-03,-4.4299097
1962-02-04,-4.4299097
1962-02-05,-4.4299097
1962-02-06,2.3661957
1962-02-07,2.4392319
1962-02-08,-3.4330044
1962-02-09,2.1222014
1962-02-10,-4.0927815
1962-02-11,-4.035884
1962-02-12,-0.036903754
1962-02-13,2.8488204
1962-02-14,2.675998
1962-02-15,2.7550468
1962-02-16,2.7483737
1962-02-17,-3.9308689
1962-02-18,2.8261302
1962-02-19,-3.8390155
1962-02-20,-3.7689502
1962-02-21,-3.73636
1962-02-22,-3.758717
1962-02-23,-3.7963798
1962-02-24,-4.015032
1962-02-25,-4.248225
1962-02-26,-4.4954453
1962-02-27,-4.991089
1962-02-28,-5.02009
1962-03-01,-4.215495
1962-03-02,-4.0370607
1962-03-03,-4.0095887
1962-03-04,-4.1385
1962-03-05,-3.9664013
1962-03-06,2.6792006
1962-03-07,-4.739373
1962-03-08,-4.739373
1962-03-09,-4.7393703
1962-03-10,-4.739373
1962-03-11,-4.739373
1962-03-12,-4.659219
1962-03-13,-4.6256514
1962-03-14,-4.4958777
1962-03-15,-4.16635
1962-03-16,-4.1124153
1962-03-17,-3.965482
1962-03-18,-3.925535
1962-03-19,-3.9654834
1962-03-20,-4.112063
1962-03-21,-4.404845
1962-03-22,1.9047935
1962-03-23,-4.9498568
1962-03-24,-5.087633
1962-03-25,-4.9498577
1962-03-26,-4.9415197
1962-03-27,-4.516617
1962-03-28,-4.181981
1962-03-29,-4.181981
1962-03-30,-4.181981
1962-03-31,-4.1120634
1962-04-01,-4.195228
1962-04-02,-4.1953735
1962-04-03,-4.1952257
1962-04-04,-4.0503817
1962-04-05,-4.05048
1962-04-06,-4.05048
1962-04-07,-4.009365
1962-04-08,-3.9994295
1962-04-09,-3.9468238
1962-04-10,-3.9468238
1962-04-11,-3.7402623
1962-04-12,-3.485434
1962-04-13,-3.2974985
1962-04-14,-3.2744443
1962-04-15,-3.2744443
1962-04-16,-3.2744443
1962-04-17,-2.9459705
1962-04-18,-2.8968158
1962-04-19,-2.8968158
1962-04-20,-2.8556452
1962-04-21,-2.8556452
1962-04-22,-2.8556452
1962-04-23,-2.896951
1962-04-24,-3.126837
1962-04-25,-3.006415
1962-04-26,-3.0928473
1962-04-27,3.4593954
1962-04-28,-3.2154276
1962-04-29,-3.1085613
1962-04-30,-2.989268
1962-05-01,-2.7427962
1962-05-02,-2.826011
1962-05-03,-2.661617
1962-05-04,-2.661665
1962-05-05,-2.8351705
1962-05-06,-2.8351705
1962-05-07,-3.0343914
1962-05-08,-2.917283
1962-05-09,-2.8109415
1962-05-10,-2.8404174
1962-05-11,-2.8419526
1962-05-12,-2.6772058
1962-05-13,-2.713464
1962-05-14,-2.3797488
1962-05-15,-2.372453
1962-05-16,-2.3701031
1962-05-17,-2.569518
1962-05-18,-2.5695312
1962-05-19,-2.4539192
1962-05-20,-2.3724542
1962-05-21,-2.3724542
1962-05-22,-2.3723102
1962-05-23,-2.4143274
1962-05-24,-2.4378235
1962-05-25,-2.4379363
1962-05-26,-2.6690214
1962-05-27,-2.668406
1962-05-28,-2.80983
1962-05-29,-2.8672457
1962-05-30,-2.8654559
1962-05-31,-2.994491
1962-06-01,-3.217952
1962-06-02,-3.238894
1962-06-03,-3.3199399
1962-06-04,-3.3459523
1962-06-05,-3.345854
1962-06-06,-3.2660146
1962-06-07,-3.1188457
1962-06-08,-3.1529958
1962-06-09,-3.153009
1962-06-10,-3.1703138
1962-06-11,-3.1456478
1962-06-12,-3.1354723
1962-06-13,-3.123974
1962-06-14,-3.1724367
1962-06-15,-3.1383824
1962-06-16,-3.030291
1962-06-17,-3.0045815
1962-06-18,-3.3355095
1962-06-19,-2.9569857
1962-06-20,-2.9768384
1962-06-21,-2.8075433
1962-06-22,-2.773284
1962-06-23,-2.86468
1962-06-24,-2.7201378
1962-06-25,-3.2456467
1962-06-26,-3.2163055
1962-06-27,-3.2754328
1962-06-28,-3.1394289
1962-06-29,-3.366384
1962-06-30,-3.2568738
1962-07-01,-3.2972043
1962-07-02,-3.3694122
1962-07-03,-3.7444787
1962-07-04,-3.5819905
1962-07-05,-3.5819905
1962-07-06,-3.4560935
1962-07-07,-3.478685
1962-07-08,-3.541267
1962-07-09,-3.8782744
1962-07-10,-3.883868
1962-07-11,-3.8738444
1962-07-12,-3.8094923
1962-07-13,-3.680384
1962-07-14,-3.861227
1962-07-15,-3.8018353
1962-07-16,-3.8018222
1962-07-17,-3.564967
1962-07-18,-3.5649667
1962-07-19,-3.3816476
1962-07-20,-3.3003874
1962-07-21,-3.3026533
1962-07-22,-3.2615016
1962-07-23,-3.3302398
1962-07-24,-3.3306687
1962-07-25,-3.3078556
1962-07-26,-3.2992632
1962-07-27,-3.2992632
1962-07-28,-3.4256496
1962-07-29,-3.429041
1962-07-30,-3.9359581
1962-07-31,-4.0917034
1962-08-01,-4.1494875
1962-08-02,-4.088368
1962-08-03,-3.8749142
1962-08-04,-3.7813194
1962-08-05,-3.6894515
1962-08-06,-3.6312368
1962-08-07,-3.5607915
1962-08-08,-3.5607915
1962-08-09,-3.5943701
1962-08-10,-3.6147184
1962-08-11,-3.6147184
1962-08-12,-3.6147184
1962-08-13,-3.6147184
1962-08-14,-3.6147184
1962-08-15,-3.5554514
1962-08-16,-3.555451
1962-08-17,-3.555451
1962-08-18,-3.555451
1962-08-19,-3.555451
1962-08-20,-3.5554998
1962-08-21,-3.6147184
1962-08-22,-3.7299745
1962-08-23,-3.6780913
1962-08-24,-3.7824605
1962-08-25,-3.8490007
1962-08-26,-4.012991
1962-08-27,-4.08193
1962-08-28,-4.080228
1962-08-29,-4.075639
1962-08-30,-4.052884
1962-08-31,-4.077938
1962-09-01,-4.1676064
1962-09-02,-4.52915
1962-09-03,-4.668003
1962-09-04,-4.8371964
1962-09-05,-5.0260267
1962-09-06,-4.6682806
1962-09-07,-4.6682806
1962-09-08,-4.6682806
1962-09-09,-4.415679
1962-09-10,-4.4149656
1962-09-11,-4.333559
1962-09-12,-4.5508823
1962-09-13,-4.5508823
1962-09-14,-4.4157906
1962-09-15,-4.4157906
1962-09-16,-4.5508823
1962-09-17,-4.5508823
1962-09-18,-4.5497427
1962-09-19,-4.3968697
1962-09-20,-4.3966923
1962-09-21,-4.3956747
1962-09-22,-4.3966923
1962-09-23,-4.3966923
1962-09-24,-4.3966923
1962-09-25,-4.1845856
1962-09-26,-4.1844916
1962-09-27,-4.1845856
1962-09-28,-4.1845856
1962-09-29,-4.075619
1962-09-30,-4.075619
1962-10-01,-3.9278934
1962-10-02,-3.9278934
1962-10-03,-3.6370542
1962-10-04,-3.510211
1962-10-05,-3.8178837
1962-10-06,-4.1554127
1962-10-07,-4.1554127
1962-10-08,-4.1845856
1962-10-09,-4.1845856
1962-10-10,-4.508211
1962-10-11,2.2111554
1962-10-12,2.3949575
1962-10-13,2.5154884
1962-10-14,-4.1725683
1962-10-15,-4.080318
1962-10-16,-4.150695
1962-10-17,-3.9801857
1962-10-18,-3.9410884
1962-10-19,-3.9410884
1962-10-20,-3.9095342
1962-10-21,-3.9545658
1962-10-22,-4.0626974
1962-10-23,-4.013918
1962-10-24,-4.014962
1962-10-25,-4.070098
1962-10-26,-4.1297975
1962-10-27,-4.1933613
1962-10-28,-3.9968112
1962-10-29,-4.086176
1962-10-30,-4.155422
1962-10-31,-4.363966
1962-11-01,-4.1554127
1962-11-02,-4.3966923
1962-11-03,-4.3966923
1962-11-04,-4.3966923
1962-11-05,-4.1803036
1962-11-06,-4.0832644
1962-11-07,-3.9398983
1962-11-08,-3.6529446
1962-11-09,-3.535261
1962-11-10,-3.9436433
1962-11-11,-4.3640337
1962-11-12,-4.8003197
1962-11-13,-4.948373
1962-11-14,-5.1199403
1962-11-15,-5.396632
1962-11-16,-4.8258257
1962-11-17,-4.436056
1962-11-18,-4.1309643
1962-11-19,-3.8460624
1962-11-20,-3.882675
1962-11-21,-3.882675
1962-11-22,-3.5163782
1962-11-23,-3.5123167
1962-11-24,-3.5123706
1962-11-25,-3.5007222
1962-11-26,2.4139605
1962-11-27,-4.455494
1962-11-28,-4.5167646
1962-11-29,-4.5167646
1962-11-30,-4.516762
1962-12-01,-4.3743925
1962-12-02,-4.372059
1962-12-03,-4.239538
1962-12-04,-4.3743925
1962-12-05,-4.406658
1962-12-06,-4.188429
1962-12-07,-4.1049843
1962-12-08,-3.8276694
1962-12-09,-4.354788
1962-12-10,-4.4502325
1962-12-11,-4.6022243
1962-12-12,-4.970236
1962-12-13,-4.6234455
1962-12-14,-5.2498064
1962-12-15,1.4070444
1962-12-16,1.5264022
1962-12-17,-2.894086
1962-12-18,-4.816724
1962-12-19,-5.11621
1962-12-20,-5.3829794
1962-12-21,-5.3829794
1962-12-22,-5.4059143
1962-12-23,-5.422372
1962-12-24,-5.4112253
1962-12-25,-5.4112253
1962-12-26,-5.4112253
1962-12-27,-5.4112253
1962-12-28,-5.422372
1962-12-29,-5.4223547
1962-12-30,-5.395995
1962-12-31,-5.224434
1963-01-01,-5.1333694
1963-01-02,-5.2059536
1963-01-03,-5.205739
1963-01-04,-4.5602455
1963-01-05,-4.5602455
1963-01-06,-4.7133493
1963-01-07,-4.7133503
1963-01-08,-4.4070826
1963-01-09,-4.977236
1963-01-10,-4.5754433
1963-01-11,-4.5754433
1963-01-12,-4.5754433
1963-01-13,-4.5754433
1963-01-14,-4.5754433
1963-01-15,-4.5754433
1963-01-16,-4.5754433
1963-01-17,-4.5754433
1963-01-18,-4.973604
1963-01-19,-5.2841854
1963-01-20,-5.2841854
1963-01-21,-5.2841854
1963-01-22,-5.2841854
1963-01-23,-5.2841854
1963-01-24,-5.2845
1963-01-25,-5.404752
1963-01-26,-5.404752
1963-01-27,-5.4100685
1963-01-28,-5.4100685
1963-01-29,1.3578033
1963-01-30,1.4071223
1963-01-31,1.4070883
1963-02-01,-5.0519643
1963-02-02,-5.3962326
1963-02-03,-5.2841854
1963-02-04,-5.016906
1963-02-05,-4.8862314
1963-02-06,-4.885561
1963-02-07,-4.816724
1963-02-08,-4.8118057
1963-02-09,1.9937814
1963-02-10,0.5070945
1963-02-11,-4.8818226
1963-02-12,-5.163146
1963-02-13,-4.9355083
1963-02-14,-4.973604
1963-02-15,-4.886223
1963-02-16,-4.886223
1963-02-17,-4.886223
1963-02-18,-4.064918
1963-02-19,-4.095922
1963-02-20,-4.3956785
1963-02-21,-4.572748
1963-02-22,-4.572748
1963-02-23,-4.5907183
1963-02-24,-4.6581573
1963-02-25,-4.6581573
1963-02-26,-4.6786413
1963-02-27,-4.6786413
1963-02-28,-4.6786413
1963-03-01,-4.6786413
1963-03-02,-4.659043
1963-03-03,-4.6581793
1963-03-04,-4.676134
1963-03-05,-4.676134
1963-03-06,-4.676134
1963-03-07,-4.676133
1963-03-08,-4.676038
1963-03-09,-4.66288
1963-03-10,-4.6283207
1963-03-11,-4.60445
1963-03-12,-4.547739
1963-03-13,-4.3405895
1963-03-14,2.455667
1963-03-15,-4.128383
1963-03-16,2.8236446
1963-03-17,-3.9869177
1963-03-18,-3.8219082
1963-03-19,-3.8219082
1963-03-20,-3.8243968
1963-03-21,-3.9647434
1963-03-22,2.8459818
1963-03-23,0.760014
1963-03-24,-3.613406
1963-03-25,-3.2986906
1963-03-26,-3.2771895
1963-03-27,3.4774804
1963-03-28,3.4115162
1963-03-29,-3.2125535
1963-03-30,-3.1043634
1963-03-31,-3.059931
1963-04-01,-3.1696367
1963-04-02,-3.3310637
1963-04-03,-3.3321617
1963-04-04,-3.3321617
1963-04-05,3.3695784
1963-04-06,3.1121519
1963-04-07,-3.4361498
1963-04-08,-3.436571
1963-04-09,-3.4635224
1963-04-10,-3.4445574
1963-04-11,-3.4636428
1963-04-12,-3.4636428
1963-04-13,-3.3823678
1963-04-14,3.4327838
1963-04-15,-3.3686264
1963-04-16,-3.1213646
1963-04-17,-2.9199553
1963-04-18,-2.770494
1963-04-19,-2.646242
1963-04-20,4.0289707
1963-04-21,-2.902857
1963-04-22,-2.9680142
1963-04-23,-2.6202579
1963-04-24,-2.733125
1963-04-25,4.5424767
1963-04-26,-2.1726332
1963-04-27,-2.1726465
1963-04-28,-2.1726465
1963-04-29,-2.1725783
1963-04-30,-2.189252
1963-05-01,-2.257989
1963-05-02,-2.5523224
1963-05-03,-2.8556452
1963-05-04,-2.8556452
1963-05-05,-2.8556452
1963-05-06,-2.8556426
1963-05-07,-2.7704992
1963-05-08,-2.7091007
1963-05-09,-2.9186819
1963-05-10,3.8916025
1963-05-11,-2.9186819
1963-05-12,-3.0944579
1963-05-13,-3.0944579
1963-05-14,-3.0944579
1963-05-15,-3.0937066
1963-05-16,-2.9186819
1963-05-17,-2.9186819
1963-05-18,-2.9186819
1963-05-19,-2.826875
1963-05-20,-2.826875
1963-05-21,-2.826875
1963-05-22,-2.826875
1963-05-23,-2.680432
1963-05-24,-2.6238759
1963-05-25,-2.487672
1963-05-26,-2.320528
1963-05-27,-1.681082
1963-05-28,-1.6503904
1963-05-29,-1.4605944
1963-05-30,-1.4654303
1963-05-31,-1.8240178
1963-06-01,-1.5882144
1963-06-02,-1.2448347
1963-06-03,-1.1644133
1963-06-04,-1.1644104
1963-06-05,-1.163832
1963-06-06,-1.1628666
1963-06-07,-1.8560164
1963-06-08,-2.2002416
1963-06-09,-2.331627
1963-06-10,-2.3288765
1963-06-11,-2.6271312
1963-06-12,-2.743852
1963-06-13,-2.436841
1963-06-14,-2.457814
1963-06-15,-2.2287045
1963-06-16,-2.3999767
1963-06-17,-2.3999767
1963-06-18,-2.3999767
1963-06-19,-2.503458
1963-06-20,-2.7680275
1963-06-21,-2.7680273
1963-06-22,-2.3613505
1963-06-23,-2.3565674
1963-06-24,-2.3305645
1963-06-25,-2.369821
1963-06-26,-2.1527822
1963-06-27,-1.68842
1963-06-28,-1.8983524
1963-06-29,-1.8983502
1963-06-30,-1.6885543
1963-07-01,-2.3478715
1963-07-02,-2.431682
1963-07-03,-2.4873478
1963-07-04,-2.50067
1963-07-05,-2.5164168
1963-07-06,-2.5883029
1963-07-07,-2.5896907
1963-07-08,-2.8410769
1963-07-09,-2.8410769
1963-07-10,-3.071918
1963-07-11,-3.071918
1963-07-12,-3.0341494
1963-07-13,-2.5197186
1963-07-14,-2.5006003
1963-07-15,-2.5006003
1963-07-16,-2.3675468
1963-07-17,-2.1961317
1963-07-18,-2.3030965
1963-07-19,-2.4590182
1963-07-20,-2.5006003
1963-07-21,-2.5006003
1963-07-22,-2.5006003
1963-07-23,-2.5557585
1963-07-24,-2.58295
1963-07-25,-2.58295
1963-07-26,-2.606021
1963-07-27,-2.667701
1963-07-28,-2.643484
1963-07-29,-2.6639326
1963-07-30,-2.8075428
1963-07-31,-2.8773375
1963-08-01,-3.2164633
1963-08-02,-3.0665116
1963-08-03,-3.0665116
1963-08-04,-3.055738
1963-08-05,-3.055738
1963-08-06,-2.8681371
1963-08-07,-3.0846295
1963-08-08,-3.150237
1963-08-09,-3.1615007
1963-08-10,-3.2644544
1963-08-11,-3.2644544
1963-08-12,-3.0525925
1963-08-13,-2.837017
1963-08-14,-2.7493618
1963-08-15,-2.7727544
1963-08-16,-2.772754
1963-08-17,-2.6557698
1963-08-18,-2.656206
1963-08-19,-2.8757317
1963-08-20,-3.1038287
1963-08-21,-3.2286966
1963-08-22,-3.263298
1963-08-23,-3.4201462
1963-08-24,-3.4309642
1963-08-25,-3.372822
1963-08-26,-3.372822
1963-08-27,-3.232107
1963-08-28,-2.82879
1963-08-29,-2.82879
1963-08-30,-2.9846961
1963-08-31,-2.9069877
1963-09-01,-2.9066603
1963-09-02,-2.9066603
1963-09-03,-3.255258
1963-09-04,-3.3057122
1963-09-05,-3.2632978
1963-09-06,-3.2494004
1963-09-07,-3.2216835
1963-09-08,-3.185365
1963-09-09,-3.0385315
1963-09-10,-3.18618
1963-09-11,-3.3578665
1963-09-12,-3.5792105
1963-09-13,-3.8310416
1963-09-14,-4.075639
1963-09-15,-4.05207
1963-09-16,-3.8508656
1963-09-17,-3.7181485
1963-09-18,-3.5436945
1963-09-19,-3.4588158
1963-09-20,-3.458847
1963-09-21,-3.458847
1963-09-22,-3.5003238
1963-09-23,-3.4972272
1963-09-24,-3.5528839
1963-09-25,-3.7566402
1963-09-26,-3.7566402
1963-09-27,-3.5528836
1963-09-28,-3.5528393
1963-09-29,-3.5114217
1963-09-30,-3.8041625
1963-10-01,-3.8444083
1963-10-02,-3.8412478
1963-10-03,-4.214573
1963-10-04,-4.214573
1963-10-05,-4.214573
1963-10-06,-4.008462
1963-10-07,-3.7987404
1963-10-08,-3.5791867
1963-10-09,-3.3732867
1963-10-10,-3.0199385
1963-10-11,2.3201938
1963-10-12,-2.8324628
1963-10-13,-2.82879
1963-10-14,-2.82879
1963-10-15,-2.6934292
1963-10-16,-2.5902412
1963-10-17,-2.3286567
1963-10-18,-2.2462225
1963-10-19,-2.274019
1963-10-20,-2.274019
1963-10-21,-2.3558035
1963-10-22,-2.4115195
1963-10-23,-2.4115195
1963-10-24,-2.480223
1963-10-25,-2.3458147
1963-10-26,-2.3458147
1963-10-27,-2.3458147
1963-10-28,-2.4111173
1963-10-29,-1.9671512
1963-10-30,-1.7026374
1963-10-31,-1.8928792
1963-11-01,-1.9880095
1963-11-02,-2.5095928
1963-11-03,-2.4473183
1963-11-04,4.249028
1963-11-05,4.1830754
1963-11-06,1.751624
1963-11-07,-2.9777646
1963-11-08,-2.9837563
1963-11-09,-2.7358441
1963-11-10,-2.68249
1963-11-11,-2.2030733
1963-11-12,-2.1141417
1963-11-13,-2.154733
1963-11-14,4.654792
1963-11-15,-2.4309058
1963-11-16,-2.5206497
1963-11-17,-2.8904026
1963-11-18,-2.8674886
1963-11-19,3.381914
1963-11-20,-3.4138846
1963-11-21,-3.207368
1963-11-22,-2.9285583
1963-11-23,4.1793437
1963-11-24,-2.604805
1963-11-25,-2.4751935
1963-11-26,-2.3774557
1963-11-27,-2.1788206
1963-11-28,-2.1788206
1963-11-29,-2.1577399
1963-11-30,-2.1545863
1963-12-01,-2.1709945
1963-12-02,-2.1832712
1963-12-03,-2.1836085
1963-12-04,-2.1832724
1963-12-05,-2.2788117
1963-12-06,-2.278812
1963-12-07,-2.278812
1963-12-08,-2.3091085
1963-12-09,-2.3898065
1963-12-10,-2.390523
1963-12-11,-2.4477382
1963-12-12,-2.280419
1963-12-13,-2.2808979
1963-12-14,-2.4584775
1963-12-15,-2.9494135
1963-12-16,-3.2061012
1963-12-17,-3.3841808
1963-12-18,-3.3841698
1963-12-19,-3.2990909
1963-12-20,-3.1926808
1963-12-21,-3.1912358
1963-12-22,-3.2936215
1963-12-23,-3.1957362
1963-12-24,-3.1660552
1963-12-25,-3.0714245
1963-12-26,-3.0486293
1963-12-27,-3.0486042
1963-12-28,-3.021821
1963-12-29,-3.1205072
1963-12-30,-3.0609436
1963-12-31,-2.91122
1964-01-01,-2.8257089
1964-01-02,-2.8203855
1964-01-03,-2.884233
1964-01-04,-2.998389
1964-01-05,-3.0972455
1964-01-06,-3.4414153
1964-01-07,-3.457445
1964-01-08,-3.3211682
1964-01-09,-3.5144083
1964-01-10,-3.5423706
1964-01-11,-3.4061034
1964-01-12,-3.3128984
1964-01-13,-3.234176
1964-01-14,-2.9198656
1964-01-15,-2.998085
1964-01-16,-2.5352232
1964-01-17,2.8526013
1964-01-18,-2.2820616
1964-01-19,-2.1964464
1964-01-20,4.677018
1964-01-21,4.5729885
1964-01-22,4.247394
1964-01-23,-2.6963515
1964-01-24,-2.9572008
1964-01-25,-2.8747127
1964-01-26,-2.7438655
1964-01-27,-2.6890464
1964-01-28,-2.692629
1964-01-29,-2.627286
1964-01-30,-2.692919
1964-01-31,-2.8598523
1964-02-01,-2.8598523
1964-02-02,-2.8598547
1964-02-03,-2.9681284
1964-02-04,-2.870565
1964-02-05,-2.9131908
1964-02-06,-2.9131908
1964-02-07,-2.8835514
1964-02-08,-2.886388
1964-02-09,-3.0984159
1964-02-10,-3.15188
1964-02-11,-2.800378
1964-02-12,-2.8587391
1964-02-13,-2.7859654
1964-02-14,-2.862526
1964-02-15,-2.7548454
1964-02-16,-2.8578746
1964-02-17,-2.8578746
1964-02-18,-2.8689234
1964-02-19,-2.8689234
1964-02-20,-2.9105544
1964-02-21,-3.129785
1964-02-22,-3.190872
1964-02-23,-3.1029913
1964-02-24,-3.002894
1964-02-25,-2.8982797
1964-02-26,-2.6317902
1964-02-27,-2.5244982
1964-02-28,-2.64383
1964-02-29,-2.715297
1964-03-01,3.8968256
1964-03-02,-2.8046713
1964-03-03,-2.922232
1964-03-04,-3.1676254
1964-03-05,-3.1914427
1964-03-06,-3.1641161
1964-03-07,-3.4730937
1964-03-08,-3.7048197
1964-03-09,-3.903507
1964-03-10,-4.0618
1964-03-11,-3.7260547
1964-03-12,-3.9841702
1964-03-13,-3.8290694
1964-03-14,-3.829109
1964-03-15,-3.944165
1964-03-16,-4.008802
1964-03-17,-4.008806
1964-03-18,-3.9443119
1964-03-19,-3.9443119
1964-03-20,-3.9629648
1964-03-21,-3.796109
1964-03-22,3.5106604
1964-03-23,3.4512873
1964-03-24,-3.0609825
1964-03-25,-3.2836175
1964-03-26,-3.4187362
1964-03-27,-3.5794446
1964-03-28,-3.8036618
1964-03-29,-3.9950006
1964-03-30,-3.9994295
1964-03-31,2.8111176
1964-04-01,-4.013005
1964-04-02,-4.014593
1964-04-03,-3.8309782
1964-04-04,-3.5472748
1964-04-05,-3.547226
1964-04-06,-3.5471714
1964-04-07,-3.486492
1964-04-08,-3.290813
1964-04-09,-3.2907214
1964-04-10,-3.2723722
1964-04-11,-3.2810578
1964-04-12,-3.331753
1964-04-13,-3.1937768
1964-04-14,-3.1680462
1964-04-15,-3.1153052
1964-04-16,-3.0448644
1964-04-17,-2.6231885
1964-04-18,-3.017604
1964-04-19,-2.7765827
1964-04-20,-3.0479743
1964-04-21,-3.134012
1964-04-22,-3.0049205
1964-04-23,-3.0341938
1964-04-24,-3.0341966
1964-04-25,-3.064598
1964-04-26,-3.0566437
1964-04-27,-2.9757972
1964-04-28,-2.9681046
1964-04-29,-2.9847927
1964-04-30,-3.024038
1964-05-01,-3.0221858
1964-05-02,-3.0221858
1964-05-03,-2.9401402
1964-05-04,-2.937779
1964-05-05,-2.497521
1964-05-06,-2.5850537
1964-05-07,-2.609223
1964-05-08,-2.6231852
1964-05-09,-2.6260228
1964-05-10,-2.6583996
1964-05-11,-2.6583996
1964-05-12,-2.6821418
1964-05-13,-2.68214
1964-05-14,-2.747968
1964-05-15,-2.7928874
1964-05-16,-2.8515995
1964-05-17,-2.7929094
1964-05-18,-2.8969002
1964-05-19,-2.9499
1964-05-20,-2.871135
1964-05-21,-2.7895741
1964-05-22,-2.8490865
1964-05-23,-3.0815337
1964-05-24,-3.0753965
1964-05-25,-2.929002
1964-05-26,-3.1029136
1964-05-27,-3.4772003
1964-05-28,-3.3739157
1964-05-29,-3.4379663
1964-05-30,-3.4630938
1964-05-31,-3.4878232
1964-06-01,-3.7643542
1964-06-02,-4.015708
1964-06-03,-4.027889
1964-06-04,-3.9388683
1964-06-05,-3.9020956
1964-06-06,-3.8632476
1964-06-07,-3.8068068
1964-06-08,3.0341413
1964-06-09,-3.7668147
1964-06-10,-3.6494567
1964-06-11,-3.7617831
1964-06-12,-3.8282063
1964-06-13,-4.311407
1964-06-14,-4.4266214
1964-06-15,-4.74327
1964-06-16,-5.198408
1964-06-17,-5.2682295
1964-06-18,-4.691907
1964-06-19,-4.691907
1964-06-20,-4.691907
1964-06-21,-4.214718
1964-06-22,-4.155236
1964-06-23,-4.0321693
1964-06-24,-4.0380154
1964-06-25,-4.044813
1964-06-26,-4.0448346
1964-06-27,-4.0137835
1964-06-28,-3.9415233
1964-06-29,-3.9415233
1964-06-30,-3.7349813
1964-07-01,-3.9414742
1964-07-02,-4.0138507
1964-07-03,-4.014922
1964-07-04,-4.324641
1964-07-05,-4.52915
1964-07-06,-4.52915
1964-07-07,-4.52915
1964-07-08,-4.2190285
1964-07-09,-4.168073
1964-07-10,-4.1680727
1964-07-11,-3.8186884
1964-07-12,-3.8186886
1964-07-13,-3.770236
1964-07-14,-3.8576252
1964-07-15,-4.0570374
1964-07-16,-4.048723
1964-07-17,-4.0435524
1964-07-18,-4.0435524
1964-07-19,-4.5568447
1964-07-20,-4.4983044
1964-07-21,-4.3849115
1964-07-22,-4.1423244
1964-07-23,-4.1582403
1964-07-24,-4.1582403
1964-07-25,-4.1582403
1964-07-26,-4.1582403
1964-07-27,-4.158233
1964-07-28,-4.1582403
1964-07-29,-4.1582403
1964-07-30,-4.1582403
1964-07-31,-4.1582403
1964-08-01,-4.1582403
1964-08-02,-4.1582403
1964-08-03,-4.125022
1964-08-04,-4.001136
1964-08-05,-4.001136
1964-08-06,-4.001136
1964-08-07,-3.9667423
1964-08-08,-3.9667423
1964-08-09,-4.032259
1964-08-10,-3.9731696
1964-08-11,-3.8392437
1964-08-12,-3.8392437
1964-08-13,-3.8392437
1964-08-14,-3.9731696
1964-08-15,-4.032252
1964-08-16,-3.9731648
1964-08-17,-3.6770532
1964-08-18,-3.6770532
1964-08-19,-3.6770532
1964-08-20,-3.6770532
1964-08-21,-3.6770532
1964-08-22,-4.0179415
1964-08-23,-4.032259
1964-08-24,-4.3670206
1964-08-25,-4.4983044
1964-08-26,-4.588978
1964-08-27,-4.588978
1964-08-28,-4.5894156
1964-08-29,-4.588978
1964-08-30,-4.4983044
1964-08-31,-4.498225
1964-09-01,-4.4983044
1964-09-02,-4.4983044
1964-09-03,-4.498308
1964-09-04,-4.6111507
1964-09-05,-4.7711964
1964-09-06,-4.7712
1964-09-07,-4.760297
1964-09-08,-4.4988785
1964-09-09,-4.6765585
1964-09-10,-5.026142
1964-09-11,-5.026142
1964-09-12,-5.026142
1964-09-13,-5.3074903
1964-09-14,-5.3074903
1964-09-15,-5.3074903
1964-09-16,-5.060648
1964-09-17,-4.5889826
1964-09-18,-4.588978
1964-09-19,-4.588978
1964-09-20,-4.3765545
1964-09-21,-4.341284
1964-09-22,-4.58549
1964-09-23,-5.099222
1964-09-24,-5.233865
1964-09-25,-5.233865
1964-09-26,-5.233865
1964-09-27,-5.233865
1964-09-28,-4.4648504
1964-09-29,-4.393942
1964-09-30,-4.341284
1964-10-01,-4.375595
1964-10-02,-4.4105587
1964-10-03,-4.41576
1964-10-04,-4.8493137
1964-10-05,-4.9163017
1964-10-06,-4.9163017
1964-10-07,-4.3976355
1964-10-08,-4.3966923
1964-10-09,-4.3966923
1964-10-10,-4.3966923
1964-10-11,-4.3966923
1964-10-12,-4.3966923
1964-10-13,-4.588978
1964-10-14,-4.588978
1964-10-15,-4.588978
1964-10-16,-4.4983044
1964-10-17,-4.4983044
1964-10-18,-4.3438253
1964-10-19,-4.2772017
1964-10-20,-4.3438253
1964-10-21,-4.344309
1964-10-22,-4.6675863
1964-10-23,-5.026142
1964-10-24,-5.3074903
1964-10-25,-5.3714085
1964-10-26,-5.4008007
1964-10-27,-5.402055
1964-10-28,1.5308232
1964-10-29,-3.7891545
1964-10-30,-4.445056
1964-10-31,-4.2475376
1964-11-01,2.5375242
1964-11-02,-4.215077
1964-11-03,-4.3438263
1964-11-04,-4.3966923
1964-11-05,-4.3966923
1964-11-06,-4.3966923
1964-11-07,-4.3966923
1964-11-08,-4.416166
1964-11-09,1.8942572
1964-11-10,1.8943287
1964-11-11,2.2158563
1964-11-12,-4.587579
1964-11-13,-4.588978
1964-11-14,-4.588978
1964-11-15,-4.668233
1964-11-16,-5.060648
1964-11-17,-5.422372
1964-11-18,-5.422372
1964-11-19,-5.404752
1964-11-20,-5.404752
1964-11-21,-5.3590307
1964-11-22,-5.0581923
1964-11-23,-5.1720695
1964-11-24,-5.1623135
1964-11-25,-5.3764324
1964-11-26,-5.3764334
1964-11-27,-5.329159
1964-11-28,-5.329094
1964-11-29,-5.329159
1964-11-30,-5.3823786
1964-12-01,-5.3824396
1964-12-02,-5.4138565
1964-12-03,-5.426918
1964-12-04,-5.4263954
1964-12-05,-5.4269123
1964-12-06,-5.426918
1964-12-07,-5.426279
1964-12-08,-5.422372
1964-12-09,-5.4112253
1964-12-10,-5.3552175
1964-12-11,-5.355605
1964-12-12,-5.1326246
1964-12-13,-5.241724
1964-12-14,-5.3824854
1964-12-15,-5.4034815
1964-12-16,-5.4034815
1964-12-17,-5.426918
1964-12-18,-5.413839
1964-12-19,1.3882593
1964-12-20,1.3115007
1964-12-21,1.3799335
1964-12-22,1.4889379
1964-12-23,1.5384057
1964-12-24,2.4139194
1964-12-25,-4.3945026
1964-12-26,2.408305
1964-12-27,2.053753
1964-12-28,1.9313232
1964-12-29,-4.718014
1964-12-30,-4.721919
1964-12-31,2.0523884
1965-01-01,-4.754408
1965-01-02,-4.5107875
1965-01-03,2.2911243
1965-01-04,2.3371248
1965-01-05,2.1124356
1965-01-06,2.0834088
1965-01-07,-5.233893
1965-01-08,-5.355607
1965-01-09,-5.355607
1965-01-10,-5.3982906
1965-01-11,-5.411154
1965-01-12,-5.4112244
1965-01-13,-5.4034815
1965-01-14,-5.3692913
1965-01-15,-5.35907
1965-01-16,-5.205942
1965-01-17,-4.5602455
1965-01-18,-4.360154
1965-01-19,-4.4258733
1965-01-20,-4.330695
1965-01-21,-4.2033014
1965-01-22,-4.1723366
1965-01-23,2.6073234
1965-01-24,-4.212348
1965-01-25,-4.289773
1965-01-26,-4.886223
1965-01-27,-4.886223
1965-01-28,-4.886223
1965-01-29,-4.973563
1965-01-30,-5.2841854
1965-01-31,-4.932124
1965-02-01,-4.9017467
1965-02-02,-4.683668
1965-02-03,-4.213646
1965-02-04,-4.2039633
1965-02-05,2.7875566
1965-02-06,-4.023074
1965-02-07,-4.0410037
1965-02-08,-4.182173
1965-02-09,-4.2506046
1965-02-10,-4.2506046
1965-02-11,-4.2506046
1965-02-12,-4.2506046
1965-02-13,-4.1976395
1965-02-14,-4.023074
1965-02-15,-4.0081005
1965-02-16,-3.7949035
1965-02-17,-3.9556139
1965-02-18,-3.7949035
1965-02-19,-3.795491
1965-02-20,-3.8787615
1965-02-21,-3.4849317
1965-02-22,-3.707214
1965-02-23,-3.5210767
1965-02-24,-3.4301515
1965-02-25,-3.2985644
1965-02-26,-3.3797746
1965-02-27,-3.3156252
1965-02-28,-3.4483166
1965-03-01,-3.5153658
1965-03-02,-3.821235
1965-03-03,-3.821235
1965-03-04,-3.8213174
1965-03-05,-3.7524536
1965-03-06,-3.7617276
1965-03-07,-3.7241366
1965-03-08,-3.6730206
1965-03-09,-3.7472174
1965-03-10,-3.7472174
1965-03-11,-3.747073
1965-03-12,3.2643535
1965-03-13,-3.444741
1965-03-14,-3.3824224
1965-03-15,-3.3824224
1965-03-16,-3.2771895
1965-03-17,-3.359553
1965-03-18,-3.3014097
1965-03-19,-3.0970461
1965-03-20,-2.8722475
1965-03-21,-2.7840276
1965-03-22,-2.7840276
1965-03-23,-2.7840276
1965-03-24,-2.7840276
1965-03-25,-2.8902755
1965-03-26,-3.0834439
1965-03-27,-1.4998126
1965-03-28,-3.2974985
1965-03-29,-3.2974985
1965-03-30,-3.0053027
1965-03-31,2.9923534
1965-04-01,-2.5872183
1965-04-02,-2.5869575
1965-04-03,-2.2708426
1965-04-04,-2.5692828
1965-04-05,-2.6477363
1965-04-06,-2.8134577
1965-04-07,-2.7993584
1965-04-08,4.162884
1965-04-09,4.1628923
1965-04-10,-2.324703
1965-04-11,-2.2749138
1965-04-12,-1.6281772
1965-04-13,-1.6289514
1965-04-14,-1.6289711
1965-04-15,-1.8909225
1965-04-16,-2.048095
1965-04-17,-2.0620167
1965-04-18,-2.0609663
1965-04-19,-2.0620167
1965-04-20,-1.903548
1965-04-21,-1.8589458
1965-04-22,-1.7699354
1965-04-23,-1.6330941
1965-04-24,-1.6330941
1965-04-25,-1.6330938
1965-04-26,-2.0195436
1965-04-27,-2.0195456
1965-04-28,-2.0195456
1965-04-29,-2.0195456
1965-04-30,-1.7437341
1965-05-01,-1.761915
1965-05-02,-1.7619138
1965-05-03,-1.9035497
1965-05-04,-1.8504822
1965-05-05,-1.8427572
1965-05-06,-1.6760238
1965-05-07,-1.5050933
1965-05-08,-1.5050933
1965-05-09,-1.3636811
1965-05-10,-1.3636811
1965-05-11,-1.3636811
1965-05-12,-1.2543261
1965-05-13,-1.2543261
1965-05-14,-1.2543261
1965-05-15,-1.2543261
1965-05-16,-1.2543261
1965-05-17,-1.3636811
1965-05-18,-1.3636811
1965-05-19,-1.3636811
1965-05-20,-1.3636811
1965-05-21,-1.3174157
1965-05-22,-1.2543261
1965-05-23,-1.2543261
1965-05-24,-1.2543261
1965-05-25,-1.2543261
1965-05-26,-1.2543261
1965-05-27,-1.2543261
1965-05-28,-1.1523393
1965-05-29,-1.1523273
1965-05-30,-1.1523273
1965-05-31,-1.1624861
1965-06-01,-1.1604921
1965-06-02,-1.1644104
1965-06-03,-1.1644104
1965-06-04,-1.1644104
1965-06-05,-1.1644104
1965-06-06,-1.1644104
1965-06-07,-1.2067418
1965-06-08,-1.3633976
1965-06-09,-1.3636811
1965-06-10,-1.3636811
1965-06-11,-1.3636811
1965-06-12,-1.3636811
1965-06-13,-1.206718
1965-06-14,-1.1644104
1965-06-15,-1.1644104
1965-06-16,-1.1644104
1965-06-17,-1.1644104
1965-06-18,-1.1644104
1965-06-19,-1.1644104
1965-06-20,-1.1644104
1965-06-21,-1.1644104
1965-06-22,-1.1644104
1965-06-23,-1.1644104
1965-06-24,-1.1644104
1965-06-25,-1.1644104
1965-06-26,-1.1471424
1965-06-27,-1.1471424
1965-06-28,-1.1471423
1965-06-29,-1.1594887
1965-06-30,-1.1594887
1965-07-01,-1.2596302
1965-07-02,-1.3236632
1965-07-03,-1.3201203
1965-07-04,-1.2027059
1965-07-05,-1.2021081
1965-07-06,-1.1720572
1965-07-07,-1.2027059
1965-07-08,-1.3201203
1965-07-09,-1.4337585
1965-07-10,-1.4337585
1965-07-11,-1.4337277
1965-07-12,-1.4116988
1965-07-13,-1.4337585
1965-07-14,-1.4337585
1965-07-15,-1.4337585
1965-07-16,-1.320115
1965-07-17,-1.2026681
1965-07-18,-1.2260425
1965-07-19,-1.2260984
1965-07-20,-1.2260985
1965-07-21,-1.55685
1965-07-22,-1.55685
1965-07-23,-1.55685
1965-07-24,-1.55685
1965-07-25,-1.7240548
1965-07-26,-1.8129752
1965-07-27,-1.9386187
1965-07-28,-2.101705
1965-07-29,-2.101705
1965-07-30,-1.9412613
1965-07-31,-1.9418547
1965-08-01,-1.9396725
1965-08-02,-1.7840681
1965-08-03,-1.8542659
1965-08-04,-1.8825481
1965-08-05,-2.0825539
1965-08-06,-2.0825539
1965-08-07,-2.0777073
1965-08-08,-2.0606499
1965-08-09,-2.0215664
1965-08-10,-2.0215664
1965-08-11,-1.3097818
1965-08-12,-2.0757964
1965-08-13,-2.0928178
1965-08-14,-2.0924728
1965-08-15,-2.111764
1965-08-16,-2.1119108
1965-08-17,-2.111878
1965-08-18,-2.209668
1965-08-19,-2.187587
1965-08-20,-2.489645
1965-08-21,-2.4896452
1965-08-22,-2.187587
1965-08-23,-2.0757964
1965-08-24,-1.9207172
1965-08-25,-1.7840681
1965-08-26,-1.7840681
1965-08-27,-1.8542659
1965-08-28,-2.1119218
1965-08-29,-2.5388489
1965-08-30,-2.7304254
1965-08-31,-2.9470205
1965-09-01,-2.9883664
1965-09-02,-2.9362824
1965-09-03,-2.788504
1965-09-04,-2.64901
1965-09-05,-2.5046568
1965-09-06,-2.0554574
1965-09-07,-1.8910134
1965-09-08,-1.8690875
1965-09-09,-1.8311286
1965-09-10,-1.8825481
1965-09-11,-1.8825481
1965-09-12,-1.9828091
1965-09-13,-2.4114468
1965-09-14,-2.5339074
1965-09-15,-2.6255229
1965-09-16,-2.5046568
1965-09-17,-2.3510435
1965-09-18,-2.3456337
1965-09-19,-1.9505868
1965-09-20,-1.9281268
1965-09-21,-1.8175333
1965-09-22,-1.7840681
1965-09-23,-1.7840681
1965-09-24,-1.784087
1965-09-25,-1.7883093
1965-09-26,-1.8293495
1965-09-27,-1.8311284
1965-09-28,-1.8311286
1965-09-29,-1.8311286
1965-09-30,-1.8311286
1965-10-01,-1.8311286
1965-10-02,-1.8311286
1965-10-03,-1.7435541
1965-10-04,-1.7435522
1965-10-05,-1.7435522
1965-10-06,-1.7461925
1965-10-07,-1.784648
1965-10-08,-1.7840681
1965-10-09,-1.7840681
1965-10-10,-1.7840681
1965-10-11,-1.7840681
1965-10-12,-1.7840681
1965-10-13,-1.7840681
1965-10-14,-1.7840681
1965-10-15,-1.7840681
1965-10-16,-1.7840681
1965-10-17,-1.7840681
1965-10-18,-1.8175333
1965-10-19,-1.8175333
1965-10-20,-1.8531432
1965-10-21,-1.8455458
1965-10-22,-1.8311286
1965-10-23,-1.8311286
1965-10-24,-1.8311257
1965-10-25,-1.4689748
1965-10-26,-1.41343
1965-10-27,-1.41343
1965-10-28,-1.41343
1965-10-29,-1.41343
1965-10-30,-1.3454123
1965-10-31,-1.3454117
1965-11-01,-1.4134259
1965-11-02,-1.41343
1965-11-03,-1.4134307
1965-11-04,-1.5050428
1965-11-05,-1.5050428
1965-11-06,-1.5050428
1965-11-07,-1.5050197
1965-11-08,-1.5171075
1965-11-09,-1.5050421
1965-11-10,-1.5050375
1965-11-11,-1.8311286
1965-11-12,-1.8311257
1965-11-13,4.956168
1965-11-14,5.0539017
1965-11-15,5.050221
1965-11-16,4.930155
1965-11-17,4.9301453
1965-11-18,3.71919
1965-11-19,-2.1328754
1965-11-20,-2.1328473
1965-11-21,-1.8422105
1965-11-22,5.0876713
1965-11-23,5.084163
1965-11-24,5.0868974
1965-11-25,-1.5252525
1965-11-26,-1.7229323
1965-11-27,-1.7229323
1965-11-28,-1.7229323
1965-11-29,-1.7229323
1965-11-30,-1.7229323
1965-12-01,-1.7229323
1965-12-02,-1.7229323
1965-12-03,-1.7229323
1965-12-04,-1.7229323
1965-12-05,-1.7229323
1965-12-06,-1.493376
1965-12-07,-1.493376
1965-12-08,-1.3538103
1965-12-09,-1.3536161
1965-12-10,-1.4933678
1965-12-11,-1.120675
1965-12-12,-1.4933624
1965-12-13,-1.5404401
1965-12-14,-2.1328752
1965-12-15,-2.1328754
1965-12-16,-2.3004062
1965-12-17,-2.5591
1965-12-18,-2.5591
1965-12-19,-2.5591
1965-12-20,-2.5591
1965-12-21,-1.8422105
1965-12-22,-1.8422105
1965-12-23,-1.8422105
1965-12-24,4.954313
1965-12-25,-1.0299759
1965-12-26,-2.1019478
1965-12-27,-2.2804146
1965-12-28,4.5302157
1965-12-29,4.5278597
1965-12-30,1.5832632
1965-12-31,0.93466085
1966-01-01,-2.095638
1966-01-02,-2.095638
1966-01-03,-2.095638
1966-01-04,0.36959046
1966-01-05,-0.04339841
1966-01-06,-2.8082447
1966-01-07,-2.808335
1966-01-08,-2.912017
1966-01-09,-2.8051054
1966-01-10,-2.3028634
1966-01-11,-2.0489135
1966-01-12,-2.3262837
1966-01-13,-1.8649278
1966-01-14,-1.8649278
1966-01-15,-1.8649278
1966-01-16,-1.5401044
1966-01-17,-1.7571034
1966-01-18,-1.8283877
1966-01-19,-2.095638
1966-01-20,-2.095638
1966-01-21,-2.095638
1966-01-22,-2.095638
1966-01-23,-2.095638
1966-01-24,-2.095638
1966-01-25,-1.8283877
1966-01-26,-1.8281577
1966-01-27,-1.5374538
1966-01-28,-1.5376477
1966-01-29,1.9787191
1966-01-30,5.2705336
1966-01-31,-1.6982889
1966-02-01,5.2010927
1966-02-02,-1.7374616
1966-02-03,-1.7374285
1966-02-04,-0.8739571
1966-02-05,5.103627
1966-02-06,-1.606689
1966-02-07,-1.7374616
1966-02-08,-2.1016529
1966-02-09,-2.1016247
1966-02-10,-2.1016562
1966-02-11,-2.1016562
1966-02-12,-2.1016574
1966-02-13,-2.2958722
1966-02-14,-2.4014094
1966-02-15,-2.118384
1966-02-16,-2.2309484
1966-02-17,-2.4562078
1966-02-18,-2.6230829
1966-02-19,-2.512995
1966-02-20,-2.637428
1966-02-21,-2.4157314
1966-02-22,-2.415729
1966-02-23,-2.1016562
1966-02-24,-2.1962447
1966-02-25,-1.2661306
1966-02-26,-1.5646036
1966-02-27,-1.5646048
1966-02-28,-1.2106497
1966-03-01,-1.2243001
1966-03-02,-1.170141
1966-03-03,-1.2294127
1966-03-04,-1.2280532
1966-03-05,-1.3962109
1966-03-06,-1.3002082
1966-03-07,-1.2695253
1966-03-08,-1.7389846
1966-03-09,-1.7381086
1966-03-10,-1.7389846
1966-03-11,-1.7389846
1966-03-12,-1.5646048
1966-03-13,-1.5646048
1966-03-14,-1.5646048
1966-03-15,-1.5646048
1966-03-16,-1.5646048
1966-03-17,-1.2543261
1966-03-18,-1.2543261
1966-03-19,-1.5898709
1966-03-20,-1.68048
1966-03-21,-1.5646048
1966-03-22,-1.7575445
1966-03-23,-2.453255
1966-03-24,-2.6230829
1966-03-25,-2.6230829
1966-03-26,-2.453255
1966-03-27,-2.3758948
1966-03-28,-1.8363824
1966-03-29,-1.8363824
1966-03-30,-1.8363824
1966-03-31,-1.9357262
1966-04-01,-2.1033134
1966-04-02,-2.1047342
1966-04-03,-2.1052809
1966-04-04,-2.0033326
1966-04-05,-1.8315296
1966-04-06,-1.8241134
1966-04-07,-1.5646048
1966-04-08,-1.5646048
1966-04-09,-1.7389846
1966-04-10,-2.0269365
1966-04-11,-2.1972957
1966-04-12,-2.1972988
1966-04-13,-2.1972988
1966-04-14,-1.7389846
1966-04-15,-1.5646048
1966-04-16,-1.2543261
1966-04-17,-1.2543261
1966-04-18,-1.2532213
1966-04-19,-1.2040856
1966-04-20,-1.1994169
1966-04-21,-1.6067641
1966-04-22,-1.6067641
1966-04-23,-1.7374616
1966-04-24,-1.7374616
1966-04-25,-1.7374616
1966-04-26,-1.6067641
1966-04-27,-1.6067641
1966-04-28,-1.6067867
1966-04-29,-2.1033363
1966-04-30,-2.3105106
1966-05-01,-2.2057378
1966-05-02,-2.2057378
1966-05-03,-2.2057378
1966-05-04,-2.2057378
1966-05-05,-2.2857769
1966-05-06,-2.3432293
1966-05-07,-2.2882686
1966-05-08,-2.362834
1966-05-09,4.4805293
1966-05-10,-2.2479298
1966-05-11,-2.251424
1966-05-12,-2.5097132
1966-05-13,-2.5097132
1966-05-14,-2.4473183
1966-05-15,-2.5591
1966-05-16,-2.5591
1966-05-17,-2.5591
1966-05-18,-2.4473183
1966-05-19,-2.4473183
1966-05-20,-2.4473183
1966-05-21,-2.4465697
1966-05-22,-2.3502371
1966-05-23,-2.3502371
1966-05-24,-2.3502371
1966-05-25,-2.3502371
1966-05-26,-2.3502371
1966-05-27,-2.3502371
1966-05-28,-2.1552572
1966-05-29,-2.0438616
1966-05-30,-2.0438652
1966-05-31,-1.9261961
1966-06-01,-2.0157394
1966-06-02,-2.017682
1966-06-03,-1.7798576
1966-06-04,-1.7798526
1966-06-05,-1.4078023
1966-06-06,-1.3536723
1966-06-07,-1.7248776
1966-06-08,-1.7963693
1966-06-09,-1.8804362
1966-06-10,-2.1552572
1966-06-11,-2.047243
1966-06-12,-2.0438688
1966-06-13,-2.1534755
1966-06-14,-2.2340071
1966-06-15,-2.3502371
1966-06-16,-2.2950227
1966-06-17,-2.2643337
1966-06-18,-2.0890453
1966-06-19,-1.7248805
1966-06-20,-1.3536723
1966-06-21,-1.3536723
1966-06-22,-1.3536723
1966-06-23,-1.3536723
1966-06-24,-1.3536723
1966-06-25,-1.3536723
1966-06-26,-1.3586318
1966-06-27,-1.6538012
1966-06-28,-1.6538012
1966-06-29,-1.6538012
1966-06-30,-1.7241678
1966-07-01,-1.7241688
1966-07-02,-1.7241688
1966-07-03,-1.7237842
1966-07-04,-1.4337585
1966-07-05,-1.4336803
1966-07-06,-1.3566256
1966-07-07,-1.4337585
1966-07-08,-1.4337585
1966-07-09,-1.4337585
1966-07-10,-1.5322843
1966-07-11,-1.7241688
1966-07-12,-1.7840681
1966-07-13,-1.8175333
1966-07-14,-1.8175333
1966-07-15,-2.0368977
1966-07-16,-2.0111794
1966-07-17,-2.0807896
1966-07-18,-2.0807898
1966-07-19,-2.0807896
1966-07-20,-2.0807896
1966-07-21,-2.0111794
1966-07-22,-2.0111794
1966-07-23,-2.0111794
1966-07-24,-2.0111794
1966-07-25,-2.0111794
1966-07-26,-2.0111794
1966-07-27,-2.0807896
1966-07-28,-2.0807896
1966-07-29,-2.0807896
1966-07-30,-0.6114082
1966-07-31,-2.348211
1966-08-01,-2.3026109
1966-08-02,-2.3948407
1966-08-03,-2.316706
1966-08-04,-2.325788
1966-08-05,-2.6142712
1966-08-06,-2.6143928
1966-08-07,-2.7058222
1966-08-08,-2.7375543
1966-08-09,-2.77246
1966-08-10,-3.130657
1966-08-11,-3.3372686
1966-08-12,-3.332319
1966-08-13,-3.3648217
1966-08-14,-3.2608116
1966-08-15,-3.2608116
1966-08-16,-3.3371522
1966-08-17,-3.3371522
1966-08-18,-3.3371527
1966-08-19,-3.365514
1966-08-20,-3.3060439
1966-08-21,-3.464465
1966-08-22,-3.3712478
1966-08-23,-3.3298073
1966-08-24,-3.294902
1966-08-25,-3.4058547
1966-08-26,-3.4082875
1966-08-27,-3.4917667
1966-08-28,-3.559858
1966-08-29,-3.7704012
1966-08-30,-3.7704012
1966-08-31,-3.7704012
1966-09-01,-3.7704012
1966-09-02,-3.649587
1966-09-03,-3.3015444
1966-09-04,-3.1613352
1966-09-05,-3.0826626
1966-09-06,-3.0826626
1966-09-07,-2.9715705
1966-09-08,-2.6185722
1966-09-09,-2.6134188
1966-09-10,-2.6134188
1966-09-11,-2.9715705
1966-09-12,-3.106709
1966-09-13,-3.4565492
1966-09-14,-3.6677618
1966-09-15,-3.8018434
1966-09-16,-3.4981658
1966-09-17,-3.4297094
1966-09-18,-3.2267606
1966-09-19,-3.1169558
1966-09-20,-3.0826626
1966-09-21,-3.0826626
1966-09-22,-3.116972
1966-09-23,-3.1525774
1966-09-24,-3.4944017
1966-09-25,-3.625179
1966-09-26,-3.4584389
1966-09-27,-3.3469288
1966-09-28,-3.2049968
1966-09-29,-2.9009018
1966-09-30,-2.8635535
1966-10-01,-2.9779322
1966-10-02,-3.1120114
1966-10-03,-3.1517627
1966-10-04,-3.3272002
1966-10-05,-3.411629
1966-10-06,-3.7704012
1966-10-07,-3.7704012
1966-10-08,-3.7704012
1966-10-09,-3.7704012
1966-10-10,-3.7703888
1966-10-11,-3.649587
1966-10-12,-3.3037686
1966-10-13,-3.2973394
1966-10-14,-3.1881363
1966-10-15,-3.1881363
1966-10-16,-3.1881363
1966-10-17,-3.099675
1966-10-18,-3.1517384
1966-10-19,-3.338043
1966-10-20,-3.4519346
1966-10-21,-3.4780312
1966-10-22,-3.6495693
1966-10-23,-3.5253773
1966-10-24,-3.559858
1966-10-25,-3.4932046
1966-10-26,-3.429077
1966-10-27,-3.3643696
1966-10-28,-3.1965883
1966-10-29,-3.2320778
1966-10-30,-3.2320778
1966-10-31,-3.2320778
1966-11-01,-3.2320778
1966-11-02,-3.2429483
1966-11-03,-3.2429488
1966-11-04,-3.5017393
1966-11-05,-3.8162646
1966-11-06,2.933094
1966-11-07,-3.8809211
1966-11-08,-3.8035598
1966-11-09,-3.8036
1966-11-10,-3.9550903
1966-11-11,-4.0562534
1966-11-12,-4.0059643
1966-11-13,-3.9541895
1966-11-14,-3.8289473
1966-11-15,2.9568276
1966-11-16,-3.6498473
1966-11-17,-4.007939
1966-11-18,-3.830886
1966-11-19,3.1975029
1966-11-20,3.420918
1966-11-21,3.46635
1966-11-22,-3.3883069
1966-11-23,-3.2952888
1966-11-24,-3.133647
1966-11-25,-3.072115
1966-11-26,-3.1764717
1966-11-27,-3.0722
1966-11-28,3.73844
1966-11-29,-3.1005933
1966-11-30,-3.1312532
1966-12-01,3.5915515
1966-12-02,3.6229732
1966-12-03,-3.1336467
1966-12-04,3.6865373
1966-12-05,3.686607
1966-12-06,-3.0432038
1966-12-07,-3.087557
1966-12-08,-3.0984976
1966-12-09,-3.096867
1966-12-10,-3.2651718
1966-12-11,-3.2651718
1966-12-12,-3.2651718
1966-12-13,-3.3615189
1966-12-14,-3.3688695
1966-12-15,-3.3688695
1966-12-16,-3.2998059
1966-12-17,-2.9424372
1966-12-18,-2.9413855
1966-12-19,-3.0402555
1966-12-20,-3.2641246
1966-12-21,-3.2641253
1966-12-22,-3.2514575
1966-12-23,-3.2651718
1966-12-24,-3.286943
1966-12-25,-3.2928207
1966-12-26,-3.2928207
1966-12-27,-3.265172
1966-12-28,-3.2928207
1966-12-29,-3.3311174
1966-12-30,-3.580131
1966-12-31,-4.0638466
1967-01-01,-4.0849624
1967-01-02,-4.4607363
1967-01-03,-5.4034815
1967-01-04,-5.2059555
1967-01-05,-5.2059536
1967-01-06,-4.8861923
1967-01-07,-4.203681
1967-01-08,-3.9163644
1967-01-09,-3.916364
1967-01-10,-4.0073147
1967-01-11,-4.022748
1967-01-12,-4.0410037
1967-01-13,-4.182173
1967-01-14,-3.9670856
1967-01-15,-4.1684465
1967-01-16,-3.95917
1967-01-17,-3.9591515
1967-01-18,-3.9591515
1967-01-19,-3.9591515
1967-01-20,2.8055265
1967-01-21,2.8514805
1967-01-22,-3.7616563
1967-01-23,-3.755924
1967-01-24,3.0050073
1967-01-25,-3.7683384
1967-01-26,-3.9001553
1967-01-27,-3.9282625
1967-01-28,2.872045
1967-01-29,2.9387856
1967-01-30,2.828925
1967-01-31,-3.9798477
1967-02-01,-3.981294
1967-02-02,-3.9812715
1967-02-03,-3.9812715
1967-02-04,-3.8444874
1967-02-05,-3.4222584
1967-02-06,-3.4222238
1967-02-07,-3.4843307
1967-02-08,-3.915178
1967-02-09,-3.989857
1967-02-10,-3.989857
1967-02-11,-4.0488386
1967-02-12,-4.216481
1967-02-13,-4.777731
1967-02-14,-4.7760963
1967-02-15,-4.528432
1967-02-16,-4.2401943
1967-02-17,-4.2692966
1967-02-18,-4.2391233
1967-02-19,-4.6577187
1967-02-20,-4.6577187
1967-02-21,-4.0570345
1967-02-22,-3.982032
1967-02-23,-3.979172
1967-02-24,-4.0200863
1967-02-25,-4.01805
1967-02-26,-3.889345
1967-02-27,-3.855848
1967-02-28,-3.8908756
1967-03-01,-3.7854779
1967-03-02,-3.7854779
1967-03-03,-3.7854307
1967-03-04,-3.7607443
1967-03-05,-3.7607443
1967-03-06,-3.7607663
1967-03-07,-3.8772223
1967-03-08,-3.862643
1967-03-09,-3.812845
1967-03-10,-3.9127004
1967-03-11,2.8425982
1967-03-12,3.0239074
1967-03-13,3.0109916
1967-03-14,-3.491111
1967-03-15,3.5361845
1967-03-16,3.5361593
1967-03-17,-3.1595995
1967-03-18,-3.1595995
1967-03-19,-3.1595995
1967-03-20,-3.15958
1967-03-21,-3.0740182
1967-03-22,-3.0740182
1967-03-23,-3.115301
1967-03-24,-3.1877556
1967-03-25,-3.181589
1967-03-26,-3.0791867
1967-03-27,-3.2037637
1967-03-28,-3.1594489
1967-03-29,-3.1595995
1967-03-30,3.6485434
1967-03-31,3.4759119
1967-04-01,-3.2205667
1967-04-02,-2.919953
1967-04-03,-2.9201303
1967-04-04,-2.5131087
1967-04-05,-2.567834
1967-04-06,4.1109405
1967-04-07,-2.002833
1967-04-08,-1.7985117
1967-04-09,-1.7927015
1967-04-10,5.012257
1967-04-11,1.9424775
1967-04-12,-1.7985117
1967-04-13,-1.7985117
1967-04-14,-1.7985117
1967-04-15,4.2951117
1967-04-16,-2.271705
1967-04-17,4.4288383
1967-04-18,4.2612896
1967-04-19,-0.31058902
1967-04-20,-2.4099011
1967-04-21,4.4007297
1967-04-22,-2.404509
1967-04-23,-2.210151
1967-04-24,-2.3629193
1967-04-25,-2.3630273
1967-04-26,-2.4882448
1967-04-27,-2.5882049
1967-04-28,-2.241386
1967-04-29,-2.2057378
1967-04-30,-2.2057393
1967-05-01,-2.3232327
1967-05-02,-2.2057378
1967-05-03,-2.2057378
1967-05-04,-2.2057545
1967-05-05,-2.251424
1967-05-06,-2.251424
1967-05-07,-2.251424
1967-05-08,-2.251424
1967-05-09,-2.251424
1967-05-10,-2.241395
1967-05-11,-1.928757
1967-05-12,-1.9285259
1967-05-13,-2.1605294
1967-05-14,-2.2057378
1967-05-15,-2.251424
1967-05-16,-2.251424
1967-05-17,-2.251424
1967-05-18,-2.251424
1967-05-19,-2.2057378
1967-05-20,-2.1460567
1967-05-21,-2.0674636
1967-05-22,-2.0674636
1967-05-23,-1.8407748
1967-05-24,-1.8407748
1967-05-25,-1.5869071
1967-05-26,-1.4592681
1967-05-27,-1.3827028
1967-05-28,-1.5382535
1967-05-29,-1.3823681
1967-05-30,-1.3823414
1967-05-31,-1.2217228
1967-06-01,-1.0344851
1967-06-02,-1.1645778
1967-06-03,-1.1628189
1967-06-04,-1.2454822
1967-06-05,-1.1901141
1967-06-06,-1.5284488
1967-06-07,-1.6976478
1967-06-08,-1.6976478
1967-06-09,-1.6976478
1967-06-10,-1.8861268
1967-06-11,-1.856318
1967-06-12,-1.8861268
1967-06-13,-1.8861268
1967-06-14,-1.3362734
1967-06-15,-1.5797162
1967-06-16,-1.4337585
1967-06-17,-1.4337585
1967-06-18,-1.4337585
1967-06-19,-1.4337585
1967-06-20,-1.4337585
1967-06-21,-1.4337585
1967-06-22,-1.4337585
1967-06-23,-1.7241688
1967-06-24,-1.7840681
1967-06-25,-1.8175333
1967-06-26,-1.8399353
1967-06-27,-2.037284
1967-06-28,-2.1152008
1967-06-29,-2.3700488
1967-06-30,-2.2650836
1967-07-01,-2.2022002
1967-07-02,-2.1388192
1967-07-03,-1.8175333
1967-07-04,-1.8175333
1967-07-05,-1.8175333
1967-07-06,-1.8175333
1967-07-07,-1.8175333
1967-07-08,-1.8175333
1967-07-09,-1.862948
1967-07-10,-2.1252713
1967-07-11,-2.6722083
1967-07-12,-2.6875906
1967-07-13,-2.7157536
1967-07-14,-2.7878706
1967-07-15,-2.768468
1967-07-16,-2.9583387
1967-07-17,-3.0517638
1967-07-18,-2.8458867
1967-07-19,-2.8745568
1967-07-20,-2.73997
1967-07-21,-2.686656
1967-07-22,-2.6591916
1967-07-23,-2.5358064
1967-07-24,-2.6134188
1967-07-25,-2.6134188
1967-07-26,-2.67324
1967-07-27,-2.673245
1967-07-28,-2.673244
1967-07-29,-2.6909204
1967-07-30,-2.6804256
1967-07-31,-2.6938446
1967-08-01,-2.702612
1967-08-02,-2.8602016
1967-08-03,-2.9830987
1967-08-04,-3.1029706
1967-08-05,-3.2111583
1967-08-06,-3.3725057
1967-08-07,-3.5642827
1967-08-08,-3.5642827
1967-08-09,-3.5077884
1967-08-10,-3.5077884
1967-08-11,-3.4176943
1967-08-12,-3.4521532
1967-08-13,-3.4521532
1967-08-14,-3.3913088
1967-08-15,-3.4521532
1967-08-16,-3.5654116
1967-08-17,-3.603124
1967-08-18,-3.5642827
1967-08-19,-3.5642827
1967-08-20,-3.5936923
1967-08-21,-3.6488392
1967-08-22,-3.4885163
1967-08-23,-3.4462993
1967-08-24,-3.4848564
1967-08-25,-3.4906754
1967-08-26,-3.3843644
1967-08-27,-3.4463043
1967-08-28,-3.6030679
1967-08-29,-3.9733222
1967-08-30,-4.11897
1967-08-31,-4.174137
1967-09-01,-4.042365
1967-09-02,-3.817425
1967-09-03,-3.5936298
1967-09-04,-3.5574975
1967-09-05,-3.5464923
1967-09-06,-3.5464923
1967-09-07,-3.5464923
1967-09-08,-3.5936923
1967-09-09,-3.5936923
1967-09-10,-3.5936923
1967-09-11,-3.5936923
1967-09-12,-3.5936923
1967-09-13,-3.5937839
1967-09-14,-3.649587
1967-09-15,-3.492301
1967-09-16,-3.5017245
1967-09-17,-3.50171
1967-09-18,-3.6475282
1967-09-19,-3.649587
1967-09-20,-3.6487448
1967-09-21,-3.6148684
1967-09-22,-3.771641
1967-09-23,-3.9445713
1967-09-24,-4.15536
1967-09-25,-4.5058594
1967-09-26,-4.3966923
1967-09-27,-4.3966923
1967-09-28,-4.354045
1967-09-29,-4.354042
1967-09-30,-4.586874
1967-10-01,-4.6442966
1967-10-02,2.1449392
1967-10-03,-4.391205
1967-10-04,-4.478139
1967-10-05,-4.7711973
1967-10-06,-4.7674484
1967-10-07,-4.588978
1967-10-08,-4.668269
1967-10-09,-4.445593
1967-10-10,-4.4451065
1967-10-11,-4.546301
1967-10-12,-4.588978
1967-10-13,-4.588378
1967-10-14,-4.142336
1967-10-15,-4.142316
1967-10-16,-4.125023
1967-10-17,-4.1423244
1967-10-18,-4.1615233
1967-10-19,-4.3048944
1967-10-20,-4.1321507
1967-10-21,-4.132065
1967-10-22,-4.132066
1967-10-23,-4.132065
1967-10-24,-4.3438253
1967-10-25,-4.3966923
1967-10-26,-4.3966923
1967-10-27,-4.3966923
1967-10-28,-4.3966923
1967-10-29,-4.3966923
1967-10-30,-4.3966923
1967-10-31,-4.1151056
1967-11-01,-3.995753
1967-11-02,-3.8154964
1967-11-03,-3.5936923
1967-11-04,-3.5936923
1967-11-05,-3.5936923
1967-11-06,-3.5936923
1967-11-07,-3.7714953
1967-11-08,-3.623637
1967-11-09,-3.623637
1967-11-10,-3.7411523
1967-11-11,-3.5936923
1967-11-12,-3.4258697
1967-11-13,-3.4344988
1967-11-14,-3.4025464
1967-11-15,-3.438237
1967-11-16,-3.4043334
1967-11-17,-3.5264666
1967-11-18,-3.3856351
1967-11-19,3.1605494
1967-11-20,-4.0493994
1967-11-21,-4.039978
1967-11-22,-4.0083323
1967-11-23,-4.0212884
1967-11-24,-4.3945026
1967-11-25,-4.3350286
1967-11-26,-4.1172986
1967-11-27,-4.120518
1967-11-28,-4.0557423
1967-11-29,2.792053
1967-11-30,2.872164
1967-12-01,-3.9477546
1967-12-02,-3.9665534
1967-12-03,1.399852
1967-12-04,2.673732
1967-12-05,-3.0108159
1967-12-06,-4.056714
1967-12-07,2.7533207
1967-12-08,-4.0990725
1967-12-09,-4.1172986
1967-12-10,-4.1173005
1967-12-11,-4.2447042
1967-12-12,-4.4988213
1967-12-13,-4.4988213
1967-12-14,-4.4988213
1967-12-15,-4.590541
1967-12-16,-4.590541
1967-12-17,2.1353722
1967-12-18,2.409688
1967-12-19,-4.312702
1967-12-20,-4.062238
1967-12-21,-4.062236
1967-12-22,-4.1711864
1967-12-23,-4.2166977
1967-12-24,-4.539568
1967-12-25,-4.44691
1967-12-26,-4.238118
1967-12-27,-4.252286
1967-12-28,-4.460805
1967-12-29,-4.460805
1967-12-30,-4.460805
1967-12-31,-4.6632586
1968-01-01,-5.355072
1968-01-02,-5.4008007
1968-01-03,-5.4008007
1968-01-04,-5.4112253
1968-01-05,-4.864251
1968-01-06,-4.8515787
1968-01-07,-4.6096506
1968-01-08,-4.734576
1968-01-09,-4.7785597
1968-01-10,1.3951775
1968-01-11,-5.407915
1968-01-12,-5.4223757
1968-01-13,-5.411223
1968-01-14,-5.404892
1968-01-15,0.3470479
1968-01-16,-5.4223614
1968-01-17,-5.422372
1968-01-18,-5.369299
1968-01-19,-5.2841854
1968-01-20,-5.2841854
1968-01-21,-5.2059536
1968-01-22,-5.2059536
1968-01-23,-4.816724
1968-01-24,-5.133239
1968-01-25,-5.381935
1968-01-26,-5.3829794
1968-01-27,-5.382836
1968-01-28,-5.382681
1968-01-29,-0.5096931
1968-01-30,1.6773872
1968-01-31,-4.8144007
1968-02-01,-4.2033014
1968-02-02,-4.120065
1968-02-03,-4.048397
1968-02-04,-4.005655
1968-02-05,-3.981273
1968-02-06,-3.8787615
1968-02-07,-3.8787696
1968-02-08,-4.1474705
1968-02-09,-4.2032804
1968-02-10,-4.832546
1968-02-11,-4.832546
1968-02-12,-4.6894207
1968-02-13,-4.686237
1968-02-14,-4.4886847
1968-02-15,-4.4299097
1968-02-16,2.7555773
1968-02-17,2.7704115
1968-02-18,-4.1091995
1968-02-19,-4.1091995
1968-02-20,-4.1092
1968-02-21,2.4960995
1968-02-22,-4.5754433
1968-02-23,-4.886222
1968-02-24,-4.886223
1968-02-25,-4.886223
1968-02-26,-4.872987
1968-02-27,-4.874631
1968-02-28,-4.886223
1968-02-29,-4.886223
1968-03-01,-4.886222
1968-03-02,-4.8862257
1968-03-03,-4.886385
1968-03-04,-4.886223
1968-03-05,-4.577178
1968-03-06,-4.689357
1968-03-07,2.1211917
1968-03-08,-4.6688004
1968-03-09,-4.6982355
1968-03-10,-4.9134493
1968-03-11,-4.9134493
1968-03-12,0.6802487
1968-03-13,1.6632774
1968-03-14,-5.147343
1968-03-15,-5.087633
1968-03-16,1.7219409
1968-03-17,-5.087633
1968-03-18,-5.087633
1968-03-19,-5.087633
1968-03-20,-5.087633
1968-03-21,-4.832546
1968-03-22,-4.832546
1968-03-23,-4.8449116
1968-03-24,-4.8449116
1968-03-25,-4.8449116
1968-03-26,-4.7166176
1968-03-27,-4.7055874
1968-03-28,-4.975766
1968-03-29,-4.8278046
1968-03-30,-4.6576653
1968-03-31,-4.4943457
1968-04-01,2.5583386
1968-04-02,-4.1284814
1968-04-03,-4.007902
1968-04-04,-4.007902
1968-04-05,-4.1382685
1968-04-06,-4.4047585
1968-04-07,-4.4047575
1968-04-08,-4.292367
1968-04-09,-4.122311
1968-04-10,-3.4400213
1968-04-11,-3.2771895
1968-04-12,-2.8507373
1968-04-13,-2.1745377
1968-04-14,-2.1745377
1968-04-15,-2.1745377
1968-04-16,-2.5782366
1968-04-17,-2.8259442
1968-04-18,-2.953704
1968-04-19,-2.6746755
1968-04-20,-2.5782366
1968-04-21,-2.3724542
1968-04-22,-2.1745443
1968-04-23,-2.3821075
1968-04-24,-2.3841465
1968-04-25,-2.3841455
1968-04-26,-2.1822455
1968-04-27,-2.1051977
1968-04-28,-2.1051977
1968-04-29,-2.1051977
1968-04-30,-2.102972
1968-05-01,-1.9035497
1968-05-02,-1.8466258
1968-05-03,-1.8466227
1968-05-04,-1.5050936
1968-05-05,-1.707011
1968-05-06,-2.1511834
1968-05-07,-2.7857902
1968-05-08,-2.775797
1968-05-09,-2.775797
1968-05-10,-2.775797
1968-05-11,-2.9430833
1968-05-12,-2.7994013
1968-05-13,4.20245
1968-05-14,-2.589616
1968-05-15,-2.589616
1968-05-16,-2.4640682
1968-05-17,-2.245611
1968-05-18,-1.690223
1968-05-19,-1.3715482
1968-05-20,-1.8407748
1968-05-21,-1.8407748
1968-05-22,-2.0618896
1968-05-23,-2.0623467
1968-05-24,-2.2579968
1968-05-25,-2.3089051
1968-05-26,-2.2554634
1968-05-27,-2.2554634
1968-05-28,-2.2621312
1968-05-29,-2.2579906
1968-05-30,-2.181196
1968-05-31,-2.4852962
1968-06-01,-2.3577952
1968-06-02,-2.1994665
1968-06-03,-2.1994665
1968-06-04,-2.1994665
1968-06-05,-2.3577952
1968-06-06,-2.4800153
1968-06-07,-2.4852962
1968-06-08,-2.6189134
1968-06-09,-2.4074855
1968-06-10,-2.3382335
1968-06-11,-2.8432958
1968-06-12,-2.8433
1968-06-13,-3.0484743
1968-06-14,-3.050426
1968-06-15,-3.2832634
1968-06-16,-3.265138
1968-06-17,-3.265538
1968-06-18,-3.0205
1968-06-19,-2.8999996
1968-06-20,-2.3804839
1968-06-21,-2.200729
1968-06-22,-2.110039
1968-06-23,-1.466171
1968-06-24,-1.3620259
1968-06-25,-1.7494669
1968-06-26,-2.0418637
1968-06-27,-2.041995
1968-06-28,-2.2984653
1968-06-29,-2.2984653
1968-06-30,-2.5491202
1968-07-01,-2.5491202
1968-07-02,-2.7814734
1968-07-03,-3.4993684
1968-07-04,-3.319725
1968-07-05,-3.3089404
1968-07-06,-3.4178607
1968-07-07,-3.4934013
1968-07-08,-3.0238895
1968-07-09,-2.7910175
1968-07-10,-3.0468879
1968-07-11,-2.9279037
1968-07-12,-2.7367887
1968-07-13,-2.7706087
1968-07-14,-2.7706087
1968-07-15,-2.7608569
1968-07-16,-2.8745883
1968-07-17,-2.8765063
1968-07-18,-2.8869538
1968-07-19,-2.8192842
1968-07-20,-2.1199224
1968-07-21,-2.2621608
1968-07-22,-2.224507
1968-07-23,-2.170239
1968-07-24,-2.3400881
1968-07-25,-2.402142
1968-07-26,-2.3277593
1968-07-27,-2.1875904
1968-07-28,-2.188067
1968-07-29,-2.0757964
1968-07-30,-1.7844346
1968-07-31,-1.7840681
1968-08-01,-1.4135242
1968-08-02,-1.9281244
1968-08-03,-1.9549596
1968-08-04,-1.9504879
1968-08-05,-1.7441394
1968-08-06,-1.8130851
1968-08-07,-1.8696191
1968-08-08,-1.5568049
1968-08-09,-1.5249939
1968-08-10,-1.3472207
1968-08-11,-1.5568404
1968-08-12,-1.8997424
1968-08-13,-1.8997424
1968-08-14,-2.669414
1968-08-15,-2.9145572
1968-08-16,-3.1228673
1968-08-17,-3.0401695
1968-08-18,-3.0576932
1968-08-19,-3.0679743
1968-08-20,-3.1119964
1968-08-21,-3.0430572
1968-08-22,-2.9973938
1968-08-23,-2.8103898
1968-08-24,-3.1441543
1968-08-25,-2.9522364
1968-08-26,-2.6928596
1968-08-27,-2.773491
1968-08-28,-2.9394894
1968-08-29,-2.9361966
1968-08-30,-2.9742324
1968-08-31,-2.9749284
1968-09-01,-3.2973063
1968-09-02,-3.2350702
1968-09-03,-3.2350702
1968-09-04,-3.1057992
1968-09-05,-3.1057992
1968-09-06,-3.1658204
1968-09-07,-3.185284
1968-09-08,-3.2872617
1968-09-09,-3.0203388
1968-09-10,-3.1506562
1968-09-11,-3.2233167
1968-09-12,-3.2696261
1968-09-13,-3.2630103
1968-09-14,-3.265073
1968-09-15,-3.4305837
1968-09-16,-3.430584
1968-09-17,-3.4707725
1968-09-18,-3.7731721
1968-09-19,-3.9019606
1968-09-20,-3.7680986
1968-09-21,-3.215533
1968-09-22,-3.2479296
1968-09-23,-2.9217877
1968-09-24,-2.5876887
1968-09-25,-1.6394033
1968-09-26,-1.5158496
1968-09-27,-1.8175333
1968-09-28,-1.9161434
1968-09-29,-1.9915254
1968-09-30,-2.2433624
1968-10-01,-2.610476
1968-10-02,-2.6138346
1968-10-03,-2.7250257
1968-10-04,-2.7344108
1968-10-05,-2.7938392
1968-10-06,-2.7663565
1968-10-07,-2.7328162
1968-10-08,-2.707577
1968-10-09,-2.679068
1968-10-10,-2.375043
1968-10-11,-1.9185174
1968-10-12,5.0072093
1968-10-13,-1.6071434
1968-10-14,-1.55685
1968-10-15,-1.55685
1968-10-16,-1.6167898
1968-10-17,-1.9411273
1968-10-18,-2.4543803
1968-10-19,-2.403121
1968-10-20,-2.5651033
1968-10-21,-2.5283928
1968-10-22,-2.208213
1968-10-23,-2.1466517
1968-10-24,-1.914145
1968-10-25,-1.914145
1968-10-26,-1.914145
1968-10-27,-1.8368256
1968-10-28,-2.1099138
1968-10-29,-2.0326738
1968-10-30,-2.7494218
1968-10-31,-2.7242644
1968-11-01,-2.644085
1968-11-02,4.4850283
1968-11-03,-2.1360562
1968-11-04,-2.0219388
1968-11-05,-2.0219388
1968-11-06,-2.0082622
1968-11-07,-2.0082626
1968-11-08,-2.0768015
1968-11-09,-2.0768015
1968-11-10,-2.0768015
1968-11-11,-2.0768015
1968-11-12,-1.6882329
1968-11-13,-1.5050483
1968-11-14,5.3054986
1968-11-15,4.7887316
1968-11-16,-1.9398034
1968-11-17,-1.9397995
1968-11-18,-1.9397995
1968-11-19,-2.0215664
1968-11-20,-2.0215664
1968-11-21,-2.0215664
1968-11-22,-2.0215664
1968-11-23,-1.6655865
1968-11-24,-1.6657062
1968-11-25,-2.1798933
1968-11-26,-2.1798933
1968-11-27,-2.1430655
1968-11-28,-2.1422584
1968-11-29,-2.4020298
1968-11-30,-2.4114468
1968-12-01,-2.4077678
1968-12-02,-2.7032676
1968-12-03,-2.594781
1968-12-04,-2.6308062
1968-12-05,-2.275927
1968-12-06,-2.0807896
1968-12-07,-2.127357
1968-12-08,-2.0768008
1968-12-09,-2.0768015
1968-12-10,4.7338295
1968-12-11,-2.0768015
1968-12-12,-2.0768015
1968-12-13,-2.0767686
1968-12-14,4.828353
1968-12-15,4.870829
1968-12-16,-1.9397995
1968-12-17,-1.9397995
1968-12-18,-1.8797514
1968-12-19,-1.5444858
1968-12-20,-1.5442241
1968-12-21,-1.544486
1968-12-22,-1.5444733
1968-12-23,-1.5414976
1968-12-24,5.2658515
1968-12-25,5.2639356
1968-12-26,-1.5435529
1968-12-27,-1.544486
1968-12-28,5.2661347
1968-12-29,-1.544486
1968-12-30,-1.544486
1968-12-31,-1.544486
1969-01-01,-1.544486
1969-01-02,-2.0210748
1969-01-03,-2.0210748
1969-01-04,-2.0210748
1969-01-05,-2.0210748
1969-01-06,-1.8799279
1969-01-07,-1.8799279
1969-01-08,-1.8799291
1969-01-09,-2.0704925
1969-01-10,-2.0705073
1969-01-11,4.4733624
1969-01-12,-2.269589
1969-01-13,4.514799
1969-01-14,-2.2955384
1969-01-15,-2.2958217
1969-01-16,-2.2945433
1969-01-17,-1.850173
1969-01-18,4.9278455
1969-01-19,4.92784
1969-01-20,5.196377
1969-01-21,5.2657466
1969-01-22,-1.5444622
1969-01-23,-1.544486
1969-01-24,4.9534345
1969-01-25,5.187289
1969-01-26,5.1828737
1969-01-27,-1.6891731
1969-01-28,3.9088826
1969-01-29,-1.6658001
1969-01-30,4.7880206
1969-01-31,-2.022593
1969-02-01,-2.0225928
1969-02-02,-2.1048183
1969-02-03,-2.1765308
1969-02-04,-1.6655478
1969-02-05,5.1450734
1969-02-06,5.1340384
1969-02-07,-1.6655452
1969-02-08,-1.6655452
1969-02-09,-1.6469927
1969-02-10,-1.850148
1969-02-11,-1.0211203
1969-02-12,-1.8725439
1969-02-13,-2.0620694
1969-02-14,2.3338413
1969-02-15,5.0731688
1969-02-16,-1.7374616
1969-02-17,-1.6245872
1969-02-18,-1.3466991
1969-02-19,-1.2016704
1969-02-20,-1.5440079
1969-02-21,-1.5444807
1969-02-22,-0.96827894
1969-02-23,4.9280233
1969-02-24,4.9167495
1969-02-25,4.7481637
1969-02-26,-2.2352736
1969-02-27,-2.4156911
1969-02-28,4.2686424
1969-03-01,-2.6612544
1969-03-02,-2.650877
1969-03-03,-2.6966362
1969-03-04,-2.6683881
1969-03-05,-2.406956
1969-03-06,-1.8089151
1969-03-07,-1.8820355
1969-03-08,-1.8827705
1969-03-09,1.761384
1969-03-10,-1.5050306
1969-03-11,-1.5050933
1969-03-12,3.0268118
1969-03-13,-1.6817772
1969-03-14,-1.6817772
1969-03-15,-1.6817772
1969-03-16,-1.6817772
1969-03-17,-1.7811835
1969-03-18,-1.7811892
1969-03-19,-1.7804279
1969-03-20,0.41843307
1969-03-21,0.19690877
1969-03-22,-1.5646043
1969-03-23,-1.2545879
1969-03-24,-1.2543261
1969-03-25,-1.2543261
1969-03-26,-1.4262743
1969-03-27,-1.4262812
1969-03-28,-1.4262812
1969-03-29,-1.4262812
1969-03-30,-1.4262812
1969-03-31,-1.4262812
1969-04-01,-1.4262812
1969-04-02,5.3842683
1969-04-03,-1.4262812
1969-04-04,-1.5160866
1969-04-05,4.9324694
1969-04-06,-2.1384058
1969-04-07,-2.18308
1969-04-08,-2.189252
1969-04-09,-2.172609
1969-04-10,-2.0676033
1969-04-11,-2.0674636
1969-04-12,-2.0674636
1969-04-13,-2.0674636
1969-04-14,-2.0674636
1969-04-15,-2.0674636
1969-04-16,-2.0674636
1969-04-17,-2.0619228
1969-04-18,-2.1233757
1969-04-19,-2.1306686
1969-04-20,-2.1233654
1969-04-21,-2.0619228
1969-04-22,-2.0674636
1969-04-23,4.742824
1969-04-24,-2.0674636
1969-04-25,-2.1227052
1969-04-26,-2.1227052
1969-04-27,-1.9178002
1969-04-28,-1.9128263
1969-04-29,-1.9128263
1969-04-30,-1.9128263
1969-05-01,-1.8854659
1969-05-02,-1.8839941
1969-05-03,-1.5567906
1969-05-04,-1.2665131
1969-05-05,-1.250696
1969-05-06,-1.2667322
1969-05-07,-1.4662387
1969-05-08,-1.4662387
1969-05-09,-1.4662387
1969-05-10,-1.4662387
1969-05-11,-1.4662387
1969-05-12,-1.4662387
1969-05-13,-1.6438351
1969-05-14,-1.8839941
1969-05-15,-1.8839941
1969-05-16,-1.8839941
1969-05-17,-1.8839941
1969-05-18,-1.8839941
1969-05-19,-1.8839941
1969-05-20,-1.6438351
1969-05-21,-1.4662387
1969-05-22,-1.637583
1969-05-23,-1.6376376
1969-05-24,-1.7132163
1969-05-25,-1.6438351
1969-05-26,-1.8839941
1969-05-27,-1.8839941
1969-05-28,-2.0674636
1969-05-29,-2.0676663
1969-05-30,-2.1227052
1969-05-31,-1.8373027
1969-06-01,-2.0438657
1969-06-02,-2.0438652
1969-06-03,-2.3748727
1969-06-04,-2.3502371
1969-06-05,-2.3502371
1969-06-06,-2.3502371
1969-06-07,-2.3748727
1969-06-08,-1.8803681
1969-06-09,-1.8804022
1969-06-10,-1.5529914
1969-06-11,-1.3536721
1969-06-12,-1.3536723
1969-06-13,-1.3536723
1969-06-14,-1.3536723
1969-06-15,-1.3534849
1969-06-16,-1.3536582
1969-06-17,-1.4325671
1969-06-18,-1.4337585
1969-06-19,-1.4337585
1969-06-20,-1.4337585
1969-06-21,-1.4337585
1969-06-22,-1.3536723
1969-06-23,-1.3536723
1969-06-24,-1.2298789
1969-06-25,-1.1598904
1969-06-26,-1.262457
1969-06-27,-1.3422458
1969-06-28,-1.603766
1969-06-29,-1.928371
1969-06-30,-2.2019825
1969-07-01,-2.2019835
1969-07-02,-2.823482
1969-07-03,-2.8234875
1969-07-04,-2.8234875
1969-07-05,-2.979566
1969-07-06,-2.8214314
1969-07-07,-2.786797
1969-07-08,-2.7867978
1969-07-09,-2.776448
1969-07-10,-2.7239573
1969-07-11,-2.8261712
1969-07-12,-2.9599776
1969-07-13,-2.9531755
1969-07-14,-2.8304455
1969-07-15,-2.739821
1969-07-16,-2.739821
1969-07-17,-2.7398343
1969-07-18,-2.8224657
1969-07-19,-2.8224657
1969-07-20,-2.761916
1969-07-21,-2.7926314
1969-07-22,-2.2835772
1969-07-23,-2.283576
1969-07-24,-2.283576
1969-07-25,-2.4320652
1969-07-26,-2.4320652
1969-07-27,-2.6122322
1969-07-28,-2.7190704
1969-07-29,-2.7445958
1969-07-30,-2.7774625
1969-07-31,-2.8571186
1969-08-01,-2.7610612
1969-08-02,-2.756978
1969-08-03,-2.7646754
1969-08-04,-2.8490658
1969-08-05,-2.8492296
1969-08-06,-2.7645962
1969-08-07,-2.7645962
1969-08-08,-2.6867497
1969-08-09,-2.7102644
1969-08-10,-2.7102659
1969-08-11,-2.8586595
1969-08-12,-2.9584491
1969-08-13,-3.051607
1969-08-14,-3.2030296
1969-08-15,-3.2320077
1969-08-16,-3.346484
1969-08-17,-3.4836285
1969-08-18,-3.7584605
1969-08-19,-3.760678
1969-08-20,-3.9907563
1969-08-21,-3.9907568
1969-08-22,-4.107946
1969-08-23,-4.107946
1969-08-24,-3.9030163
1969-08-25,-3.8869307
1969-08-26,-3.9520452
1969-08-27,-3.7673388
1969-08-28,-3.767339
1969-08-29,-3.6188197
1969-08-30,-3.6699011
1969-08-31,-3.6911738
1969-09-01,-3.777888
1969-09-02,-3.973317
1969-09-03,-3.9154398
1969-09-04,-3.9143884
1969-09-05,-3.9143274
1969-09-06,-3.9143884
1969-09-07,-3.9148495
1969-09-08,-4.0284004
1969-09-09,-4.0880976
1969-09-10,-4.330698
1969-09-11,-4.330741
1969-09-12,-4.330741
1969-09-13,-4.330741
1969-09-14,-4.330741
1969-09-15,-4.5290823
1969-09-16,-4.324641
1969-09-17,-4.4157906
1969-09-18,-4.4157906
1969-09-19,-4.4157906
1969-09-20,-4.2190285
1969-09-21,-4.068056
1969-09-22,-3.945203
1969-09-23,-3.5097334
1969-09-24,-3.4588308
1969-09-25,-3.4147363
1969-09-26,-3.349127
1969-09-27,-3.2949908
1969-09-28,-3.4964187
1969-09-29,-3.5566156
1969-09-30,-3.4664335
1969-10-01,-3.4516506
1969-10-02,-3.3625684
1969-10-03,-3.449376
1969-10-04,-3.449376
1969-10-05,-3.449376
1969-10-06,-3.449376
1969-10-07,-3.5144832
1969-10-08,-3.7749155
1969-10-09,-3.7749157
1969-10-10,-3.8437757
1969-10-11,-3.9502804
1969-10-12,-3.9502804
1969-10-13,-3.9522383
1969-10-14,-3.9435794
1969-10-15,2.971447
1969-10-16,-3.9026062
1969-10-17,-4.0089626
1969-10-18,-4.0089626
1969-10-19,-3.9752443
1969-10-20,-3.9235399
1969-10-21,-3.9235375
1969-10-22,-3.9235675
1969-10-23,-3.9752443
1969-10-24,-3.9245145
1969-10-25,-3.5327048
1969-10-26,-3.1054108
1969-10-27,-2.7967799
1969-10-28,-2.7773924
1969-10-29,-2.6714087
1969-10-30,-2.4948955
1969-10-31,-2.492284
1969-11-01,-2.7296376
1969-11-02,-2.8043928
1969-11-03,-2.7879233
1969-11-04,-2.9617696
1969-11-05,3.8435864
1969-11-06,-2.9292023
1969-11-07,-3.1090271
1969-11-08,-2.9748838
1969-11-09,-2.9097822
1969-11-10,-2.9367495
1969-11-11,-3.1071877
1969-11-12,-3.0402331
1969-11-13,-3.0402331
1969-11-14,-3.2178283
1969-11-15,-3.3024483
1969-11-16,-3.1536853
1969-11-17,-2.8670754
1969-11-18,-2.86708
1969-11-19,-2.9541879
1969-11-20,-3.1409473
1969-11-21,-3.2456112
1969-11-22,-3.0810907
1969-11-23,-3.2398152
1969-11-24,-3.263531
1969-11-25,-3.2973394
1969-11-26,-3.2997632
1969-11-27,-3.39513
1969-11-28,-3.416066
1969-11-29,-3.476794
1969-11-30,-3.5105293
1969-12-01,-3.4661613
1969-12-02,-3.374832
1969-12-03,-3.4132895
1969-12-04,-3.4132895
1969-12-05,-3.4132895
1969-12-06,-3.4132895
1969-12-07,-3.4132895
1969-12-08,3.3343458
1969-12-09,-3.5936923
1969-12-10,-3.5936766
1969-12-11,-3.5936356
1969-12-12,-3.6706061
1969-12-13,-3.702064
1969-12-14,-3.8716705
1969-12-15,-3.7918684
1969-12-16,-3.718973
1969-12-17,-3.6495857
1969-12-18,-3.7704012
1969-12-19,3.0401568
1969-12-20,3.0188541
1969-12-21,3.3046093
1969-12-22,-3.506058
1969-12-23,0.543078
1969-12-24,-3.7448452
1969-12-25,2.7404041
1969-12-26,-4.0533047
1969-12-27,-4.0522113
1969-12-28,-3.9905245
1969-12-29,-3.922189
1969-12-30,-3.882332
1969-12-31,-3.8322484
1970-01-01,-3.6930382
1970-01-02,-3.717136
1970-01-03,-3.760529
1970-01-04,-3.7886195
1970-01-05,-3.8876026
1970-01-06,-4.045934
1970-01-07,-4.0459146
1970-01-08,-3.555797
1970-01-09,2.8032434
1970-01-10,-4.124027
1970-01-11,0.7840149
1970-01-12,-1.7983454
1970-01-13,2.261237
1970-01-14,2.2692134
1970-01-15,-4.539784
1970-01-16,2.4099548
1970-01-17,-4.3464737
1970-01-18,-4.286833
1970-01-19,-4.135161
1970-01-20,-4.338828
1970-01-21,2.5163488
1970-01-22,-4.0719433
1970-01-23,2.8752377
1970-01-24,-3.308403
1970-01-25,-3.742024
1970-01-26,-3.9268973
1970-01-27,2.9784057
1970-01-28,-3.9280722
1970-01-29,-4.0422764
1970-01-30,-4.0177574
1970-01-31,-4.0205345
1970-02-01,-3.9448392
1970-02-02,-3.72414
1970-02-03,-3.725622
1970-02-04,-3.76182
1970-02-05,-3.9377725
1970-02-06,-4.0960913
1970-02-07,-4.431217
1970-02-08,-4.431218
1970-02-09,-4.431218
1970-02-10,-4.5685782
1970-02-11,-4.630645
1970-02-12,2.71817
1970-02-13,2.8205233
1970-02-14,-3.9288442
1970-02-15,-3.817789
1970-02-16,3.047963
1970-02-17,-3.70884
1970-02-18,-3.9342048
1970-02-19,-3.9776642
1970-02-20,-3.946431
1970-02-21,-4.0073147
1970-02-22,-5.087633
1970-02-23,-4.948291
1970-02-24,-4.975767
1970-02-25,-4.657711
1970-02-26,-4.1949596
1970-02-27,-4.0330687
1970-02-28,2.9589126
1970-03-01,2.9515712
1970-03-02,-3.6520026
1970-03-03,-3.3699377
1970-03-04,2.9825006
1970-03-05,-3.828364
1970-03-06,-3.685345
1970-03-07,-3.768895
1970-03-08,-3.906062
1970-03-09,-3.889837
1970-03-10,-3.919667
1970-03-11,-3.9363134
1970-03-12,-3.9539478
1970-03-13,-3.9443119
1970-03-14,-3.953716
1970-03-15,-3.953716
1970-03-16,-3.953716
1970-03-17,-3.7722118
1970-03-18,-3.4512691
1970-03-19,-3.2974985
1970-03-20,-3.2154276
1970-03-21,-3.0666432
1970-03-22,-3.0621283
1970-03-23,-2.9032884
1970-03-24,-2.9032884
1970-03-25,-3.1584911
1970-03-26,-3.3904054
1970-03-27,-3.468018
1970-03-28,-3.7272835
1970-03-29,-3.8160133
1970-03-30,-3.8160276
1970-03-31,-3.8657858
1970-04-01,-3.805238
1970-04-02,-3.5003774
1970-04-03,-3.3570087
1970-04-04,-3.202528
1970-04-05,-3.0845094
1970-04-06,-2.9580297
1970-04-07,-2.9305613
1970-04-08,-2.8556452
1970-04-09,-2.6477363
1970-04-10,-2.822408
1970-04-11,-2.822408
1970-04-12,-2.8411708
1970-04-13,-2.8543746
1970-04-14,-2.7795162
1970-04-15,-2.609223
1970-04-16,-2.5337584
1970-04-17,-2.4099011
1970-04-18,-2.3630273
1970-04-19,-2.3628585
1970-04-20,-2.2381377
1970-04-21,-2.134895
1970-04-22,-2.3257422
1970-04-23,-2.898425
1970-04-24,-2.898425
1970-04-25,-2.898425
1970-04-26,-2.8876555
1970-04-27,-2.5727983
1970-04-28,-2.609223
1970-04-29,-2.609223
1970-04-30,-2.609223
1970-05-01,-2.5396807
1970-05-02,-2.436292
1970-05-03,-2.2185602
1970-05-04,-2.2189171
1970-05-05,-2.3179781
1970-05-06,-2.4074907
1970-05-07,-2.648866
1970-05-08,-2.7184904
1970-05-09,-2.8316343
1970-05-10,-2.7700999
1970-05-11,-2.7700999
1970-05-12,-2.806038
1970-05-13,-2.647754
1970-05-14,-2.313839
1970-05-15,-2.1576242
1970-05-16,-2.1275315
1970-05-17,-2.1282792
1970-05-18,-2.211871
1970-05-19,-2.0922246
1970-05-20,-2.1233008
1970-05-21,-2.2554634
1970-05-22,-2.3276143
1970-05-23,-2.3276143
1970-05-24,-2.2554512
1970-05-25,-2.1726465
1970-05-26,-2.2369597
1970-05-27,-1.8839941
1970-05-28,-1.9128263
1970-05-29,-1.9128263
1970-05-30,-1.8802657
1970-05-31,-1.877145
1970-06-01,-1.877145
1970-06-02,-2.1534986
1970-06-03,-2.5323105
1970-06-04,-2.7532809
1970-06-05,-2.7532809
1970-06-06,-2.7533898
1970-06-07,-2.6989381
1970-06-08,-2.4556358
1970-06-09,-2.4556358
1970-06-10,-2.2170703
1970-06-11,-1.7241688
1970-06-12,-1.7690157
1970-06-13,-1.7840679
1970-06-14,-2.3024352
1970-06-15,-2.4406092
1970-06-16,-2.4782135
1970-06-17,-2.552888
1970-06-18,-2.8977757
1970-06-19,-2.7658455
1970-06-20,-2.8957274
1970-06-21,-2.9073384
1970-06-22,-3.1564126
1970-06-23,-3.2609293
1970-06-24,-3.309732
1970-06-25,-3.436645
1970-06-26,-3.8183362
1970-06-27,-4.04696
1970-06-28,-4.1174984
1970-06-29,-4.1720257
1970-06-30,-4.60042
1970-07-01,-4.604106
1970-07-02,-4.771201
1970-07-03,-4.4724636
1970-07-04,-4.297783
1970-07-05,-4.199149
1970-07-06,-3.9565532
1970-07-07,-3.8467617
1970-07-08,-3.9169676
1970-07-09,-3.941602
1970-07-10,-4.1720047
1970-07-11,-4.0440664
1970-07-12,-4.0435524
1970-07-13,-4.0435476
1970-07-14,-3.8847988
1970-07-15,-3.6147187
1970-07-16,-3.6147187
1970-07-17,-3.8167033
1970-07-18,-3.8186886
1970-07-19,-3.9810817
1970-07-20,-4.168073
1970-07-21,-4.2088404
1970-07-22,-4.4157906
1970-07-23,-4.5508823
1970-07-24,-4.41529
1970-07-25,-4.4149656
1970-07-26,-4.4149656
1970-07-27,-4.0468383
1970-07-28,-4.0435524
1970-07-29,-4.0435524
1970-07-30,-4.2433395
1970-07-31,-4.0844097
1970-08-01,-4.085347
1970-08-02,-4.2088404
1970-08-03,-4.3847837
1970-08-04,-4.4983044
1970-08-05,-4.8371964
1970-08-06,-4.8371964
1970-08-07,-4.8371964
1970-08-08,-4.8371964
1970-08-09,-4.2439575
1970-08-10,-4.208825
1970-08-11,-4.168073
1970-08-12,-4.167606
1970-08-13,-4.1601443
1970-08-14,-4.25959
1970-08-15,-4.4839935
1970-08-16,-4.52915
1970-08-17,-4.52915
1970-08-18,-4.52915
1970-08-19,-4.5305853
1970-08-20,-4.5508823
1970-08-21,-4.3344507
1970-08-22,-4.4149647
1970-08-23,-4.654108
1970-08-24,-4.5892954
1970-08-25,-4.588978
1970-08-26,-4.588978
1970-08-27,-4.5889063
1970-08-28,-4.3765545
1970-08-29,-4.3765545
1970-08-30,-4.3765545
1970-08-31,-4.414941
1970-09-01,-4.4149656
1970-09-02,-4.4149656
1970-09-03,-4.395999
1970-09-04,-4.3939476
1970-09-05,-4.3939476
1970-09-06,-4.3939476
1970-09-07,-4.3939476
1970-09-08,-4.3939476
1970-09-09,-4.3939476
1970-09-10,-4.191929
1970-09-11,-4.1845856
1970-09-12,-4.3966923
1970-09-13,-4.3966923
1970-09-14,-4.5372515
1970-09-15,-4.588978
1970-09-16,-4.588978
1970-09-17,-4.588978
1970-09-18,-4.588978
1970-09-19,-4.6682806
1970-09-20,-4.6682806
1970-09-21,-4.588978
1970-09-22,-4.4983044
1970-09-23,-4.4983044
1970-09-24,-4.4983044
1970-09-25,-4.588978
1970-09-26,-4.588978
1970-09-27,-4.588396
1970-09-28,-4.4149656
1970-09-29,-4.728915
1970-09-30,-4.728915
1970-10-01,-5.242545
1970-10-02,-4.7850456
1970-10-03,-4.5930977
1970-10-04,-4.3939476
1970-10-05,-4.3939476
1970-10-06,-4.4149656
1970-10-07,-4.4149656
1970-10-08,-4.4149656
1970-10-09,-4.5508823
1970-10-10,-4.5508823
1970-10-11,-4.5508823
1970-10-12,-4.5508823
1970-10-13,-4.4983044
1970-10-14,-4.588978
1970-10-15,-4.416091
1970-10-16,-4.4149656
1970-10-17,-4.4149656
1970-10-18,-4.4149656
1970-10-19,-4.4149656
1970-10-20,-3.0551105
1970-10-21,-4.7226815
1970-10-22,-5.026142
1970-10-23,1.7807521
1970-10-24,-5.2999268
1970-10-25,-5.4008007
1970-10-26,-5.4008007
1970-10-27,-5.307494
1970-10-28,-5.3063087
1970-10-29,-5.026142
1970-10-30,-5.026142
1970-10-31,-5.026142
1970-11-01,-5.026142
1970-11-02,-5.026142
1970-11-03,-5.025424
1970-11-04,1.7828283
1970-11-05,0.5438118
1970-11-06,1.7550776
1970-11-07,-5.026142
1970-11-08,-5.0261397
1970-11-09,-2.3481202
1970-11-10,-5.4008007
1970-11-11,-5.397498
1970-11-12,-5.4012747
1970-11-13,-5.4112253
1970-11-14,-5.422372
1970-11-15,-5.426918
1970-11-16,-5.3829794
1970-11-17,-5.3829794
1970-11-18,-5.3829794
1970-11-19,-5.3829794
1970-11-20,-5.3829794
1970-11-21,-5.404752
1970-11-22,-5.404752
1970-11-23,-5.422372
1970-11-24,-5.422372
1970-11-25,1.3387101
1970-11-26,-5.422368
1970-11-27,-5.4167576
1970-11-28,1.3882473
1970-11-29,1.3882593
1970-11-30,1.2290695
1970-12-01,1.3877329
1970-12-02,1.387346
1970-12-03,-4.9952965
1970-12-04,1.3688002
1970-12-05,-5.422372
1970-12-06,-5.422372
1970-12-07,-5.422372
1970-12-08,1.3177793
1970-12-09,-5.426279
1970-12-10,-5.426918
1970-12-11,-5.404752
1970-12-12,-5.404752
1970-12-13,-5.40475
1970-12-14,-5.3829803
1970-12-15,0.21493687
1970-12-16,1.3996786
1970-12-17,-5.3845196
1970-12-18,1.3837137
1970-12-19,-5.42237
1970-12-20,1.3825939
1970-12-21,-4.4684362
1970-12-22,-5.404752
1970-12-23,-5.3829794
1970-12-24,-5.3829794
1970-12-25,-5.3829794
1970-12-26,-5.3829794
1970-12-27,-5.3827424
1970-12-28,-5.3829627
1970-12-29,-5.382972
1970-12-30,-5.3829794
1970-12-31,-5.3829794
1971-01-01,-5.382634
1971-01-02,-5.4047503
1971-01-03,-5.404752
1971-01-04,-5.404752
1971-01-05,-5.404752
1971-01-06,-5.404752
1971-01-07,-5.404752
1971-01-08,-5.404752
1971-01-09,-5.404752
1971-01-10,-5.404752
1971-01-11,-1.3620676
1971-01-12,1.4041293
1971-01-13,1.4029438
1971-01-14,-5.4046917
1971-01-15,-5.400188
1971-01-16,-5.4047294
1971-01-17,-5.404752
1971-01-18,-5.2841854
1971-01-19,-5.2841854
1971-01-20,-5.2841854
1971-01-21,-5.2841854
1971-01-22,-5.2841854
1971-01-23,-5.2841854
1971-01-24,-5.2841854
1971-01-25,-5.2841854
1971-01-26,-5.2841854
1971-01-27,-5.404752
1971-01-28,-5.404752
1971-01-29,-5.404752
1971-01-30,-5.404752
1971-01-31,-5.404752
1971-02-01,-5.404752
1971-02-02,-5.404752
1971-02-03,-5.404752
1971-02-04,-5.404752
1971-02-05,-5.404752
1971-02-06,-5.404752
1971-02-07,-5.404752
1971-02-08,-5.404752
1971-02-09,-5.404752
1971-02-10,-5.404752
1971-02-11,-5.404752
1971-02-12,-5.404752
1971-02-13,-5.404752
1971-02-14,-5.404752
1971-02-15,-5.404752
1971-02-16,-5.404752
1971-02-17,-5.404752
1971-02-18,-5.3568115
1971-02-19,-5.207414
1971-02-20,-5.2074394
1971-02-21,-5.1824036
1971-02-22,-5.087629
1971-02-23,-5.087633
1971-02-24,-5.087633
1971-02-25,-5.087633
1971-02-26,-5.087633
1971-02-27,-5.0868254
1971-02-28,-4.9990516
1971-03-01,-4.999052
1971-03-02,-4.999052
1971-03-03,-4.999052
1971-03-04,-4.999052
1971-03-05,-4.999052
1971-03-06,-4.999052
1971-03-07,-4.999052
1971-03-08,-4.999052
1971-03-09,-4.999052
1971-03-10,-4.999052
1971-03-11,-4.9990463
1971-03-12,1.8110908
1971-03-13,-5.024601
1971-03-14,-4.78235
1971-03-15,-5.078704
1971-03-16,-5.0890713
1971-03-17,-5.088772
1971-03-18,-5.240842
1971-03-19,-5.102127
1971-03-20,-5.088772
1971-03-21,-5.088772
1971-03-22,-5.088772
1971-03-23,-4.9176083
1971-03-24,-4.676134
1971-03-25,2.088544
1971-03-26,1.8166087
1971-03-27,-4.676134
1971-03-28,-4.6283207
1971-03-29,-4.5978365
1971-03-30,-4.4193993
1971-03-31,-4.181981
1971-04-01,-4.27009
1971-04-02,-4.27009
1971-04-03,-4.007867
1971-04-04,-3.9003484
1971-04-05,-3.8972752
1971-04-06,-3.8972752
1971-04-07,-3.8972752
1971-04-08,-3.8973458
1971-04-09,-3.367072
1971-04-10,-3.224986
1971-04-11,-3.2248197
1971-04-12,-3.0219617
1971-04-13,-3.138237
1971-04-14,-3.2717829
1971-04-15,-3.3213193
1971-04-16,-3.4060414
1971-04-17,-3.3018825
1971-04-18,-3.4730713
1971-04-19,-3.4731202
1971-04-20,-3.435398
1971-04-21,-3.43446
1971-04-22,-3.43446
1971-04-23,-3.43446
1971-04-24,-3.4122484
1971-04-25,-3.4060414
1971-04-26,-3.4060414
1971-04-27,-3.4060414
1971-04-28,-3.477242
1971-04-29,-3.5322478
1971-04-30,-3.5322478
1971-05-01,-3.5322478
1971-05-02,-3.48542
1971-05-03,-3.4246898
1971-05-04,-3.4430277
1971-05-05,-3.443064
1971-05-06,-3.4414089
1971-05-07,-3.4429271
1971-05-08,-3.458271
1971-05-09,-3.458306
1971-05-10,-3.602838
1971-05-11,-3.597914
1971-05-12,-3.3792977
1971-05-13,-3.4038217
1971-05-14,-3.484674
1971-05-15,-3.3814797
1971-05-16,-3.38148
1971-05-17,-3.3174844
1971-05-18,-3.3460429
1971-05-19,-3.349757
1971-05-20,-3.3689914
1971-05-21,-3.3679936
1971-05-22,-3.4352355
1971-05-23,-3.4352355
1971-05-24,-3.4241714
1971-05-25,-3.4241714
1971-05-26,-3.4349332
1971-05-27,3.3029943
1971-05-28,-3.4220502
1971-05-29,-3.4187753
1971-05-30,-3.4187613
1971-05-31,-3.3968961
1971-06-01,-3.3968961
1971-06-02,-3.3968961
1971-06-03,-3.3968961
1971-06-04,-3.3968961
1971-06-05,-3.4555194
1971-06-06,-3.4183383
1971-06-07,-4.122484
1971-06-08,-4.4362803
1971-06-09,-4.4549875
1971-06-10,-4.550658
1971-06-11,-4.5266848
1971-06-12,-4.5266848
1971-06-13,-4.457926
1971-06-14,-4.373478
1971-06-15,-3.978327
1971-06-16,-3.9755723
1971-06-17,-3.94474
1971-06-18,-3.8842824
1971-06-19,-3.7487423
1971-06-20,-3.4582906
1971-06-21,-3.4287777
1971-06-22,-3.3722806
1971-06-23,-3.3507366
1971-06-24,-3.2925034
1971-06-25,-3.1213028
1971-06-26,-3.2048614
1971-06-27,-3.3965247
1971-06-28,-3.3965247
1971-06-29,-3.6478174
1971-06-30,-3.641312
1971-07-01,-3.5859253
1971-07-02,-3.2614095
1971-07-03,-3.1582742
1971-07-04,-2.9399261
1971-07-05,-2.8721194
1971-07-06,-2.6872716
1971-07-07,-2.669414
1971-07-08,-2.6012437
1971-07-09,-2.9681523
1971-07-10,-2.7946656
1971-07-11,-3.1913574
1971-07-12,-3.2099001
1971-07-13,-3.1079695
1971-07-14,-3.1055522
1971-07-15,-3.0213282
1971-07-16,-3.0569966
1971-07-17,-3.04649
1971-07-18,-3.058191
1971-07-19,-3.0213325
1971-07-20,-3.4075048
1971-07-21,-3.380056
1971-07-22,-3.630696
1971-07-23,-3.7384021
1971-07-24,-3.7370203
1971-07-25,-3.7694917
1971-07-26,-3.6625547
1971-07-27,-3.771024
1971-07-28,-3.8650265
1971-07-29,-3.741185
1971-07-30,-3.822419
1971-07-31,-3.8450437
1971-08-01,-3.7911446
1971-08-02,-3.8730226
1971-08-03,-3.7642522
1971-08-04,-3.3950946
1971-08-05,-3.1130588
1971-08-06,-3.1365552
1971-08-07,-3.5044909
1971-08-08,-3.4921434
1971-08-09,-3.3041384
1971-08-10,-3.5446432
1971-08-11,-3.5077884
1971-08-12,-3.611951
1971-08-13,-3.6728797
1971-08-14,-3.6285787
1971-08-15,-3.690808
1971-08-16,-3.7461283
1971-08-17,-3.7659
1971-08-18,-3.8547473
1971-08-19,-3.8546367
1971-08-20,-3.995753
1971-08-21,-3.995753
1971-08-22,-4.037285
1971-08-23,-4.1151056
1971-08-24,-4.1151056
1971-08-25,-4.185525
1971-08-26,-4.1935024
1971-08-27,-4.1944227
1971-08-28,-4.1944227
1971-08-29,-4.1944227
1971-08-30,-4.354042
1971-08-31,-4.545644
1971-09-01,-4.341284
1971-09-02,-4.5190325
1971-09-03,-4.6357117
1971-09-04,-4.6357117
1971-09-05,-4.6357117
1971-09-06,-4.3939476
1971-09-07,-4.3939476
1971-09-08,-4.4149656
1971-09-09,-4.405122
1971-09-10,-4.3765545
1971-09-11,-4.3765545
1971-09-12,-4.375844
1971-09-13,-4.381919
1971-09-14,-4.382202
1971-09-15,-4.3567247
1971-09-16,-4.355916
1971-09-17,-4.241762
1971-09-18,-4.1342616
1971-09-19,-4.1342616
1971-09-20,-4.130519
1971-09-21,-4.075619
1971-09-22,-4.1554127
1971-09-23,-4.1554127
1971-09-24,-4.324518
1971-09-25,-4.3966923
1971-09-26,-4.3966923
1971-09-27,-4.3966923
1971-09-28,-4.2301016
1971-09-29,-4.0623055
1971-09-30,-4.0660253
1971-10-01,-4.1803036
1971-10-02,-4.3966923
1971-10-03,-4.3966923
1971-10-04,-4.3966923
1971-10-05,-4.3966923
1971-10-06,-4.3966923
1971-10-07,-4.3966923
1971-10-08,-4.1803036
1971-10-09,-4.1803036
1971-10-10,-4.1554127
1971-10-11,-4.1554127
1971-10-12,-4.4897375
1971-10-13,-4.810953
1971-10-14,-4.810953
1971-10-15,-4.810953
1971-10-16,-5.0349407
1971-10-17,-5.26871
1971-10-18,-5.31544
1971-10-19,-5.3311996
1971-10-20,-5.328575
1971-10-21,-5.3764324
1971-10-22,-5.4120045
1971-10-23,-4.8109517
1971-10-24,-4.703862
1971-10-25,-4.7039776
1971-10-26,-4.7039776
1971-10-27,-4.782171
1971-10-28,-4.810953
1971-10-29,-5.1720695
1971-10-30,-5.1624966
1971-10-31,-5.1623135
1971-11-01,-5.218478
1971-11-02,-5.2686834
1971-11-03,-5.1721582
1971-11-04,-5.2597084
1971-11-05,-5.26871
1971-11-06,-5.251787
1971-11-07,-5.1623135
1971-11-08,-5.160075
1971-11-09,-5.1950665
1971-11-10,-5.26871
1971-11-11,1.6385607
1971-11-12,-4.68785
1971-11-13,1.4389731
1971-11-14,-5.3692913
1971-11-15,-5.3693066
1971-11-16,-5.396632
1971-11-17,-5.396632
1971-11-18,-5.396632
1971-11-19,-5.3698235
1971-11-20,-5.3824854
1971-11-21,-5.3824854
1971-11-22,-5.4098063
1971-11-23,-5.4008007
1971-11-24,-5.4008007
1971-11-25,-5.4008007
1971-11-26,-5.4008
1971-11-27,-5.4008007
1971-11-28,1.348309
1971-11-29,-5.382327
1971-11-30,-5.3764324
1971-12-01,-5.3764324
1971-12-02,1.4340916
1971-12-03,-2.435708
1971-12-04,-4.718442
1971-12-05,-4.445056
1971-12-06,-4.6682806
1971-12-07,-4.668378
1971-12-08,-5.026142
1971-12-09,-5.026142
1971-12-10,-5.026142
1971-12-11,-5.026142
1971-12-12,1.7839822
1971-12-13,-4.7292156
1971-12-14,-5.3554354
1971-12-15,-5.4112253
1971-12-16,-5.4112253
1971-12-17,-5.4112253
1971-12-18,-5.4004583
1971-12-19,-5.2999268
1971-12-20,-5.026142
1971-12-21,1.7838168
1971-12-22,1.7844143
1971-12-23,-4.729039
1971-12-24,2.0813758
1971-12-25,2.0812955
1971-12-26,-5.0114007
1971-12-27,1.4576366
1971-12-28,-5.4223557
1971-12-29,-5.422372
1971-12-30,-5.4112253
1971-12-31,-5.353012
1972-01-01,-5.3529873
1972-01-02,-5.2999268
1972-01-03,-5.2999277
1972-01-04,-5.4008007
1972-01-05,-5.4008017
1972-01-06,-5.4112253
1972-01-07,-5.4112253
1972-01-08,-5.4112253
1972-01-09,-5.4112253
1972-01-10,-5.422372
1972-01-11,-5.422372
1972-01-12,-5.422372
1972-01-13,-5.422372
1972-01-14,-5.422372
1972-01-15,-5.422372
1972-01-16,-5.422372
1972-01-17,-5.422372
1972-01-18,-5.422372
1972-01-19,-5.4247723
1972-01-20,-5.3829794
1972-01-21,-5.3829794
1972-01-22,-5.3829207
1972-01-23,-1.852497
1972-01-24,-5.3829794
1972-01-25,-5.382744
1972-01-26,-5.412176
1972-01-27,1.411328
1972-01-28,-5.3691063
1972-01-29,-5.4105577
1972-01-30,-5.4008017
1972-01-31,-5.3074903
1972-02-01,-5.2833004
1972-02-02,-5.4112253
1972-02-03,-5.399263
1972-02-04,-5.3599687
1972-02-05,1.505121
1972-02-06,-5.1445503
1972-02-07,-5.087611
1972-02-08,-4.3126926
1972-02-09,-3.9962575
1972-02-10,-4.03905
1972-02-11,-4.006649
1972-02-12,-3.9481661
1972-02-13,-3.9791715
1972-02-14,-3.8871157
1972-02-15,-3.8064997
1972-02-16,-4.2033014
1972-02-17,-4.8170204
1972-02-18,-4.886223
1972-02-19,-4.886223
1972-02-20,-4.886223
1972-02-21,-4.9910564
1972-02-22,-4.7138166
1972-02-23,-4.5240517
1972-02-24,-4.3523808
1972-02-25,-4.1288886
1972-02-26,-3.495666
1972-02-27,-3.4247766
1972-02-28,-3.525315
1972-02-29,-3.7871234
1972-03-01,-3.8416543
1972-03-02,-4.4716444
1972-03-03,-4.4716444
1972-03-04,-4.507139
1972-03-05,-4.477524
1972-03-06,-4.27009
1972-03-07,-4.27009
1972-03-08,-4.128383
1972-03-09,-3.4728887
1972-03-10,-3.4343648
1972-03-11,-3.4060414
1972-03-12,-3.490235
1972-03-13,-3.4967487
1972-03-14,-3.4311032
1972-03-15,-3.3738513
1972-03-16,-3.2631881
1972-03-17,-3.1142952
1972-03-18,-3.1142654
1972-03-19,-3.103107
1972-03-20,-3.2735872
1972-03-21,-3.356368
1972-03-22,-3.412295
1972-03-23,-3.4126081
1972-03-24,-3.3739498
1972-03-25,-3.469301
1972-03-26,-3.2279527
1972-03-27,-3.1085613
1972-03-28,-2.8073382
1972-03-29,-2.689494
1972-03-30,-2.3840144
1972-03-31,-1.9035497
1972-04-01,-1.9035497
1972-04-02,-1.9035497
1972-04-03,-1.7418616
1972-04-04,-1.5050943
1972-04-05,-1.5152367
1972-04-06,-1.5507793
1972-04-07,-1.5507793
1972-04-08,-1.6058693
1972-04-09,-1.628979
1972-04-10,-1.6289744
1972-04-11,5.18165
1972-04-12,-1.6251329
1972-04-13,-1.6289552
1972-04-14,-1.6289744
1972-04-15,-1.6289744
1972-04-16,-1.6289744
1972-04-17,-1.7437341
1972-04-18,-2.0195456
1972-04-19,-2.1384084
1972-04-20,-2.1991494
1972-04-21,-2.1991494
1972-04-22,-2.1991494
1972-04-23,-2.2334027
1972-04-24,-2.2579734
1972-04-25,-2.275005
1972-04-26,-2.1745377
1972-04-27,-2.1745377
1972-04-28,-1.9035497
1972-04-29,-1.650886
1972-04-30,-1.3636811
1972-05-01,-1.2543261
1972-05-02,-1.2543261
1972-05-03,-1.2543261
1972-05-04,-1.2543261
1972-05-05,-1.2543261
1972-05-06,-1.2543261
1972-05-07,-1.2543259
1972-05-08,-1.1644104
1972-05-09,-1.1528442
1972-05-10,-1.1528442
1972-05-11,-1.1528442
1972-05-12,-1.1528442
1972-05-13,-1.1528442
1972-05-14,-1.1644104
1972-05-15,-1.1644104
1972-05-16,-1.1644104
1972-05-17,-1.1644104
1972-05-18,-1.1644104
1972-05-19,-1.1487339
1972-05-20,-1.1588581
1972-05-21,-1.1471424
1972-05-22,-1.1471424
1972-05-23,-1.1471424
1972-05-24,-1.1582432
1972-05-25,-1.1644104
1972-05-26,-1.2543261
1972-05-27,-1.2543261
1972-05-28,-1.2543261
1972-05-29,-1.2543261
1972-05-30,-1.2543261
1972-05-31,-1.2543261
1972-06-01,-1.1528442
1972-06-02,-1.1471424
1972-06-03,-1.1471424
1972-06-04,-1.1471423
1972-06-05,-1.1471424
1972-06-06,-1.1469774
1972-06-07,-1.1471411
1972-06-08,-1.1471424
1972-06-09,-1.1471223
1972-06-10,-1.1471424
1972-06-11,-1.1471424
1972-06-12,-1.1471424
1972-06-13,-1.1550574
1972-06-14,-1.1550574
1972-06-15,-1.1550574
1972-06-16,-1.1550574
1972-06-17,-1.1550574
1972-06-18,-1.1550574
1972-06-19,-1.1550574
1972-06-20,-1.1550574
1972-06-21,-1.1624794
1972-06-22,-1.1717517
1972-06-23,-1.1717517
1972-06-24,-1.1717517
1972-06-25,-1.1717517
1972-06-26,-1.1717517
1972-06-27,-1.1717517
1972-06-28,-1.1594895
1972-06-29,-1.1594887
1972-06-30,-1.2596302
1972-07-01,-1.3538232
1972-07-02,-1.433741
1972-07-03,-1.4337585
1972-07-04,-1.4337585
1972-07-05,-1.4337585
1972-07-06,-1.4337585
1972-07-07,-1.4337566
1972-07-08,-1.4134299
1972-07-09,-1.41343
1972-07-10,-1.41343
1972-07-11,-1.3454117
1972-07-12,-1.2027059
1972-07-13,-1.1717517
1972-07-14,-1.1717517
1972-07-15,-1.1717517
1972-07-16,-1.1717517
1972-07-17,-1.1717517
1972-07-18,-1.201812
1972-07-19,-1.2027059
1972-07-20,-1.3201203
1972-07-21,-1.3201203
1972-07-22,-1.3201203
1972-07-23,-1.41343
1972-07-24,-1.41343
1972-07-25,-1.41343
1972-07-26,-1.41343
1972-07-27,-1.41343
1972-07-28,-1.41343
1972-07-29,-1.41343
1972-07-30,-1.4125221
1972-07-31,-1.41343
1972-08-01,-1.4134262
1972-08-02,-1.4134299
1972-08-03,-1.41343
1972-08-04,-1.41343
1972-08-05,-1.41343
1972-08-06,-1.41343
1972-08-07,-1.41343
1972-08-08,-1.4337585
1972-08-09,-1.4337585
1972-08-10,-1.4337585
1972-08-11,-1.4337585
1972-08-12,-1.4337585
1972-08-13,-1.4337585
1972-08-14,-1.41343
1972-08-15,-1.41343
1972-08-16,-1.41343
1972-08-17,-1.41343
1972-08-18,-1.6129801
1972-08-19,-1.9549596
1972-08-20,-1.7110803
1972-08-21,-1.7110803
1972-08-22,-1.7110803
1972-08-23,-1.711098
1972-08-24,-1.3454117
1972-08-25,-1.3454117
1972-08-26,-1.3454117
1972-08-27,-1.41343
1972-08-28,-1.4134231
1972-08-29,-1.41343
1972-08-30,-1.41343
1972-08-31,-1.4130954
1972-09-01,-1.4134297
1972-09-02,-1.41343
1972-09-03,-1.41343
1972-09-04,-1.4134291
1972-09-05,-1.4134252
1972-09-06,-1.41343
1972-09-07,-1.41343
1972-09-08,-1.41343
1972-09-09,-1.6167898
1972-09-10,-1.5766819
1972-09-11,-1.5568364
1972-09-12,-1.3454117
1972-09-13,-1.41343
1972-09-14,-1.41343
1972-09-15,-1.41343
1972-09-16,-1.41343
1972-09-17,-1.41343
1972-09-18,-1.41343
1972-09-19,-1.41343
1972-09-20,-1.41343
1972-09-21,-1.7840681
1972-09-22,-1.8175333
1972-09-23,-1.8175333
1972-09-24,-1.8175333
1972-09-25,-1.8175333
1972-09-26,-1.8149207
1972-09-27,-1.8175333
1972-09-28,-1.8175333
1972-09-29,-1.8175333
1972-09-30,-1.8175333
1972-10-01,-1.7790419
1972-10-02,5.021427
1972-10-03,-1.7840681
1972-10-04,-1.7839787
1972-10-05,-1.7840681
1972-10-06,-1.7840679
1972-10-07,-1.7832228
1972-10-08,-1.7840681
1972-10-09,-1.7833952
1972-10-10,-1.7840681
1972-10-11,-1.7840669
1972-10-12,-1.7809443
1972-10-13,-1.7840146
1972-10-14,-1.7651546
1972-10-15,-1.6458607
1972-10-16,-1.8106426
1972-10-17,-1.8175333
1972-10-18,-2.0724356
1972-10-19,-2.1743386
1972-10-20,-2.347049
1972-10-21,-2.2857387
1972-10-22,-2.2854898
1972-10-23,-2.0219388
1972-10-24,-2.0219388
1972-10-25,-1.8175333
1972-10-26,-1.8175333
1972-10-27,-1.8175333
1972-10-28,-1.7840681
1972-10-29,-1.7840681
1972-10-30,-1.7840681
1972-10-31,-1.41343
1972-11-01,-1.41343
1972-11-02,-1.41343
1972-11-03,-1.4321839
1972-11-04,5.3592334
1972-11-05,-1.4337585
1972-11-06,-1.4337585
1972-11-07,5.393582
1972-11-08,-1.41343
1972-11-09,-1.3359544
1972-11-10,4.8030424
1972-11-11,5.396306
1972-11-12,-1.41343
1972-11-13,5.396703
1972-11-14,5.3917766
1972-11-15,-1.5425141
1972-11-16,4.9929647
1972-11-17,-1.8175333
1972-11-18,-1.8130053
1972-11-19,-1.8175333
1972-11-20,-1.7604098
1972-11-21,-1.7212524
1972-11-22,-1.7229323
1972-11-23,-1.4949646
1972-11-24,-1.3536725
1972-11-25,-1.3536723
1972-11-26,-1.3536723
1972-11-27,-1.5374095
1972-11-28,-1.6538012
1972-11-29,-1.6538012
1972-11-30,-1.6538012
1972-12-01,-1.6538012
1972-12-02,-1.6538949
1972-12-03,4.686309
1972-12-04,-1.6515992
1972-12-05,-1.6538012
1972-12-06,5.1582375
1972-12-07,5.1847444
1972-12-08,-1.3536723
1972-12-09,-1.3536723
1972-12-10,-1.3536723
1972-12-11,-1.3536723
1972-12-12,-1.3536723
1972-12-13,-1.7236853
1972-12-14,-1.8804023
1972-12-15,-1.8696365
1972-12-16,-1.6257992
1972-12-17,5.317197
1972-12-18,-1.4933307
1972-12-19,-1.3464385
1972-12-20,-1.3536723
1972-12-21,-1.3536723
1972-12-22,-1.6953222
1972-12-23,-1.6956182
1972-12-24,-2.231396
1972-12-25,-2.0438652
1972-12-26,-1.8728864
1972-12-27,-1.5646055
1972-12-28,-1.5824425
1972-12-29,-1.5646048
1972-12-30,-1.5646048
1972-12-31,-1.5646048
1973-01-01,-1.6075575
1973-01-02,-1.6067929
1973-01-03,-1.7374607
1973-01-04,-1.7374616
1973-01-05,-1.7374616
1973-01-06,-1.6063354
1973-01-07,-1.5285087
1973-01-08,4.7562943
1973-01-09,5.122967
1973-01-10,-1.5646048
1973-01-11,0.10664721
1973-01-12,-1.5547706
1973-01-13,-1.2543261
1973-01-14,-1.2543261
1973-01-15,-1.2106823
1973-01-16,5.5563006
1973-01-17,-1.2053274
1973-01-18,5.5562987
1973-01-19,-1.2543261
1973-01-20,-1.1644073
1973-01-21,5.6453986
1973-01-22,-1.1644104
1973-01-23,-1.1644104
1973-01-24,-1.1643953
1973-01-25,0.005927451
1973-01-26,-1.2437181
1973-01-27,-1.5646048
1973-01-28,-1.5646048
1973-01-29,5.1272936
1973-01-30,-1.6812497
1973-01-31,-1.5050933
1973-02-01,-1.6289744
1973-02-02,-1.5328605
1973-02-03,-1.2543023
1973-02-04,-1.0929409
1973-02-05,-1.5642655
1973-02-06,5.246025
1973-02-07,5.2451205
1973-02-08,-1.5646048
1973-02-09,4.3537946
1973-02-10,5.5563045
1973-02-11,5.2991376
1973-02-12,3.6417084
1973-02-13,-1.5050933
1973-02-14,5.6006265
1973-02-15,-1.1523273
1973-02-16,-1.2013505
1973-02-17,-1.182441
1973-02-18,-1.2542522
1973-02-19,-1.5386355
1973-02-20,-1.9035497
1973-02-21,-2.1745377
1973-02-22,-2.1745377
1973-02-23,-2.1741045
1973-02-24,4.9070506
1973-02-25,-1.5050919
1973-02-26,5.6462197
1973-02-27,5.646196
1973-02-28,-1.1643426
1973-03-01,-1.1644106
1973-03-02,-1.2543261
1973-03-03,5.4462976
1973-03-04,-1.2543261
1973-03-05,-1.2543261
1973-03-06,5.556305
1973-03-07,-1.2543172
1973-03-08,-1.1616523
1973-03-09,-1.1624858
1973-03-10,-1.1373522
1973-03-11,-1.2543257
1973-03-12,-1.2680085
1973-03-13,-1.5725515
1973-03-14,-1.4622076
1973-03-15,-1.5386355
1973-03-16,-1.4263957
1973-03-17,-1.4262812
1973-03-18,-1.5386345
1973-03-19,-1.5139723
1973-03-20,4.9069614
1973-03-21,4.345917
1973-03-22,-2.5908046
1973-03-23,-2.8556452
1973-03-24,-2.8556452
1973-03-25,-2.8556428
1973-03-26,-2.6476457
1973-03-27,-2.543036
1973-03-28,-2.257988
1973-03-29,-2.2132192
1973-03-30,-2.2080066
1973-03-31,-2.0466504
1973-04-01,-2.0620167
1973-04-02,-2.4737248
1973-04-03,-2.6785214
1973-04-04,-2.7704992
1973-04-05,-2.7194867
1973-04-06,-2.8134742
1973-04-07,-2.8134742
1973-04-08,-2.734109
1973-04-09,-2.6477363
1973-04-10,-2.6477363
1973-04-11,-2.6477363
1973-04-12,-2.648334
1973-04-13,-2.2581744
1973-04-14,-2.5680864
1973-04-15,-2.5695312
1973-04-16,-2.5695312
1973-04-17,-2.5695312
1973-04-18,-2.5695312
1973-04-19,-2.5695312
1973-04-20,-2.5695312
1973-04-21,-2.5695312
1973-04-22,-2.453917
1973-04-23,-2.563503
1973-04-24,-2.5753016
1973-04-25,-2.1515121
1973-04-26,-2.1514947
1973-04-27,-2.140589
1973-04-28,-2.1013947
1973-04-29,-2.1384084
1973-04-30,-2.2080882
1973-05-01,-2.3276143
1973-05-02,-2.4433317
1973-05-03,-2.1802344
1973-05-04,-2.1384077
1973-05-05,-1.5050933
1973-05-06,-1.3636811
1973-05-07,-1.2543261
1973-05-08,-1.2543261
1973-05-09,-1.2543261
1973-05-10,-1.2543261
1973-05-11,-1.2543266
1973-05-12,-1.9010658
1973-05-13,-1.9128256
1973-05-14,-1.8839941
1973-05-15,-1.8839941
1973-05-16,-1.8839941
1973-05-17,-1.6765726
1973-05-18,-1.6084986
1973-05-19,-1.7328143
1973-05-20,-1.8831437
1973-05-21,-1.8831437
1973-05-22,-1.7973335
1973-05-23,-1.6669359
1973-05-24,-1.2543261
1973-05-25,-1.2543261
1973-05-26,-1.1523273
1973-05-27,-1.1655009
1973-05-28,-1.1597688
1973-05-29,-1.242037
1973-05-30,-2.4476664
1973-05-31,-2.486312
1973-06-01,-2.9365945
1973-06-02,-3.1534066
1973-06-03,-3.3321617
1973-06-04,-3.3321617
1973-06-05,-3.3321617
1973-06-06,-3.3321617
1973-06-07,-3.3656254
1973-06-08,-3.348009
1973-06-09,-3.1683252
1973-06-10,-3.0604846
1973-06-11,-3.1553574
1973-06-12,-3.2571704
1973-06-13,-3.0643208
1973-06-14,-3.1788278
1973-06-15,-3.3199399
1973-06-16,-3.3199399
1973-06-17,-3.3216114
1973-06-18,-3.3199399
1973-06-19,-3.2094092
1973-06-20,-3.0111144
1973-06-21,-2.993127
1973-06-22,-3.2223718
1973-06-23,-3.2537506
1973-06-24,-3.3336782
1973-06-25,-3.4726999
1973-06-26,-3.8660972
1973-06-27,-3.5073545
1973-06-28,-3.371839
1973-06-29,-3.0979843
1973-06-30,-3.0128486
1973-07-01,-2.3381734
1973-07-02,-2.0772023
1973-07-03,-2.314222
1973-07-04,-2.5347269
1973-07-05,-2.700591
1973-07-06,-2.6909142
1973-07-07,-2.8691702
1973-07-08,-2.5979326
1973-07-09,-2.5242665
1973-07-10,-2.414638
1973-07-11,-2.5280962
1973-07-12,-2.6140118
1973-07-13,-2.6467583
1973-07-14,-2.57074
1973-07-15,-2.5462747
1973-07-16,-2.6709013
1973-07-17,-2.925781
1973-07-18,-3.5922484
1973-07-19,-4.03336
1973-07-20,-4.179708
1973-07-21,-4.4983044
1973-07-22,-4.4983044
1973-07-23,-4.4983044
1973-07-24,-4.3670216
1973-07-25,-4.2880697
1973-07-26,-4.1829624
1973-07-27,-4.158307
1973-07-28,-4.2352743
1973-07-29,-4.2352743
1973-07-30,-4.2860622
1973-07-31,-4.4983044
1973-08-01,-4.4983044
1973-08-02,-4.4983044
1973-08-03,-4.4982677
1973-08-04,-4.498304
1973-08-05,-4.3125396
1973-08-06,-4.3765078
1973-08-07,-4.3765545
1973-08-08,-4.3765545
1973-08-09,-4.3765545
1973-08-10,-4.3765545
1973-08-11,-4.5640697
1973-08-12,-4.363968
1973-08-13,-4.363968
1973-08-14,-4.066964
1973-08-15,-4.06696
1973-08-16,-4.175782
1973-08-17,-3.6581466
1973-08-18,-3.8154328
1973-08-19,-3.9837792
1973-08-20,-4.874305
1973-08-21,-5.2223864
1973-08-22,-5.2223864
1973-08-23,-5.2223864
1973-08-24,-5.2223864
1973-08-25,-5.279869
1973-08-26,-5.395722
1973-08-27,-5.3285875
1973-08-28,-4.6682806
1973-08-29,-4.668277
1973-08-30,-4.4149656
1973-08-31,-4.4149656
1973-09-01,-4.4149656
1973-09-02,-4.3962765
1973-09-03,-4.3938236
1973-09-04,-4.438284
1973-09-05,-4.685645
1973-09-06,-4.3764267
1973-09-07,-4.155478
1973-09-08,-4.155412
1973-09-09,-4.0711184
1973-09-10,-4.070098
1973-09-11,-4.016603
1973-09-12,-3.9278934
1973-09-13,-4.008924
1973-09-14,-4.146971
1973-09-15,-4.168001
1973-09-16,-4.5341053
1973-09-17,-4.5341053
1973-09-18,-4.5341053
1973-09-19,-4.5341053
1973-09-20,-4.5341053
1973-09-21,-4.7039776
1973-09-22,-4.7039776
1973-09-23,-4.7039776
1973-09-24,-4.7039776
1973-09-25,-4.7039776
1973-09-26,-4.7039776
1973-09-27,-4.7039776
1973-09-28,-4.7039776
1973-09-29,-4.7039776
1973-09-30,-4.810953
1973-10-01,-4.685645
1973-10-02,-4.451311
1973-10-03,-4.685523
1973-10-04,-4.372423
1973-10-05,-4.191915
1973-10-06,-4.4219704
1973-10-07,2.292281
1973-10-08,2.1136265
1973-10-09,-4.6682806
1973-10-10,-4.6682806
1973-10-11,-4.6682806
1973-10-12,-4.6682806
1973-10-13,-4.6682806
1973-10-14,-4.6682806
1973-10-15,-4.4149656
1973-10-16,-4.4149656
1973-10-17,-4.4149656
1973-10-18,-4.3765545
1973-10-19,-4.3765545
1973-10-20,-4.3764896
1973-10-21,-4.3765545
1973-10-22,2.4315827
1973-10-23,-4.185285
1973-10-24,-4.1845856
1973-10-25,-4.4457884
1973-10-26,-4.80019
1973-10-27,-4.5277042
1973-10-28,-4.5341053
1973-10-29,-5.0618267
1973-10-30,-5.1187325
1973-10-31,-5.057374
1973-11-01,-5.045623
1973-11-02,-5.044985
1973-11-03,-4.3939476
1973-11-04,-4.4149656
1973-11-05,2.3734846
1973-11-06,-3.1578195
1973-11-07,-5.009298
1973-11-08,-5.279869
1973-11-09,-3.0962603
1973-11-10,1.5209949
1973-11-11,1.4995741
1973-11-12,1.2991531
1973-11-13,-3.4637656
1973-11-14,-4.4590864
1973-11-15,-4.5386024
1973-11-16,1.5306647
1973-11-17,1.5878264
1973-11-18,-5.2218466
1973-11-19,-5.3723135
1973-11-20,-5.3722672
1973-11-21,-5.3723135
1973-11-22,-5.3715777
1973-11-23,-5.404752
1973-11-24,-5.404752
1973-11-25,-5.404752
1973-11-26,-5.404752
1973-11-27,-5.404752
1973-11-28,-5.404752
1973-11-29,-5.2223873
1973-11-30,2.1066058
1973-12-01,-2.1147919
1973-12-02,-4.7039776
1973-12-03,-4.7039776
1973-12-04,-4.7039776
1973-12-05,-4.7039776
1973-12-06,-4.7039776
1973-12-07,-4.7039785
1973-12-08,-5.038727
1973-12-09,-5.3723135
1973-12-10,-5.404682
1973-12-11,-4.8290296
1973-12-12,-5.4020433
1973-12-13,1.4058523
1973-12-14,-5.404752
1973-12-15,-5.404752
1973-12-16,-5.404752
1973-12-17,-5.4047513
1973-12-18,-5.404752
1973-12-19,-5.404752
1973-12-20,-5.404752
1973-12-21,1.4058366
1973-12-22,-5.404752
1973-12-23,-5.404752
1973-12-24,-5.404752
1973-12-25,-5.404752
1973-12-26,1.4033519
1973-12-27,1.3996104
1973-12-28,-5.2670207
1973-12-29,-5.4039297
1973-12-30,-5.404752
1973-12-31,-5.4037066
1974-01-01,-5.404681
1974-01-02,-5.404752
1974-01-03,-5.393153
1974-01-04,1.405879
1974-01-05,-5.2198844
1974-01-06,1.4004712
1974-01-07,-4.514218
1974-01-08,-5.404752
1974-01-09,-5.404752
1974-01-10,-5.404752
1974-01-11,1.3946862
1974-01-12,-2.8682022
1974-01-13,-5.404752
1974-01-14,-5.4047303
1974-01-15,-5.404752
1974-01-16,1.3905727
1974-01-17,-4.6191525
1974-01-18,1.600096
1974-01-19,-5.116481
1974-01-20,-5.1160226
1974-01-21,-5.116479
1974-01-22,-5.116479
1974-01-23,-5.116479
1974-01-24,-5.116479
1974-01-25,-5.116479
1974-01-26,-5.116479
1974-01-27,-5.116479
1974-01-28,-5.2074394
1974-01-29,-5.277562
1974-01-30,-5.277562
1974-01-31,-5.2746873
1974-02-01,-5.277562
1974-02-02,-5.277562
1974-02-03,-5.277562
1974-02-04,-5.277562
1974-02-05,-5.277562
1974-02-06,-5.277562
1974-02-07,-5.277562
1974-02-08,-5.1099234
1974-02-09,-4.7273684
1974-02-10,-4.7273674
1974-02-11,-4.7273674
1974-02-12,-4.727362
1974-02-13,-4.886223
1974-02-14,-4.886223
1974-02-15,-4.973604
1974-02-16,-5.277562
1974-02-17,-5.2074814
1974-02-18,-5.20568
1974-02-19,1.6940293
1974-02-20,-5.0876245
1974-02-21,-4.832361
1974-02-22,-4.832546
1974-02-23,-4.832546
1974-02-24,-4.832546
1974-02-25,-4.832546
1974-02-26,-4.832546
1974-02-27,-4.8204784
1974-02-28,2.2327256
1974-03-01,2.2389426
1974-03-02,2.2652388
1974-03-03,-4.536976
1974-03-04,-4.5431843
1974-03-05,-4.5431843
1974-03-06,-4.57261
1974-03-07,2.2378817
1974-03-08,-4.5468335
1974-03-09,-4.5175114
1974-03-10,-4.4249744
1974-03-11,-4.3591113
1974-03-12,-4.2232
1974-03-13,-3.8936632
1974-03-14,-3.8936632
1974-03-15,-3.8936632
1974-03-16,-3.8936632
1974-03-17,-3.9467065
1974-03-18,-4.1315746
1974-03-19,-4.1316276
1974-03-20,-4.1316276
1974-03-21,-4.1316276
1974-03-22,-4.1316276
1974-03-23,-4.1316276
1974-03-24,-4.4859724
1974-03-25,-4.4040895
1974-03-26,-4.5836515
1974-03-27,2.2061024
1974-03-28,2.2878335
1974-03-29,-1.4499023
1974-03-30,1.6640868
1974-03-31,-4.3389616
1974-04-01,2.6031077
1974-04-02,-4.1785
1974-04-03,-3.7157779
1974-04-04,-3.714825
1974-04-05,-3.714825
1974-04-06,-3.724525
1974-04-07,-3.9647434
1974-04-08,-3.9642017
1974-04-09,3.1694436
1974-04-10,-3.5994275
1974-04-11,-3.5493448
1974-04-12,-3.4344594
1974-04-13,-3.4344738
1974-04-14,-3.4731216
1974-04-15,-3.4731216
1974-04-16,-3.4731185
1974-04-17,-3.4353871
1974-04-18,-3.3860078
1974-04-19,-3.4093852
1974-04-20,-3.4093852
1974-04-21,-3.4093852
1974-04-22,-3.1074812
1974-04-23,3.6739006
1974-04-24,2.4883451
1974-04-25,-3.096445
1974-04-26,-2.9372747
1974-04-27,-2.8205047
1974-04-28,-2.7840276
1974-04-29,-2.937251
1974-04-30,-3.2087443
1974-05-01,-3.2359436
1974-05-02,-3.2357695
1974-05-03,-3.1003218
1974-05-04,-3.2408774
1974-05-05,-3.0541284
1974-05-06,-3.0163324
1974-05-07,-2.9294739
1974-05-08,-2.5488229
1974-05-09,-2.4542258
1974-05-10,-2.5401762
1974-05-11,-2.4500935
1974-05-12,-2.5248122
1974-05-13,-2.6127987
1974-05-14,-2.9112377
1974-05-15,-3.1869135
1974-05-16,-3.265138
1974-05-17,-3.2736287
1974-05-18,-3.3365877
1974-05-19,-3.4093852
1974-05-20,-3.4093852
1974-05-21,-3.409761
1974-05-22,-3.4447649
1974-05-23,-3.4447672
1974-05-24,-3.4583063
1974-05-25,-3.4583063
1974-05-26,-3.446962
1974-05-27,-3.243443
1974-05-28,-2.7840276
1974-05-29,-2.5908046
1974-05-30,-2.5123453
1974-05-31,-2.6055827
1974-06-01,-2.6563213
1974-06-02,-2.6563213
1974-06-03,-2.6563213
1974-06-04,-2.7914145
1974-06-05,-2.7995558
1974-06-06,-2.7995558
1974-06-07,-2.9244165
1974-06-08,-2.9666498
1974-06-09,-2.7365453
1974-06-10,-2.6347003
1974-06-11,-2.7833192
1974-06-12,-2.8118963
1974-06-13,-2.8767154
1974-06-14,-2.9431245
1974-06-15,-3.0024054
1974-06-16,-2.916937
1974-06-17,-2.9167736
1974-06-18,-2.9329228
1974-06-19,-2.8150988
1974-06-20,-2.894598
1974-06-21,-2.894598
1974-06-22,-2.9049113
1974-06-23,-2.9931967
1974-06-24,-3.2490244
1974-06-25,-3.2876089
1974-06-26,-3.1700766
1974-06-27,-3.158529
1974-06-28,-3.1018841
1974-06-29,-3.1729712
1974-06-30,-3.1522014
1974-07-01,-3.1105814
1974-07-02,-3.1105804
1974-07-03,-3.1105804
1974-07-04,-3.1911376
1974-07-05,-3.1199763
1974-07-06,-3.0817766
1974-07-07,-3.0817766
1974-07-08,-3.0118558
1974-07-09,-3.0814686
1974-07-10,-3.0817766
1974-07-11,-3.084337
1974-07-12,-3.171372
1974-07-13,-3.275562
1974-07-14,-3.27539
1974-07-15,-3.046783
1974-07-16,-3.148289
1974-07-17,-3.2038538
1974-07-18,-3.2286918
1974-07-19,-3.6050303
1974-07-20,-3.8710556
1974-07-21,-3.924895
1974-07-22,-3.8918798
1974-07-23,-4.0288553
1974-07-24,-3.9953926
1974-07-25,-3.7583027
1974-07-26,-3.5254023
1974-07-27,-3.717306
1974-07-28,-3.579508
1974-07-29,-3.324029
1974-07-30,-3.2992811
1974-07-31,-3.3435204
1974-08-01,-3.3435216
1974-08-02,-3.3602512
1974-08-03,-3.4997745
1974-08-04,-3.6897783
1974-08-05,-3.610118
1974-08-06,-3.3246875
1974-08-07,-3.411018
1974-08-08,-3.6454203
1974-08-09,-3.3364694
1974-08-10,-3.3288589
1974-08-11,-3.3364694
1974-08-12,-3.3364694
1974-08-13,-3.3786554
1974-08-14,-3.3529677
1974-08-15,-3.3733976
1974-08-16,-3.3733976
1974-08-17,-3.6201913
1974-08-18,-3.4388173
1974-08-19,-3.438747
1974-08-20,-3.2993007
1974-08-21,-3.2992632
1974-08-22,-3.2992632
1974-08-23,-3.2992632
1974-08-24,-3.3269823
1974-08-25,-3.3364694
1974-08-26,-3.3720458
1974-08-27,-3.3109705
1974-08-28,-3.2072427
1974-08-29,-3.0932899
1974-08-30,-3.2834997
1974-08-31,-3.1867824
1974-09-01,-3.1850913
1974-09-02,-3.1850913
1974-09-03,-3.1850617
1974-09-04,-3.76239
1974-09-05,-3.7744207
1974-09-06,-3.51696
1974-09-07,-3.3357463
1974-09-08,-3.193606
1974-09-09,-3.2287061
1974-09-10,-3.2520585
1974-09-11,-3.4625413
1974-09-12,-3.271801
1974-09-13,-3.152112
1974-09-14,-3.314313
1974-09-15,-3.3178108
1974-09-16,-3.662883
1974-09-17,-3.497717
1974-09-18,-3.4196365
1974-09-19,-3.4196365
1974-09-20,-3.7377212
1974-09-21,-3.748368
1974-09-22,-3.7893684
1974-09-23,-3.7996209
1974-09-24,-3.8304112
1974-09-25,-4.00066
1974-09-26,-4.000851
1974-09-27,-4.003873
1974-09-28,-4.003873
1974-09-29,-4.013918
1974-09-30,-3.8985717
1974-10-01,-3.8289173
1974-10-02,-3.7756608
1974-10-03,-3.7756608
1974-10-04,-3.6556907
1974-10-05,-3.8461251
1974-10-06,-3.7412121
1974-10-07,-4.131
1974-10-08,-4.251416
1974-10-09,-4.480152
1974-10-10,-4.810953
1974-10-11,-4.7039776
1974-10-12,-4.7039776
1974-10-13,-4.7039776
1974-10-14,-4.7039776
1974-10-15,-4.7039776
1974-10-16,-4.7039776
1974-10-17,-4.3121595
1974-10-18,-4.3121595
1974-10-19,-4.562969
1974-10-20,-4.5232973
1974-10-21,-4.5232973
1974-10-22,-4.523388
1974-10-23,-4.5959625
1974-10-24,-4.5968933
1974-10-25,-5.074278
1974-10-26,-5.1720695
1974-10-27,-1.848666
1974-10-28,1.3872846
1974-10-29,-5.3541856
1974-10-30,-5.355607
1974-10-31,-5.3423405
1974-11-01,-5.3527513
1974-11-02,-5.1269197
1974-11-03,-5.0426073
1974-11-04,-4.45942
1974-11-05,-4.4451494
1974-11-06,-4.4451494
1974-11-07,2.3559804
1974-11-08,-3.8443806
1974-11-09,-3.626463
1974-11-10,-3.626463
1974-11-11,-3.6264908
1974-11-12,-3.8650265
1974-11-13,-3.960883
1974-11-14,-4.3508635
1974-11-15,-4.351074
1974-11-16,-4.2547264
1974-11-17,-4.9556856
1974-11-18,-4.7039776
1974-11-19,-4.7039776
1974-11-20,-4.7039776
1974-11-21,2.1066442
1974-11-22,-4.4451494
1974-11-23,-4.4451494
1974-11-24,-4.814561
1974-11-25,-5.2881117
1974-11-26,-5.2881126
1974-11-27,-5.3692904
1974-11-28,-5.3692913
1974-11-29,-5.369293
1974-11-30,-5.3692913
1974-12-01,-5.3692913
1974-12-02,-5.2846246
1974-12-03,1.5264564
1974-12-04,-5.1714516
1974-12-05,-4.5167646
1974-12-06,-4.5447054
1974-12-07,-4.5447054
1974-12-08,-4.5447054
1974-12-09,-4.8003197
1974-12-10,-5.2401314
1974-12-11,-5.2881126
1974-12-12,-5.404752
1974-12-13,-5.3723135
1974-12-14,-5.3723135
1974-12-15,-5.3723135
1974-12-16,-5.3723135
1974-12-17,-5.0581923
1974-12-18,-5.0581923
1974-12-19,-4.688039
1974-12-20,-4.2575617
1974-12-21,-4.257571
1974-12-22,-4.886223
1974-12-23,-4.8780365
1974-12-24,-5.2052345
1974-12-25,-5.2841854
1974-12-26,-5.2841854
1974-12-27,1.4058311
1974-12-28,1.3800341
1974-12-29,-5.404752
1974-12-30,-5.404752
1974-12-31,-5.425005
1975-01-01,-5.4106636
1975-01-02,-5.404752
1975-01-03,-5.2841854
1975-01-04,-5.2841854
1975-01-05,-5.2059536
1975-01-06,-4.575061
1975-01-07,-4.5754433
1975-01-08,-4.224924
1975-01-09,-4.5754433
1975-01-10,-4.5754433
1975-01-11,-4.8728256
1975-01-12,-4.8728256
1975-01-13,-4.5754433
1975-01-14,-4.5754433
1975-01-15,-4.5754433
1975-01-16,-4.257571
1975-01-17,-4.257571
1975-01-18,-4.128549
1975-01-19,-4.194498
1975-01-20,-4.194498
1975-01-21,-4.5754566
1975-01-22,-4.5754433
1975-01-23,-4.5754433
1975-01-24,-4.5754433
1975-01-25,-4.5754433
1975-01-26,-4.5754433
1975-01-27,-4.5754433
1975-01-28,-4.5754433
1975-01-29,-4.5754433
1975-01-30,-4.2589865
1975-01-31,2.040319
1975-02-01,2.6722465
1975-02-02,2.673224
1975-02-03,0.14017323
1975-02-04,-3.4046483
1975-02-05,-4.43997
1975-02-06,-4.503127
1975-02-07,-4.474991
1975-02-08,-0.087569
1975-02-09,2.1242092
1975-02-10,-4.6659055
1975-02-11,-4.6625547
1975-02-12,2.1477797
1975-02-13,2.193097
1975-02-14,-4.510988
1975-02-15,-4.199311
1975-02-16,-3.8272636
1975-02-17,-3.7698476
1975-02-18,-3.7698476
1975-02-19,3.0505478
1975-02-20,-3.7593265
1975-02-21,-3.7014945
1975-02-22,-3.7014945
1975-02-23,-3.7015736
1975-02-24,-3.4841654
1975-02-25,-3.613052
1975-02-26,-3.758717
1975-02-27,-3.758717
1975-02-28,-3.758717
1975-03-01,-3.9195516
1975-03-02,-3.8936632
1975-03-03,-3.8936632
1975-03-04,-4.3368015
1975-03-05,2.4738293
1975-03-06,2.5907085
1975-03-07,2.964885
1975-03-08,2.9648895
1975-03-09,-3.8457396
1975-03-10,2.3129017
1975-03-11,-3.7593262
1975-03-12,-3.7593265
1975-03-13,3.087654
1975-03-14,-3.7229474
1975-03-15,-3.671157
1975-03-16,-2.2159083
1975-03-17,-3.4967427
1975-03-18,-3.4967327
1975-03-19,-3.4940898
1975-03-20,-3.3935637
1975-03-21,3.4700358
1975-03-22,-3.3629234
1975-03-23,-3.4208472
1975-03-24,-3.4179666
1975-03-25,3.5525765
1975-03-26,-3.2558448
1975-03-27,-3.0241745
1975-03-28,-2.9251587
1975-03-29,-2.9251587
1975-03-30,-2.7968898
1975-03-31,-2.6732588
1975-04-01,-2.9195952
1975-04-02,-2.9866245
1975-04-03,-3.052927
1975-04-04,2.784107
1975-04-05,3.6451066
1975-04-06,-3.1355252
1975-04-07,-3.1369674
1975-04-08,-3.2293448
1975-04-09,-3.229577
1975-04-10,-3.3213193
1975-04-11,-3.3213193
1975-04-12,-3.1537068
1975-04-13,-3.1537068
1975-04-14,-3.1126149
1975-04-15,-3.0595062
1975-04-16,-2.93615
1975-04-17,-2.9253387
1975-04-18,-2.9251587
1975-04-19,-2.916216
1975-04-20,-2.806378
1975-04-21,-3.107481
1975-04-22,-3.107481
1975-04-23,-3.176781
1975-04-24,-3.0443656
1975-04-25,-3.097122
1975-04-26,-2.917283
1975-04-27,-2.7840276
1975-04-28,-3.1638436
1975-04-29,-3.265138
1975-04-30,-3.436571
1975-05-01,-3.481284
1975-05-02,-4.007902
1975-05-03,-4.1284776
1975-05-04,-4.1284814
1975-05-05,-3.620346
1975-05-06,-3.4583063
1975-05-07,-3.4093852
1975-05-08,-3.3969033
1975-05-09,-3.3968961
1975-05-10,-3.417879
1975-05-11,-3.4178975
1975-05-12,-3.443064
1975-05-13,-3.443064
1975-05-14,-3.443064
1975-05-15,-3.443064
1975-05-16,-3.4187753
1975-05-17,-3.4187753
1975-05-18,-3.4187753
1975-05-19,-3.443064
1975-05-20,-3.4416568
1975-05-21,-3.443064
1975-05-22,-3.440386
1975-05-23,-3.440386
1975-05-24,-3.4093518
1975-05-25,-3.0458996
1975-05-26,-2.8708732
1975-05-27,-2.4881408
1975-05-28,-2.3589377
1975-05-29,-2.3589377
1975-05-30,-2.740861
1975-05-31,-2.8709323
1975-06-01,-3.241587
1975-06-02,-3.2989159
1975-06-03,-3.317353
1975-06-04,-3.299862
1975-06-05,-3.242503
1975-06-06,-3.2797024
1975-06-07,-3.301187
1975-06-08,-3.4356184
1975-06-09,-3.5328875
1975-06-10,-3.8929293
1975-06-11,-3.995983
1975-06-12,-3.9462364
1975-06-13,-3.4434235
1975-06-14,-3.422744
1975-06-15,-3.422744
1975-06-16,-3.422744
1975-06-17,-3.422744
1975-06-18,-3.4271646
1975-06-19,-3.5946014
1975-06-20,-3.7220356
1975-06-21,-3.6114223
1975-06-22,-3.3965201
1975-06-23,-3.5828998
1975-06-24,-3.7275321
1975-06-25,-3.8153737
1975-06-26,-4.003311
1975-06-27,-3.9301012
1975-06-28,-3.9299047
1975-06-29,-3.8389409
1975-06-30,-3.782939
1975-07-01,-3.805824
1975-07-02,-3.1452036
1975-07-03,-3.1452036
1975-07-04,-3.1452036
1975-07-05,-3.460007
1975-07-06,-3.5964618
1975-07-07,-3.6108391
1975-07-08,-3.597565
1975-07-09,-3.2564864
1975-07-10,-3.145273
1975-07-11,-3.1452036
1975-07-12,-3.4753191
1975-07-13,-4.0430284
1975-07-14,-4.4336433
1975-07-15,-4.728216
1975-07-16,-5.1099234
1975-07-17,-4.7273674
1975-07-18,-4.528943
1975-07-19,-4.155715
1975-07-20,-3.886186
1975-07-21,-3.2670543
1975-07-22,-3.3451703
1975-07-23,-3.2392554
1975-07-24,-3.4696796
1975-07-25,-3.6625547
1975-07-26,-3.757129
1975-07-27,-3.960883
1975-07-28,-3.960883
1975-07-29,-3.8158157
1975-07-30,-3.7642467
1975-07-31,-3.6625547
1975-08-01,-3.6625547
1975-08-02,-3.6625547
1975-08-03,-3.8317022
1975-08-04,-3.7719882
1975-08-05,-3.7762003
1975-08-06,-3.7779973
1975-08-07,-3.8224192
1975-08-08,-3.8461251
1975-08-09,-3.8461251
1975-08-10,-4.1108074
1975-08-11,-3.596363
1975-08-12,-3.5963624
1975-08-13,-3.5471084
1975-08-14,-3.6264026
1975-08-15,-3.9142034
1975-08-16,-3.9142673
1975-08-17,-4.0430284
1975-08-18,-4.0430284
1975-08-19,-4.0430036
1975-08-20,-4.042991
1975-08-21,-4.064844
1975-08-22,-4.064844
1975-08-23,-4.064844
1975-08-24,-4.0648503
1975-08-25,-4.4552965
1975-08-26,-4.455371
1975-08-27,-4.7039776
1975-08-28,-4.7039776
1975-08-29,-4.7039776
1975-08-30,-4.7039776
1975-08-31,-4.7039776
1975-09-01,-4.7039776
1975-09-02,-4.7039776
1975-09-03,-4.7039776
1975-09-04,-4.7039776
1975-09-05,-4.7039776
1975-09-06,-4.7039776
1975-09-07,-4.7039776
1975-09-08,-4.810951
1975-09-09,-4.8104353
1975-09-10,-4.810926
1975-09-11,-4.810953
1975-09-12,-4.810953
1975-09-13,-4.810953
1975-09-14,-4.7039776
1975-09-15,-4.7039776
1975-09-16,-4.7039776
1975-09-17,-5.2223864
1975-09-18,-5.222723
1975-09-19,-5.2223864
1975-09-20,-5.2223864
1975-09-21,-4.7039776
1975-09-22,-4.7039776
1975-09-23,-4.7039776
1975-09-24,-4.3121595
1975-09-25,-4.3121595
1975-09-26,-4.3121595
1975-09-27,-4.312196
1975-09-28,-4.7039776
1975-09-29,-4.810953
1975-09-30,-4.810953
1975-10-01,-5.1720695
1975-10-02,-5.1720695
1975-10-03,-5.1720695
1975-10-04,-5.1720695
1975-10-05,-5.1720695
1975-10-06,-5.1720695
1975-10-07,-4.810953
1975-10-08,-4.810953
1975-10-09,-1.2946852
1975-10-10,0.5242111
1975-10-11,-5.279864
1975-10-12,-5.279869
1975-10-13,-5.3687563
1975-10-14,-5.397007
1975-10-15,-5.279869
1975-10-16,-5.279869
1975-10-17,-5.279869
1975-10-18,-5.279869
1975-10-19,-5.2223864
1975-10-20,-5.2223864
1975-10-21,-5.2223864
1975-10-22,-5.2223864
1975-10-23,-5.2223864
1975-10-24,-5.2223864
1975-10-25,-5.2223864
1975-10-26,-0.58358616
1975-10-27,-5.2223864
1975-10-28,-5.279869
1975-10-29,-5.279816
1975-10-30,1.586813
1975-10-31,-5.2223864
1975-11-01,-5.2223864
1975-11-02,-5.2223864
1975-11-03,-5.2223864
1975-11-04,-5.2223864
1975-11-05,-5.222384
1975-11-06,-5.2223864
1975-11-07,-5.2223864
1975-11-08,-5.2223864
1975-11-09,-5.2223735
1975-11-10,-5.156575
1975-11-11,-5.2223864
1975-11-12,-5.2223864
1975-11-13,-5.3721104
1975-11-14,-5.3723135
1975-11-15,-5.3722897
1975-11-16,-5.3704615
1975-11-17,-4.879408
1975-11-18,-4.463087
1975-11-19,-4.445201
1975-11-20,-4.426565
1975-11-21,-4.067527
1975-11-22,-4.266921
1975-11-23,-4.2669287
1975-11-24,-4.5176764
1975-11-25,-5.2841854
1975-11-26,-5.2841854
1975-11-27,-5.4047503
1975-11-28,-5.3829794
1975-11-29,-5.3829794
1975-11-30,-5.404752
1975-12-01,-5.404752
1975-12-02,-5.40475
1975-12-03,-5.4047403
1975-12-04,-5.2841854
1975-12-05,-5.2841854
1975-12-06,-5.2841854
1975-12-07,-5.2841854
1975-12-08,-5.283373
1975-12-09,-5.2059536
1975-12-10,-5.2841806
1975-12-11,-5.2841854
1975-12-12,-5.282211
1975-12-13,-5.2841854
1975-12-14,-5.2842903
1975-12-15,-5.2841854
1975-12-16,-5.2841854
1975-12-17,-5.2841854
1975-12-18,-5.2841854
1975-12-19,-5.2841854
1975-12-20,-5.2841854
1975-12-21,-5.2840447
1975-12-22,-5.2841854
1975-12-23,-5.2841854
1975-12-24,-5.2841854
1975-12-25,-5.2841854
1975-12-26,-5.2841854
1975-12-27,-5.2841854
1975-12-28,-4.886223
1975-12-29,-4.886223
1975-12-30,-4.886223
1975-12-31,-4.886223
1976-01-01,-4.886223
1976-01-02,-4.886223
1976-01-03,-4.886223
1976-01-04,-4.886223
1976-01-05,-4.886223
1976-01-06,-4.886223
1976-01-07,-5.205907
1976-01-08,-5.2841854
1976-01-09,-1.2884095
1976-01-10,-5.404752
1976-01-11,-5.404752
1976-01-12,-5.323902
1976-01-13,-5.2841854
1976-01-14,-5.2841854
1976-01-15,-5.2841854
1976-01-16,-4.886223
1976-01-17,-4.886223
1976-01-18,-4.886223
1976-01-19,-4.886223
1976-01-20,-4.886223
1976-01-21,-4.8862324
1976-01-22,-5.2074394
1976-01-23,-5.2074394
1976-01-24,-5.2074394
1976-01-25,-5.3992634
1976-01-26,-5.404746
1976-01-27,-5.282305
1976-01-28,-5.2059536
1976-01-29,-5.2059536
1976-01-30,-5.2059536
1976-01-31,-5.2059536
1976-02-01,-4.886223
1976-02-02,-4.886223
1976-02-03,-4.886223
1976-02-04,-5.379336
1976-02-05,1.4284128
1976-02-06,-5.07704
1976-02-07,-5.116476
1976-02-08,-4.315411
1976-02-09,-4.275329
1976-02-10,-4.886223
1976-02-11,-4.886223
1976-02-12,-4.8857536
1976-02-13,-4.912859
1976-02-14,-4.5244412
1976-02-15,-4.832546
1976-02-16,-4.722926
1976-02-17,-4.7229557
1976-02-18,-4.6619663
1976-02-19,-4.5368443
1976-02-20,-4.7229557
1976-02-21,-4.7229557
1976-02-22,-4.7229557
1976-02-23,-4.6684475
1976-02-24,-4.536001
1976-02-25,-4.536001
1976-02-26,-4.536001
1976-02-27,-4.536001
1976-02-28,-4.536001
1976-02-29,2.3305578
1976-03-01,-4.4795146
1976-03-02,2.331069
1976-03-03,-4.4795585
1976-03-04,-4.757039
1976-03-05,-4.572748
1976-03-06,-4.520692
1976-03-07,-4.520692
1976-03-08,-4.520692
1976-03-09,-4.5131874
1976-03-10,-4.3617544
1976-03-11,-4.3617544
1976-03-12,-4.2761545
1976-03-13,-4.214944
1976-03-14,-4.1879134
1976-03-15,-4.208787
1976-03-16,-3.944238
1976-03-17,-4.073354
1976-03-18,-4.073354
1976-03-19,-3.846717
1976-03-20,-3.9219196
1976-03-21,-3.9219196
1976-03-22,-3.921541
1976-03-23,-3.9617975
1976-03-24,-4.22904
1976-03-25,-4.5196877
1976-03-26,-4.5469475
1976-03-27,-4.7829456
1976-03-28,-4.5411196
1976-03-29,-4.4193993
1976-03-30,-4.2463093
1976-03-31,-3.9467065
1976-04-01,-3.8339343
1976-04-02,-3.7229488
1976-04-03,-3.721949
1976-04-04,-3.7229488
1976-04-05,-3.7592824
1976-04-06,-3.9218104
1976-04-07,-4.1241326
1976-04-08,2.6821473
1976-04-09,-3.779409
1976-04-10,0.03184312
1976-04-11,-0.15195473
1976-04-12,-3.1031797
1976-04-13,-2.9898467
1976-04-14,-2.9898212
1976-04-15,-3.041379
1976-04-16,-3.1006076
1976-04-17,-3.1006076
1976-04-18,-3.1006076
1976-04-19,-3.1006076
1976-04-20,-3.1694522
1976-04-21,-3.1031866
1976-04-22,-3.1031866
1976-04-23,-2.838686
1976-04-24,-2.5852675
1976-04-25,-2.45625
1976-04-26,-2.5778358
1976-04-27,-2.080899
1976-04-28,-1.9037182
1976-04-29,-1.9037182
1976-04-30,-1.903743
1976-05-01,-2.293189
1976-05-02,-2.6933944
1976-05-03,-2.828471
1976-05-04,-2.9057307
1976-05-05,-3.1006076
1976-05-06,-3.1002932
1976-05-07,-3.1746285
1976-05-08,-3.265138
1976-05-09,-2.9651394
1976-05-10,-2.834751
1976-05-11,-2.3724542
1976-05-12,-2.3724542
1976-05-13,-2.3724542
1976-05-14,-2.3724542
1976-05-15,-2.3724542
1976-05-16,-2.3724542
1976-05-17,-2.4524894
1976-05-18,-2.3724542
1976-05-19,-2.3724542
1976-05-20,-2.3724542
1976-05-21,-2.1738205
1976-05-22,-1.9246893
1976-05-23,-1.9685152
1976-05-24,-1.9035497
1976-05-25,-1.9035497
1976-05-26,-2.3724542
1976-05-27,-2.3724544
1976-05-28,-2.485448
1976-05-29,-2.5908046
1976-05-30,-2.5908046
1976-05-31,-2.6211867
1976-06-01,-2.6546278
1976-06-02,-2.3856
1976-06-03,-2.0880156
1976-06-04,-1.913729
1976-06-05,-1.4913073
1976-06-06,-1.344655
1976-06-07,-1.340642
1976-06-08,-1.4912803
1976-06-09,-1.5265348
1976-06-10,-2.0452175
1976-06-11,-2.1824107
1976-06-12,-2.1824107
1976-06-13,-2.1824107
1976-06-14,-2.1822171
1976-06-15,-1.926553
1976-06-16,-1.3232002
1976-06-17,-1.3232317
1976-06-18,-1.3611674
1976-06-19,-1.3540497
1976-06-20,-1.3468091
1976-06-21,-1.3406444
1976-06-22,-1.340642
1976-06-23,-1.289448
1976-06-24,-1.206718
1976-06-25,-1.1928799
1976-06-26,-1.1644104
1976-06-27,-1.1851466
1976-06-28,-2.0006955
1976-06-29,-2.3684645
1976-06-30,-2.678644
1976-07-01,-2.718491
1976-07-02,-2.7964664
1976-07-03,-2.7833192
1976-07-04,-2.894602
1976-07-05,-2.9299276
1976-07-06,-2.881571
1976-07-07,-2.8509057
1976-07-08,-2.7833192
1976-07-09,-2.7833192
1976-07-10,-2.7833192
1976-07-11,-2.6090124
1976-07-12,-2.0750945
1976-07-13,-1.3454117
1976-07-14,-1.41343
1976-07-15,-1.7840681
1976-07-16,-1.748077
1976-07-17,-1.7840669
1976-07-18,-1.7840681
1976-07-19,-2.0928662
1976-07-20,-2.1316404
1976-07-21,-2.3898013
1976-07-22,-2.3464024
1976-07-23,-0.8127802
1976-07-24,-2.8459141
1976-07-25,-2.8459141
1976-07-26,-2.8243039
1976-07-27,-2.8243196
1976-07-28,-2.9681988
1976-07-29,-2.3877404
1976-07-30,-2.4720833
1976-07-31,-2.5937088
1976-08-01,-2.5993652
1976-08-02,-2.646519
1976-08-03,-2.6650395
1976-08-04,-2.8464487
1976-08-05,-3.066285
1976-08-06,-2.9362004
1976-08-07,-3.1867778
1976-08-08,-3.13903
1976-08-09,-2.9597118
1976-08-10,-2.7965238
1976-08-11,-2.7966082
1976-08-12,-2.7944384
1976-08-13,-3.159076
1976-08-14,3.5322683
1976-08-15,-2.1162076
1976-08-16,-3.4795673
1976-08-17,-3.4630718
1976-08-18,-3.4014618
1976-08-19,3.5073538
1976-08-20,-2.8868186
1976-08-21,-2.5644076
1976-08-22,-2.594381
1976-08-23,-2.7916527
1976-08-24,-3.253915
1976-08-25,-3.3613098
1976-08-26,-2.8531702
1976-08-27,-2.5797698
1976-08-28,-2.697691
1976-08-29,-2.68356
1976-08-30,-2.7833192
1976-08-31,-2.7959838
1976-09-01,-2.7450943
1976-09-02,-2.4932396
1976-09-03,-2.166922
1976-09-04,-2.645185
1976-09-05,-2.6178448
1976-09-06,-2.5253599
1976-09-07,-2.2400408
1976-09-08,-1.5309436
1976-09-09,-1.9122086
1976-09-10,-2.3373175
1976-09-11,-2.453508
1976-09-12,-2.8259058
1976-09-13,-3.1328769
1976-09-14,-3.0151465
1976-09-15,-3.0514035
1976-09-16,-3.0418658
1976-09-17,-3.017317
1976-09-18,-2.9745662
1976-09-19,-2.7519329
1976-09-20,-2.625732
1976-09-21,-2.6035357
1976-09-22,-2.1969316
1976-09-23,-2.1963208
1976-09-24,-2.1963208
1976-09-25,-2.6024246
1976-09-26,-2.8064125
1976-09-27,-3.1188486
1976-09-28,-3.060152
1976-09-29,2.7634466
1976-09-30,-3.0094078
1976-10-01,3.1336782
1976-10-02,-3.0471258
1976-10-03,-2.7900164
1976-10-04,-2.7787383
1976-10-05,-2.8333874
1976-10-06,-3.1404376
1976-10-07,-3.1620443
1976-10-08,-3.6119556
1976-10-09,-3.717162
1976-10-10,-3.7826195
1976-10-11,-3.8392437
1976-10-12,-3.7704012
1976-10-13,-3.6678474
1976-10-14,-3.4871428
1976-10-15,-3.1920931
1976-10-16,-2.9497182
1976-10-17,-2.7503111
1976-10-18,-2.654855
1976-10-19,-2.5442333
1976-10-20,-2.5977104
1976-10-21,-2.576931
1976-10-22,-2.5768762
1976-10-23,-2.8212483
1976-10-24,-2.8492506
1976-10-25,-2.8683374
1976-10-26,-2.801529
1976-10-27,-2.8468506
1976-10-28,-2.8377457
1976-10-29,-2.7417343
1976-10-30,-2.6985867
1976-10-31,-2.5718634
1976-11-01,-2.6712596
1976-11-02,-2.6713512
1976-11-03,-2.7436738
1976-11-04,-3.237077
1976-11-05,-3.3492718
1976-11-06,-3.846424
1976-11-07,-3.887348
1976-11-08,-3.6307292
1976-11-09,-3.380575
1976-11-10,-3.181127
1976-11-11,-2.764558
1976-11-12,-2.534032
1976-11-13,-2.281237
1976-11-14,4.43968
1976-11-15,-2.7650433
1976-11-16,-2.8899941
1976-11-17,-2.6995962
1976-11-18,-2.9579947
1976-11-19,-3.295854
1976-11-20,-3.2532346
1976-11-21,-3.3455172
1976-11-22,-3.3007271
1976-11-23,-3.284751
1976-11-24,-3.3843644
1976-11-25,-3.3843644
1976-11-26,-3.3841357
1976-11-27,-3.1653638
1976-11-28,-2.9477236
1976-11-29,-2.7513087
1976-11-30,-2.8156366
1976-12-01,-2.8169637
1976-12-02,-2.7632387
1976-12-03,-2.7631428
1976-12-04,-2.7228734
1976-12-05,-2.7030761
1976-12-06,-2.7031157
1976-12-07,-2.70795
1976-12-08,-2.7880018
1976-12-09,-3.2070131
1976-12-10,-3.503396
1976-12-11,-4.02658
1976-12-12,-4.2038603
1976-12-13,-4.9184732
1976-12-14,-5.40563
1976-12-15,-5.3829794
1976-12-16,-5.3829794
1976-12-17,-5.116479
1976-12-18,-4.816724
1976-12-19,-4.2033014
1976-12-20,-4.2033014
1976-12-21,-4.205925
1976-12-22,-3.7971323
1976-12-23,-3.7233381
1976-12-24,-3.378226
1976-12-25,-3.2101755
1976-12-26,-2.901274
1976-12-27,-3.216713
1976-12-28,-3.322073
1976-12-29,-3.3220398
1976-12-30,3.4195104
1976-12-31,-3.3733358
1977-01-01,-3.411874
1977-01-02,3.3981977
1977-01-03,-3.444758
1977-01-04,-3.64453
1977-01-05,-3.7022808
1977-01-06,-3.5368824
1977-01-07,-3.4470026
1977-01-08,-3.322863
1977-01-09,-3.2919455
1977-01-10,-3.143069
1977-01-11,-3.144439
1977-01-12,-2.881732
1977-01-13,-2.1824098
1977-01-14,-1.8363824
1977-01-15,-1.6817772
1977-01-16,-1.6817772
1977-01-17,-1.681777
1977-01-18,-2.354546
1977-01-19,-2.8569953
1977-01-20,-2.8569953
1977-01-21,-2.706525
1977-01-22,-2.8808699
1977-01-23,-2.9166884
1977-01-24,-3.350006
1977-01-25,-3.465806
1977-01-26,-3.1979384
1977-01-27,-3.1843379
1977-01-28,-3.2725906
1977-01-29,-3.5750852
1977-01-30,-3.5362797
1977-01-31,-3.741215
1977-02-01,-4.3776064
1977-02-02,-4.3776064
1977-02-03,-4.2863016
1977-02-04,-4.073354
1977-02-05,-3.6800702
1977-02-06,-3.4451563
1977-02-07,-3.5097563
1977-02-08,-2.9960554
1977-02-09,-3.4132671
1977-02-10,-3.0807438
1977-02-11,-3.0095382
1977-02-12,-2.9201467
1977-02-13,-2.8028414
1977-02-14,-2.689494
1977-02-15,-2.8047054
1977-02-16,-3.0706
1977-02-17,-3.1257997
1977-02-18,-3.1257997
1977-02-19,-3.1191318
1977-02-20,-3.1190972
1977-02-21,3.688708
1977-02-22,-3.359876
1977-02-23,-3.3598745
1977-02-24,-3.3176491
1977-02-25,-3.186321
1977-02-26,-3.2400603
1977-02-27,-3.3607829
1977-02-28,-3.436715
1977-03-01,-3.4402053
1977-03-02,-3.4172633
1977-03-03,-3.4170868
1977-03-04,-3.398628
1977-03-05,-3.2844434
1977-03-06,-3.3912358
1977-03-07,-3.3024073
1977-03-08,-3.302439
1977-03-09,-3.3967927
1977-03-10,-3.3968961
1977-03-11,-3.3968961
1977-03-12,-3.4021695
1977-03-13,-3.4247196
1977-03-14,-3.5189703
1977-03-15,-2.3245397
1977-03-16,3.35756
1977-03-17,-3.4499857
1977-03-18,-3.3667057
1977-03-19,-3.395204
1977-03-20,-3.4220665
1977-03-21,-3.4256587
1977-03-22,-3.436571
1977-03-23,-3.3782873
1977-03-24,3.5454931
1977-03-25,-3.2651265
1977-03-26,-3.088301
1977-03-27,-3.024563
1977-03-28,-2.8968158
1977-03-29,-2.8968158
1977-03-30,-2.8966987
1977-03-31,-2.8968158
1977-04-01,-2.8968158
1977-04-02,-2.896815
1977-04-03,-3.1054397
1977-04-04,-3.0861294
1977-04-05,-3.0666494
1977-04-06,-3.0928473
1977-04-07,-3.0928473
1977-04-08,-3.3660946
1977-04-09,-3.4001014
1977-04-10,-3.4001024
1977-04-11,-3.4787114
1977-04-12,-3.612789
1977-04-13,-3.6127074
1977-04-14,-3.273568
1977-04-15,-3.1099265
1977-04-16,-3.0949733
1977-04-17,-2.8737931
1977-04-18,-2.7222652
1977-04-19,-2.822408
1977-04-20,-2.8699913
1977-04-21,-2.8699913
1977-04-22,-2.8699913
1977-04-23,-2.6810083
1977-04-24,-2.5430381
1977-04-25,-2.2554634
1977-04-26,-2.1991494
1977-04-27,-2.3392575
1977-04-28,-2.3025978
1977-04-29,-2.3025978
1977-04-30,-1.2970818
1977-05-01,4.591586
1977-05-02,-2.2186198
1977-05-03,-2.1991494
1977-05-04,-2.1991494
1977-05-05,-2.1991494
1977-05-06,-2.3320043
1977-05-07,-2.7327347
1977-05-08,3.9858572
1977-05-09,-2.8224049
1977-05-10,-2.822408
1977-05-11,3.6087146
1977-05-12,-2.5406597
1977-05-13,-2.5430381
1977-05-14,-2.3276143
1977-05-15,-2.3276143
1977-05-16,-2.2579906
1977-05-17,-2.2582893
1977-05-18,-2.2554905
1977-05-19,-2.2554634
1977-05-20,-2.2554634
1977-05-21,-2.5692368
1977-05-22,-2.703857
1977-05-23,-2.8116999
1977-05-24,-2.5718195
1977-05-25,-2.3316832
1977-05-26,-2.1591883
1977-05-27,-2.1734748
1977-05-28,-2.1734748
1977-05-29,-2.084214
1977-05-30,-2.084214
1977-05-31,-2.084214
1977-06-01,-2.084214
1977-06-02,-2.1635807
1977-06-03,-2.20463
1977-06-04,-2.20463
1977-06-05,-2.5651503
1977-06-06,-2.5651503
1977-06-07,-2.7303321
1977-06-08,-2.7283313
1977-06-09,-2.6532583
1977-06-10,-2.6537852
1977-06-11,-2.2788444
1977-06-12,-2.0909402
1977-06-13,-2.0909674
1977-06-14,-2.2613635
1977-06-15,-2.0974336
1977-06-16,-2.2175171
1977-06-17,-2.2391553
1977-06-18,-2.4772742
1977-06-19,-2.0221379
1977-06-20,-2.0221162
1977-06-21,-2.1534755
1977-06-22,-2.1534755
1977-06-23,-1.8734398
1977-06-24,-2.0958862
1977-06-25,-2.2950227
1977-06-26,-2.2950227
1977-06-27,-2.7225602
1977-06-28,-2.7225604
1977-06-29,-2.6613908
1977-06-30,-2.5908642
1977-07-01,-2.3614552
1977-07-02,-2.2941408
1977-07-03,-2.2941408
1977-07-04,-2.7384722
1977-07-05,-2.8386886
1977-07-06,-2.7266126
1977-07-07,-2.7072563
1977-07-08,-2.432084
1977-07-09,-2.4320652
1977-07-10,-2.26888
1977-07-11,-2.26888
1977-07-12,-2.2688801
1977-07-13,-2.326471
1977-07-14,-2.4319534
1977-07-15,-2.67103
1977-07-16,-2.7058218
1977-07-17,-2.8440473
1977-07-18,-3.4430683
1977-07-19,-3.5117989
1977-07-20,-3.483366
1977-07-21,-3.486331
1977-07-22,-3.432525
1977-07-23,-3.3694003
1977-07-24,-3.2713203
1977-07-25,-3.1498187
1977-07-26,-3.0684302
1977-07-27,-3.0934374
1977-07-28,-3.137924
1977-07-29,-3.1820679
1977-07-30,-3.452302
1977-07-31,-3.7005098
1977-08-01,-3.9425309
1977-08-02,-3.7868805
1977-08-03,-3.4884648
1977-08-04,-3.3550432
1977-08-05,-3.3549793
1977-08-06,-3.3549793
1977-08-07,-3.44417
1977-08-08,-3.6920028
1977-08-09,-3.9443786
1977-08-10,-4.0596743
1977-08-11,-3.9699724
1977-08-12,-4.0610065
1977-08-13,-3.9443786
1977-08-14,-3.798971
1977-08-15,-3.7397
1977-08-16,-3.5860608
1977-08-17,-3.490745
1977-08-18,-3.490745
1977-08-19,-3.4566278
1977-08-20,-3.5171728
1977-08-21,-3.6675332
1977-08-22,-3.7628667
1977-08-23,-3.6400096
1977-08-24,-3.6675332
1977-08-25,-3.6397328
1977-08-26,-3.6624882
1977-08-27,-3.66491
1977-08-28,-3.6626713
1977-08-29,-3.5259585
1977-08-30,-3.5259585
1977-08-31,-3.5259585
1977-09-01,-3.4635878
1977-09-02,-3.512024
1977-09-03,-3.5275762
1977-09-04,-3.459856
1977-09-05,-3.4401798
1977-09-06,-3.0891724
1977-09-07,-2.996313
1977-09-08,-2.980538
1977-09-09,-2.7735088
1977-09-10,-2.747259
1977-09-11,-2.7297978
1977-09-12,-2.7297957
1977-09-13,-3.0056732
1977-09-14,-3.1029704
1977-09-15,-3.213841
1977-09-16,-3.1694734
1977-09-17,-3.1569624
1977-09-18,-3.1769698
1977-09-19,-3.0060947
1977-09-20,-3.337604
1977-09-21,-3.3542824
1977-09-22,-3.5077884
1977-09-23,-3.5303051
1977-09-24,-3.7482526
1977-09-25,-4.016212
1977-09-26,-4.077938
1977-09-27,-4.077938
1977-09-28,-4.0778975
1977-09-29,-4.077938
1977-09-30,-3.973696
1977-10-01,-3.973696
1977-10-02,-4.1676064
1977-10-03,-4.1676064
1977-10-04,-4.1676016
1977-10-05,-4.168073
1977-10-06,-3.6438382
1977-10-07,-3.6521084
1977-10-08,-3.5836647
1977-10-09,-3.4516506
1977-10-10,-3.4516506
1977-10-11,-3.4854386
1977-10-12,-3.5605943
1977-10-13,-3.5830104
1977-10-14,-3.679749
1977-10-15,-3.5250401
1977-10-16,-3.5250401
1977-10-17,-3.4112504
1977-10-18,-3.3994122
1977-10-19,-3.3549798
1977-10-20,-2.99058
1977-10-21,-2.9756808
1977-10-22,-3.0734918
1977-10-23,-3.0789828
1977-10-24,-2.988738
1977-10-25,-2.8371046
1977-10-26,-2.9357674
1977-10-27,-2.9357588
1977-10-28,-2.7948782
1977-10-29,-2.7392075
1977-10-30,-2.7059698
1977-10-31,-2.67103
1977-11-01,-2.67103
1977-11-02,-2.5976799
1977-11-03,-2.4553366
1977-11-04,-2.3875852
1977-11-05,4.462412
1977-11-06,-2.4090044
1977-11-07,-2.2155035
1977-11-08,-2.2154994
1977-11-09,-2.2128959
1977-11-10,-2.3284118
1977-11-11,-2.578891
1977-11-12,-2.5789082
1977-11-13,-2.6925104
1977-11-14,-2.8077147
1977-11-15,-2.8077295
1977-11-16,-2.6463993
1977-11-17,-2.533914
1977-11-18,-2.5339077
1977-11-19,-2.6899593
1977-11-20,-2.5852203
1977-11-21,4.1542764
1977-11-22,3.9689004
1977-11-23,-3.0673513
1977-11-24,-3.1342413
1977-11-25,-3.006852
1977-11-26,-3.0052865
1977-11-27,-2.887424
1977-11-28,-2.8874238
1977-11-29,-2.705578
1977-11-30,-2.7056773
1977-12-01,-2.8577921
1977-12-02,-2.8577921
1977-12-03,-2.8353257
1977-12-04,-3.1205604
1977-12-05,-3.126932
1977-12-06,-3.095625
1977-12-07,-3.1431851
1977-12-08,-3.1432157
1977-12-09,-3.1290967
1977-12-10,-3.2755888
1977-12-11,-3.335847
1977-12-12,-3.3516366
1977-12-13,-3.4610527
1977-12-14,-3.4217622
1977-12-15,3.3504133
1977-12-16,0.68414116
1977-12-17,3.4338987
1977-12-18,-3.2688074
1977-12-19,-3.317535
1977-12-20,-3.1336467
1977-12-21,4.066914
1977-12-22,4.0882463
1977-12-23,3.9350848
1977-12-24,-2.5008636
1977-12-25,-2.8350878
1977-12-26,3.5249395
1977-12-27,2.9639394
1977-12-28,-3.914971
1977-12-29,-3.8161962
1977-12-30,-3.7614183
1977-12-31,-3.4087086
1978-01-01,-3.2974997
1978-01-02,-1.8517154
1978-01-03,-2.32139
1978-01-04,3.7227619
1978-01-05,3.565384
1978-01-06,-3.2292924
1978-01-07,-3.4499333
1978-01-08,-3.1793532
1978-01-09,3.9682615
1978-01-10,-2.812605
1978-01-11,-2.6977282
1978-01-12,-2.4920464
1978-01-13,-1.7869413
1978-01-14,4.165292
1978-01-15,4.238983
1978-01-16,4.23902
1978-01-17,-2.956215
1978-01-18,-0.07225801
1978-01-19,3.2104073
1978-01-20,-3.2454882
1978-01-21,-3.3492324
1978-01-22,-3.2568133
1978-01-23,-3.3390512
1978-01-24,-3.3260536
1978-01-25,-3.319274
1978-01-26,-3.319274
1978-01-27,-3.3846915
1978-01-28,-3.3846915
1978-01-29,-3.3846915
1978-01-30,-3.3189383
1978-01-31,-3.2632089
1978-02-01,-3.2681336
1978-02-02,-3.2793596
1978-02-03,-2.8465905
1978-02-04,-2.633922
1978-02-05,4.050323
1978-02-06,4.1295176
1978-02-07,4.08015
1978-02-08,4.0184793
1978-02-09,-2.1965034
1978-02-10,-2.8534446
1978-02-11,-3.278736
1978-02-12,3.625578
1978-02-13,-2.327817
1978-02-14,-3.0599961
1978-02-15,-2.6190941
1978-02-16,-2.5682485
1978-02-17,-2.5524633
1978-02-18,-2.5525463
1978-02-19,-2.594863
1978-02-20,-2.5988035
1978-02-21,-2.5216544
1978-02-22,-2.5208144
1978-02-23,-2.464496
1978-02-24,-2.6011314
1978-02-25,-2.6011314
1978-02-26,-2.6011314
1978-02-27,-2.6011314
1978-02-28,-2.85089
1978-03-01,0.98431915
1978-03-02,3.6851947
1978-03-03,3.6943316
1978-03-04,3.6560981
1978-03-05,3.5198321
1978-03-06,-3.443651
1978-03-07,-3.4517252
1978-03-08,-2.9762084
1978-03-09,-3.0170994
1978-03-10,-3.4449704
1978-03-11,-1.4875568
1978-03-12,-3.4841619
1978-03-13,-3.484331
1978-03-14,-3.4843307
1978-03-15,-3.4843307
1978-03-16,-3.4436514
1978-03-17,-3.443651
1978-03-18,-3.37838
1978-03-19,-3.2303553
1978-03-20,-3.2303557
1978-03-21,3.578895
1978-03-22,-3.31156
1978-03-23,-3.2469137
1978-03-24,-3.0946074
1978-03-25,-3.0411038
1978-03-26,-2.835753
1978-03-27,-2.751046
1978-03-28,-2.8425071
1978-03-29,-2.8094928
1978-03-30,3.8913856
1978-03-31,3.7033293
1978-04-01,-2.8960583
1978-04-02,-2.8960948
1978-04-03,-3.1494741
1978-04-04,3.571298
1978-04-05,-3.3365836
1978-04-06,3.5055673
1978-04-07,-3.3049405
1978-04-08,-3.4285295
1978-04-09,-3.4285262
1978-04-10,-3.2980144
1978-04-11,-3.2579355
1978-04-12,-3.2579355
1978-04-13,-3.2578604
1978-04-14,-3.0999584
1978-04-15,3.7106547
1978-04-16,-2.9687524
1978-04-17,-2.9484246
1978-04-18,-2.9484246
1978-04-19,-2.9687433
1978-04-20,-2.918663
1978-04-21,-2.9186819
1978-04-22,-2.9186819
1978-04-23,-2.9186819
1978-04-24,-2.918564
1978-04-25,3.954947
1978-04-26,-2.92595
1978-04-27,-2.9006813
1978-04-28,-2.8992221
1978-04-29,-2.9006805
1978-04-30,-2.8134525
1978-05-01,-2.8556452
1978-05-02,-2.8556452
1978-05-03,-2.855645
1978-05-04,-2.822408
1978-05-05,-2.822408
1978-05-06,-2.9500299
1978-05-07,-2.9499593
1978-05-08,-2.9499593
1978-05-09,-2.9499593
1978-05-10,-2.9499593
1978-05-11,-2.894705
1978-05-12,-2.9959958
1978-05-13,-2.9580297
1978-05-14,-2.9580297
1978-05-15,-2.9580297
1978-05-16,-2.9580297
1978-05-17,-2.9580297
1978-05-18,-3.0296402
1978-05-19,-3.2907214
1978-05-20,-3.4056764
1978-05-21,-3.4057362
1978-05-22,-3.4345715
1978-05-23,-3.2127893
1978-05-24,-3.170763
1978-05-25,-3.161357
1978-05-26,-2.5384414
1978-05-27,-2.1282792
1978-05-28,-2.1282792
1978-05-29,-3.0170982
1978-05-30,-3.020777
1978-05-31,-3.0635993
1978-06-01,-3.2826009
1978-06-02,-3.4416654
1978-06-03,-3.396387
1978-06-04,-3.5739572
1978-06-05,-3.4320273
1978-06-06,-3.1707022
1978-06-07,-3.1285655
1978-06-08,-2.9704208
1978-06-09,-3.153403
1978-06-10,-3.2337584
1978-06-11,-3.2791305
1978-06-12,-3.408811
1978-06-13,-3.076845
1978-06-14,-3.309664
1978-06-15,-3.3686922
1978-06-16,-3.3976252
1978-06-17,-3.3976247
1978-06-18,-3.3709655
1978-06-19,-3.3709655
1978-06-20,-3.3712218
1978-06-21,-3.3209803
1978-06-22,-2.9899201
1978-06-23,-3.121653
1978-06-24,-2.956799
1978-06-25,-2.98576
1978-06-26,-2.9980593
1978-06-27,-2.9257207
1978-06-28,-2.9186907
1978-06-29,-2.8618813
1978-06-30,-2.8827198
1978-07-01,-2.800109
1978-07-02,-2.7913587
1978-07-03,-2.93795
1978-07-04,-2.9338863
1978-07-05,-2.818606
1978-07-06,-2.9404545
1978-07-07,-3.0941224
1978-07-08,-3.177686
1978-07-09,-3.264824
1978-07-10,-3.3482704
1978-07-11,-3.2789838
1978-07-12,-2.7973275
1978-07-13,-2.7027974
1978-07-14,-2.500792
1978-07-15,-2.2988112
1978-07-16,-2.1264405
1978-07-17,-1.41343
1978-07-18,-1.41343
1978-07-19,-1.9207547
1978-07-20,-1.9207547
1978-07-21,-2.2096095
1978-07-22,-2.3293452
1978-07-23,-2.6423938
1978-07-24,-2.644041
1978-07-25,-2.5843787
1978-07-26,-2.58798
1978-07-27,-2.505769
1978-07-28,-2.498014
1978-07-29,-2.498014
1978-07-30,-2.498014
1978-07-31,-2.6542985
1978-08-01,-2.6927965
1978-08-02,-2.7069144
1978-08-03,-2.7349792
1978-08-04,-2.9536152
1978-08-05,-2.9883664
1978-08-06,-3.0891724
1978-08-07,-3.3331945
1978-08-08,-3.4973567
1978-08-09,-3.604568
1978-08-10,-3.4623501
1978-08-11,-3.4875636
1978-08-12,-3.4978356
1978-08-13,-3.836101
1978-08-14,-3.4521618
1978-08-15,-3.399368
1978-08-16,-3.05176
1978-08-17,-2.9883788
1978-08-18,-2.9883664
1978-08-19,-3.193007
1978-08-20,-3.3505464
1978-08-21,-3.3822742
1978-08-22,-3.5668259
1978-08-23,-3.8450437
1978-08-24,-3.839373
1978-08-25,-4.0679846
1978-08-26,-4.075619
1978-08-27,-4.083292
1978-08-28,-3.9667423
1978-08-29,-3.7229934
1978-08-30,-3.5642827
1978-08-31,-3.5642827
1978-09-01,-3.5642827
1978-09-02,-3.8415954
1978-09-03,-3.9453533
1978-09-04,-3.5043085
1978-09-05,-4.1360855
1978-09-06,-4.096899
1978-09-07,-4.096867
1978-09-08,-4.0008507
1978-09-09,-3.9784653
1978-09-10,-3.8267605
1978-09-11,-3.7744207
1978-09-12,-4.0571165
1978-09-13,-4.0571165
1978-09-14,-3.4832196
1978-09-15,-3.5268686
1978-09-16,-3.6595898
1978-09-17,-3.5846393
1978-09-18,-3.7450337
1978-09-19,-3.9292166
1978-09-20,-4.0294
1978-09-21,-4.4983044
1978-09-22,-4.6682806
1978-09-23,-4.4149656
1978-09-24,-4.728915
1978-09-25,-4.728915
1978-09-26,-4.6667128
1978-09-27,-4.6682806
1978-09-28,-4.5508823
1978-09-29,-4.297783
1978-09-30,-4.168073
1978-10-01,-4.168073
1978-10-02,-4.1301146
1978-10-03,-4.0138593
1978-10-04,-4.0641565
1978-10-05,-4.0258865
1978-10-06,-4.0645165
1978-10-07,-4.0645165
1978-10-08,-4.0358987
1978-10-09,-4.0378447
1978-10-10,-4.001136
1978-10-11,-3.9667423
1978-10-12,-3.9667423
1978-10-13,-3.77917
1978-10-14,-3.7791407
1978-10-15,-3.8889387
1978-10-16,-4.0274873
1978-10-17,-4.0779285
1978-10-18,-4.077938
1978-10-19,-4.168073
1978-10-20,-4.4724636
1978-10-21,-4.7712984
1978-10-22,-5.3074903
1978-10-23,-5.329159
1978-10-24,-5.340226
1978-10-25,-5.0925236
1978-10-26,-4.668277
1978-10-27,-4.6682806
1978-10-28,-4.836895
1978-10-29,-4.6088543
1978-10-30,-4.4714537
1978-10-31,-4.668003
1978-11-01,-4.8371563
1978-11-02,-4.6682806
1978-11-03,-4.6682806
1978-11-04,-4.6682806
1978-11-05,-4.668293
1978-11-06,-5.026142
1978-11-07,-4.8371964
1978-11-08,-4.4724636
1978-11-09,-4.2088423
1978-11-10,-4.2088404
1978-11-11,-4.1669154
1978-11-12,-1.3309641
1978-11-13,-3.808428
1978-11-14,-3.7579675
1978-11-15,-3.7016573
1978-11-16,-3.9656827
1978-11-17,-4.2035265
1978-11-18,-4.2035265
1978-11-19,-4.2825794
1978-11-20,2.5752234
1978-11-21,2.589626
1978-11-22,2.6017065
1978-11-23,-4.2088404
1978-11-24,-4.3246317
1978-11-25,-4.324641
1978-11-26,-4.4157906
1978-11-27,-4.837186
1978-11-28,-4.8371964
1978-11-29,-4.8371964
1978-11-30,-4.8371964
1978-12-01,-4.8371925
1978-12-02,-4.8371964
1978-12-03,-4.8371964
1978-12-04,-4.8342667
1978-12-05,-4.5508823
1978-12-06,-4.5508823
1978-12-07,-4.5508823
1978-12-08,-4.404703
1978-12-09,-4.3624353
1978-12-10,-4.308488
1978-12-11,-4.138511
1978-12-12,-4.129017
1978-12-13,-4.128993
1978-12-14,-4.131365
1978-12-15,-4.330077
1978-12-16,-4.465043
1978-12-17,1.4413799
1978-12-18,-0.47980356
1978-12-19,-5.3086953
1978-12-20,-4.510516
1978-12-21,-4.6096506
1978-12-22,-4.653722
1978-12-23,-4.4498024
1978-12-24,-4.351927
1978-12-25,-4.351927
1978-12-26,-4.5241766
1978-12-27,-4.6526403
1978-12-28,-4.653674
1978-12-29,-4.653676
1978-12-30,-4.8773527
1978-12-31,-4.8773527
1979-01-01,-4.6632586
1979-01-02,-4.6632586
1979-01-03,-4.244505
1979-01-04,-4.136008
1979-01-05,2.6850498
1979-01-06,-3.9935377
1979-01-07,-3.5130317
1979-01-08,3.1465507
1979-01-09,-3.4165392
1979-01-10,-3.286155
1979-01-11,3.456333
1979-01-12,-3.5160937
1979-01-13,-3.6368198
1979-01-14,3.157032
1979-01-15,2.9537551
1979-01-16,-4.1585484
1979-01-17,-4.392485
1979-01-18,-4.65365
1979-01-19,-4.734576
1979-01-20,-4.598686
1979-01-21,-4.3450956
1979-01-22,-4.3450956
1979-01-23,-4.3450956
1979-01-24,-4.0073166
1979-01-25,-4.0989976
1979-01-26,-4.2506046
1979-01-27,-4.308449
1979-01-28,-4.164535
1979-01-29,-4.0241246
1979-01-30,2.6782393
1979-01-31,-3.6769068
1979-02-01,-3.5596356
1979-02-02,-3.401682
1979-02-03,-3.524245
1979-02-04,-3.5298924
1979-02-05,-3.4978747
1979-02-06,-3.5982735
1979-02-07,-3.8598182
1979-02-08,-3.9094374
1979-02-09,-4.083108
1979-02-10,-4.401745
1979-02-11,-4.4141865
1979-02-12,-4.3436804
1979-02-13,2.4847293
1979-02-14,-4.1674953
1979-02-15,-4.3879204
1979-02-16,2.6070766
1979-02-17,-4.000286
1979-02-18,3.3140314
1979-02-19,-2.8550339
1979-02-20,4.0676036
1979-02-21,3.9739802
1979-02-22,4.001267
1979-02-23,-2.8681898
1979-02-24,-2.681751
1979-02-25,-3.2246566
1979-02-26,-3.3505766
1979-02-27,-3.3522835
1979-02-28,3.6119096
1979-03-01,-2.5111675
1979-03-02,-3.028127
1979-03-03,-2.1834297
1979-03-04,-2.2372446
1979-03-05,-1.7391562
1979-03-06,-1.3810487
1979-03-07,-1.3810486
1979-03-08,-1.6547375
1979-03-09,-1.6688175
1979-03-10,-1.7923143
1979-03-11,-2.5248427
1979-03-12,-2.508018
1979-03-13,-2.5233455
1979-03-14,-2.8697076
1979-03-15,3.944432
1979-03-16,-2.7895436
1979-03-17,-2.8275905
1979-03-18,-2.8285718
1979-03-19,-3.0028937
1979-03-20,-3.1031866
1979-03-21,-3.2790265
1979-03-22,-3.28005
1979-03-23,-3.354425
1979-03-24,-3.3263924
1979-03-25,-3.2573166
1979-03-26,3.695106
1979-03-27,3.9628172
1979-03-28,4.3522325
1979-03-29,-1.7266164
1979-03-30,-1.7985117
1979-03-31,-1.7985117
1979-04-01,-1.7985117
1979-04-02,-1.7985117
1979-04-03,-1.7985117
1979-04-04,-1.7985117
1979-04-05,-1.7985117
1979-04-06,-1.5386355
1979-04-07,-1.6289744
1979-04-08,-1.6366432
1979-04-09,-1.743748
1979-04-10,-2.3195598
1979-04-11,-2.673564
1979-04-12,-3.2600837
1979-04-13,-2.9432178
1979-04-14,-3.2600837
1979-04-15,-2.898425
1979-04-16,-2.369043
1979-04-17,-2.199491
1979-04-18,-1.9673207
1979-04-19,-1.5869071
1979-04-20,-1.5869071
1979-04-21,-1.5869539
1979-04-22,-1.9595988
1979-04-23,4.8317184
1979-04-24,-1.8249164
1979-04-25,-2.0524967
1979-04-26,4.5948195
1979-04-27,-2.0666275
1979-04-28,-1.8407748
1979-04-29,-1.8407748
1979-04-30,-1.5869071
1979-05-01,-1.5869071
1979-05-02,-1.5869071
1979-05-03,-1.5869071
1979-05-04,-1.8839941
1979-05-05,-1.8409954
1979-05-06,-2.2369597
1979-05-07,-2.2185335
1979-05-08,-2.2185602
1979-05-09,-2.4372675
1979-05-10,-2.3129046
1979-05-11,-2.2018216
1979-05-12,-2.2018216
1979-05-13,-2.2018216
1979-05-14,-2.2018216
1979-05-15,-2.437138
1979-05-16,-2.3025978
1979-05-17,-2.339304
1979-05-18,-2.3893638
1979-05-19,-2.5281408
1979-05-20,-2.488423
1979-05-21,-2.5117207
1979-05-22,-2.589616
1979-05-23,-2.589616
1979-05-24,-2.589616
1979-05-25,-2.4822369
1979-05-26,-2.4822369
1979-05-27,-2.1524584
1979-05-28,-2.1964874
1979-05-29,-2.1344583
1979-05-30,-2.4625962
1979-05-31,-2.6753871
1979-06-01,-2.5798202
1979-06-02,-2.3502371
1979-06-03,-2.3502371
1979-06-04,-2.3748727
1979-06-05,-2.4988976
1979-06-06,-2.1534755
1979-06-07,-2.1534755
1979-06-08,-2.1534755
1979-06-09,-2.4991834
1979-06-10,-2.3502371
1979-06-11,-2.3502371
1979-06-12,-2.3502371
1979-06-13,-2.3749707
1979-06-14,-2.391589
1979-06-15,-2.281899
1979-06-16,-2.274019
1979-06-17,-2.274019
1979-06-18,-2.274019
1979-06-19,-2.3296087
1979-06-20,-2.3627636
1979-06-21,-2.1017623
1979-06-22,-2.2714124
1979-06-23,-2.2740192
1979-06-24,-2.7992082
1979-06-25,-2.8204124
1979-06-26,-3.136194
1979-06-27,-3.320045
1979-06-28,-3.340963
1979-06-29,-3.2964747
1979-06-30,-3.0614884
1979-07-01,-3.3345697
1979-07-02,-3.4039624
1979-07-03,-3.3956468
1979-07-04,-3.3994088
1979-07-05,-3.3994088
1979-07-06,-3.3994088
1979-07-07,-3.4712384
1979-07-08,-3.4718595
1979-07-09,-3.5749757
1979-07-10,-3.5612197
1979-07-11,-3.548897
1979-07-12,-3.4709623
1979-07-13,-3.4912832
1979-07-14,-3.7191927
1979-07-15,-3.4597647
1979-07-16,-3.342835
1979-07-17,-3.342835
1979-07-18,-3.311715
1979-07-19,-3.311715
1979-07-20,-3.311715
1979-07-21,-3.4067519
1979-07-22,-3.1191533
1979-07-23,-3.0696576
1979-07-24,-2.8688786
1979-07-25,-2.8799074
1979-07-26,-2.8799076
1979-07-27,-2.8239992
1979-07-28,-2.802333
1979-07-29,-2.6526766
1979-07-30,-2.773977
1979-07-31,-2.9834309
1979-08-01,-3.1391191
1979-08-02,-3.4181979
1979-08-03,-3.5057228
1979-08-04,-3.4828916
1979-08-05,-3.5208774
1979-08-06,-3.5208774
1979-08-07,-3.5208843
1979-08-08,-3.5905035
1979-08-09,-3.5250401
1979-08-10,-3.2717783
1979-08-11,-2.9477978
1979-08-12,-2.953626
1979-08-13,-2.7102184
1979-08-14,-2.7095242
1979-08-15,-2.708463
1979-08-16,-2.7489476
1979-08-17,-2.7500074
1979-08-18,-2.7502081
1979-08-19,-2.7504516
1979-08-20,-3.168783
1979-08-21,-3.3720458
1979-08-22,-3.2548347
1979-08-23,-3.2580934
1979-08-24,-3.028382
1979-08-25,-3.068651
1979-08-26,-3.053168
1979-08-27,-3.3988967
1979-08-28,-3.1516387
1979-08-29,-2.9883664
1979-08-30,-2.9883664
1979-08-31,-2.9754617
1979-09-01,-2.755858
1979-09-02,-2.736459
1979-09-03,-2.6971967
1979-09-04,-2.7009997
1979-09-05,-2.7459388
1979-09-06,-3.0724611
1979-09-07,-3.324029
1979-09-08,-3.4058692
1979-09-09,-3.420499
1979-09-10,-3.4204862
1979-09-11,-3.627615
1979-09-12,-3.5442739
1979-09-13,-3.117609
1979-09-14,-3.2255588
1979-09-15,-3.0388193
1979-09-16,-3.0258207
1979-09-17,-3.0196598
1979-09-18,-3.2734895
1979-09-19,-3.265
1979-09-20,-3.4623463
1979-09-21,-3.6503835
1979-09-22,-3.9411952
1979-09-23,-3.6628306
1979-09-24,-3.8736355
1979-09-25,-3.9027627
1979-09-26,-3.9337718
1979-09-27,-3.7704012
1979-09-28,-3.7704012
1979-09-29,-3.688722
1979-09-30,-3.5933058
1979-10-01,-3.631201
1979-10-02,-3.6311972
1979-10-03,-3.8118653
1979-10-04,-3.8118653
1979-10-05,-3.6837935
1979-10-06,-3.710811
1979-10-07,-3.822634
1979-10-08,-3.8206506
1979-10-09,-3.8206544
1979-10-10,-3.4219322
1979-10-11,-3.420851
1979-10-12,-3.387264
1979-10-13,-3.3837593
1979-10-14,-3.420851
1979-10-15,-3.5068812
1979-10-16,-3.5486243
1979-10-17,-3.660719
1979-10-18,-3.6444943
1979-10-19,-1.6450212
1979-10-20,-3.7168274
1979-10-21,-3.6843047
1979-10-22,-3.678239
1979-10-23,-3.6252065
1979-10-24,-3.5691593
1979-10-25,3.2413378
1979-10-26,-3.5327044
1979-10-27,-3.51978
1979-10-28,-3.5208771
1979-10-29,-3.520874
1979-10-30,-3.4828281
1979-10-31,-3.3886797
1979-11-01,-3.4181945
1979-11-02,-3.418192
1979-11-03,3.5487719
1979-11-04,-3.2608116
1979-11-05,-3.2608116
1979-11-06,-3.460744
1979-11-07,-3.4657145
1979-11-08,-3.5122843
1979-11-09,-3.5122843
1979-11-10,-3.4757323
1979-11-11,-3.295854
1979-11-12,-3.0730586
1979-11-13,-2.9096866
1979-11-14,-2.6890202
1979-11-15,-3.1710422
1979-11-16,-3.2437878
1979-11-17,-3.2975605
1979-11-18,-3.769529
1979-11-19,-4.5548296
1979-11-20,-4.9431334
1979-11-21,-4.690651
1979-11-22,-4.4552984
1979-11-23,-4.4195623
1979-11-24,-4.5510387
1979-11-25,1.7559155
1979-11-26,-5.026122
1979-11-27,-5.026142
1979-11-28,-5.026142
1979-11-29,-5.026142
1979-11-30,-5.026142
1979-12-01,-4.8371964
1979-12-02,-4.687443
1979-12-03,-4.4025974
1979-12-04,-4.1386404
1979-12-05,-3.8367147
1979-12-06,-3.6531448
1979-12-07,-3.6531448
1979-12-08,-3.6767974
1979-12-09,-3.511393
1979-12-10,-3.5295765
1979-12-11,-3.425065
1979-12-12,-3.3474483
1979-12-13,-3.274608
1979-12-14,-3.161082
1979-12-15,-3.1997771
1979-12-16,-2.9185371
1979-12-17,-2.839383
1979-12-18,-2.88429
1979-12-19,-3.1994107
1979-12-20,-2.0019243
1979-12-21,0.64754575
1979-12-22,-3.0278826
1979-12-23,3.6429517
1979-12-24,3.6430225
1979-12-25,3.3576536
1979-12-26,-3.2448714
1979-12-27,-3.345001
1979-12-28,-3.416826
1979-12-29,-3.5397103
1979-12-30,3.1688123
1979-12-31,2.6185393
1980-01-01,-3.7760844
1980-01-02,-3.730955
1980-01-03,-3.6130483
1980-01-04,-3.3135197
1980-01-05,-3.363521
1980-01-06,-3.2998614
1980-01-07,-3.2587466
1980-01-08,-3.217877
1980-01-09,-3.0854685
1980-01-10,3.604075
1980-01-11,3.6132793
1980-01-12,3.614207
1980-01-13,3.815822
1980-01-14,4.0573597
1980-01-15,-2.5184166
1980-01-16,-2.5514917
1980-01-17,-2.7064536
1980-01-18,-2.4333422
1980-01-19,-2.4358275
1980-01-20,-2.3121269
1980-01-21,-2.2958722
1980-01-22,-2.2768588
1980-01-23,-2.8724985
1980-01-24,-3.19365
1980-01-25,-3.2844672
1980-01-26,-3.2924747
1980-01-27,-3.2814968
1980-01-28,-3.292966
1980-01-29,-3.3925085
1980-01-30,-3.4442818
1980-01-31,-3.2119317
1980-02-01,-3.280317
1980-02-02,-2.7379684
1980-02-03,-3.1346393
1980-02-04,-3.4160647
1980-02-05,-3.687779
1980-02-06,-3.4862688
1980-02-07,-3.6013396
1980-02-08,-3.5540333
1980-02-09,-2.9887843
1980-02-10,-2.9952397
1980-02-11,-2.715356
1980-02-12,-3.117831
1980-02-13,-3.1177971
1980-02-14,3.813152
1980-02-15,3.9864652
1980-02-16,3.7931528
1980-02-17,3.8266864
1980-02-18,3.6642156
1980-02-19,3.6572978
1980-02-20,3.567817
1980-02-21,3.7666185
1980-02-22,-3.0600429
1980-02-23,-3.0791888
1980-02-24,-3.137706
1980-02-25,-3.1380394
1980-02-26,-3.3077374
1980-02-27,-3.191635
1980-02-28,-3.1828964
1980-02-29,-2.8475993
1980-03-01,-2.7526639
1980-03-02,4.4747705
1980-03-03,-2.314531
1980-03-04,-2.475262
1980-03-05,4.219826
1980-03-06,-2.5908043
1980-03-07,-2.7515674
1980-03-08,-3.1422286
1980-03-09,-3.248117
1980-03-10,-3.5990396
1980-03-11,-3.9618518
1980-03-12,-4.0073686
1980-03-13,-3.9618342
1980-03-14,-3.7207518
1980-03-15,-3.549938
1980-03-16,-3.2502267
1980-03-17,-3.0409303
1980-03-18,-3.0100152
1980-03-19,-2.8427017
1980-03-20,-2.7804725
1980-03-21,-2.68942
1980-03-22,-2.6892362
1980-03-23,-2.5430408
1980-03-24,-2.3276143
1980-03-25,-2.3269248
1980-03-26,-2.3276143
1980-03-27,-2.3276143
1980-03-28,-2.2579484
1980-03-29,-2.2239738
1980-03-30,-2.1726456
1980-03-31,-2.1725624
1980-04-01,-2.1712573
1980-04-02,-2.1726465
1980-04-03,-2.21315
1980-04-04,-2.2182562
1980-04-05,4.6708717
1980-04-06,-2.004181
1980-04-07,-2.004181
1980-04-08,-2.0041275
1980-04-09,-2.004181
1980-04-10,-2.004181
1980-04-11,-2.123375
1980-04-12,-2.123375
1980-04-13,-2.123375
1980-04-14,-2.0619228
1980-04-15,-2.0619228
1980-04-16,-2.0674636
1980-04-17,-1.8407748
1980-04-18,-1.8407753
1980-04-19,-2.067463
1980-04-20,-2.061896
1980-04-21,-2.0618827
1980-04-22,-2.1712506
1980-04-23,-2.233432
1980-04-24,-2.2564332
1980-04-25,-2.1991494
1980-04-26,-2.1991494
1980-04-27,-2.1991322
1980-04-28,-2.2318962
1980-04-29,-2.4372675
1980-04-30,-2.4372745
1980-05-01,-2.5396805
1980-05-02,-2.5396807
1980-05-03,-2.4448936
1980-05-04,-2.4388547
1980-05-05,-2.4862404
1980-05-06,-2.3702056
1980-05-07,-2.2500846
1980-05-08,-2.2750928
1980-05-09,-0.6298442
1980-05-10,-2.4882448
1980-05-11,-2.4882448
1980-05-12,-2.4882448
1980-05-13,-2.4882445
1980-05-14,-2.3895085
1980-05-15,-2.3893638
1980-05-16,-2.2750614
1980-05-17,-2.1726465
1980-05-18,-2.1726465
1980-05-19,-2.1726465
1980-05-20,-2.2750928
1980-05-21,-2.2369597
1980-05-22,-2.1227143
1980-05-23,-2.3237038
1980-05-24,-2.3425257
1980-05-25,-2.3425257
1980-05-26,-2.3425257
1980-05-27,-2.3893638
1980-05-28,-2.389357
1980-05-29,-2.2434406
1980-05-30,-2.236206
1980-05-31,-2.9315891
1980-06-01,-2.7743928
1980-06-02,-2.0674636
1980-06-03,-2.0674636
1980-06-04,-1.8840137
1980-06-05,-1.8839941
1980-06-06,-1.6454382
1980-06-07,-1.545758
1980-06-08,-2.1534727
1980-06-09,-2.0438652
1980-06-10,-2.0438652
1980-06-11,-2.3502371
1980-06-12,-2.3502371
1980-06-13,-2.4124207
1980-06-14,-2.4859374
1980-06-15,-2.7802763
1980-06-16,-2.880923
1980-06-17,-3.073424
1980-06-18,-3.1226363
1980-06-19,-3.377867
1980-06-20,-3.1958249
1980-06-21,-3.373306
1980-06-22,-3.3411336
1980-06-23,-3.1444418
1980-06-24,-2.9277773
1980-06-25,-2.7210793
1980-06-26,-2.3502371
1980-06-27,-2.4473178
1980-06-28,-2.4967566
1980-06-29,-2.460662
1980-06-30,-3.3690004
1980-07-01,-3.3961163
1980-07-02,-3.1876092
1980-07-03,-3.4275024
1980-07-04,-3.4273577
1980-07-05,-3.3782027
1980-07-06,-3.3000743
1980-07-07,-3.4031875
1980-07-08,-3.433476
1980-07-09,-3.4798265
1980-07-10,-3.8464763
1980-07-11,-3.9189394
1980-07-12,-3.9970396
1980-07-13,-4.094862
1980-07-14,-4.0948443
1980-07-15,-4.1148577
1980-07-16,-4.0197096
1980-07-17,-3.9006793
1980-07-18,-3.6690116
1980-07-19,-3.5185564
1980-07-20,-3.5240433
1980-07-21,-3.4744413
1980-07-22,-3.4482965
1980-07-23,-3.2312605
1980-07-24,-3.1681
1980-07-25,-3.2317452
1980-07-26,-3.3135312
1980-07-27,-3.324174
1980-07-28,-3.324174
1980-07-29,-3.324174
1980-07-30,-3.3625705
1980-07-31,-3.3830054
1980-08-01,-3.5255394
1980-08-02,-3.4806516
1980-08-03,-3.4806516
1980-08-04,-3.4806516
1980-08-05,-3.4806528
1980-08-06,-3.548897
1980-08-07,-3.548897
1980-08-08,-3.7026696
1980-08-09,-3.8429043
1980-08-10,-4.0085096
1980-08-11,-4.2780027
1980-08-12,-4.330741
1980-08-13,-4.529069
1980-08-14,-4.52915
1980-08-15,-4.52915
1980-08-16,-4.52915
1980-08-17,-4.52915
1980-08-18,-4.330741
1980-08-19,-4.2730417
1980-08-20,-4.2730417
1980-08-21,-4.2730417
1980-08-22,-4.330741
1980-08-23,-4.33074
1980-08-24,-4.52915
1980-08-25,-4.52915
1980-08-26,-4.5508823
1980-08-27,-4.6682806
1980-08-28,-4.6682806
1980-08-29,-4.4149656
1980-08-30,-4.392233
1980-08-31,-3.998205
1980-09-01,-4.0435524
1980-09-02,-4.0435524
1980-09-03,-4.4149656
1980-09-04,-4.4149656
1980-09-05,-3.984268
1980-09-06,-3.9444911
1980-09-07,-3.8471348
1980-09-08,-3.7949145
1980-09-09,-3.6308851
1980-09-10,-3.5547264
1980-09-11,-3.533848
1980-09-12,-3.5616167
1980-09-13,-3.636409
1980-09-14,-3.636409
1980-09-15,-3.636409
1980-09-16,-3.6992629
1980-09-17,-4.05715
1980-09-18,-4.093156
1980-09-19,-4.092881
1980-09-20,-4.0284004
1980-09-21,-3.8446705
1980-09-22,-3.7200859
1980-09-23,-3.6917436
1980-09-24,-3.8900692
1980-09-25,-3.8900692
1980-09-26,-3.818132
1980-09-27,-3.8863246
1980-09-28,-3.7591639
1980-09-29,-3.7591646
1980-09-30,-3.9953754
1980-10-01,-4.0016937
1980-10-02,-3.9945114
1980-10-03,-3.9945114
1980-10-04,-3.9945114
1980-10-05,-4.062089
1980-10-06,-4.036232
1980-10-07,-3.6836948
1980-10-08,-3.6292984
1980-10-09,-3.6292984
1980-10-10,-3.5614283
1980-10-11,-3.6839418
1980-10-12,-3.960159
1980-10-13,-3.997471
1980-10-14,-3.9945114
1980-10-15,-3.9945114
1980-10-16,-4.0165586
1980-10-17,-3.9932353
1980-10-18,-3.9932353
1980-10-19,-3.9504268
1980-10-20,-3.7704012
1980-10-21,-3.7704012
1980-10-22,-3.8392437
1980-10-23,-3.9731696
1980-10-24,-4.168074
1980-10-25,-4.4983044
1980-10-26,-4.588978
1980-10-27,-4.661067
1980-10-28,-5.060648
1980-10-29,-5.329159
1980-10-30,-5.044985
1980-10-31,-5.2117405
1980-11-01,-5.211754
1980-11-02,-4.685645
1980-11-03,-4.1849475
1980-11-04,-4.0314994
1980-11-05,-4.298895
1980-11-06,-3.9790046
1980-11-07,-4.0788026
1980-11-08,-4.1385403
1980-11-09,-4.1385403
1980-11-10,-4.1385403
1980-11-11,-4.168055
1980-11-12,-4.168073
1980-11-13,-4.2880697
1980-11-14,-4.312542
1980-11-15,-4.112412
1980-11-16,-3.9413278
1980-11-17,-3.9416244
1980-11-18,-3.9374077
1980-11-19,-3.8715365
1980-11-20,-3.7738945
1980-11-21,-3.7484035
1980-11-22,-3.6815102
1980-11-23,-3.6828039
1980-11-24,-3.8192673
1980-11-25,-3.9415233
1980-11-26,-3.8636003
1980-11-27,-4.060785
1980-11-28,-3.8386443
1980-11-29,-4.0450525
1980-11-30,-4.3006277
1980-12-01,-4.3976
1980-12-02,1.8737065
1980-12-03,2.096574
1980-12-04,-2.7691631
1980-12-05,-4.539419
1980-12-06,-4.741935
1980-12-07,-4.7421513
1980-12-08,-5.1089706
1980-12-09,-5.1089706
1980-12-10,-5.3072147
1980-12-11,-4.6682806
1980-12-12,-4.6682806
1980-12-13,-4.4149656
1980-12-14,-4.414895
1980-12-15,-4.018248
1980-12-16,-4.4647684
1980-12-17,-5.2322674
1980-12-18,-5.331892
1980-12-19,-5.4032164
1980-12-20,-5.385398
1980-12-21,-5.2954674
1980-12-22,-5.2955103
1980-12-23,-5.3280077
1980-12-24,-5.3282166
1980-12-25,-5.3993015
1980-12-26,-5.3993015
1980-12-27,-5.4151897
1980-12-28,-5.415598
1980-12-29,-5.4100685
1980-12-30,-5.404772
1980-12-31,-5.427575
1981-01-01,-5.427575
1981-01-02,-5.427575
1981-01-03,-5.422435
1981-01-04,-5.422372
1981-01-05,-5.422372
1981-01-06,-5.422372
1981-01-07,-5.422372
1981-01-08,-5.427575
1981-01-09,-5.404752
1981-01-10,-5.404752
1981-01-11,-5.404752
1981-01-12,-5.404752
1981-01-13,-5.404752
1981-01-14,-5.3842087
1981-01-15,-5.3090887
1981-01-16,-5.3829794
1981-01-17,-5.3829784
1981-01-18,-5.3993015
1981-01-19,-5.398847
1981-01-20,-5.3992414
1981-01-21,-5.399184
1981-01-22,-5.4013085
1981-01-23,-5.405916
1981-01-24,-5.422372
1981-01-25,-5.422372
1981-01-26,-5.4222627
1981-01-27,1.3882538
1981-01-28,1.3871456
1981-01-29,1.3873931
1981-01-30,-5.422372
1981-01-31,-5.422372
1981-02-01,-5.3993015
1981-02-02,-5.3993015
1981-02-03,-5.3957186
1981-02-04,-5.3829794
1981-02-05,-5.3829794
1981-02-06,-5.3829794
1981-02-07,-5.0055265
1981-02-08,1.8375016
1981-02-09,-4.9730406
1981-02-10,-4.9730473
1981-02-11,-4.973046
1981-02-12,-4.9730473
1981-02-13,1.4249938
1981-02-14,-5.2865906
1981-02-15,-5.3098516
1981-02-16,-5.1445503
1981-02-17,-5.087633
1981-02-18,-5.087633
1981-02-19,-5.087633
1981-02-20,-5.087633
1981-02-21,-5.087633
1981-02-22,-5.087633
1981-02-23,-5.087633
1981-02-24,-5.0284595
1981-02-25,-5.0874968
1981-02-26,-5.087317
1981-02-27,-5.087633
1981-02-28,-4.52219
1981-03-01,1.6926993
1981-03-02,-0.46406078
1981-03-03,-5.087633
1981-03-04,-4.675903
1981-03-05,-4.714816
1981-03-06,-4.676134
1981-03-07,-4.676134
1981-03-08,-4.676134
1981-03-09,-4.676134
1981-03-10,-4.676134
1981-03-11,-4.676134
1981-03-12,-4.8346653
1981-03-13,0.7863606
1981-03-14,-4.905177
1981-03-15,0.88002163
1981-03-16,-4.062174
1981-03-17,-3.890063
1981-03-18,-3.8629708
1981-03-19,2.7983627
1981-03-20,-3.7185752
1981-03-21,2.799201
1981-03-22,-4.0112333
1981-03-23,-4.0112333
1981-03-24,-3.9998395
1981-03-25,2.7298083
1981-03-26,-3.9999077
1981-03-27,-3.5525334
1981-03-28,-3.4247198
1981-03-29,-3.0999584
1981-03-30,-3.0999584
1981-03-31,-3.0999584
1981-04-01,-3.2974985
1981-04-02,-3.2728472
1981-04-03,-3.4591672
1981-04-04,-3.6882944
1981-04-05,-3.9345047
1981-04-06,-3.934779
1981-04-07,-3.9468238
1981-04-08,-3.9468238
1981-04-09,-3.9468238
1981-04-10,-3.8816063
1981-04-11,-3.5630078
1981-04-12,-3.2731047
1981-04-13,-3.246587
1981-04-14,-3.246538
1981-04-15,-3.022182
1981-04-16,-3.0221858
1981-04-17,-3.0221858
1981-04-18,-3.1146858
1981-04-19,3.056536
1981-04-20,-3.2960057
1981-04-21,-3.4084504
1981-04-22,-3.4084504
1981-04-23,-3.4084504
1981-04-24,-3.4084504
1981-04-25,-3.1099322
1981-04-26,-3.1131022
1981-04-27,-3.1168282
1981-04-28,-3.1168282
1981-04-29,-3.1131067
1981-04-30,-3.1099265
1981-05-01,-3.4084504
1981-05-02,-3.4084504
1981-05-03,-3.415239
1981-05-04,-3.3307312
1981-05-05,-3.2669425
1981-05-06,-3.0876274
1981-05-07,-2.9114113
1981-05-08,-2.7100077
1981-05-09,-2.7868102
1981-05-10,-2.7868102
1981-05-11,-2.76768
1981-05-12,-2.933118
1981-05-13,-2.9331336
1981-05-14,-3.5044782
1981-05-15,-3.1415217
1981-05-16,-3.141521
1981-05-17,-2.8993497
1981-05-18,-2.9213352
1981-05-19,-2.9577496
1981-05-20,-2.9580288
1981-05-21,-2.9580297
1981-05-22,-2.9580297
1981-05-23,-2.9580297
1981-05-24,-2.9580297
1981-05-25,-2.9580297
1981-05-26,-2.9059865
1981-05-27,-2.9037519
1981-05-28,-2.903752
1981-05-29,-2.8993547
1981-05-30,-3.0656214
1981-05-31,-3.417524
1981-06-01,-3.2817833
1981-06-02,-3.32619
1981-06-03,-3.3532262
1981-06-04,-3.2899716
1981-06-05,-2.8794184
1981-06-06,-2.665269
1981-06-07,-2.6641924
1981-06-08,-2.664308
1981-06-09,-2.7226145
1981-06-10,-2.7926548
1981-06-11,-3.0562441
1981-06-12,-3.3921897
1981-06-13,-3.4600165
1981-06-14,-3.6611888
1981-06-15,-3.6336446
1981-06-16,-3.6119058
1981-06-17,-3.6425517
1981-06-18,-3.366091
1981-06-19,-2.9647179
1981-06-20,-3.1568968
1981-06-21,-3.0674238
1981-06-22,-3.0836346
1981-06-23,-3.268157
1981-06-24,-3.15891
1981-06-25,-3.6004157
1981-06-26,-4.262723
1981-06-27,-4.051287
1981-06-28,-4.0483894
1981-06-29,-4.0483894
1981-06-30,-4.414951
1981-07-01,-4.458786
1981-07-02,-3.485183
1981-07-03,-3.346978
1981-07-04,-3.4848197
1981-07-05,-3.0464568
1981-07-06,-3.0266473
1981-07-07,-3.0205157
1981-07-08,-3.257744
1981-07-09,-3.5577846
1981-07-10,-3.7507236
1981-07-11,-3.858456
1981-07-12,-4.054669
1981-07-13,-4.0542173
1981-07-14,-3.943638
1981-07-15,-3.4891727
1981-07-16,-3.473826
1981-07-17,-3.451372
1981-07-18,-3.483355
1981-07-19,-3.4986494
1981-07-20,-3.5012345
1981-07-21,-3.7987404
1981-07-22,-3.8280113
1981-07-23,-3.8280113
1981-07-24,-3.7122295
1981-07-25,-3.918801
1981-07-26,-4.039423
1981-07-27,-3.8627548
1981-07-28,-3.8625765
1981-07-29,-3.5264356
1981-07-30,-3.4330516
1981-07-31,-3.443132
1981-08-01,-3.5277505
1981-08-02,-3.685594
1981-08-03,-3.960159
1981-08-04,-3.9924533
1981-08-05,-4.08193
1981-08-06,-4.08193
1981-08-07,-4.1724563
1981-08-08,-4.208805
1981-08-09,-4.427163
1981-08-10,-4.8371964
1981-08-11,-4.8371964
1981-08-12,-4.8371964
1981-08-13,-4.4158573
1981-08-14,-4.193902
1981-08-15,-4.0985785
1981-08-16,-3.9617941
1981-08-17,-4.080126
1981-08-18,-4.0596766
1981-08-19,-4.0596766
1981-08-20,-4.0596766
1981-08-21,-4.0596766
1981-08-22,-4.077938
1981-08-23,-4.0789075
1981-08-24,-4.1582403
1981-08-25,-4.032259
1981-08-26,-3.6791282
1981-08-27,-3.679128
1981-08-28,-3.6389353
1981-08-29,-3.5979304
1981-08-30,-3.649608
1981-08-31,-3.6496153
1981-09-01,-3.6836205
1981-09-02,-3.6322346
1981-09-03,-3.5686915
1981-09-04,-3.5686915
1981-09-05,-3.6024382
1981-09-06,-3.5369203
1981-09-07,-3.4600842
1981-09-08,-3.5180764
1981-09-09,-3.5180764
1981-09-10,-3.5180764
1981-09-11,-3.4971902
1981-09-12,-3.4806516
1981-09-13,-3.4806519
1981-09-14,-3.6927764
1981-09-15,-3.679128
1981-09-16,-3.7371347
1981-09-17,-3.90927
1981-09-18,-4.2151117
1981-09-19,-4.2151117
1981-09-20,-4.2151117
1981-09-21,-4.3696566
1981-09-22,-4.3696566
1981-09-23,-4.3713665
1981-09-24,-4.333564
1981-09-25,-4.333559
1981-09-26,-4.333557
1981-09-27,-4.190383
1981-09-28,-4.3730288
1981-09-29,-4.298337
1981-09-30,-4.0994687
1981-10-01,-3.971751
1981-10-02,-3.8728049
1981-10-03,-3.734933
1981-10-04,-3.7391114
1981-10-05,-3.8815947
1981-10-06,-3.8900678
1981-10-07,0.5909613
1981-10-08,-3.9111722
1981-10-09,-4.1109886
1981-10-10,-4.2141376
1981-10-11,-4.2122445
1981-10-12,-4.2475376
1981-10-13,-4.2475376
1981-10-14,-4.220215
1981-10-15,-4.070099
1981-10-16,-4.070098
1981-10-17,-4.0716667
1981-10-18,-3.9976223
1981-10-19,-3.91071
1981-10-20,-3.9127681
1981-10-21,-3.856217
1981-10-22,-4.042077
1981-10-23,-4.3061037
1981-10-24,-4.3066826
1981-10-25,-4.4156084
1981-10-26,-4.415804
1981-10-27,2.2304647
1981-10-28,2.1414077
1981-10-29,-4.6648154
1981-10-30,-4.4149656
1981-10-31,-4.4149656
1981-11-01,-4.4149656
1981-11-02,-4.3767357
1981-11-03,-4.312542
1981-11-04,-4.2433395
1981-11-05,-4.157722
1981-11-06,-4.2088404
1981-11-07,-4.2088404
1981-11-08,-4.2027693
1981-11-09,-4.1868095
1981-11-10,-4.2190285
1981-11-11,-4.2190285
1981-11-12,2.5916016
1981-11-13,2.5915403
1981-11-14,-4.2935147
1981-11-15,-4.333005
1981-11-16,-4.333091
1981-11-17,-4.19552
1981-11-18,-4.3552246
1981-11-19,-4.3552246
1981-11-20,-4.3552246
1981-11-21,2.3615923
1981-11-22,-4.3047695
1981-11-23,-4.1468487
1981-11-24,-4.145744
1981-11-25,-4.1457233
1981-11-26,-0.26891148
1981-11-27,1.860338
1981-11-28,-4.3535376
1981-11-29,-4.668003
1981-11-30,-4.8371964
1981-12-01,-4.8371964
1981-12-02,-5.026142
1981-12-03,-5.026142
1981-12-04,-4.4149656
1981-12-05,-4.4149656
1981-12-06,-4.4149656
1981-12-07,-4.4149656
1981-12-08,-4.4149656
1981-12-09,1.6658949
1981-12-10,-4.3126335
1981-12-11,-4.304781
1981-12-12,-3.3252509
1981-12-13,-4.384758
1981-12-14,-4.4245396
1981-12-15,-4.8360424
1981-12-16,-5.273012
1981-12-17,-5.2223864
1981-12-18,-4.896517
1981-12-19,1.6780311
1981-12-20,2.6519697
1981-12-21,-3.6826227
1981-12-22,-3.5820262
1981-12-23,-3.5209801
1981-12-24,-3.6331666
1981-12-25,-3.6472096
1981-12-26,-3.5209725
1981-12-27,-3.7969618
1981-12-28,-3.796984
1981-12-29,2.7457142
1981-12-30,-3.9499624
1981-12-31,3.225339
1982-01-01,3.9331765
1982-01-02,-3.3999765
1982-01-03,-3.4427454
1982-01-04,2.6835988
1982-01-05,-4.2336793
1982-01-06,-4.2310686
1982-01-07,-5.2016163
1982-01-08,-5.339799
1982-01-09,-5.3409586
1982-01-10,-5.407915
1982-01-11,-5.4147453
1982-01-12,-5.4147453
1982-01-13,-5.4147453
1982-01-14,-5.4147253
1982-01-15,-5.374856
1982-01-16,-5.374917
1982-01-17,-5.21371
1982-01-18,-5.21371
1982-01-19,-5.114307
1982-01-20,2.1732833
1982-01-21,-4.3710012
1982-01-22,-4.1791754
1982-01-23,-4.3982306
1982-01-24,-5.0129232
1982-01-25,-4.80126
1982-01-26,2.0656512
1982-01-27,-4.331404
1982-01-28,2.423174
1982-01-29,-3.859735
1982-01-30,-3.7159798
1982-01-31,-3.4657042
1982-02-01,-3.8089106
1982-02-02,-4.0293355
1982-02-03,-4.129077
1982-02-04,-4.224128
1982-02-05,-4.1564765
1982-02-06,-4.4064093
1982-02-07,-4.3344526
1982-02-08,-4.3978634
1982-02-09,-4.397887
1982-02-10,-4.397887
1982-02-11,-4.431218
1982-02-12,-4.431219
1982-02-13,2.3891952
1982-02-14,2.551611
1982-02-15,2.9639142
1982-02-16,-3.8394144
1982-02-17,-3.9287255
1982-02-18,-4.0545692
1982-02-19,-3.915663
1982-02-20,-3.799858
1982-02-21,-3.805693
1982-02-22,-3.633056
1982-02-23,-3.6879203
1982-02-24,-3.7895641
1982-02-25,-3.8268046
1982-02-26,-3.8076117
1982-02-27,-3.6099195
1982-02-28,-3.3813899
1982-03-01,3.6793149
1982-03-02,3.8203082
1982-03-03,-2.9802868
1982-03-04,-3.0857668
1982-03-05,-3.0921147
1982-03-06,-3.260544
1982-03-07,-3.3517857
1982-03-08,-3.366164
1982-03-09,-3.3785472
1982-03-10,-2.8752513
1982-03-11,3.4320493
1982-03-12,-3.3785796
1982-03-13,-3.3365908
1982-03-14,-2.6305828
1982-03-15,-3.1737902
1982-03-16,3.6367152
1982-03-17,3.6266887
1982-03-18,-2.3615189
1982-03-19,-2.9023557
1982-03-20,-2.7059486
1982-03-21,-2.7842996
1982-03-22,-2.3893638
1982-03-23,-2.389363
1982-03-24,-2.1801434
1982-03-25,-2.1362338
1982-03-26,-2.1361756
1982-03-27,-1.369168
1982-03-28,4.632891
1982-03-29,4.486541
1982-03-30,2.2770963
1982-03-31,4.54287
1982-04-01,4.53412
1982-04-02,-0.577778
1982-04-03,-2.1726444
1982-04-04,-2.2750928
1982-04-05,-2.1769028
1982-04-06,-1.8407745
1982-04-07,-1.368912
1982-04-08,-1.2024872
1982-04-09,-1.4262643
1982-04-10,5.38435
1982-04-11,5.2599726
1982-04-12,-2.136261
1982-04-13,-2.1769028
1982-04-14,-2.1769028
1982-04-15,-2.1753597
1982-04-16,-1.9592931
1982-04-17,-1.4308238
1982-04-18,-1.8407748
1982-04-19,-1.3696766
1982-04-20,-1.368912
1982-04-21,-1.368912
1982-04-22,-1.368912
1982-04-23,-1.3689213
1982-04-24,-1.8406606
1982-04-25,-1.4262812
1982-04-26,-1.4262812
1982-04-27,-1.4262812
1982-04-28,-1.4262812
1982-04-29,-1.4262812
1982-04-30,-1.8407748
1982-05-01,-1.7302601
1982-05-02,-1.5500786
1982-05-03,-2.1344583
1982-05-04,-2.1344583
1982-05-05,-2.128049
1982-05-06,-1.7248805
1982-05-07,-1.7248805
1982-05-08,-1.5382535
1982-05-09,-1.6976476
1982-05-10,-1.3335555
1982-05-11,-1.2645366
1982-05-12,-1.2041204
1982-05-13,-1.2041132
1982-05-14,-1.2041204
1982-05-15,-1.2041204
1982-05-16,-1.2041111
1982-05-17,-1.2905974
1982-05-18,-1.302326
1982-05-19,-1.5382535
1982-05-20,-1.5382535
1982-05-21,-1.5382535
1982-05-22,-1.5382535
1982-05-23,-1.2298789
1982-05-24,-1.2298789
1982-05-25,-1.1594934
1982-05-26,-1.1594887
1982-05-27,-1.1594887
1982-05-28,-1.1594889
1982-05-29,-1.22982
1982-05-30,-1.2298789
1982-05-31,-1.3536723
1982-06-01,-1.3536723
1982-06-02,-1.3536723
1982-06-03,-1.3536723
1982-06-04,-1.3536723
1982-06-05,-1.3536723
1982-06-06,-1.4430442
1982-06-07,-2.0073698
1982-06-08,-2.0077946
1982-06-09,-1.6956182
1982-06-10,-1.6956182
1982-06-11,-1.6956182
1982-06-12,-1.6956182
1982-06-13,-1.6956182
1982-06-14,-1.6956182
1982-06-15,-1.6956182
1982-06-16,-1.6956182
1982-06-17,-1.7229323
1982-06-18,-1.6533227
1982-06-19,-1.6538012
1982-06-20,-1.6537642
1982-06-21,-1.3536714
1982-06-22,-1.41343
1982-06-23,-1.41343
1982-06-24,-1.5091922
1982-06-25,-2.1590028
1982-06-26,-2.318137
1982-06-27,-2.318137
1982-06-28,-2.1582584
1982-06-29,-1.3088036
1982-06-30,-1.6673754
1982-07-01,-1.6538012
1982-07-02,-1.6903777
1982-07-03,-1.7456737
1982-07-04,-1.8175333
1982-07-05,-1.8175333
1982-07-06,-2.4781885
1982-07-07,-2.4988222
1982-07-08,-2.4988222
1982-07-09,-2.4932663
1982-07-10,-1.862735
1982-07-11,-1.8175333
1982-07-12,-1.41343
1982-07-13,-1.41343
1982-07-14,-1.817498
1982-07-15,-1.7457802
1982-07-16,-1.7669265
1982-07-17,-1.8175333
1982-07-18,-1.8175333
1982-07-19,-1.8175333
1982-07-20,-1.8175333
1982-07-21,-1.8175333
1982-07-22,-1.8175333
1982-07-23,-1.8175333
1982-07-24,-1.8175031
1982-07-25,-1.8175333
1982-07-26,-1.8127333
1982-07-27,-1.4984124
1982-07-28,-1.8704565
1982-07-29,-2.1252708
1982-07-30,-2.4822474
1982-07-31,-2.4822474
1982-08-01,-2.4822474
1982-08-02,-1.9353669
1982-08-03,-1.8214328
1982-08-04,-1.8175333
1982-08-05,-1.8175333
1982-08-06,-1.8175333
1982-08-07,-1.8627224
1982-08-08,-2.0577765
1982-08-09,-2.3510423
1982-08-10,-2.4957545
1982-08-11,-2.351042
1982-08-12,-2.351042
1982-08-13,-2.351042
1982-08-14,-2.193882
1982-08-15,-2.0507073
1982-08-16,-1.9233954
1982-08-17,-1.8653438
1982-08-18,-2.0082517
1982-08-19,-2.0101259
1982-08-20,-2.193414
1982-08-21,-2.2882807
1982-08-22,-2.2136326
1982-08-23,-2.172659
1982-08-24,-2.1112022
1982-08-25,-2.0094867
1982-08-26,-2.0094867
1982-08-27,-1.961561
1982-08-28,-1.9619162
1982-08-29,-1.9894378
1982-08-30,-1.9894378
1982-08-31,-1.9894369
1982-09-01,-1.9615033
1982-09-02,-2.0094867
1982-09-03,-1.9898348
1982-09-04,-1.8704565
1982-09-05,-1.8704565
1982-09-06,-1.8704565
1982-09-07,-1.8704565
1982-09-08,-1.8704565
1982-09-09,-1.8175333
1982-09-10,-1.8175333
1982-09-11,-1.8175354
1982-09-12,-1.8544652
1982-09-13,-1.8544652
1982-09-14,-1.8544652
1982-09-15,-1.8544651
1982-09-16,-1.8544574
1982-09-17,-1.8479648
1982-09-18,-1.8175333
1982-09-19,-1.8175333
1982-09-20,-1.7840681
1982-09-21,-1.7840681
1982-09-22,-1.41343
1982-09-23,0.8740055
1982-09-24,5.2635684
1982-09-25,5.242678
1982-09-26,-1.4337585
1982-09-27,-1.4337585
1982-09-28,-1.4337585
1982-09-29,-1.4096878
1982-09-30,-1.7840681
1982-10-01,-1.7840681
1982-10-02,-1.7840681
1982-10-03,-1.7840681
1982-10-04,-1.41343
1982-10-05,-1.41343
1982-10-06,-1.41343
1982-10-07,-1.41343
1982-10-08,-1.4337585
1982-10-09,-1.4337585
1982-10-10,-1.4337585
1982-10-11,-1.4337585
1982-10-12,-1.7840681
1982-10-13,-1.7840681
1982-10-14,-1.7840681
1982-10-15,-1.7840681
1982-10-16,-1.8311286
1982-10-17,-1.544486
1982-10-18,-1.544486
1982-10-19,-1.493376
1982-10-20,-1.493376
1982-10-21,-1.493376
1982-10-22,-1.5016606
1982-10-23,-1.4337585
1982-10-24,-1.4316717
1982-10-25,5.376529
1982-10-26,-1.3534651
1982-10-27,-1.3536723
1982-10-28,-1.2298789
1982-10-29,-0.9477324
1982-10-30,5.4006944
1982-10-31,-1.2076693
1982-11-01,-1.3536723
1982-11-02,-1.3539296
1982-11-03,-1.493376
1982-11-04,-1.493376
1982-11-05,-1.493376
1982-11-06,-1.493376
1982-11-07,-1.493376
1982-11-08,-1.493376
1982-11-09,5.317248
1982-11-10,-1.4860538
1982-11-11,-1.3542223
1982-11-12,-1.4329478
1982-11-13,-1.4337585
1982-11-14,-1.4337585
1982-11-15,-1.4337585
1982-11-16,-1.4337585
1982-11-17,-1.2983893
1982-11-18,5.6237926
1982-11-19,-1.1594809
1982-11-20,-1.1471424
1982-11-21,-1.1528453
1982-11-22,5.646016
1982-11-23,-1.1644104
1982-11-24,-1.1644104
1982-11-25,-1.1582432
1982-11-26,-1.1582432
1982-11-27,-1.1458869
1982-11-28,5.651069
1982-11-29,5.6511035
1982-11-30,5.650744
1982-12-01,-1.1594887
1982-12-02,-1.1594887
1982-12-03,-1.1594887
1982-12-04,-1.1471424
1982-12-05,-1.1471424
1982-12-06,-1.1471424
1982-12-07,-1.1439321
1982-12-08,-1.1436324
1982-12-09,-1.1644104
1982-12-10,-1.1644104
1982-12-11,-1.1644104
1982-12-12,-1.1644104
1982-12-13,-1.1644104
1982-12-14,-1.1644104
1982-12-15,-1.148034
1982-12-16,-1.1422048
1982-12-17,0.6360094
1982-12-18,-1.2359195
1982-12-19,-1.2543261
1982-12-20,5.5561604
1982-12-21,5.5563035
1982-12-22,5.5563016
1982-12-23,-1.2543261
1982-12-24,-1.3580731
1982-12-25,-1.5386355
1982-12-26,-1.3636811
1982-12-27,-1.3636811
1982-12-28,-1.3636811
1982-12-29,-1.3636811
1982-12-30,-1.3636811
1982-12-31,-1.3636811
1983-01-01,-1.3636811
1983-01-02,-1.3636811
1983-01-03,-1.2625711
1983-01-04,-1.254358
1983-01-05,-1.4262812
1983-01-06,-1.4262812
1983-01-07,-1.4262812
1983-01-08,-1.2543261
1983-01-09,-1.2543261
1983-01-10,-1.2543261
1983-01-11,-1.2543261
1983-01-12,-1.3636811
1983-01-13,-1.3636811
1983-01-14,-1.3636811
1983-01-15,-1.2543644
1983-01-16,5.556274
1983-01-17,-1.2543261
1983-01-18,5.55394
1983-01-19,-1.2475017
1983-01-20,-1.2543261
1983-01-21,-1.2542458
1983-01-22,5.556305
1983-01-23,5.5229383
1983-01-24,5.5555367
1983-01-25,-1.2455238
1983-01-26,5.5538063
1983-01-27,-1.172432
1983-01-28,1.6187477
1983-01-29,5.5563045
1983-01-30,-1.2543215
1983-01-31,-1.2543263
1983-02-01,-1.3636811
1983-02-02,-1.3606447
1983-02-03,-1.363672
1983-02-04,-1.3636811
1983-02-05,5.4399686
1983-02-06,5.4409127
1983-02-07,5.446944
1983-02-08,-0.38074762
1983-02-09,-1.3608278
1983-02-10,-1.3636811
1983-02-11,-1.3548757
1983-02-12,5.6039133
1983-02-13,-1.2894279
1983-02-14,-1.340642
1983-02-15,-1.340622
1983-02-16,-1.340642
1983-02-17,-1.340642
1983-02-18,5.4929338
1983-02-19,-1.3635908
1983-02-20,-1.2543261
1983-02-21,-1.2543261
1983-02-22,-1.5646002
1983-02-23,-1.5645206
1983-02-24,-1.6857021
1983-02-25,5.0479794
1983-02-26,5.4464707
1983-02-27,5.4469395
1983-02-28,5.4469366
1983-03-01,5.446931
1983-03-02,5.17463
1983-03-03,-0.8417514
1983-03-04,-1.3122625
1983-03-05,-1.4765686
1983-03-06,-1.4749209
1983-03-07,5.329469
1983-03-08,-1.3711469
1983-03-09,-1.340642
1983-03-10,2.0841706
1983-03-11,-1.340642
1983-03-12,5.5954785
1983-03-13,5.5714746
1983-03-14,-1.206718
1983-03-15,-1.206718
1983-03-16,5.6038604
1983-03-17,5.4698973
1983-03-18,-1.3634903
1983-03-19,-1.555558
1983-03-20,5.123386
1983-03-21,-1.7619054
1983-03-22,5.0430827
1983-03-23,5.1596875
1983-03-24,5.181647
1983-03-25,-1.5386355
1983-03-26,-1.5386341
1983-03-27,3.5973837
1983-03-28,-1.3122625
1983-03-29,-1.3122625
1983-03-30,-1.6508856
1983-03-31,-1.761915
1983-04-01,-1.9035497
1983-04-02,-1.9035497
1983-04-03,-1.9035497
1983-04-04,-1.9035497
1983-04-05,-1.9035497
1983-04-06,-1.4771733
1983-04-07,-1.4771733
1983-04-08,-1.3580003
1983-04-09,-1.3580003
1983-04-10,-1.4771733
1983-04-11,-1.477172
1983-04-12,-1.6508851
1983-04-13,-1.761915
1983-04-14,-1.761915
1983-04-15,-1.761915
1983-04-16,-1.761915
1983-04-17,-1.7614361
1983-04-18,5.048693
1983-04-19,-1.7610492
1983-04-20,-0.42959452
1983-04-21,-1.761915
1983-04-22,-1.7619119
1983-04-23,5.0474486
1983-04-24,5.0663776
1983-04-25,-1.5390546
1983-04-26,-1.5386342
1983-04-27,5.2622576
1983-04-28,5.3842287
1983-04-29,5.3843465
1983-04-30,5.3843374
1983-05-01,-1.4262781
1983-05-02,-1.4262812
1983-05-03,-1.4262812
1983-05-04,-1.4262812
1983-05-05,2.2390125
1983-05-06,-1.4262812
1983-05-07,-1.4262812
1983-05-08,-1.2543261
1983-05-09,-1.1702545
1983-05-10,-1.2543261
1983-05-11,-1.2543261
1983-05-12,-1.2543261
1983-05-13,-1.2543261
1983-05-14,-1.2543261
1983-05-15,-1.2543261
1983-05-16,-1.2543261
1983-05-17,-1.426281
1983-05-18,-1.4262812
1983-05-19,-1.4262812
1983-05-20,-1.4262812
1983-05-21,-1.4262815
1983-05-22,-1.5386355
1983-05-23,-1.5386355
1983-05-24,-1.5386355
1983-05-25,-1.5373583
1983-05-26,-1.3381305
1983-05-27,-1.3122654
1983-05-28,-1.5050521
1983-05-29,-1.5050521
1983-05-30,-1.5050521
1983-05-31,-1.5050521
1983-06-01,-1.3122633
1983-06-02,-1.3122625
1983-06-03,-1.3122859
1983-06-04,-1.5016627
1983-06-05,-1.5050521
1983-06-06,-1.5050521
1983-06-07,-1.5050521
1983-06-08,-1.5050521
1983-06-09,-1.368912
1983-06-10,-1.364778
1983-06-11,-1.368218
1983-06-12,-1.8407118
1983-06-13,-1.8407748
1983-06-14,-1.8407748
1983-06-15,-2.0619228
1983-06-16,-2.0619228
1983-06-17,-2.1726465
1983-06-18,-2.1726465
1983-06-19,-2.2185605
1983-06-20,-2.3025978
1983-06-21,-2.5210853
1983-06-22,-2.9537096
1983-06-23,-2.9383168
1983-06-24,-3.033738
1983-06-25,-3.1027293
1983-06-26,-3.1870914
1983-06-27,-3.377239
1983-06-28,-3.2106304
1983-06-29,-2.7957373
1983-06-30,-3.0058274
1983-07-01,-2.8508265
1983-07-02,-2.8678412
1983-07-03,-2.8727667
1983-07-04,-3.1485064
1983-07-05,-2.835684
1983-07-06,-3.2547112
1983-07-07,-3.2541008
1983-07-08,-2.8648915
1983-07-09,-3.0319963
1983-07-10,-2.8356502
1983-07-11,-2.929832
1983-07-12,-2.963681
1983-07-13,-3.326156
1983-07-14,-3.3315692
1983-07-15,-3.4168494
1983-07-16,-3.4504094
1983-07-17,-3.7013834
1983-07-18,-3.744284
1983-07-19,-3.744284
1983-07-20,-3.662422
1983-07-21,-3.5955753
1983-07-22,-3.5743446
1983-07-23,-3.925863
1983-07-24,-3.8558438
1983-07-25,-3.88498
1983-07-26,-3.8835895
1983-07-27,-3.528312
1983-07-28,-3.6624908
1983-07-29,-3.5802062
1983-07-30,-3.580499
1983-07-31,-3.564317
1983-08-01,-3.7111413
1983-08-02,-3.57472
1983-08-03,-3.8553545
1983-08-04,-3.9098532
1983-08-05,-4.147258
1983-08-06,-4.2396784
1983-08-07,-4.2392454
1983-08-08,-4.239151
1983-08-09,-4.141302
1983-08-10,-4.188802
1983-08-11,-4.1327667
1983-08-12,-4.030916
1983-08-13,-4.0309486
1983-08-14,-4.017408
1983-08-15,-4.016221
1983-08-16,-3.9846556
1983-08-17,-3.7187185
1983-08-18,-3.945917
1983-08-19,-4.0620275
1983-08-20,-4.062029
1983-08-21,-4.0351896
1983-08-22,-4.117054
1983-08-23,-4.239258
1983-08-24,-4.4337673
1983-08-25,-4.4337673
1983-08-26,-3.8724506
1983-08-27,-3.8724506
1983-08-28,-3.8724506
1983-08-29,-4.0318213
1983-08-30,-4.0786242
1983-08-31,-3.9871228
1983-09-01,-3.8615859
1983-09-02,-3.7594192
1983-09-03,-3.7594192
1983-09-04,-3.7594192
1983-09-05,-3.7594192
1983-09-06,-3.9303243
1983-09-07,-3.7330184
1983-09-08,-3.9767616
1983-09-09,-4.2550287
1983-09-10,-4.0124607
1983-09-11,-3.840777
1983-09-12,-3.7543511
1983-09-13,-3.9228346
1983-09-14,-3.910447
1983-09-15,-3.8991106
1983-09-16,-3.8991144
1983-09-17,-3.9010742
1983-09-18,-4.0174246
1983-09-19,-3.82233
1983-09-20,-4.040168
1983-09-21,-4.2476664
1983-09-22,-4.655284
1983-09-23,-4.655284
1983-09-24,-5.327553
1983-09-25,-5.327553
1983-09-26,-5.3101873
1983-09-27,-4.6853876
1983-09-28,-4.3232536
1983-09-29,-4.2529616
1983-09-30,2.474263
1983-10-01,-4.326216
1983-10-02,-3.9083455
1983-10-03,-3.8724506
1983-10-04,-3.877659
1983-10-05,-4.1984544
1983-10-06,-4.4337654
1983-10-07,-5.327553
1983-10-08,-5.327553
1983-10-09,-5.2901506
1983-10-10,-5.282913
1983-10-11,-4.451129
1983-10-12,-4.107912
1983-10-13,-4.128257
1983-10-14,-3.7734277
1983-10-15,-3.6967237
1983-10-16,-3.754864
1983-10-17,-4.0626473
1983-10-18,-4.147008
1983-10-19,-3.997792
1983-10-20,-4.0435524
1983-10-21,-4.0435524
1983-10-22,-4.0838795
1983-10-23,-4.1688175
1983-10-24,-4.1470146
1983-10-25,-4.3669186
1983-10-26,-4.3669186
1983-10-27,-4.653285
1983-10-28,-5.179558
1983-10-29,-5.111032
1983-10-30,-5.194967
1983-10-31,0.28509158
1983-11-01,-5.1327963
1983-11-02,-5.3691063
1983-11-03,-5.4171696
1983-11-04,-5.3829794
1983-11-05,-5.3829794
1983-11-06,-5.3829794
1983-11-07,-5.3829794
1983-11-08,-5.3829794
1983-11-09,-5.1425443
1983-11-10,1.8778932
1983-11-11,1.292409
1983-11-12,2.0289078
1983-11-13,2.1572907
1983-11-14,-4.653285
1983-11-15,-5.3281255
1983-11-16,0.7451113
1983-11-17,1.4746418
1983-11-18,-5.3691063
1983-11-19,1.4415189
1983-11-20,-5.294944
1983-11-21,-5.2569723
1983-11-22,-5.2547727
1983-11-23,1.2790686
1983-11-24,1.4009942
1983-11-25,-5.408165
1983-11-26,-5.408165
1983-11-27,-5.408165
1983-11-28,-5.414263
1983-11-29,-5.418948
1983-11-30,-5.179519
1983-12-01,-5.3829794
1983-12-02,-5.3829794
1983-12-03,1.4275898
1983-12-04,-5.3829794
1983-12-05,-5.3829794
1983-12-06,-5.3829746
1983-12-07,-5.3829713
1983-12-08,-5.38282
1983-12-09,1.5511715
1983-12-10,-3.0354915
1983-12-11,1.5007694
1983-12-12,-5.3098516
1983-12-13,-5.3098516
1983-12-14,-5.3098516
1983-12-15,-5.3829794
1983-12-16,-5.382971
1983-12-17,-5.3829794
1983-12-18,-5.3829794
1983-12-19,-5.3829794
1983-12-20,-5.3829794
1983-12-21,-5.3829794
1983-12-22,-0.07164058
1983-12-23,1.2951562
1983-12-24,1.4275788
1983-12-25,1.6041813
1983-12-26,-4.3454933
1983-12-27,-5.000881
1983-12-28,-5.000944
1983-12-29,-5.0260925
1983-12-30,1.8622042
1983-12-31,-4.823986
1984-01-01,-4.7679005
1984-01-02,-4.7679005
1984-01-03,-4.76779
1984-01-04,-4.767441
1984-01-05,-4.8039055
1984-01-06,-4.8032827
1984-01-07,-4.777774
1984-01-08,-4.756624
1984-01-09,-5.087633
1984-01-10,-5.087633
1984-01-11,-5.087633
1984-01-12,-5.087633
1984-01-13,-5.087633
1984-01-14,-4.994027
1984-01-15,-5.027394
1984-01-16,-4.9933295
1984-01-17,-5.000944
1984-01-18,-5.276861
1984-01-19,-5.276861
1984-01-20,-5.3829794
1984-01-21,-5.3829794
1984-01-22,-5.3829794
1984-01-23,-5.206767
1984-01-24,-5.088772
1984-01-25,-4.91809
1984-01-26,-4.7679005
1984-01-27,-4.798483
1984-01-28,-4.485034
1984-01-29,-4.4122972
1984-01-30,-4.5438776
1984-01-31,-4.8047247
1984-02-01,-4.9304028
1984-02-02,-4.948291
1984-02-03,-4.948291
1984-02-04,-4.9014587
1984-02-05,-4.901458
1984-02-06,-4.9015055
1984-02-07,-4.823986
1984-02-08,-4.7973228
1984-02-09,0.5539255
1984-02-10,-4.9012966
1984-02-11,-4.295713
1984-02-12,-4.27009
1984-02-13,2.6780105
1984-02-14,-4.128383
1984-02-15,2.6793308
1984-02-16,-4.1283255
1984-02-17,-4.2570744
1984-02-18,-4.27009
1984-02-19,-4.27009
1984-02-20,-4.52048
1984-02-21,-2.448981
1984-02-22,-4.4047585
1984-02-23,-4.4047585
1984-02-24,-4.1284814
1984-02-25,-4.007902
1984-02-26,-3.4636006
1984-02-27,-3.4635973
1984-02-28,-3.3484938
1984-02-29,-3.3821127
1984-03-01,-3.4753838
1984-03-02,-3.613406
1984-03-03,-3.613406
1984-03-04,-3.613406
1984-03-05,-3.613406
1984-03-06,-3.4753838
1984-03-07,-3.4753838
1984-03-08,-3.3824227
1984-03-09,-3.552953
1984-03-10,-3.7851727
1984-03-11,-3.9998968
1984-03-12,-3.999563
1984-03-13,2.8026562
1984-03-14,-3.9999092
1984-03-15,2.8070793
1984-03-16,-3.82523
1984-03-17,-4.0077105
1984-03-18,-4.0112333
1984-03-19,-3.8641381
1984-03-20,-3.857509
1984-03-21,-4.0112333
1984-03-22,-4.0112333
1984-03-23,-3.9865034
1984-03-24,-3.9270003
1984-03-25,-3.8290696
1984-03-26,-3.8290696
1984-03-27,-3.55702
1984-03-28,-3.4067323
1984-03-29,-3.2974985
1984-03-30,-3.2010128
1984-03-31,-3.0973256
1984-04-01,-3.0981753
1984-04-02,-3.2831805
1984-04-03,-3.368148
1984-04-04,-3.3752859
1984-04-05,-3.3752859
1984-04-06,-3.3752859
1984-04-07,-3.2464345
1984-04-08,-3.1582828
1984-04-09,-3.158298
1984-04-10,-3.19145
1984-04-11,-3.024584
1984-04-12,-3.024584
1984-04-13,-3.024584
1984-04-14,-3.024584
1984-04-15,-3.024584
1984-04-16,-3.024584
1984-04-17,-3.024584
1984-04-18,3.783009
1984-04-19,-3.0892873
1984-04-20,-3.0999584
1984-04-21,-3.2532046
1984-04-22,-3.253543
1984-04-23,-3.1279235
1984-04-24,-3.0999584
1984-04-25,-3.0999584
1984-04-26,-3.099983
1984-04-27,-3.2043495
1984-04-28,-3.0647206
1984-04-29,-2.968753
1984-04-30,-3.099958
1984-05-01,-2.7634873
1984-05-02,-3.098146
1984-05-03,-3.0562081
1984-05-04,-3.0562081
1984-05-05,-3.0562081
1984-05-06,-2.92595
1984-05-07,-2.92595
1984-05-08,-2.92595
1984-05-09,-2.92595
1984-05-10,-2.92595
1984-05-11,-2.92595
1984-05-12,-2.92595
1984-05-13,-2.92595
1984-05-14,-3.0988855
1984-05-15,-3.0988855
1984-05-16,-3.0988855
1984-05-17,-3.0988855
1984-05-18,-3.0988855
1984-05-19,-3.0988855
1984-05-20,-3.119697
1984-05-21,-2.9832847
1984-05-22,-2.9832847
1984-05-23,-2.9375243
1984-05-24,-2.94502
1984-05-25,-2.8979867
1984-05-26,-2.8979867
1984-05-27,-2.94502
1984-05-28,-2.9986122
1984-05-29,-2.9986124
1984-05-30,-3.050053
1984-05-31,-3.15797
1984-06-01,-3.336617
1984-06-02,-3.336617
1984-06-03,-3.4275572
1984-06-04,-3.4916196
1984-06-05,-3.4919593
1984-06-06,-3.32642
1984-06-07,-3.4192858
1984-06-08,-3.64255
1984-06-09,-3.6573884
1984-06-10,-3.6569004
1984-06-11,-3.843943
1984-06-12,-3.8891366
1984-06-13,-3.517882
1984-06-14,-3.6909077
1984-06-15,-3.906802
1984-06-16,-3.4034395
1984-06-17,-3.5627108
1984-06-18,-3.859394
1984-06-19,-4.000841
1984-06-20,-4.000676
1984-06-21,-3.9969003
1984-06-22,-3.9337323
1984-06-23,-4.13612
1984-06-24,-4.2485466
1984-06-25,-4.026649
1984-06-26,-4.057392
1984-06-27,-4.213566
1984-06-28,-4.064945
1984-06-29,-3.7573748
1984-06-30,-3.5744617
1984-07-01,-3.4438016
1984-07-02,-3.4464357
1984-07-03,-3.5240257
1984-07-04,-3.5547698
1984-07-05,-3.4477537
1984-07-06,-3.4477537
1984-07-07,-3.5533376
1984-07-08,-3.5533376
1984-07-09,-3.5965853
1984-07-10,-3.659347
1984-07-11,-3.6689513
1984-07-12,-3.6689498
1984-07-13,-3.6689513
1984-07-14,-3.5169537
1984-07-15,-3.463454
1984-07-16,-3.4634538
1984-07-17,-3.4634538
1984-07-18,-3.303372
1984-07-19,-2.5652492
1984-07-20,-3.5714097
1984-07-21,-3.6613553
1984-07-22,-3.964462
1984-07-23,-4.218963
1984-07-24,-4.457344
1984-07-25,-4.4082975
1984-07-26,-4.4102955
1984-07-27,-4.4204016
1984-07-28,-4.89606
1984-07-29,-4.185266
1984-07-30,-3.9455297
1984-07-31,-3.7685041
1984-08-01,-3.8444963
1984-08-02,-3.6707675
1984-08-03,-3.7344756
1984-08-04,-3.9069116
1984-08-05,-3.9069116
1984-08-06,-3.9069116
1984-08-07,-3.9558604
1984-08-08,-3.995753
1984-08-09,-4.046505
1984-08-10,-4.039998
1984-08-11,-4.1423244
1984-08-12,-4.0652533
1984-08-13,-4.0165586
1984-08-14,-3.8748748
1984-08-15,-3.8317842
1984-08-16,-3.9504263
1984-08-17,-4.097159
1984-08-18,-4.0971465
1984-08-19,-4.241596
1984-08-20,-4.3747463
1984-08-21,-4.3757777
1984-08-22,-4.3765545
1984-08-23,-4.3765545
1984-08-24,-4.312544
1984-08-25,-4.4983044
1984-08-26,-4.3847837
1984-08-27,-4.237796
1984-08-28,-4.3284273
1984-08-29,-4.328456
1984-08-30,-4.328456
1984-08-31,-4.1222963
1984-09-01,-4.1222963
1984-09-02,-4.086567
1984-09-03,-4.040342
1984-09-04,-3.8122995
1984-09-05,-3.9470503
1984-09-06,-3.9470503
1984-09-07,-4.088665
1984-09-08,-4.0052094
1984-09-09,-4.029708
1984-09-10,-3.8570983
1984-09-11,-4.0286
1984-09-12,-4.028601
1984-09-13,-4.097159
1984-09-14,-4.0165586
1984-09-15,-3.9719112
1984-09-16,-3.8317955
1984-09-17,-3.8317955
1984-09-18,-3.7807856
1984-09-19,-3.6119537
1984-09-20,-3.6119537
1984-09-21,-3.6770532
1984-09-22,-3.6770532
1984-09-23,-3.6769397
1984-09-24,-3.6495864
1984-09-25,-3.757777
1984-09-26,-3.757777
1984-09-27,-3.8961484
1984-09-28,-3.89422
1984-09-29,-3.9323595
1984-09-30,-3.8461735
1984-10-01,-3.8388166
1984-10-02,-3.7704012
1984-10-03,-3.7703652
1984-10-04,-3.770389
1984-10-05,-3.8392434
1984-10-06,-3.9667423
1984-10-07,-4.083292
1984-10-08,-4.44755
1984-10-09,-4.948373
1984-10-10,-5.3002133
1984-10-11,-4.9837165
1984-10-12,-5.0610046
1984-10-13,-4.4157906
1984-10-14,-4.248313
1984-10-15,-4.169533
1984-10-16,2.591598
1984-10-17,-4.32461
1984-10-18,-4.4157906
1984-10-19,-4.8371964
1984-10-20,-4.8371964
1984-10-21,-4.834132
1984-10-22,-4.771201
1984-10-23,-4.771201
1984-10-24,-4.771201
1984-10-25,-4.8960648
1984-10-26,-4.8960648
1984-10-27,-4.6682806
1984-10-28,-4.6682725
1984-10-29,-4.6682806
1984-10-30,-5.0568666
1984-10-31,-4.668315
1984-11-01,-5.026142
1984-11-02,-5.015823
1984-11-03,-5.026142
1984-11-04,-5.026142
1984-11-05,-5.026142
1984-11-06,-4.4702897
1984-11-07,-4.9505243
1984-11-08,-2.988918
1984-11-09,-5.026142
1984-11-10,-5.0047655
1984-11-11,-5.0205917
1984-11-12,-1.6011648
1984-11-13,0.3718868
1984-11-14,-5.026142
1984-11-15,-5.0107555
1984-11-16,-3.8206851
1984-11-17,-5.3998995
1984-11-18,-5.41113
1984-11-19,-5.4112253
1984-11-20,1.3693067
1984-11-21,-5.3083453
1984-11-22,-5.3074784
1984-11-23,-5.0261073
1984-11-24,1.7841
1984-11-25,-5.026142
1984-11-26,-5.026142
1984-11-27,1.4576731
1984-11-28,-5.4109526
1984-11-29,-5.4112253
1984-11-30,-5.4112253
1984-12-01,-5.4112253
1984-12-02,1.0861261
1984-12-03,-5.371571
1984-12-04,-5.026453
1984-12-05,-4.666944
1984-12-06,-5.026142
1984-12-07,-5.026142
1984-12-08,-5.026142
1984-12-09,-5.0245996
1984-12-10,1.3994061
1984-12-11,-5.4112253
1984-12-12,-5.422372
1984-12-13,-5.422372
1984-12-14,-5.422372
1984-12-15,1.3882415
1984-12-16,-5.4112253
1984-12-17,-5.3494787
1984-12-18,-4.1879783
1984-12-19,-5.026142
1984-12-20,-5.026142
1984-12-21,-5.026142
1984-12-22,-5.2999268
1984-12-23,-5.2999268
1984-12-24,-5.4264374
1984-12-25,-5.426918
1984-12-26,-5.3097734
1984-12-27,-5.4275846
1984-12-28,-5.4068213
1984-12-29,-4.5283165
1984-12-30,-4.5283165
1984-12-31,-5.409786
1985-01-01,-5.3887835
1985-01-02,-5.422372
1985-01-03,-5.426918
1985-01-04,-5.4047337
1985-01-05,-4.973604
1985-01-06,-4.886223
1985-01-07,1.7223734
1985-01-08,-4.9134464
1985-01-09,-4.832541
1985-01-10,-4.832546
1985-01-11,-5.274848
1985-01-12,-5.3098516
1985-01-13,-5.3098516
1985-01-14,-5.3055105
1985-01-15,-5.3098516
1985-01-16,-5.3098516
1985-01-17,-5.274849
1985-01-18,-5.274849
1985-01-19,-5.2748356
1985-01-20,-5.20574
1985-01-21,-5.206599
1985-01-22,-5.404752
1985-01-23,-5.404752
1985-01-24,-5.404752
1985-01-25,-5.404752
1985-01-26,-5.404749
1985-01-27,-5.3818464
1985-01-28,1.3578968
1985-01-29,-5.404752
1985-01-30,-5.426918
1985-01-31,-5.426917
1985-02-01,-5.3692913
1985-02-02,-5.2840295
1985-02-03,-5.2059546
1985-02-04,-4.816725
1985-02-05,-4.816724
1985-02-06,-5.116479
1985-02-07,1.6855443
1985-02-08,1.6940925
1985-02-09,-5.2067223
1985-02-10,-5.3829794
1985-02-11,-5.404752
1985-02-12,-5.404752
1985-02-13,-5.404752
1985-02-14,-5.404752
1985-02-15,-5.349003
1985-02-16,-4.973872
1985-02-17,-4.5754433
1985-02-18,-4.5754433
1985-02-19,-4.257571
1985-02-20,-4.064844
1985-02-21,-4.0605536
1985-02-22,-3.9362838
1985-02-23,-3.982385
1985-02-24,-4.1693363
1985-02-25,-4.3523808
1985-02-26,-3.9195697
1985-02-27,-3.9195602
1985-02-28,-3.835652
1985-03-01,-3.7593262
1985-03-02,-3.759326
1985-03-03,-3.7595456
1985-03-04,-3.9009054
1985-03-05,2.9482982
1985-03-06,2.9440618
1985-03-07,-4.199346
1985-03-08,-4.216151
1985-03-09,-4.448162
1985-03-10,2.2112498
1985-03-11,-4.3986626
1985-03-12,-4.27009
1985-03-13,-4.1283836
1985-03-14,-4.128383
1985-03-15,-4.128383
1985-03-16,-4.406933
1985-03-17,-4.4480224
1985-03-18,-4.4299154
1985-03-19,-4.479514
1985-03-20,-4.479514
1985-03-21,-4.5433397
1985-03-22,-4.128419
1985-03-23,-3.8921516
1985-03-24,-3.5501797
1985-03-25,-3.5322475
1985-03-26,3.3338418
1985-03-27,3.3315952
1985-03-28,-3.418774
1985-03-29,-3.4187753
1985-03-30,-3.436571
1985-03-31,-3.4659405
1985-04-01,-3.473122
1985-04-02,-3.6011825
1985-04-03,-3.8972757
1985-04-04,-4.02584
1985-04-05,-3.8186333
1985-04-06,-3.8186104
1985-04-07,-3.8120341
1985-04-08,-3.8310034
1985-04-09,-3.8308673
1985-04-10,-3.5486379
1985-04-11,-3.4555202
1985-04-12,-3.4555202
1985-04-13,-3.4093852
1985-04-14,-3.4093807
1985-04-15,-3.3968961
1985-04-16,-3.3968916
1985-04-17,-3.396869
1985-04-18,-3.3968961
1985-04-19,-3.3968961
1985-04-20,-3.3968961
1985-04-21,-3.396557
1985-04-22,-3.2094092
1985-04-23,-2.9671218
1985-04-24,-2.9671218
1985-04-25,-2.9671218
1985-04-26,-2.9796565
1985-04-27,-3.130247
1985-04-28,-2.917272
1985-04-29,-3.04849
1985-04-30,-3.150141
1985-05-01,-3.150141
1985-05-02,-3.1917946
1985-05-03,-3.2464345
1985-05-04,-3.2250354
1985-05-05,-3.0482645
1985-05-06,-3.088301
1985-05-07,-2.9580297
1985-05-08,-2.9580297
1985-05-09,-2.9580333
1985-05-10,-3.336958
1985-05-11,-3.3892667
1985-05-12,-3.5328376
1985-05-13,-3.558231
1985-05-14,-3.5562878
1985-05-15,-3.5003774
1985-05-16,-3.5156527
1985-05-17,-3.2351477
1985-05-18,-2.9186819
1985-05-19,-2.879503
1985-05-20,-2.8556452
1985-05-21,-2.8556452
1985-05-22,-2.8556452
1985-05-23,-2.8556452
1985-05-24,-2.7701113
1985-05-25,-2.7343392
1985-05-26,-2.794645
1985-05-27,-2.794645
1985-05-28,-3.0890718
1985-05-29,-3.5370398
1985-05-30,-3.3031168
1985-05-31,-3.2190545
1985-06-01,-3.3739088
1985-06-02,-2.761198
1985-06-03,-3.178828
1985-06-04,-2.8930612
1985-06-05,-2.826875
1985-06-06,-2.622945
1985-06-07,-2.3682466
1985-06-08,-1.8466227
1985-06-09,-2.1174216
1985-06-10,-2.0565572
1985-06-11,-2.4768538
1985-06-12,-2.7923973
1985-06-13,-2.7995558
1985-06-14,-2.7995558
1985-06-15,-2.7995558
1985-06-16,-3.0119884
1985-06-17,-3.3423586
1985-06-18,-3.4379613
1985-06-19,-3.5393581
1985-06-20,-3.5411446
1985-06-21,-3.4948227
1985-06-22,-3.4622538
1985-06-23,-3.4935966
1985-06-24,-3.458747
1985-06-25,-3.591821
1985-06-26,-3.5919526
1985-06-27,-3.6702418
1985-06-28,-3.3476894
1985-06-29,-3.3658
1985-06-30,-3.2754521
1985-07-01,-3.229457
1985-07-02,-3.2176929
1985-07-03,-3.2520282
1985-07-04,-3.254835
1985-07-05,-3.254835
1985-07-06,-3.3987956
1985-07-07,-3.4482763
1985-07-08,-3.6529698
1985-07-09,-3.4961016
1985-07-10,-3.5499356
1985-07-11,-3.5946183
1985-07-12,-3.6529112
1985-07-13,-3.6474044
1985-07-14,-3.831774
1985-07-15,-3.9690802
1985-07-16,-3.9394934
1985-07-17,-3.8583028
1985-07-18,-3.6309998
1985-07-19,-3.662118
1985-07-20,-3.1062605
1985-07-21,-3.565197
1985-07-22,-3.4450493
1985-07-23,-3.4449635
1985-07-24,-3.496325
1985-07-25,-3.4973567
1985-07-26,-3.584522
1985-07-27,-3.5846393
1985-07-28,-3.7582338
1985-07-29,-3.7620416
1985-07-30,-3.7767074
1985-07-31,-3.645423
1985-08-01,-3.4394448
1985-08-02,-3.430584
1985-08-03,-3.430584
1985-08-04,-3.4298823
1985-08-05,-3.395547
1985-08-06,-3.3602512
1985-08-07,-3.7184818
1985-08-08,-3.7482576
1985-08-09,-3.7482576
1985-08-10,-3.7091298
1985-08-11,-3.7146206
1985-08-12,-3.8409007
1985-08-13,-3.8409076
1985-08-14,-3.8409076
1985-08-15,-3.8409076
1985-08-16,-3.8409076
1985-08-17,-3.8409076
1985-08-18,-3.8409076
1985-08-19,-3.8409076
1985-08-20,-3.8409076
1985-08-21,-3.7433827
1985-08-22,-3.7450335
1985-08-23,-3.7482576
1985-08-24,-3.5642831
1985-08-25,-3.5642827
1985-08-26,-3.5642827
1985-08-27,-3.7482417
1985-08-28,-3.7482417
1985-08-29,-3.7450335
1985-08-30,-3.7450335
1985-08-31,-3.8414605
1985-09-01,-3.8414605
1985-09-02,-3.8414605
1985-09-03,-3.892207
1985-09-04,-3.6123405
1985-09-05,-4.168073
1985-09-06,-4.168073
1985-09-07,-4.168073
1985-09-08,-4.167996
1985-09-09,-4.165778
1985-09-10,-4.168056
1985-09-11,-4.1691413
1985-09-12,-4.2190285
1985-09-13,-4.2190285
1985-09-14,-4.2771454
1985-09-15,-4.4157906
1985-09-16,-4.4157906
1985-09-17,-4.5508823
1985-09-18,-4.550878
1985-09-19,-4.5508823
1985-09-20,-4.4983044
1985-09-21,-4.3847837
1985-09-22,-4.2880697
1985-09-23,-4.1636753
1985-09-24,-4.1582403
1985-09-25,-4.1582403
1985-09-26,-4.1582403
1985-09-27,-4.125023
1985-09-28,-3.9066622
1985-09-29,-3.8414605
1985-09-30,-3.860446
1985-10-01,-3.9924495
1985-10-02,-4.104515
1985-10-03,-4.093156
1985-10-04,-4.093156
1985-10-05,-4.21338
1985-10-06,-4.2134047
1985-10-07,-4.366109
1985-10-08,-4.3660192
1985-10-09,-4.5508823
1985-10-10,-4.5508823
1985-10-11,-4.5508823
1985-10-12,-4.366109
1985-10-13,-4.365883
1985-10-14,-4.034679
1985-10-15,-4.1596465
1985-10-16,-4.2258053
1985-10-17,-4.0801353
1985-10-18,-4.2657957
1985-10-19,-4.2657957
1985-10-20,-4.2627535
1985-10-21,2.8756666
1985-10-22,-3.705805
1985-10-23,-3.5607915
1985-10-24,-3.3965275
1985-10-25,-3.2992632
1985-10-26,-3.2992632
1985-10-27,-3.4323294
1985-10-28,-3.5531282
1985-10-29,-3.5642827
1985-10-30,-3.5642827
1985-10-31,-3.5642827
1985-11-01,-3.7044322
1985-11-02,-3.7482576
1985-11-03,-3.7482576
1985-11-04,-3.7482576
1985-11-05,-3.7450335
1985-11-06,-3.7450335
1985-11-07,-3.9729793
1985-11-08,-4.082383
1985-11-09,-4.12502
1985-11-10,1.8256063
1985-11-11,2.5766408
1985-11-12,-4.3671026
1985-11-13,-4.3438253
1985-11-14,-4.3438253
1985-11-15,-4.3438253
1985-11-16,-4.3438253
1985-11-17,-4.2135687
1985-11-18,-4.2135687
1985-11-19,-4.0022006
1985-11-20,-4.001136
1985-11-21,-4.0011353
1985-11-22,-3.9560425
1985-11-23,2.8538873
1985-11-24,2.9036818
1985-11-25,-2.07001
1985-11-26,-3.962661
1985-11-27,-3.9731696
1985-11-28,2.837439
1985-11-29,2.8370616
1985-11-30,-3.9731696
1985-12-01,-3.9437125
1985-12-02,2.6424994
1985-12-03,-4.168073
1985-12-04,-4.167509
1985-12-05,2.6839204
1985-12-06,-4.123125
1985-12-07,-4.0320454
1985-12-08,-4.1701975
1985-12-09,-4.0689106
1985-12-10,-4.0509434
1985-12-11,-4.282612
1985-12-12,-4.3945045
1985-12-13,-4.6442995
1985-12-14,-4.63651
1985-12-15,-4.586875
1985-12-16,-4.3966923
1985-12-17,-4.6216383
1985-12-18,-4.7291145
1985-12-19,-4.3637543
1985-12-20,-4.3637543
1985-12-21,-4.380865
1985-12-22,-4.655219
1985-12-23,-4.4490147
1985-12-24,-4.4487553
1985-12-25,-4.5283165
1985-12-26,-4.5283165
1985-12-27,-4.5193396
1985-12-28,-4.1819105
1985-12-29,1.5351875
1985-12-30,-4.1662183
1985-12-31,-5.292408
1986-01-01,-5.3309574
1986-01-02,-5.3309546
1986-01-03,-5.3309455
1986-01-04,1.4788114
1986-01-05,1.9512253
1986-01-06,-4.203624
1986-01-07,-4.189368
1986-01-08,-4.203624
1986-01-09,-4.203624
1986-01-10,-4.221492
1986-01-11,-5.403467
1986-01-12,-5.4034815
1986-01-13,-5.403461
1986-01-14,-5.3270154
1986-01-15,-4.375874
1986-01-16,-2.0441973
1986-01-17,0.296631
1986-01-18,-4.1092
1986-01-19,-4.1092
1986-01-20,-4.4493523
1986-01-21,-4.4493523
1986-01-22,-4.557702
1986-01-23,-4.456213
1986-01-24,-4.259061
1986-01-25,-4.2573977
1986-01-26,-4.2033014
1986-01-27,-4.2033014
1986-01-28,-4.816724
1986-01-29,1.922455
1986-01-30,1.5264345
1986-01-31,1.4671062
1986-02-01,-5.2841387
1986-02-02,2.3038688
1986-02-03,-4.2526717
1986-02-04,-4.4354115
1986-02-05,-4.435585
1986-02-06,-4.4557924
1986-02-07,-4.4557924
1986-02-08,-4.4557915
1986-02-09,-4.429776
1986-02-10,-4.3733273
1986-02-11,-4.327993
1986-02-12,2.5467556
1986-02-13,2.7812953
1986-02-14,2.7811275
1986-02-15,2.2880867
1986-02-16,2.270109
1986-02-17,2.2596226
1986-02-18,2.0745568
1986-02-19,2.2457852
1986-02-20,-4.565159
1986-02-21,-4.5435734
1986-02-22,-4.8012524
1986-02-23,-4.80126
1986-02-24,-4.80126
1986-02-25,-4.869441
1986-02-26,-4.8877487
1986-02-27,-4.887418
1986-02-28,-4.61281
1986-03-01,-4.61281
1986-03-02,-4.612809
1986-03-03,-4.524271
1986-03-04,-4.58066
1986-03-05,-4.58066
1986-03-06,-4.482892
1986-03-07,2.327834
1986-03-08,2.2308471
1986-03-09,0.12239968
1986-03-10,2.8638978
1986-03-11,-3.1721451
1986-03-12,-3.7358613
1986-03-13,3.075525
1986-03-14,-3.7786252
1986-03-15,3.0381408
1986-03-16,2.9637318
1986-03-17,-3.7830565
1986-03-18,-3.7830565
1986-03-19,-3.7830565
1986-03-20,-3.7830565
1986-03-21,-3.6876998
1986-03-22,-3.5207694
1986-03-23,-3.5207694
1986-03-24,-3.3625252
1986-03-25,-3.5051367
1986-03-26,-3.6938102
1986-03-27,-3.6938102
1986-03-28,-3.6938107
1986-03-29,-3.3992608
1986-03-30,-3.3992608
1986-03-31,-3.315796
1986-04-01,-3.0854228
1986-04-02,-3.052443
1986-04-03,-3.052451
1986-04-04,-3.0555334
1986-04-05,-2.8554654
1986-04-06,-3.1866136
1986-04-07,-3.1920993
1986-04-08,-3.1869135
1986-04-09,-3.0163326
1986-04-10,-2.9187331
1986-04-11,-2.9302266
1986-04-12,-2.7778034
1986-04-13,-2.777806
1986-04-14,-2.6612537
1986-04-15,-2.716257
1986-04-16,-2.7958047
1986-04-17,-2.7958295
1986-04-18,-2.7958302
1986-04-19,-2.7958295
1986-04-20,-2.7958295
1986-04-21,-2.7958295
1986-04-22,-2.7958295
1986-04-23,-2.7958295
1986-04-24,-2.8164442
1986-04-25,-2.909004
1986-04-26,-2.9090037
1986-04-27,-2.9271524
1986-04-28,-2.826875
1986-04-29,-2.826875
1986-04-30,-2.826875
1986-05-01,-2.826875
1986-05-02,-2.8267941
1986-05-03,-2.8266795
1986-05-04,-2.917272
1986-05-05,-3.04849
1986-05-06,-3.0484898
1986-05-07,-3.277202
1986-05-08,-3.2651381
1986-05-09,-3.040189
1986-05-10,-2.9186819
1986-05-11,-2.80218
1986-05-12,-2.7338505
1986-05-13,-2.6809912
1986-05-14,-2.6784608
1986-05-15,-2.7194545
1986-05-16,-2.7414138
1986-05-17,-2.78476
1986-05-18,-2.9773881
1986-05-19,-2.2783027
1986-05-20,-2.3875947
1986-05-21,-2.4822369
1986-05-22,-2.4822369
1986-05-23,-2.4831712
1986-05-24,-2.2036889
1986-05-25,-2.1002076
1986-05-26,-2.1534755
1986-05-27,-1.8744881
1986-05-28,-1.2298789
1986-05-29,-1.1867759
1986-05-30,-1.1594887
1986-05-31,-1.7429938
1986-06-01,-1.5530851
1986-06-02,-1.3743556
1986-06-03,-1.6130631
1986-06-04,-1.6734507
1986-06-05,-1.676451
1986-06-06,-1.232872
1986-06-07,-1.1644163
1986-06-08,-1.1582432
1986-06-09,-1.1528442
1986-06-10,-1.1528442
1986-06-11,-1.1526251
1986-06-12,-1.1594888
1986-06-13,-1.1594887
1986-06-14,-1.1594887
1986-06-15,-1.1594887
1986-06-16,-1.1470635
1986-06-17,-1.243438
1986-06-18,-2.2527945
1986-06-19,-2.5500925
1986-06-20,-2.6563277
1986-06-21,-2.8161197
1986-06-22,-2.8161197
1986-06-23,-2.990919
1986-06-24,-3.087371
1986-06-25,-2.8129597
1986-06-26,-2.7199826
1986-06-27,-2.5064964
1986-06-28,-2.4384046
1986-06-29,-2.4386504
1986-06-30,-2.392129
1986-07-01,-2.2746313
1986-07-02,-1.8116617
1986-07-03,-1.2069175
1986-07-04,-1.9678273
1986-07-05,-2.0750947
1986-07-06,-2.360557
1986-07-07,-2.3755786
1986-07-08,-2.3715656
1986-07-09,-1.6130269
1986-07-10,-1.6129801
1986-07-11,-1.61307
1986-07-12,-1.9549596
1986-07-13,-2.5623014
1986-07-14,-2.7340896
1986-07-15,-2.9728177
1986-07-16,-2.9482365
1986-07-17,-2.9883664
1986-07-18,-2.9883664
1986-07-19,-2.9883664
1986-07-20,-3.1989038
1986-07-21,-3.236189
1986-07-22,-3.3720212
1986-07-23,-3.3720205
1986-07-24,-3.2595935
1986-07-25,-3.1478827
1986-07-26,-3.0721285
1986-07-27,-2.996314
1986-07-28,-3.058515
1986-07-29,-3.012827
1986-07-30,-3.0896783
1986-07-31,-3.2040267
1986-08-01,-3.0844812
1986-08-02,-3.084419
1986-08-03,-3.0179117
1986-08-04,-2.9883652
1986-08-05,-2.798471
1986-08-06,-2.9963145
1986-08-07,-2.9963145
1986-08-08,-2.9963143
1986-08-09,-2.9883664
1986-08-10,-2.9883664
1986-08-11,-2.9883664
1986-08-12,-2.9883664
1986-08-13,-2.9883664
1986-08-14,-2.9963145
1986-08-15,-2.9963145
1986-08-16,-2.8280325
1986-08-17,-2.8014684
1986-08-18,-2.7691536
1986-08-19,-2.769154
1986-08-20,-2.7691536
1986-08-21,-2.7691536
1986-08-22,-2.7691536
1986-08-23,-2.7691536
1986-08-24,-2.7727544
1986-08-25,-2.7727544
1986-08-26,-2.772741
1986-08-27,-2.6968322
1986-08-28,-2.6968322
1986-08-29,-2.6968322
1986-08-30,-2.6968322
1986-08-31,-2.6968322
1986-09-01,-2.7727535
1986-09-02,-2.731325
1986-09-03,-2.7503557
1986-09-04,-2.9024282
1986-09-05,-2.9406269
1986-09-06,-3.0543249
1986-09-07,-3.099675
1986-09-08,-3.099675
1986-09-09,-3.099675
1986-09-10,-3.104949
1986-09-11,-3.1416664
1986-09-12,-3.1416652
1986-09-13,-3.045331
1986-09-14,-3.045331
1986-09-15,-3.0543249
1986-09-16,-3.0467787
1986-09-17,-2.9555354
1986-09-18,-3.099684
1986-09-19,-3.099675
1986-09-20,-3.099675
1986-09-21,-3.045331
1986-09-22,-3.045331
1986-09-23,-3.0609665
1986-09-24,3.743469
1986-09-25,-2.7122848
1986-09-26,-2.5764985
1986-09-27,-2.6134188
1986-09-28,-2.6134188
1986-09-29,-2.495714
1986-09-30,-2.568661
1986-10-01,-2.5566928
1986-10-02,-2.5339158
1986-10-03,-2.5709672
1986-10-04,-2.6557698
1986-10-05,-2.6490164
1986-10-06,-2.6490164
1986-10-07,-2.64996
1986-10-08,-2.6818519
1986-10-09,-2.6833112
1986-10-10,-2.6968322
1986-10-11,-2.6957693
1986-10-12,-2.673376
1986-10-13,-2.673376
1986-10-14,-2.673376
1986-10-15,-2.6968322
1986-10-16,-2.69693
1986-10-17,-2.7811525
1986-10-18,-2.9779322
1986-10-19,-2.9583387
1986-10-20,-2.9583387
1986-10-21,-2.7685473
1986-10-22,-2.7685473
1986-10-23,-2.6103802
1986-10-24,-2.610476
1986-10-25,-2.5006003
1986-10-26,-2.0704465
1986-10-27,-2.0704465
1986-10-28,-2.0704465
1986-10-29,-2.0704415
1986-10-30,-2.0425112
1986-10-31,-2.2860901
1986-11-01,-2.2860901
1986-11-02,-2.5806706
1986-11-03,-2.5806706
1986-11-04,-2.6323366
1986-11-05,-2.6540475
1986-11-06,-2.5966606
1986-11-07,-2.5966594
1986-11-08,-2.4822474
1986-11-09,-2.3429773
1986-11-10,-1.9353669
1986-11-11,-1.8704495
1986-11-12,-1.8175333
1986-11-13,-1.8175333
1986-11-14,-1.8175333
1986-11-15,-2.0372345
1986-11-16,-2.2326365
1986-11-17,-2.4671123
1986-11-18,-2.5907679
1986-11-19,-2.5909207
1986-11-20,-2.5045426
1986-11-21,-2.4021778
1986-11-22,-2.3314319
1986-11-23,-2.1647913
1986-11-24,-2.1647913
1986-11-25,-2.1647913
1986-11-26,-2.1647913
1986-11-27,-2.1647913
1986-11-28,-2.1666
1986-11-29,-2.1666
1986-11-30,-2.193811
1986-12-01,-2.3759887
1986-12-02,-2.3734837
1986-12-03,-2.480651
1986-12-04,-2.6387463
1986-12-05,-2.2126136
1986-12-06,-1.9817057
1986-12-07,-1.8283877
1986-12-08,-1.8283877
1986-12-09,-1.8283877
1986-12-10,-2.4229476
1986-12-11,-2.6752484
1986-12-12,-2.9390717
1986-12-13,-2.842257
1986-12-14,-2.527569
1986-12-15,-2.7493372
1986-12-16,-2.7513757
1986-12-17,-2.6988063
1986-12-18,-2.6928966
1986-12-19,4.7280693
1986-12-20,-2.132832
1986-12-21,-2.6420746
1986-12-22,-2.4380863
1986-12-23,-2.5586915
1986-12-24,-2.558788
1986-12-25,-2.5272677
1986-12-26,-2.4140704
1986-12-27,-2.2958722
1986-12-28,-2.1366205
1986-12-29,-2.321019
1986-12-30,-2.3426926
1986-12-31,-2.198806
1987-01-01,0.3389203
1987-01-02,-2.5363607
1987-01-03,4.2519383
1987-01-04,4.2617426
1987-01-05,-2.0956378
1987-01-06,5.0731688
1987-01-07,-1.7374569
1987-01-08,-1.7374616
1987-01-09,-1.7374551
1987-01-10,-1.7374616
1987-01-11,-1.4933765
1987-01-12,-1.493376
1987-01-13,-1.4367979
1987-01-14,-1.2881516
1987-01-15,-2.1654694
1987-01-16,-2.1016564
1987-01-17,-2.1588898
1987-01-18,-2.3592453
1987-01-19,-2.391762
1987-01-20,-2.2384324
1987-01-21,-2.2083538
1987-01-22,-1.5644671
1987-01-23,2.5252912
1987-01-24,5.465386
1987-01-25,-1.7374616
1987-01-26,-1.7374616
1987-01-27,4.7324014
1987-01-28,-2.0612514
1987-01-29,-1.737136
1987-01-30,-1.1859719
1987-01-31,-1.2697296
1987-02-01,-1.3636811
1987-02-02,5.3030386
1987-02-03,-1.4805005
1987-02-04,-1.6816878
1987-02-05,-1.5646048
1987-02-06,-2.2074935
1987-02-07,-2.293028
1987-02-08,-2.4014244
1987-02-09,4.449859
1987-02-10,-2.6288857
1987-02-11,-2.2439284
1987-02-12,4.4182253
1987-02-13,4.374803
1987-02-14,-2.2383168
1987-02-15,4.6022716
1987-02-16,-1.5620832
1987-02-17,-1.3636811
1987-02-18,-1.5507708
1987-02-19,-1.5050933
1987-02-20,-1.3636811
1987-02-21,-1.3636442
1987-02-22,-2.1771805
1987-02-23,-2.354773
1987-02-24,-2.6230829
1987-02-25,-2.6230829
1987-02-26,-2.7148473
1987-02-27,-2.7431026
1987-02-28,-2.416005
1987-03-01,-2.2959344
1987-03-02,-1.7374384
1987-03-03,-1.7374148
1987-03-04,-1.737288
1987-03-05,5.0731688
1987-03-06,-1.7374077
1987-03-07,-1.7374594
1987-03-08,-1.3149174
1987-03-09,-1.379947
1987-03-10,-1.7984896
1987-03-11,-1.7985117
1987-03-12,2.940673
1987-03-13,-1.5646579
1987-03-14,5.2456403
1987-03-15,-1.5646048
1987-03-16,-1.5646048
1987-03-17,-1.5646048
1987-03-18,-1.5630493
1987-03-19,-1.2543261
1987-03-20,-1.2543261
1987-03-21,5.5559025
1987-03-22,-1.2543261
1987-03-23,5.555699
1987-03-24,-1.2543261
1987-03-25,-1.2543261
1987-03-26,-1.2543261
1987-03-27,-1.2543261
1987-03-28,-1.2543261
1987-03-29,-1.2543261
1987-03-30,-1.2543261
1987-03-31,-1.5646048
1987-04-01,-1.5646048
1987-04-02,-1.5646048
1987-04-03,-1.5618867
1987-04-04,-1.5646048
1987-04-05,-1.5646048
1987-04-06,-1.2543261
1987-04-07,-1.2543261
1987-04-08,-1.2543261
1987-04-09,-1.3636842
1987-04-10,-1.5386355
1987-04-11,-1.5386355
1987-04-12,-1.5386355
1987-04-13,-1.5386355
1987-04-14,-1.4262815
1987-04-15,-1.2562301
1987-04-16,-1.2543261
1987-04-17,-1.2543261
1987-04-18,-1.1624863
1987-04-19,-1.1624863
1987-04-20,-1.2543261
1987-04-21,-1.2543261
1987-04-22,-1.2543261
1987-04-23,-1.2543261
1987-04-24,-1.2543261
1987-04-25,-1.2543261
1987-04-26,-1.2543261
1987-04-27,-1.1976836
1987-04-28,-1.182441
1987-04-29,-1.182441
1987-04-30,-0.3691573
1987-05-01,-1.1976836
1987-05-02,-1.4637856
1987-05-03,-1.6610744
1987-05-04,-1.6610744
1987-05-05,-1.500298
1987-05-06,-1.4798329
1987-05-07,-1.219274
1987-05-08,-1.8353074
1987-05-09,-1.5869071
1987-05-10,-1.5869071
1987-05-11,-1.5869069
1987-05-12,-1.8839822
1987-05-13,-1.8839941
1987-05-14,-1.8839567
1987-05-15,-1.8830953
1987-05-16,-1.8839726
1987-05-17,-1.5865561
1987-05-18,-1.5869069
1987-05-19,-1.5598652
1987-05-20,-1.2473458
1987-05-21,-1.2543261
1987-05-22,-1.2543261
1987-05-23,-1.1624861
1987-05-24,-1.2542076
1987-05-25,-1.2543261
1987-05-26,-1.2543254
1987-05-27,-1.2543261
1987-05-28,-1.2543261
1987-05-29,-1.1624863
1987-05-30,-1.1501894
1987-05-31,-1.1520494
1987-06-01,-1.182441
1987-06-02,-1.2202652
1987-06-03,-1.2202652
1987-06-04,-1.1688015
1987-06-05,-1.1471424
1987-06-06,-1.1438793
1987-06-07,-1.1644104
1987-06-08,-1.1644104
1987-06-09,-1.1636174
1987-06-10,-1.1582432
1987-06-11,-1.1533681
1987-06-12,-1.1526341
1987-06-13,-1.1928355
1987-06-14,-1.1624678
1987-06-15,-1.1623354
1987-06-16,-1.1624863
1987-06-17,-1.1624863
1987-06-18,-1.1626244
1987-06-19,-1.2543261
1987-06-20,-1.2543259
1987-06-21,-1.2040856
1987-06-22,-1.2040851
1987-06-23,-1.218544
1987-06-24,-1.2561288
1987-06-25,-1.2561302
1987-06-26,-1.2561302
1987-06-27,-1.182441
1987-06-28,-1.2842977
1987-06-29,-1.284941
1987-06-30,-1.393553
1987-07-01,-1.3539379
1987-07-02,-1.2298789
1987-07-03,-1.164539
1987-07-04,-1.1497599
1987-07-05,-1.1471424
1987-07-06,-1.1471424
1987-07-07,-1.1471424
1987-07-08,-1.1528442
1987-07-09,-1.1528442
1987-07-10,-1.1602366
1987-07-11,-1.20767
1987-07-12,-1.2298789
1987-07-13,-1.3536742
1987-07-14,-1.5529635
1987-07-15,-1.5529914
1987-07-16,-1.5529907
1987-07-17,-1.3536723
1987-07-18,-1.3536723
1987-07-19,-1.3536723
1987-07-20,-1.3536723
1987-07-21,-1.3592262
1987-07-22,-1.7248805
1987-07-23,-2.0100393
1987-07-24,-2.3748727
1987-07-25,-2.3746238
1987-07-26,-2.3502371
1987-07-27,-2.3502371
1987-07-28,-2.3502371
1987-07-29,-2.3502371
1987-07-30,-2.048865
1987-07-31,-1.6956182
1987-08-01,-1.6538048
1987-08-02,-1.6538012
1987-08-03,-1.6538012
1987-08-04,-1.6538012
1987-08-05,-1.3918691
1987-08-06,-1.3536723
1987-08-07,-1.7248805
1987-08-08,-2.0100932
1987-08-09,-2.0100932
1987-08-10,-2.2944963
1987-08-11,-2.2950227
1987-08-12,-2.007812
1987-08-13,-2.007812
1987-08-14,-1.7584009
1987-08-15,-1.517699
1987-08-16,-1.4337494
1987-08-17,-1.41343
1987-08-18,-1.7784524
1987-08-19,-1.7840681
1987-08-20,-1.7241688
1987-08-21,-1.6538012
1987-08-22,-1.3536723
1987-08-23,-1.3536723
1987-08-24,-1.3536723
1987-08-25,-1.3536723
1987-08-26,-1.3536723
1987-08-27,-1.3536723
1987-08-28,-1.3536723
1987-08-29,-1.3536723
1987-08-30,-1.3536723
1987-08-31,-1.3537396
1987-09-01,-1.3536738
1987-09-02,-1.6956182
1987-09-03,-1.6956182
1987-09-04,-2.0078099
1987-09-05,-2.007812
1987-09-06,-2.145488
1987-09-07,-2.0789576
1987-09-08,-1.8544674
1987-09-09,-1.8544652
1987-09-10,-1.8544652
1987-09-11,-1.8544652
1987-09-12,-1.8175333
1987-09-13,-2.0330245
1987-09-14,-2.0653155
1987-09-15,-2.272777
1987-09-16,-2.274019
1987-09-17,-2.274019
1987-09-18,-2.3627563
1987-09-19,-2.3627563
1987-09-20,-2.3969643
1987-09-21,-2.3972714
1987-09-22,-2.3627563
1987-09-23,-2.3627563
1987-09-24,-2.1454916
1987-09-25,-2.0658348
1987-09-26,-2.0658348
1987-09-27,-2.0658348
1987-09-28,-2.2269242
1987-09-29,-2.274019
1987-09-30,-2.274019
1987-10-01,-2.274019
1987-10-02,-2.065835
1987-10-03,-2.0658348
1987-10-04,-2.0658348
1987-10-05,-2.0658348
1987-10-06,-2.0658286
1987-10-07,-2.0658183
1987-10-08,-2.0658348
1987-10-09,-2.0658348
1987-10-10,-2.1454916
1987-10-11,-2.1454916
1987-10-12,-2.160762
1987-10-13,-2.3627563
1987-10-14,-2.3627563
1987-10-15,-2.3627563
1987-10-16,-2.3627563
1987-10-17,-2.274019
1987-10-18,-2.274019
1987-10-19,-2.274019
1987-10-20,-2.274019
1987-10-21,-2.2059705
1987-10-22,4.326672
1987-10-23,0.9637793
1987-10-24,-2.4320652
1987-10-25,-2.3896112
1987-10-26,-2.3896112
1987-10-27,-2.3634357
1987-10-28,-2.113152
1987-10-29,-2.3453274
1987-10-30,-2.1551204
1987-10-31,-2.1423604
1987-11-01,-2.1540866
1987-11-02,-2.18009
1987-11-03,-2.1800876
1987-11-04,-2.179823
1987-11-05,-2.1822367
1987-11-06,-2.3719294
1987-11-07,-2.3627563
1987-11-08,-2.362596
1987-11-09,-2.411227
1987-11-10,-2.411885
1987-11-11,-2.4069886
1987-11-12,-2.4070535
1987-11-13,4.4061747
1987-11-14,-2.4257293
1987-11-15,-2.46256
1987-11-16,-2.4447768
1987-11-17,4.305495
1987-11-18,-2.4529903
1987-11-19,-2.451298
1987-11-20,4.3623853
1987-11-21,-2.4194598
1987-11-22,-2.4118493
1987-11-23,-2.411227
1987-11-24,-2.411227
1987-11-25,-2.411227
1987-11-26,-2.4112263
1987-11-27,-2.3488538
1987-11-28,-2.3438647
1987-11-29,-2.0666924
1987-11-30,-1.1711327
1987-12-01,-1.7653556
1987-12-02,-1.7603749
1987-12-03,-1.9731057
1987-12-04,-0.936735
1987-12-05,-2.0771444
1987-12-06,4.4439635
1987-12-07,-2.3673136
1987-12-08,4.3632045
1987-12-09,-1.7828102
1987-12-10,-2.4473183
1987-12-11,-2.4473183
1987-12-12,-2.4473183
1987-12-13,-2.4499545
1987-12-14,-2.517304
1987-12-15,-2.7365088
1987-12-16,2.1988854
1987-12-17,-3.1683323
1987-12-18,-3.3328485
1987-12-19,-3.271464
1987-12-20,-3.4767122
1987-12-21,-3.4766574
1987-12-22,-3.3213072
1987-12-23,-3.332409
1987-12-24,-3.3777113
1987-12-25,-3.1360643
1987-12-26,-3.1010532
1987-12-27,-3.0508616
1987-12-28,4.31613
1987-12-29,4.0178127
1987-12-30,-2.460782
1987-12-31,-2.652995
1988-01-01,-2.8940508
1988-01-02,3.0875094
1988-01-03,3.6986268
1988-01-04,3.7259557
1988-01-05,-2.9028604
1988-01-06,-2.902861
1988-01-07,-2.902861
1988-01-08,-2.9940321
1988-01-09,-2.9940321
1988-01-10,-2.9338467
1988-01-11,-2.9354043
1988-01-12,-3.2670622
1988-01-13,-3.2670617
1988-01-14,-3.1025667
1988-01-15,3.8811855
1988-01-16,3.953011
1988-01-17,4.04672
1988-01-18,-2.7381525
1988-01-19,-2.912017
1988-01-20,-3.0062168
1988-01-21,-2.8692818
1988-01-22,-2.8829558
1988-01-23,-2.99637
1988-01-24,-2.9314559
1988-01-25,-2.93169
1988-01-26,-3.013424
1988-01-27,-3.2347946
1988-01-28,-3.22029
1988-01-29,-2.9051561
1988-01-30,-3.1191242
1988-01-31,-3.0156612
1988-02-01,-3.0292323
1988-02-02,-3.1401505
1988-02-03,-2.9211922
1988-02-04,-2.7473059
1988-02-05,-2.7022467
1988-02-06,-2.7022521
1988-02-07,-2.9175851
1988-02-08,-2.9264963
1988-02-09,-3.2323406
1988-02-10,-3.3268213
1988-02-11,-3.1652012
1988-02-12,-3.1652012
1988-02-13,-3.295667
1988-02-14,-2.9667966
1988-02-15,-2.9667966
1988-02-16,-2.9667966
1988-02-17,-3.1131072
1988-02-18,-3.123381
1988-02-19,-3.1594374
1988-02-20,-3.1595995
1988-02-21,-3.1770563
1988-02-22,-3.295221
1988-02-23,-3.207724
1988-02-24,-3.0908175
1988-02-25,-3.0100796
1988-02-26,-3.0100796
1988-02-27,-2.9977725
1988-02-28,3.3898003
1988-02-29,3.7223043
1988-03-01,-3.087887
1988-03-02,-3.2488544
1988-03-03,-3.3460453
1988-03-04,-3.3152392
1988-03-05,-3.2437217
1988-03-06,-3.0999584
1988-03-07,-2.968753
1988-03-08,-2.968753
1988-03-09,-2.968753
1988-03-10,-2.968753
1988-03-11,-2.9687397
1988-03-12,-2.8968158
1988-03-13,-2.8968158
1988-03-14,-2.896816
1988-03-15,-2.9580297
1988-03-16,-2.9580297
1988-03-17,-2.9580297
1988-03-18,-3.0296402
1988-03-19,-3.0348904
1988-03-20,-3.0348904
1988-03-21,-3.0348904
1988-03-22,-3.0348904
1988-03-23,-3.0348904
1988-03-24,-3.212156
1988-03-25,-3.212156
1988-03-26,-3.212156
1988-03-27,-3.1760857
1988-03-28,-3.1760857
1988-03-29,-3.1760857
1988-03-30,-3.1760857
1988-03-31,-3.1761475
1988-04-01,-3.212156
1988-04-02,-3.212074
1988-04-03,-2.991316
1988-04-04,-3.0267363
1988-04-05,-2.9375243
1988-04-06,-2.9375243
1988-04-07,-2.87715
1988-04-08,-2.87715
1988-04-09,-2.87715
1988-04-10,-2.87715
1988-04-11,-2.9832842
1988-04-12,-3.053993
1988-04-13,-3.0915117
1988-04-14,3.0394814
1988-04-15,-2.7343075
1988-04-16,-2.7343392
1988-04-17,-2.7343392
1988-04-18,-2.7343392
1988-04-19,3.8281403
1988-04-20,3.7737353
1988-04-21,-3.0713072
1988-04-22,-2.7236278
1988-04-23,-3.0712626
1988-04-24,-3.0341966
1988-04-25,-3.0341966
1988-04-26,-3.0403938
1988-04-27,-3.1662178
1988-04-28,-3.2728128
1988-04-29,-3.3482893
1988-04-30,-3.3482976
1988-05-01,-3.3482976
1988-05-02,-3.7400901
1988-05-03,-3.8103163
1988-05-04,-3.706086
1988-05-05,-3.8106933
1988-05-06,-3.5522401
1988-05-07,0.71437144
1988-05-08,-3.5352643
1988-05-09,-3.6300929
1988-05-10,-3.5727751
1988-05-11,-3.6376362
1988-05-12,-3.6511745
1988-05-13,-3.3947453
1988-05-14,-3.4670734
1988-05-15,-3.6550944
1988-05-16,-3.7881079
1988-05-17,-3.7285168
1988-05-18,-3.6613739
1988-05-19,-4.103724
1988-05-20,-4.1306767
1988-05-21,-3.9941967
1988-05-22,-3.8508523
1988-05-23,-3.610693
1988-05-24,-3.84111
1988-05-25,-3.8157103
1988-05-26,-3.921353
1988-05-27,-3.932265
1988-05-28,-3.9492066
1988-05-29,-4.065709
1988-05-30,-4.215107
1988-05-31,-4.1063843
1988-06-01,-4.101967
1988-06-02,-4.0256796
1988-06-03,-3.867811
1988-06-04,-3.8275063
1988-06-05,-3.8275063
1988-06-06,-3.826267
1988-06-07,-3.826267
1988-06-08,-3.8226707
1988-06-09,-3.9729955
1988-06-10,-3.9729955
1988-06-11,-3.9985235
1988-06-12,-4.1458426
1988-06-13,-4.266963
1988-06-14,-4.160016
1988-06-15,-4.3669186
1988-06-16,-4.3669186
1988-06-17,-4.9797087
1988-06-18,-5.19841
1988-06-19,-4.7747707
1988-06-20,-4.445499
1988-06-21,-4.2468624
1988-06-22,-4.241682
1988-06-23,-4.241682
1988-06-24,-4.241682
1988-06-25,-4.3590674
1988-06-26,-4.454013
1988-06-27,-4.454013
1988-06-28,-4.454013
1988-06-29,-4.317829
1988-06-30,-4.317829
1988-07-01,-4.256075
1988-07-02,-3.9876
1988-07-03,-3.9589756
1988-07-04,-4.096216
1988-07-05,-4.379883
1988-07-06,-4.3804092
1988-07-07,-4.3804092
1988-07-08,-4.3804092
1988-07-09,-4.3804092
1988-07-10,-4.323882
1988-07-11,-4.3804092
1988-07-12,-4.3804092
1988-07-13,-4.6300545
1988-07-14,-4.6300545
1988-07-15,-4.8960648
1988-07-16,-5.026142
1988-07-17,-5.026142
1988-07-18,-5.026142
1988-07-19,-5.026142
1988-07-20,-5.026142
1988-07-21,-4.8526754
1988-07-22,-4.8373413
1988-07-23,-5.026142
1988-07-24,-5.0260963
1988-07-25,-5.026142
1988-07-26,-5.026142
1988-07-27,-5.026142
1988-07-28,-5.026142
1988-07-29,-5.026142
1988-07-30,-5.026142
1988-07-31,-5.026142
1988-08-01,-4.998602
1988-08-02,-4.8371964
1988-08-03,-4.8371964
1988-08-04,-5.0225306
1988-08-05,-5.026142
1988-08-06,-5.026142
1988-08-07,-5.026142
1988-08-08,-5.026142
1988-08-09,-5.026142
1988-08-10,-5.3074856
1988-08-11,-5.1721134
1988-08-12,-5.1721125
1988-08-13,-4.8960648
1988-08-14,-4.8960648
1988-08-15,-4.8960648
1988-08-16,-5.026142
1988-08-17,-5.026142
1988-08-18,-5.3074903
1988-08-19,-5.4113884
1988-08-20,-5.422372
1988-08-21,-5.422372
1988-08-22,-5.422372
1988-08-23,-5.1707897
1988-08-24,-5.026142
1988-08-25,-5.026139
1988-08-26,-5.01082
1988-08-27,-5.0261164
1988-08-28,-5.026142
1988-08-29,-5.026142
1988-08-30,-5.026142
1988-08-31,-5.026142
1988-09-01,-5.026142
1988-09-02,-5.026142
1988-09-03,-5.026142
1988-09-04,-5.026142
1988-09-05,-5.026142
1988-09-06,-5.026142
1988-09-07,-5.026142
1988-09-08,-5.026142
1988-09-09,-5.026142
1988-09-10,-5.026142
1988-09-11,-5.3074903
1988-09-12,-5.4112253
1988-09-13,-5.4112253
1988-09-14,-5.4112253
1988-09-15,-5.4112253
1988-09-16,-5.414693
1988-09-17,-5.414693
1988-09-18,-5.3764324
1988-09-19,-5.3764324
1988-09-20,-5.32857
1988-09-21,-5.056534
1988-09-22,-5.056533
1988-09-23,-4.6682806
1988-09-24,-4.6682806
1988-09-25,-5.329159
1988-09-26,-5.329159
1988-09-27,-5.328573
1988-09-28,-5.0449867
1988-09-29,-5.279869
1988-09-30,-5.279869
1988-10-01,-5.3723135
1988-10-02,-5.3723135
1988-10-03,-5.3723135
1988-10-04,-5.404752
1988-10-05,-5.404752
1988-10-06,-5.404752
1988-10-07,-5.404752
1988-10-08,-5.376336
1988-10-09,-5.3723164
1988-10-10,-5.404752
1988-10-11,-5.404752
1988-10-12,-5.404752
1988-10-13,-5.426888
1988-10-14,-5.426279
1988-10-15,-5.426279
1988-10-16,-5.426279
1988-10-17,-5.426918
1988-10-18,-5.404752
1988-10-19,-5.404752
1988-10-20,-5.3723164
1988-10-21,-5.3723135
1988-10-22,-5.3723135
1988-10-23,-5.3723135
1988-10-24,-5.3951073
1988-10-25,-5.394991
1988-10-26,-5.3723135
1988-10-27,-5.3723135
1988-10-28,-5.3723135
1988-10-29,-5.3723135
1988-10-30,-5.3723135
1988-10-31,-5.3723135
1988-11-01,-5.3723135
1988-11-02,-5.3723135
1988-11-03,-5.3722825
1988-11-04,-5.3723135
1988-11-05,-5.3723135
1988-11-06,-5.3723135
1988-11-07,-5.3723135
1988-11-08,-5.3723135
1988-11-09,-5.4047503
1988-11-10,-5.3825555
1988-11-11,-5.3829794
1988-11-12,-5.3829794
1988-11-13,1.3868932
1988-11-14,-5.3957186
1988-11-15,-5.3957186
1988-11-16,-5.364737
1988-11-17,-5.422329
1988-11-18,-5.422372
1988-11-19,-5.422372
1988-11-20,-5.422372
1988-11-21,-5.417506
1988-11-22,-5.420076
1988-11-23,1.317653
1988-11-24,-3.9969566
1988-11-25,-5.420727
1988-11-26,-5.422372
1988-11-27,-5.4112253
1988-11-28,-5.4112253
1988-11-29,-5.4112253
1988-11-30,-5.4112253
1988-12-01,-5.4112253
1988-12-02,-5.4112253
1988-12-03,-5.4112253
1988-12-04,-5.4112253
1988-12-05,-5.422372
1988-12-06,-5.426279
1988-12-07,-5.426279
1988-12-08,-5.426279
1988-12-09,-5.426279
1988-12-10,-5.414694
1988-12-11,-5.4112253
1988-12-12,-5.4112253
1988-12-13,-5.4112253
1988-12-14,-5.422369
1988-12-15,-5.419057
1988-12-16,-5.4046726
1988-12-17,-5.40475
1988-12-18,-5.404752
1988-12-19,-5.38058
1988-12-20,1.4041052
1988-12-21,-5.404748
1988-12-22,1.4058069
1988-12-23,-5.404751
1988-12-24,1.4057586
1988-12-25,-5.404752
1988-12-26,-5.404752
1988-12-27,-5.2647047
1988-12-28,-5.404752
1988-12-29,-5.404752
1988-12-30,1.0525069
1988-12-31,-5.3829794
1989-01-01,-5.3829794
1989-01-02,-5.3829794
1989-01-03,-5.3829794
1989-01-04,-5.3829794
1989-01-05,1.4058683
1989-01-06,-5.404752
1989-01-07,-5.404752
1989-01-08,-5.404752
1989-01-09,-5.277562
1989-01-10,-5.206441
1989-01-11,-5.117365
1989-01-12,-5.087636
1989-01-13,-5.1445503
1989-01-14,-5.206336
1989-01-15,-5.404752
1989-01-16,-5.404752
1989-01-17,-5.404752
1989-01-18,-5.404752
1989-01-19,-5.404752
1989-01-20,-5.404752
1989-01-21,-5.404752
1989-01-22,-5.4005885
1989-01-23,1.254219
1989-01-24,-5.4041576
1989-01-25,-5.3825083
1989-01-26,-5.3818464
1989-01-27,-5.2074394
1989-01-28,-5.2074394
1989-01-29,-5.2074394
1989-01-30,-5.0056057
1989-01-31,-4.816724
1989-02-01,-4.816724
1989-02-02,-4.832546
1989-02-03,-4.518032
1989-02-04,-4.8167176
1989-02-05,-4.816724
1989-02-06,-4.816724
1989-02-07,-4.8325434
1989-02-08,1.1897228
1989-02-09,2.2162178
1989-02-10,-4.5944242
1989-02-11,-4.5175076
1989-02-12,-4.520692
1989-02-13,-4.8413696
1989-02-14,-4.939889
1989-02-15,-4.999052
1989-02-16,-4.999052
1989-02-17,-4.7229605
1989-02-18,-4.521196
1989-02-19,-4.292494
1989-02-20,-4.150277
1989-02-21,-4.1106963
1989-02-22,-4.121778
1989-02-23,-4.3038464
1989-02-24,-4.310582
1989-02-25,-4.3793697
1989-02-26,-4.643326
1989-02-27,-4.7229557
1989-02-28,-4.7229557
1989-03-01,1.5839013
1989-03-02,1.725639
1989-03-03,-5.0845947
1989-03-04,-5.1099234
1989-03-05,0.95703936
1989-03-06,-4.9643655
1989-03-07,-4.346666
1989-03-08,1.9444264
1989-03-09,-4.7007294
1989-03-10,-4.684533
1989-03-11,-0.7519014
1989-03-12,-4.999052
1989-03-13,-4.776593
1989-03-14,-4.681589
1989-03-15,-4.680111
1989-03-16,2.174163
1989-03-17,-4.5927906
1989-03-18,-4.079639
1989-03-19,-4.592678
1989-03-20,-4.4047937
1989-03-21,-4.4047585
1989-03-22,-4.4047585
1989-03-23,-4.3990417
1989-03-24,2.4033737
1989-03-25,2.405475
1989-03-26,-4.4047585
1989-03-27,-4.485034
1989-03-28,-4.4678354
1989-03-29,-4.4678354
1989-03-30,-4.34103
1989-03-31,-4.27009
1989-04-01,-4.27009
1989-04-02,-4.27009
1989-04-03,-4.27009
1989-04-04,-4.27009
1989-04-05,-4.27009
1989-04-06,-4.27009
1989-04-07,-4.27009
1989-04-08,-4.27009
1989-04-09,-4.128383
1989-04-10,-4.128383
1989-04-11,-4.106575
1989-04-12,-3.987048
1989-04-13,-4.128088
1989-04-14,-3.9847705
1989-04-15,-4.0320587
1989-04-16,-4.128383
1989-04-17,-4.128383
1989-04-18,-4.1283035
1989-04-19,-4.007902
1989-04-20,-4.055688
1989-04-21,-3.5537581
1989-04-22,-3.4803262
1989-04-23,-2.349833
1989-04-24,1.6851909
1989-04-25,-3.3968618
1989-04-26,-3.3968964
1989-04-27,-3.4093852
1989-04-28,-3.4093852
1989-04-29,-3.352126
1989-04-30,-3.407145
1989-05-01,-3.440022
1989-05-02,-3.440022
1989-05-03,-3.4828844
1989-05-04,-3.3321104
1989-05-05,-3.2974985
1989-05-06,-3.2974985
1989-05-07,-3.2974985
1989-05-08,-3.2974985
1989-05-09,-3.2023757
1989-05-10,-3.1085181
1989-05-11,-3.2125535
1989-05-12,-3.3546405
1989-05-13,-3.3546374
1989-05-14,-3.354645
1989-05-15,-3.4133093
1989-05-16,-3.519033
1989-05-17,-3.5189703
1989-05-18,-3.518971
1989-05-19,-3.527589
1989-05-20,-3.4810712
1989-05-21,-3.4179368
1989-05-22,-3.3323612
1989-05-23,-3.2408829
1989-05-24,-2.9559612
1989-05-25,-3.052927
1989-05-26,-3.052927
1989-05-27,-3.0529299
1989-05-28,-3.1069586
1989-05-29,-3.193122
1989-05-30,-3.193122
1989-05-31,-3.2008
1989-06-01,-3.3213122
1989-06-02,-3.32128
1989-06-03,-3.048886
1989-06-04,-3.047981
1989-06-05,-2.9597816
1989-06-06,-2.9597824
1989-06-07,-2.9593184
1989-06-08,-2.8161197
1989-06-09,-2.9347434
1989-06-10,-2.9878213
1989-06-11,-3.3570204
1989-06-12,-3.2820346
1989-06-13,-3.2607172
1989-06-14,-3.2333596
1989-06-15,-2.8206735
1989-06-16,-2.8432975
1989-06-17,-3.016776
1989-06-18,-2.9234717
1989-06-19,-2.9252882
1989-06-20,-3.2095451
1989-06-21,-3.2095492
1989-06-22,-3.3173108
1989-06-23,-3.2479389
1989-06-24,-3.2435513
1989-06-25,-3.1877084
1989-06-26,-3.1774693
1989-06-27,-2.999824
1989-06-28,-3.1099422
1989-06-29,-3.258133
1989-06-30,-3.2655275
1989-07-01,-3.1479502
1989-07-02,-3.0691578
1989-07-03,-3.0994947
1989-07-04,-3.0166168
1989-07-05,-3.01629
1989-07-06,-3.0185297
1989-07-07,-3.2002578
1989-07-08,-3.0190473
1989-07-09,-3.0201473
1989-07-10,-3.2771626
1989-07-11,-3.2933118
1989-07-12,-3.2287328
1989-07-13,-3.185438
1989-07-14,-3.185438
1989-07-15,-3.2944157
1989-07-16,-3.3092887
1989-07-17,-3.3092883
1989-07-18,-4.038805
1989-07-19,-3.9456494
1989-07-20,-3.8633504
1989-07-21,-4.005375
1989-07-22,-4.251133
1989-07-23,-4.0860248
1989-07-24,-4.079925
1989-07-25,-3.982642
1989-07-26,-3.8453279
1989-07-27,-3.773596
1989-07-28,-3.7162924
1989-07-29,-3.5523956
1989-07-30,-3.458246
1989-07-31,-3.6613424
1989-08-01,-3.7567947
1989-08-02,-3.7094498
1989-08-03,-3.9592083
1989-08-04,-3.9070299
1989-08-05,-4.0008507
1989-08-06,-4.003861
1989-08-07,-3.9321768
1989-08-08,-0.14223577
1989-08-09,-3.8388498
1989-08-10,-3.8389447
1989-08-11,-3.845363
1989-08-12,-3.8874676
1989-08-13,-4.0048585
1989-08-14,-4.20677
1989-08-15,-4.3206444
1989-08-16,-4.2863293
1989-08-17,-4.3206444
1989-08-18,-4.07942
1989-08-19,-3.9302466
1989-08-20,-3.8650265
1989-08-21,-3.822419
1989-08-22,-3.822419
1989-08-23,-3.8461251
1989-08-24,-3.8461251
1989-08-25,-3.845363
1989-08-26,-3.845363
1989-08-27,-3.845363
1989-08-28,-3.8953865
1989-08-29,-4.003873
1989-08-30,-4.003873
1989-08-31,-4.003873
1989-09-01,-4.003873
1989-09-02,-4.003873
1989-09-03,-4.003873
1989-09-04,-4.003873
1989-09-05,-4.013918
1989-09-06,-3.92719
1989-09-07,-3.92719
1989-09-08,-3.9069116
1989-09-09,-3.9252746
1989-09-10,-3.9252746
1989-09-11,-3.9252746
1989-09-12,-3.9252746
1989-09-13,-3.9069116
1989-09-14,-3.9069116
1989-09-15,-3.9133832
1989-09-16,2.8725138
1989-09-17,-3.926666
1989-09-18,-3.779861
1989-09-19,-3.9381144
1989-09-20,-3.9381225
1989-09-21,-3.995753
1989-09-22,-3.995753
1989-09-23,-3.8709614
1989-09-24,-3.9107826
1989-09-25,-3.9707448
1989-09-26,-3.9707448
1989-09-27,-3.9707448
1989-09-28,-3.678167
1989-09-29,-3.6745238
1989-09-30,-3.8950074
1989-10-01,-3.8709614
1989-10-02,-3.798939
1989-10-03,-3.6991034
1989-10-04,-3.5152788
1989-10-05,-3.5570233
1989-10-06,-3.670018
1989-10-07,-3.7482576
1989-10-08,-3.7482576
1989-10-09,-3.7482576
1989-10-10,-3.9289515
1989-10-11,-4.0734463
1989-10-12,-4.061955
1989-10-13,-4.2151117
1989-10-14,-4.2151117
1989-10-15,-4.2151117
1989-10-16,-4.2475376
1989-10-17,-4.2475376
1989-10-18,-4.2151117
1989-10-19,-4.2151127
1989-10-20,-4.0025806
1989-10-21,2.8067997
1989-10-22,-3.831863
1989-10-23,2.920621
1989-10-24,1.7593095
1989-10-25,-3.8445706
1989-10-26,-3.8452203
1989-10-27,-3.8452203
1989-10-28,-3.8452203
1989-10-29,-4.0205927
1989-10-30,-4.2156
1989-10-31,-4.3438253
1989-11-01,-4.3438015
1989-11-02,-4.2570305
1989-11-03,-4.36695
1989-11-04,-4.3696566
1989-11-05,-4.3696566
1989-11-06,-4.3157387
1989-11-07,-4.2911386
1989-11-08,-4.2772017
1989-11-09,-4.2895184
1989-11-10,-4.3696566
1989-11-11,-4.445056
1989-11-12,-4.445056
1989-11-13,-4.125948
1989-11-14,-4.086689
1989-11-15,-4.0925045
1989-11-16,-4.1919155
1989-11-17,-4.41502
1989-11-18,-4.6682806
1989-11-19,-4.6682806
1989-11-20,-4.5508823
1989-11-21,-4.5508823
1989-11-22,-4.5508823
1989-11-23,-4.550866
1989-11-24,-4.3533735
1989-11-25,2.4214394
1989-11-26,-4.396692
1989-11-27,-4.3966923
1989-11-28,-4.3983154
1989-11-29,-4.445056
1989-11-30,-4.131399
1989-12-01,-4.299412
1989-12-02,-4.2844353
1989-12-03,-4.188159
1989-12-04,-4.150399
1989-12-05,-3.8777883
1989-12-06,-4.067359
1989-12-07,-4.0673523
1989-12-08,-4.003873
1989-12-09,-4.194419
1989-12-10,-4.3540545
1989-12-11,-4.445056
1989-12-12,-4.445056
1989-12-13,-4.4252825
1989-12-14,-4.3876553
1989-12-15,-4.0451226
1989-12-16,-3.8905666
1989-12-17,-3.9431093
1989-12-18,-3.9857252
1989-12-19,-4.129439
1989-12-20,-4.20287
1989-12-21,-4.3620825
1989-12-22,-4.3696566
1989-12-23,-4.3696566
1989-12-24,-4.3696566
1989-12-25,-4.2895155
1989-12-26,-4.103661
1989-12-27,-3.7514555
1989-12-28,-3.6162438
1989-12-29,-3.4634597
1989-12-30,-3.4634597
1989-12-31,-3.4634597
1990-01-01,3.0364273
1990-01-02,-3.8826385
1990-01-03,-3.9967544
1990-01-04,-3.995753
1990-01-05,-3.6684735
1990-01-06,-3.3933709
1990-01-07,-3.3080368
1990-01-08,-3.6214564
1990-01-09,-3.6922371
1990-01-10,-3.4365003
1990-01-11,-3.448253
1990-01-12,3.327851
1990-01-13,3.3278275
1990-01-14,3.2028801
1990-01-15,-3.8268335
1990-01-16,-3.3357153
1990-01-17,-3.978007
1990-01-18,-3.9191887
1990-01-19,-4.316614
1990-01-20,-4.4866447
1990-01-21,-3.9387634
1990-01-22,-3.8478496
1990-01-23,-3.92251
1990-01-24,-3.92251
1990-01-25,-4.257571
1990-01-26,-4.257571
1990-01-27,-4.122
1990-01-28,-4.1372886
1990-01-29,-4.373328
1990-01-30,2.6987398
1990-01-31,-3.9284737
1990-02-01,-3.896393
1990-02-02,-3.7296336
1990-02-03,2.882149
1990-02-04,-3.930133
1990-02-05,-3.9256575
1990-02-06,-4.428132
1990-02-07,-4.4356384
1990-02-08,-4.2036095
1990-02-09,-4.2550764
1990-02-10,-4.2599993
1990-02-11,-3.725108
1990-02-12,-3.7644122
1990-02-13,-3.6626458
1990-02-14,-3.9904282
1990-02-15,-3.8036072
1990-02-16,3.3342733
1990-02-17,3.219777
1990-02-18,-3.568935
1990-02-19,-3.507524
1990-02-20,-3.3770478
1990-02-21,-2.9428616
1990-02-22,-2.9055734
1990-02-23,-3.4312553
1990-02-24,-3.0274794
1990-02-25,-3.1217675
1990-02-26,-3.0901334
1990-02-27,-3.0901756
1990-02-28,-3.0901475
1990-03-01,-3.119514
1990-03-02,3.7484548
1990-03-03,-3.3227687
1990-03-04,1.2683257
1990-03-05,-3.3405197
1990-03-06,-3.250089
1990-03-07,-3.2511706
1990-03-08,-3.2204955
1990-03-09,-3.349177
1990-03-10,-0.7752464
1990-03-11,-3.3959904
1990-03-12,-3.466728
1990-03-13,-3.466308
1990-03-14,-3.4629998
1990-03-15,-3.4629998
1990-03-16,-3.387012
1990-03-17,-3.1672692
1990-03-18,-2.909084
1990-03-19,-2.6827543
1990-03-20,-2.7617314
1990-03-21,-2.5568178
1990-03-22,-2.7289438
1990-03-23,-2.8161194
1990-03-24,-2.8161197
1990-03-25,-2.765341
1990-03-26,-2.6318588
1990-03-27,-2.6076186
1990-03-28,-2.3073442
1990-03-29,-2.3425977
1990-03-30,-1.9035497
1990-03-31,-1.9035497
1990-04-01,-1.9035494
1990-04-02,-1.9035497
1990-04-03,-1.9035497
1990-04-04,-1.9035497
1990-04-05,-1.9035497
1990-04-06,-1.9035497
1990-04-07,-1.9035373
1990-04-08,-1.9035497
1990-04-09,-1.9035497
1990-04-10,-1.9035497
1990-04-11,-1.9035475
1990-04-12,-1.7437341
1990-04-13,-1.6289744
1990-04-14,-1.5386355
1990-04-15,-1.8316436
1990-04-16,2.5308385
1990-04-17,-1.3188794
1990-04-18,-1.6760526
1990-04-19,-1.6760526
1990-04-20,-2.3394675
1990-04-21,-2.2001307
1990-04-22,-2.2001307
1990-04-23,-2.075872
1990-04-24,-1.9577901
1990-04-25,-1.4262834
1990-04-26,-1.4262812
1990-04-27,-1.4262812
1990-04-28,-1.4262812
1990-04-29,-1.2543261
1990-04-30,-1.2543261
1990-05-01,-1.2543261
1990-05-02,-1.2543261
1990-05-03,-1.1644104
1990-05-04,-1.1644104
1990-05-05,-1.1644104
1990-05-06,-1.1644104
1990-05-07,-1.1644104
1990-05-08,-1.1644104
1990-05-09,-1.206718
1990-05-10,-1.206361
1990-05-11,-1.206718
1990-05-12,-1.206718
1990-05-13,-1.206718
1990-05-14,-1.206718
1990-05-15,-1.1644104
1990-05-16,-1.1644104
1990-05-17,-1.143817
1990-05-18,-1.1594887
1990-05-19,-1.1594878
1990-05-20,-1.1591907
1990-05-21,-1.1594887
1990-05-22,-1.2624236
1990-05-23,-1.2121344
1990-05-24,-1.262457
1990-05-25,-1.2486162
1990-05-26,-1.1965439
1990-05-27,5.606391
1990-05-28,-1.2447455
1990-05-29,-1.2056367
1990-05-30,-1.2943379
1990-05-31,-1.5382535
1990-06-01,-1.5408435
1990-06-02,-1.5382535
1990-06-03,-1.6976478
1990-06-04,-1.6976476
1990-06-05,-1.2762437
1990-06-06,-1.2041204
1990-06-07,-1.2041204
1990-06-08,-1.9018598
1990-06-09,-2.1805863
1990-06-10,-2.2141702
1990-06-11,-2.2223024
1990-06-12,-2.5648673
1990-06-13,-2.4127376
1990-06-14,-2.7168086
1990-06-15,-2.7168086
1990-06-16,-2.7168086
1990-06-17,-2.4996703
1990-06-18,-2.6231732
1990-06-19,-2.6958177
1990-06-20,-2.5718281
1990-06-21,-2.7168086
1990-06-22,-2.904518
1990-06-23,-2.9218786
1990-06-24,-2.9131725
1990-06-25,-2.9055736
1990-06-26,-2.7539153
1990-06-27,-2.7374625
1990-06-28,-2.7541697
1990-06-29,-2.7541692
1990-06-30,-2.7609742
1990-07-01,-2.7617745
1990-07-02,-2.7357266
1990-07-03,-2.6669858
1990-07-04,-2.6643634
1990-07-05,-2.6643238
1990-07-06,-2.7102559
1990-07-07,-2.6792808
1990-07-08,-2.6792777
1990-07-09,-2.6187649
1990-07-10,-2.6359508
1990-07-11,-2.6359546
1990-07-12,-2.6679735
1990-07-13,-2.809985
1990-07-14,-2.8132136
1990-07-15,-2.7944188
1990-07-16,-2.7908745
1990-07-17,-2.7499893
1990-07-18,-2.7344081
1990-07-19,-2.7344108
1990-07-20,-2.7344108
1990-07-21,-2.7272017
1990-07-22,-2.791043
1990-07-23,-2.9883664
1990-07-24,-2.9883666
1990-07-25,-2.9963145
1990-07-26,-2.9963145
1990-07-27,-2.9963145
1990-07-28,-2.9963145
1990-07-29,-2.9963145
1990-07-30,-2.9883664
1990-07-31,-2.9883664
1990-08-01,-2.9362824
1990-08-02,-3.0767004
1990-08-03,-3.1658301
1990-08-04,-3.1517634
1990-08-05,-3.1517627
1990-08-06,-3.1517627
1990-08-07,-3.1517627
1990-08-08,-3.0543249
1990-08-09,-2.8586078
1990-08-10,-2.9362824
1990-08-11,-2.7602217
1990-08-12,-2.7602217
1990-08-13,-2.9362824
1990-08-14,-2.9883664
1990-08-15,-2.9883664
1990-08-16,-3.2640145
1990-08-17,-3.2640262
1990-08-18,-3.3316507
1990-08-19,-3.33183
1990-08-20,-3.3327677
1990-08-21,-3.3601317
1990-08-22,-3.3601317
1990-08-23,-3.2640274
1990-08-24,-3.2640266
1990-08-25,-3.2640266
1990-08-26,-3.2948112
1990-08-27,-3.3921902
1990-08-28,-3.3318431
1990-08-29,-3.337604
1990-08-30,-3.337604
1990-08-31,-3.3725057
1990-09-01,-3.372515
1990-09-02,-3.5068927
1990-09-03,-3.5064096
1990-09-04,-3.5140746
1990-09-05,-3.3984728
1990-09-06,-3.2617228
1990-09-07,-3.2587152
1990-09-08,-3.261587
1990-09-09,-3.2617228
1990-09-10,-3.2321157
1990-09-11,-3.2325282
1990-09-12,-3.2489395
1990-09-13,-3.2617228
1990-09-14,-3.2617228
1990-09-15,-3.2617228
1990-09-16,-3.2617228
1990-09-17,-3.2617228
1990-09-18,-3.3466618
1990-09-19,-3.327579
1990-09-20,-3.4257977
1990-09-21,-3.5518074
1990-09-22,-3.63174
1990-09-23,-3.463596
1990-09-24,-3.4445155
1990-09-25,-3.4441702
1990-09-26,-3.4441705
1990-09-27,-3.376603
1990-09-28,-3.4592836
1990-09-29,-3.2968118
1990-09-30,-3.2937868
1990-10-01,-3.222272
1990-10-02,-3.2221196
1990-10-03,-3.239706
1990-10-04,-3.2435343
1990-10-05,-3.2435343
1990-10-06,-3.3466618
1990-10-07,-3.3466618
1990-10-08,-3.3466618
1990-10-09,-3.3466618
1990-10-10,-3.3466618
1990-10-11,-3.3003564
1990-10-12,-3.266832
1990-10-13,-3.2668319
1990-10-14,-3.1777751
1990-10-15,-3.266832
1990-10-16,-3.266832
1990-10-17,-3.2668731
1990-10-18,-3.3599236
1990-10-19,-3.2379587
1990-10-20,-3.3793185
1990-10-21,-3.456433
1990-10-22,-3.4573846
1990-10-23,-3.4233718
1990-10-24,-3.4205482
1990-10-25,-3.4205306
1990-10-26,-3.3990438
1990-10-27,-3.3990436
1990-10-28,-3.263583
1990-10-29,-3.250414
1990-10-30,-3.2379587
1990-10-31,-3.36013
1990-11-01,-3.3600948
1990-11-02,-3.3601296
1990-11-03,-3.3601317
1990-11-04,-3.3601317
1990-11-05,-3.37076
1990-11-06,-3.3707597
1990-11-07,-3.337604
1990-11-08,-3.4119446
1990-11-09,-3.411945
1990-11-10,-3.642914
1990-11-11,-3.8606381
1990-11-12,-3.7154427
1990-11-13,-3.6695416
1990-11-14,-3.6996868
1990-11-15,-3.6567674
1990-11-16,-3.6920028
1990-11-17,-3.6920028
1990-11-18,-3.580622
1990-11-19,-3.507353
1990-11-20,-3.50739
1990-11-21,-3.50739
1990-11-22,-3.507388
1990-11-23,-3.5311983
1990-11-24,-3.5311983
1990-11-25,0.14678563
1990-11-26,-3.5152452
1990-11-27,-3.548715
1990-11-28,-3.4792855
1990-11-29,-3.447476
1990-11-30,-3.4290066
1990-12-01,-3.4290066
1990-12-02,-3.4290066
1990-12-03,-3.4290066
1990-12-04,-3.447478
1990-12-05,-3.431881
1990-12-06,-3.3371522
1990-12-07,-3.2182758
1990-12-08,-3.2984338
1990-12-09,-3.2973394
1990-12-10,-3.2934868
1990-12-11,-3.297315
1990-12-12,-3.3037686
1990-12-13,-3.4132895
1990-12-14,-3.5336576
1990-12-15,3.2585948
1990-12-16,-3.5336583
1990-12-17,-3.4132895
1990-12-18,-3.3037686
1990-12-19,-3.303767
1990-12-20,-3.2969015
1990-12-21,-3.2973394
1990-12-22,-3.2973394
1990-12-23,-3.2973394
1990-12-24,-3.2970188
1990-12-25,-3.3036587
1990-12-26,-3.2562466
1990-12-27,-3.2562466
1990-12-28,-3.2562466
1990-12-29,-3.2562466
1990-12-30,-3.2562468
1990-12-31,-3.1756837
1991-01-01,-3.174585
1991-01-02,-3.2182174
1991-01-03,-3.2635295
1991-01-04,-3.2635217
1991-01-05,-3.258253
1991-01-06,-3.222101
1991-01-07,-3.220939
1991-01-08,-3.1199982
1991-01-09,-3.1184578
1991-01-10,-3.1199982
1991-01-11,-3.1199982
1991-01-12,-3.1199982
1991-01-13,-3.045331
1991-01-14,-3.0453386
1991-01-15,-3.1120114
1991-01-16,-3.1890159
1991-01-17,-3.2646751
1991-01-18,-3.294357
1991-01-19,-3.294357
1991-01-20,-3.2319417
1991-01-21,-2.7638397
1991-01-22,-2.801119
1991-01-23,-2.9949858
1991-01-24,-3.263531
1991-01-25,-3.297868
1991-01-26,-3.2973394
1991-01-27,-3.2973394
1991-01-28,-3.2969081
1991-01-29,-3.3037686
1991-01-30,-3.3037686
1991-01-31,-3.31568
1991-02-01,-3.3391016
1991-02-02,-3.206591
1991-02-03,-3.331396
1991-02-04,-3.5283227
1991-02-05,-3.6628852
1991-02-06,-3.8467
1991-02-07,-3.6649098
1991-02-08,-3.4955695
1991-02-09,-3.3035285
1991-02-10,-3.331406
1991-02-11,-3.3240833
1991-02-12,-3.354651
1991-02-13,-3.4219005
1991-02-14,-3.4720836
1991-02-15,-3.3346999
1991-02-16,-3.4822092
1991-02-17,-3.111591
1991-02-18,-3.2825847
1991-02-19,-3.3025281
1991-02-20,-3.5679975
1991-02-21,-3.5356107
1991-02-22,-3.4318473
1991-02-23,-3.414047
1991-02-24,-3.425891
1991-02-25,-3.417214
1991-02-26,-3.4221454
1991-02-27,3.578032
1991-02-28,3.3003817
1991-03-01,2.9983354
1991-03-02,-1.4083655
1991-03-03,2.6816442
1991-03-04,2.694939
1991-03-05,-4.1156597
1991-03-06,-4.115659
1991-03-07,-3.9036825
1991-03-08,-3.4629512
1991-03-09,-3.4352322
1991-03-10,3.3740053
1991-03-11,-3.4644513
1991-03-12,-1.9924119
1991-03-13,-2.858371
1991-03-14,-3.03318
1991-03-15,-3.0515633
1991-03-16,-3.0452871
1991-03-17,3.6560302
1991-03-18,-2.0413682
1991-03-19,4.0667605
1991-03-20,4.0644126
1991-03-21,-2.7265792
1991-03-22,-2.901511
1991-03-23,3.2641656
1991-03-24,4.1547008
1991-03-25,4.5804205
1991-03-26,4.226705
1991-03-27,-2.6051319
1991-03-28,-2.4392378
1991-03-29,-2.438675
1991-03-30,-2.5936248
1991-03-31,-2.6236036
1991-04-01,-2.761255
1991-04-02,-2.7001152
1991-04-03,-2.7194867
1991-04-04,-2.576805
1991-04-05,-2.2132206
1991-04-06,-2.188484
1991-04-07,-2.156286
1991-04-08,-2.0988586
1991-04-09,-2.0988586
1991-04-10,-2.0988586
1991-04-11,-2.0984402
1991-04-12,-1.8407748
1991-04-13,-1.8407748
1991-04-14,-1.8407748
1991-04-15,-1.8399019
1991-04-16,-1.3692381
1991-04-17,-1.8406825
1991-04-18,-1.8407748
1991-04-19,-1.840636
1991-04-20,4.9698477
1991-04-21,-2.136261
1991-04-22,-2.1393523
1991-04-23,-2.1393523
1991-04-24,-2.1576762
1991-04-25,-2.1576762
1991-04-26,-2.0195456
1991-04-27,-1.8781219
1991-04-28,-1.8781204
1991-04-29,-1.8407748
1991-04-30,-1.8407748
1991-05-01,-2.3425205
1991-05-02,-2.3425257
1991-05-03,-2.4818275
1991-05-04,-2.2001307
1991-05-05,-1.9372804
1991-05-06,-1.8407748
1991-05-07,-1.8407748
1991-05-08,-1.8400173
1991-05-09,-1.8407743
1991-05-10,-1.8407748
1991-05-11,-1.7171261
1991-05-12,-1.9128394
1991-05-13,-2.1684182
1991-05-14,-2.2277443
1991-05-15,-2.1555667
1991-05-16,-1.6379063
1991-05-17,-1.6379052
1991-05-18,-1.393484
1991-05-19,-1.1919227
1991-05-20,-1.2543261
1991-05-21,-1.2543261
1991-05-22,-1.4246616
1991-05-23,-1.1644104
1991-05-24,-1.1644104
1991-05-25,-1.1644104
1991-05-26,-1.182441
1991-05-27,-1.393553
1991-05-28,-1.7798572
1991-05-29,-1.5382535
1991-05-30,-1.3027265
1991-05-31,-1.1935246
1991-06-01,-1.1813719
1991-06-02,-1.1813719
1991-06-03,-1.1813719
1991-06-04,-1.1813719
1991-06-05,-1.2126136
1991-06-06,-1.302326
1991-06-07,-1.3022304
1991-06-08,-1.3022964
1991-06-09,-1.302326
1991-06-10,-1.2624573
1991-06-11,-1.262457
1991-06-12,-1.1813996
1991-06-13,-1.1813719
1991-06-14,-1.1813719
1991-06-15,-1.1813719
1991-06-16,-1.1813719
1991-06-17,-1.1759095
1991-06-18,-1.1743768
1991-06-19,-1.1743768
1991-06-20,-1.2102771
1991-06-21,-1.2127726
1991-06-22,-1.5382535
1991-06-23,-1.5382526
1991-06-24,-1.2298789
1991-06-25,-1.2298789
1991-06-26,-1.2298789
1991-06-27,-1.2298789
1991-06-28,-1.1321633
1991-06-29,-1.5377836
1991-06-30,-1.5382535
1991-07-01,-1.5382535
1991-07-02,-1.7549407
1991-07-03,-1.7549407
1991-07-04,-1.7549407
1991-07-05,-1.7549407
1991-07-06,-1.7549407
1991-07-07,-1.7549407
1991-07-08,-1.7549407
1991-07-09,-2.2192829
1991-07-10,-2.511303
1991-07-11,-2.6932817
1991-07-12,-2.7826698
1991-07-13,-2.8923445
1991-07-14,-2.8333251
1991-07-15,-2.8333251
1991-07-16,-2.761916
1991-07-17,-2.761916
1991-07-18,-2.675071
1991-07-19,-2.4856727
1991-07-20,-2.2988112
1991-07-21,-2.2988112
1991-07-22,-2.2988112
1991-07-23,-2.5009995
1991-07-24,-2.4998374
1991-07-25,-2.5768292
1991-07-26,-2.6746383
1991-07-27,-2.6973512
1991-07-28,-2.6714032
1991-07-29,-2.6713648
1991-07-30,-2.6584566
1991-07-31,-2.6832545
1991-08-01,-2.9278014
1991-08-02,-3.0219786
1991-08-03,-3.0952141
1991-08-04,-3.0952141
1991-08-05,-3.0952141
1991-08-06,-3.266832
1991-08-07,-3.266832
1991-08-08,-3.2403843
1991-08-09,-3.1777658
1991-08-10,-3.0719922
1991-08-11,-2.9883664
1991-08-12,-2.9963138
1991-08-13,-2.9963145
1991-08-14,-2.9963017
1991-08-15,-2.9962993
1991-08-16,-2.9963145
1991-08-17,-2.9963121
1991-08-18,-2.9883664
1991-08-19,-2.9883664
1991-08-20,-2.9876502
1991-08-21,-2.9883664
1991-08-22,-2.9883664
1991-08-23,-2.9883664
1991-08-24,-2.9883664
1991-08-25,-2.9883664
1991-08-26,-2.9883664
1991-08-27,-3.0460157
1991-08-28,-3.0549226
1991-08-29,-3.111385
1991-08-30,-3.099675
1991-08-31,-3.099675
1991-09-01,-3.099675
1991-09-02,-3.0463824
1991-09-03,-3.146089
1991-09-04,-3.1459727
1991-09-05,-3.324174
1991-09-06,-3.3241737
1991-09-07,-3.4202254
1991-09-08,-3.6553566
1991-09-09,-3.5537636
1991-09-10,-3.3194396
1991-09-11,-3.1498728
1991-09-12,-3.2256615
1991-09-13,-3.225666
1991-09-14,-3.1612318
1991-09-15,-2.9617696
1991-09-16,-2.9617696
1991-09-17,-3.1612408
1991-09-18,-3.2023194
1991-09-19,-3.2043648
1991-09-20,-3.2043648
1991-09-21,-3.20454
1991-09-22,-3.1378653
1991-09-23,-3.0480633
1991-09-24,-3.0480633
1991-09-25,-3.0480633
1991-09-26,-3.0480633
1991-09-27,-3.2343752
1991-09-28,-3.1553583
1991-09-29,-3.1553583
1991-09-30,-3.1491423
1991-10-01,-2.9675977
1991-10-02,-3.0335689
1991-10-03,-3.0463824
1991-10-04,-3.0463824
1991-10-05,-2.9059994
1991-10-06,-2.7080538
1991-10-07,-2.61483
1991-10-08,-2.5339074
1991-10-09,-2.5339074
1991-10-10,-2.5339074
1991-10-11,-2.5339074
1991-10-12,-2.5339074
1991-10-13,-2.5924566
1991-10-14,-2.5924566
1991-10-15,-2.5924566
1991-10-16,-2.4716084
1991-10-17,-2.4813762
1991-10-18,-2.481366
1991-10-19,-2.275927
1991-10-20,-2.275927
1991-10-21,-2.2759264
1991-10-22,-2.275927
1991-10-23,-2.4021778
1991-10-24,-2.5359056
1991-10-25,4.2284455
1991-10-26,4.2725153
1991-10-27,-2.4682863
1991-10-28,-2.335025
1991-10-29,-2.3579788
1991-10-30,-2.5285199
1991-10-31,-2.3675468
1991-11-01,-2.3675468
1991-11-02,-2.3675795
1991-11-03,-2.373512
1991-11-04,-2.28015
1991-11-05,-2.4450984
1991-11-06,-2.4525826
1991-11-07,-2.189917
1991-11-08,-2.3825471
1991-11-09,-2.2758186
1991-11-10,-2.1114964
1991-11-11,-2.1114922
1991-11-12,-2.1111674
1991-11-13,-2.1114964
1991-11-14,-2.1114957
1991-11-15,-2.275927
1991-11-16,-2.4472888
1991-11-17,4.219713
1991-11-18,-2.5359056
1991-11-19,-2.5359056
1991-11-20,-2.275927
1991-11-21,-2.275927
1991-11-22,-2.1430655
1991-11-23,-1.852016
1991-11-24,-1.7435522
1991-11-25,-1.7734544
1991-11-26,-2.1428127
1991-11-27,-2.2624733
1991-11-28,-2.1444452
1991-11-29,-2.4339085
1991-11-30,-2.4290068
1991-12-01,-2.3305051
1991-12-02,-2.274469
1991-12-03,-2.0807896
1991-12-04,-2.1430652
1991-12-05,-2.1082695
1991-12-06,-2.1430614
1991-12-07,-1.8224201
1991-12-08,-1.8825481
1991-12-09,-1.8825481
1991-12-10,-1.8807952
1991-12-11,-1.8311286
1991-12-12,-1.5050466
1991-12-13,-1.5050428
1991-12-14,-1.5444577
1991-12-15,-1.4498347
1991-12-16,-1.4696434
1991-12-17,-1.5434422
1991-12-18,-1.5443721
1991-12-19,-1.544486
1991-12-20,-1.544486
1991-12-21,-1.544486
1991-12-22,-1.5938053
1991-12-23,-1.994911
1991-12-24,-1.994911
1991-12-25,-1.994911
1991-12-26,-2.026592
1991-12-27,-1.8813238
1991-12-28,4.950497
1991-12-29,5.2661448
1991-12-30,-1.548867
1991-12-31,-1.6891646
1992-01-01,-1.689198
1992-01-02,-1.6593132
1992-01-03,-1.544486
1992-01-04,-1.5401491
1992-01-05,5.376872
1992-01-06,-1.4336456
1992-01-07,5.3555884
1992-01-08,-1.544486
1992-01-09,-1.7374616
1992-01-10,-1.7374616
1992-01-11,-1.7374616
1992-01-12,-1.7374616
1992-01-13,-1.7374616
1992-01-14,-1.7374616
1992-01-15,-1.7374616
1992-01-16,-1.7374616
1992-01-17,-1.7374616
1992-01-18,-1.493376
1992-01-19,-1.544486
1992-01-20,-1.5478132
1992-01-21,-2.054177
1992-01-22,-2.0620694
1992-01-23,-1.8520825
1992-01-24,-1.6812556
1992-01-25,-1.544486
1992-01-26,-1.544486
1992-01-27,-1.2438192
1992-01-28,-1.1104704
1992-01-29,-1.188781
1992-01-30,-1.188781
1992-01-31,-1.6893435
1992-02-01,-1.7665013
1992-02-02,-1.7665787
1992-02-03,-1.5836616
1992-02-04,-1.1705456
1992-02-05,-1.1550574
1992-02-06,-1.0164229
1992-02-07,-1.1519414
1992-02-08,-1.1519527
1992-02-09,-1.1727934
1992-02-10,5.633114
1992-02-11,5.640084
1992-02-12,5.6400843
1992-02-13,5.6400003
1992-02-14,5.6263266
1992-02-15,5.640477
1992-02-16,5.550468
1992-02-17,-1.2243016
1992-02-18,4.846448
1992-02-19,5.5639257
1992-02-20,-1.2209213
1992-02-21,-1.2697301
1992-02-22,-1.5646048
1992-02-23,-1.5646048
1992-02-24,-1.5646048
1992-02-25,-1.5646048
1992-02-26,-1.5646048
1992-02-27,-1.5646048
1992-02-28,-1.5646048
1992-02-29,-1.5618318
1992-03-01,-1.5019019
1992-03-02,-1.5622873
1992-03-03,-1.5645866
1992-03-04,-1.5646045
1992-03-05,5.2440605
1992-03-06,5.1706715
1992-03-07,-1.5646048
1992-03-08,-1.5646048
1992-03-09,-1.5646048
1992-03-10,-1.56459
1992-03-11,-1.5644314
1992-03-12,-1.2543619
1992-03-13,-1.2543261
1992-03-14,4.8704214
1992-03-15,-1.2196232
1992-03-16,4.2853923
1992-03-17,-1.1436324
1992-03-18,-1.1436324
1992-03-19,-1.1436324
1992-03-20,-1.1617382
1992-03-21,-1.2542955
1992-03-22,5.544389
1992-03-23,-1.2543261
1992-03-24,-1.2543261
1992-03-25,-1.2543261
1992-03-26,-1.2543261
1992-03-27,-1.1624863
1992-03-28,-1.1624863
1992-03-29,-1.1624854
1992-03-30,1.4817798
1992-03-31,-1.1644105
1992-04-01,-1.2543261
1992-04-02,-1.2543261
1992-04-03,-1.2543261
1992-04-04,-1.2543261
1992-04-05,-1.2543261
1992-04-06,-1.2543261
1992-04-07,-1.4026809
1992-04-08,-1.6876628
1992-04-09,-1.6826818
1992-04-10,-1.2543261
1992-04-11,-1.2542155
1992-04-12,5.553797
1992-04-13,-1.2543261
1992-04-14,-1.2543261
1992-04-15,-1.2543261
1992-04-16,-1.2543261
1992-04-17,-1.2543261
1992-04-18,-1.2543261
1992-04-19,-1.2543261
1992-04-20,-1.2543261
1992-04-21,-1.2543261
1992-04-22,-1.2543261
1992-04-23,-1.2543261
1992-04-24,-1.2543261
1992-04-25,-1.2543261
1992-04-26,-1.2543261
1992-04-27,-1.2543285
1992-04-28,-1.6876628
1992-04-29,-1.6879542
1992-04-30,-1.6873822
1992-05-01,-1.2698481
1992-05-02,-1.2543261
1992-05-03,-1.2543261
1992-05-04,-1.2543261
1992-05-05,-1.2543261
1992-05-06,-1.2543261
1992-05-07,-1.2543261
1992-05-08,-1.2543261
1992-05-09,-1.2543261
1992-05-10,-1.2543261
1992-05-11,-1.2543261
1992-05-12,-1.5869071
1992-05-13,-1.5869071
1992-05-14,-1.5869071
1992-05-15,-1.5869071
1992-05-16,-1.6327279
1992-05-17,-1.5057902
1992-05-18,-1.7953694
1992-05-19,-1.7798576
1992-05-20,-1.7798576
1992-05-21,-1.7798576
1992-05-22,-1.7798576
1992-05-23,-1.7798576
1992-05-24,-1.8804018
1992-05-25,-1.8804026
1992-05-26,-2.1843069
1992-05-27,-2.2671418
1992-05-28,-2.267142
1992-05-29,-2.267142
1992-05-30,-2.2671423
1992-05-31,-2.3737714
1992-06-01,-2.4007008
1992-06-02,-2.3824098
1992-06-03,-2.3534324
1992-06-04,-2.3534324
1992-06-05,-2.3534324
1992-06-06,-2.352788
1992-06-07,-2.2313259
1992-06-08,-2.3280718
1992-06-09,-2.4124231
1992-06-10,-2.3517156
1992-06-11,-2.3502371
1992-06-12,-2.3502371
1992-06-13,-2.3502371
1992-06-14,-2.3502371
1992-06-15,-2.3431613
1992-06-16,-2.350237
1992-06-17,-2.6536818
1992-06-18,-2.653681
1992-06-19,-2.635285
1992-06-20,-2.6353598
1992-06-21,-2.6353598
1992-06-22,-2.6353598
1992-06-23,-2.6353598
1992-06-24,-2.8957021
1992-06-25,-2.8957021
1992-06-26,-2.9119108
1992-06-27,-2.8818548
1992-06-28,-2.8082025
1992-06-29,-2.2959602
1992-06-30,-2.4533403
1992-07-01,-2.4490736
1992-07-02,-2.4519596
1992-07-03,-2.4408708
1992-07-04,-2.46477
1992-07-05,-2.4559813
1992-07-06,-2.4473937
1992-07-07,-2.4544644
1992-07-08,-2.363574
1992-07-09,-2.3635743
1992-07-10,-2.4386435
1992-07-11,-2.467618
1992-07-12,-2.468584
1992-07-13,-2.6586282
1992-07-14,-2.7422585
1992-07-15,-2.7221608
1992-07-16,-2.722159
1992-07-17,-2.8771384
1992-07-18,-2.8771386
1992-07-19,-2.8543632
1992-07-20,-2.8543632
1992-07-21,-2.8543632
1992-07-22,-2.723359
1992-07-23,-2.748086
1992-07-24,-2.7424285
1992-07-25,-2.945943
1992-07-26,-2.9679596
1992-07-27,-2.9577148
1992-07-28,-3.0412087
1992-07-29,-3.398513
1992-07-30,-3.4183896
1992-07-31,-3.449028
1992-08-01,-3.7390244
1992-08-02,-3.7390244
1992-08-03,-3.7390244
1992-08-04,-3.4410377
1992-08-05,-3.4410377
1992-08-06,-3.4410377
1992-08-07,-3.4452796
1992-08-08,-3.4452796
1992-08-09,-3.8089173
1992-08-10,-3.7987404
1992-08-11,-3.799794
1992-08-12,-3.9168851
1992-08-13,-3.9168088
1992-08-14,-3.5882194
1992-08-15,-3.501006
1992-08-16,-3.5794778
1992-08-17,-3.483355
1992-08-18,-3.483355
1992-08-19,-3.483355
1992-08-20,-3.4863336
1992-08-21,-3.4863336
1992-08-22,-3.4863336
1992-08-23,-3.4863336
1992-08-24,-3.4863336
1992-08-25,-3.4863336
1992-08-26,-3.4863336
1992-08-27,-3.5919213
1992-08-28,-3.7434576
1992-08-29,-3.8695078
1992-08-30,-4.019647
1992-08-31,-4.3844547
1992-09-01,-4.5291452
1992-09-02,-4.415743
1992-09-03,-4.4157906
1992-09-04,-4.1246705
1992-09-05,-4.088009
1992-09-06,-4.088009
1992-09-07,-3.981405
1992-09-08,-3.9600275
1992-09-09,-3.9600236
1992-09-10,-3.774803
1992-09-11,-3.5030239
1992-09-12,-3.5152194
1992-09-13,-3.5123677
1992-09-14,-3.5003238
1992-09-15,-3.5003238
1992-09-16,-3.500325
1992-09-17,-3.559581
1992-09-18,-3.6253538
1992-09-19,-3.8512838
1992-09-20,-4.03529
1992-09-21,-4.0570993
1992-09-22,-3.764411
1992-09-23,-3.763486
1992-09-24,-3.763486
1992-09-25,-3.9417303
1992-09-26,-3.9600236
1992-09-27,-3.9600236
1992-09-28,-3.9600236
1992-09-29,-3.9600236
1992-09-30,-4.001712
1992-10-01,-4.001712
1992-10-02,-4.001712
1992-10-03,-4.001712
1992-10-04,-3.8119936
1992-10-05,-3.8889263
1992-10-06,-3.9757564
1992-10-07,-4.1306067
1992-10-08,-4.13004
1992-10-09,-4.228756
1992-10-10,-4.4157906
1992-10-11,-4.4157906
1992-10-12,-4.4157906
1992-10-13,-4.4157906
1992-10-14,-4.4157906
1992-10-15,-4.4157906
1992-10-16,-4.4157906
1992-10-17,-4.4157906
1992-10-18,-4.381068
1992-10-19,-4.2037573
1992-10-20,-4.2035093
1992-10-21,-4.203522
1992-10-22,-4.168073
1992-10-23,-4.168073
1992-10-24,-4.1679173
1992-10-25,-4.0596766
1992-10-26,-4.0596786
1992-10-27,-4.077938
1992-10-28,-4.077938
1992-10-29,2.7317894
1992-10-30,-3.0306714
1992-10-31,-4.077938
1992-11-01,-4.077938
1992-11-02,-4.077938
1992-11-03,-4.077938
1992-11-04,-3.9649622
1992-11-05,-3.9924114
1992-11-06,-3.9110057
1992-11-07,-3.7534182
1992-11-08,-3.7534182
1992-11-09,-3.643576
1992-11-10,-3.5250037
1992-11-11,-3.5115569
1992-11-12,-3.44794
1992-11-13,-3.6432676
1992-11-14,-3.7292197
1992-11-15,-4.0260735
1992-11-16,-4.077938
1992-11-17,-4.077938
1992-11-18,-4.168073
1992-11-19,-4.077938
1992-11-20,-4.097159
1992-11-21,-3.760362
1992-11-22,-3.6233163
1992-11-23,-3.4045198
1992-11-24,-3.246832
1992-11-25,-3.2468317
1992-11-26,-3.3165822
1992-11-27,-3.243896
1992-11-28,-3.174743
1992-11-29,-3.403759
1992-11-30,-3.39513
1992-12-01,-3.4587195
1992-12-02,-3.388072
1992-12-03,-3.4572504
1992-12-04,-3.4585092
1992-12-05,-3.5428545
1992-12-06,3.2535517
1992-12-07,-2.851664
1992-12-08,3.218769
1992-12-09,3.3922958
1992-12-10,2.8369806
1992-12-11,3.3772106
1992-12-12,-3.5304916
1992-12-13,-3.6048243
1992-12-14,-3.4098454
1992-12-15,-3.5235782
1992-12-16,-3.4195201
1992-12-17,3.0322745
1992-12-18,-3.297566
1992-12-19,-3.345179
1992-12-20,-3.3881307
1992-12-21,-3.4103284
1992-12-22,-3.6261415
1992-12-23,-3.6349084
1992-12-24,-3.58375
1992-12-25,-3.6787734
1992-12-26,-3.6919625
1992-12-27,-3.4557333
1992-12-28,3.4360044
1992-12-29,3.3687196
1992-12-30,-3.4410071
1992-12-31,-3.504093
1993-01-01,3.387247
1993-01-02,-3.5076382
1993-01-03,-3.3117156
1993-01-04,-3.3116825
1993-01-05,-3.4585075
1993-01-06,3.2691238
1993-01-07,3.2492092
1993-01-08,-3.5052803
1993-01-09,3.0299575
1993-01-10,-3.7769299
1993-01-11,-3.7783864
1993-01-12,3.2003698
1993-01-13,3.3344655
1993-01-14,3.2447827
1993-01-15,3.3921328
1993-01-16,-3.3931975
1993-01-17,3.4093928
1993-01-18,-3.4011986
1993-01-19,-3.410269
1993-01-20,3.2982275
1993-01-21,3.2759726
1993-01-22,-3.529576
1993-01-23,-3.318681
1993-01-24,-3.3197746
1993-01-25,-3.5935082
1993-01-26,-3.4196894
1993-01-27,-3.601287
1993-01-28,-3.6018996
1993-01-29,-3.601287
1993-01-30,-3.6007416
1993-01-31,-3.460841
1993-02-01,-3.3297708
1993-02-02,-3.4404376
1993-02-03,-3.524855
1993-02-04,-3.5246243
1993-02-05,-3.3935108
1993-02-06,-3.481497
1993-02-07,-3.9065163
1993-02-08,2.6201682
1993-02-09,-3.8601418
1993-02-10,-3.9793112
1993-02-11,-3.686436
1993-02-12,-3.5568714
1993-02-13,-3.5568714
1993-02-14,-3.4834049
1993-02-15,-3.5690904
1993-02-16,-3.5560384
1993-02-17,3.310158
1993-02-18,3.460313
1993-02-19,3.6939394
1993-02-20,3.777222
1993-02-21,-2.960551
1993-02-22,4.014312
1993-02-23,3.93256
1993-02-24,-2.8779852
1993-02-25,-2.5752757
1993-02-26,1.182578
1993-02-27,-2.8128495
1993-02-28,-3.0047252
1993-03-01,-3.0413663
1993-03-02,-3.041366
1993-03-03,-2.9679387
1993-03-04,-2.9685574
1993-03-05,-2.7665799
1993-03-06,-2.76658
1993-03-07,-2.7389288
1993-03-08,-2.7368884
1993-03-09,-2.8508885
1993-03-10,-2.8212028
1993-03-11,-2.8212028
1993-03-12,-2.8212025
1993-03-13,-2.8509195
1993-03-14,-2.6487143
1993-03-15,-2.2972643
1993-03-16,-2.2072723
1993-03-17,4.8379984
1993-03-18,-1.8648691
1993-03-19,-1.8242807
1993-03-20,-2.0826943
1993-03-21,-2.2810903
1993-03-22,-2.2820587
1993-03-23,3.7656364
1993-03-24,-0.9040268
1993-03-25,-1.682313
1993-03-26,4.145419
1993-03-27,-2.23198
1993-03-28,-2.108222
1993-03-29,-1.8243876
1993-03-30,-1.8242795
1993-03-31,-1.8230653
1993-04-01,-1.8242792
1993-04-02,-1.9899213
1993-04-03,-1.9907384
1993-04-04,-2.0458765
1993-04-05,-2.045875
1993-04-06,-1.9898973
1993-04-07,-1.6289744
1993-04-08,-1.6289744
1993-04-09,-1.6289744
1993-04-10,-1.6289744
1993-04-11,-1.6289744
1993-04-12,-1.6326487
1993-04-13,-1.8698723
1993-04-14,-1.8242795
1993-04-15,-1.8242795
1993-04-16,-1.8242795
1993-04-17,4.986233
1993-04-18,-1.8242795
1993-04-19,-1.8242795
1993-04-20,-1.6817772
1993-04-21,-1.8745615
1993-04-22,-1.933625
1993-04-23,-1.9336212
1993-04-24,-1.6818066
1993-04-25,-1.6817708
1993-04-26,-1.7012122
1993-04-27,-1.7012122
1993-04-28,-1.7012122
1993-04-29,-1.7012122
1993-04-30,-1.7012122
1993-05-01,-1.7549846
1993-05-02,-1.7012122
1993-05-03,-1.7012122
1993-05-04,-1.7012122
1993-05-05,-1.5869071
1993-05-06,-1.5869071
1993-05-07,-1.5869071
1993-05-08,-1.2543261
1993-05-09,-1.2543261
1993-05-10,-1.2543261
1993-05-11,-1.2543261
1993-05-12,-1.2543261
1993-05-13,-1.2543261
1993-05-14,-1.2630823
1993-05-15,-1.5869069
1993-05-16,-1.5869071
1993-05-17,-1.5869071
1993-05-18,-1.5869071
1993-05-19,-1.5868441
1993-05-20,-1.8839941
1993-05-21,-1.9128263
1993-05-22,-1.8373027
1993-05-23,-1.8373313
1993-05-24,-1.8372573
1993-05-25,-1.2694895
1993-05-26,-1.5831618
1993-05-27,-1.5869071
1993-05-28,-1.2543261
1993-05-29,-1.2543261
1993-05-30,-1.3103225
1993-05-31,-1.203125
1993-06-01,-1.208266
1993-06-02,-1.3482461
1993-06-03,-1.7007761
1993-06-04,4.7999353
1993-06-05,-1.8837883
1993-06-06,-1.8839724
1993-06-07,-1.8839896
1993-06-08,-1.8423295
1993-06-09,-1.7953727
1993-06-10,-1.8804023
1993-06-11,-1.7254472
1993-06-12,-1.7248805
1993-06-13,-1.7248805
1993-06-14,-1.7293606
1993-06-15,-1.7798576
1993-06-16,-1.7798533
1993-06-17,-1.3023386
1993-06-18,-1.5382535
1993-06-19,-1.7208905
1993-06-20,-1.7248805
1993-06-21,-1.7248805
1993-06-22,-1.7248805
1993-06-23,-1.7248805
1993-06-24,-1.7248805
1993-06-25,-1.7248805
1993-06-26,-1.8804023
1993-06-27,-1.8804023
1993-06-28,-1.968631
1993-06-29,-1.968631
1993-06-30,-1.9328096
1993-07-01,-2.0822406
1993-07-02,-2.2643344
1993-07-03,-2.2950199
1993-07-04,-2.2940927
1993-07-05,-2.2950227
1993-07-06,-2.2950227
1993-07-07,-2.3662565
1993-07-08,-2.344571
1993-07-09,-2.344571
1993-07-10,-2.3431575
1993-07-11,-2.4447334
1993-07-12,-2.4374719
1993-07-13,-2.4368925
1993-07-14,-2.4221327
1993-07-15,-2.4223013
1993-07-16,-2.35986
1993-07-17,-2.3571944
1993-07-18,-2.3571944
1993-07-19,-2.4224813
1993-07-20,-2.5054321
1993-07-21,-3.0067732
1993-07-22,-3.1488209
1993-07-23,-3.231435
1993-07-24,-3.2314188
1993-07-25,-3.1319296
1993-07-26,-3.1319273
1993-07-27,-3.0282347
1993-07-28,-3.0282347
1993-07-29,-3.0264926
1993-07-30,-2.7419102
1993-07-31,-2.7603767
1993-08-01,-3.3679247
1993-08-02,-3.4410245
1993-08-03,-3.4433043
1993-08-04,-3.4479854
1993-08-05,-3.4479854
1993-08-06,-3.4557016
1993-08-07,-3.4556823
1993-08-08,-3.467123
1993-08-09,-3.467123
1993-08-10,-3.4269147
1993-08-11,-3.3907855
1993-08-12,-3.4268858
1993-08-13,-3.4269147
1993-08-14,-3.4505703
1993-08-15,-3.4505703
1993-08-16,-3.4505703
1993-08-17,-3.4338324
1993-08-18,-3.433772
1993-08-19,-3.3136475
1993-08-20,-3.3136475
1993-08-21,-3.3268476
1993-08-22,-3.3268476
1993-08-23,-3.3268476
1993-08-24,-3.3268476
1993-08-25,-3.2995234
1993-08-26,-3.299563
1993-08-27,-3.433772
1993-08-28,-3.4680212
1993-08-29,-3.4680226
1993-08-30,-3.4680226
1993-08-31,-3.4680226
1993-09-01,-3.500324
1993-09-02,-3.5003238
1993-09-03,-3.4416184
1993-09-04,-3.1998289
1993-09-05,-3.038614
1993-09-06,-3.0392454
1993-09-07,-2.984693
1993-09-08,-2.9763865
1993-09-09,-3.1459227
1993-09-10,-3.1489532
1993-09-11,-3.2386138
1993-09-12,-3.2422676
1993-09-13,-3.2438474
1993-09-14,-3.436824
1993-09-15,-3.4607825
1993-09-16,-3.4607894
1993-09-17,-3.3785503
1993-09-18,-3.2711442
1993-09-19,-3.2711442
1993-09-20,-3.1920931
1993-09-21,-3.1920931
1993-09-22,-3.1920931
1993-09-23,-3.045121
1993-09-24,-2.8319674
1993-09-25,-3.2115808
1993-09-26,-3.2166297
1993-09-27,-3.3439176
1993-09-28,-3.3450377
1993-09-29,-3.4181945
1993-09-30,-3.4181945
1993-10-01,-3.4290066
1993-10-02,-3.4294226
1993-10-03,-3.4762838
1993-10-04,-3.546762
1993-10-05,-3.7039921
1993-10-06,-3.6957324
1993-10-07,-3.5594742
1993-10-08,-3.4650228
1993-10-09,-3.2141578
1993-10-10,-3.1610932
1993-10-11,-3.0028493
1993-10-12,-3.0123415
1993-10-13,-3.0123415
1993-10-14,-2.9058895
1993-10-15,3.7778547
1993-10-16,-3.1568782
1993-10-17,-3.1348155
1993-10-18,-3.1954074
1993-10-19,-3.1954074
1993-10-20,-3.1721334
1993-10-21,-3.1481159
1993-10-22,-3.2836878
1993-10-23,-3.1920931
1993-10-24,-3.0941253
1993-10-25,-2.8357613
1993-10-26,-2.8359518
1993-10-27,-2.8357615
1993-10-28,-3.0140834
1993-10-29,-2.860215
1993-10-30,-3.0123365
1993-10-31,-3.0123365
1993-11-01,-2.88717
1993-11-02,-3.070837
1993-11-03,-3.0087922
1993-11-04,-3.0454879
1993-11-05,-2.8715446
1993-11-06,-3.0043051
1993-11-07,-3.0543475
1993-11-08,-3.0642486
1993-11-09,-3.379652
1993-11-10,-3.3959923
1993-11-11,2.252455
1993-11-12,-3.2887778
1993-11-13,-3.2881167
1993-11-14,-3.2798376
1993-11-15,-3.3152862
1993-11-16,-3.116131
1993-11-17,-3.1161573
1993-11-18,-3.1161575
1993-11-19,-3.5043843
1993-11-20,-3.5043843
1993-11-21,-3.5043843
1993-11-22,-3.5043843
1993-11-23,-3.5043883
1993-11-24,-3.406472
1993-11-25,-3.406472
1993-11-26,-3.406472
1993-11-27,-3.3886797
1993-11-28,-2.8509839
1993-11-29,3.4334877
1993-11-30,-3.388664
1993-12-01,-3.4227142
1993-12-02,-3.485835
1993-12-03,-3.4639366
1993-12-04,-3.4345431
1993-12-05,-3.4345386
1993-12-06,-3.2250297
1993-12-07,-3.2369473
1993-12-08,3.5647175
1993-12-09,-3.0887482
1993-12-10,-3.1680775
1993-12-11,3.5107727
1993-12-12,-3.5050251
1993-12-13,-3.6094549
1993-12-14,3.2047322
1993-12-15,-3.5917063
1993-12-16,-3.5917063
1993-12-17,-3.5226967
1993-12-18,-3.5080488
1993-12-19,-3.613569
1993-12-20,-3.322766
1993-12-21,-3.3661935
1993-12-22,-3.856762
1993-12-23,-4.1538944
1993-12-24,-3.8391938
1993-12-25,-4.3045053
1993-12-26,-4.574319
1993-12-27,-4.582159
1993-12-28,-4.5223427
1993-12-29,-4.581972
1993-12-30,-4.5821037
1993-12-31,-4.053016
1994-01-01,-3.8121831
1994-01-02,-3.8883617
1994-01-03,-3.795581
1994-01-04,-2.6770613
1994-01-05,-3.8126762
1994-01-06,-3.8297632
1994-01-07,-4.3598967
1994-01-08,-4.3598967
1994-01-09,-4.281864
1994-01-10,-4.663253
1994-01-11,-4.683668
1994-01-12,-4.683668
1994-01-13,-4.683668
1994-01-14,-4.6836653
1994-01-15,-4.596184
1994-01-16,-5.2808733
1994-01-17,-5.0625505
1994-01-18,-5.2824287
1994-01-19,-5.2475605
1994-01-20,-5.256852
1994-01-21,-5.1445875
1994-01-22,-5.0875998
1994-01-23,1.7229972
1994-01-24,1.720321
1994-01-25,-5.0411825
1994-01-26,-5.1445513
1994-01-27,-4.9703913
1994-01-28,-4.9730473
1994-01-29,-4.930887
1994-01-30,-4.743211
1994-01-31,-4.6192875
1994-02-01,-4.597723
1994-02-02,-3.7102034
1994-02-03,-3.6587424
1994-02-04,-3.4433715
1994-02-05,-3.4434235
1994-02-06,-1.1638821
1994-02-07,3.2620351
1994-02-08,-3.547718
1994-02-09,-3.5477526
1994-02-10,-3.5194376
1994-02-11,-3.7223132
1994-02-12,-3.6949956
1994-02-13,-3.5703928
1994-02-14,-3.6637828
1994-02-15,-3.6270275
1994-02-16,-3.6083856
1994-02-17,3.2008994
1994-02-18,3.1618104
1994-02-19,3.3496678
1994-02-20,-3.4210742
1994-02-21,-3.3998415
1994-02-22,-3.4308014
1994-02-23,-3.7664557
1994-02-24,-3.819545
1994-02-25,-3.8723125
1994-02-26,-3.86474
1994-02-27,-3.806741
1994-02-28,-3.6369448
1994-03-01,-3.6369448
1994-03-02,-3.4242775
1994-03-03,-3.315019
1994-03-04,-3.315019
1994-03-05,1.8932338
1994-03-06,-3.3735087
1994-03-07,-3.3779113
1994-03-08,-3.3732564
1994-03-09,-3.3955607
1994-03-10,-3.3142202
1994-03-11,-3.2016613
1994-03-12,-3.2016609
1994-03-13,-3.1222851
1994-03-14,-3.1213558
1994-03-15,-3.1211853
1994-03-16,-2.826875
1994-03-17,-2.826798
1994-03-18,-2.7704992
1994-03-19,-2.7704992
1994-03-20,-2.8268745
1994-03-21,-2.826875
1994-03-22,-2.826875
1994-03-23,-3.1039264
1994-03-24,-3.0411108
1994-03-25,3.8558905
1994-03-26,-2.9510622
1994-03-27,-2.8474991
1994-03-28,-2.8474991
1994-03-29,-2.7704992
1994-03-30,-2.7704992
1994-03-31,-2.7704992
1994-04-01,-2.7704992
1994-04-02,-2.736742
1994-04-03,-2.719487
1994-04-04,-2.8134742
1994-04-05,-2.8134758
1994-04-06,-2.8556376
1994-04-07,-2.7435737
1994-04-08,4.099063
1994-04-09,-2.6477172
1994-04-10,-2.6477363
1994-04-11,-2.6477363
1994-04-12,-2.5430381
1994-04-13,-2.5430381
1994-04-14,-2.3276143
1994-04-15,-2.1690123
1994-04-16,-2.1684759
1994-04-17,-2.084214
1994-04-18,-2.0913994
1994-04-19,-2.0914004
1994-04-20,-2.276424
1994-04-21,-2.313839
1994-04-22,-2.313839
1994-04-23,4.2309804
1994-04-24,-2.2748857
1994-04-25,4.8425035
1994-04-26,-1.9680593
1994-04-27,-1.8839941
1994-04-28,-1.8839941
1994-04-29,-2.084214
1994-04-30,-2.1924224
1994-05-01,-2.3425298
1994-05-02,-2.5266361
1994-05-03,-2.3859076
1994-05-04,-2.15729
1994-05-05,-1.9685245
1994-05-06,-1.8856077
1994-05-07,4.838433
1994-05-08,-1.8839941
1994-05-09,-1.8839941
1994-05-10,-1.8839941
1994-05-11,-1.8839941
1994-05-12,-2.084214
1994-05-13,-2.084214
1994-05-14,-1.8839941
1994-05-15,-1.8839941
1994-05-16,-1.8839934
1994-05-17,4.3448763
1994-05-18,-1.8835876
1994-05-19,-1.8839939
1994-05-20,-1.8839941
1994-05-21,-1.8839941
1994-05-22,-1.8839941
1994-05-23,-1.877145
1994-05-24,-1.877145
1994-05-25,-1.8373027
1994-05-26,-2.1534755
1994-05-27,-2.1534755
1994-05-28,-2.1534753
1994-05-29,-2.1552572
1994-05-30,-2.155257
1994-05-31,-2.1552572
1994-06-01,-2.0438657
1994-06-02,-2.1534755
1994-06-03,-2.1534755
1994-06-04,-2.1534755
1994-06-05,-2.1534755
1994-06-06,-2.1534755
1994-06-07,-2.0219164
1994-06-08,-2.1227052
1994-06-09,-2.3425257
1994-06-10,-2.3425257
1994-06-11,-2.3425257
1994-06-12,-2.3425257
1994-06-13,-2.3470938
1994-06-14,-2.149417
1994-06-15,-2.1980948
1994-06-16,-2.089653
1994-06-17,-2.3534324
1994-06-18,-2.2434723
1994-06-19,-2.1985433
1994-06-20,-2.1985433
1994-06-21,-2.2756245
1994-06-22,-2.2756245
1994-06-23,-2.2756245
1994-06-24,-2.1985393
1994-06-25,-2.342824
1994-06-26,-2.3502371
1994-06-27,-2.3502371
1994-06-28,-2.2950227
1994-06-29,-2.7210815
1994-06-30,-2.794506
1994-07-01,-2.8007483
1994-07-02,-2.8275962
1994-07-03,-2.8275962
1994-07-04,-2.8275962
1994-07-05,-2.8275962
1994-07-06,-2.913453
1994-07-07,-3.0713286
1994-07-08,-3.1221697
1994-07-09,-2.8024356
1994-07-10,-2.860531
1994-07-11,-2.9224946
1994-07-12,-2.9224946
1994-07-13,-2.9224946
1994-07-14,-2.9224946
1994-07-15,-2.9221916
1994-07-16,-3.1222866
1994-07-17,-3.1130242
1994-07-18,-3.1130242
1994-07-19,-3.1130242
1994-07-20,-3.1092584
1994-07-21,-3.1092584
1994-07-22,-2.9841545
1994-07-23,-2.7829692
1994-07-24,-2.7829692
1994-07-25,-2.7829692
1994-07-26,-2.7829692
1994-07-27,-2.9077296
1994-07-28,-3.1727448
1994-07-29,-3.1727433
1994-07-30,-3.1727433
1994-07-31,-3.1727433
1994-08-01,-3.1727433
1994-08-02,-3.1727433
1994-08-03,-3.1727433
1994-08-04,-3.1727433
1994-08-05,-3.187242
1994-08-06,-2.9715705
1994-08-07,-2.9715705
1994-08-08,-2.727476
1994-08-09,-2.6134188
1994-08-10,-2.6824672
1994-08-11,-2.6828153
1994-08-12,-2.6828153
1994-08-13,-2.6135356
1994-08-14,-2.6517725
1994-08-15,-2.8129935
1994-08-16,-3.1147523
1994-08-17,-3.1169746
1994-08-18,-3.1169746
1994-08-19,-3.1416664
1994-08-20,-3.1416664
1994-08-21,-3.1416664
1994-08-22,-3.1419036
1994-08-23,-3.1492858
1994-08-24,-3.1416943
1994-08-25,-3.1178174
1994-08-26,-3.2272573
1994-08-27,-3.2227502
1994-08-28,-3.2227502
1994-08-29,-3.2227502
1994-08-30,-3.2227502
1994-08-31,-3.2227502
1994-09-01,-3.2227502
1994-09-02,-3.2227502
1994-09-03,-3.2227502
1994-09-04,-3.2227502
1994-09-05,-3.2227502
1994-09-06,-3.1918106
1994-09-07,-3.215261
1994-09-08,-3.2152607
1994-09-09,-3.2096841
1994-09-10,-3.2748175
1994-09-11,-3.343844
1994-09-12,-3.4238963
1994-09-13,-3.343738
1994-09-14,-3.313457
1994-09-15,-3.5830855
1994-09-16,-3.46394
1994-09-17,-3.406472
1994-09-18,-3.3994088
1994-09-19,-3.2469254
1994-09-20,-3.19107
1994-09-21,-2.879565
1994-09-22,-2.8878567
1994-09-23,-2.8637068
1994-09-24,-2.8717752
1994-09-25,-2.7058558
1994-09-26,-2.7250805
1994-09-27,-2.9499092
1994-09-28,-2.970058
1994-09-29,-3.2257338
1994-09-30,-3.005794
1994-10-01,-2.837774
1994-10-02,-2.7157207
1994-10-03,-2.673245
1994-10-04,4.1373663
1994-10-05,-2.598194
1994-10-06,-2.673245
1994-10-07,-2.673245
1994-10-08,-2.673245
1994-10-09,-2.673245
1994-10-10,-2.673245
1994-10-11,-2.673245
1994-10-12,-2.673245
1994-10-13,-2.673245
1994-10-14,-2.673245
1994-10-15,-2.673245
1994-10-16,-2.673245
1994-10-17,-2.5046568
1994-10-18,-2.5047965
1994-10-19,-2.6635618
1994-10-20,-2.6634893
1994-10-21,-2.5046568
1994-10-22,-2.5046568
1994-10-23,-2.6536424
1994-10-24,-2.6706634
1994-10-25,-2.6706634
1994-10-26,-2.6706634
1994-10-27,-2.6706634
1994-10-28,-2.6501374
1994-10-29,-2.6255245
1994-10-30,-2.6255245
1994-10-31,-2.5339074
1994-11-01,-2.5339074
1994-11-02,-2.533907
1994-11-03,-2.5339074
1994-11-04,-2.5338805
1994-11-05,4.2742076
1994-11-06,4.108506
1994-11-07,-1.8720615
1994-11-08,-2.4114468
1994-11-09,4.514526
1994-11-10,-2.2824287
1994-11-11,-2.28243
1994-11-12,-2.28243
1994-11-13,-2.28243
1994-11-14,-2.28243
1994-11-15,4.5250554
1994-11-16,-2.28243
1994-11-17,-1.608821
1994-11-18,-2.2160642
1994-11-19,-2.02886
1994-11-20,-2.02886
1994-11-21,-2.02886
1994-11-22,-2.02886
1994-11-23,-2.028866
1994-11-24,-2.1709242
1994-11-25,4.543202
1994-11-26,-2.079516
1994-11-27,-2.0111794
1994-11-28,-2.0111794
1994-11-29,-2.0111794
1994-11-30,-2.0111794
1994-12-01,-1.8910127
1994-12-02,-1.8910124
1994-12-03,4.8650537
1994-12-04,-1.7153537
1994-12-05,-2.016181
1994-12-06,-1.9477282
1994-12-07,-1.8507934
1994-12-08,-1.9288266
1994-12-09,-2.0342834
1994-12-10,-1.9780657
1994-12-11,-1.9780543
1994-12-12,4.6904774
1994-12-13,-2.191039
1994-12-14,-1.568757
1994-12-15,-2.6626382
1994-12-16,-2.6874251
1994-12-17,-2.6874251
1994-12-18,-2.7265854
1994-12-19,-2.7265854
1994-12-20,-2.597471
1994-12-21,-1.9823892
1994-12-22,-1.9780657
1994-12-23,-1.9780574
1994-12-24,4.832461
1994-12-25,-2.3271558
1994-12-26,-2.6586435
1994-12-27,-2.841809
1994-12-28,-2.8344057
1994-12-29,-2.7712665
1994-12-30,-2.7712665
1994-12-31,-2.3780856
1995-01-01,-2.2489524
1995-01-02,-1.9384289
1995-01-03,0.5509137
1995-01-04,4.5204678
1995-01-05,4.321298
1995-01-06,4.247978
1995-01-07,4.4815235
1995-01-08,4.105817
1995-01-09,4.044521
1995-01-10,4.1157956
1995-01-11,-2.7968533
1995-01-12,3.8510177
1995-01-13,-1.0959682
1995-01-14,3.8794656
1995-01-15,-1.6180413
1995-01-16,-3.15046
1995-01-17,-3.1635199
1995-01-18,-2.9127245
1995-01-19,-2.8864577
1995-01-20,3.387726
1995-01-21,-2.976686
1995-01-22,3.6490226
1995-01-23,3.9577425
1995-01-24,3.9490721
1995-01-25,1.1908833
1995-01-26,3.9107246
1995-01-27,3.9567428
1995-01-28,-2.8255413
1995-01-29,-2.7764142
1995-01-30,-2.7771072
1995-01-31,-2.7586043
1995-02-01,-2.633879
1995-02-02,-2.5348938
1995-02-03,-2.4358275
1995-02-04,-2.437359
1995-02-05,-2.4373646
1995-02-06,-2.7267988
1995-02-07,-2.735172
1995-02-08,-2.7517807
1995-02-09,-2.7517393
1995-02-10,-2.668652
1995-02-11,-2.7988834
1995-02-12,-2.7462575
1995-02-13,3.8705137
1995-02-14,-2.8262389
1995-02-15,-2.9656806
1995-02-16,-2.866674
1995-02-17,-2.7339227
1995-02-18,-2.6012983
1995-02-19,-2.4809237
1995-02-20,-2.6131744
1995-02-21,-2.5573947
1995-02-22,-2.4540434
1995-02-23,-1.5802712
1995-02-24,-1.3464038
1995-02-25,-2.0735843
1995-02-26,-2.3474035
1995-02-27,-2.5058362
1995-02-28,-2.8029475
1995-03-01,-2.8956094
1995-03-02,4.1864877
1995-03-03,3.7475092
1995-03-04,-3.0483916
1995-03-05,-2.918376
1995-03-06,-2.8690948
1995-03-07,-2.8669655
1995-03-08,1.6665823
1995-03-09,3.9109802
1995-03-10,3.911062
1995-03-11,3.9110575
1995-03-12,-2.8992708
1995-03-13,-2.83671
1995-03-14,-2.8557444
1995-03-15,-2.8009953
1995-03-16,-2.5966814
1995-03-17,-2.4882684
1995-03-18,2.1543782
1995-03-19,-2.1938448
1995-03-20,4.6040196
1995-03-21,4.444723
1995-03-22,4.445065
1995-03-23,4.1207123
1995-03-24,-2.7811885
1995-03-25,-2.7811885
1995-03-26,-2.5392437
1995-03-27,-2.2957602
1995-03-28,-2.1579466
1995-03-29,-2.1579466
1995-03-30,-2.1579466
1995-03-31,-2.1579452
1995-04-01,-2.1579466
1995-04-02,-2.000806
1995-04-03,-1.8781219
1995-04-04,-1.5050521
1995-04-05,-1.5050521
1995-04-06,-1.3819284
1995-04-07,-1.8836868
1995-04-08,-1.8839941
1995-04-09,-2.0674636
1995-04-10,-2.0674636
1995-04-11,-2.2369597
1995-04-12,-2.236952
1995-04-13,-1.3518397
1995-04-14,-2.136261
1995-04-15,-1.8407362
1995-04-16,-1.8407745
1995-04-17,-1.5651672
1995-04-18,-1.5855541
1995-04-19,-1.5869071
1995-04-20,-2.0668237
1995-04-21,-2.0674636
1995-04-22,-2.2559578
1995-04-23,-2.4882448
1995-04-24,-2.6070688
1995-04-25,-2.6665304
1995-04-26,-2.6665304
1995-04-27,3.598205
1995-04-28,3.7522142
1995-04-29,3.5661073
1995-04-30,4.0024877
1995-05-01,-2.6154094
1995-05-02,-2.7365446
1995-05-03,-2.7365446
1995-05-04,-2.7365446
1995-05-05,-2.0477712
1995-05-06,-2.5942667
1995-05-07,-2.8046014
1995-05-08,-2.8104055
1995-05-09,-2.8902323
1995-05-10,-3.0158672
1995-05-11,-2.8343368
1995-05-12,3.7260811
1995-05-13,-2.988297
1995-05-14,-3.1717622
1995-05-15,-3.0156157
1995-05-16,-3.0163047
1995-05-17,-2.8470633
1995-05-18,-2.715319
1995-05-19,-2.7280297
1995-05-20,-2.7280297
1995-05-21,-3.0157435
1995-05-22,-3.0419214
1995-05-23,-2.8544676
1995-05-24,-2.693322
1995-05-25,-2.5153632
1995-05-26,-2.5420291
1995-05-27,-2.5420291
1995-05-28,-2.547237
1995-05-29,-2.7225604
1995-05-30,-2.7225604
1995-05-31,-2.7241905
1995-06-01,-2.801747
1995-06-02,-2.800174
1995-06-03,-2.800109
1995-06-04,-2.8053906
1995-06-05,-2.872545
1995-06-06,-2.7111921
1995-06-07,-2.5420291
1995-06-08,-2.5420291
1995-06-09,-2.5420291
1995-06-10,-2.7225604
1995-06-11,-2.7225604
1995-06-12,-2.7225604
1995-06-13,-2.7225604
1995-06-14,-2.6924775
1995-06-15,-2.3720205
1995-06-16,-2.8726673
1995-06-17,-2.86236
1995-06-18,-2.8623567
1995-06-19,-2.8660383
1995-06-20,-2.7835853
1995-06-21,-2.8109813
1995-06-22,-2.8109877
1995-06-23,-2.7462664
1995-06-24,-2.866033
1995-06-25,-2.344572
1995-06-26,-2.3662565
1995-06-27,-2.342829
1995-06-28,-2.2950227
1995-06-29,-2.2917447
1995-06-30,-2.485654
1995-07-01,-2.483861
1995-07-02,-2.7425244
1995-07-03,-2.925524
1995-07-04,-2.9266348
1995-07-05,-2.9002147
1995-07-06,-3.018284
1995-07-07,-3.3419936
1995-07-08,-3.476642
1995-07-09,-3.4232762
1995-07-10,-3.4306126
1995-07-11,-3.4396157
1995-07-12,-3.43961
1995-07-13,-3.4368663
1995-07-14,-3.279657
1995-07-15,-3.1549919
1995-07-16,-3.2485902
1995-07-17,-3.070795
1995-07-18,-3.3475692
1995-07-19,-3.424498
1995-07-20,-3.4543393
1995-07-21,-3.4272985
1995-07-22,-3.4306035
1995-07-23,-3.4407864
1995-07-24,-3.4603376
1995-07-25,-3.6132674
1995-07-26,-3.5425072
1995-07-27,-3.4576776
1995-07-28,-3.4545858
1995-07-29,-3.4560833
1995-07-30,-3.4560864
1995-07-31,-3.4628472
1995-08-01,-3.5591042
1995-08-02,-3.6191778
1995-08-03,-3.6215792
1995-08-04,-3.9556777
1995-08-05,-4.107644
1995-08-06,-4.117272
1995-08-07,-4.2014303
1995-08-08,-4.2014303
1995-08-09,-4.1724563
1995-08-10,-4.1724563
1995-08-11,-4.146481
1995-08-12,-4.0835447
1995-08-13,-4.083536
1995-08-14,-4.0686283
1995-08-15,-4.068056
1995-08-16,-4.077938
1995-08-17,-4.077938
1995-08-18,-4.077938
1995-08-19,-4.078123
1995-08-20,-4.077938
1995-08-21,-4.077938
1995-08-22,-3.929816
1995-08-23,-3.929621
1995-08-24,-3.929621
1995-08-25,-4.077582
1995-08-26,-4.077938
1995-08-27,-4.168073
1995-08-28,-4.32845
1995-08-29,-4.4724636
1995-08-30,-4.6088543
1995-08-31,-4.8960648
1995-09-01,-4.8960648
1995-09-02,-4.8951416
1995-09-03,-4.588978
1995-09-04,-4.588978
1995-09-05,-4.4983044
1995-09-06,-4.4983044
1995-09-07,-4.3868685
1995-09-08,-4.3847866
1995-09-09,-4.4532604
1995-09-10,-4.5508823
1995-09-11,-4.5508823
1995-09-12,-4.5508823
1995-09-13,-4.5508823
1995-09-14,-4.5508823
1995-09-15,-4.5508823
1995-09-16,-4.5508823
1995-09-17,-4.5508823
1995-09-18,-4.5508823
1995-09-19,-4.5508823
1995-09-20,-4.5508823
1995-09-21,-4.5508823
1995-09-22,-4.5508823
1995-09-23,-4.424452
1995-09-24,-4.3893023
1995-09-25,-4.3847837
1995-09-26,-4.3847837
1995-09-27,-4.3847837
1995-09-28,-4.3869543
1995-09-29,-4.4157906
1995-09-30,-4.5508823
1995-10-01,-4.5508823
1995-10-02,-4.5508823
1995-10-03,-4.6682806
1995-10-04,-4.6682806
1995-10-05,-4.6682806
1995-10-06,-4.6682806
1995-10-07,-4.6682806
1995-10-08,-4.6682806
1995-10-09,-4.6682806
1995-10-10,-4.6682806
1995-10-11,-4.5508823
1995-10-12,-4.5508823
1995-10-13,-4.5508823
1995-10-14,-4.5508814
1995-10-15,-4.498349
1995-10-16,-4.498852
1995-10-17,-4.413501
1995-10-18,-4.4149656
1995-10-19,-4.4149656
1995-10-20,-4.4149656
1995-10-21,-4.3765545
1995-10-22,-4.3765545
1995-10-23,-4.3765545
1995-10-24,-4.3765545
1995-10-25,-4.3765545
1995-10-26,-4.3765545
1995-10-27,-4.588978
1995-10-28,-4.588978
1995-10-29,-4.588978
1995-10-30,-4.588978
1995-10-31,-4.588978
1995-11-01,-4.588978
1995-11-02,-4.588978
1995-11-03,-4.588978
1995-11-04,-4.588978
1995-11-05,-4.588992
1995-11-06,-4.6682806
1995-11-07,-4.6682806
1995-11-08,-4.6682806
1995-11-09,-4.6682806
1995-11-10,-4.6682806
1995-11-11,-5.026142
1995-11-12,-5.026142
1995-11-13,-5.0261526
1995-11-14,-5.3743105
1995-11-15,-5.121273
1995-11-16,-5.121273
1995-11-17,-5.121273
1995-11-18,-5.026374
1995-11-19,-4.6682806
1995-11-20,-4.6682806
1995-11-21,-5.026142
1995-11-22,-5.026142
1995-11-23,-5.026142
1995-11-24,-5.026142
1995-11-25,-5.026142
1995-11-26,-5.026142
1995-11-27,-5.026142
1995-11-28,-5.026142
1995-11-29,-5.026142
1995-11-30,-5.026142
1995-12-01,-5.026142
1995-12-02,-5.1708975
1995-12-03,-5.2338877
1995-12-04,-5.399288
1995-12-05,-5.3993015
1995-12-06,-5.398302
1995-12-07,-5.3691063
1995-12-08,-5.4112253
1995-12-09,-5.4112253
1995-12-10,-5.415017
1995-12-11,1.3881708
1995-12-12,1.3882586
1995-12-13,1.3882588
1995-12-14,-5.422372
1995-12-15,1.3857864
1995-12-16,-5.422372
1995-12-17,-5.422372
1995-12-18,-5.421477
1995-12-19,-5.422372
1995-12-20,-5.422372
1995-12-21,-5.422372
1995-12-22,1.3970704
1995-12-23,-5.403378
1995-12-24,-5.4034815
1995-12-25,-5.4034815
1995-12-26,-5.422372
1995-12-27,-5.422372
1995-12-28,-5.422372
1995-12-29,1.3825456
1995-12-30,-5.422372
1995-12-31,-5.422372
1996-01-01,-5.2841864
1996-01-02,-5.2841854
1996-01-03,-4.8728256
1996-01-04,-4.8728256
1996-01-05,-4.8728256
1996-01-06,-4.8728256
1996-01-07,-4.8728256
1996-01-08,-4.8728256
1996-01-09,-4.872825
1996-01-10,-5.133239
1996-01-11,-5.076008
1996-01-12,-4.816724
1996-01-13,-4.816724
1996-01-14,-4.8308506
1996-01-15,-3.9929454
1996-01-16,2.374984
1996-01-17,-4.435585
1996-01-18,2.3741236
1996-01-19,-4.435582
1996-01-20,-4.5714235
1996-01-21,2.2350688
1996-01-22,-4.5754433
1996-01-23,-4.8832846
1996-01-24,1.8804684
1996-01-25,-4.8862195
1996-01-26,-4.8861914
1996-01-27,1.9237418
1996-01-28,-4.816724
1996-01-29,-4.816724
1996-01-30,-4.865746
1996-01-31,1.9288085
1996-02-01,-5.2243853
1996-02-02,-5.224431
1996-02-03,-5.3817477
1996-02-04,1.6041151
1996-02-05,1.1733431
1996-02-06,-5.2064486
1996-02-07,-5.087633
1996-02-08,-5.087633
1996-02-09,-5.087633
1996-02-10,-5.087633
1996-02-11,-5.087633
1996-02-12,-5.087633
1996-02-13,-5.087633
1996-02-14,-5.087633
1996-02-15,-5.0709667
1996-02-16,-5.087633
1996-02-17,-5.085136
1996-02-18,-4.6274695
1996-02-19,1.7229915
1996-02-20,1.7229971
1996-02-21,1.7176765
1996-02-22,-5.087633
1996-02-23,-5.087633
1996-02-24,-5.2035804
1996-02-25,-5.2074385
1996-02-26,-5.2715616
1996-02-27,1.5989152
1996-02-28,-4.9810076
1996-02-29,-5.0072875
1996-03-01,-5.120574
1996-03-02,-5.0172043
1996-03-03,-4.721571
1996-03-04,1.8115572
1996-03-05,-5.0882607
1996-03-06,-5.088772
1996-03-07,-5.088772
1996-03-08,-4.71492
1996-03-09,-4.71492
1996-03-10,-4.676134
1996-03-11,2.1399753
1996-03-12,2.2678483
1996-03-13,-4.485194
1996-03-14,-3.8595307
1996-03-15,-3.8339343
1996-03-16,-3.7282732
1996-03-17,-3.714825
1996-03-18,-3.4382384
1996-03-19,-3.398627
1996-03-20,-3.3607626
1996-03-21,-3.3907683
1996-03-22,-3.4477775
1996-03-23,-3.4562457
1996-03-24,-3.5116463
1996-03-25,-3.5116463
1996-03-26,-3.5275
1996-03-27,-3.7480745
1996-03-28,-3.7286198
1996-03-29,-3.754547
1996-03-30,-3.511656
1996-03-31,-3.4286041
1996-04-01,3.4083269
1996-04-02,-3.393512
1996-04-03,-3.265138
1996-04-04,-3.1640043
1996-04-05,-3.0809493
1996-04-06,-2.930653
1996-04-07,-3.053329
1996-04-08,-2.8931968
1996-04-09,-2.7471962
1996-04-10,-2.5782366
1996-04-11,-2.7413304
1996-04-12,-2.7435777
1996-04-13,-2.7435777
1996-04-14,-2.8556452
1996-04-15,-2.9783552
1996-04-16,3.4265726
1996-04-17,3.8258958
1996-04-18,-3.0480244
1996-04-19,-3.0480244
1996-04-20,-3.0480244
1996-04-21,-3.0480244
1996-04-22,-2.9143054
1996-04-23,-2.802202
1996-04-24,-2.918692
1996-04-25,-2.8741848
1996-04-26,-2.8840742
1996-04-27,-2.8556452
1996-04-28,-2.8556452
1996-04-29,-2.8556452
1996-04-30,-2.8556452
1996-05-01,-2.8556452
1996-05-02,-2.8556452
1996-05-03,-2.8556452
1996-05-04,-2.8556452
1996-05-05,-2.697031
1996-05-06,-2.7087336
1996-05-07,-2.7463906
1996-05-08,-2.860615
1996-05-09,-2.9687726
1996-05-10,-3.0826082
1996-05-11,-3.080767
1996-05-12,-3.0673106
1996-05-13,-3.0676496
1996-05-14,-3.2010505
1996-05-15,3.5570426
1996-05-16,1.0686132
1996-05-17,3.22342
1996-05-18,-3.0156147
1996-05-19,-2.7435777
1996-05-20,-2.5430381
1996-05-21,-2.1952577
1996-05-22,-2.442471
1996-05-23,-2.442471
1996-05-24,-2.442471
1996-05-25,-2.5354507
1996-05-26,-2.8135264
1996-05-27,-2.8554611
1996-05-28,-3.325961
1996-05-29,-3.1769803
1996-05-30,-3.06843
1996-05-31,-2.693149
1996-06-01,-2.7254627
1996-06-02,-2.835171
1996-06-03,-3.0193772
1996-06-04,-2.9922345
1996-06-05,-3.014859
1996-06-06,-3.041073
1996-06-07,-3.0866654
1996-06-08,-3.0079708
1996-06-09,-2.8182535
1996-06-10,-2.7530406
1996-06-11,-2.642963
1996-06-12,-2.7348614
1996-06-13,-2.9274642
1996-06-14,-2.8450177
1996-06-15,-3.1250517
1996-06-16,-3.1250522
1996-06-17,-3.0435479
1996-06-18,-3.214935
1996-06-19,-3.1212912
1996-06-20,-2.989729
1996-06-21,-2.927548
1996-06-22,-2.871434
1996-06-23,-2.856293
1996-06-24,-2.856358
1996-06-25,-2.855213
1996-06-26,-2.76798
1996-06-27,-2.4293404
1996-06-28,-2.3486695
1996-06-29,-2.2115293
1996-06-30,-2.211476
1996-07-01,-2.2240498
1996-07-02,-2.2131171
1996-07-03,-2.2113352
1996-07-04,-2.1729739
1996-07-05,-2.2527807
1996-07-06,-2.213702
1996-07-07,-2.5551949
1996-07-08,-2.4708512
1996-07-09,-2.745513
1996-07-10,-2.881317
1996-07-11,-3.0039358
1996-07-12,-3.0382392
1996-07-13,-3.1521204
1996-07-14,-3.1523297
1996-07-15,-3.150934
1996-07-16,-3.1393723
1996-07-17,-3.1478233
1996-07-18,-3.048696
1996-07-19,-2.9396389
1996-07-20,-3.0481608
1996-07-21,-3.0775967
1996-07-22,-3.0767832
1996-07-23,-3.1338682
1996-07-24,-3.1384141
1996-07-25,-3.141425
1996-07-26,-3.4044003
1996-07-27,-3.5281749
1996-07-28,-3.7529345
1996-07-29,-3.8229904
1996-07-30,-4.04105
1996-07-31,-4.2190285
1996-08-01,-4.4157906
1996-08-02,-4.4157915
1996-08-03,-4.6475706
1996-08-04,-4.430933
1996-08-05,-4.166892
1996-08-06,-3.952778
1996-08-07,-3.9470503
1996-08-08,-3.9470503
1996-08-09,-3.9470503
1996-08-10,-4.059676
1996-08-11,-3.9443786
1996-08-12,-3.7989733
1996-08-13,-3.798971
1996-08-14,-3.8325186
1996-08-15,-3.9504268
1996-08-16,-3.9504268
1996-08-17,-3.9504268
1996-08-18,-3.8206558
1996-08-19,-3.8206558
1996-08-20,-3.8153412
1996-08-21,-3.8921058
1996-08-22,-3.9781601
1996-08-23,-4.144445
1996-08-24,-4.1581554
1996-08-25,-4.1423244
1996-08-26,-4.1615233
1996-08-27,-4.160833
1996-08-28,-4.125023
1996-08-29,-4.0491004
1996-08-30,-4.0311794
1996-08-31,-3.9502466
1996-09-01,-3.8150952
1996-09-02,-3.655618
1996-09-03,-3.739506
1996-09-04,-3.8683205
1996-09-05,-3.8935363
1996-09-06,-4.0378447
1996-09-07,-4.132065
1996-09-08,-4.369335
1996-09-09,-4.3696976
1996-09-10,-4.5508823
1996-09-11,-4.5508823
1996-09-12,-4.1903896
1996-09-13,-4.1494894
1996-09-14,-4.1494894
1996-09-15,-4.104492
1996-09-16,-4.168073
1996-09-17,-4.077938
1996-09-18,-4.077938
1996-09-19,-4.169533
1996-09-20,-4.169533
1996-09-21,-4.2190285
1996-09-22,-4.2190285
1996-09-23,-4.4157906
1996-09-24,-4.4157906
1996-09-25,-4.5508823
1996-09-26,-4.5508823
1996-09-27,-4.5508823
1996-09-28,-4.5527506
1996-09-29,-4.550935
1996-09-30,-4.5508823
1996-10-01,-4.5508823
1996-10-02,-4.5508823
1996-10-03,-4.3343105
1996-10-04,-4.251602
1996-10-05,-4.1247954
1996-10-06,-4.098561
1996-10-07,-4.0843782
1996-10-08,-4.0843782
1996-10-09,-4.084379
1996-10-10,-4.0881476
1996-10-11,-4.0843525
1996-10-12,-4.0138535
1996-10-13,-4.1385393
1996-10-14,-4.1385403
1996-10-15,-4.2088404
1996-10-16,-4.297783
1996-10-17,-4.454876
1996-10-18,-4.73992
1996-10-19,-4.8960648
1996-10-20,-4.588978
1996-10-21,-4.5889587
1996-10-22,-4.3847837
1996-10-23,-4.3436975
1996-10-24,-4.0620246
1996-10-25,-4.0971317
1996-10-26,-4.097159
1996-10-27,-4.097159
1996-10-28,-4.1581254
1996-10-29,2.6813104
1996-10-30,-2.1655474
1996-10-31,-4.216798
1996-11-01,-4.299515
1996-11-02,-4.444806
1996-11-03,-4.445056
1996-11-04,-4.446265
1996-11-05,-4.836624
1996-11-06,-5.1717854
1996-11-07,-5.1717854
1996-11-08,-5.1953917
1996-11-09,-5.096443
1996-11-10,-4.6682806
1996-11-11,-4.6682806
1996-11-12,-4.5508823
1996-11-13,-4.5508823
1996-11-14,-4.288044
1996-11-15,-4.1064095
1996-11-16,2.704118
1996-11-17,2.7001238
1996-11-18,-4.1675434
1996-11-19,2.6424835
1996-11-20,-4.288069
1996-11-21,2.5221636
1996-11-22,2.3118362
1996-11-23,-4.4983044
1996-11-24,-4.8548355
1996-11-25,-4.8960648
1996-11-26,-4.8960648
1996-11-27,-4.771204
1996-11-28,-4.771201
1996-11-29,-4.6300545
1996-11-30,-4.399805
1996-12-01,-4.2018385
1996-12-02,-4.250389
1996-12-03,-4.2414713
1996-12-04,2.4655716
1996-12-05,2.650301
1996-12-06,-4.246828
1996-12-07,-4.246825
1996-12-08,-4.246828
1996-12-09,2.44273
1996-12-10,2.2483716
1996-12-11,1.1073065
1996-12-12,-4.729215
1996-12-13,-4.7292156
1996-12-14,-4.7292156
1996-12-15,-4.7292156
1996-12-16,-4.7341547
1996-12-17,-5.1326046
1996-12-18,-4.7307568
1996-12-19,-4.7292156
1996-12-20,-4.6857824
1996-12-21,2.0813878
1996-12-22,2.0651963
1996-12-23,-4.7292156
1996-12-24,-4.7292128
1996-12-25,-4.7292156
1996-12-26,2.0814142
1996-12-27,2.0812585
1996-12-28,-4.7292156
1996-12-29,2.0814145
1996-12-30,1.6780008
1996-12-31,-5.219475
1997-01-01,1.455126
1997-01-02,1.4386348
1997-01-03,-5.371792
1997-01-04,-5.273617
1997-01-05,-4.1119814
1997-01-06,-4.3637543
1997-01-07,-4.207266
1997-01-08,-4.2039976
1997-01-09,-4.0142016
1997-01-10,-4.108207
1997-01-11,-4.5435057
1997-01-12,1.9607561
1997-01-13,-4.515874
1997-01-14,-4.7292047
1997-01-15,2.081416
1997-01-16,-4.382536
1997-01-17,-4.42992
1997-01-18,-4.651573
1997-01-19,-5.241722
1997-01-20,1.568908
1997-01-21,1.5682796
1997-01-22,1.8223299
1997-01-23,-4.6530333
1997-01-24,2.2939692
1997-01-25,2.294684
1997-01-26,2.3414996
1997-01-27,-4.008275
1997-01-28,-4.0082664
1997-01-29,-4.008254
1997-01-30,-4.208315
1997-01-31,-4.3149166
1997-02-01,-4.327833
1997-02-02,-4.4321566
1997-02-03,-4.398369
1997-02-04,-4.315049
1997-02-05,-4.1092005
1997-02-06,-4.572505
1997-02-07,-4.5754433
1997-02-08,-4.370906
1997-02-09,-4.1092
1997-02-10,-4.1092
1997-02-11,-4.1092
1997-02-12,-4.1092
1997-02-13,-4.1092
1997-02-14,-4.1092
1997-02-15,-4.053689
1997-02-16,-4.053381
1997-02-17,-4.038997
1997-02-18,-4.1027217
1997-02-19,-4.1091995
1997-02-20,-4.1092
1997-02-21,-4.1092
1997-02-22,-4.1091995
1997-02-23,-4.1064715
1997-02-24,-4.0405326
1997-02-25,-4.0402145
1997-02-26,-3.9486167
1997-02-27,-3.9294713
1997-02-28,-3.9294918
1997-03-01,-3.8972003
1997-03-02,-3.866367
1997-03-03,-3.8760662
1997-03-04,-3.8494742
1997-03-05,-3.8494742
1997-03-06,-3.8494742
1997-03-07,-3.7963145
1997-03-08,-3.796325
1997-03-09,-3.796325
1997-03-10,-3.796325
1997-03-11,-3.796325
1997-03-12,-3.7854779
1997-03-13,-3.7872016
1997-03-14,-3.7607443
1997-03-15,-3.7606788
1997-03-16,-3.6407576
1997-03-17,-3.7275946
1997-03-18,-3.3496861
1997-03-19,-3.110967
1997-03-20,-3.023712
1997-03-21,-2.835872
1997-03-22,-2.7882247
1997-03-23,-2.7549112
1997-03-24,-2.7435381
1997-03-25,-2.7435381
1997-03-26,-2.7435381
1997-03-27,-2.7435381
1997-03-28,-2.7434423
1997-03-29,-2.351769
1997-03-30,-2.301242
1997-03-31,-2.567803
1997-04-01,-2.5933843
1997-04-02,-2.5933843
1997-04-03,-2.7976475
1997-04-04,-2.742988
1997-04-05,-2.1295452
1997-04-06,-2.1864357
1997-04-07,-2.0346498
1997-04-08,-1.1519542
1997-04-09,-1.1519492
1997-04-10,-1.1509426
1997-04-11,-1.1509426
1997-04-12,-1.156704
1997-04-13,-1.4914794
1997-04-14,-1.201281
1997-04-15,-1.1835232
1997-04-16,-1.1835232
1997-04-17,-1.1835232
1997-04-18,-0.8824964
1997-04-19,-1.183523
1997-04-20,-1.1835232
1997-04-21,-1.1835232
1997-04-22,-1.1835232
1997-04-23,-1.1835232
1997-04-24,-1.1835232
1997-04-25,-1.1835232
1997-04-26,-1.1835232
1997-04-27,-1.1835232
1997-04-28,-1.2160113
1997-04-29,-1.2160113
1997-04-30,-1.4262812
1997-05-01,-1.4584801
1997-05-02,-1.7985117
1997-05-03,-1.9235759
1997-05-04,-1.7066207
1997-05-05,-1.6001315
1997-05-06,-1.7069175
1997-05-07,-1.6067657
1997-05-08,-1.6067641
1997-05-09,-1.6067641
1997-05-10,-1.6060734
1997-05-11,-1.393553
1997-05-12,-1.284941
1997-05-13,-1.1919224
1997-05-14,-1.1919227
1997-05-15,-1.1917449
1997-05-16,-1.182441
1997-05-17,-1.1823642
1997-05-18,-1.2847966
1997-05-19,-1.2910659
1997-05-20,-1.393553
1997-05-21,-1.393553
1997-05-22,-1.394114
1997-05-23,-1.2674886
1997-05-24,-1.5529914
1997-05-25,-1.3536983
1997-05-26,-1.3536723
1997-05-27,-1.3536723
1997-05-28,-1.3536723
1997-05-29,-1.3536723
1997-05-30,-1.3536723
1997-05-31,-1.3536723
1997-06-01,-1.2298791
1997-06-02,-1.2298789
1997-06-03,-1.1497324
1997-06-04,-1.1497887
1997-06-05,-1.1594154
1997-06-06,-1.1594887
1997-06-07,-1.1471424
1997-06-08,-1.1471424
1997-06-09,-1.1471424
1997-06-10,-1.1471424
1997-06-11,-1.1471424
1997-06-12,-1.1471424
1997-06-13,-1.1442126
1997-06-14,-1.146838
1997-06-15,-1.1594887
1997-06-16,-1.1594887
1997-06-17,-1.1594887
1997-06-18,-1.1594887
1997-06-19,-1.1594887
1997-06-20,-1.1867759
1997-06-21,-1.1875367
1997-06-22,-1.3517747
1997-06-23,-1.3534484
1997-06-24,-1.3523239
1997-06-25,-1.2298791
1997-06-26,-1.1867759
1997-06-27,-1.1594887
1997-06-28,-1.1594887
1997-06-29,-1.1594887
1997-06-30,-1.1594887
1997-07-01,-1.1594887
1997-07-02,-1.1594887
1997-07-03,-1.1594887
1997-07-04,-1.1594887
1997-07-05,-1.1717467
1997-07-06,-1.1717517
1997-07-07,-1.3201203
1997-07-08,-1.4337585
1997-07-09,-1.4337585
1997-07-10,-1.4337585
1997-07-11,-1.4337585
1997-07-12,-1.4337585
1997-07-13,-1.4337585
1997-07-14,-1.4337585
1997-07-15,-1.3579273
1997-07-16,-1.3536723
1997-07-17,-1.2298791
1997-07-18,-1.2298787
1997-07-19,-1.2091966
1997-07-20,-1.2604252
1997-07-21,-1.2596309
1997-07-22,-1.2596302
1997-07-23,-1.2181851
1997-07-24,-1.3201194
1997-07-25,-1.3201303
1997-07-26,-1.3203664
1997-07-27,-1.3201118
1997-07-28,-1.3201175
1997-07-29,-1.2893724
1997-07-30,-1.1760662
1997-07-31,-1.1789868
1997-08-01,-1.1789868
1997-08-02,-1.3536723
1997-08-03,-1.3536723
1997-08-04,-1.3536723
1997-08-05,-1.3536723
1997-08-06,-1.3536723
1997-08-07,-1.3536723
1997-08-08,-1.4337585
1997-08-09,-1.4337585
1997-08-10,-1.4337585
1997-08-11,-1.4337585
1997-08-12,-1.4337585
1997-08-13,-1.354852
1997-08-14,-1.3536723
1997-08-15,-1.3536723
1997-08-16,-1.3536723
1997-08-17,-1.3536723
1997-08-18,-1.3536723
1997-08-19,-1.2167392
1997-08-20,-1.3536468
1997-08-21,-1.3536723
1997-08-22,-1.3536723
1997-08-23,-1.3536723
1997-08-24,-1.3536723
1997-08-25,-1.3536723
1997-08-26,-1.3536723
1997-08-27,-1.3536723
1997-08-28,-1.3536723
1997-08-29,-1.3536723
1997-08-30,-1.3536723
1997-08-31,-1.3536723
1997-09-01,-1.3536723
1997-09-02,-1.2298789
1997-09-03,-1.2298789
1997-09-04,-1.2298789
1997-09-05,-1.2298789
1997-09-06,-1.2298789
1997-09-07,-1.3536723
1997-09-08,-1.3536723
1997-09-09,-1.3536026
1997-09-10,-1.3536723
1997-09-11,-1.3536723
1997-09-12,-1.3536723
1997-09-13,-1.3536723
1997-09-14,-1.3974034
1997-09-15,-1.354989
1997-09-16,-1.3536723
1997-09-17,-1.3536723
1997-09-18,-1.3536723
1997-09-19,-1.353671
1997-09-20,-1.3536723
1997-09-21,-1.3536723
1997-09-22,-1.3536723
1997-09-23,-1.3536723
1997-09-24,-1.3536723
1997-09-25,-1.3536723
1997-09-26,-1.3536723
1997-09-27,-1.3536723
1997-09-28,-1.3536723
1997-09-29,-1.3536723
1997-09-30,-1.3536723
1997-10-01,-1.3536723
1997-10-02,-1.3536723
1997-10-03,-1.3536723
1997-10-04,-1.2298789
1997-10-05,-1.1594887
1997-10-06,-1.1594887
1997-10-07,-1.1471424
1997-10-08,-1.1471198
1997-10-09,-1.1402035
1997-10-10,-1.1440372
1997-10-11,-1.1471424
1997-10-12,-1.1594887
1997-10-13,-1.1594887
1997-10-14,-1.2298765
1997-10-15,-1.2298789
1997-10-16,-1.229876
1997-10-17,-1.1594887
1997-10-18,-1.1594887
1997-10-19,-1.1594887
1997-10-20,-1.1594887
1997-10-21,-1.1594887
1997-10-22,-1.1477017
1997-10-23,-1.1471424
1997-10-24,-1.1471426
1997-10-25,-1.1508237
1997-10-26,-1.1594887
1997-10-27,-1.1594887
1997-10-28,-1.1594887
1997-10-29,-1.1594887
1997-10-30,-1.1594887
1997-10-31,-1.1594887
1997-11-01,-1.1594887
1997-11-02,-1.1594887
1997-11-03,-1.1594887
1997-11-04,-1.1594884
1997-11-05,-1.1471424
1997-11-06,-1.1471424
1997-11-07,-1.1470306
1997-11-08,-1.1439501
1997-11-09,-1.1439501
1997-11-10,5.66533
1997-11-11,-1.1439501
1997-11-12,-1.1440406
1997-11-13,5.3148537
1997-11-14,-1.1512994
1997-11-15,0.9511991
1997-11-16,-0.88628036
1997-11-17,-1.1594887
1997-11-18,-1.0222507
1997-11-19,5.651015
1997-11-20,-1.1594887
1997-11-21,-1.1594887
1997-11-22,-1.1594795
1997-11-23,-1.1594884
1997-11-24,-1.1471173
1997-11-25,5.641574
1997-11-26,5.663469
1997-11-27,-1.1471424
1997-11-28,-1.1439501
1997-11-29,-1.1626188
1997-11-30,-0.91986054
1997-12-01,-1.1644104
1997-12-02,-1.1644104
1997-12-03,-1.1642919
1997-12-04,-1.051404
1997-12-05,5.646195
1997-12-06,4.26848
1997-12-07,5.6436524
1997-12-08,-1.1615826
1997-12-09,-1.1644104
1997-12-10,-1.1644104
1997-12-11,-1.1644104
1997-12-12,-1.1644104
1997-12-13,-1.1641483
1997-12-14,5.6453366
1997-12-15,-1.1644104
1997-12-16,-1.1644104
1997-12-17,-1.1644095
1997-12-18,-1.1644053
1997-12-19,-1.1644104
1997-12-20,-1.1644104
1997-12-21,-1.1644104
1997-12-22,-1.1644104
1997-12-23,-1.1642642
1997-12-24,-1.1436324
1997-12-25,-1.1436324
1997-12-26,-1.1644104
1997-12-27,-1.1644104
1997-12-28,-1.1644104
1997-12-29,-1.1644104
1997-12-30,-1.2543147
1997-12-31,-1.1747429
1998-01-01,-1.1623752
1998-01-02,5.648141
1998-01-03,-1.1435536
1998-01-04,5.6476207
1998-01-05,-1.254326
1998-01-06,-1.2543238
1998-01-07,-1.2543261
1998-01-08,-1.2543261
1998-01-09,5.5548577
1998-01-10,5.2711
1998-01-11,5.510479
1998-01-12,5.5565825
1998-01-13,-1.1624857
1998-01-14,5.648101
1998-01-15,5.6481442
1998-01-16,-1.1624863
1998-01-17,-1.1624863
1998-01-18,5.6480722
1998-01-19,-1.1624855
1998-01-20,-1.2543235
1998-01-21,-1.2543261
1998-01-22,-1.2543261
1998-01-23,-1.2543075
1998-01-24,-1.2543261
1998-01-25,-1.2543261
1998-01-26,-1.2319633
1998-01-27,-1.2542322
1998-01-28,-1.1422127
1998-01-29,5.6481214
1998-01-30,-1.1624863
1998-01-31,-1.1467427
1998-02-01,5.6480856
1998-02-02,5.5521383
1998-02-03,5.556305
1998-02-04,-1.2543255
1998-02-05,-1.1805714
1998-02-06,5.5562687
1998-02-07,5.556289
1998-02-08,5.556305
1998-02-09,-1.2543261
1998-02-10,5.5373983
1998-02-11,-1.1624863
1998-02-12,5.640412
1998-02-13,-1.1624863
1998-02-14,5.648143
1998-02-15,-1.1624863
1998-02-16,5.4835806
1998-02-17,-1.162582
1998-02-18,-1.2543234
1998-02-19,5.5498075
1998-02-20,-1.2543261
1998-02-21,5.5562944
1998-02-22,-1.2543261
1998-02-23,5.5561886
1998-02-24,-1.2543261
1998-02-25,-1.2543261
1998-02-26,-1.4262812
1998-02-27,-1.5378611
1998-02-28,-1.5383811
1998-03-01,-1.4262812
1998-03-02,-1.7747808
1998-03-03,-1.7985067
1998-03-04,-1.6048651
1998-03-05,5.1412683
1998-03-06,-1.6691756
1998-03-07,-2.0041816
1998-03-08,-2.1576762
1998-03-09,-2.1576762
1998-03-10,-1.7437341
1998-03-11,-1.7437341
1998-03-12,-1.7437012
1998-03-13,-1.7386005
1998-03-14,-1.761915
1998-03-15,-1.9035497
1998-03-16,-1.9035492
1998-03-17,-1.9035528
1998-03-18,-2.0877001
1998-03-19,-2.0877001
1998-03-20,-1.9035518
1998-03-21,-1.9035494
1998-03-22,-1.753516
1998-03-23,-0.8918161
1998-03-24,2.4137754
1998-03-25,-1.6924545
1998-03-26,-1.7437339
1998-03-27,-1.7616491
1998-03-28,-1.9015915
1998-03-29,-1.9035492
1998-03-30,-1.9035497
1998-03-31,4.971077
1998-04-01,-1.7619112
1998-04-02,-1.761915
1998-04-03,5.0466766
1998-04-04,-1.9035344
1998-04-05,-1.9035497
1998-04-06,-1.8954892
1998-04-07,-2.0874312
1998-04-08,-2.2708428
1998-04-09,-2.2708411
1998-04-10,-1.9035497
1998-04-11,-1.9032216
1998-04-12,-1.9029918
1998-04-13,-0.8479948
1998-04-14,-1.9035494
1998-04-15,-2.0620167
1998-04-16,-2.2706614
1998-04-17,-2.3587465
1998-04-18,-2.0620172
1998-04-19,-1.9035497
1998-04-20,-1.9035497
1998-04-21,-1.9035497
1998-04-22,-1.6761174
1998-04-23,-0.94783443
1998-04-24,-1.5507793
1998-04-25,-1.5050933
1998-04-26,-1.3636811
1998-04-27,-1.3636811
1998-04-28,-1.3636811
1998-04-29,-1.5050933
1998-04-30,-1.5050933
1998-05-01,-1.531766
1998-05-02,-1.8695692
1998-05-03,-1.9024622
1998-05-04,-1.8888831
1998-05-05,5.048707
1998-05-06,-1.5496624
1998-05-07,-1.5050932
1998-05-08,-1.5050933
1998-05-09,-1.3636811
1998-05-10,-1.3636811
1998-05-11,-1.3636811
1998-05-12,5.1094084
1998-05-13,-1.9680359
1998-05-14,-1.9680793
1998-05-15,-1.8850422
1998-05-16,-1.8839941
1998-05-17,-2.0570004
1998-05-18,-2.084214
1998-05-19,-2.0842142
1998-05-20,-2.2210743
1998-05-21,-2.2782946
1998-05-22,-2.27864
1998-05-23,-2.554447
1998-05-24,-2.554447
1998-05-25,-2.554447
1998-05-26,-2.5945675
1998-05-27,-2.7888365
1998-05-28,4.009785
1998-05-29,-2.8842454
1998-05-30,-2.9264572
1998-05-31,-2.8331954
1998-06-01,-2.8547072
1998-06-02,-2.9823296
1998-06-03,-2.9825013
1998-06-04,-2.9835596
1998-06-05,-3.118293
1998-06-06,-3.2309904
1998-06-07,-3.3731966
1998-06-08,-3.681573
1998-06-09,-3.681573
1998-06-10,-3.6379647
1998-06-11,-3.6553085
1998-06-12,-3.462416
1998-06-13,-3.5095131
1998-06-14,-3.589302
1998-06-15,-3.6425297
1998-06-16,-3.6623085
1998-06-17,-3.6623085
1998-06-18,-3.6623085
1998-06-19,-3.6471143
1998-06-20,-3.6452224
1998-06-21,-3.7016628
1998-06-22,-3.7345264
1998-06-23,-3.7974644
1998-06-24,-3.7974644
1998-06-25,-3.806312
1998-06-26,-3.8063145
1998-06-27,-4.018421
1998-06-28,-4.08529
1998-06-29,-4.27125
1998-06-30,-4.27125
1998-07-01,-4.368142
1998-07-02,-4.3676186
1998-07-03,-4.1455464
1998-07-04,-4.144618
1998-07-05,-4.144618
1998-07-06,-4.144951
1998-07-07,-4.2930164
1998-07-08,-4.22136
1998-07-09,-4.484317
1998-07-10,-4.6266956
1998-07-11,-4.6266956
1998-07-12,-4.605772
1998-07-13,-4.869646
1998-07-14,-4.869646
1998-07-15,-4.869646
1998-07-16,-4.869664
1998-07-17,-5.0590677
1998-07-18,-4.8696604
1998-07-19,-4.869646
1998-07-20,-4.869646
1998-07-21,-4.869646
1998-07-22,-5.066413
1998-07-23,-4.97495
1998-07-24,-4.9867067
1998-07-25,-5.0007505
1998-07-26,-5.0007505
1998-07-27,-5.0007505
1998-07-28,-5.066452
1998-07-29,-5.267606
1998-07-30,-4.8007307
1998-07-31,-4.800729
1998-08-01,-4.800729
1998-08-02,-4.800729
1998-08-03,-4.800729
1998-08-04,-4.3362103
1998-08-05,-4.3362103
1998-08-06,-4.3362103
1998-08-07,-4.5750294
1998-08-08,-4.938033
1998-08-09,-5.065299
1998-08-10,-5.0653048
1998-08-11,-5.2824287
1998-08-12,-5.2824287
1998-08-13,-5.0614967
1998-08-14,-5.061448
1998-08-15,-5.2824287
1998-08-16,-5.3251963
1998-08-17,-5.3282166
1998-08-18,-5.3282166
1998-08-19,-5.3282166
1998-08-20,-5.3282166
1998-08-21,-5.267606
1998-08-22,-5.267606
1998-08-23,-5.2676067
1998-08-24,-5.3282166
1998-08-25,-4.973071
1998-08-26,-4.973072
1998-08-27,-5.0582
1998-08-28,-5.0582
1998-08-29,-5.0582
1998-08-30,-5.0582
1998-08-31,-4.9513216
1998-09-01,-4.9300776
1998-09-02,-5.126916
1998-09-03,-5.126916
1998-09-04,-5.1266146
1998-09-05,-5.1146984
1998-09-06,-4.820359
1998-09-07,-4.820359
1998-09-08,-4.973215
1998-09-09,-5.178309
1998-09-10,-5.1783104
1998-09-11,-5.1783066
1998-09-12,-4.7747707
1998-09-13,-4.6191025
1998-09-14,-4.773694
1998-09-15,-4.7747707
1998-09-16,-4.6677074
1998-09-17,-5.1286373
1998-09-18,-5.2682295
1998-09-19,-4.5833254
1998-09-20,-4.5833254
1998-09-21,-5.2682295
1998-09-22,-5.198598
1998-09-23,-5.19841
1998-09-24,-5.1984034
1998-09-25,-4.905219
1998-09-26,-5.198408
1998-09-27,-5.1984096
1998-09-28,-5.295414
1998-09-29,-5.2678323
1998-09-30,-5.2682295
1998-10-01,-5.268243
1998-10-02,-5.2824287
1998-10-03,-5.2824287
1998-10-04,-5.2824287
1998-10-05,-5.2824287
1998-10-06,-5.2824287
1998-10-07,-5.3282166
1998-10-08,-5.35802
1998-10-09,-5.336899
1998-10-10,-5.388095
1998-10-11,-5.3445415
1998-10-12,-5.3580246
1998-10-13,-5.358017
1998-10-14,-5.358017
1998-10-15,-5.358017
1998-10-16,-5.358017
1998-10-17,-5.358017
1998-10-18,-5.358017
1998-10-19,-5.2988663
1998-10-20,-5.3829794
1998-10-21,-5.3829794
1998-10-22,-5.3829794
1998-10-23,-5.3829794
1998-10-24,1.4196604
1998-10-25,-5.3829794
1998-10-26,-5.3957186
1998-10-27,-5.3784647
1998-10-28,-5.3784647
1998-10-29,-5.3947973
1998-10-30,-5.3947544
1998-10-31,-5.3957443
1998-11-01,-5.3784647
1998-11-02,-5.3784647
1998-11-03,-5.3784647
1998-11-04,-5.364786
1998-11-05,-5.340829
1998-11-06,-5.340829
1998-11-07,1.46973
1998-11-08,-5.340819
1998-11-09,-5.340829
1998-11-10,1.4144666
1998-11-11,-5.3829784
1998-11-12,-5.3957186
1998-11-13,-5.3957186
1998-11-14,-5.3957186
1998-11-15,-5.3957186
1998-11-16,-5.3098516
1998-11-17,-5.2782817
1998-11-18,-5.3098516
1998-11-19,-5.3098516
1998-11-20,-5.3098516
1998-11-21,-5.309843
1998-11-22,-5.3957186
1998-11-23,1.3690301
1998-11-24,-5.3957186
1998-11-25,-5.3957186
1998-11-26,-5.3844023
1998-11-27,-4.4388824
1998-11-28,-5.3829503
1998-11-29,1.3972937
1998-11-30,1.4276513
1998-12-01,-5.3503714
1998-12-02,-5.412176
1998-12-03,-3.660572
1998-12-04,-5.412176
1998-12-05,1.2212923
1998-12-06,-5.412176
1998-12-07,-5.412176
1998-12-08,-5.412176
1998-12-09,-5.3957186
1998-12-10,-5.3957186
1998-12-11,-5.3957186
1998-12-12,-5.3957186
1998-12-13,-5.3956313
1998-12-14,-5.3829794
1998-12-15,-5.3829794
1998-12-16,-5.3829794
1998-12-17,-5.3829794
1998-12-18,-5.3829794
1998-12-19,-5.3829794
1998-12-20,-5.3829794
1998-12-21,-5.3829794
1998-12-22,-5.3829794
1998-12-23,-5.3829794
1998-12-24,-5.3829794
1998-12-25,-5.404752
1998-12-26,-5.404752
1998-12-27,-5.404752
1998-12-28,-5.404752
1998-12-29,-5.404752
1998-12-30,-5.404752
1998-12-31,-5.404752
1999-01-01,-5.3925076
1999-01-02,-5.3829794
1999-01-03,-5.3829794
1999-01-04,-5.3829794
1999-01-05,-5.3829794
1999-01-06,-5.3829794
1999-01-07,-5.3829794
1999-01-08,-5.3826084
1999-01-09,-5.340829
1999-01-10,-5.340829
1999-01-11,-5.340829
1999-01-12,-5.3464108
1999-01-13,-5.2064486
1999-01-14,-5.2064486
1999-01-15,-5.2064486
1999-01-16,-5.206439
1999-01-17,-5.204437
1999-01-18,1.6032735
1999-01-19,1.6041268
1999-01-20,1.1858912
1999-01-21,-5.3829794
1999-01-22,-5.3829794
1999-01-23,-3.6540911
1999-01-24,1.2349436
1999-01-25,-5.3407774
1999-01-26,-5.214625
1999-01-27,-5.340829
1999-01-28,-5.340829
1999-01-29,-5.340829
1999-01-30,-5.340746
1999-01-31,1.721855
1999-02-01,-5.088772
1999-02-02,-4.9196177
1999-02-03,-4.9196177
1999-02-04,-4.9196177
1999-02-05,-4.9196177
1999-02-06,1.8909166
1999-02-07,1.8051764
1999-02-08,1.7176507
1999-02-09,1.8113768
1999-02-10,-4.999052
1999-02-11,-4.999052
1999-02-12,-4.999052
1999-02-13,-4.999045
1999-02-14,-4.999052
1999-02-15,-4.999052
1999-02-16,2.0223262
1999-02-17,1.7703595
1999-02-18,0.91650647
1999-02-19,-4.181981
1999-02-20,2.6284244
1999-02-21,-3.8104455
1999-02-22,-4.128383
1999-02-23,-4.128383
1999-02-24,-4.268424
1999-02-25,-1.8205255
1999-02-26,-4.181981
1999-02-27,-4.181981
1999-02-28,-4.1819577
1999-03-01,-4.104616
1999-03-02,-4.0618033
1999-03-03,-4.0554204
1999-03-04,-4.0554247
1999-03-05,-4.055424
1999-03-06,-4.061804
1999-03-07,-4.128383
1999-03-08,2.6578054
1999-03-09,-2.0731199
1999-03-10,-3.9858778
1999-03-11,-4.0112333
1999-03-12,-4.0112333
1999-03-13,-4.0112333
1999-03-14,-4.0092816
1999-03-15,-3.9735644
1999-03-16,-3.9735653
1999-03-17,-3.9735653
1999-03-18,-3.9735653
1999-03-19,-3.9945328
1999-03-20,2.314185
1999-03-21,-4.0112333
1999-03-22,-4.0111823
1999-03-23,-4.0111933
1999-03-24,-3.5441654
1999-03-25,-4.00732
1999-03-26,-4.055608
1999-03-27,-4.014594
1999-03-28,-4.014594
1999-03-29,-4.014594
1999-03-30,-3.9965208
1999-03-31,-3.8309407
1999-04-01,-3.8290696
1999-04-02,-3.8282616
1999-04-03,-3.6060922
1999-04-04,-3.6229944
1999-04-05,3.182891
1999-04-06,-3.6261284
1999-04-07,-3.5275824
1999-04-08,3.2816522
1999-04-09,-3.6273994
1999-04-10,-3.4066567
1999-04-11,-2.779467
1999-04-12,-3.2974985
1999-04-13,-3.2974985
1999-04-14,-3.2974985
1999-04-15,-3.2974985
1999-04-16,-3.520707
1999-04-17,-3.5276
1999-04-18,-3.527589
1999-04-19,-3.527589
1999-04-20,-3.375288
1999-04-21,-3.3156188
1999-04-22,-3.3144882
1999-04-23,-3.1696231
1999-04-24,-3.1429346
1999-04-25,-2.9783661
1999-04-26,-2.9783661
1999-04-27,-3.0469012
1999-04-28,-3.082736
1999-04-29,-3.0479622
1999-04-30,-2.9783661
1999-05-01,-2.9783661
1999-05-02,-3.0598173
1999-05-03,-3.1432912
1999-05-04,-3.2139156
1999-05-05,-3.2138903
1999-05-06,-3.0562112
1999-05-07,-3.0562081
1999-05-08,-3.0988805
1999-05-09,-3.0988855
1999-05-10,-3.2053928
1999-05-11,-3.2948709
1999-05-12,-3.2948709
1999-05-13,-3.3230922
1999-05-14,-3.3230922
1999-05-15,-3.3228552
1999-05-16,-3.2625756
1999-05-17,-3.2625756
1999-05-18,-3.3739285
1999-05-19,-3.3739285
1999-05-20,-3.3739285
1999-05-21,-3.3757925
1999-05-22,-3.3964188
1999-05-23,-3.3964188
1999-05-24,-3.3964188
1999-05-25,-3.3816473
1999-05-26,-3.3532515
1999-05-27,-3.362204
1999-05-28,-3.3177085
1999-05-29,-3.2808583
1999-05-30,-3.254485
1999-05-31,-3.3647718
1999-06-01,-3.5534606
1999-06-02,-3.553458
1999-06-03,-3.4713864
1999-06-04,-3.5632143
1999-06-05,-3.4294074
1999-06-06,-3.4099686
1999-06-07,-3.4132206
1999-06-08,-3.4190607
1999-06-09,-3.4699783
1999-06-10,-3.8219197
1999-06-11,-3.9245594
1999-06-12,-4.0014057
1999-06-13,-4.0168505
1999-06-14,-3.9738467
1999-06-15,-3.9439666
1999-06-16,-4.1884966
1999-06-17,-4.6473885
1999-06-18,-4.64561
1999-06-19,-4.581421
1999-06-20,-4.297201
1999-06-21,-4.297201
1999-06-22,-4.297201
1999-06-23,-4.1720257
1999-06-24,-4.0456295
1999-06-25,-4.0435524
1999-06-26,-4.0435524
1999-06-27,-3.8872774
1999-06-28,-3.68151
1999-06-29,-3.369234
1999-06-30,-3.369234
1999-07-01,-3.369234
1999-07-02,-3.369234
1999-07-03,-3.369234
1999-07-04,-3.379657
1999-07-05,-3.5299
1999-07-06,-3.7657578
1999-07-07,-3.4519408
1999-07-08,-3.6955192
1999-07-09,-3.6955192
1999-07-10,-3.6955192
1999-07-11,-3.6169226
1999-07-12,-3.6169226
1999-07-13,-3.6169226
1999-07-14,-3.6170983
1999-07-15,-3.69359
1999-07-16,-3.6936243
1999-07-17,-3.7497952
1999-07-18,-3.749795
1999-07-19,-3.769849
1999-07-20,-3.839609
1999-07-21,-3.9011576
1999-07-22,-3.9011781
1999-07-23,-3.9284518
1999-07-24,-4.0368557
1999-07-25,-4.1803026
1999-07-26,-4.1803036
1999-07-27,-4.1803036
1999-07-28,-4.1322865
1999-07-29,-4.132065
1999-07-30,-4.126431
1999-07-31,-4.132065
1999-08-01,-4.1803036
1999-08-02,-4.1858287
1999-08-03,-4.348961
1999-08-04,-4.219737
1999-08-05,-4.219737
1999-08-06,-4.2434835
1999-08-07,-4.1554193
1999-08-08,-4.3411694
1999-08-09,-4.3765492
1999-08-10,-4.3765545
1999-08-11,-4.3765545
1999-08-12,-4.3765545
1999-08-13,-4.3765545
1999-08-14,-4.3765545
1999-08-15,-4.4149656
1999-08-16,-4.4149656
1999-08-17,-4.421754
1999-08-18,-4.6682806
1999-08-19,-4.6682806
1999-08-20,-4.414974
1999-08-21,-4.4149656
1999-08-22,-4.4149656
1999-08-23,-4.728915
1999-08-24,-4.6403694
1999-08-25,-4.6403694
1999-08-26,-4.3765545
1999-08-27,-4.3765545
1999-08-28,-4.588978
1999-08-29,-4.5887585
1999-08-30,-4.4983044
1999-08-31,-4.4983044
1999-09-01,-4.4983044
1999-09-02,-4.588978
1999-09-03,-4.588978
1999-09-04,-4.234497
1999-09-05,-4.2333546
1999-09-06,-4.4140177
1999-09-07,-4.4149656
1999-09-08,-4.4149656
1999-09-09,-4.182164
1999-09-10,-4.390547
1999-09-11,-4.390547
1999-09-12,-4.5927744
1999-09-13,-4.6682806
1999-09-14,-4.445056
1999-09-15,-4.445056
1999-09-16,-4.3966923
1999-09-17,-4.354041
1999-09-18,-4.3539743
1999-09-19,-4.1301265
1999-09-20,-4.1151056
1999-09-21,-4.037285
1999-09-22,-3.995713
1999-09-23,-3.995753
1999-09-24,-3.995753
1999-09-25,-3.9074237
1999-09-26,-3.9172423
1999-09-27,-3.92719
1999-09-28,-3.972595
1999-09-29,-4.013918
1999-09-30,-4.013918
1999-10-01,-4.013918
1999-10-02,-4.013918
1999-10-03,-4.013918
1999-10-04,-3.972595
1999-10-05,-4.1319723
1999-10-06,-4.132065
1999-10-07,-4.132064
1999-10-08,-4.0868826
1999-10-09,-4.0622015
1999-10-10,-4.0622015
1999-10-11,-4.0622015
1999-10-12,-3.995753
1999-10-13,-3.995753
1999-10-14,-3.995753
1999-10-15,-3.995753
1999-10-16,-3.995753
1999-10-17,-3.996329
1999-10-18,-4.132065
1999-10-19,-4.180567
1999-10-20,-4.3966923
1999-10-21,-4.3966923
1999-10-22,-4.3966923
1999-10-23,-4.3966923
1999-10-24,-4.3966923
1999-10-25,-4.6234446
1999-10-26,-4.7292156
1999-10-27,-4.7234755
1999-10-28,-4.6595497
1999-10-29,-5.026142
1999-10-30,-5.026142
1999-10-31,-5.026142
1999-11-01,-5.026142
1999-11-02,-4.7292156
1999-11-03,-4.7292156
1999-11-04,-4.7871323
1999-11-05,-5.299924
1999-11-06,-5.352995
1999-11-07,1.3838584
1999-11-08,-5.321752
1999-11-09,-5.426918
1999-11-10,-5.4268436
1999-11-11,-5.426918
1999-11-12,-5.397007
1999-11-13,-5.397007
1999-11-14,-5.406087
1999-11-15,-5.250367
1999-11-16,0.14946315
1999-11-17,-5.3074903
1999-11-18,-5.026142
1999-11-19,1.7844892
1999-11-20,-5.026142
1999-11-21,-5.026142
1999-11-22,-5.026142
1999-11-23,-5.026142
1999-11-24,-5.29992
1999-11-25,-5.2999268
1999-11-26,-5.2999268
1999-11-27,-5.2999268
1999-11-28,-5.4008007
1999-11-29,-5.4112234
1999-11-30,-5.270847
1999-12-01,-5.4112253
1999-12-02,-5.4112253
1999-12-03,-5.4112253
1999-12-04,-5.422372
1999-12-05,-5.426279
1999-12-06,-5.426279
1999-12-07,-5.426918
1999-12-08,-5.426918
1999-12-09,-5.4268064
1999-12-10,-5.404752
1999-12-11,-5.404752
1999-12-12,-5.404752
1999-12-13,-5.404752
1999-12-14,-5.404752
1999-12-15,-5.404752
1999-12-16,-5.404752
1999-12-17,-5.404752
1999-12-18,-5.404752
1999-12-19,-5.404752
1999-12-20,-5.404752
1999-12-21,-5.359021
1999-12-22,-5.359021
1999-12-23,-5.213935
1999-12-24,-5.1720695
1999-12-25,-5.369157
1999-12-26,-5.426709
1999-12-27,-5.426918
1999-12-28,-5.426918
1999-12-29,-5.426918
1999-12-30,-5.426486
1999-12-31,-5.404752
2000-01-01,-5.404752
2000-01-02,-5.404752
2000-01-03,-5.404752
2000-01-04,-5.404752
2000-01-05,-5.404752
2000-01-06,-5.404752
2000-01-07,-5.404752
2000-01-08,-5.404752
2000-01-09,-5.404752
2000-01-10,-5.404752
2000-01-11,1.228561
2000-01-12,-5.404752
2000-01-13,-5.404752
2000-01-14,-5.404752
2000-01-15,-5.1905646
2000-01-16,1.4058678
2000-01-17,1.4058515
2000-01-18,1.4058728
2000-01-19,-5.3823285
2000-01-20,-5.403797
2000-01-21,-5.4047465
2000-01-22,-5.404746
2000-01-23,1.4058799
2000-01-24,1.4058788
2000-01-25,-5.395354
2000-01-26,-5.404752
2000-01-27,-5.404752
2000-01-28,-5.404752
2000-01-29,-5.2074394
2000-01-30,1.603182
2000-01-31,-5.2074313
2000-02-01,-5.2074394
2000-02-02,-5.2074394
2000-02-03,1.0176251
2000-02-04,-5.2074394
2000-02-05,-5.1788883
2000-02-06,-5.2074394
2000-02-07,-5.2074394
2000-02-08,-5.204236
2000-02-09,-3.6487036
2000-02-10,1.7020413
2000-02-11,1.7227874
2000-02-12,-0.80798995
2000-02-13,1.9780836
2000-02-14,1.9780786
2000-02-15,-4.669491
2000-02-16,1.989426
2000-02-17,-4.4299097
2000-02-18,-4.4306355
2000-02-19,-4.6894207
2000-02-20,1.4796293
2000-02-21,-4.6891556
2000-02-22,0.29748023
2000-02-23,1.6796194
2000-02-24,-5.084499
2000-02-25,-5.0070753
2000-02-26,-4.912962
2000-02-27,2.0275652
2000-02-28,-4.6746807
2000-02-29,2.1559947
2000-03-01,-4.6344995
2000-03-02,-4.4730573
2000-03-03,-4.6344986
2000-03-04,-4.597167
2000-03-05,2.253977
2000-03-06,-4.229128
2000-03-07,-4.033804
2000-03-08,2.737276
2000-03-09,-4.2692633
2000-03-10,-4.27009
2000-03-11,-4.27009
2000-03-12,-4.4047585
2000-03-13,-4.0134006
2000-03-14,-4.007902
2000-03-15,-4.007902
2000-03-16,-4.007902
2000-03-17,-4.128383
2000-03-18,-4.128383
2000-03-19,-4.128383
2000-03-20,-4.007902
2000-03-21,-4.007902
2000-03-22,-4.007902
2000-03-23,-3.7793722
2000-03-24,-3.728267
2000-03-25,-3.463599
2000-03-26,-3.463599
2000-03-27,-3.463599
2000-03-28,-3.4153144
2000-03-29,-3.3485136
2000-03-30,-3.1988628
2000-03-31,-3.1988628
2000-04-01,-3.1988628
2000-04-02,-3.1988628
2000-04-03,-3.1988628
2000-04-04,-3.277187
2000-04-05,-3.2303557
2000-04-06,-3.2303557
2000-04-07,-3.2303557
2000-04-08,-3.2303557
2000-04-09,-3.2303557
2000-04-10,-3.2303557
2000-04-11,-2.989132
2000-04-12,-2.989102
2000-04-13,-1.1844757
2000-04-14,-3.0241985
2000-04-15,-3.1383908
2000-04-16,-3.1243217
2000-04-17,3.5265458
2000-04-18,-3.2840872
2000-04-19,-3.368148
2000-04-20,-3.1002083
2000-04-21,-3.098175
2000-04-22,-3.098175
2000-04-23,-3.098175
2000-04-24,-3.098175
2000-04-25,-2.9690917
2000-04-26,-2.9572275
2000-04-27,-2.9572275
2000-04-28,-3.1322455
2000-04-29,-3.1983871
2000-04-30,-3.1980603
2000-05-01,-3.1428325
2000-05-02,-3.1428325
2000-05-03,-3.1428325
2000-05-04,-3.098188
2000-05-05,-3.098175
2000-05-06,-3.0981808
2000-05-07,3.517768
2000-05-08,-3.2831786
2000-05-09,-3.2139091
2000-05-10,-3.2139091
2000-05-11,-3.2194262
2000-05-12,-3.1696398
2000-05-13,-3.1696367
2000-05-14,-3.0862553
2000-05-15,3.6611843
2000-05-16,-3.1429362
2000-05-17,-3.2139091
2000-05-18,-3.1585586
2000-05-19,-2.9829252
2000-05-20,-2.9961288
2000-05-21,-3.0225506
2000-05-22,-3.0225034
2000-05-23,-3.0637934
2000-05-24,-2.9313817
2000-05-25,-2.9187984
2000-05-26,-2.8848834
2000-05-27,-2.9574945
2000-05-28,-3.2393332
2000-05-29,-3.2393315
2000-05-30,-3.169758
2000-05-31,-3.1746
2000-06-01,-3.2031105
2000-06-02,-3.221556
2000-06-03,-3.190712
2000-06-04,-3.190712
2000-06-05,-3.1907105
2000-06-06,-3.173536
2000-06-07,-3.1731846
2000-06-08,-3.1666722
2000-06-09,-3.3356576
2000-06-10,-3.3356314
2000-06-11,-3.4609158
2000-06-12,-3.2528687
2000-06-13,-3.2891796
2000-06-14,-3.2169816
2000-06-15,-2.9479682
2000-06-16,-2.8509538
2000-06-17,-2.7852626
2000-06-18,-2.7777498
2000-06-19,-2.7578082
2000-06-20,-2.6311479
2000-06-21,-2.5706546
2000-06-22,-2.4560702
2000-06-23,-2.2909684
2000-06-24,-2.3479471
2000-06-25,-2.6056955
2000-06-26,-3.011541
2000-06-27,-3.1002605
2000-06-28,-3.150181
2000-06-29,-3.3932717
2000-06-30,-3.7760916
2000-07-01,-3.4404037
2000-07-02,-3.4404037
2000-07-03,-3.4404037
2000-07-04,-3.0340436
2000-07-05,-3.0106127
2000-07-06,-3.0338948
2000-07-07,-3.0346582
2000-07-08,-3.2172196
2000-07-09,-3.3501656
2000-07-10,-3.5807621
2000-07-11,-3.6799974
2000-07-12,-3.491742
2000-07-13,-3.3913095
2000-07-14,-3.3913085
2000-07-15,-3.430584
2000-07-16,-3.3425078
2000-07-17,-3.3424919
2000-07-18,-3.430584
2000-07-19,-3.4305835
2000-07-20,-3.3913085
2000-07-21,-3.3922844
2000-07-22,-3.613395
2000-07-23,-3.613395
2000-07-24,-3.6122656
2000-07-25,-3.5654116
2000-07-26,-3.5646243
2000-07-27,-3.5303051
2000-07-28,-3.5077884
2000-07-29,-3.399368
2000-07-30,-3.3435216
2000-07-31,-3.3435216
2000-08-01,-3.3435216
2000-08-02,-3.3994513
2000-08-03,-3.511401
2000-08-04,-3.6031082
2000-08-05,-3.607864
2000-08-06,-3.7216897
2000-08-07,-3.5817506
2000-08-08,-3.5303051
2000-08-09,-3.5303051
2000-08-10,-3.5303051
2000-08-11,-3.5303051
2000-08-12,-3.5303051
2000-08-13,-3.5077884
2000-08-14,-3.507789
2000-08-15,-3.5642715
2000-08-16,-3.5642827
2000-08-17,-3.603124
2000-08-18,-3.603124
2000-08-19,-3.603124
2000-08-20,-3.7450335
2000-08-21,-3.7450335
2000-08-22,-3.69727
2000-08-23,-3.5654116
2000-08-24,-3.5654116
2000-08-25,-3.5654116
2000-08-26,-3.5654116
2000-08-27,-3.5654118
2000-08-28,-3.613395
2000-08-29,-3.613153
2000-08-30,-3.3844426
2000-08-31,-3.613395
2000-09-01,-3.6130538
2000-09-02,-3.5642827
2000-09-03,-3.5642827
2000-09-04,-3.5642827
2000-09-05,-3.5642827
2000-09-06,-3.613395
2000-09-07,-3.613395
2000-09-08,-3.613395
2000-09-09,-3.613395
2000-09-10,-3.6273723
2000-09-11,-3.744764
2000-09-12,-3.8317926
2000-09-13,-3.8414605
2000-09-14,-3.8414605
2000-09-15,-3.8414607
2000-09-16,-3.9667423
2000-09-17,-3.9667423
2000-09-18,-3.9666526
2000-09-19,-3.7447643
2000-09-20,-3.705483
2000-09-21,-3.5846393
2000-09-22,-3.5846393
2000-09-23,-3.5846393
2000-09-24,-3.5846393
2000-09-25,-3.5153837
2000-09-26,-3.5325863
2000-09-27,-3.5846393
2000-09-28,-3.7011187
2000-09-29,-3.7054665
2000-09-30,-3.7620416
2000-10-01,-3.6996083
2000-10-02,-3.699407
2000-10-03,-3.5776052
2000-10-04,-3.6655452
2000-10-05,-3.7368667
2000-10-06,-3.7748678
2000-10-07,-3.8461251
2000-10-08,-3.8461251
2000-10-09,-3.11859
2000-10-10,2.8340402
2000-10-11,-3.9711878
2000-10-12,-3.9712198
2000-10-13,-3.8874676
2000-10-14,-3.8874676
2000-10-15,-3.8749142
2000-10-16,-3.8326604
2000-10-17,-3.912505
2000-10-18,-3.9707448
2000-10-19,-3.9707448
2000-10-20,-4.0119433
2000-10-21,-4.0132
2000-10-22,-4.0131984
2000-10-23,-3.997626
2000-10-24,-4.376549
2000-10-25,-3.4212756
2000-10-26,2.3956432
2000-10-27,-4.4149647
2000-10-28,2.4770515
2000-10-29,-4.451286
2000-10-30,-4.5507536
2000-10-31,-4.5508823
2000-11-01,-4.5508823
2000-11-02,-4.5508823
2000-11-03,-4.5656967
2000-11-04,-4.445057
2000-11-05,-4.668275
2000-11-06,-4.5508823
2000-11-07,-4.5508823
2000-11-08,-4.5508823
2000-11-09,-4.5508823
2000-11-10,-4.5508823
2000-11-11,-4.5508823
2000-11-12,-4.366109
2000-11-13,-4.3661036
2000-11-14,-4.366109
2000-11-15,-4.3656807
2000-11-16,-4.5508823
2000-11-17,-4.5508823
2000-11-18,-4.5508823
2000-11-19,-4.6682806
2000-11-20,-4.6682806
2000-11-21,-4.6682796
2000-11-22,-4.4149656
2000-11-23,-4.4149656
2000-11-24,-4.179829
2000-11-25,-4.2042303
2000-11-26,-4.180303
2000-11-27,-4.1151056
2000-11-28,-4.1151056
2000-11-29,2.4152613
2000-11-30,-4.2475376
2000-12-01,-4.2629642
2000-12-02,-4.2629642
2000-12-03,-4.618207
2000-12-04,-4.5167418
2000-12-05,-4.508643
2000-12-06,-4.236271
2000-12-07,-4.236271
2000-12-08,-4.236271
2000-12-09,-4.236271
2000-12-10,-4.5959616
2000-12-11,-4.5943418
2000-12-12,-4.5959616
2000-12-13,-5.3590183
2000-12-14,-5.404694
2000-12-15,-5.404752
2000-12-16,-5.404752
2000-12-17,-5.404752
2000-12-18,-5.404752
2000-12-19,-5.404752
2000-12-20,-5.404752
2000-12-21,-5.4047527
2000-12-22,-5.426917
2000-12-23,-5.426918
2000-12-24,-5.404752
2000-12-25,-5.404752
2000-12-26,-5.404752
2000-12-27,-5.404752
2000-12-28,-5.404752
2000-12-29,-5.404752
2000-12-30,-5.3829794
2000-12-31,-5.40574
2001-01-01,-5.3993015
2001-01-02,-5.422353
2001-01-03,-5.422372
2001-01-04,-5.422372
2001-01-05,-5.396632
2001-01-06,-5.367833
2001-01-07,-4.5801673
2001-01-08,2.2347906
2001-01-09,-4.5754395
2001-01-10,2.2351859
2001-01-11,2.2144759
2001-01-12,-4.609216
2001-01-13,-4.5960674
2001-01-14,-4.595502
2001-01-15,-4.4557924
2001-01-16,-4.4557924
2001-01-17,-4.4293804
2001-01-18,-4.3733273
2001-01-19,-4.5754433
2001-01-20,-4.5754433
2001-01-21,-4.5754433
2001-01-22,-4.574888
2001-01-23,-3.8280928
2001-01-24,-4.298716
2001-01-25,2.5055656
2001-01-26,-4.3032928
2001-01-27,-4.303296
2001-01-28,-4.303296
2001-01-29,-4.479561
2001-01-30,-4.4189987
2001-01-31,-4.3617544
2001-02-01,-4.296445
2001-02-02,-4.296171
2001-02-03,-4.2833586
2001-02-04,-4.348919
2001-02-05,-4.4557924
2001-02-06,-4.739373
2001-02-07,-5.087633
2001-02-08,-5.087633
2001-02-09,2.0712502
2001-02-10,2.07125
2001-02-11,2.1186743
2001-02-12,-4.3460646
2001-02-13,-4.4328656
2001-02-14,-4.3399715
2001-02-15,-4.157456
2001-02-16,-4.10516
2001-02-17,-4.1631737
2001-02-18,-4.0271645
2001-02-19,2.6260219
2001-02-20,-4.231681
2001-02-21,1.5597342
2001-02-22,2.2086399
2001-02-23,2.1945713
2001-02-24,2.390042
2001-02-25,-4.2480273
2001-02-26,-4.0315332
2001-02-27,-4.0325675
2001-02-28,-3.9820588
2001-03-01,-3.9847624
2001-03-02,0.9590362
2001-03-03,-4.1282425
2001-03-04,2.802702
2001-03-05,2.9520442
2001-03-06,-3.9847624
2001-03-07,-3.9847624
2001-03-08,-3.9847624
2001-03-09,-3.7107015
2001-03-10,-3.5275
2001-03-11,-3.5244958
2001-03-12,-3.463505
2001-03-13,-3.463505
2001-03-14,-3.463505
2001-03-15,-3.395204
2001-03-16,-3.2533603
2001-03-17,-3.2533603
2001-03-18,-3.226278
2001-03-19,-3.208502
2001-03-20,-3.2533603
2001-03-21,-3.2305415
2001-03-22,-3.1229172
2001-03-23,-3.1609192
2001-03-24,-3.191789
2001-03-25,-3.1917946
2001-03-26,-3.2785263
2001-03-27,-3.2955441
2001-03-28,-3.2955441
2001-03-29,-3.2955441
2001-03-30,-3.1917946
2001-03-31,-3.1917946
2001-04-01,-3.088301
2001-04-02,-3.0388103
2001-04-03,-2.9186819
2001-04-04,-2.8556645
2001-04-05,-2.8556452
2001-04-06,3.94804
2001-04-07,-2.750781
2001-04-08,-2.7277975
2001-04-09,-2.8144772
2001-04-10,-2.8556452
2001-04-11,-2.8555825
2001-04-12,-2.8134742
2001-04-13,-2.813475
2001-04-14,-2.8134742
2001-04-15,-2.8134713
2001-04-16,-2.6477363
2001-04-17,-2.6477363
2001-04-18,-2.6477363
2001-04-19,-2.6477027
2001-04-20,4.162581
2001-04-21,-2.6477363
2001-04-22,-2.6477363
2001-04-23,-2.6477363
2001-04-24,-2.6477349
2001-04-25,-2.5692828
2001-04-26,-2.5692828
2001-04-27,-2.4795868
2001-04-28,-2.2773967
2001-04-29,-2.5692828
2001-04-30,-2.5692828
2001-05-01,-2.5693235
2001-05-02,-2.6477363
2001-05-03,-2.6477363
2001-05-04,-2.6477363
2001-05-05,-2.7700999
2001-05-06,-2.7700999
2001-05-07,-2.7210634
2001-05-08,-2.5703993
2001-05-09,-2.6953266
2001-05-10,-2.6084104
2001-05-11,-2.4776495
2001-05-12,-2.3159804
2001-05-13,-2.1818202
2001-05-14,-2.2381377
2001-05-15,-2.3179781
2001-05-16,-2.3179781
2001-05-17,-2.31798
2001-05-18,-2.3629494
2001-05-19,-2.363027
2001-05-20,-2.2369597
2001-05-21,-2.0674636
2001-05-22,-2.0674636
2001-05-23,-2.0674636
2001-05-24,-1.8839941
2001-05-25,-1.8839521
2001-05-26,-1.5869071
2001-05-27,-1.5869071
2001-05-28,-1.5869071
2001-05-29,-1.5869071
2001-05-30,-1.5869071
2001-05-31,-1.5869071
2001-06-01,-1.5869071
2001-06-02,-1.7171261
2001-06-03,-1.7171261
2001-06-04,-1.756367
2001-06-05,-1.7922478
2001-06-06,-1.7953694
2001-06-07,-1.7953694
2001-06-08,-1.7953694
2001-06-09,-1.7953694
2001-06-10,-1.7953694
2001-06-11,-1.7953694
2001-06-12,-1.7953694
2001-06-13,-1.7953563
2001-06-14,-1.6145861
2001-06-15,-1.7463658
2001-06-16,-1.7463658
2001-06-17,-1.4085546
2001-06-18,-1.2543299
2001-06-19,-1.2543261
2001-06-20,-1.2543261
2001-06-21,-1.2543261
2001-06-22,-1.2559438
2001-06-23,-1.1835232
2001-06-24,-1.2410431
2001-06-25,-1.6634831
2001-06-26,-1.6994724
2001-06-27,-1.3536494
2001-06-28,-1.6538012
2001-06-29,-1.653553
2001-06-30,-1.413425
2001-07-01,-1.4140003
2001-07-02,-2.0928662
2001-07-03,-2.1659973
2001-07-04,-2.097155
2001-07-05,-2.0785959
2001-07-06,-2.0807896
2001-07-07,-2.1777074
2001-07-08,-2.489257
2001-07-09,-2.4892602
2001-07-10,-2.4893153
2001-07-11,-2.5891993
2001-07-12,-2.5892196
2001-07-13,-2.5892196
2001-07-14,-2.5359056
2001-07-15,-2.5359056
2001-07-16,-2.489058
2001-07-17,-2.5339074
2001-07-18,-2.5339074
2001-07-19,-2.5339074
2001-07-20,-2.6532128
2001-07-21,-2.6925163
2001-07-22,-2.6925163
2001-07-23,-2.7328856
2001-07-24,-2.7828712
2001-07-25,-2.9822114
2001-07-26,-2.9822447
2001-07-27,-2.9822447
2001-07-28,-3.0801017
2001-07-29,-3.0820374
2001-07-30,-3.0820374
2001-07-31,-3.0957663
2001-08-01,-3.1071503
2001-08-02,-3.0232837
2001-08-03,-3.0265515
2001-08-04,-3.0814419
2001-08-05,-3.0814433
2001-08-06,-3.1120114
2001-08-07,-3.1120114
2001-08-08,-3.1120114
2001-08-09,-3.1120114
2001-08-10,-3.1120114
2001-08-11,-3.1888099
2001-08-12,-3.3123121
2001-08-13,-3.4906764
2001-08-14,-3.4906764
2001-08-15,-3.490673
2001-08-16,-3.6747463
2001-08-17,-3.677599
2001-08-18,-3.623893
2001-08-19,-3.4885163
2001-08-20,-3.3725145
2001-08-21,-3.3725057
2001-08-22,-3.3725057
2001-08-23,-3.4885163
2001-08-24,-3.4885163
2001-08-25,-3.4885163
2001-08-26,-3.4960916
2001-08-27,-3.5186462
2001-08-28,-3.4885166
2001-08-29,-3.5353758
2001-08-30,-3.642914
2001-08-31,-3.6429129
2001-09-01,-3.564331
2001-09-02,-3.5642827
2001-09-03,-3.5642827
2001-09-04,-3.5654616
2001-09-05,-3.5642827
2001-09-06,-3.5642827
2001-09-07,-3.5642827
2001-09-08,-3.4365635
2001-09-09,-3.4365635
2001-09-10,-3.431409
2001-09-11,-3.5474753
2001-09-12,-3.5486224
2001-09-13,-3.5068927
2001-09-14,-3.642914
2001-09-15,-3.642914
2001-09-16,-3.642914
2001-09-17,-3.642914
2001-09-18,-3.642914
2001-09-19,-3.6428058
2001-09-20,-3.4885173
2001-09-21,-3.4885163
2001-09-22,-3.4885163
2001-09-23,-3.4885163
2001-09-24,-3.488514
2001-09-25,-3.4885163
2001-09-26,-3.4885163
2001-09-27,-3.5642812
2001-09-28,-3.5077884
2001-09-29,-3.5077884
2001-09-30,-3.5642827
2001-10-01,-3.5642827
2001-10-02,-3.5642827
2001-10-03,-3.6770532
2001-10-04,-3.5936923
2001-10-05,-3.5936923
2001-10-06,-3.5936923
2001-10-07,-3.6019747
2001-10-08,-3.6769202
2001-10-09,-3.603124
2001-10-10,-3.603124
2001-10-11,-3.5303051
2001-10-12,-3.5303051
2001-10-13,-3.4420087
2001-10-14,-3.456427
2001-10-15,-3.3435218
2001-10-16,-3.3602512
2001-10-17,-3.3913085
2001-10-18,-3.4521532
2001-10-19,-3.584808
2001-10-20,-3.7450335
2001-10-21,-3.7896075
2001-10-22,-3.6613636
2001-10-23,-3.7671404
2001-10-24,-3.642914
2001-10-25,-3.642914
2001-10-26,-3.642914
2001-10-27,-3.642914
2001-10-28,-3.642914
2001-10-29,-3.5641346
2001-10-30,3.2462866
2001-10-31,-3.5642827
2001-11-01,-3.5642827
2001-11-02,-3.5642827
2001-11-03,-3.5642827
2001-11-04,-3.5642827
2001-11-05,-3.5642827
2001-11-06,-3.5642827
2001-11-07,-3.5068896
2001-11-08,-3.5486243
2001-11-09,-3.6579595
2001-11-10,-3.5206099
2001-11-11,3.3555863
2001-11-12,3.3559864
2001-11-13,-3.4546387
2001-11-14,-3.5137525
2001-11-15,-3.5599139
2001-11-16,-3.7223647
2001-11-17,-3.7530596
2001-11-18,-4.089633
2001-11-19,-4.1444254
2001-11-20,-4.144444
2001-11-21,-1.2060835
2001-11-22,-4.1443005
2001-11-23,-4.1222854
2001-11-24,2.674217
2001-11-25,-3.779961
2001-11-26,-3.5823731
2001-11-27,-3.6294487
2001-11-28,3.0375323
2001-11-29,3.1572635
2001-11-30,-3.6495833
2001-12-01,3.0014186
2001-12-02,2.8460577
2001-12-03,-4.0438485
2001-12-04,-4.25173
2001-12-05,-3.029607
2001-12-06,-4.270302
2001-12-07,-4.270302
2001-12-08,-4.270302
2001-12-09,-4.2729
2001-12-10,-4.629404
2001-12-11,-4.837159
2001-12-12,-4.8371954
2001-12-13,-4.740357
2001-12-14,2.2809434
2001-12-15,-4.52915
2001-12-16,-4.524184
2001-12-17,-2.4083493
2001-12-18,-4.3758936
2001-12-19,-4.375875
2001-12-20,2.3627815
2001-12-21,-4.4610844
2001-12-22,2.2292383
2001-12-23,-4.5691357
2001-12-24,-4.3945026
2001-12-25,-4.3945026
2001-12-26,-4.393424
2001-12-27,-4.121543
2001-12-28,2.6890478
2001-12-29,2.7539165
2001-12-30,-3.9708207
2001-12-31,-4.0438485
2002-01-01,-4.1118126
2002-01-02,2.699028
2002-01-03,-4.0734463
2002-01-04,-3.9252746
2002-01-05,-3.8065617
2002-01-06,-3.7604606
2002-01-07,-3.6119788
2002-01-08,-3.5590286
2002-01-09,-3.7255213
2002-01-10,-3.725557
2002-01-11,-3.7256694
2002-01-12,-3.7255578
2002-01-13,-3.725557
2002-01-14,-3.7255566
2002-01-15,-3.8071597
2002-01-16,-3.756182
2002-01-17,-3.5210383
2002-01-18,-3.3746264
2002-01-19,-3.3746264
2002-01-20,-3.3746264
2002-01-21,-3.3940845
2002-01-22,-3.3940845
2002-01-23,-3.394085
2002-01-24,-3.574126
2002-01-25,-3.574126
2002-01-26,3.213048
2002-01-27,-3.596585
2002-01-28,-3.5820127
2002-01-29,-3.5167801
2002-01-30,-3.5149713
2002-01-31,-3.2257464
2002-02-01,-3.1744802
2002-02-02,-3.2423565
2002-02-03,-3.3081985
2002-02-04,-3.2556477
2002-02-05,-3.2822728
2002-02-06,-3.170896
2002-02-07,2.6156242
2002-02-08,-3.0382228
2002-02-09,-3.2033398
2002-02-10,-3.0516255
2002-02-11,-3.1198993
2002-02-12,-3.1640372
2002-02-13,-3.3127012
2002-02-14,-3.133297
2002-02-15,-3.0269136
2002-02-16,-3.1543953
2002-02-17,3.489153
2002-02-18,-3.312556
2002-02-19,-2.3324168
2002-02-20,-3.2241433
2002-02-21,-3.117602
2002-02-22,-3.4318748
2002-02-23,-3.422928
2002-02-24,-3.167554
2002-02-25,-3.0084484
2002-02-26,-3.0102286
2002-02-27,-3.0738835
2002-02-28,-3.0706694
2002-03-01,-3.16804
2002-03-02,-3.1450205
2002-03-03,-3.1281586
2002-03-04,-3.16076
2002-03-05,-3.1547081
2002-03-06,3.6504738
2002-03-07,3.317034
2002-03-08,-3.120717
2002-03-09,-3.0584807
2002-03-10,3.73942
2002-03-11,-2.8004522
2002-03-12,-2.800404
2002-03-13,-2.7765913
2002-03-14,-2.6947424
2002-03-15,-2.7999916
2002-03-16,-2.8601978
2002-03-17,3.9072902
2002-03-18,-2.9023302
2002-03-19,-2.9023302
2002-03-20,-2.9023302
2002-03-21,-2.9137182
2002-03-22,2.8980174
2002-03-23,3.8448648
2002-03-24,-2.9657562
2002-03-25,-2.96576
2002-03-26,-2.7971542
2002-03-27,-2.6936655
2002-03-28,-2.6601853
2002-03-29,-2.6335907
2002-03-30,-2.5067337
2002-03-31,-2.5072746
2002-04-01,-2.3801606
2002-04-02,-2.4929006
2002-04-03,-2.0877461
2002-04-04,-1.9035497
2002-04-05,-1.7619452
2002-04-06,-1.761915
2002-04-07,-1.761199
2002-04-08,-1.650886
2002-04-09,-1.5386355
2002-04-10,-1.4262812
2002-04-11,-1.426297
2002-04-12,-1.8407748
2002-04-13,-1.8407748
2002-04-14,-1.8407748
2002-04-15,-1.8407748
2002-04-16,-1.8405616
2002-04-17,-1.8405545
2002-04-18,-1.8407748
2002-04-19,-1.8442097
2002-04-20,-1.8781219
2002-04-21,-1.8781219
2002-04-22,-1.7012191
2002-04-23,-1.7011971
2002-04-24,-1.7021372
2002-04-25,-1.8039489
2002-04-26,-1.84032
2002-04-27,-1.8407748
2002-04-28,-1.8407748
2002-04-29,-1.8407717
2002-04-30,-1.8407748
2002-05-01,-1.5869071
2002-05-02,-1.5869071
2002-05-03,-1.5869071
2002-05-04,-1.8407748
2002-05-05,-1.8407748
2002-05-06,-1.8407748
2002-05-07,-1.8407097
2002-05-08,-1.8511147
2002-05-09,-1.6608789
2002-05-10,-2.0059536
2002-05-11,-2.0343528
2002-05-12,-2.0252094
2002-05-13,-2.0958588
2002-05-14,-2.0958588
2002-05-15,-2.1069317
2002-05-16,-2.1024382
2002-05-17,-2.1552572
2002-05-18,-1.8804023
2002-05-19,-1.8801435
2002-05-20,5.4537296
2002-05-21,-1.3536723
2002-05-22,-1.3536723
2002-05-23,-1.3536723
2002-05-24,-1.2298849
2002-05-25,-1.2298789
2002-05-26,-1.2298789
2002-05-27,-1.2298789
2002-05-28,-1.2298789
2002-05-29,-1.2298789
2002-05-30,-1.2298789
2002-05-31,-1.2298789
2002-06-01,-1.3536723
2002-06-02,-1.3536723
2002-06-03,-1.3536723
2002-06-04,-1.3536723
2002-06-05,-1.3536723
2002-06-06,-1.3536723
2002-06-07,-1.3536723
2002-06-08,-1.3536723
2002-06-09,-1.3536723
2002-06-10,-1.3536723
2002-06-11,-1.3536723
2002-06-12,-1.3536723
2002-06-13,-1.3536723
2002-06-14,-1.3536723
2002-06-15,-1.3536723
2002-06-16,-1.3536723
2002-06-17,-1.3536723
2002-06-18,-1.3536723
2002-06-19,-1.3536723
2002-06-20,-1.3536723
2002-06-21,-1.3536723
2002-06-22,-1.3536723
2002-06-23,-1.3536723
2002-06-24,-1.3536723
2002-06-25,-1.3536723
2002-06-26,-1.3536723
2002-06-27,-1.443032
2002-06-28,-1.443032
2002-06-29,-1.443032
2002-06-30,-1.443032
2002-07-01,-1.7456734
2002-07-02,-2.0658348
2002-07-03,-2.065196
2002-07-04,-2.007812
2002-07-05,-2.007812
2002-07-06,-2.0110493
2002-07-07,-2.2950227
2002-07-08,-2.2950227
2002-07-09,-2.2950227
2002-07-10,-2.2950227
2002-07-11,-2.2950227
2002-07-12,-2.274017
2002-07-13,-2.2022002
2002-07-14,-2.2022002
2002-07-15,-2.2022002
2002-07-16,-2.2022002
2002-07-17,-2.053694
2002-07-18,-2.1231658
2002-07-19,-2.1707568
2002-07-20,-2.170778
2002-07-21,-2.2247407
2002-07-22,-2.2726414
2002-07-23,-2.4075937
2002-07-24,-2.4075937
2002-07-25,-2.4075937
2002-07-26,-2.5226033
2002-07-27,-2.5226033
2002-07-28,-2.5226033
2002-07-29,-2.625724
2002-07-30,-2.5436683
2002-07-31,-2.5436683
2002-08-01,-2.4924872
2002-08-02,-2.4009435
2002-08-03,-2.4015677
2002-08-04,-2.5461822
2002-08-05,-2.2163506
2002-08-06,-2.2160792
2002-08-07,-2.0577765
2002-08-08,-2.0577765
2002-08-09,-2.0577765
2002-08-10,-2.0577765
2002-08-11,-2.0577765
2002-08-12,-2.0577765
2002-08-13,-2.1730983
2002-08-14,-2.2293427
2002-08-15,-2.4114468
2002-08-16,-2.4114468
2002-08-17,-2.3112588
2002-08-18,-2.4453516
2002-08-19,-2.4453683
2002-08-20,-2.4453678
2002-08-21,-2.4454405
2002-08-22,-2.4453716
2002-08-23,-2.4453714
2002-08-24,-2.5909202
2002-08-25,-2.5339074
2002-08-26,-2.5339074
2002-08-27,-2.5339093
2002-08-28,-2.5909207
2002-08-29,-2.4839666
2002-08-30,-2.4813762
2002-08-31,-2.4813762
2002-09-01,-2.4813762
2002-09-02,-2.4114468
2002-09-03,-2.6169035
2002-09-04,-2.591943
2002-09-05,-2.5919442
2002-09-06,-2.598657
2002-09-07,-2.348981
2002-09-08,-2.4114468
2002-09-09,-2.4114468
2002-09-10,-2.4114468
2002-09-11,-2.5339074
2002-09-12,-2.5339074
2002-09-13,-2.5339074
2002-09-14,-2.5339074
2002-09-15,-2.5339074
2002-09-16,-2.5339074
2002-09-17,-2.5339074
2002-09-18,-2.5339074
2002-09-19,-2.5339074
2002-09-20,-2.5339074
2002-09-21,-2.351042
2002-09-22,-2.351042
2002-09-23,-2.351042
2002-09-24,-2.351042
2002-09-25,-2.351042
2002-09-26,-2.2292778
2002-09-27,-2.2292778
2002-09-28,-2.2292776
2002-09-29,-2.2292778
2002-09-30,-2.2292778
2002-10-01,-2.2292771
2002-10-02,-2.3510406
2002-10-03,-2.351042
2002-10-04,-2.351042
2002-10-05,-2.5339074
2002-10-06,-2.5339074
2002-10-07,-2.5339074
2002-10-08,-2.5339074
2002-10-09,-2.5339074
2002-10-10,-2.4114468
2002-10-11,-2.4114468
2002-10-12,-2.4114468
2002-10-13,-2.4112222
2002-10-14,-2.2292778
2002-10-15,-2.2292778
2002-10-16,-2.2292778
2002-10-17,-2.2292778
2002-10-18,-2.2292778
2002-10-19,-2.2292778
2002-10-20,-2.2292778
2002-10-21,-2.103258
2002-10-22,-2.103258
2002-10-23,-2.103258
2002-10-24,-2.103258
2002-10-25,-2.103237
2002-10-26,-2.0339372
2002-10-27,-2.0339372
2002-10-28,-2.0339372
2002-10-29,-2.0339372
2002-10-30,-2.0339372
2002-10-31,-1.9941585
2002-11-01,-1.9048743
2002-11-02,-1.8544652
2002-11-03,-1.8544652
2002-11-04,-1.8544652
2002-11-05,-1.8910124
2002-11-06,-1.8910124
2002-11-07,4.795953
2002-11-08,4.78165
2002-11-09,-2.0079653
2002-11-10,-2.0255485
2002-11-11,-1.8910124
2002-11-12,-1.8910124
2002-11-13,-1.8544652
2002-11-14,-1.8544652
2002-11-15,-1.8544652
2002-11-16,-1.8910143
2002-11-17,-2.02886
2002-11-18,-2.02886
2002-11-19,-2.02886
2002-11-20,-2.0287576
2002-11-21,-1.8910124
2002-11-22,-1.8910124
2002-11-23,-1.8544652
2002-11-24,-1.7571785
2002-11-25,-1.7571785
2002-11-26,-1.8544652
2002-11-27,-1.8544683
2002-11-28,-1.8937762
2002-11-29,-1.9393151
2002-11-30,-1.9381285
2002-12-01,-1.9381285
2002-12-02,-1.9360836
2002-12-03,-1.9402845
2002-12-04,-1.8249311
2002-12-05,-1.7604098
2002-12-06,-1.7571478
2002-12-07,-1.7435522
2002-12-08,-1.7435522
2002-12-09,-1.7423993
2002-12-10,-1.7229323
2002-12-11,-1.7229323
2002-12-12,-1.8804615
2002-12-13,4.9008827
2002-12-14,4.9276667
2002-12-15,2.230586
2002-12-16,4.9301367
2002-12-17,4.9187703
2002-12-18,-1.8804755
2002-12-19,4.9301214
2002-12-20,4.876582
2002-12-21,-1.7353361
2002-12-22,-1.8563528
2002-12-23,-1.8804755
2002-12-24,-1.8804755
2002-12-25,-1.8789874
2002-12-26,-1.8714087
2002-12-27,-1.9587572
2002-12-28,4.656586
2002-12-29,-2.3872716
2002-12-30,4.0284786
2002-12-31,4.2070417
2003-01-01,-2.2098799
2003-01-02,-2.3865871
2003-01-03,-2.4119465
2003-01-04,-2.4119465
2003-01-05,-2.4167778
2003-01-06,-2.6420996
2003-01-07,-2.6812718
2003-01-08,-2.7233264
2003-01-09,-2.6539927
2003-01-10,4.1781006
2003-01-11,-2.5416968
2003-01-12,-2.4871223
2003-01-13,-2.356793
2003-01-14,-2.4145381
2003-01-15,-2.4151945
2003-01-16,-2.4453428
2003-01-17,-2.417962
2003-01-18,-2.4453428
2003-01-19,-2.4278066
2003-01-20,-2.6313405
2003-01-21,-2.6735713
2003-01-22,-2.6595936
2003-01-23,-2.6735878
2003-01-24,-2.9114628
2003-01-25,-2.635405
2003-01-26,-2.6354132
2003-01-27,-2.7462575
2003-01-28,-2.7773712
2003-01-29,-2.6650808
2003-01-30,-2.7608202
2003-01-31,-2.835975
2003-02-01,-3.0112634
2003-02-02,-3.1276093
2003-02-03,-2.9839177
2003-02-04,-2.9839177
2003-02-05,-2.972286
2003-02-06,-2.9861548
2003-02-07,-2.9722881
2003-02-08,-2.8639495
2003-02-09,-2.6682405
2003-02-10,-2.7977803
2003-02-11,-2.7988834
2003-02-12,4.011747
2003-02-13,4.0275474
2003-02-14,-2.7845051
2003-02-15,-2.2536001
2003-02-16,3.6847956
2003-02-17,-2.9456966
2003-02-18,-2.945695
2003-02-19,-2.9287047
2003-02-20,-2.8734143
2003-02-21,-3.146187
2003-02-22,-3.146187
2003-02-23,-3.1386983
2003-02-24,3.7625525
2003-02-25,-2.7610714
2003-02-26,-2.7483194
2003-02-27,-2.7483194
2003-02-28,-2.7483194
2003-03-01,-2.7483194
2003-03-02,-2.7483194
2003-03-03,-2.7483194
2003-03-04,-2.7483194
2003-03-05,-2.7483194
2003-03-06,-2.7483194
2003-03-07,-2.5566788
2003-03-08,-2.2283163
2003-03-09,-1.6876628
2003-03-10,-1.5646048
2003-03-11,-1.5646048
2003-03-12,-1.5646048
2003-03-13,-1.43575
2003-03-14,4.4699206
2003-03-15,5.4469323
2003-03-16,-1.3372569
2003-03-17,-1.6289744
2003-03-18,-2.0829282
2003-03-19,-2.0829282
2003-03-20,-2.2446783
2003-03-21,-2.2628849
2003-03-22,-2.5574737
2003-03-23,-2.5389416
2003-03-24,-2.5394063
2003-03-25,-2.5394063
2003-03-26,-2.5394063
2003-03-27,-2.2579422
2003-03-28,-2.3078713
2003-03-29,-2.3091877
2003-03-30,-2.29629
2003-03-31,-2.2399056
2003-04-01,-2.2391927
2003-04-02,-1.3732448
2003-04-03,-2.5396807
2003-04-04,4.261385
2003-04-05,-2.6260226
2003-04-06,-2.6260228
2003-04-07,-2.6260228
2003-04-08,-2.6260223
2003-04-09,-2.5396807
2003-04-10,-2.6089973
2003-04-11,-2.609223
2003-04-12,4.2010927
2003-04-13,4.418316
2003-04-14,-2.609223
2003-04-15,-2.6077976
2003-04-16,-2.435653
2003-04-17,-2.437257
2003-04-18,-2.440001
2003-04-19,-2.3425183
2003-04-20,-2.3425257
2003-04-21,-1.7039319
2003-04-22,-2.3425257
2003-04-23,-2.2369597
2003-04-24,-1.3776194
2003-04-25,-1.3713485
2003-04-26,-2.2369597
2003-04-27,-2.2368765
2003-04-28,4.573522
2003-04-29,-2.3443575
2003-04-30,-2.5531368
2003-05-01,-2.5590205
2003-05-02,4.3273296
2003-05-03,4.3273344
2003-05-04,-2.483296
2003-05-05,-2.6849766
2003-05-06,-2.6849766
2003-05-07,-2.7176902
2003-05-08,-2.6534114
2003-05-09,-2.646339
2003-05-10,-2.417136
2003-05-11,-2.2124395
2003-05-12,-2.8519464
2003-05-13,-2.9569902
2003-05-14,-3.1122062
2003-05-15,-2.938671
2003-05-16,-2.9214287
2003-05-17,-2.9264035
2003-05-18,-2.9153864
2003-05-19,-2.8475385
2003-05-20,-2.8928683
2003-05-21,-2.8929276
2003-05-22,-2.8929121
2003-05-23,-2.892868
2003-05-24,-2.892868
2003-05-25,-2.892868
2003-05-26,-2.892868
2003-05-27,-2.892868
2003-05-28,-2.892868
2003-05-29,-2.7744493
2003-05-30,-2.843255
2003-05-31,-2.9349477
2003-06-01,-2.8362064
2003-06-02,-2.9968889
2003-06-03,-2.64168
2003-06-04,-2.5715475
2003-06-05,-2.6557317
2003-06-06,-2.6568274
2003-06-07,-2.6276772
2003-06-08,-2.5590856
2003-06-09,-2.5266168
2003-06-10,-2.5590174
2003-06-11,-2.5591
2003-06-12,-2.5591
2003-06-13,-2.450944
2003-06-14,-2.4423716
2003-06-15,-2.4423716
2003-06-16,-2.3662565
2003-06-17,-2.3662565
2003-06-18,-2.3662565
2003-06-19,-2.3662565
2003-06-20,-2.429725
2003-06-21,-2.366292
2003-06-22,-2.3662562
2003-06-23,-2.268883
2003-06-24,-2.3118968
2003-06-25,-2.7519202
2003-06-26,-2.8017642
2003-06-27,-2.8250773
2003-06-28,-2.7691274
2003-06-29,-2.7407856
2003-06-30,-2.4075937
2003-07-01,-2.1733077
2003-07-02,-2.037295
2003-07-03,-1.8175333
2003-07-04,-1.8175333
2003-07-05,-1.8921707
2003-07-06,-2.4709578
2003-07-07,-2.4709578
2003-07-08,-2.4709523
2003-07-09,-2.4186609
2003-07-10,-2.4186609
2003-07-11,-2.4186609
2003-07-12,-2.4679658
2003-07-13,-2.5096915
2003-07-14,-2.6457143
2003-07-15,-2.6736104
2003-07-16,-2.7121687
2003-07-17,-2.7346497
2003-07-18,-2.7346497
2003-07-19,-2.729216
2003-07-20,-2.7377703
2003-07-21,-2.8155596
2003-07-22,-2.8155673
2003-07-23,-2.8017883
2003-07-24,-2.7964225
2003-07-25,-2.8094416
2003-07-26,-2.8336554
2003-07-27,-2.859437
2003-07-28,-2.8336554
2003-07-29,-2.9695978
2003-07-30,-2.9511862
2003-07-31,-3.27264
2003-08-01,-3.4089386
2003-08-02,-3.4376805
2003-08-03,-3.4455912
2003-08-04,-3.4547298
2003-08-05,-3.6025922
2003-08-06,-3.602509
2003-08-07,-3.50831
2003-08-08,-3.5014489
2003-08-09,-3.2954922
2003-08-10,-3.3694985
2003-08-11,-3.3695052
2003-08-12,-3.433772
2003-08-13,-3.458847
2003-08-14,-3.4669518
2003-08-15,-3.4669518
2003-08-16,-3.4669518
2003-08-17,-3.466952
2003-08-18,-3.4997094
2003-08-19,-3.4997485
2003-08-20,-3.5818124
2003-08-21,-3.6107428
2003-08-22,-3.5473368
2003-08-23,-3.6848078
2003-08-24,-3.714018
2003-08-25,-3.6920025
2003-08-26,-3.6060936
2003-08-27,-3.4964187
2003-08-28,-3.4964263
2003-08-29,-3.4964263
2003-08-30,-3.4467342
2003-08-31,-3.3466616
2003-09-01,-3.3466618
2003-09-02,-3.2617228
2003-09-03,-3.2353413
2003-09-04,-3.1777658
2003-09-05,-3.1777658
2003-09-06,-3.1880388
2003-09-07,-3.266832
2003-09-08,-3.266832
2003-09-09,-3.424379
2003-09-10,-3.5642827
2003-09-11,-3.5642827
2003-09-12,-3.3444204
2003-09-13,-3.3444204
2003-09-14,-3.3444204
2003-09-15,-3.4323692
2003-09-16,-3.4323692
2003-09-17,-3.5114868
2003-09-18,-3.441147
2003-09-19,-3.371228
2003-09-20,-3.2548215
2003-09-21,-3.2379587
2003-09-22,-3.2379587
2003-09-23,-3.2332237
2003-09-24,-3.3683994
2003-09-25,-3.3416345
2003-09-26,-3.2697475
2003-09-27,-3.2639558
2003-09-28,-3.198076
2003-09-29,-3.24541
2003-09-30,-3.1283097
2003-10-01,-3.0531325
2003-10-02,-3.012827
2003-10-03,-3.1134038
2003-10-04,-3.1134243
2003-10-05,-3.1134233
2003-10-06,-3.153774
2003-10-07,-3.1328182
2003-10-08,-3.084198
2003-10-09,-2.9952977
2003-10-10,-2.9928942
2003-10-11,-2.9952977
2003-10-12,-2.892319
2003-10-13,-3.0609765
2003-10-14,-3.1518328
2003-10-15,-3.1518116
2003-10-16,-3.2379587
2003-10-17,-3.331843
2003-10-18,-3.331843
2003-10-19,-3.331843
2003-10-20,-3.191422
2003-10-21,-3.1804278
2003-10-22,-3.3362372
2003-10-23,-3.405859
2003-10-24,-3.4059026
2003-10-25,-3.2811306
2003-10-26,-3.1518722
2003-10-27,-3.1518686
2003-10-28,-3.139874
2003-10-29,-3.191711
2003-10-30,-3.1916947
2003-10-31,0.5619554
2003-11-01,-3.1994815
2003-11-02,-3.329555
2003-11-03,-3.2379513
2003-11-04,-3.295854
2003-11-05,-3.3443644
2003-11-06,-3.3482206
2003-11-07,-0.0949467
2003-11-08,3.5892656
2003-11-09,3.6080196
2003-11-10,-3.3553019
2003-11-11,-3.4865408
2003-11-12,-3.509817
2003-11-13,-3.6025922
2003-11-14,-3.6655467
2003-11-15,-3.683167
2003-11-16,-3.45144
2003-11-17,-3.1412292
2003-11-18,-2.8754327
2003-11-19,-2.705106
2003-11-20,-2.6646364
2003-11-21,-2.9066892
2003-11-22,-3.2031896
2003-11-23,-3.109965
2003-11-24,-2.9082246
2003-11-25,-2.9282858
2003-11-26,-2.9214046
2003-11-27,-2.572502
2003-11-28,-2.675639
2003-11-29,-2.7313566
2003-11-30,-2.7289639
2003-12-01,-2.739524
2003-12-02,-3.232336
2003-12-03,-3.2327306
2003-12-04,-3.2869253
2003-12-05,3.6125004
2003-12-06,3.5186846
2003-12-07,-3.2438364
2003-12-08,-3.2549102
2003-12-09,-2.3540547
2003-12-10,3.5915263
2003-12-11,-3.2080827
2003-12-12,-3.202549
2003-12-13,-3.283425
2003-12-14,3.4391894
2003-12-15,-3.5679922
2003-12-16,-3.5043843
2003-12-17,-3.5043843
2003-12-18,-3.5305004
2003-12-19,-3.5992699
2003-12-20,1.0405693
2003-12-21,-3.2952604
2003-12-22,-3.3707364
2003-12-23,2.824353
2003-12-24,3.1881492
2003-12-25,0.46460557
2003-12-26,-4.4486065
2003-12-27,-4.1326785
2003-12-28,-4.262494
2003-12-29,2.831811
2003-12-30,-4.0072317
2003-12-31,-4.0073147
2004-01-01,2.8033082
2004-01-02,-4.3434796
2004-01-03,-5.087633
2004-01-04,-5.1447525
2004-01-05,-5.3412085
2004-01-06,-5.382979
2004-01-07,-5.157553
2004-01-08,-5.2879925
2004-01-09,-4.467039
2004-01-10,-4.426674
2004-01-11,-4.177178
2004-01-12,-4.0003433
2004-01-13,-3.614869
2004-01-14,-3.6066198
2004-01-15,-3.682733
2004-01-16,-3.4831376
2004-01-17,-3.416627
2004-01-18,-3.4618738
2004-01-19,-3.5730646
2004-01-20,-3.55329
2004-01-21,-3.6032288
2004-01-22,-3.7810283
2004-01-23,-3.8289425
2004-01-24,-3.8704646
2004-01-25,-3.8345194
2004-01-26,-3.63143
2004-01-27,3.2682645
2004-01-28,-3.415623
2004-01-29,-3.3934999
2004-01-30,-3.4207327
2004-01-31,-3.4838784
2004-02-01,-3.6103404
2004-02-02,3.0415626
2004-02-03,-3.8224492
2004-02-04,-3.7666352
2004-02-05,-3.8995187
2004-02-06,-3.3040736
2004-02-07,-3.3664527
2004-02-08,-3.6921837
2004-02-09,-3.8876956
2004-02-10,-3.9115636
2004-02-11,-3.8417652
2004-02-12,-3.8081954
2004-02-13,-3.6900537
2004-02-14,-3.6764243
2004-02-15,-3.5683079
2004-02-16,3.1930647
2004-02-17,-3.0683095
2004-02-18,3.058078
2004-02-19,-3.752548
2004-02-20,-3.751051
2004-02-21,-3.7362914
2004-02-22,3.0501356
2004-02-23,-3.7607443
2004-02-24,-3.760731
2004-02-25,3.0356452
2004-02-26,3.0355823
2004-02-27,-3.5215726
2004-02-28,-3.5215466
2004-02-29,-3.5215466
2004-03-01,3.4187312
2004-03-02,-3.3918512
2004-03-03,-3.3254147
2004-03-04,-3.317967
2004-03-05,-3.370571
2004-03-06,-3.1487045
2004-03-07,-3.1830485
2004-03-08,-3.3836565
2004-03-09,-3.3836565
2004-03-10,-3.2747934
2004-03-11,-3.2154276
2004-03-12,-3.1085997
2004-03-13,-3.043377
2004-03-14,-3.0095377
2004-03-15,-3.0321681
2004-03-16,-3.0759585
2004-03-17,-2.9624856
2004-03-18,-3.077936
2004-03-19,-3.0735986
2004-03-20,-3.1085613
2004-03-21,-3.092848
2004-03-22,-3.0928473
2004-03-23,-3.0928473
2004-03-24,-3.1770563
2004-03-25,3.6263165
2004-03-26,-3.1770563
2004-03-27,-3.1770563
2004-03-28,-2.9496977
2004-03-29,-2.950345
2004-03-30,-2.8699913
2004-03-31,-2.8699913
2004-04-01,-2.86999
2004-04-02,-2.8491569
2004-04-03,-2.8699913
2004-04-04,-2.8134742
2004-04-05,-2.8556452
2004-04-06,-2.8556452
2004-04-07,-2.7435777
2004-04-08,-2.7435777
2004-04-09,-2.6477597
2004-04-10,-2.6477363
2004-04-11,-2.6437342
2004-04-12,-2.3276143
2004-04-13,-2.3276143
2004-04-14,-2.257991
2004-04-15,-2.3587465
2004-04-16,-2.4476867
2004-04-17,-2.4494445
2004-04-18,-2.4494445
2004-04-19,-2.3279366
2004-04-20,-2.3276143
2004-04-21,-2.3276143
2004-04-22,-2.2097147
2004-04-23,-2.1991494
2004-04-24,-2.2685263
2004-04-25,-2.2529678
2004-04-26,-2.2177422
2004-04-27,-2.169194
2004-04-28,-2.0818648
2004-04-29,-2.0674636
2004-04-30,-2.0674636
2004-05-01,-2.0674636
2004-05-02,-2.1227052
2004-05-03,-2.1598873
2004-05-04,-2.1024451
2004-05-05,-2.1024451
2004-05-06,-2.0842142
2004-05-07,-2.0842156
2004-05-08,-2.161049
2004-05-09,-2.159256
2004-05-10,-2.0842154
2004-05-11,-2.1024451
2004-05-12,-1.9128263
2004-05-13,-1.9128263
2004-05-14,-1.9128263
2004-05-15,-1.9128263
2004-05-16,-1.9128263
2004-05-17,-1.9128232
2004-05-18,-1.6859002
2004-05-19,-1.58899
2004-05-20,-1.8839903
2004-05-21,-1.8839941
2004-05-22,-1.8839941
2004-05-23,-1.8839941
2004-05-24,-1.8053939
2004-05-25,-1.6294286
2004-05-26,-1.392161
2004-05-27,-1.2530019
2004-05-28,-1.0090127
2004-05-29,-1.2483616
2004-05-30,-1.2126434
2004-05-31,-1.2448347
2004-06-01,-1.2448347
2004-06-02,-1.2448347
2004-06-03,-1.3689113
2004-06-04,-1.2076619
2004-06-05,-1.2961986
2004-06-06,-1.5382535
2004-06-07,-1.5382535
2004-06-08,-1.7248805
2004-06-09,-1.7248805
2004-06-10,-1.7248805
2004-06-11,-1.7248805
2004-06-12,-1.8804023
2004-06-13,-2.1552572
2004-06-14,-2.1552572
2004-06-15,-2.1552572
2004-06-16,-2.1024382
2004-06-17,-2.3502371
2004-06-18,-2.3502371
2004-06-19,-2.3502371
2004-06-20,-2.295023
2004-06-21,-2.3635738
2004-06-22,-2.4386435
2004-06-23,-2.4386435
2004-06-24,-2.4358222
2004-06-25,-2.4523761
2004-06-26,-2.518389
2004-06-27,-2.563945
2004-06-28,-2.9682782
2004-06-29,-3.0713286
2004-06-30,-3.0713286
2004-07-01,-3.0713286
2004-07-02,-2.836431
2004-07-03,-2.6142716
2004-07-04,-2.6142716
2004-07-05,-2.6142716
2004-07-06,-2.456736
2004-07-07,-2.456736
2004-07-08,-2.5907428
2004-07-09,-2.6142716
2004-07-10,-2.7221587
2004-07-11,-2.722144
2004-07-12,-2.6769583
2004-07-13,-2.6769583
2004-07-14,-2.6769583
2004-07-15,-2.6122322
2004-07-16,-2.4948957
2004-07-17,-2.4075923
2004-07-18,-2.496675
2004-07-19,-2.5359056
2004-07-20,-2.5359056
2004-07-21,-2.5359056
2004-07-22,-2.5359056
2004-07-23,-2.5359056
2004-07-24,-2.5359056
2004-07-25,-2.5966601
2004-07-26,-2.232637
2004-07-27,-2.1665447
2004-07-28,-2.1827579
2004-07-29,-2.1827579
2004-07-30,-2.3015456
2004-07-31,-2.2287757
2004-08-01,-2.362062
2004-08-02,-2.4715016
2004-08-03,-2.595995
2004-08-04,-2.636372
2004-08-05,-2.6363723
2004-08-06,-2.6363723
2004-08-07,-2.6363723
2004-08-08,-2.5520132
2004-08-09,-2.4446466
2004-08-10,-2.444646
2004-08-11,-2.4212124
2004-08-12,-2.6923
2004-08-13,-2.6925163
2004-08-14,-2.6925163
2004-08-15,-2.7327347
2004-08-16,-2.970087
2004-08-17,-2.9822524
2004-08-18,-3.0611546
2004-08-19,-2.854883
2004-08-20,-2.8542213
2004-08-21,-2.6063104
2004-08-22,-2.6004224
2004-08-23,-2.529555
2004-08-24,-2.6134188
2004-08-25,-2.6733148
2004-08-26,-2.8356671
2004-08-27,-2.8357613
2004-08-28,-2.8357613
2004-08-29,-2.7784941
2004-08-30,-2.7763534
2004-08-31,-2.7763534
2004-09-01,-2.7763534
2004-09-02,-2.7763534
2004-09-03,-2.7763534
2004-09-04,-2.7763534
2004-09-05,-2.6684089
2004-09-06,-2.6684089
2004-09-07,-2.781726
2004-09-08,-2.7829692
2004-09-09,-2.7829692
2004-09-10,-2.7829692
2004-09-11,-2.7839468
2004-09-12,-2.7843318
2004-09-13,-2.631471
2004-09-14,-2.6732447
2004-09-15,-2.673245
2004-09-16,-2.6732504
2004-09-17,-2.673245
2004-09-18,-2.673245
2004-09-19,-2.673245
2004-09-20,-2.6733496
2004-09-21,-2.769643
2004-09-22,-2.9413774
2004-09-23,-3.0839937
2004-09-24,-3.1090121
2004-09-25,-3.141355
2004-09-26,-3.1416664
2004-09-27,-3.1416664
2004-09-28,-3.1416664
2004-09-29,-3.099675
2004-09-30,-3.099675
2004-10-01,-2.7685478
2004-10-02,-2.7685473
2004-10-03,-2.7685473
2004-10-04,-2.7685473
2004-10-05,-2.7685473
2004-10-06,-2.7685473
2004-10-07,-2.7685463
2004-10-08,-2.7569156
2004-10-09,-2.7568974
2004-10-10,-2.7568974
2004-10-11,-2.9973736
2004-10-12,-3.0333858
2004-10-13,-3.0333858
2004-10-14,-3.033408
2004-10-15,-3.0955808
2004-10-16,-3.0931745
2004-10-17,3.610116
2004-10-18,-2.7885504
2004-10-19,4.0851374
2004-10-20,4.082936
2004-10-21,-2.7015421
2004-10-22,-2.6227856
2004-10-23,-2.581393
2004-10-24,-2.6631186
2004-10-25,-2.663563
2004-10-26,3.95714
2004-10-27,-2.8357613
2004-10-28,-3.0142062
2004-10-29,-2.9859612
2004-10-30,-2.9859612
2004-10-31,-2.9859612
2004-11-01,-2.9859612
2004-11-02,-2.851761
2004-11-03,3.933787
2004-11-04,-2.7063475
2004-11-05,-2.7485745
2004-11-06,-2.8002214
2004-11-07,-2.8043466
2004-11-08,-2.7367096
2004-11-09,-2.7375438
2004-11-10,-2.7366483
2004-11-11,4.060614
2004-11-12,-2.9846928
2004-11-13,-2.9828413
2004-11-14,-2.8899953
2004-11-15,-2.737569
2004-11-16,-2.7375543
2004-11-17,-2.7392075
2004-11-18,-2.7392075
2004-11-19,-2.7392075
2004-11-20,-2.9601188
2004-11-21,-2.9367495
2004-11-22,-2.8717718
2004-11-23,-2.6928616
2004-11-24,-2.6928532
2004-11-25,-2.6928532
2004-11-26,-2.8571913
2004-11-27,3.863594
2004-11-28,-2.9367495
2004-11-29,-3.116684
2004-11-30,-3.116684
2004-12-01,-3.0103724
2004-12-02,-3.0103724
2004-12-03,-3.0103724
2004-12-04,-2.7024531
2004-12-05,-2.6417525
2004-12-06,-2.6361718
2004-12-07,4.1688776
2004-12-08,4.043393
2004-12-09,-2.7650256
2004-12-10,-2.9846866
2004-12-11,-2.984693
2004-12-12,-2.8357613
2004-12-13,-2.8357613
2004-12-14,-2.836098
2004-12-15,-2.9758554
2004-12-16,-2.9098704
2004-12-17,-3.2215443
2004-12-18,-3.236514
2004-12-19,-3.236514
2004-12-20,-3.250544
2004-12-21,-3.250544
2004-12-22,-3.250544
2004-12-23,-3.113188
2004-12-24,-3.0605397
2004-12-25,-3.129828
2004-12-26,-2.8851252
2004-12-27,-2.8507967
2004-12-28,3.9089506
2004-12-29,3.903046
2004-12-30,3.9083905
2004-12-31,3.5664537
2005-01-01,-3.0902202
2005-01-02,-3.0238445
2005-01-03,3.5847442
2005-01-04,-3.3434038
2005-01-05,-3.3434064
2005-01-06,-3.5295682
2005-01-07,3.291445
2005-01-08,2.706144
2005-01-09,-3.5085258
2005-01-10,3.299333
2005-01-11,3.3223577
2005-01-12,-3.5139852
2005-01-13,-3.3487582
2005-01-14,-3.2746077
2005-01-15,-3.3171268
2005-01-16,-3.2794855
2005-01-17,-3.3079062
2005-01-18,-3.308297
2005-01-19,-3.308297
2005-01-20,-3.308297
2005-01-21,-3.308297
2005-01-22,-3.3082957
2005-01-23,-3.2862146
2005-01-24,-3.3059955
2005-01-25,-2.5821543
2005-01-26,3.4323409
2005-01-27,-3.4626145
2005-01-28,3.3479245
2005-01-29,-3.4999309
2005-01-30,-3.4999309
2005-01-31,-3.5050385
2005-02-01,-3.4999309
2005-02-02,-3.4589338
2005-02-03,-3.4589338
2005-02-04,-3.461385
2005-02-05,-3.461385
2005-02-06,-3.461385
2005-02-07,-3.461385
2005-02-08,-3.412195
2005-02-09,-3.4589338
2005-02-10,-3.458934
2005-02-11,-3.4999309
2005-02-12,-3.4999309
2005-02-13,-3.4998322
2005-02-14,-3.414648
2005-02-15,3.508264
2005-02-16,-3.1845143
2005-02-17,-3.843451
2005-02-18,3.222872
2005-02-19,-3.1263285
2005-02-20,-3.4198816
2005-02-21,3.2017236
2005-02-22,-3.19086
2005-02-23,-3.3155077
2005-02-24,-3.4079092
2005-02-25,-3.4079094
2005-02-26,-3.4394958
2005-02-27,1.114845
2005-02-28,-3.406768
2005-03-01,-3.2830157
2005-03-02,-3.2851918
2005-03-03,-3.073181
2005-03-04,3.877371
2005-03-05,-3.0160885
2005-03-06,-2.8877113
2005-03-07,-2.4843433
2005-03-08,-2.4843357
2005-03-09,-2.6216388
2005-03-10,-2.6216388
2005-03-11,-2.710187
2005-03-12,-2.7412097
2005-03-13,-2.5888424
2005-03-14,-2.6314466
2005-03-15,-2.5714436
2005-03-16,-2.5714436
2005-03-17,-2.6222503
2005-03-18,-2.1768053
2005-03-19,4.633713
2005-03-20,4.6336584
2005-03-21,1.520285
2005-03-22,5.191012
2005-03-23,-1.2981884
2005-03-24,-1.4262812
2005-03-25,-1.9780493
2005-03-26,-2.1089027
2005-03-27,4.5848885
2005-03-28,-2.1456375
2005-03-29,-2.1456394
2005-03-30,-2.1456394
2005-03-31,-2.0679593
2005-04-01,-1.5386355
2005-04-02,-1.5351985
2005-04-03,5.3379774
2005-04-04,-1.426283
2005-04-05,-1.4262823
2005-04-06,-1.5386152
2005-04-07,5.268767
2005-04-08,5.271917
2005-04-09,-1.6289744
2005-04-10,-2.019525
2005-04-11,-1.9752872
2005-04-12,-2.06198
2005-04-13,-2.0620167
2005-04-14,-1.9752889
2005-04-15,-1.8756678
2005-04-16,-1.9081349
2005-04-17,-1.5386355
2005-04-18,-1.5386355
2005-04-19,-1.5386355
2005-04-20,-1.3636811
2005-04-21,-1.3636811
2005-04-22,-1.3636811
2005-04-23,-1.3636811
2005-04-24,-1.3636811
2005-04-25,-1.2543261
2005-04-26,-1.2543261
2005-04-27,5.0045314
2005-04-28,5.2173834
2005-04-29,-1.5881283
2005-04-30,-1.5869071
2005-05-01,-1.5869071
2005-05-02,-1.5869107
2005-05-03,-2.0672805
2005-05-04,-2.0652783
2005-05-05,-1.604103
2005-05-06,-2.0618737
2005-05-07,-1.8816962
2005-05-08,4.920892
2005-05-09,4.7008777
2005-05-10,-1.8407748
2005-05-11,-1.5880961
2005-05-12,-1.8839941
2005-05-13,-1.8839941
2005-05-14,-1.8839941
2005-05-15,-1.8839941
2005-05-16,-1.8839681
2005-05-17,-2.0674636
2005-05-18,-2.0664752
2005-05-19,-2.0674636
2005-05-20,-2.0674636
2005-05-21,-2.0674636
2005-05-22,-2.067459
2005-05-23,-1.8839996
2005-05-24,-1.8840466
2005-05-25,-1.8839946
2005-05-26,-1.8853703
2005-05-27,-1.9128263
2005-05-28,-1.9128263
2005-05-29,-1.9635015
2005-05-30,-1.9635015
2005-05-31,-2.1460226
2005-06-01,-2.1534755
2005-06-02,-2.1534755
2005-06-03,-2.1534755
2005-06-04,-2.1534755
2005-06-05,-2.1534755
2005-06-06,-2.1534755
2005-06-07,-2.1534755
2005-06-08,-2.1519184
2005-06-09,-1.7953694
2005-06-10,-1.7953694
2005-06-11,-1.7953694
2005-06-12,-1.7953694
2005-06-13,-2.153475
2005-06-14,-1.8776007
2005-06-15,-1.870444
2005-06-16,-2.3308213
2005-06-17,-2.2950227
2005-06-18,-2.2950227
2005-06-19,-2.2950227
2005-06-20,-2.0960531
2005-06-21,-1.7549355
2005-06-22,-1.5382535
2005-06-23,-1.2625
2005-06-24,-2.041865
2005-06-25,-2.0418627
2005-06-26,-2.2107866
2005-06-27,-1.4414259
2005-06-28,-1.4896204
2005-06-29,-1.7790818
2005-06-30,-2.2290409
2005-07-01,-2.2756245
2005-07-02,-2.3595295
2005-07-03,-2.686572
2005-07-04,-2.4625947
2005-07-05,-2.3502798
2005-07-06,-2.3502371
2005-07-07,-2.3502371
2005-07-08,-2.3502371
2005-07-09,-2.3502371
2005-07-10,-2.3502371
2005-07-11,-2.3501372
2005-07-12,-2.2950227
2005-07-13,-2.693109
2005-07-14,-2.7317057
2005-07-15,-2.7170887
2005-07-16,-2.7170887
2005-07-17,-2.7170923
2005-07-18,-2.7253814
2005-07-19,-2.7253811
2005-07-20,-2.7253811
2005-07-21,-2.823511
2005-07-22,-2.8989058
2005-07-23,-3.0106163
2005-07-24,-3.276472
2005-07-25,-3.3078885
2005-07-26,-3.3748448
2005-07-27,-3.3922641
2005-07-28,-3.4487278
2005-07-29,-3.4109364
2005-07-30,-3.4110637
2005-07-31,-3.3082895
2005-08-01,-3.3082895
2005-08-02,-3.3157547
2005-08-03,-3.609296
2005-08-04,-3.725889
2005-08-05,-3.791535
2005-08-06,-3.7915337
2005-08-07,-3.721945
2005-08-08,-3.6191778
2005-08-09,-3.6184945
2005-08-10,-3.4501712
2005-08-11,-3.4501612
2005-08-12,-3.3823566
2005-08-13,-3.4499512
2005-08-14,-3.6086404
2005-08-15,-3.6065593
2005-08-16,-3.4636528
2005-08-17,-3.4409437
2005-08-18,-3.4051492
2005-08-19,-3.272323
2005-08-20,-3.1663964
2005-08-21,-3.1663964
2005-08-22,-3.1736012
2005-08-23,-3.2648244
2005-08-24,-3.3417387
2005-08-25,-3.4806516
2005-08-26,-3.525759
2005-08-27,-3.5024064
2005-08-28,-3.5082614
2005-08-29,-3.658921
2005-08-30,-3.658921
2005-08-31,-3.7706988
2005-09-01,-4.0470324
2005-09-02,-3.9429386
2005-09-03,-3.9415233
2005-09-04,-4.0138535
2005-09-05,-4.0138535
2005-09-06,-3.9468071
2005-09-07,-3.9415233
2005-09-08,-3.7329137
2005-09-09,-3.6930172
2005-09-10,-3.7001753
2005-09-11,-3.7379653
2005-09-12,-3.8775096
2005-09-13,-3.8606715
2005-09-14,-3.8606381
2005-09-15,-3.753926
2005-09-16,-3.603124
2005-09-17,-3.603124
2005-09-18,-3.5802295
2005-09-19,-3.559808
2005-09-20,-3.387227
2005-09-21,-3.388306
2005-09-22,-3.335832
2005-09-23,-3.335832
2005-09-24,-3.2887268
2005-09-25,-3.2887368
2005-09-26,-3.2759252
2005-09-27,-3.335832
2005-09-28,-3.329052
2005-09-29,-3.3872638
2005-09-30,-3.3575912
2005-10-01,-3.3447196
2005-10-02,-3.3979218
2005-10-03,-3.458585
2005-10-04,-3.4402292
2005-10-05,-3.3891077
2005-10-06,-3.0309317
2005-10-07,-2.9569104
2005-10-08,-2.9569001
2005-10-09,-3.1716378
2005-10-10,-3.2325292
2005-10-11,-3.2325292
2005-10-12,-3.4301481
2005-10-13,-3.7646997
2005-10-14,-3.7841315
2005-10-15,-3.8591328
2005-10-16,-3.8607488
2005-10-17,-4.0126123
2005-10-18,-3.9644258
2005-10-19,-3.8586268
2005-10-20,-3.7027953
2005-10-21,-3.695646
2005-10-22,-3.6996698
2005-10-23,-3.7001817
2005-10-24,-3.7275422
2005-10-25,-3.737965
2005-10-26,-3.7379653
2005-10-27,-3.737964
2005-10-28,-3.7391622
2005-10-29,-3.8861873
2005-10-30,-3.8861969
2005-10-31,-3.9932353
2005-11-01,-3.9932353
2005-11-02,-4.097159
2005-11-03,-4.1382456
2005-11-04,-4.3022213
2005-11-05,-4.498288
2005-11-06,-4.4983044
2005-11-07,-4.4982834
2005-11-08,-4.483482
2005-11-09,-4.4983063
2005-11-10,-4.588978
2005-11-11,-4.588978
2005-11-12,-4.3966923
2005-11-13,-4.3966923
2005-11-14,-4.3966923
2005-11-15,-4.3438263
2005-11-16,-4.2880697
2005-11-17,-4.2352743
2005-11-18,-4.168073
2005-11-19,-4.168073
2005-11-20,-4.077938
2005-11-21,-3.9675562
2005-11-22,-3.9649007
2005-11-23,-3.9649017
2005-11-24,-3.9746473
2005-11-25,-0.39479107
2005-11-26,-3.9813416
2005-11-27,-3.9713762
2005-11-28,2.200414
2005-11-29,-4.4713516
2005-11-30,-4.3291388
2005-12-01,2.6430027
2005-12-02,-4.1662984
2005-12-03,-4.1676064
2005-12-04,-4.1676064
2005-12-05,-4.168073
2005-12-06,-4.168073
2005-12-07,-4.1680703
2005-12-08,-4.29778
2005-12-09,-4.498397
2005-12-10,-4.771201
2005-12-11,-4.4526777
2005-12-12,-4.2447042
2005-12-13,-4.2447042
2005-12-14,-4.3945017
2005-12-15,-4.3966923
2005-12-16,-4.3966827
2005-12-17,-4.2243032
2005-12-18,2.5630898
2005-12-19,-4.2946777
2005-12-20,-4.0196915
2005-12-21,2.4935648
2005-12-22,2.3828459
2005-12-23,-4.4063997
2005-12-24,-5.3824854
2005-12-25,1.4362314
2005-12-26,1.3945478
2005-12-27,-5.2808104
2005-12-28,1.5259943
2005-12-29,-5.404752
2005-12-30,1.3789095
2005-12-31,1.4058601
2006-01-01,1.4058797
2006-01-02,1.4060855
2006-01-03,-5.382953
2006-01-04,-4.9731264
2006-01-05,-4.9730473
2006-01-06,-4.736061
2006-01-07,-5.2064486
2006-01-08,-5.206586
2006-01-09,-5.247287
2006-01-10,-5.40203
2006-01-11,-5.4022617
2006-01-12,-5.4045067
2006-01-13,-5.4046283
2006-01-14,1.405868
2006-01-15,-5.404608
2006-01-16,-5.388051
2006-01-17,-5.1867495
2006-01-18,0.82836306
2006-01-19,-5.403531
2006-01-20,-5.404648
2006-01-21,-5.4046364
2006-01-22,-5.4013357
2006-01-23,-5.3830137
2006-01-24,-5.3829794
2006-01-25,-5.3829794
2006-01-26,-5.2064486
2006-01-27,-5.2064486
2006-01-28,-4.8474617
2006-01-29,-5.2064486
2006-01-30,1.6272393
2006-01-31,-4.80126
2006-02-01,-4.80126
2006-02-02,-4.801259
2006-02-03,-4.80126
2006-02-04,-4.71492
2006-02-05,-4.71492
2006-02-06,-4.71492
2006-02-07,-4.681733
2006-02-08,-4.6551123
2006-02-09,-4.6283207
2006-02-10,-4.6283207
2006-02-11,-4.6283207
2006-02-12,-4.541115
2006-02-13,-4.4954453
2006-02-14,-4.4954453
2006-02-15,-4.495443
2006-02-16,-4.532546
2006-02-17,2.2694266
2006-02-18,-4.5216956
2006-02-19,-4.541009
2006-02-20,-4.51482
2006-02-21,-4.621128
2006-02-22,-4.676134
2006-02-23,-4.71492
2006-02-24,-5.305969
2006-02-25,-5.3059845
2006-02-26,-5.051871
2006-02-27,1.563072
2006-02-28,1.5278476
2006-03-01,-4.841322
2006-03-02,1.950992
2006-03-03,1.9668517
2006-03-04,-4.569007
2006-03-05,-4.4915643
2006-03-06,2.650526
2006-03-07,-4.0290017
2006-03-08,-4.03519
2006-03-09,-4.034717
2006-03-10,-3.6391947
2006-03-11,-4.026949
2006-03-12,-4.026656
2006-03-13,-3.9290025
2006-03-14,2.8400638
2006-03-15,-3.9112008
2006-03-16,-3.9060395
2006-03-17,2.8984833
2006-03-18,-3.8573022
2006-03-19,-3.8657858
2006-03-20,2.944932
2006-03-21,-3.8176684
2006-03-22,-3.8176677
2006-03-23,-3.5582323
2006-03-24,-3.555915
2006-03-25,3.2518902
2006-03-26,-3.5545013
2006-03-27,3.303728
2006-03-28,3.3653834
2006-03-29,-3.2908733
2006-03-30,-3.0928473
2006-03-31,3.7005877
2006-04-01,-3.1288848
2006-04-02,3.8005342
2006-04-03,3.5115843
2006-04-04,3.9470918
2006-04-05,-2.8248425
2006-04-06,-2.876675
2006-04-07,3.7813914
2006-04-08,-2.8766747
2006-04-09,-2.7924335
2006-04-10,4.03369
2006-04-11,-1.2953764
2006-04-12,-2.4568055
2006-04-13,-2.650415
2006-04-14,-2.6474035
2006-04-15,-2.6504152
2006-04-16,4.1577883
2006-04-17,-2.6504152
2006-04-18,-2.6504152
2006-04-19,-2.6504152
2006-04-20,-2.7704992
2006-04-21,-2.7704654
2006-04-22,-2.743493
2006-04-23,-2.770482
2006-04-24,-2.6503484
2006-04-25,-2.5538604
2006-04-26,-2.257785
2006-04-27,-2.2579906
2006-04-28,-2.2579906
2006-04-29,-2.2579906
2006-04-30,-2.3276143
2006-05-01,-2.5430381
2006-05-02,-2.5430381
2006-05-03,-2.5430381
2006-05-04,-2.5538604
2006-05-05,-2.5538604
2006-05-06,-2.4604788
2006-05-07,-2.2706614
2006-05-08,-2.2706614
2006-05-09,-2.2706614
2006-05-10,-2.254733
2006-05-11,-2.2579906
2006-05-12,-2.3721542
2006-05-13,-2.2297788
2006-05-14,-2.1726465
2006-05-15,-2.2095053
2006-05-16,-2.2750928
2006-05-17,-2.0674636
2006-05-18,-2.0674636
2006-05-19,-2.0272906
2006-05-20,-1.396287
2006-05-21,4.969856
2006-05-22,-1.8407063
2006-05-23,-2.0352397
2006-05-24,-2.0674636
2006-05-25,-2.0674636
2006-05-26,-1.8839941
2006-05-27,-1.8960118
2006-05-28,-2.137189
2006-05-29,-2.2057378
2006-05-30,-2.2428224
2006-05-31,-2.251424
2006-06-01,-2.251424
2006-06-02,-2.1552572
2006-06-03,-1.8804023
2006-06-04,-1.8804023
2006-06-05,-1.7248805
2006-06-06,-1.5382535
2006-06-07,-1.5378788
2006-06-08,-1.5270805
2006-06-09,-1.5382535
2006-06-10,-1.5382535
2006-06-11,-1.7248802
2006-06-12,-1.7248805
2006-06-13,-1.7248805
2006-06-14,-1.7248805
2006-06-15,-1.3536724
2006-06-16,-1.3536723
2006-06-17,-1.3832095
2006-06-18,-1.7248805
2006-06-19,-1.7549407
2006-06-20,-1.754945
2006-06-21,-2.2964373
2006-06-22,-2.295023
2006-06-23,-2.2950222
2006-06-24,-2.2022002
2006-06-25,-2.2022002
2006-06-26,-2.2022002
2006-06-27,-2.2022004
2006-06-28,-2.4433985
2006-06-29,-2.4580412
2006-06-30,-2.4581647
2006-07-01,-2.5840113
2006-07-02,-2.7047107
2006-07-03,-2.9488788
2006-07-04,-2.978334
2006-07-05,-2.7516923
2006-07-06,-2.6779401
2006-07-07,-2.6988928
2006-07-08,-2.6677809
2006-07-09,-2.6952436
2006-07-10,-2.6955845
2006-07-11,-2.7078998
2006-07-12,-2.824895
2006-07-13,-2.824895
2006-07-14,-2.7423308
2006-07-15,-2.7423308
2006-07-16,-2.730242
2006-07-17,-2.7721305
2006-07-18,-2.7986815
2006-07-19,-2.8594325
2006-07-20,-2.8594325
2006-07-21,-2.8594325
2006-07-22,-2.8594325
2006-07-23,-2.8043928
2006-07-24,-2.8043928
2006-07-25,-2.8232927
2006-07-26,-2.8233216
2006-07-27,-2.8233216
2006-07-28,-2.8719068
2006-07-29,-2.8594325
2006-07-30,-2.7517133
2006-07-31,-2.7737515
2006-08-01,-2.7664354
2006-08-02,-2.7320368
2006-08-03,-2.805052
2006-08-04,-3.1448255
2006-08-05,-3.1513052
2006-08-06,-3.1443348
2006-08-07,-3.145217
2006-08-08,-3.2499928
2006-08-09,-3.23057
2006-08-10,-3.1661673
2006-08-11,-2.988236
2006-08-12,-2.9883664
2006-08-13,-2.9478216
2006-08-14,-3.0232837
2006-08-15,-2.9779322
2006-08-16,-2.9779322
2006-08-17,-2.8819423
2006-08-18,-2.7811525
2006-08-19,-2.7811525
2006-08-20,-2.7811525
2006-08-21,-2.7133303
2006-08-22,-2.7132075
2006-08-23,-2.6960268
2006-08-24,-2.6960268
2006-08-25,-2.6960268
2006-08-26,-2.6960268
2006-08-27,-2.6960268
2006-08-28,-2.6960268
2006-08-29,-2.6960268
2006-08-30,-2.673245
2006-08-31,-2.673245
2006-09-01,-2.6557698
2006-09-02,-2.6557698
2006-09-03,-2.649016
2006-09-04,-2.64934
2006-09-05,-2.6490164
2006-09-06,-2.6490164
2006-09-07,-2.6490164
2006-09-08,-2.6490128
2006-09-09,-2.6960268
2006-09-10,-2.7568974
2006-09-11,-2.7568974
2006-09-12,-2.7568998
2006-09-13,-2.7685473
2006-09-14,-2.7685473
2006-09-15,-2.7541473
2006-09-16,-2.673245
2006-09-17,-2.673245
2006-09-18,-2.688684
2006-09-19,-2.6490164
2006-09-20,-2.6490164
2006-09-21,-2.6490164
2006-09-22,-2.636646
2006-09-23,-2.6207008
2006-09-24,-2.6207008
2006-09-25,-2.6207924
2006-09-26,-2.7109165
2006-09-27,-2.858411
2006-09-28,-2.7691517
2006-09-29,-2.757134
2006-09-30,-2.7739897
2006-10-01,-2.780104
2006-10-02,-3.050976
2006-10-03,-3.0526633
2006-10-04,-3.049222
2006-10-05,-2.6539202
2006-10-06,-2.6557698
2006-10-07,-2.6746407
2006-10-08,-2.5815928
2006-10-09,-2.5815928
2006-10-10,-2.6377006
2006-10-11,-2.5577524
2006-10-12,-2.5577524
2006-10-13,-2.5577524
2006-10-14,-2.5046568
2006-10-15,-2.5046568
2006-10-16,-2.5046568
2006-10-17,-2.5046568
2006-10-18,-2.5046568
2006-10-19,-2.5046568
2006-10-20,-2.5046568
2006-10-21,-2.5046568
2006-10-22,-2.6635559
2006-10-23,-2.663563
2006-10-24,-2.663563
2006-10-25,-2.663563
2006-10-26,-2.663563
2006-10-27,-2.663563
2006-10-28,-2.663563
2006-10-29,-2.663563
2006-10-30,-2.663563
2006-10-31,-2.6635628
2006-11-01,-2.663563
2006-11-02,-2.645159
2006-11-03,-2.7015443
2006-11-04,-2.8330808
2006-11-05,-2.8357613
2006-11-06,-2.8357613
2006-11-07,-2.7015803
2006-11-08,-2.7015443
2006-11-09,-2.7015438
2006-11-10,-2.351042
2006-11-11,4.5813
2006-11-12,-2.2292774
2006-11-13,4.7752023
2006-11-14,-2.0577648
2006-11-15,-2.0626805
2006-11-16,-2.1032581
2006-11-17,-2.2292778
2006-11-18,-2.2292778
2006-11-19,-2.2292778
2006-11-20,-2.1036384
2006-11-21,-2.103258
2006-11-22,-2.0339372
2006-11-23,-2.0339372
2006-11-24,-2.0339372
2006-11-25,-1.9922702
2006-11-26,-1.7544907
2006-11-27,-1.9414597
2006-11-28,-1.9414608
2006-11-29,-2.0288475
2006-11-30,-2.0339372
2006-12-01,-2.1216772
2006-12-02,-2.190947
2006-12-03,-2.1285176
2006-12-04,-2.0968642
2006-12-05,-2.0909224
2006-12-06,-1.9507926
2006-12-07,-1.9505868
2006-12-08,-1.8545047
2006-12-09,4.9535108
2006-12-10,4.9222207
2006-12-11,-1.9789248
2006-12-12,4.601494
2006-12-13,-2.1119483
2006-12-14,-2.1119483
2006-12-15,-2.1119485
2006-12-16,-2.1992724
2006-12-17,-2.2003949
2006-12-18,-2.026507
2006-12-19,-1.9463656
2006-12-20,-1.7603276
2006-12-21,5.050106
2006-12-22,-1.7603996
2006-12-23,-1.7229371
2006-12-24,-1.8422105
2006-12-25,-1.7375124
2006-12-26,5.07308
2006-12-27,-1.8675555
2006-12-28,-2.2958891
2006-12-29,-2.3800807
2006-12-30,-2.472966
2006-12-31,-2.472966
2007-01-01,-2.5290973
2007-01-02,-2.6303363
2007-01-03,-2.6388385
2007-01-04,-2.6417804
2007-01-05,-2.6435378
2007-01-06,-2.631327
2007-01-07,-2.6314478
2007-01-08,-2.6351078
2007-01-09,-2.6261365
2007-01-10,-2.7825418
2007-01-11,-2.7825418
2007-01-12,-2.7723658
2007-01-13,-2.7277942
2007-01-14,-2.659282
2007-01-15,-2.7008605
2007-01-16,-2.859453
2007-01-17,-3.0248654
2007-01-18,-3.212287
2007-01-19,-3.1420274
2007-01-20,-3.1400592
2007-01-21,-3.1400592
2007-01-22,-3.1400592
2007-01-23,-3.1400592
2007-01-24,-3.1131012
2007-01-25,-3.1131072
2007-01-26,-2.7238593
2007-01-27,-3.1130753
2007-01-28,-3.109924
2007-01-29,-3.1099265
2007-01-30,-3.1099265
2007-01-31,-3.1099265
2007-02-01,-3.1099265
2007-02-02,-3.2578413
2007-02-03,-3.366961
2007-02-04,-3.3839197
2007-02-05,-3.4023526
2007-02-06,-3.5246885
2007-02-07,-2.2005236
2007-02-08,-3.3446462
2007-02-09,3.3427022
2007-02-10,3.3428457
2007-02-11,-3.4135802
2007-02-12,-3.405107
2007-02-13,-3.200851
2007-02-14,-3.0312579
2007-02-15,-3.0312579
2007-02-16,-3.1618338
2007-02-17,-3.2561932
2007-02-18,-3.3554142
2007-02-19,-3.3561935
2007-02-20,-3.3230813
2007-02-21,-3.648522
2007-02-22,3.1236904
2007-02-23,-3.500574
2007-02-24,-3.431304
2007-02-25,0.501393
2007-02-26,3.4004219
2007-02-27,3.337304
2007-02-28,-3.3295522
2007-03-01,-3.3295527
2007-03-02,-3.4612954
2007-03-03,-3.4612954
2007-03-04,-3.459478
2007-03-05,-3.3295527
2007-03-06,-3.318123
2007-03-07,-3.2197435
2007-03-08,-3.246587
2007-03-09,-3.246587
2007-03-10,-3.1252568
2007-03-11,-3.1595747
2007-03-12,-3.1595995
2007-03-13,-3.1595995
2007-03-14,-3.1595995
2007-03-15,-3.1595995
2007-03-16,-3.1595995
2007-03-17,-3.1595995
2007-03-18,-3.1595995
2007-03-19,-3.1595995
2007-03-20,-3.045109
2007-03-21,-3.159341
2007-03-22,-3.1595995
2007-03-23,-3.0535476
2007-03-24,-3.0535216
2007-03-25,-3.0529156
2007-03-26,-1.3948717
2007-03-27,-3.0129263
2007-03-28,-3.0129592
2007-03-29,-2.936906
2007-03-30,-2.8982391
2007-03-31,-3.0319958
2007-04-01,-2.9252732
2007-04-02,-2.7447793
2007-04-03,-2.7551403
2007-04-04,-2.7551403
2007-04-05,-2.5430381
2007-04-06,-2.5430381
2007-04-07,-2.5850103
2007-04-08,-2.6894176
2007-04-09,-2.6894174
2007-04-10,-2.546789
2007-04-11,-2.3501759
2007-04-12,-2.5430381
2007-04-13,-2.5430381
2007-04-14,-0.47121632
2007-04-15,-2.5430334
2007-04-16,-2.5430381
2007-04-17,-2.5430381
2007-04-18,-2.5430381
2007-04-19,-2.543002
2007-04-20,-2.5428004
2007-04-21,-2.5207448
2007-04-22,4.2671947
2007-04-23,-2.5430381
2007-04-24,-2.5430381
2007-04-25,-2.5430381
2007-04-26,-2.3276143
2007-04-27,-2.3276143
2007-04-28,-2.3276143
2007-04-29,-2.5430381
2007-04-30,-2.5430381
2007-05-01,-2.5657053
2007-05-02,-2.647736
2007-05-03,-2.6477337
2007-05-04,-2.5119748
2007-05-05,-2.5430381
2007-05-06,-2.8316596
2007-05-07,-2.7468293
2007-05-08,-2.9148352
2007-05-09,-2.9148357
2007-05-10,-2.995815
2007-05-11,-2.989758
2007-05-12,-2.9148357
2007-05-13,-2.7468307
2007-05-14,-2.7472324
2007-05-15,-2.79455
2007-05-16,-2.5663643
2007-05-17,-2.5663643
2007-05-18,-2.6115746
2007-05-19,-2.3200305
2007-05-20,-2.5945258
2007-05-21,-2.4381316
2007-05-22,-2.53289
2007-05-23,-2.4124985
2007-05-24,-2.5331683
2007-05-25,-2.533645
2007-05-26,-2.533645
2007-05-27,-2.533645
2007-05-28,-2.533625
2007-05-29,-2.5255907
2007-05-30,-2.527471
2007-05-31,-2.4736674
2007-06-01,-2.4851615
2007-06-02,-2.4851615
2007-06-03,-2.4851615
2007-06-04,-2.4851615
2007-06-05,-2.4851615
2007-06-06,-2.4851627
2007-06-07,-2.4869406
2007-06-08,-2.4851615
2007-06-09,-2.4851615
2007-06-10,-2.4851615
2007-06-11,-2.4851615
2007-06-12,-2.5165026
2007-06-13,-2.5165026
2007-06-14,-2.4152975
2007-06-15,-2.4540763
2007-06-16,-2.33648
2007-06-17,-2.325921
2007-06-18,-2.3259208
2007-06-19,-2.325924
2007-06-20,-2.3686588
2007-06-21,-2.2019784
2007-06-22,-2.2579114
2007-06-23,-2.8243191
2007-06-24,-2.8809924
2007-06-25,-2.8873448
2007-06-26,-2.920735
2007-06-27,-3.0241988
2007-06-28,-3.187625
2007-06-29,-3.395355
2007-06-30,-3.356518
2007-07-01,-3.4974759
2007-07-02,-3.5735583
2007-07-03,-3.7724514
2007-07-04,-3.7723143
2007-07-05,-4.03683
2007-07-06,-3.8744342
2007-07-07,-3.8744347
2007-07-08,-3.8744342
2007-07-09,-3.8744328
2007-07-10,-3.5710843
2007-07-11,-3.4368978
2007-07-12,-3.4290628
2007-07-13,-3.4168162
2007-07-14,-3.2612925
2007-07-15,-3.1937053
2007-07-16,-3.3217325
2007-07-17,-3.5313928
2007-07-18,-3.5360124
2007-07-19,-3.5338447
2007-07-20,-3.5338447
2007-07-21,-3.5338447
2007-07-22,-3.5338447
2007-07-23,-3.5338447
2007-07-24,-3.5338385
2007-07-25,-3.5360143
2007-07-26,-3.5161014
2007-07-27,-3.5161014
2007-07-28,-3.637334
2007-07-29,-3.6373348
2007-07-30,-3.688908
2007-07-31,-3.688908
2007-08-01,-3.688908
2007-08-02,-3.6794443
2007-08-03,-3.6530292
2007-08-04,-3.6531105
2007-08-05,-3.6889079
2007-08-06,-3.688908
2007-08-07,-3.688908
2007-08-08,-3.806669
2007-08-09,-3.9405658
2007-08-10,-3.9405658
2007-08-11,-3.9405658
2007-08-12,-3.799251
2007-08-13,-3.8008032
2007-08-14,-3.9504268
2007-08-15,-3.9504268
2007-08-16,-3.9932353
2007-08-17,-4.077997
2007-08-18,-4.168073
2007-08-19,-4.6090145
2007-08-20,-4.8371964
2007-08-21,-4.8371964
2007-08-22,-4.8371964
2007-08-23,-4.506033
2007-08-24,-4.3474627
2007-08-25,-4.2501774
2007-08-26,-4.2501774
2007-08-27,-4.2501774
2007-08-28,-4.3474627
2007-08-29,-4.4025974
2007-08-30,-4.52915
2007-08-31,-4.8371964
2007-09-01,-4.8367634
2007-09-02,-4.8371964
2007-09-03,-4.7308197
2007-09-04,-4.8371964
2007-09-05,-4.8371964
2007-09-06,-4.8371964
2007-09-07,-4.8371954
2007-09-08,-4.8960648
2007-09-09,-5.026142
2007-09-10,-4.8960648
2007-09-11,-4.8960648
2007-09-12,-4.8934717
2007-09-13,-4.8960648
2007-09-14,-5.026142
2007-09-15,-5.026142
2007-09-16,-5.4008007
2007-09-17,-5.4112244
2007-09-18,-5.4008007
2007-09-19,-5.026142
2007-09-20,-5.024763
2007-09-21,-5.026142
2007-09-22,1.3456669
2007-09-23,-5.4008007
2007-09-24,-5.3074903
2007-09-25,-5.3074903
2007-09-26,-5.3074903
2007-09-27,-5.026142
2007-09-28,-5.026142
2007-09-29,-5.026142
2007-09-30,-5.026142
2007-10-01,-5.026142
2007-10-02,-5.026142
2007-10-03,-5.026142
2007-10-04,-5.026142
2007-10-05,-5.026142
2007-10-06,-5.026142
2007-10-07,-5.026142
2007-10-08,-5.026142
2007-10-09,-5.026101
2007-10-10,0.47505236
2007-10-11,-5.4112253
2007-10-12,1.3946187
2007-10-13,-5.411191
2007-10-14,-5.4008007
2007-10-15,-5.4008007
2007-10-16,-5.4008007
2007-10-17,-5.4008007
2007-10-18,-5.4008007
2007-10-19,-5.395774
2007-10-20,-5.4008007
2007-10-21,-5.4008007
2007-10-22,-5.4008007
2007-10-23,-5.4008007
2007-10-24,-5.026143
2007-10-25,-5.026142
2007-10-26,-5.026142
2007-10-27,-4.8661947
2007-10-28,-4.8371964
2007-10-29,-5.3074903
2007-10-30,-5.3074903
2007-10-31,-5.3074903
2007-11-01,-5.3072014
2007-11-02,-5.060648
2007-11-03,-5.060648
2007-11-04,-4.6682806
2007-11-05,-4.6682806
2007-11-06,-4.6682806
2007-11-07,-4.6682806
2007-11-08,-4.6682806
2007-11-09,-4.6682806
2007-11-10,-4.6592374
2007-11-11,-5.218231
2007-11-12,-5.352995
2007-11-13,-5.352995
2007-11-14,-5.4157867
2007-11-15,-5.4157867
2007-11-16,-5.427781
2007-11-17,-5.4112253
2007-11-18,-5.4112253
2007-11-19,-5.4112253
2007-11-20,-5.4129057
2007-11-21,-5.422372
2007-11-22,-5.4223604
2007-11-23,-5.426279
2007-11-24,-5.426918
2007-11-25,-5.404752
2007-11-26,-5.426918
2007-11-27,-5.423647
2007-11-28,-5.426918
2007-11-29,-5.426918
2007-11-30,-5.422372
2007-12-01,-5.422372
2007-12-02,-5.422372
2007-12-03,-5.4223604
2007-12-04,-5.4201574
2007-12-05,-5.4037066
2007-12-06,1.394427
2007-12-07,-4.6708775
2007-12-08,-5.4037066
2007-12-09,-5.2999477
2007-12-10,-5.352995
2007-12-11,-5.4037066
2007-12-12,-5.4037066
2007-12-13,-5.4037066
2007-12-14,-5.4037066
2007-12-15,-5.42107
2007-12-16,-5.4155107
2007-12-17,-4.6879845
2007-12-18,1.3837137
2007-12-19,-5.404186
2007-12-20,1.4022564
2007-12-21,-5.404752
2007-12-22,-5.404752
2007-12-23,-5.404752
2007-12-24,-5.404752
2007-12-25,-5.404752
2007-12-26,-5.404752
2007-12-27,-5.404748
2007-12-28,-5.4046874
2007-12-29,-5.404752
2007-12-30,-5.404752
2007-12-31,-5.404752
2008-01-01,-5.404752
2008-01-02,-5.2841854
2008-01-03,-5.2836747
2008-01-04,1.5264398
2008-01-05,1.5001849
2008-01-06,1.5199435
2008-01-07,-5.2841854
2008-01-08,1.5264165
2008-01-09,-5.2841854
2008-01-10,-5.2841854
2008-01-11,-5.2841854
2008-01-12,-5.2841854
2008-01-13,-5.2059536
2008-01-14,-5.2841854
2008-01-15,-5.2841854
2008-01-16,-5.2841854
2008-01-17,-5.2841854
2008-01-18,-5.2841854
2008-01-19,-5.2841854
2008-01-20,-5.2841864
2008-01-21,-5.206674
2008-01-22,1.8370273
2008-01-23,1.837027
2008-01-24,1.8370235
2008-01-25,-4.9594564
2008-01-26,-4.9095087
2008-01-27,1.924406
2008-01-28,-4.5803285
2008-01-29,-4.575309
2008-01-30,-4.5754433
2008-01-31,2.189194
2008-02-01,-4.6882915
2008-02-02,1.6626624
2008-02-03,0.5752933
2008-02-04,-5.277562
2008-02-05,-5.277562
2008-02-06,-5.277562
2008-02-07,-5.277562
2008-02-08,-5.404752
2008-02-09,-5.3829794
2008-02-10,-5.3829794
2008-02-11,-5.3829794
2008-02-12,-5.3829794
2008-02-13,-5.3829794
2008-02-14,-5.3829794
2008-02-15,-5.3829794
2008-02-16,-5.3829794
2008-02-17,-5.3098516
2008-02-18,-4.739373
2008-02-19,-4.7393665
2008-02-20,-4.731071
2008-02-21,2.0430968
2008-02-22,-4.713474
2008-02-23,2.0712578
2008-02-24,2.070941
2008-02-25,-5.087633
2008-02-26,-5.087633
2008-02-27,-5.087633
2008-02-28,-5.087632
2008-02-29,-4.739373
2008-03-01,-4.739373
2008-03-02,-4.6355314
2008-03-03,-4.6355314
2008-03-04,-4.6283207
2008-03-05,-4.6283207
2008-03-06,-4.632141
2008-03-07,-4.6355314
2008-03-08,-4.522769
2008-03-09,-4.4193993
2008-03-10,-4.4859858
2008-03-11,-4.348894
2008-03-12,-4.348895
2008-03-13,-4.522109
2008-03-14,-4.522109
2008-03-15,-4.522109
2008-03-16,-4.492625
2008-03-17,-4.27009
2008-03-18,-4.27009
2008-03-19,-4.27009
2008-03-20,-4.073354
2008-03-21,-4.073354
2008-03-22,-4.073354
2008-03-23,-4.073354
2008-03-24,-4.27009
2008-03-25,-4.27009
2008-03-26,-4.073354
2008-03-27,-4.073354
2008-03-28,-4.073354
2008-03-29,-4.073354
2008-03-30,-4.128253
2008-03-31,-3.9647548
2008-04-01,-4.1283827
2008-04-02,-3.77937
2008-04-03,-3.7793722
2008-04-04,-3.9183004
2008-04-05,-3.747428
2008-04-06,-3.9327009
2008-04-07,-4.007902
2008-04-08,-3.7793722
2008-04-09,-3.6376283
2008-04-10,-3.5089123
2008-04-11,-3.406042
2008-04-12,-3.3598764
2008-04-13,-3.359876
2008-04-14,-3.359876
2008-04-15,-3.4103107
2008-04-16,-3.4337327
2008-04-17,-3.4337327
2008-04-18,-3.463505
2008-04-19,-3.436571
2008-04-20,-3.436571
2008-04-21,-3.436571
2008-04-22,-3.436571
2008-04-23,-3.2435875
2008-04-24,-3.2559
2008-04-25,-3.2712739
2008-04-26,-3.1880708
2008-04-27,-3.0255108
2008-04-28,-2.9993737
2008-04-29,-2.9993737
2008-04-30,-2.9993737
2008-05-01,-2.931385
2008-05-02,-2.917283
2008-05-03,-3.1869135
2008-05-04,-3.3321617
2008-05-05,-3.3321617
2008-05-06,-3.3321617
2008-05-07,-3.3321617
2008-05-08,-3.3689833
2008-05-09,-3.3711011
2008-05-10,-3.3073456
2008-05-11,-3.3711011
2008-05-12,-3.3321617
2008-05-13,-3.2408829
2008-05-14,-3.2408829
2008-05-15,-3.2406366
2008-05-16,-3.2172716
2008-05-17,-2.804705
2008-05-18,-2.8047054
2008-05-19,-2.9201467
2008-05-20,-2.89922
2008-05-21,-2.8047113
2008-05-22,-2.8047054
2008-05-23,-2.804292
2008-05-24,-2.9314456
2008-05-25,-3.0678778
2008-05-26,-3.0647938
2008-05-27,-3.048024
2008-05-28,-3.0480244
2008-05-29,-3.209766
2008-05-30,-3.2753143
2008-05-31,-2.979723
2008-06-01,-3.1815512
2008-06-02,-3.0899136
2008-06-03,-3.2016609
2008-06-04,-3.2016609
2008-06-05,-3.2039077
2008-06-06,-3.150141
2008-06-07,-3.1501412
2008-06-08,-3.150141
2008-06-09,-3.150141
2008-06-10,-3.150141
2008-06-11,-3.150141
2008-06-12,-3.299797
2008-06-13,-3.2833636
2008-06-14,-3.2826805
2008-06-15,-3.2833636
2008-06-16,-3.2664104
2008-06-17,-3.1861732
2008-06-18,-3.1647341
2008-06-19,-3.1150866
2008-06-20,-3.0583355
2008-06-21,-3.052451
2008-06-22,-3.1035717
2008-06-23,-2.9295762
2008-06-24,-2.9591916
2008-06-25,-2.6381018
2008-06-26,-2.9597824
2008-06-27,-2.9597824
2008-06-28,-3.003485
2008-06-29,-2.8482966
2008-06-30,-2.8482976
2008-07-01,-2.8482978
2008-07-02,-3.0034652
2008-07-03,-2.9415433
2008-07-04,-2.6588776
2008-07-05,-2.5235863
2008-07-06,-3.0538254
2008-07-07,-2.9045222
2008-07-08,-2.9044585
2008-07-09,-2.9044557
2008-07-10,-2.88489
2008-07-11,-2.9044585
2008-07-12,-2.929437
2008-07-13,-2.929003
2008-07-14,-2.6554577
2008-07-15,-2.782186
2008-07-16,-2.794496
2008-07-17,-2.8242831
2008-07-18,-2.8500042
2008-07-19,-2.9913516
2008-07-20,-3.0073388
2008-07-21,-2.9520392
2008-07-22,-2.9431784
2008-07-23,-2.94457
2008-07-24,-2.970746
2008-07-25,-2.968932
2008-07-26,-2.9575868
2008-07-27,-2.8174126
2008-07-28,-2.8162384
2008-07-29,-2.9712257
2008-07-30,-3.0450685
2008-07-31,-3.395045
2008-08-01,-3.4178631
2008-08-02,-3.460057
2008-08-03,-3.4556978
2008-08-04,-3.444936
2008-08-05,-3.0737278
2008-08-06,-3.310955
2008-08-07,-3.3097374
2008-08-08,-3.3425622
2008-08-09,-3.2804196
2008-08-10,-3.3425622
2008-08-11,-3.1905227
2008-08-12,-3.1674383
2008-08-13,-3.1162295
2008-08-14,-3.2403805
2008-08-15,-3.3730407
2008-08-16,-3.5394683
2008-08-17,-3.6151965
2008-08-18,-3.4924426
2008-08-19,-3.5051076
2008-08-20,-3.4924636
2008-08-21,-3.7004356
2008-08-22,-3.5759664
2008-08-23,-3.6965318
2008-08-24,-3.5495846
2008-08-25,-3.6965842
2008-08-26,-3.7958596
2008-08-27,-3.7958362
2008-08-28,-3.7342036
2008-08-29,-3.7958362
2008-08-30,-3.8344443
2008-08-31,-3.8899815
2008-09-01,-3.8899581
2008-09-02,-3.8334334
2008-09-03,-3.4394374
2008-09-04,-3.7598732
2008-09-05,-3.6073887
2008-09-06,-3.6074743
2008-09-07,-3.7000368
2008-09-08,-3.7007897
2008-09-09,-3.791419
2008-09-10,-3.8070798
2008-09-11,-3.7914193
2008-09-12,-3.6836588
2008-09-13,-3.8083642
2008-09-14,-3.8196986
2008-09-15,-3.8634765
2008-09-16,-3.8634706
2008-09-17,-3.8634763
2008-09-18,-3.8634765
2008-09-19,-3.8634765
2008-09-20,-3.8634365
2008-09-21,-3.5906775
2008-09-22,-3.7860343
2008-09-23,-3.7936437
2008-09-24,-3.9430525
2008-09-25,-3.9539602
2008-09-26,-3.8535523
2008-09-27,-3.9200623
2008-09-28,-3.8798387
2008-09-29,-3.8798387
2008-09-30,-3.8344443
2008-10-01,-3.8344443
2008-10-02,-3.8344343
2008-10-03,-3.760151
2008-10-04,-3.7423964
2008-10-05,-3.730139
2008-10-06,-3.7300508
2008-10-07,-3.8566287
2008-10-08,-3.8919394
2008-10-09,-3.8558214
2008-10-10,-3.8747118
2008-10-11,-3.890457
2008-10-12,-3.898627
2008-10-13,-3.8318036
2008-10-14,-3.8318036
2008-10-15,-3.782461
2008-10-16,-3.8566308
2008-10-17,-3.9555042
2008-10-18,-4.0836306
2008-10-19,-4.141542
2008-10-20,-4.2433395
2008-10-21,-4.2433395
2008-10-22,-4.1481285
2008-10-23,-4.141542
2008-10-24,-4.333253
2008-10-25,-4.5527506
2008-10-26,-4.312544
2008-10-27,-4.174261
2008-10-28,-4.30165
2008-10-29,-4.0913033
2008-10-30,-3.90671
2008-10-31,2.9707606
2008-11-01,2.9750936
2008-11-02,-3.895066
2008-11-03,2.9073257
2008-11-04,-3.8336575
2008-11-05,-3.8709614
2008-11-06,-3.8709614
2008-11-07,-3.8709614
2008-11-08,-3.8709614
2008-11-09,-3.8709614
2008-11-10,-3.9707353
2008-11-11,-3.9712198
2008-11-12,-4.137409
2008-11-13,-4.161333
2008-11-14,-4.161333
2008-11-15,-4.5188007
2008-11-16,-4.3417597
2008-11-17,-4.1210284
2008-11-18,-4.06159
2008-11-19,-4.123743
2008-11-20,-4.7814674
2008-11-21,-4.3121595
2008-11-22,-4.3121595
2008-11-23,-4.3226614
2008-11-24,-4.787936
2008-11-25,-4.042621
2008-11-26,2.4710927
2008-11-27,-4.2604895
2008-11-28,-4.5959625
2008-11-29,-5.0581923
2008-11-30,-5.359021
2008-12-01,-5.3329353
2008-12-02,-5.333934
2008-12-03,-5.359021
2008-12-04,-5.359021
2008-12-05,-5.359021
2008-12-06,-5.359021
2008-12-07,-5.359021
2008-12-08,-5.058193
2008-12-09,-5.1720695
2008-12-10,-4.810953
2008-12-11,-4.7039776
2008-12-12,-4.7039957
2008-12-13,-4.7039776
2008-12-14,2.1066535
2008-12-15,2.0668094
2008-12-16,-4.3121595
2008-12-17,-4.3121595
2008-12-18,-4.3121605
2008-12-19,-4.8674154
2008-12-20,-5.360281
2008-12-21,1.4179617
2008-12-22,-5.3951344
2008-12-23,-5.404752
2008-12-24,1.3950698
2008-12-25,-4.3971457
2008-12-26,-5.404752
2008-12-27,-5.404752
2008-12-28,-5.404752
2008-12-29,-5.404752
2008-12-30,-5.404752
2008-12-31,-5.404752
2009-01-01,-5.4047527
2009-01-02,-5.3967986
2009-01-03,-5.404752
2009-01-04,-5.404752
2009-01-05,-5.2226095
2009-01-06,-5.2223864
2009-01-07,-5.2228975
2009-01-08,-5.404752
2009-01-09,-5.404752
2009-01-10,-5.404752
2009-01-11,-5.2223864
2009-01-12,-5.2223864
2009-01-13,-5.2223864
2009-01-14,-5.2223864
2009-01-15,-5.2224283
2009-01-16,-4.7604885
2009-01-17,-4.455371
2009-01-18,-4.455371
2009-01-19,-4.2077103
2009-01-20,-3.8430645
2009-01-21,-3.8428001
2009-01-22,2.8345122
2009-01-23,1.0174991
2009-01-24,-3.9514396
2009-01-25,-3.951491
2009-01-26,-4.2116823
2009-01-27,-4.9902897
2009-01-28,-4.9902897
2009-01-29,-5.3519564
2009-01-30,-5.2086077
2009-01-31,-4.892308
2009-02-01,-4.4336433
2009-02-02,-4.4336433
2009-02-03,-4.4336433
2009-02-04,-4.4336433
2009-02-05,1.9575349
2009-02-06,1.9244194
2009-02-07,-4.724453
2009-02-08,-4.1075497
2009-02-09,-4.550489
2009-02-10,-4.361746
2009-02-11,1.7120178
2009-02-12,-4.520692
2009-02-13,2.1955173
2009-02-14,-4.424968
2009-02-15,-0.8109908
2009-02-16,2.9169457
2009-02-17,2.82659
2009-02-18,-3.8936632
2009-02-19,-3.8936632
2009-02-20,-3.8936632
2009-02-21,-3.8936517
2009-02-22,2.7372763
2009-02-23,0.093685515
2009-02-24,-4.165311
2009-02-25,-4.09988
2009-02-26,-4.22068
2009-02-27,-3.893162
2009-02-28,-3.9195602
2009-03-01,2.9574795
2009-03-02,2.9394846
2009-03-03,2.974743
2009-03-04,-3.7982945
2009-03-05,-4.02387
2009-03-06,-4.0238705
2009-03-07,-4.0238705
2009-03-08,-4.243351
2009-03-09,-4.2419996
2009-03-10,-4.122311
2009-03-11,-3.7861707
2009-03-12,-3.5321302
2009-03-13,-3.838777
2009-03-14,-3.8771174
2009-03-15,-3.8921611
2009-03-16,-3.7861707
2009-03-17,-3.7861707
2009-03-18,-3.754981
2009-03-19,-4.115529
2009-03-20,-4.1223106
2009-03-21,-3.0425427
2009-03-22,-0.76843536
2009-03-23,-3.476789
2009-03-24,-3.527589
2009-03-25,-3.404978
2009-03-26,-3.2590964
2009-03-27,-3.2590961
2009-03-28,-3.1610985
2009-03-29,-3.101432
2009-03-30,-3.0480244
2009-03-31,-3.0763433
2009-04-01,-3.088301
2009-04-02,-3.088301
2009-04-03,-3.088301
2009-04-04,-2.9589932
2009-04-05,-2.8968158
2009-04-06,-2.9186819
2009-04-07,3.8919458
2009-04-08,-2.8554318
2009-04-09,-2.8816195
2009-04-10,-2.8966134
2009-04-11,-2.8556452
2009-04-12,-2.7435777
2009-04-13,-2.8556452
2009-04-14,-2.8556452
2009-04-15,-2.8556452
2009-04-16,-2.8556452
2009-04-17,-2.8554292
2009-04-18,-2.7440119
2009-04-19,-2.8556452
2009-04-20,-2.8556452
2009-04-21,-2.6477363
2009-04-22,-2.7435777
2009-04-23,-2.7435777
2009-04-24,-2.5538604
2009-04-25,-2.6785128
2009-04-26,-2.485274
2009-04-27,-1.9752872
2009-04-28,-1.7437341
2009-04-29,-1.7437341
2009-04-30,-1.7437341
2009-05-01,5.0630927
2009-05-02,-1.2933719
2009-05-03,-1.7437346
2009-05-04,-1.7437341
2009-05-05,-1.7437358
2009-05-06,-1.7121799
2009-05-07,-1.8781219
2009-05-08,-1.8781219
2009-05-09,-2.0619228
2009-05-10,-2.065445
2009-05-11,-1.9061418
2009-05-12,-1.8839941
2009-05-13,-1.8839941
2009-05-14,-2.0590043
2009-05-15,-2.067423
2009-05-16,-1.8839941
2009-05-17,-1.8839941
2009-05-18,-1.8839941
2009-05-19,-1.8839941
2009-05-20,-1.8839941
2009-05-21,-1.8839941
2009-05-22,-1.8839943
2009-05-23,-2.0674636
2009-05-24,-2.0674636
2009-05-25,-2.0674636
2009-05-26,-1.8839941
2009-05-27,-1.8839941
2009-05-28,-1.8839941
2009-05-29,-1.8839941
2009-05-30,-2.1098888
2009-05-31,-2.0672176
2009-06-01,-2.0674636
2009-06-02,-2.060871
2009-06-03,-1.8368466
2009-06-04,-1.7171357
2009-06-05,-1.8399705
2009-06-06,-1.8839941
2009-06-07,-1.8839941
2009-06-08,-1.2447522
2009-06-09,-1.2074902
2009-06-10,-1.1975102
2009-06-11,-1.2455764
2009-06-12,-1.245664
2009-06-13,-1.2126138
2009-06-14,-1.302326
2009-06-15,-1.5382496
2009-06-16,-1.4164834
2009-06-17,-1.5382528
2009-06-18,-1.7248015
2009-06-19,-1.7248805
2009-06-20,-1.7248805
2009-06-21,-1.7249737
2009-06-22,-1.7549407
2009-06-23,-1.7549407
2009-06-24,-1.7549407
2009-06-25,-1.7549407
2009-06-26,-1.7549407
2009-06-27,-1.3536723
2009-06-28,-1.4307606
2009-06-29,-1.7248805
2009-06-30,-1.3550668
2009-07-01,-1.3536723
2009-07-02,-1.3536723
2009-07-03,-1.7193274
2009-07-04,-1.7248805
2009-07-05,-1.7248805
2009-07-06,-1.7248805
2009-07-07,-1.3536725
2009-07-08,-1.754735
2009-07-09,-1.7549407
2009-07-10,-1.7549407
2009-07-11,-1.7549407
2009-07-12,-1.7549407
2009-07-13,-1.7549407
2009-07-14,-1.7549407
2009-07-15,-1.7549407
2009-07-16,-1.7549407
2009-07-17,-1.5534728
2009-07-18,-1.5076959
2009-07-19,-1.5090365
2009-07-20,-1.5091927
2009-07-21,-1.8175333
2009-07-22,-2.0658348
2009-07-23,-2.007812
2009-07-24,-2.0078118
2009-07-25,-2.007812
2009-07-26,-2.529547
2009-07-27,-2.4870076
2009-07-28,-2.5774758
2009-07-29,-2.8402932
2009-07-30,-2.8409026
2009-07-31,-2.794506
2009-08-01,-2.8391426
2009-08-02,-2.699718
2009-08-03,-2.699718
2009-08-04,-2.699718
2009-08-05,-2.699718
2009-08-06,-2.7133226
2009-08-07,-2.7423308
2009-08-08,-2.7302685
2009-08-09,-2.7302268
2009-08-10,-2.7886143
2009-08-11,-2.7528718
2009-08-12,-2.7528567
2009-08-13,-2.7528567
2009-08-14,-2.7528567
2009-08-15,-2.7528567
2009-08-16,-2.825074
2009-08-17,-2.7528706
2009-08-18,-2.794895
2009-08-19,-2.8095052
2009-08-20,-2.8264265
2009-08-21,-2.8264265
2009-08-22,-2.8594325
2009-08-23,-2.743551
2009-08-24,-2.6346464
2009-08-25,-2.606021
2009-08-26,-2.606021
2009-08-27,-2.606021
2009-08-28,-2.58295
2009-08-29,-2.606021
2009-08-30,-2.6060212
2009-08-31,-2.6061192
2009-09-01,-2.6128716
2009-09-02,-2.5829544
2009-09-03,-2.58295
2009-09-04,-2.556014
2009-09-05,-2.5557513
2009-09-06,-2.534304
2009-09-07,-2.531538
2009-09-08,-2.626371
2009-09-09,-2.5557516
2009-09-10,-2.555733
2009-09-11,-2.6564524
2009-09-12,-2.6564524
2009-09-13,-2.6956918
2009-09-14,-2.6958766
2009-09-15,-2.6768086
2009-09-16,-2.5588787
2009-09-17,-2.5802963
2009-09-18,-2.673376
2009-09-19,-2.6893618
2009-09-20,-2.6958766
2009-09-21,-2.6973505
2009-09-22,-2.6973505
2009-09-23,-2.6973505
2009-09-24,-2.6973505
2009-09-25,-2.6494765
2009-09-26,-2.6973503
2009-09-27,-2.7878618
2009-09-28,-2.7878487
2009-09-29,-2.787862
2009-09-30,-2.7857356
2009-10-01,-2.787862
2009-10-02,-2.787862
2009-10-03,-2.9360862
2009-10-04,-2.78786
2009-10-05,-2.787862
2009-10-06,-2.787862
2009-10-07,-2.797205
2009-10-08,-2.7392075
2009-10-09,-2.7392075
2009-10-10,-2.797205
2009-10-11,-2.797205
2009-10-12,-2.797205
2009-10-13,4.071423
2009-10-14,-2.7379014
2009-10-15,-2.82879
2009-10-16,-2.78298
2009-10-17,-2.7763534
2009-10-18,-2.776226
2009-10-19,2.7568328
2009-10-20,-2.7213032
2009-10-21,-2.7213032
2009-10-22,-2.7213032
2009-10-23,-2.7213032
2009-10-24,-2.497183
2009-10-25,-2.5769036
2009-10-26,-2.517372
2009-10-27,-2.517372
2009-10-28,-2.517372
2009-10-29,-2.5769033
2009-10-30,-2.2591646
2009-10-31,-2.2144477
2009-11-01,-2.1611943
2009-11-02,-2.201199
2009-11-03,-2.076024
2009-11-04,-2.078954
2009-11-05,-2.078954
2009-11-06,-2.078954
2009-11-07,-2.078954
2009-11-08,-1.8544652
2009-11-09,-1.8544652
2009-11-10,-1.8544652
2009-11-11,-1.8544652
2009-11-12,-1.8544652
2009-11-13,-1.8544652
2009-11-14,-2.0219388
2009-11-15,-2.0126696
2009-11-16,-2.0219388
2009-11-17,-2.0082622
2009-11-18,-2.0082622
2009-11-19,-2.0807896
2009-11-20,4.4672627
2009-11-21,-2.0131006
2009-11-22,-2.0082622
2009-11-23,-1.8544652
2009-11-24,-1.8249314
2009-11-25,-1.8249314
2009-11-26,-1.8544652
2009-11-27,-1.8544568
2009-11-28,-1.8525245
2009-11-29,-1.8544652
2009-11-30,-1.8544652
2009-12-01,-1.8544652
2009-12-02,-1.8249314
2009-12-03,-1.8249314
2009-12-04,-1.8249314
2009-12-05,-1.8544652
2009-12-06,-1.8526847
2009-12-07,4.4844837
2009-12-08,-1.7457283
2009-12-09,-1.7604098
2009-12-10,4.7188816
2009-12-11,5.0502157
2009-12-12,4.9918604
2009-12-13,4.9847155
2009-12-14,-1.8151808
2009-12-15,-1.8533261
2009-12-16,-1.8544501
2009-12-17,-2.1454916
2009-12-18,-1.7604098
2009-12-19,-1.8804755
2009-12-20,-1.8804755
2009-12-21,-1.8772645
2009-12-22,-2.0810013
2009-12-23,-1.8804755
2009-12-24,-1.8804755
2009-12-25,-1.8422105
2009-12-26,-1.842209
2009-12-27,-1.8804755
2009-12-28,-1.8804755
2009-12-29,-1.880436
2009-12-30,-1.8804753
2009-12-31,-1.897949
2010-01-01,-2.0810013
2010-01-02,-1.8805852
2010-01-03,-1.8422105
2010-01-04,-1.8422105
2010-01-05,-1.8422105
2010-01-06,-1.8804755
2010-01-07,-1.8804755
2010-01-08,-1.8422105
2010-01-09,-1.9823892
2010-01-10,-1.8422105
2010-01-11,-1.8804755
2010-01-12,4.939138
2010-01-13,4.9684186
2010-01-14,-1.8422105
2010-01-15,-1.8804746
2010-01-16,-1.8418711
2010-01-17,4.827404
2010-01-18,4.8282166
2010-01-19,4.528116
2010-01-20,4.8282194
2010-01-21,4.7266126
2010-01-22,4.779474
2010-01-23,-2.0522404
2010-01-24,-1.7179494
2010-01-25,3.0035741
2010-01-26,3.9986115
2010-01-27,-2.45567
2010-01-28,-2.8505628
2010-01-29,-2.839838
2010-01-30,-2.8399177
2010-01-31,-2.540936
2010-02-01,-2.5396807
2010-02-02,-2.7387323
2010-02-03,-2.6176767
2010-02-04,-2.7143924
2010-02-05,4.249578
2010-02-06,4.81094
2010-02-07,-1.9637306
2010-02-08,-1.7374616
2010-02-09,-0.3106346
2010-02-10,-1.7374616
2010-02-11,-1.885648
2010-02-12,-1.7929869
2010-02-13,-1.7374616
2010-02-14,-1.7374618
2010-02-15,-1.7374616
2010-02-16,-1.7374616
2010-02-17,-1.4749465
2010-02-18,-1.2259145
2010-02-19,-1.2879097
2010-02-20,-1.3065567
2010-02-21,-0.62336326
2010-02-22,-1.4419873
2010-02-23,2.098092
2010-02-24,5.123639
2010-02-25,-2.4560251
2010-02-26,4.3545814
2010-02-27,5.3620477
2010-02-28,-1.4484878
2010-03-01,-1.4737744
2010-03-02,0.7890231
2010-03-03,5.1229587
2010-03-04,-2.2829216
2010-03-05,-2.2930284
2010-03-06,-2.293028
2010-03-07,-1.6876516
2010-03-08,-1.2697301
2010-03-09,-1.2725494
2010-03-10,-2.2083538
2010-03-11,-2.1421552
2010-03-12,5.1328263
2010-03-13,-1.5646048
2010-03-14,-1.5646048
2010-03-15,-1.5646048
2010-03-16,-1.4592049
2010-03-17,-1.3149174
2010-03-18,-1.2879355
2010-03-19,-1.5418024
2010-03-20,-1.6876628
2010-03-21,-1.6876628
2010-03-22,-1.6876628
2010-03-23,-1.5646048
2010-03-24,-1.5646048
2010-03-25,-1.5646048
2010-03-26,-1.5646048
2010-03-27,-1.5657463
2010-03-28,-1.5646048
2010-03-29,-1.5646048
2010-03-30,0.20594776
2010-03-31,-0.86501646
2010-04-01,-1.5646048
2010-04-02,4.8603563
2010-04-03,-1.7985117
2010-04-04,5.3388014
2010-04-05,2.2992554
2010-04-06,-1.5646048
2010-04-07,-1.6876628
2010-04-08,-1.6876628
2010-04-09,-1.6876628
2010-04-10,-1.5646048
2010-04-11,5.2459908
2010-04-12,5.246025
2010-04-13,-1.6867027
2010-04-14,-1.7172928
2010-04-15,-1.7171261
2010-04-16,-1.5869071
2010-04-17,-1.5869071
2010-04-18,-2.0019984
2010-04-19,-2.2001266
2010-04-20,4.666808
2010-04-21,-2.1401265
2010-04-22,-2.3425252
2010-04-23,-2.3425257
2010-04-24,-2.3425257
2010-04-25,-2.3425257
2010-04-26,-2.3425257
2010-04-27,0.40853286
2010-04-28,-1.8157188
2010-04-29,-2.3425257
2010-04-30,-2.3425257
2010-05-01,-2.3425257
2010-05-02,-2.3425257
2010-05-03,-2.3425257
2010-05-04,-2.3425257
2010-05-05,-2.3893638
2010-05-06,-2.3893638
2010-05-07,-2.3893638
2010-05-08,-2.3893638
2010-05-09,-2.3893616
2010-05-10,-2.3527067
2010-05-11,-2.3392937
2010-05-12,-2.3392937
2010-05-13,-2.3392937
2010-05-14,-2.3392937
2010-05-15,-2.4178472
2010-05-16,-2.938671
2010-05-17,-2.9386697
2010-05-18,-2.938671
2010-05-19,-2.938671
2010-05-20,-3.1875548
2010-05-21,-3.1875548
2010-05-22,-2.9384897
2010-05-23,-2.8225942
2010-05-24,-2.8225942
2010-05-25,-2.8174896
2010-05-26,-2.8206391
2010-05-27,-2.1330287
2010-05-28,-2.9639337
2010-05-29,-2.5916524
2010-05-30,-2.5916445
2010-05-31,-2.735935
2010-06-01,-3.0518107
2010-06-02,-2.7032468
2010-06-03,-3.053195
2010-06-04,-3.4386132
2010-06-05,-3.4808962
2010-06-06,-3.340166
2010-06-07,-3.287028
2010-06-08,-3.2915552
2010-06-09,-3.2915552
2010-06-10,-3.2432857
2010-06-11,-3.4768133
2010-06-12,-3.396916
2010-06-13,-3.401002
2010-06-14,-3.4903073
2010-06-15,-3.4993289
2010-06-16,-3.7619295
2010-06-17,-3.735963
2010-06-18,-3.4901655
2010-06-19,-3.365694
2010-06-20,-3.4754362
2010-06-21,-3.452357
2010-06-22,-3.534317
2010-06-23,-3.671715
2010-06-24,-3.8102806
2010-06-25,-3.716607
2010-06-26,-3.4759095
2010-06-27,-3.587239
2010-06-28,-3.8730352
2010-06-29,-4.0568137
2010-06-30,-3.8227348
2010-07-01,-3.7799795
2010-07-02,-4.1327667
2010-07-03,-3.9463766
2010-07-04,-3.987107
2010-07-05,-4.0612264
2010-07-06,-4.144369
2010-07-07,-4.132771
2010-07-08,-4.1327667
2010-07-09,-4.155232
2010-07-10,-4.0852633
2010-07-11,-4.00966
2010-07-12,-4.00966
2010-07-13,-4.0096602
2010-07-14,-4.1454353
2010-07-15,-4.22668
2010-07-16,-4.2724
2010-07-17,-4.2458763
2010-07-18,-4.16804
2010-07-19,-4.1033726
2010-07-20,-4.0837
2010-07-21,-4.0284343
2010-07-22,-4.2724056
2010-07-23,-4.1070213
2010-07-24,-4.147011
2010-07-25,-4.272396
2010-07-26,-4.8342733
2010-07-27,-5.1743145
2010-07-28,-5.3853664
2010-07-29,-5.3993063
2010-07-30,-5.422372
2010-07-31,-5.4038677
2010-08-01,-5.4037647
2010-08-02,-5.42107
2010-08-03,-5.427575
2010-08-04,-5.42235
2010-08-05,-5.4093494
2010-08-06,-5.3832645
2010-08-07,-5.3828907
2010-08-08,-5.3260345
2010-08-09,-5.3260345
2010-08-10,-5.3260355
2010-08-11,-5.3229733
2010-08-12,-5.373127
2010-08-13,-5.373127
2010-08-14,-5.3229723
2010-08-15,-5.3764324
2010-08-16,-5.3764324
2010-08-17,-5.3827286
2010-08-18,-5.3823557
2010-08-19,-5.3823557
2010-08-20,-5.3764324
2010-08-21,-5.282283
2010-08-22,-5.1885176
2010-08-23,-5.3761244
2010-08-24,-5.3764324
2010-08-25,-5.411993
2010-08-26,-5.397007
2010-08-27,-5.397007
2010-08-28,-5.2223864
2010-08-29,-5.3590946
2010-08-30,-5.397007
2010-08-31,-5.397007
2010-09-01,-5.3917294
2010-09-02,-5.397002
2010-09-03,-5.397007
2010-09-04,-5.279874
2010-09-05,-5.279869
2010-09-06,-5.2798357
2010-09-07,-5.2223864
2010-09-08,-5.2223864
2010-09-09,-5.2223864
2010-09-10,-5.2223864
2010-09-11,-5.279869
2010-09-12,-5.279869
2010-09-13,-5.279869
2010-09-14,-5.279869
2010-09-15,-5.279869
2010-09-16,-5.279869
2010-09-17,-5.182251
2010-09-18,-5.044985
2010-09-19,-5.1761856
2010-09-20,-5.182251
2010-09-21,-5.2117405
2010-09-22,-5.2117405
2010-09-23,-5.2117405
2010-09-24,-5.2117405
2010-09-25,-5.2117414
2010-09-26,-5.182251
2010-09-27,-5.044985
2010-09-28,-5.0925236
2010-09-29,-4.728915
2010-09-30,-4.4149656
2010-10-01,-4.4127274
2010-10-02,-5.075453
2010-10-03,-5.075425
2010-10-04,-4.73869
2010-10-05,-4.7384768
2010-10-06,-5.2798004
2010-10-07,-5.3596926
2010-10-08,-5.397031
2010-10-09,-5.121273
2010-10-10,-5.3285704
2010-10-11,-4.6682806
2010-10-12,-4.394102
2010-10-13,-4.3939476
2010-10-14,-5.0832186
2010-10-15,-5.2117405
2010-10-16,-5.2117405
2010-10-17,-5.222359
2010-10-18,-5.279866
2010-10-19,-5.2117405
2010-10-20,-5.279869
2010-10-21,-5.279869
2010-10-22,-5.2117405
2010-10-23,1.4240555
2010-10-24,1.5988841
2010-10-25,-5.367094
2010-10-26,-5.3650875
2010-10-27,-5.4087296
2010-10-28,-5.405624
2010-10-29,-5.37193
2010-10-30,-5.3721213
2010-10-31,-5.3723135
2010-11-01,-5.3723135
2010-11-02,-5.3723135
2010-11-03,-5.3723135
2010-11-04,-5.22241
2010-11-05,-5.279869
2010-11-06,-5.279869
2010-11-07,1.5305347
2010-11-08,-5.279869
2010-11-09,-5.279869
2010-11-10,-5.233865
2010-11-11,-4.7923555
2010-11-12,-4.3413267
2010-11-13,-4.58549
2010-11-14,-4.3763933
2010-11-15,-4.4590864
2010-11-16,-4.4594564
2010-11-17,-4.522437
2010-11-18,-4.597907
2010-11-19,-0.19802909
2010-11-20,1.4718318
2010-11-21,-5.42272
2010-11-22,-5.3135433
2010-11-23,-3.885144
2010-11-24,-5.426918
2010-11-25,-5.426918
2010-11-26,-5.426918
2010-11-27,1.3832892
2010-11-28,-5.426279
2010-11-29,-5.426279
2010-11-30,-5.426918
2010-12-01,-5.426918
2010-12-02,-5.426918
2010-12-03,-5.426918
2010-12-04,-5.4162564
2010-12-05,1.3837093
2010-12-06,-4.1178265
2010-12-07,-5.404752
2010-12-08,-5.3961515
2010-12-09,-5.4023952
2010-12-10,-5.404752
2010-12-11,-5.404752
2010-12-12,-5.404752
2010-12-13,-5.404752
2010-12-14,-3.6353247
2010-12-15,-5.40475
2010-12-16,-5.404707
2010-12-17,1.4054843
2010-12-18,1.4054817
2010-12-19,1.5263246
2010-12-20,1.5264456
2010-12-21,0.9614356
2010-12-22,1.7524283
2010-12-23,-5.0581923
2010-12-24,-5.0581923
2010-12-25,1.752403
2010-12-26,-5.0581923
2010-12-27,-5.2841854
2010-12-28,1.5263933
2010-12-29,0.26819378
2010-12-30,-4.9772434
2010-12-31,-4.9772434
2011-01-01,1.8333164
2011-01-02,1.8333881
2011-01-03,-4.9772434
2011-01-04,-4.61244
2011-01-05,-4.5754433
2011-01-06,-4.5754433
2011-01-07,-4.5754433
2011-01-08,-4.9772434
2011-01-09,-4.9772434
2011-01-10,-4.9772434
2011-01-11,-4.9848614
2011-01-12,-5.404752
2011-01-13,-5.404752
2011-01-14,-5.404752
2011-01-15,-5.404752
2011-01-16,-5.401122
2011-01-17,-5.277562
2011-01-18,-5.277562
2011-01-19,-5.1827965
2011-01-20,-4.9902897
2011-01-21,-4.455371
2011-01-22,-4.455371
2011-01-23,-4.455371
2011-01-24,-4.836747
2011-01-25,-4.6910543
2011-01-26,-4.6910543
2011-01-27,-4.6910543
2011-01-28,-4.6910076
2011-01-29,-4.254531
2011-01-30,2.7456653
2011-01-31,-4.064844
2011-02-01,-4.064844
2011-02-02,-4.064844
2011-02-03,-4.064844
2011-02-04,-4.064844
2011-02-05,-3.9514854
2011-02-06,-3.9514854
2011-02-07,-4.064844
2011-02-08,-4.064844
2011-02-09,-3.9514878
2011-02-10,-4.122
2011-02-11,-4.122
2011-02-12,-3.9514854
2011-02-13,-3.9514859
2011-02-14,-4.1936965
2011-02-15,-4.2835546
2011-02-16,2.647945
2011-02-17,2.6501908
2011-02-18,2.6501946
2011-02-19,2.64789
2011-02-20,-3.9628932
2011-02-21,-3.9514854
2011-02-22,-4.064844
2011-02-23,-4.064844
2011-02-24,1.4810857
2011-02-25,2.506881
2011-02-26,-4.4882956
2011-02-27,-4.723055
2011-02-28,-4.7273674
2011-03-01,-4.727296
2011-03-02,2.050807
2011-03-03,-4.7583685
2011-03-04,-4.479561
2011-03-05,-4.309603
2011-03-06,2.432352
2011-03-07,-4.3096046
2011-03-08,-4.2117643
2011-03-09,-4.108408
2011-03-10,-4.110243
2011-03-11,-4.110243
2011-03-12,-4.0127163
2011-03-13,-3.7972767
2011-03-14,-4.0132055
2011-03-15,2.8823583
2011-03-16,-4.1492534
2011-03-17,-4.097288
2011-03-18,2.7751908
2011-03-19,-2.9196444
2011-03-20,2.1731534
2011-03-21,-3.8925574
2011-03-22,-3.893494
2011-03-23,2.9169674
2011-03-24,3.0076447
2011-03-25,-3.8029354
2011-03-26,3.0487537
2011-03-27,-3.7603886
2011-03-28,-3.8936632
2011-03-29,-3.7158408
2011-03-30,-3.7330015
2011-03-31,-3.7330015
2011-04-01,-3.7330015
2011-04-02,-3.602614
2011-04-03,-3.4722822
2011-04-04,-3.4060414
2011-04-05,-3.4060414
2011-04-06,-3.4060414
2011-04-07,-3.3068495
2011-04-08,-3.2477064
2011-04-09,-3.2973058
2011-04-10,-3.1639478
2011-04-11,-3.1639478
2011-04-12,-3.1639478
2011-04-13,-3.1623192
2011-04-14,-3.0853145
2011-04-15,-3.1623185
2011-04-16,-3.2435515
2011-04-17,-3.221268
2011-04-18,-3.2435515
2011-04-19,-3.0942085
2011-04-20,-2.9993737
2011-04-21,-2.9560173
2011-04-22,-2.7847857
2011-04-23,-2.7840276
2011-04-24,-2.9313807
2011-04-25,-2.9313807
2011-04-26,-2.9613788
2011-04-27,-2.9471703
2011-04-28,-3.1161194
2011-04-29,-2.991588
2011-04-30,-2.7941036
2011-05-01,-2.7940793
2011-05-02,-2.794078
2011-05-03,-2.6616185
2011-05-04,-2.8412323
2011-05-05,-2.9347591
2011-05-06,-2.9347591
2011-05-07,-2.9347591
2011-05-08,-2.6524951
2011-05-09,-2.5319967
2011-05-10,-2.5908046
2011-05-11,-2.5908046
2011-05-12,-2.485449
2011-05-13,-2.7111475
2011-05-14,-2.590784
2011-05-15,4.3235545
2011-05-16,-2.2439182
2011-05-17,4.4786205
2011-05-18,-2.307336
2011-05-19,-2.2632995
2011-05-20,-2.3487518
2011-05-21,-2.3073475
2011-05-22,-2.3724542
2011-05-23,-2.4078293
2011-05-24,-2.3724542
2011-05-25,-2.3699236
2011-05-26,-2.3724542
2011-05-27,-2.4155812
2011-05-28,-2.3287902
2011-05-29,-1.364123
2011-05-30,-1.4913073
2011-05-31,-2.333273
2011-06-01,-2.1520185
2011-06-02,-2.2843192
2011-06-03,-2.1145165
2011-06-04,4.918787
2011-06-05,-1.9734204
2011-06-06,-2.097248
2011-06-07,-2.0972493
2011-06-08,-2.0444133
2011-06-09,-2.0442703
2011-06-10,-1.9735322
2011-06-11,-1.9735322
2011-06-12,-2.228667
2011-06-13,-2.2939382
2011-06-14,-1.8513801
2011-06-15,-1.9836111
2011-06-16,-1.9522331
2011-06-17,-2.002279
2011-06-18,-1.9526544
2011-06-19,-2.0591805
2011-06-20,-2.6837606
2011-06-21,-2.5633187
2011-06-22,-2.5633187
2011-06-23,-2.2746313
2011-06-24,-2.677062
2011-06-25,-2.683861
2011-06-26,-2.683861
2011-06-27,-2.6919925
2011-06-28,-2.0835147
2011-06-29,-2.4457133
2011-06-30,-2.8714592
2011-07-01,-2.871457
2011-07-02,-2.8714595
2011-07-03,-2.8936174
2011-07-04,-2.9079704
2011-07-05,-2.9118583
2011-07-06,-2.9604945
2011-07-07,-2.9704518
2011-07-08,-3.2538748
2011-07-09,-3.4016612
2011-07-10,-2.8750157
2011-07-11,-2.850187
2011-07-12,-2.8447192
2011-07-13,-2.852063
2011-07-14,-2.9594076
2011-07-15,-3.3518333
2011-07-16,-3.3513165
2011-07-17,-3.3513167
2011-07-18,-3.3426583
2011-07-19,-3.3734536
2011-07-20,-3.4682813
2011-07-21,-3.33729
2011-07-22,-3.3814914
2011-07-23,-3.4869127
2011-07-24,-3.5180764
2011-07-25,-3.8778358
2011-07-26,-3.8317723
2011-07-27,-3.8720222
2011-07-28,-3.7052395
2011-07-29,-3.701082
2011-07-30,-3.807073
2011-07-31,-3.8643184
2011-08-01,-3.734203
2011-08-02,-3.734203
2011-08-03,-3.734203
2011-08-04,-3.734203
2011-08-05,-3.841122
2011-08-06,-3.893669
2011-08-07,-4.0151834
2011-08-08,-4.1121926
2011-08-09,-4.1121926
2011-08-10,-4.243081
2011-08-11,-4.312723
2011-08-12,-4.312542
2011-08-13,-4.4149656
2011-08-14,-4.4149656
2011-08-15,-4.4149656
2011-08-16,-4.4149656
2011-08-17,-4.7288876
2011-08-18,-4.3110514
2011-08-19,-4.4149656
2011-08-20,-4.414963
2011-08-21,-4.312542
2011-08-22,-4.1577005
2011-08-23,-4.1577005
2011-08-24,-4.0586867
2011-08-25,-3.9808052
2011-08-26,-3.8141067
2011-08-27,-3.8387291
2011-08-28,-3.8721735
2011-08-29,-3.921044
2011-08-30,-3.98187
2011-08-31,-3.814557
2011-09-01,-3.814557
2011-09-02,-3.7992206
2011-09-03,-3.8851945
2011-09-04,-3.8949091
2011-09-05,-3.8583028
2011-09-06,-3.8583028
2011-09-07,-3.8675754
2011-09-08,-3.92719
2011-09-09,-3.9072096
2011-09-10,-3.92719
2011-09-11,-3.9569843
2011-09-12,-4.0372505
2011-09-13,-4.1151056
2011-09-14,-4.1150985
2011-09-15,-3.995753
2011-09-16,-4.0937047
2011-09-17,-4.1151056
2011-09-18,-4.013918
2011-09-19,-3.9454267
2011-09-20,-4.017821
2011-09-21,-3.9730847
2011-09-22,-3.904669
2011-09-23,-3.904669
2011-09-24,-4.074908
2011-09-25,-4.233351
2011-09-26,-4.349537
2011-09-27,-4.2333536
2011-09-28,-4.2574215
2011-09-29,-4.2333527
2011-09-30,-4.0322056
2011-10-01,-4.0322056
2011-10-02,-4.1845856
2011-10-03,-4.184552
2011-10-04,-4.401211
2011-10-05,2.4337838
2011-10-06,-4.3765545
2011-10-07,-4.588978
2011-10-08,-4.396693
2011-10-09,-4.4450665
2011-10-10,-4.6681495
2011-10-11,-4.445056
2011-10-12,-4.445059
2011-10-13,-4.416897
2011-10-14,-4.2718763
2011-10-15,-4.2718763
2011-10-16,-4.2718763
2011-10-17,-4.158083
2011-10-18,-4.158083
2011-10-19,-4.107946
2011-10-20,-4.107946
2011-10-21,-4.107946
2011-10-22,-4.4149656
2011-10-23,-4.4149656
2011-10-24,-4.4149656
2011-10-25,-4.6682806
2011-10-26,-4.631562
2011-10-27,-4.5508823
2011-10-28,-4.5508823
2011-10-29,-4.5508823
2011-10-30,-4.5508823
2011-10-31,-4.5508823
2011-11-01,-4.5508823
2011-11-02,-4.8371964
2011-11-03,-4.8371964
2011-11-04,-4.8371964
2011-11-05,-0.6751213
2011-11-06,-5.0260963
2011-11-07,-4.6682806
2011-11-08,-4.6682806
2011-11-09,-4.6682806
2011-11-10,-4.6682806
2011-11-11,1.7623936
2011-11-12,-4.6682806
2011-11-13,-4.6682806
2011-11-14,-4.6682806
2011-11-15,-4.6682806
2011-11-16,-4.6682806
2011-11-17,-4.6682806
2011-11-18,-4.6682806
2011-11-19,-4.668248
2011-11-20,2.1423502
2011-11-21,-4.6682806
2011-11-22,-4.6682806
2011-11-23,-4.668271
2011-11-24,-4.409506
2011-11-25,-4.4149666
2011-11-26,-4.714801
2011-11-27,-4.68591
2011-11-28,-4.728835
2011-11-29,-4.4149656
2011-11-30,-4.3962116
2011-12-01,-4.2333536
2011-12-02,-4.191915
2011-12-03,-4.191915
2011-12-04,-4.8257847
2011-12-05,-4.874749
2011-12-06,-4.673874
2011-12-07,-4.673874
2011-12-08,-4.673874
2011-12-09,-4.673874
2011-12-10,-4.9772167
2011-12-11,-4.9772167
2011-12-12,-4.9772167
2011-12-13,-4.9772167
2011-12-14,-4.9772167
2011-12-15,-4.9772167
2011-12-16,-4.9844894
2011-12-17,-5.1720695
2011-12-18,-5.1715603
2011-12-19,-5.1720695
2011-12-20,-5.1720695
2011-12-21,-4.810953
2011-12-22,-5.1720695
2011-12-23,-5.1720695
2011-12-24,-4.7039776
2011-12-25,-4.3121595
2011-12-26,-4.3121595
2011-12-27,-4.3121595
2011-12-28,-4.3121595
2011-12-29,-4.3121986
2011-12-30,-4.3121758
2011-12-31,-4.3121595
2012-01-01,-4.3121595
2012-01-02,-4.3121595
2012-01-03,-4.3121595
2012-01-04,-4.3121595
2012-01-05,-4.312151
2012-01-06,-4.064844
2012-01-07,-4.064844
2012-01-08,-4.640399
2012-01-09,-4.455371
2012-01-10,-4.455371
2012-01-11,-4.455371
2012-01-12,-4.455371
2012-01-13,-4.7604885
2012-01-14,-5.277561
2012-01-15,-5.277562
2012-01-16,-5.277562
2012-01-17,-5.2086077
2012-01-18,-5.2071276
2012-01-19,-4.712049
2012-01-20,2.3262327
2012-01-21,0.36262965
2012-01-22,-2.2648165
2012-01-23,2.2351542
2012-01-24,-4.8009005
2012-01-25,-4.7583685
2012-01-26,-4.7583685
2012-01-27,-4.7583838
2012-01-28,-5.084594
2012-01-29,-5.084594
2012-01-30,-5.2082987
2012-01-31,-5.2086077
2012-02-01,-5.3723135
2012-02-02,-5.2086077
2012-02-03,-5.2086077
2012-02-04,-5.1099234
2012-02-05,-5.1099234
2012-02-06,-5.1099176
2012-02-07,-4.6756544
2012-02-08,-4.676134
2012-02-09,-4.3617554
2012-02-10,-4.2848606
2012-02-11,-4.187934
2012-02-12,-4.2691345
2012-02-13,2.6123745
2012-02-14,-4.0530515
2012-02-15,-4.0530124
2012-02-16,-3.9467065
2012-02-17,-3.9467065
2012-02-18,-3.9467065
2012-02-19,-3.9467065
2012-02-20,-3.8936632
2012-02-21,-3.8936632
2012-02-22,-3.8526933
2012-02-23,-3.8339343
2012-02-24,-3.8339343
2012-02-25,-3.8339343
2012-02-26,-3.8339343
2012-02-27,-3.8339114
2012-02-28,-3.8339343
2012-02-29,2.975547
2012-03-01,-3.7229488
2012-03-02,-3.811382
2012-03-03,-3.7851388
2012-03-04,-3.7851388
2012-03-05,-3.7851388
2012-03-06,-3.7851386
2012-03-07,-3.85611
2012-03-08,-3.8761647
2012-03-09,-3.8780887
2012-03-10,-4.0556087
2012-03-11,-4.026199
2012-03-12,-3.8561509
2012-03-13,-2.071352
2012-03-14,2.9521744
2012-03-15,-3.784757
2012-03-16,3.0100212
2012-03-17,-0.0096680075
2012-03-18,-3.9998534
2012-03-19,-4.0020957
2012-03-20,-3.9999096
2012-03-21,-4.0112333
2012-03-22,-3.8535964
2012-03-23,-3.3732855
2012-03-24,-3.2765963
2012-03-25,3.4878423
2012-03-26,-3.325589
2012-03-27,-3.253162
2012-03-28,-3.263808
2012-03-29,-3.3221457
2012-03-30,-3.1453743
2012-03-31,3.5912395
2012-04-01,-3.2021182
2012-04-02,-3.145374
2012-04-03,-3.0120807
2012-04-04,-3.0707588
2012-04-05,-3.2154276
2012-04-06,-3.1596885
2012-04-07,-3.1593003
2012-04-08,-3.05329
2012-04-09,-2.925527
2012-04-10,-2.9225285
2012-04-11,3.3117836
2012-04-12,3.8709595
2012-04-13,3.9509068
2012-04-14,-3.1077824
2012-04-15,-3.1676254
2012-04-16,-3.1676254
2012-04-17,-3.0460691
2012-04-18,-3.0460691
2012-04-19,-2.922232
2012-04-20,-2.8847632
2012-04-21,-2.9237309
2012-04-22,-2.800657
2012-04-23,-2.800657
2012-04-24,-2.7950473
2012-04-25,-2.9031613
2012-04-26,-2.9112985
2012-04-27,-2.9120839
2012-04-28,-2.9120839
2012-04-29,-2.9120839
2012-04-30,-2.922232
2012-05-01,-2.9863172
2012-05-02,-3.0535216
2012-05-03,-2.7950473
2012-05-04,-2.8072553
2012-05-05,-2.608228
2012-05-06,-2.700015
2012-05-07,-2.857882
2012-05-08,-2.3841465
2012-05-09,-2.2877069
2012-05-10,-2.2877069
2012-05-11,-2.2877069
2012-05-12,-2.3841465
2012-05-13,-2.3841465
2012-05-14,-2.7366166
2012-05-15,-2.7525873
2012-05-16,-2.7525873
2012-05-17,-2.606077
2012-05-18,-2.7427568
2012-05-19,-2.8044033
2012-05-20,-2.7579775
2012-05-21,-2.7525873
2012-05-22,-2.606397
2012-05-23,-2.613926
2012-05-24,-2.7456849
2012-05-25,-2.634834
2012-05-26,-2.6348338
2012-05-27,-2.6250286
2012-05-28,-2.277341
2012-05-29,-1.6656451
2012-05-30,-1.5507793
2012-05-31,-1.7097569
2012-06-01,-2.1739852
2012-06-02,-2.4601839
2012-06-03,-1.9035497
2012-06-04,-1.9035301
2012-06-05,-2.0619333
2012-06-06,-1.9035497
2012-06-07,-1.9035497
2012-06-08,-1.9035497
2012-06-09,-1.9035466
2012-06-10,-1.8052425
2012-06-11,-1.5050933
2012-06-12,-1.6289744
2012-06-13,-1.9035497
2012-06-14,-1.9035497
2012-06-15,-1.9035497
2012-06-16,-1.5507634
2012-06-17,-1.5050933
2012-06-18,-1.3636811
2012-06-19,-1.2543261
2012-06-20,-1.2543261
2012-06-21,-1.2543261
2012-06-22,-1.2543261
2012-06-23,-1.3636811
2012-06-24,-1.3636811
2012-06-25,-1.3636811
2012-06-26,-1.3636811
2012-06-27,-1.3636811
2012-06-28,-1.3636811
2012-06-29,-1.201227
2012-06-30,-1.3636811
2012-07-01,-1.5050933
2012-07-02,-1.5050933
2012-07-03,-1.6289744
2012-07-04,-1.5386355
2012-07-05,-1.5386355
2012-07-06,-1.3636811
2012-07-07,-1.3636811
2012-07-08,-1.3636811
2012-07-09,-1.2543261
2012-07-10,-1.1542659
2012-07-11,-1.1528442
2012-07-12,-1.1528442
2012-07-13,-1.1528442
2012-07-14,-1.5507858
2012-07-15,-1.6942949
2012-07-16,-1.421346
2012-07-17,-1.3781452
2012-07-18,-1.3058187
2012-07-19,-1.7840629
2012-07-20,-2.0100932
2012-07-21,-1.7248805
2012-07-22,-1.229912
2012-07-23,-1.2298789
2012-07-24,-1.3536723
2012-07-25,-1.4337585
2012-07-26,-1.2298789
2012-07-27,-1.6537957
2012-07-28,-1.7241619
2012-07-29,-1.4337524
2012-07-30,-1.4337585
2012-07-31,-1.7241688
2012-08-01,-1.7840681
2012-08-02,-1.7840681
2012-08-03,-1.7914042
2012-08-04,-1.8175333
2012-08-05,-2.0051723
2012-08-06,-1.8738205
2012-08-07,-1.8774436
2012-08-08,-1.8704565
2012-08-09,-1.8914201
2012-08-10,-2.0372949
2012-08-11,-2.0927835
2012-08-12,-2.2096639
2012-08-13,-2.1827579
2012-08-14,-2.308117
2012-08-15,-2.0973053
2012-08-16,-2.4347339
2012-08-17,-2.6706634
2012-08-18,-2.6077292
2012-08-19,-2.482247
2012-08-20,-2.4822474
2012-08-21,-2.5966606
2012-08-22,-2.2840807
2012-08-23,-1.9465635
2012-08-24,-2.1252353
2012-08-25,-2.5966609
2012-08-26,-2.3475323
2012-08-27,-2.3321488
2012-08-28,-2.4681125
2012-08-29,-2.5972955
2012-08-30,-2.6097708
2012-08-31,-2.1733136
2012-09-01,-2.173299
2012-09-02,-2.6564524
2012-09-03,-2.6713648
2012-09-04,-2.6542695
2012-09-05,-2.7344785
2012-09-06,-2.7788107
2012-09-07,-2.7433732
2012-09-08,-2.6501374
2012-09-09,-2.7311606
2012-09-10,-2.7202878
2012-09-11,-2.7237704
2012-09-12,-2.9375367
2012-09-13,-2.9882836
2012-09-14,-2.93555
2012-09-15,-3.6028883
2012-09-16,-3.5528615
2012-09-17,-3.3194063
2012-09-18,-3.067839
2012-09-19,-3.067834
2012-09-20,-2.7324212
2012-09-21,-3.0826824
2012-09-22,-3.1500177
2012-09-23,-3.1711237
2012-09-24,-3.0141838
2012-09-25,-3.1920931
2012-09-26,-3.4208872
2012-09-27,-3.4860408
2012-09-28,-3.5140746
2012-09-29,-3.51405
2012-09-30,-3.4208236
2012-10-01,-3.5827057
2012-10-02,-3.5456424
2012-10-03,-3.6607192
2012-10-04,-3.5456424
2012-10-05,-3.6773164
2012-10-06,-3.5625122
2012-10-07,-3.4882934
2012-10-08,-3.3207595
2012-10-09,-3.425145
2012-10-10,-3.526283
2012-10-11,-3.4836552
2012-10-12,-3.4836614
2012-10-13,-3.2352805
2012-10-14,-3.2352533
2012-10-15,-3.2526054
2012-10-16,-3.4708605
2012-10-17,-3.4329078
2012-10-18,-3.4181945
2012-10-19,-3.405859
2012-10-20,-3.405859
2012-10-21,-3.405859
2012-10-22,3.4013197
2012-10-23,-2.8298292
2012-10-24,-3.3266852
2012-10-25,-3.3136475
2012-10-26,-3.1640763
2012-10-27,-3.1514904
2012-10-28,-3.1514904
2012-10-29,-3.0862765
2012-10-30,-3.2207
2012-10-31,-3.338747
2012-11-01,-3.3450596
2012-11-02,-3.2040322
2012-11-03,-3.1133895
2012-11-04,-3.1096153
2012-11-05,-3.161603
2012-11-06,-3.3844395
2012-11-07,-3.406472
2012-11-08,-3.4797268
2012-11-09,-3.3992808
2012-11-10,-3.3949215
2012-11-11,-3.4939845
2012-11-12,-3.4939845
2012-11-13,-3.4312928
2012-11-14,-3.3453555
2012-11-15,-3.4318802
2012-11-16,-3.4077837
2012-11-17,3.3244596
2012-11-18,-3.4473708
2012-11-19,-3.5597408
2012-11-20,-3.501124
2012-11-21,-3.279476
2012-11-22,-3.450207
2012-11-23,-3.509817
2012-11-24,-3.439942
2012-11-25,-3.439942
2012-11-26,-3.548744
2012-11-27,-3.5004206
2012-11-28,3.3101702
2012-11-29,-3.4781938
2012-11-30,3.2573125
2012-12-01,2.6318278
2012-12-02,2.6127977
2012-12-03,-4.197603
2012-12-04,-3.6060734
2012-12-05,2.4058425
2012-12-06,-3.6436608
2012-12-07,-3.3136995
2012-12-08,-3.5098157
2012-12-09,-3.3687775
2012-12-10,-3.4540567
2012-12-11,-3.7873795
2012-12-12,-3.9503458
2012-12-13,-4.060021
2012-12-14,-3.8117526
2012-12-15,-4.070988
2012-12-16,-4.4025974
2012-12-17,-4.281345
2012-12-18,-4.295939
2012-12-19,-3.8942792
2012-12-20,-3.8917696
2012-12-21,1.2702373
2012-12-22,2.3229368
2012-12-23,2.4380918
2012-12-24,-4.132793
2012-12-25,2.6500456
2012-12-26,-4.2362285
2012-12-27,-4.4337645
2012-12-28,-4.120428
2012-12-29,-3.795292
2012-12-30,-4.44258
2012-12-31,-4.4087734
2013-01-01,-4.1794963
2013-01-02,-4.021741
2013-01-03,-3.821234
2013-01-04,-3.8082135
2013-01-05,-4.2546773
2013-01-06,2.0483942
2013-01-07,-5.3691063
2013-01-08,-5.3691063
2013-01-09,-5.233967
2013-01-10,-5.3691063
2013-01-11,-5.3691063
2013-01-12,-5.3691063
2013-01-13,-5.3691063
2013-01-14,-5.260826
2013-01-15,-4.9730473
2013-01-16,-5.260826
2013-01-17,-5.3397694
2013-01-18,-5.078724
2013-01-19,-5.40454
2013-01-20,-5.404752
2013-01-21,-5.3829794
2013-01-22,-5.0128574
2013-01-23,-5.0128574
2013-01-24,1.7977724
2013-01-25,-5.0010033
2013-01-26,-5.3829794
2013-01-27,-5.3829794
2013-01-28,-5.3107996
2013-01-29,-5.3098516
2013-01-30,-4.3450956
2013-01-31,-4.0073147
2013-02-01,-4.0050445
2013-02-02,-5.2475576
2013-02-03,-4.788993
2013-02-04,-4.152488
2013-02-05,-3.8981683
2013-02-06,-3.9033067
2013-02-07,-4.017954
2013-02-08,-4.692998
2013-02-09,-4.518071
2013-02-10,-4.1642723
2013-02-11,-3.9823768
2013-02-12,-4.032202
2013-02-13,-4.016349
2013-02-14,-4.166353
2013-02-15,-3.9776027
2013-02-16,-4.166353
2013-02-17,-4.166353
2013-02-18,-4.4954443
2013-02-19,2.7489893
2013-02-20,-4.0326166
2013-02-21,-4.327196
2013-02-22,-4.27009
2013-02-23,-3.8699598
2013-02-24,-3.6888814
2013-02-25,-3.4637654
2013-02-26,-3.4636428
2013-02-27,-3.436571
2013-02-28,-3.2984583
2013-03-01,-3.3835673
2013-03-02,-3.3598764
2013-03-03,-3.359876
2013-03-04,-3.359876
2013-03-05,-3.6130724
2013-03-06,3.2480834
2013-03-07,-3.3076384
2013-03-08,-3.3076138
2013-03-09,-3.2768698
2013-03-10,-3.341122
2013-03-11,-3.0834439
2013-03-12,-2.8902743
2013-03-13,-2.8902736
2013-03-14,-2.8902736
2013-03-15,-2.8902736
2013-03-16,-2.8902736
2013-03-17,-2.8902736
2013-03-18,-2.8706799
2013-03-19,-2.8902736
2013-03-20,-3.0030942
2013-03-21,-3.1262257
2013-03-22,-2.7833812
2013-03-23,-2.7836726
2013-03-24,-2.7672677
2013-03-25,-2.8578823
2013-03-26,-2.8631625
2013-03-27,-2.7833793
2013-03-28,-2.7833793
2013-03-29,-2.7671525
2013-03-30,-2.857882
2013-03-31,4.1245017
2013-04-01,-2.6445007
2013-04-02,-2.7340555
2013-04-03,-2.7525873
2013-04-04,-2.7298267
2013-04-05,-2.7525873
2013-04-06,-2.7340474
2013-04-07,-2.7340474
2013-04-08,-2.8699737
2013-04-09,-2.7340474
2013-04-10,-2.7340474
2013-04-11,-2.7340457
2013-04-12,-2.7340474
2013-04-13,-2.5430381
2013-04-14,-2.6402135
2013-04-15,-2.6477363
2013-04-16,-2.6477363
2013-04-17,-2.6477363
2013-04-18,-2.6477363
2013-04-19,-2.6477363
2013-04-20,-2.6387868
2013-04-21,-2.5692828
2013-04-22,-2.398487
2013-04-23,-2.5691843
2013-04-24,-2.27731
2013-04-25,-2.3682463
2013-04-26,-2.3684742
2013-04-27,-2.3276143
2013-04-28,-2.3276136
2013-04-29,-2.2539659
2013-04-30,-2.3273041
2013-05-01,-2.3276143
2013-05-02,-2.3276143
2013-05-03,-2.2686357
2013-05-04,-2.1734748
2013-05-05,-2.1734703
2013-05-06,-2.171351
2013-05-07,-2.204663
2013-05-08,-2.4130359
2013-05-09,-2.3025978
2013-05-10,-2.250082
2013-05-11,-2.5495708
2013-05-12,-2.9023552
2013-05-13,-2.6794047
2013-05-14,-2.5663643
2013-05-15,-2.1941974
2013-05-16,-2.3392937
2013-05-17,-2.3392112
2013-05-18,-2.3025978
2013-05-19,-2.20463
2013-05-20,-2.095669
2013-05-21,-2.527471
2013-05-22,-2.6915884
2013-05-23,-2.6915884
2013-05-24,-2.5274582
2013-05-25,-2.527471
2013-05-26,-2.763494
2013-05-27,-2.9026115
2013-05-28,-2.9026115
2013-05-29,-2.6554706
2013-05-30,-2.6554568
2013-05-31,-2.6915884
2013-06-01,-2.7016344
2013-06-02,-2.2681103
2013-06-03,-2.204445
2013-06-04,-2.6822128
2013-06-05,-2.6915708
2013-06-06,-2.459704
2013-06-07,-2.4906197
2013-06-08,-2.3300443
2013-06-09,-2.2057378
2013-06-10,-2.205733
2013-06-11,-2.2057378
2013-06-12,-2.0438662
2013-06-13,-1.7860599
2013-06-14,-2.4332976
2013-06-15,-2.3855436
2013-06-16,-2.8206863
2013-06-17,-2.7076893
2013-06-18,-2.8720036
2013-06-19,-2.8720036
2013-06-20,-2.7263348
2013-06-21,-2.7077699
2013-06-22,-2.5647209
2013-06-23,-2.4859374
2013-06-24,-2.4308224
2013-06-25,-2.4349391
2013-06-26,-2.3480933
2013-06-27,-2.3516064
2013-06-28,-2.3445685
2013-06-29,-2.6767716
2013-06-30,-2.6768615
2013-07-01,-2.7424285
2013-07-02,-2.468597
2013-07-03,-2.454243
2013-07-04,-2.8104527
2013-07-05,-2.8627088
2013-07-06,-3.2043524
2013-07-07,-3.1360075
2013-07-08,-3.1782205
2013-07-09,-3.362465
2013-07-10,-3.3365998
2013-07-11,-3.3365998
2013-07-12,-3.3827577
2013-07-13,-3.45382
2013-07-14,-3.389844
2013-07-15,-3.4515016
2013-07-16,-3.5918922
2013-07-17,-3.5918922
2013-07-18,-3.5918922
2013-07-19,-3.5918922
2013-07-20,-3.7338085
2013-07-21,-3.6518335
2013-07-22,-3.733877
2013-07-23,-3.733877
2013-07-24,-3.5892742
2013-07-25,-3.4312632
2013-07-26,-3.404611
2013-07-27,-3.4061794
2013-07-28,-3.488283
2013-07-29,-3.4318628
2013-07-30,-3.3236485
2013-07-31,-3.5267456
2013-08-01,-3.7346745
2013-08-02,-3.9443977
2013-08-03,-3.6688995
2013-08-04,-3.9443786
2013-08-05,-3.9151285
2013-08-06,-3.919237
2013-08-07,-3.9443786
2013-08-08,-3.9443786
2013-08-09,-3.9443786
2013-08-10,-3.8178003
2013-08-11,-3.8036761
2013-08-12,-3.7722113
2013-08-13,-3.7722113
2013-08-14,-3.947049
2013-08-15,-3.8036
2013-08-16,-3.8036
2013-08-17,-3.9470503
2013-08-18,-3.9470503
2013-08-19,-4.122268
2013-08-20,-3.9470522
2013-08-21,-4.057459
2013-08-22,-4.065977
2013-08-23,-3.7076607
2013-08-24,-3.7075183
2013-08-25,-3.6040213
2013-08-26,-3.5394933
2013-08-27,-3.7019284
2013-08-28,-3.641405
2013-08-29,-3.848959
2013-08-30,-3.8153493
2013-08-31,-3.4983907
2013-09-01,-3.6535048
2013-09-02,-3.4338722
2013-09-03,-3.4789886
2013-09-04,-3.5913293
2013-09-05,-3.482713
2013-09-06,-3.5636592
2013-09-07,-3.5353758
2013-09-08,-3.5353758
2013-09-09,-3.5353758
2013-09-10,-3.5353758
2013-09-11,-3.5353758
2013-09-12,-3.5353758
2013-09-13,-3.5353758
2013-09-14,-3.5353758
2013-09-15,-3.676867
2013-09-16,-3.6792748
2013-09-17,-3.6751647
2013-09-18,-3.7033389
2013-09-19,-3.666057
2013-09-20,-3.7228925
2013-09-21,3.0581577
2013-09-22,-3.7443514
2013-09-23,-3.9069116
2013-09-24,-4.0438495
2013-09-25,-4.134704
2013-09-26,-4.147384
2013-09-27,-4.0528827
2013-09-28,-4.1446085
2013-09-29,-4.1695323
2013-09-30,-4.169533
2013-10-01,-4.4157906
2013-10-02,-4.5432644
2013-10-03,-4.4158525
2013-10-04,-4.402629
2013-10-05,-4.276619
2013-10-06,-4.251602
2013-10-07,-4.333559
2013-10-08,-4.322959
2013-10-09,-4.166821
2013-10-10,-4.2088404
2013-10-11,-4.2433395
2013-10-12,-4.219695
2013-10-13,-4.2088404
2013-10-14,-4.2088404
2013-10-15,-4.2088404
2013-10-16,-4.190406
2013-10-17,-4.154849
2013-10-18,-4.077938
2013-10-19,-4.077938
2013-10-20,-3.973696
2013-10-21,-4.2169933
2013-10-22,-4.1533437
2013-10-23,-4.0604396
2013-10-24,-4.032795
2013-10-25,-3.7390356
2013-10-26,-3.7370892
2013-10-27,-3.9939215
2013-10-28,-3.7440035
2013-10-29,-3.6259537
2013-10-30,-3.6022425
2013-10-31,-3.4607031
2013-11-01,-3.4068043
2013-11-02,-3.4067862
2013-11-03,-3.4067857
2013-11-04,-3.4067857
2013-11-05,-3.4067857
2013-11-06,-3.5224822
2013-11-07,-3.5278463
2013-11-08,-3.522482
2013-11-09,-3.4783695
2013-11-10,-3.4885163
2013-11-11,-3.4885163
2013-11-12,-3.3411515
2013-11-13,-3.3411515
2013-11-14,-3.4259744
2013-11-15,-3.4886649
2013-11-16,-3.4260597
2013-11-17,-3.3332348
2013-11-18,-3.3442874
2013-11-19,-3.333931
2013-11-20,3.4662063
2013-11-21,-3.3893383
2013-11-22,-3.4750996
2013-11-23,-3.329776
2013-11-24,-3.579781
2013-11-25,-3.4193482
2013-11-26,-3.3746264
2013-11-27,-3.790979
2013-11-28,-3.790979
2013-11-29,-3.630623
2013-11-30,-3.393052
2013-12-01,-3.381424
2013-12-02,-3.343312
2013-12-03,-3.5096354
2013-12-04,-3.5098152
2013-12-05,-3.5014868
2013-12-06,-3.907153
2013-12-07,-2.9178925
2013-12-08,-3.627907
2013-12-09,-4.0236855
2013-12-10,-3.938635
2013-12-11,-4.0973797
2013-12-12,-4.1622434
2013-12-13,-4.377386
2013-12-14,-4.5508823
2013-12-15,-4.5508823
2013-12-16,-4.5508823
2013-12-17,-4.36327
2013-12-18,-4.1310735
2013-12-19,-4.0410686
2013-12-20,-4.04107
2013-12-21,-4.239333
2013-12-22,-4.239333
2013-12-23,-4.2412014
2013-12-24,-4.263418
2013-12-25,-4.2412014
2013-12-26,-4.5824203
2013-12-27,-5.2310095
2013-12-28,-5.3528957
2013-12-29,-5.2458334
2013-12-30,-5.353878
2013-12-31,-5.422372
2014-01-01,-5.422372
2014-01-02,-5.427575
2014-01-03,-5.395755
2014-01-04,-5.3957186
2014-01-05,-5.395129
2014-01-06,-5.3829794
2014-01-07,-5.310318
2014-01-08,-5.3829794
2014-01-09,-5.3829794
2014-01-10,-5.3829794
2014-01-11,-5.3829794
2014-01-12,-4.6836605
2014-01-13,-4.599231
2014-01-14,-4.68559
2014-01-15,-5.404752
2014-01-16,-5.224436
2014-01-17,-5.224431
2014-01-18,-5.224431
2014-01-19,-5.224431
2014-01-20,-5.2244387
2014-01-21,-5.324647
2014-01-22,-5.3829794
2014-01-23,-5.3829794
2014-01-24,-5.3829794
2014-01-25,-4.973051
2014-01-26,-4.973049
2014-01-27,-5.3957186
2014-01-28,-5.395857
2014-01-29,-5.3957033
2014-01-30,-5.395171
2014-01-31,-5.249254
2014-02-01,-5.0785284
2014-02-02,-5.1338553
2014-02-03,-5.2333527
2014-02-04,-5.2333527
2014-02-05,-5.240139
2014-02-06,-2.9382544
2014-02-07,1.7029514
2014-02-08,2.296662
2014-02-09,1.7201169
2014-02-10,-5.3993015
2014-02-11,-5.3993015
2014-02-12,-5.3993015
2014-02-13,-4.6157846
2014-02-14,-5.2591248
2014-02-15,-5.3691034
2014-02-16,-5.3691063
2014-02-17,-5.354541
2014-02-18,-5.026142
2014-02-19,-5.352995
2014-02-20,-5.4112253
2014-02-21,-5.4112253
2014-02-22,-5.4112253
2014-02-23,-5.424775
2014-02-24,-4.544567
2014-02-25,-4.131056
2014-02-26,1.3370982
2014-02-27,-3.4361134
2014-02-28,2.7567797
2014-03-01,-4.5477576
2014-03-02,-4.3762546
2014-03-03,-4.823204
2014-03-04,-4.713993
2014-03-05,-3.993047
2014-03-06,-3.72248
2014-03-07,-3.7781558
2014-03-08,-3.4820862
2014-03-09,-3.291066
2014-03-10,-3.26247
2014-03-11,-3.3154495
2014-03-12,-3.2999241
2014-03-13,-3.3867629
2014-03-14,-3.2577317
2014-03-15,-3.0696795
2014-03-16,-3.0603538
2014-03-17,-3.0603538
2014-03-18,-3.0603538
2014-03-19,-3.0603538
2014-03-20,-2.9972668
2014-03-21,-2.8418
2014-03-22,-2.7063105
2014-03-23,-2.7063105
2014-03-24,-2.7063105
2014-03-25,-2.707449
2014-03-26,4.0286875
2014-03-27,-2.630117
2014-03-28,-2.0877001
2014-03-29,4.2664003
2014-03-30,-2.4754128
2014-03-31,4.335193
2014-04-01,-2.0857434
2014-04-02,-2.0877001
2014-04-03,-1.9035497
2014-04-04,-1.900928
2014-04-05,-1.9035497
2014-04-06,-1.761915
2014-04-07,-1.4771762
2014-04-08,-1.6839263
2014-04-09,-1.9035497
2014-04-10,-1.4771733
2014-04-11,-1.6290593
2014-04-12,-1.6277547
2014-04-13,-1.5555575
2014-04-14,-1.6880381
2014-04-15,-1.9035497
2014-04-16,-1.6511023
2014-04-17,-1.4703624
2014-04-18,-1.5386355
2014-04-19,-1.5386355
2014-04-20,-1.6289744
2014-04-21,-1.2024872
2014-04-22,-1.2024872
2014-04-23,-1.5386355
2014-04-24,-1.8407748
2014-04-25,4.9065003
2014-04-26,-1.8407748
2014-04-27,-1.4262962
2014-04-28,-1.433399
2014-04-29,-1.4261549
2014-04-30,-1.256896
2014-05-01,-1.5762718
2014-05-02,-1.5509245
2014-05-03,-1.7275481
2014-05-04,-1.7516775
2014-05-05,-1.8237152
2014-05-06,-1.823715
2014-05-07,-1.5762513
2014-05-08,-1.5762513
2014-05-09,-1.5762587
2014-05-10,-1.7770209
2014-05-11,-1.7516775
2014-05-12,-1.1919227
2014-05-13,-1.1555598
2014-05-14,-1.182441
2014-05-15,-1.1824405
2014-05-16,-1.2471149
2014-05-17,-1.2494185
2014-05-18,-1.191249
2014-05-19,-1.393553
2014-05-20,-1.3935506
2014-05-21,-1.7798574
2014-05-22,-1.393095
2014-05-23,-1.182441
2014-05-24,-1.7798576
2014-05-25,-1.8804023
2014-05-26,-1.7668848
2014-05-27,-1.7248805
2014-05-28,-1.6381457
2014-05-29,-1.7248805
2014-05-30,-1.8804023
2014-05-31,-1.7798576
2014-06-01,-1.7798576
2014-06-02,-1.4356368
2014-06-03,-1.2298789
2014-06-04,-1.1734452
2014-06-05,-1.1501355
2014-06-06,-1.7798553
2014-06-07,-1.229949
2014-06-08,-1.7248805
2014-06-09,-1.5382535
2014-06-10,-1.149764
2014-06-11,-1.2298789
2014-06-12,-1.2300472
2014-06-13,-1.2134445
2014-06-14,-1.164539
2014-06-15,-1.1471424
2014-06-16,-1.1471429
2014-06-17,-1.1471424
2014-06-18,-1.1497599
2014-06-19,-1.1471424
2014-06-20,-1.1471424
2014-06-21,-1.2624493
2014-06-22,-1.7251263
2014-06-23,-1.7549407
2014-06-24,-2.0922132
2014-06-25,-2.1743958
2014-06-26,-2.3713987
2014-06-27,-2.0078094
2014-06-28,-2.3714015
2014-06-29,-2.3714015
2014-06-30,-2.2160115
2014-07-01,-2.7225604
2014-07-02,-2.7225604
2014-07-03,-2.7226539
2014-07-04,-2.7225604
2014-07-05,-2.7225604
2014-07-06,-2.7225604
2014-07-07,-2.8234875
2014-07-08,-2.8234875
2014-07-09,-2.8351388
2014-07-10,-2.8333251
2014-07-11,-2.8010721
2014-07-12,-2.829563
2014-07-13,-2.8333251
2014-07-14,-2.761916
2014-07-15,-2.7680316
2014-07-16,-2.771374
2014-07-17,-2.9172437
2014-07-18,-2.9172437
2014-07-19,-2.9627147
2014-07-20,-3.0908468
2014-07-21,-3.1059463
2014-07-22,-3.3417387
2014-07-23,-3.3417027
2014-07-24,-3.264824
2014-07-25,-3.173939
2014-07-26,-3.1736012
2014-07-27,-3.158902
2014-07-28,-3.1563363
2014-07-29,-3.1637807
2014-07-30,-3.1858253
2014-07-31,-3.2039273
2014-08-01,-3.1194808
2014-08-02,-3.078199
2014-08-03,-3.06148
2014-08-04,-3.0614858
2014-08-05,-3.0614831
2014-08-06,-3.078199
2014-08-07,-3.078199
2014-08-08,-3.0514154
2014-08-09,-3.1531985
2014-08-10,-3.1646543
2014-08-11,-3.05118
2014-08-12,-3.192434
2014-08-13,-3.1735613
2014-08-14,-3.1735613
2014-08-15,-3.1735613
2014-08-16,-3.0625064
2014-08-17,-3.19667
2014-08-18,-3.1342244
2014-08-19,-3.0221107
2014-08-20,-2.6444805
2014-08-21,-2.6626663
2014-08-22,-3.0219905
2014-08-23,-3.0700593
2014-08-24,-3.0700593
2014-08-25,-3.0700595
2014-08-26,-3.1020572
2014-08-27,-3.1020572
2014-08-28,-3.1953115
2014-08-29,-3.196941
2014-08-30,-3.196941
2014-08-31,-3.196941
2014-09-01,-3.1023538
2014-09-02,-3.2449172
2014-09-03,-3.245859
2014-09-04,-3.0852735
2014-09-05,-3.1271613
2014-09-06,-3.2160177
2014-09-07,-3.2449756
2014-09-08,-3.2459137
2014-09-09,-3.167569
2014-09-10,-3.2352896
2014-09-11,-3.2327342
2014-09-12,-3.020854
2014-09-13,-3.0570087
2014-09-14,-2.8958485
2014-09-15,-2.9951313
2014-09-16,-2.9952977
2014-09-17,-2.9952977
2014-09-18,-2.9824028
2014-09-19,-2.791924
2014-09-20,-2.791924
2014-09-21,-2.791924
2014-09-22,-2.9824026
2014-09-23,-3.0553806
2014-09-24,-3.0622733
2014-09-25,-3.037963
2014-09-26,-3.0380642
2014-09-27,-3.0380642
2014-09-28,-3.037856
2014-09-29,-3.0380642
2014-09-30,-3.102923
2014-10-01,-3.1141214
2014-10-02,-3.153979
2014-10-03,-3.0346508
2014-10-04,-3.1196742
2014-10-05,-3.153979
2014-10-06,-3.153979
2014-10-07,-3.153979
2014-10-08,-3.153979
2014-10-09,-3.196941
2014-10-10,-3.1969342
2014-10-11,-3.1244617
2014-10-12,-2.7228446
2014-10-13,-2.764594
2014-10-14,-2.7645962
2014-10-15,-2.867946
2014-10-16,-2.7162974
2014-10-17,-3.1418471
2014-10-18,-3.0848978
2014-10-19,-2.76576
2014-10-20,-2.765885
2014-10-21,-2.8027232
2014-10-22,-2.7597523
2014-10-23,-2.7596815
2014-10-24,-2.714779
2014-10-25,-2.7419448
2014-10-26,-2.8150356
2014-10-27,-2.7455363
2014-10-28,-2.9171386
2014-10-29,-2.9367394
2014-10-30,-2.6490195
2014-10-31,4.2528543
2014-11-01,-2.490794
2014-11-02,-2.5815928
2014-11-03,-2.5742028
2014-11-04,-2.402065
2014-11-05,-2.402065
2014-11-06,-2.5046568
2014-11-07,-2.5046568
2014-11-08,-2.5046568
2014-11-09,-2.5049775
2014-11-10,-2.663563
2014-11-11,-2.5054924
2014-11-12,-2.5054862
2014-11-13,-2.293292
2014-11-14,-2.470872
2014-11-15,-2.663563
2014-11-16,-2.5054924
2014-11-17,-2.5046568
2014-11-18,-2.23081
2014-11-19,-2.121604
2014-11-20,-1.9392862
2014-11-21,-2.1054418
2014-11-22,-2.404634
2014-11-23,-2.8579116
2014-11-24,-2.704069
2014-11-25,-2.156058
2014-11-26,-2.032584
2014-11-27,-2.1786606
2014-11-28,-2.4375825
2014-11-29,-2.4352381
2014-11-30,4.483878
2014-12-01,-2.2128391
2014-12-02,4.106563
2014-12-03,4.1253705
2014-12-04,-2.6827707
2014-12-05,-2.3933935
2014-12-06,-2.335023
2014-12-07,-2.2151284
2014-12-08,-2.0574036
2014-12-09,-2.0618687
2014-12-10,-2.6420832
2014-12-11,4.6060677
2014-12-12,4.4612913
2014-12-13,-2.758078
2014-12-14,-2.341023
2014-12-15,-1.8163717
2014-12-16,-1.7829211
2014-12-17,4.7197776
2014-12-18,-2.3434632
2014-12-19,4.5341277
2014-12-20,-2.3661747
2014-12-21,-2.495634
2014-12-22,-2.6735904
2014-12-23,-2.7488565
2014-12-24,-2.611441
2014-12-25,-2.8778229
2014-12-26,-3.1468108
2014-12-27,-3.0363016
2014-12-28,-3.2715163
2014-12-29,-3.236514
2014-12-30,-3.236514
2014-12-31,-3.345773
2015-01-01,-3.492593
2015-01-02,-3.441634
2015-01-03,-3.2720244
2015-01-04,-3.2464697
2015-01-05,-3.2464697
2015-01-06,-3.155191
2015-01-07,-3.0671926
2015-01-08,-3.0706034
2015-01-09,-2.9800653
2015-01-10,-3.222094
2015-01-11,-3.1555798
2015-01-12,-3.217385
2015-01-13,-3.2510412
2015-01-14,-3.263303
2015-01-15,-3.250216
2015-01-16,-2.8299618
2015-01-17,-2.8187659
2015-01-18,-2.936681
2015-01-19,-2.9887383
2015-01-20,-3.1077135
2015-01-21,-3.204083
2015-01-22,-3.4809082
2015-01-23,-3.3166354
2015-01-24,-3.3147337
2015-01-25,-3.3384626
2015-01-26,-3.3017578
2015-01-27,-3.300261
2015-01-28,-3.468395
2015-01-29,-3.3725722
2015-01-30,-3.3090959
2015-01-31,-3.2806392
2015-02-01,-3.308297
2015-02-02,-3.4026463
2015-02-03,-3.4962447
2015-02-04,-2.8994718
2015-02-05,-2.8279111
2015-02-06,4.135417
2015-02-07,-0.1886066
2015-02-08,4.1758847
2015-02-09,-2.5640056
2015-02-10,-2.670987
2015-02-11,-2.6850574
2015-02-12,-2.7058728
2015-02-13,-2.8984807
2015-02-14,-2.8963501
2015-02-15,-2.8420742
2015-02-16,-2.946171
2015-02-17,-2.826368
2015-02-18,-2.7921264
2015-02-19,-2.839088
2015-02-20,-2.8040814
2015-02-21,-2.8499284
2015-02-22,-2.7539976
2015-02-23,-2.6525488
2015-02-24,-2.6493697
2015-02-25,-2.6493697
2015-02-26,-2.6265228
2015-02-27,-2.591515
2015-02-28,-2.4818149
2015-03-01,-2.5315654
2015-03-02,-2.6149395
2015-03-03,-2.5467072
2015-03-04,-2.696486
2015-03-05,-2.6743162
2015-03-06,-2.625276
2015-03-07,-2.625276
2015-03-08,-2.632678
2015-03-09,-2.5834827
2015-03-10,-2.6742985
2015-03-11,-2.642375
2015-03-12,-2.6149142
2015-03-13,-2.260444
2015-03-14,-1.4933691
2015-03-15,-2.1913762
2015-03-16,-2.5527017
2015-03-17,-2.2686474
2015-03-18,-2.2448297
2015-03-19,-1.2485212
2015-03-20,-2.1520708
2015-03-21,-2.358775
2015-03-22,-2.136261
2015-03-23,-1.957814
2015-03-24,-1.9577894
2015-03-25,-1.427345
2015-03-26,-2.1120796
2015-03-27,-2.1520839
2015-03-28,-2.1520839
2015-03-29,-2.1520662
2015-03-30,-1.6877203
2015-03-31,-1.6876628
2015-04-01,-1.5246074
2015-04-02,-1.5246074
2015-04-03,-1.4263616
2015-04-04,-1.9235744
2015-04-05,-1.3798575
2015-04-06,-1.1917894
2015-04-07,5.5527816
2015-04-08,-1.3149374
2015-04-09,-1.3149174
2015-04-10,-1.1919227
2015-04-11,-1.1479373
2015-04-12,-1.1734452
2015-04-13,-1.2298789
2015-04-14,-1.2298789
2015-04-15,-1.1583142
2015-04-16,-1.2298763
2015-04-17,-1.2298791
2015-04-18,-1.2298789
2015-04-19,-1.2298789
2015-04-20,-1.1471424
2015-04-21,-1.1470697
2015-04-22,-1.1497627
2015-04-23,-1.284941
2015-04-24,-1.4246507
2015-04-25,-1.1162262
2015-04-26,-1.2178063
2015-04-27,-1.4265196
2015-04-28,-1.2299731
2015-04-29,-1.2298789
2015-04-30,-1.2298789
2015-05-01,-1.2298789
2015-05-02,-1.2298801
2015-05-03,-1.5382385
2015-05-04,-1.5382535
2015-05-05,-1.2126138
2015-05-06,-1.1743768
2015-05-07,-1.2059543
2015-05-08,-1.1744101
2015-05-09,-1.1439503
2015-05-10,-1.212614
2015-05-11,-1.7798576
2015-05-12,-1.7798576
2015-05-13,-1.7248805
2015-05-14,-1.6879128
2015-05-15,-1.3536582
2015-05-16,-1.3536723
2015-05-17,-1.2026341
2015-05-18,-1.5382535
2015-05-19,-1.5382535
2015-05-20,-1.7248727
2015-05-21,-1.3535231
2015-05-22,-1.3536719
2015-05-23,-1.3536204
2015-05-24,-1.3536723
2015-05-25,-1.3536723
2015-05-26,-1.3536723
2015-05-27,-1.3536723
2015-05-28,-1.3536723
2015-05-29,-1.3536723
2015-05-30,-1.3536723
2015-05-31,-1.3536723
2015-06-01,-1.3536723
2015-06-02,-1.3536723
2015-06-03,-1.3536723
2015-06-04,-1.3536723
2015-06-05,-1.3536723
2015-06-06,-1.353668
2015-06-07,-1.3536723
2015-06-08,-1.3536723
2015-06-09,-1.3536723
2015-06-10,-1.3526238
2015-06-11,-1.3536723
2015-06-12,-1.3536723
2015-06-13,-1.3536723
2015-06-14,-1.3536723
2015-06-15,-1.3536723
2015-06-16,-1.3536723
2015-06-17,-1.3536723
2015-06-18,-1.3536723
2015-06-19,-1.6538012
2015-06-20,-1.3536723
2015-06-21,-1.3536723
2015-06-22,-1.3536723
2015-06-23,-1.4337585
2015-06-24,-1.4337585
2015-06-25,-1.4337585
2015-06-26,-1.4032545
2015-06-27,-1.3536723
2015-06-28,-1.3536723
2015-06-29,-1.3536723
2015-06-30,-1.3536714
2015-07-01,-1.7549407
2015-07-02,-2.007812
2015-07-03,-1.7103739
2015-07-04,-1.3536723
2015-07-05,-1.3536723
2015-07-06,-1.3536723
2015-07-07,-1.3536675
2015-07-08,-1.3536643
2015-07-09,-1.35366
2015-07-10,-1.3536723
2015-07-11,-1.3536723
2015-07-12,-1.4337585
2015-07-13,-1.3537297
2015-07-14,-1.6956182
2015-07-15,-1.6956182
2015-07-16,-1.6956182
2015-07-17,-1.6956182
2015-07-18,-1.6956182
2015-07-19,-1.6956176
2015-07-20,-1.6538012
2015-07-21,-1.3536723
2015-07-22,-1.3536721
2015-07-23,-1.3536723
2015-07-24,-1.3536723
2015-07-25,-1.3983938
2015-07-26,-1.6538012
2015-07-27,-1.6538012
2015-07-28,-1.6956182
2015-07-29,-1.6956182
2015-07-30,-1.6956182
2015-07-31,-1.6956182
2015-08-01,-1.3536723
2015-08-02,-1.6956182
2015-08-03,-1.6956182
2015-08-04,-1.443032
2015-08-05,-1.3536723
2015-08-06,-1.6956182
2015-08-07,-1.744385
2015-08-08,-1.744385
2015-08-09,-1.4342742
2015-08-10,-1.6328647
2015-08-11,-1.6956182
2015-08-12,-1.744385
2015-08-13,-1.744385
2015-08-14,-1.744385
2015-08-15,-1.744385
2015-08-16,-1.6956182
2015-08-17,-1.7038386
2015-08-18,-1.744385
2015-08-19,-1.6589196
2015-08-20,-1.7241669
2015-08-21,-1.7241688
2015-08-22,-1.653806
2015-08-23,-1.6538012
2015-08-24,-1.7241688
2015-08-25,-1.744385
2015-08-26,-1.744385
2015-08-27,-1.6956182
2015-08-28,-1.3536782
2015-08-29,-1.3536723
2015-08-30,-1.6956182
2015-08-31,-1.6964712
2015-09-01,-1.744385
2015-09-02,-1.6956182
2015-09-03,-1.675987
2015-09-04,-1.6956182
2015-09-05,-1.6956182
2015-09-06,-1.744385
2015-09-07,-1.744385
2015-09-08,-1.744385
2015-09-09,-1.7443149
2015-09-10,-1.6956182
2015-09-11,-1.652487
2015-09-12,-1.3536723
2015-09-13,-1.3536723
2015-09-14,-1.3536723
2015-09-15,-1.3536723
2015-09-16,-1.3536726
2015-09-17,-1.3760755
2015-09-18,-1.5188434
2015-09-19,-1.6956182
2015-09-20,-1.6956182
2015-09-21,-1.443032
2015-09-22,-1.443033
2015-09-23,-1.6956182
2015-09-24,-1.6956182
2015-09-25,-1.6956162
2015-09-26,-2.007812
2015-09-27,-1.7445402
2015-09-28,-1.443032
2015-09-29,-1.6956182
2015-09-30,-1.744385
2015-10-01,-1.7325705
2015-10-02,-1.4337585
2015-10-03,-1.3536723
2015-10-04,0.012476549
2015-10-05,-1.3536723
2015-10-06,-1.3536723
2015-10-07,-1.3536723
2015-10-08,-1.3536723
2015-10-09,-1.3536723
2015-10-10,-1.3536723
2015-10-11,-1.3536723
2015-10-12,-1.3536723
2015-10-13,-1.3536723
2015-10-14,-1.3536723
2015-10-15,-1.6151774
2015-10-16,-1.3536723
2015-10-17,-1.3536704
2015-10-18,-1.653799
2015-10-19,-1.7229323
2015-10-20,-1.6538012
2015-10-21,-1.6536875
2015-10-22,-1.5066857
2015-10-23,-1.736516
2015-10-24,-1.8422105
2015-10-25,-1.7374618
2015-10-26,-1.7374616
2015-10-27,-1.7374616
2015-10-28,-1.7374203
2015-10-29,-1.7374616
2015-10-30,-1.3536723
2015-10-31,-1.3536723
2015-11-01,-1.7332609
2015-11-02,5.0677977
2015-11-03,-1.3535228
2015-11-04,-1.3536723
2015-11-05,-1.3536723
2015-11-06,-1.493376
2015-11-07,-1.3536723
2015-11-08,-1.3536658
2015-11-09,5.449634
2015-11-10,-1.3536581
2015-11-11,-1.3536723
2015-11-12,-1.493376
2015-11-13,-1.493376
2015-11-14,-1.3568813
2015-11-15,5.317251
2015-11-16,-1.3536723
2015-11-17,-1.6538012
2015-11-18,-1.3536723
2015-11-19,-1.3536723
2015-11-20,-1.3536723
2015-11-21,-1.493376
2015-11-22,-1.493376
2015-11-23,-1.3536723
2015-11-24,-1.1417636
2015-11-25,-1.3536723
2015-11-26,-1.3536723
2015-11-27,-1.3536723
2015-11-28,-1.5529914
2015-11-29,-1.5529914
2015-11-30,-1.5529914
2015-12-01,-1.503819
2015-12-02,-1.5529914
2015-12-03,5.39877
2015-12-04,-1.3536723
2015-12-05,-1.3536723
2015-12-06,-1.352481
2015-12-07,-1.5529914
2015-12-08,-1.5529914
2015-12-09,-1.5529914
2015-12-10,5.2569566
2015-12-11,4.4575763
2015-12-12,-1.7374616
2015-12-13,5.0543604
2015-12-14,-1.7374616
2015-12-15,-1.6067641
2015-12-16,-1.7374616
2015-12-17,-1.5529914
2015-12-18,-1.5474218
2015-12-19,4.6762667
2015-12-20,-1.7361537
2015-12-21,5.073157
2015-12-22,5.0073686
2015-12-23,-1.393553
2015-12-24,5.4140697
2015-12-25,-1.4749432
2015-12-26,-1.6067641
2015-12-27,-1.6067641
2015-12-28,-1.7374616
2015-12-29,-1.7374616
2015-12-30,-1.7374463
2015-12-31,-1.7374616
2016-01-01,-1.7374616
2016-01-02,-1.6067641
2016-01-03,-1.6067637
2016-01-04,-1.3886464
2016-01-05,5.62819
2016-01-06,-0.8969534
2016-01-07,-1.2788997
2016-01-08,-1.2157342
2016-01-09,-1.0396518
2016-01-10,-1.1624863
2016-01-11,-1.1431453
2016-01-12,-1.1520194
2016-01-13,3.0599077
2016-01-14,5.456127
2016-01-15,3.7598398
2016-01-16,-1.1547728
2016-01-17,-0.9737397
2016-01-18,5.657367
2016-01-19,5.5915327
2016-01-20,-1.423843
2016-01-21,-1.5646048
2016-01-22,5.122846
2016-01-23,-0.71027243
2016-01-24,-1.6876626
2016-01-25,-1.5646048
2016-01-26,-1.6876628
2016-01-27,-1.6876628
2016-01-28,-1.6876359
2016-01-29,-0.97115916
2016-01-30,-1.5645777
2016-01-31,-1.0841008
2016-02-01,-1.3136711
2016-02-02,-1.6876628
2016-02-03,-1.5646048
2016-02-04,-1.5646048
2016-02-05,-1.2543261
2016-02-06,-1.5646048
2016-02-07,-1.5646048
2016-02-08,-1.5646048
2016-02-09,-1.5646048
2016-02-10,-1.6876628
2016-02-11,-1.6876628
2016-02-12,-1.6876628
2016-02-13,-1.5646048
2016-02-14,-1.6876628
2016-02-15,-1.6876628
2016-02-16,-1.6876628
2016-02-17,5.2459826
2016-02-18,-1.2063756
2016-02-19,-1.5646048
2016-02-20,-1.5646048
2016-02-21,-1.5646048
2016-02-22,-1.5646048
2016-02-23,-1.5646048
2016-02-24,-1.5646048
2016-02-25,-1.5646048
2016-02-26,-1.5646048
2016-02-27,-1.6876628
2016-02-28,-1.6876628
2016-02-29,-1.564723
2016-03-01,-1.5646048
2016-03-02,-1.5646048
2016-03-03,-1.5646048
2016-03-04,5.2091036
2016-03-05,5.5560813
2016-03-06,5.556246
2016-03-07,5.2254815
2016-03-08,-1.5656209
2016-03-09,-1.6876628
2016-03-10,-1.3339298
2016-03-11,4.609218
2016-03-12,-1.7511582
2016-03-13,4.6092057
2016-03-14,-2.201409
2016-03-15,-2.201409
2016-03-16,-1.9924641
2016-03-17,-1.7171261
2016-03-18,-1.7171261
2016-03-19,-1.5869071
2016-03-20,-1.5868872
2016-03-21,3.9052927
2016-03-22,-1.9586952
2016-03-23,-2.305269
2016-03-24,-2.137189
2016-03-25,-2.1371567
2016-03-26,-2.3424883
2016-03-27,-2.1227052
2016-03-28,-1.9128222
2016-03-29,-2.1227052
2016-03-30,-2.3425257
2016-03-31,-2.2369597
2016-04-01,-2.2369597
2016-04-02,-2.2369597
2016-04-03,-2.2369597
2016-04-04,-2.3630273
2016-04-05,-2.3630273
2016-04-06,-2.3630273
2016-04-07,-2.3630273
2016-04-08,-2.3630126
2016-04-09,4.4475765
2016-04-10,4.06373
2016-04-11,-1.8781219
2016-04-12,-1.8781219
2016-04-13,-2.0619166
2016-04-14,-1.9680793
2016-04-15,-1.8839941
2016-04-16,-1.8839941
2016-04-17,-1.8839941
2016-04-18,-2.084214
2016-04-19,-2.2018216
2016-04-20,-2.2018216
2016-04-21,-2.1024451
2016-04-22,4.6088057
2016-04-23,-2.2882686
2016-04-24,-2.2882686
2016-04-25,-2.1024451
2016-04-26,-2.1024451
2016-04-27,-2.2046285
2016-04-28,-2.20463
2016-04-29,-2.4753752
2016-04-30,-2.4762108
2016-05-01,-2.20463
2016-05-02,-2.20463
2016-05-03,-2.20463
2016-05-04,-2.4762151
2016-05-05,-2.5349195
2016-05-06,2.3063397
2016-05-07,4.3590813
2016-05-08,-2.3342264
2016-05-09,-2.44059
2016-05-10,-2.3342264
2016-05-11,-2.43886
2016-05-12,-2.5376134
2016-05-13,-2.659204
2016-05-14,-2.584457
2016-05-15,-2.7365072
2016-05-16,-2.9169998
2016-05-17,-2.917042
2016-05-18,-2.8393219
2016-05-19,-2.8516114
2016-05-20,-2.880923
2016-05-21,-2.8803213
2016-05-22,-2.804147
2016-05-23,-3.1033819
2016-05-24,-3.045531
2016-05-25,-2.880923
2016-05-26,-2.7903838
2016-05-27,-2.7903838
2016-05-28,-2.9176629
2016-05-29,-2.917631
2016-05-30,-2.8041508
2016-05-31,-2.6645608
2016-06-01,-2.7892678
2016-06-02,-2.6791394
2016-06-03,-2.6791394
2016-06-04,-2.6730287
2016-06-05,-2.5724275
2016-06-06,-2.6413045
2016-06-07,-2.6791394
2016-06-08,-2.6791394
2016-06-09,-2.5664325
2016-06-10,-2.5664325
2016-06-11,-2.574359
2016-06-12,-2.5729558
2016-06-13,-2.6755927
2016-06-14,-2.6755927
2016-06-15,-2.6273985
2016-06-16,-2.7019916
2016-06-17,-2.7019908
2016-06-18,-2.7994862
2016-06-19,-2.7281106
2016-06-20,-2.8781102
2016-06-21,-3.0422125
2016-06-22,-3.0422125
2016-06-23,-3.0234761
2016-06-24,-3.255568
2016-06-25,-3.4786603
2016-06-26,-3.56331
2016-06-27,-3.3905084
2016-06-28,-3.2680826
2016-06-29,-3.268119
2016-06-30,-2.9946983
2016-07-01,-2.8492675
2016-07-02,-2.7892678
2016-07-03,-2.916792
2016-07-04,-3.2282388
2016-07-05,-3.205521
2016-07-06,-3.3372524
2016-07-07,-3.4320524
2016-07-08,-3.5618832
2016-07-09,-3.5618784
2016-07-10,-3.43279
2016-07-11,-3.5116491
2016-07-12,-3.2386568
2016-07-13,-3.2386568
2016-07-14,-3.4198565
2016-07-15,-3.4198558
2016-07-16,-3.4110925
2016-07-17,-3.4110925
2016-07-18,-3.121364
2016-07-19,-3.0880296
2016-07-20,-2.9880524
2016-07-21,-3.4299557
2016-07-22,-3.446591
2016-07-23,-3.5251744
2016-07-24,-3.4926107
2016-07-25,-3.4976034
2016-07-26,-3.5061426
2016-07-27,-3.5357614
2016-07-28,-3.5358694
2016-07-29,-3.5358694
2016-07-30,-3.5358694
2016-07-31,-3.5331118
2016-08-01,-3.4979045
2016-08-02,-3.7987404
2016-08-03,-3.757399
2016-08-04,-3.798362
2016-08-05,-3.8136322
2016-08-06,-4.073815
2016-08-07,-4.335863
2016-08-08,-4.335868
2016-08-09,-4.335868
2016-08-10,-4.335868
2016-08-11,-4.335868
2016-08-12,-4.335868
2016-08-13,-3.9379628
2016-08-14,-4.028278
2016-08-15,-4.028278
2016-08-16,-4.0337887
2016-08-17,-4.179891
2016-08-18,-3.8079479
2016-08-19,-3.8080096
2016-08-20,-4.1798916
2016-08-21,-4.352358
2016-08-22,-4.352358
2016-08-23,-4.352358
2016-08-24,-4.286621
2016-08-25,-4.2931776
2016-08-26,-4.352358
2016-08-27,-4.352358
2016-08-28,-4.2669783
2016-08-29,-4.2669783
2016-08-30,-4.2669783
2016-08-31,-4.361437
2016-09-01,-4.4006233
2016-09-02,-4.3064356
2016-09-03,-4.5649614
2016-09-04,-4.651334
2016-09-05,-4.5653696
2016-09-06,-4.552743
2016-09-07,-4.380522
2016-09-08,-4.380522
2016-09-09,-4.395214
2016-09-10,-4.498431
2016-09-11,-4.3850136
2016-09-12,-4.536892
2016-09-13,-4.714015
2016-09-14,-4.905219
2016-09-15,-5.1089706
2016-09-16,-5.1089706
2016-09-17,-4.618904
2016-09-18,-5.362466
2016-09-19,-5.3691063
2016-09-20,-5.100445
2016-09-21,-4.3395844
2016-09-22,-4.2473946
2016-09-23,-5.148177
2016-09-24,-5.2939262
2016-09-25,-4.9991274
2016-09-26,-4.8441877
2016-09-27,-5.1337967
2016-09-28,-5.2946234
2016-09-29,-5.3823557
2016-09-30,-5.281021
2016-10-01,-5.352995
2016-10-02,-5.352995
2016-10-03,-5.352995
2016-10-04,-5.35602
2016-10-05,-5.4112253
2016-10-06,-5.4112253
2016-10-07,-5.3823557
2016-10-08,-5.3824253
2016-10-09,-5.3823605
2016-10-10,-5.3823557
2016-10-11,-5.060362
2016-10-12,-5.060648
2016-10-13,-4.4165993
2016-10-14,2.4505458
2016-10-15,2.3671877
2016-10-16,2.5330582
2016-10-17,-4.415788
2016-10-18,-4.434494
2016-10-19,-4.405298
2016-10-20,-4.405303
2016-10-21,-4.602683
2016-10-22,-4.405298
2016-10-23,-4.176592
2016-10-24,-4.0938787
2016-10-25,-4.1565547
2016-10-26,-4.110306
2016-10-27,2.6759899
2016-10-28,2.5297287
2016-10-29,-4.492937
2016-10-30,2.3081903
2016-10-31,-4.7618527
2016-11-01,-5.233967
2016-11-02,-5.233967
2016-11-03,-5.2999268
2016-11-04,-5.2999268
2016-11-05,-5.2999268
2016-11-06,-5.2999268
2016-11-07,-5.026142
2016-11-08,-5.026142
2016-11-09,-4.8371964
2016-11-10,-4.668003
2016-11-11,-4.6667213
2016-11-12,-4.8371964
2016-11-13,-4.8371964
2016-11-14,-4.668003
2016-11-15,-4.529889
2016-11-16,-4.5291443
2016-11-17,-4.236395
2016-11-18,-4.135256
2016-11-19,-4.1048274
2016-11-20,1.3939434
2016-11-21,-4.2326727
2016-11-22,-4.3683763
2016-11-23,-4.4783916
2016-11-24,-4.4783916
2016-11-25,-4.160816
2016-11-26,1.7179184
2016-11-27,-4.1439137
2016-11-28,-4.4783916
2016-11-29,-5.1038857
2016-11-30,-5.233967
2016-12-01,-5.233967
2016-12-02,-4.7621613
2016-12-03,-4.7621613
2016-12-04,-4.7621613
2016-12-05,-5.233967
2016-12-06,-5.233967
2016-12-07,-5.34425
2016-12-08,1.4645019
2016-12-09,-5.3993015
2016-12-10,1.3112017
2016-12-11,-5.3993015
2016-12-12,-5.4151897
2016-12-13,-5.38192
2016-12-14,-5.382732
2016-12-15,1.4400065
2016-12-16,-5.2569065
2016-12-17,-4.40067
2016-12-18,-4.4006634
2016-12-19,-4.379751
2016-12-20,-4.3184223
2016-12-21,-4.308446
2016-12-22,-4.308446
2016-12-23,2.4099696
2016-12-24,-4.457963
2016-12-25,-4.457963
2016-12-26,-4.4006643
2016-12-27,-4.6727724
2016-12-28,-5.3691063
2016-12-29,-4.400709
2016-12-30,-4.4006133
2016-12-31,-2.5377197
2017-01-01,-4.4006634
2017-01-02,-4.453905
2017-01-03,2.1551027
2017-01-04,1.4112915
2017-01-05,-5.3992743
2017-01-06,-5.244572
2017-01-07,2.1415038
2017-01-08,2.1280644
2017-01-09,-4.355445
2017-01-10,2.4395976
2017-01-11,-4.343668
2017-01-12,2.4201398
2017-01-13,-4.739373
2017-01-14,-4.739373
2017-01-15,-4.739373
2017-01-16,-4.739373
2017-01-17,-4.739373
2017-01-18,2.1157072
2017-01-19,2.0746205
2017-01-20,2.0712233
2017-01-21,1.6873287
2017-01-22,1.7229482
2017-01-23,-3.1355157
2017-01-24,-5.1445503
2017-01-25,-5.0917015
2017-01-26,-5.087633
2017-01-27,-5.087633
2017-01-28,-5.0855494
2017-01-29,-4.3450956
2017-01-30,-4.3450956
2017-01-31,-4.3450956
2017-02-01,-5.0279408
2017-02-02,2.0716133
2017-02-03,2.1873121
2017-02-04,-4.4716444
2017-02-05,2.4344678
2017-02-06,2.6106071
2017-02-07,2.7055714
2017-02-08,2.8489296
2017-02-09,2.8493564
2017-02-10,-3.0240831
2017-02-11,-3.9195602
2017-02-12,-3.9195602
2017-02-13,-3.8764884
2017-02-14,-3.8764884
2017-02-15,-3.529121
2017-02-16,2.5339043
2017-02-17,3.5519545
2017-02-18,-0.696751
2017-02-19,1.132603
2017-02-20,3.4805489
2017-02-21,3.544778
2017-02-22,-3.2590883
2017-02-23,-3.242436
2017-02-24,-2.987405
2017-02-25,-3.047468
2017-02-26,-3.047468
2017-02-27,-2.9881804
2017-02-28,-3.0474684
2017-03-01,-3.0578587
2017-03-02,-3.2067153
2017-03-03,-3.325589
2017-03-04,-3.3207006
2017-03-05,3.31752
2017-03-06,-3.2590961
2017-03-07,-3.1679065
2017-03-08,-3.2450478
2017-03-09,-3.1266782
2017-03-10,-3.1266785
2017-03-11,-2.970666
2017-03-12,-2.9642005
2017-03-13,-2.9642005
2017-03-14,-2.9640756
2017-03-15,-2.8631542
2017-03-16,-2.8631542
2017-03-17,-2.8631542
2017-03-18,-2.8631542
2017-03-19,-2.8697371
2017-03-20,-2.8809612
2017-03-21,3.9201431
2017-03-22,3.9355927
2017-03-23,-2.8699913
2017-03-24,3.9406695
2017-03-25,-2.8474874
2017-03-26,-2.8474874
2017-03-27,-2.8478043
2017-03-28,-2.8474874
2017-03-29,-2.8477087
2017-03-30,-2.8699896
2017-03-31,-2.869992
2017-04-01,-2.8699913
2017-04-02,-2.8699913
2017-04-03,-2.8699913
2017-04-04,-2.8134742
2017-04-05,-2.8134742
2017-04-06,3.9970002
2017-04-07,3.9964633
2017-04-08,-2.5786164
2017-04-09,-2.6489139
2017-04-10,-2.6477363
2017-04-11,-2.6477325
2017-04-12,-2.6352682
2017-04-13,0.09544978
2017-04-14,-2.6477363
2017-04-15,-2.6467562
2017-04-16,4.5321894
2017-04-17,-2.322601
2017-04-18,-2.3212154
2017-04-19,-2.4595323
2017-04-20,-2.3284535
2017-04-21,-2.3276143
2017-04-22,-2.3276143
2017-04-23,-2.3276143
2017-04-24,-2.3276143
2017-04-25,-2.3276143
2017-04-26,-2.1991494
2017-04-27,-2.1726465
2017-04-28,-2.1726465
2017-04-29,-2.1726465
2017-04-30,-2.1991494
2017-05-01,-2.1726472
2017-05-02,-2.2369597
2017-05-03,-2.2369597
2017-05-04,-2.2369597
2017-05-05,-2.231888
2017-05-06,-2.2184968
2017-05-07,-2.1734705
2017-05-08,-2.1024451
2017-05-09,-1.9128256
2017-05-10,-1.8839941
2017-05-11,-1.8839941
2017-05-12,-1.8839941
2017-05-13,-1.8839941
2017-05-14,-1.8839941
2017-05-15,-2.084181
2017-05-16,-2.084214
2017-05-17,-2.0841606
2017-05-18,-2.084214
2017-05-19,-1.8839941
2017-05-20,-1.8839941
2017-05-21,-1.8839941
2017-05-22,-1.8839941
2017-05-23,-1.8839941
2017-05-24,-1.8839941
2017-05-25,-1.8839941
2017-05-26,-1.8839941
2017-05-27,-1.9128263
2017-05-28,-1.9128263
2017-05-29,-1.9128263
2017-05-30,-1.9128261
2017-05-31,-1.8839941
2017-06-01,-1.8839941
2017-06-02,-1.9128263
2017-06-03,-1.9128263
2017-06-04,-2.1460226
2017-06-05,-2.1534755
2017-06-06,-2.1534758
2017-06-07,-2.1736245
2017-06-08,-2.153504
2017-06-09,-2.1534755
2017-06-10,-2.1552572
2017-06-11,-2.1552088
2017-06-12,-2.1024382
2017-06-13,-2.1024382
2017-06-14,-2.1024384
2017-06-15,-2.1552358
2017-06-16,-2.1552572
2017-06-17,-2.1552572
2017-06-18,-2.1552572
2017-06-19,-2.1552572
2017-06-20,-2.1536806
2017-06-21,-2.1044853
2017-06-22,-2.3502371
2017-06-23,-2.2955341
2017-06-24,-2.3502371
2017-06-25,-2.4473183
2017-06-26,-2.2950268
2017-06-27,-2.2950232
2017-06-28,-2.3673136
2017-06-29,-2.3673136
2017-06-30,-2.3673136
2017-07-01,-2.3662565
2017-07-02,-2.3662565
2017-07-03,-2.4333968
2017-07-04,-2.4333968
2017-07-05,-2.386517
2017-07-06,-2.3662565
2017-07-07,-2.3662565
2017-07-08,-2.3662565
2017-07-09,-2.344571
2017-07-10,-2.214481
2017-07-11,-2.2156715
2017-07-12,-2.3936558
2017-07-13,-2.3145037
2017-07-14,-2.2324128
2017-07-15,-2.1961987
2017-07-16,-2.1961987
2017-07-17,-2.234992
2017-07-18,-2.343806
2017-07-19,-2.494893
2017-07-20,-2.5907428
2017-07-21,-2.930546
2017-07-22,-2.7462664
2017-07-23,-2.7462664
2017-07-24,-2.9141681
2017-07-25,-3.125501
2017-07-26,-3.125511
2017-07-27,-2.9889746
2017-07-28,-2.9889746
2017-07-29,-2.9889746
2017-07-30,-2.9249017
2017-07-31,-2.9249039
2017-08-01,-2.9648435
2017-08-02,-3.0893342
2017-08-03,-3.3902702
2017-08-04,-3.4101143
2017-08-05,-3.4106226
2017-08-06,-3.4295995
2017-08-07,-3.49336
2017-08-08,-3.4726443
2017-08-09,-3.4727397
2017-08-10,-3.4919963
2017-08-11,-3.4919963
2017-08-12,-3.4287574
2017-08-13,-3.351359
2017-08-14,-3.6466923
2017-08-15,-3.7689679
2017-08-16,-3.7689679
2017-08-17,-3.8118656
2017-08-18,-3.7462165
2017-08-19,-3.7603729
2017-08-20,-3.7603743
2017-08-21,-3.7841315
2017-08-22,-3.7841315
2017-08-23,-3.8677242
2017-08-24,-3.5784345
2017-08-25,-3.571671
2017-08-26,-3.5154247
2017-08-27,-3.5173345
2017-08-28,-3.5089283
2017-08-29,-3.4463384
2017-08-30,-3.4467297
2017-08-31,-3.6560924
2017-09-01,-3.8317955
2017-09-02,-3.9504268
2017-09-03,-3.9504268
2017-09-04,-3.9504454
2017-09-05,-4.0596766
2017-09-06,-4.144444
2017-09-07,-4.144444
2017-09-08,-4.0596766
2017-09-09,-4.059666
2017-09-10,-3.9560163
2017-09-11,-4.0596766
2017-09-12,-4.077938
2017-09-13,-4.077938
2017-09-14,-4.077938
2017-09-15,-4.07806
2017-09-16,-3.9932678
2017-09-17,-4.04908
2017-09-18,-3.9649007
2017-09-19,-3.9649007
2017-09-20,-3.95069
2017-09-21,-3.9648998
2017-09-22,-3.9932353
2017-09-23,-3.9932353
2017-09-24,-3.887305
2017-09-25,-3.8861873
2017-09-26,-3.8049924
2017-09-27,-3.5906687
2017-09-28,-3.4592185
2017-09-29,-3.4806516
2017-09-30,-3.4806516
2017-10-01,-3.4806516
2017-10-02,-3.4806516
2017-10-03,-3.4806516
2017-10-04,-3.4516506
2017-10-05,-3.4516506
2017-10-06,-3.4806516
2017-10-07,-3.7027547
2017-10-08,-3.9425309
2017-10-09,-4.08193
2017-10-10,-4.0844803
2017-10-11,-4.168073
2017-10-12,-4.168073
2017-10-13,-4.168073
2017-10-14,-4.169533
2017-10-15,-4.169533
2017-10-16,-4.2067986
2017-10-17,-4.2085924
2017-10-18,-4.52915
2017-10-19,-4.52907
2017-10-20,-4.489276
2017-10-21,-4.52915
2017-10-22,-4.52915
2017-10-23,-4.52915
2017-10-24,-4.330741
2017-10-25,-4.330741
2017-10-26,-4.169533
2017-10-27,-4.169533
2017-10-28,-4.077938
2017-10-29,-4.077938
2017-10-30,-4.168073
2017-10-31,-4.168039
2017-11-01,-4.1680675
2017-11-02,-4.168047
2017-11-03,-4.1663265
2017-11-04,-4.168073
2017-11-05,-4.208889
2017-11-06,-4.251651
2017-11-07,-4.247553
2017-11-08,-4.375798
2017-11-09,-4.37799
2017-11-10,-4.489769
2017-11-11,-4.588978
2017-11-12,-4.588978
2017-11-13,-4.771208
2017-11-14,-4.6300955
2017-11-15,2.1346228
2017-11-16,1.9128543
2017-11-17,-5.024962
2017-11-18,-5.0261364
2017-11-19,-4.52915
2017-11-20,-4.52915
2017-11-21,-4.52915
2017-11-22,-4.52915
2017-11-23,-4.52915
2017-11-24,-4.52915
2017-11-25,-4.52915
2017-11-26,-2.474955
2017-11-27,2.1073468
2017-11-28,-4.8371954
2017-11-29,-4.8371964
2017-11-30,-4.771201
2017-12-01,-4.8960648
2017-12-02,-5.026142
2017-12-03,-5.026079
2017-12-04,-4.8960648
2017-12-05,-4.8960648
2017-12-06,-4.8960648
2017-12-07,-5.1886806
2017-12-08,-5.3453684
2017-12-09,-5.3047075
2017-12-10,-5.0486927
2017-12-11,-4.9736032
2017-12-12,-5.114791
2017-12-13,-5.2824287
2017-12-14,-5.2824287
2017-12-15,-5.2824287
2017-12-16,-5.2824287
2017-12-17,-5.2824287
2017-12-18,-5.3691063
2017-12-19,-5.3691063
2017-12-20,-5.369103
2017-12-21,-5.3691063
2017-12-22,-5.3691063
2017-12-23,-5.269685
2017-12-24,-5.372224
2017-12-25,-5.372224
2017-12-26,-5.4008007
2017-12-27,-5.4008007
2017-12-28,-5.4008007
2017-12-29,-5.2142744
2017-12-30,-5.3074903
2017-12-31,-5.3074903
2018-01-01,-5.3074903
2018-01-02,-5.3074903
2018-01-03,-5.3074026
2018-01-04,-4.6109853
2018-01-05,-4.2778277
2018-01-06,-5.354993
2018-01-07,-5.4008007
2018-01-08,1.4098303
2018-01-09,1.3994037
2018-01-10,-5.4112253
2018-01-11,-5.4223127
2018-01-12,-5.4034815
2018-01-13,-5.4034815
2018-01-14,-5.3962326
2018-01-15,-5.410014
2018-01-16,-5.3829794
2018-01-17,-5.3829794
2018-01-18,-5.3605013
2018-01-19,-5.382977
2018-01-20,-4.6837397
2018-01-21,-4.682618
2018-01-22,-4.683485
2018-01-23,-4.6753435
2018-01-24,1.9771867
2018-01-25,-0.555762
2018-01-26,-4.683668
2018-01-27,-4.683668
2018-01-28,-4.683668
2018-01-29,-4.555892
2018-01-30,-4.4806147
2018-01-31,-4.4806147
2018-02-01,-4.9733124
2018-02-02,-4.973604
2018-02-03,-4.973604
2018-02-04,-4.434287
2018-02-05,-4.3727655
2018-02-06,-4.984949
2018-02-07,-5.396158
2018-02-08,-5.3957186
2018-02-09,-5.3957186
2018-02-10,-5.2064495
2018-02-11,-5.2064486
2018-02-12,-5.2773495
2018-02-13,-5.3829794
2018-02-14,-5.3829794
2018-02-15,-5.3829794
2018-02-16,-5.3829794
2018-02-17,-5.3829794
2018-02-18,-5.3829794
2018-02-19,-5.3829794
2018-02-20,-5.3098097
2018-02-21,-5.1445503
2018-02-22,-4.801234
2018-02-23,-4.80126
2018-02-24,-4.80126
2018-02-25,-4.80126
2018-02-26,1.8425956
2018-02-27,-4.739935
2018-02-28,-4.800641
2018-03-01,2.009353
2018-03-02,1.8200253
2018-03-03,1.7187561
2018-03-04,-4.80126
2018-03-05,-4.80126
2018-03-06,-4.80126
2018-03-07,-4.80126
2018-03-08,-4.801259
2018-03-09,-4.728142
2018-03-10,-4.6131506
2018-03-11,-4.7318125
2018-03-12,-4.532212
2018-03-13,2.1322494
2018-03-14,-3.6475165
2018-03-15,-0.4039721
2018-03-16,-4.2851114
2018-03-17,-4.628744
2018-03-18,-4.6283236
2018-03-19,-4.6950912
2018-03-20,1.9856181
2018-03-21,1.923838
2018-03-22,0.4827392
2018-03-23,-4.6950912
2018-03-24,-4.597954
2018-03-25,-4.52277
2018-03-26,-4.082285
2018-03-27,-3.8713233
2018-03-28,-4.025508
2018-03-29,-3.4864237
2018-03-30,-3.405647
2018-03-31,-3.2165875
2018-04-01,-3.2165875
2018-04-02,-3.1999228
2018-04-03,-3.1999228
2018-04-04,-3.1999228
2018-04-05,-3.3238354
2018-04-06,3.4784636
2018-04-07,3.4232697
2018-04-08,-3.290579
2018-04-09,-3.2081416
2018-04-10,-2.9944744
2018-04-11,-2.7994359
2018-04-12,-2.9944744
2018-04-13,-2.9944744
2018-04-14,-3.148208
2018-04-15,-2.9944744
2018-04-16,1.5456249
2018-04-17,-3.2457938
2018-04-18,-3.2784326
2018-04-19,-2.7389934
2018-04-20,-2.7454991
2018-04-21,-3.2152789
2018-04-22,-3.2152789
2018-04-23,-3.2895582
2018-04-24,-3.0171227
2018-04-25,-2.7846484
2018-04-26,-2.909361
2018-04-27,-2.7564821
2018-04-28,-2.7495596
2018-04-29,-3.1222389
2018-04-30,-2.8179739
2018-05-01,-3.1671045
2018-05-02,-2.6071296
2018-05-03,-2.6071296
2018-05-04,-2.2692592
2018-05-05,-2.2692585
2018-05-06,-2.4121797
2018-05-07,-2.4864044
2018-05-08,-2.4121728
2018-05-09,-2.4045656
2018-05-10,-1.3825407
2018-05-11,-1.2041204
2018-05-12,-1.2157745
2018-05-13,-1.252188
2018-05-14,-1.3732479
2018-05-15,-1.3732474
2018-05-16,-1.3335276
2018-05-17,-1.3335276
2018-05-18,-1.2995684
2018-05-19,-1.1594889
2018-05-20,-1.156718
2018-05-21,-1.1446105
2018-05-22,-1.156718
2018-05-23,-1.1840422
2018-05-24,-1.1840855
2018-05-25,-1.3090384
2018-05-26,-1.3361459
2018-05-27,-1.1594887
2018-05-28,-1.1840866
2018-05-29,-1.1840863
2018-05-30,-1.156718
2018-05-31,-1.156718
2018-06-01,-1.156718
2018-06-02,-1.156718
2018-06-03,-1.1471424
2018-06-04,-1.1471424
2018-06-05,-1.156718
2018-06-06,-1.152288
2018-06-07,-1.207129
2018-06-08,-1.156718
2018-06-09,-1.1840866
2018-06-10,-1.1594887
2018-06-11,-1.1471424
2018-06-12,-1.1594887
2018-06-13,-1.2027059
2018-06-14,-1.2027059
2018-06-15,-1.2318941
2018-06-16,-2.1666453
2018-06-17,-1.7367055
2018-06-18,-1.4147825
2018-06-19,-1.1800237
2018-06-20,-1.3537874
2018-06-21,-1.4320335
2018-06-22,-2.2310174
2018-06-23,-1.8033316
2018-06-24,-1.5479825
2018-06-25,-2.3694537
2018-06-26,-2.4197419
2018-06-27,-1.8054271
2018-06-28,-1.5478308
2018-06-29,-1.810816
2018-06-30,-2.4847584
2018-07-01,-2.4847584
2018-07-02,-2.4847584
2018-07-03,-2.4847584
2018-07-04,-2.4847584
2018-07-05,-2.4847584
2018-07-06,-2.521914
2018-07-07,-2.4845672
2018-07-08,-2.4143438
2018-07-09,-2.4847584
2018-07-10,-2.4847584
2018-07-11,-2.4847584
2018-07-12,-2.4626255
2018-07-13,-2.48892
2018-07-14,-2.5219946
2018-07-15,-2.6092458
2018-07-16,-2.6092744
2018-07-17,-2.6015952
2018-07-18,-2.5205803
2018-07-19,-2.5890741
2018-07-20,-2.5946243
2018-07-21,-2.6382158
2018-07-22,-2.5552676
2018-07-23,-2.6415248
2018-07-24,-2.6938372
2018-07-25,-2.5579004
2018-07-26,-2.7631943
2018-07-27,-2.7631943
2018-07-28,-2.6031218
2018-07-29,-2.7065063
2018-07-30,-2.775685
2018-07-31,-2.8210561
2018-08-01,-2.8244014
2018-08-02,-2.9488018
2018-08-03,-2.9614873
2018-08-04,-2.9614873
2018-08-05,-2.885963
2018-08-06,-2.885963
2018-08-07,-3.1563284
2018-08-08,-3.1944492
2018-08-09,-3.1948926
2018-08-10,-3.1944518
2018-08-11,-3.1180897
2018-08-12,-3.1076555
2018-08-13,-3.1822991
2018-08-14,-3.2609568
2018-08-15,-3.2646286
2018-08-16,-3.3182511
2018-08-17,-3.3179529
2018-08-18,-3.227105
2018-08-19,-3.280121
2018-08-20,-3.2468336
2018-08-21,-3.341508
2018-08-22,-3.3414652
2018-08-23,-3.2464204
2018-08-24,-3.1305542
2018-08-25,-3.1901367
2018-08-26,-3.289648
2018-08-27,-3.324174
2018-08-28,-3.324174
2018-08-29,-3.2004967
2018-08-30,-3.2801173
2018-08-31,-3.2669811
2018-09-01,-3.266832
2018-09-02,-3.266832
2018-09-03,-3.266832
2018-09-04,-3.3601317
2018-09-05,-3.3601317
2018-09-06,-3.360131
2018-09-07,-3.24541
2018-09-08,-3.2419255
2018-09-09,-3.2309542
2018-09-10,-3.2309542
2018-09-11,-3.2379587
2018-09-12,-3.2379587
2018-09-13,-3.2379587
2018-09-14,-3.2360857
2018-09-15,-3.2028065
2018-09-16,-3.3261745
2018-09-17,-3.2474685
2018-09-18,-3.2548065
2018-09-19,-3.2548532
2018-09-20,-3.244735
2018-09-21,-3.244928
2018-09-22,-3.232073
2018-09-23,-3.2608137
2018-09-24,-3.1961045
2018-09-25,-3.1961045
2018-09-26,-3.1602716
2018-09-27,-2.9789345
2018-09-28,-3.1631355
2018-09-29,-3.213793
2018-09-30,-3.0493414
2018-10-01,-3.0493305
2018-10-02,-2.8360856
2018-10-03,4.0621805
2018-10-04,-2.7478132
2018-10-05,-2.7963672
2018-10-06,-2.6395857
2018-10-07,-2.5598533
2018-10-08,-2.60952
2018-10-09,-2.5577524
2018-10-10,-2.5577524
2018-10-11,-2.5577855
2018-10-12,-2.648717
2018-10-13,-2.6490164
2018-10-14,-2.643484
2018-10-15,-2.643484
2018-10-16,-2.643394
2018-10-17,-2.5815928
2018-10-18,-2.5815928
2018-10-19,-2.5815928
2018-10-20,-2.5742042
2018-10-21,-2.5577524
2018-10-22,-2.5574224
2018-10-23,-2.5577376
2018-10-24,-2.5577524
2018-10-25,-2.6128573
2018-10-26,-2.612878
2018-10-27,-2.6211529
2018-10-28,-2.610476
2018-10-29,-2.610476
2018-10-30,-2.610476
2018-10-31,-2.6104758
2018-11-01,-2.431582
2018-11-02,-2.5006003
2018-11-03,-2.5006003
2018-11-04,-2.5003026
2018-11-05,-2.5006003
2018-11-06,-2.5006003
2018-11-07,-2.431582
2018-11-08,-2.431582
2018-11-09,-2.5046566
2018-11-10,-2.5046566
2018-11-11,-2.3361585
2018-11-12,-2.3361585
2018-11-13,-2.3363037
2018-11-14,-2.5046575
2018-11-15,-2.5577524
2018-11-16,-2.504657
2018-11-17,-2.5046568
2018-11-18,-2.5046568
2018-11-19,-2.5046568
2018-11-20,-2.5046568
2018-11-21,4.333606
2018-11-22,4.3055925
2018-11-23,4.2986093
2018-11-24,-2.5046568
2018-11-25,-2.6104646
2018-11-26,-2.5806706
2018-11-27,-2.5794325
2018-11-28,4.2475123
2018-11-29,4.3059735
2018-11-30,-2.50416
2018-12-01,4.296651
2018-12-02,-2.5046568
2018-12-03,-2.5046568
2018-12-04,-2.504656
2018-12-05,4.3059735
2018-12-06,-2.5046582
2018-12-07,-2.63329
2018-12-08,-2.5121965
2018-12-09,-2.511783
2018-12-10,-2.5046525
2018-12-11,-2.784226
2018-12-12,-2.8357613
2018-12-13,-2.8357613
2018-12-14,-2.8357518
2018-12-15,-2.8284163
2018-12-16,-2.2182376
2018-12-17,1.7119353
2018-12-18,-2.492842
2018-12-19,-2.402065
2018-12-20,-2.587868
2018-12-21,-2.5045304
2018-12-22,-2.5046568
2018-12-23,-2.5046568
2018-12-24,4.2081094
2018-12-25,-2.5046566
2018-12-26,-2.5046568
2018-12-27,-2.54591
2018-12-28,-2.54591
2018-12-29,-2.438705
2018-12-30,-2.6390138
2018-12-31,-2.6277788
2019-01-01,-2.5014668
2019-01-02,-2.3924086
2019-01-03,-2.2143822
2019-01-04,-2.1017241
2019-01-05,4.708772
2019-01-06,4.9192195
2019-01-07,-1.9492567
2019-01-08,-2.4552038
2019-01-09,4.3197403
2019-01-10,-2.3574164
2019-01-11,-2.3749726
2019-01-12,-2.8805277
2019-01-13,-3.1905792
2019-01-14,1.5177157
2019-01-15,3.3983629
2019-01-16,3.416699
2019-01-17,-2.9311833
2019-01-18,-3.280641
2019-01-19,-3.280641
2019-01-20,3.327743
2019-01-21,-3.308297
2019-01-22,-3.3083029
2019-01-23,-3.308297
2019-01-24,-3.3666773
2019-01-25,-2.8643281
2019-01-26,-2.9279194
2019-01-27,-2.9111369
2019-01-28,-2.9072683
2019-01-29,-2.9519794
2019-01-30,-2.9072335
2019-01-31,2.7711155
2019-02-01,-3.2642548
2019-02-02,3.5475755
2019-02-03,3.5453959
2019-02-04,3.5668056
2019-02-05,-3.4605072
2019-02-06,-3.2552443
2019-02-07,-3.2512043
2019-02-08,2.1532106
2019-02-09,4.033879
2019-02-10,-2.49568
2019-02-11,-2.48285
2019-02-12,-2.356996
2019-02-13,4.4531603
2019-02-14,4.45513
2019-02-15,4.3518987
2019-02-16,-2.1221757
2019-02-17,-2.3290777
2019-02-18,-2.4434752
2019-02-19,-2.6466804
2019-02-20,-2.6466804
2019-02-21,-2.644411
2019-02-22,-2.625482
2019-02-23,-2.558986
2019-02-24,-2.3454282
2019-02-25,5.3201118
2019-02-26,5.1550837
2019-02-27,5.37596
2019-02-28,-1.4462324
2019-03-01,-1.2024872
2019-03-02,5.3805943
2019-03-03,-1.2821364
2019-03-04,-1.4342451
2019-03-05,5.607963
2019-03-06,5.608139
2019-03-07,-1.1643734
2019-03-08,-1.1644104
2019-03-09,-1.1634774
2019-03-10,-1.5646045
2019-03-11,-1.5646048
2019-03-12,-1.5646048
2019-03-13,-1.5646048
2019-03-14,-1.5646048
2019-03-15,-1.5646048
2019-03-16,-1.5646048
2019-03-17,-1.5646048
2019-03-18,-1.2543261
2019-03-19,-1.2543261
2019-03-20,5.546271
2019-03-21,-1.246804
2019-03-22,-1.2542903
2019-03-23,1.0483913
2019-03-24,-1.2543261
2019-03-25,-1.2489204
2019-03-26,-1.3780894
2019-03-27,5.54823
2019-03-28,-1.2503687
2019-03-29,-1.2543261
2019-03-30,-1.2543261
2019-03-31,-1.2543616
2019-04-01,-1.5752547
2019-04-02,-1.5434763
2019-04-03,-1.55896
2019-04-04,-1.2901235
2019-04-05,-1.8397046
2019-04-06,-1.8407748
2019-04-07,-1.8407748
2019-04-08,-1.876163
2019-04-09,-1.8407748
2019-04-10,-1.8407748
2019-04-11,-1.8407748
2019-04-12,-2.067458
2019-04-13,-2.0674636
2019-04-14,-2.0674636
2019-04-15,-1.8407682
2019-04-16,-1.8407743
2019-04-17,-1.8407748
2019-04-18,-1.8407748
2019-04-19,-1.8407748
2019-04-20,-1.8407748
2019-04-21,-2.0673888
2019-04-22,-2.2369597
2019-04-23,-2.2369597
2019-04-24,-2.1876185
2019-04-25,-2.0674636
2019-04-26,-2.0674636
2019-04-27,-2.0674636
2019-04-28,-2.0674636
2019-04-29,-2.0674636
2019-04-30,-2.0674636
2019-05-01,-2.0674636
2019-05-02,-2.0674636
2019-05-03,-2.0674636
2019-05-04,-2.0674636
2019-05-05,-1.8839943
2019-05-06,-1.8839941
2019-05-07,-1.8200936
2019-05-08,-2.0438652
2019-05-09,-2.042775
2019-05-10,-2.0024238
2019-05-11,-2.1534755
2019-05-12,-2.1534755
2019-05-13,-2.1534755
2019-05-14,-2.1534755
2019-05-15,-1.8076133
2019-05-16,4.7617774
2019-05-17,-2.0438652
2019-05-18,0.9130807
2019-05-19,4.766658
2019-05-20,-2.0438652
2019-05-21,-1.9268293
2019-05-22,-2.043864
2019-05-23,-2.0438657
2019-05-24,-2.1551044
2019-05-25,-2.0438652
2019-05-26,1.3019631
2019-05-27,-2.1552572
2019-05-28,-2.1552572
2019-05-29,-2.1552322
2019-05-30,-1.8849306
2019-05-31,-2.15525
2019-06-01,-2.1571648
2019-06-02,-2.0101132
2019-06-03,-2.0200717
2019-06-04,-2.374869
2019-06-05,-2.0115118
2019-06-06,-2.007812
2019-06-07,-2.007812
2019-06-08,-2.0090346
2019-06-09,-2.007812
2019-06-10,-2.007812
2019-06-11,-2.007812
2019-06-12,-2.007812
2019-06-13,-2.007812
2019-06-14,-2.007812
2019-06-15,-2.007812
2019-06-16,-2.007812
2019-06-17,-2.007812
2019-06-18,-2.007812
2019-06-19,-2.007812
2019-06-20,-2.007812
2019-06-21,-2.007812
2019-06-22,-2.007812
2019-06-23,-2.2950227
2019-06-24,-2.2932217
2019-06-25,-2.274019
2019-06-26,-2.274019
2019-06-27,-2.2734473
2019-06-28,-2.2022002
2019-06-29,-2.2022002
2019-06-30,-2.2022002
2019-07-01,-2.0541606
2019-07-02,-2.2018614
2019-07-03,-2.06557
2019-07-04,-2.0532317
2019-07-05,-2.0532317
2019-07-06,-2.0532317
2019-07-07,-2.0984864
2019-07-08,-2.289381
2019-07-09,-2.2478163
2019-07-10,-2.3041296
2019-07-11,-2.3041296
2019-07-12,-2.3043227
2019-07-13,-2.4320652
2019-07-14,-2.5984783
2019-07-15,-2.5984783
2019-07-16,-2.67103
2019-07-17,-2.7049062
2019-07-18,-2.705822
2019-07-19,-2.6975744
2019-07-20,-2.6975675
2019-07-21,-2.8275514
2019-07-22,-2.8275518
2019-07-23,-2.793729
2019-07-24,-2.793729
2019-07-25,-2.7937298
2019-07-26,-2.9229264
2019-07-27,-2.8038938
2019-07-28,-2.933218
2019-07-29,-2.936503
2019-07-30,-2.9361107
2019-07-31,-2.9361107
2019-08-01,-2.9361112
2019-08-02,-2.9361107
2019-08-03,-3.150551
2019-08-04,-3.1504993
2019-08-05,-3.1504993
2019-08-06,-3.1504993
2019-08-07,-3.3129518
2019-08-08,-3.358096
2019-08-09,-3.358096
2019-08-10,-3.4201467
2019-08-11,-3.4201467
2019-08-12,-3.324174
2019-08-13,-3.324174
2019-08-14,-3.324174
2019-08-15,-3.4007342
2019-08-16,-3.4861948
2019-08-17,-3.5612192
2019-08-18,-3.4449337
2019-08-19,-3.3549793
2019-08-20,-3.358375
2019-08-21,-3.4734254
2019-08-22,-3.5489123
2019-08-23,-3.548897
2019-08-24,-3.548897
2019-08-25,-3.548897
2019-08-26,-3.737818
2019-08-27,-3.7378519
2019-08-28,-3.6665547
2019-08-29,-3.666527
2019-08-30,-3.663285
2019-08-31,-3.8049924
2019-09-01,-3.6667738
2019-09-02,-3.8049924
2019-09-03,-3.8049924
2019-09-04,-3.8049855
2019-09-05,-3.6632416
2019-09-06,-3.526086
2019-09-07,-3.525984
2019-09-08,-3.5283582
2019-09-09,-3.5274856
2019-09-10,-3.7379653
2019-09-11,-3.9649007
2019-09-12,-3.944379
2019-09-13,-3.798971
2019-09-14,-3.798971
2019-09-15,-3.798971
2019-09-16,-3.7001753
2019-09-17,-3.569161
2019-09-18,-3.5691483
2019-09-19,-3.6920013
2019-09-20,-3.3696012
2019-09-21,-3.2719882
2019-09-22,-3.2719908
2019-09-23,-3.4312654
2019-09-24,-3.3975437
2019-09-25,-3.5196893
2019-09-26,-3.516419
2019-09-27,-3.4881094
2019-09-28,-3.4880931
2019-09-29,-3.4846551
2019-09-30,-3.2402143
2019-10-01,-3.2395244
2019-10-02,-3.241872
2019-10-03,-3.241872
2019-10-04,-3.2630002
2019-10-05,-3.2840638
2019-10-06,-3.283217
2019-10-07,-3.283217
2019-10-08,-3.283217
2019-10-09,-3.283217
2019-10-10,-3.0928347
2019-10-11,-3.0927277
2019-10-12,-3.092266
2019-10-13,-3.0463824
2019-10-14,-3.0463824
2019-10-15,-3.099675
2019-10-16,-3.099675
2019-10-17,-3.0463824
2019-10-18,-3.0463824
2019-10-19,-3.0995705
2019-10-20,-3.0463824
2019-10-21,-3.0463824
2019-10-22,-3.0463824
2019-10-23,-3.0463824
2019-10-24,-3.0333858
2019-10-25,-2.8102875
2019-10-26,-2.8102872
2019-10-27,-2.8102872
2019-10-28,-2.8102872
2019-10-29,-2.8102872
2019-10-30,-2.8102872
2019-10-31,-2.8102872
2019-11-01,-2.8102872
2019-11-02,-2.8104436
2019-11-03,-2.8149624
2019-11-04,-2.9895408
2019-11-05,-2.8518338
2019-11-06,-2.8864963
2019-11-07,-2.8653574
2019-11-08,-2.928696
2019-11-09,-2.928696
2019-11-10,-2.832523
2019-11-11,-2.7392433
2019-11-12,-2.8357613
2019-11-13,-2.7375543
2019-11-14,-2.8043928
2019-11-15,-2.8043928
2019-11-16,-2.7485616
2019-11-17,-2.7381034
2019-11-18,-2.8225238
2019-11-19,-2.7375543
2019-11-20,-2.8340025
2019-11-21,-2.9367473
2019-11-22,-2.8287902
2019-11-23,-2.976712
2019-11-24,-2.9801261
2019-11-25,-3.2183895
2019-11-26,3.6662812
2019-11-27,3.3844805
2019-11-28,-3.3860354
2019-11-29,-3.3103645
2019-11-30,-3.3097587
2019-12-01,3.498915
2019-12-02,3.5002666
2019-12-03,-3.2236664
2019-12-04,3.5002651
2019-12-05,-3.311715
2019-12-06,-2.8539963
2019-12-07,3.49891
2019-12-08,3.4641786
2019-12-09,-3.3685598
2019-12-10,-3.36526
2019-12-11,-3.3807278
2019-12-12,-3.3934004
2019-12-13,-3.3527534
2019-12-14,-3.2797763
2019-12-15,-3.2969375
2019-12-16,-3.3886797
2019-12-17,-3.4865408
2019-12-18,-3.099285
2019-12-19,-3.4668732
2019-12-20,-3.4852588
2019-12-21,-3.4865406
2019-12-22,3.3008142
2019-12-23,-3.5095286
2019-12-24,-3.4261537
2019-12-25,-3.3981483
2019-12-26,-3.4059258
2019-12-27,-3.3818147
2019-12-28,-3.3934019
2019-12-29,-3.15848
2019-12-30,-3.0626023
2019-12-31,-3.0870256
2020-01-01,-3.0870974
2020-01-02,-3.087095
2020-01-03,-3.206772
2020-01-04,-3.2067742
2020-01-05,-3.2067742
2020-01-06,-3.2067742
2020-01-07,-3.2038066
2020-01-08,-3.2271287
2020-01-09,-3.195977
2020-01-10,-3.2628229
2020-01-11,-3.3456063
2020-01-12,-3.3861787
2020-01-13,-3.2958903
2020-01-14,-3.4152243
2020-01-15,-3.486533
2020-01-16,3.4884145
2020-01-17,-3.32828
2020-01-18,-3.4181843
2020-01-19,-3.3394907
2020-01-20,-3.3389068
2020-01-21,-3.2674024
2020-01-22,-3.3399355
2020-01-23,-3.3048325
2020-01-24,-3.4886
2020-01-25,-3.372017
2020-01-26,-3.329027
2020-01-27,-3.3718417
2020-01-28,-3.3718417
2020-01-29,-3.3098843
2020-01-30,-3.3828773
2020-01-31,-3.4886038
2020-02-01,-3.4886038
2020-02-02,-3.4886074
2020-02-03,-3.4816735
2020-02-04,-3.3288648
2020-02-05,-3.322153
2020-02-06,-3.3221574
2020-02-07,-3.509814
2020-02-08,-3.5327005
2020-02-09,-3.5349557
2020-02-10,-3.2553682
2020-02-11,-3.100009
2020-02-12,-3.2993934
2020-02-13,-3.3419647
2020-02-14,-3.2818928
2020-02-15,-3.0853126
2020-02-16,-3.089049
2020-02-17,-3.089048
2020-02-18,-2.861042
2020-02-19,-2.803787
2020-02-20,-2.7207303
2020-02-21,-2.898044
2020-02-22,-2.8979669
2020-02-23,-2.752972
2020-02-24,-2.4816408
2020-02-25,-2.5081322
2020-02-26,-2.4878685
2020-02-27,-2.6770015
2020-02-28,-2.7156057
2020-02-29,-2.6638186
2020-03-01,-2.1714108
2020-03-02,-2.092795
2020-03-03,-2.428308
2020-03-04,-2.4319382
2020-03-05,-2.4267604
2020-03-06,-2.4246178
2020-03-07,-2.1418078
2020-03-08,-2.293028
2020-03-09,-2.2083538
2020-03-10,-2.1652384
2020-03-11,-2.0616455
2020-03-12,-1.358
2020-03-13,-1.3122635
2020-03-14,-1.3019572
2020-03-15,5.6540246
2020-03-16,5.6586394
2020-03-17,-1.1519492
2020-03-18,-1.1519492
2020-03-19,-1.151947
2020-03-20,-1.1509426
2020-03-21,-1.1509426
2020-03-22,-0.42284834
2020-03-23,-1.1545229
2020-03-24,-1.2024807
2020-03-25,-1.4262812
2020-03-26,-1.4262812
2020-03-27,-1.4262931
2020-03-28,-1.4266651
2020-03-29,-1.840668
2020-03-30,-1.2024872
2020-03-31,-1.2024872
2020-04-01,-1.2024872
2020-04-02,-1.8407748
2020-04-03,-1.8407748
2020-04-04,-1.8038895
2020-04-05,4.969738
2020-04-06,3.335965
2020-04-07,-1.8407748
2020-04-08,-1.8303655
2020-04-09,-1.6872729
2020-04-10,-1.8407748
2020-04-11,-1.8407748
2020-04-12,-1.8407748
2020-04-13,-1.8746214
2020-04-14,-1.8781219
2020-04-15,-1.8781219
2020-04-16,-1.8781219
2020-04-17,-1.8758078
2020-04-18,-1.8752807
2020-04-19,-1.8781219
2020-04-20,-1.8781219
2020-04-21,-1.8781219
2020-04-22,-2.0619135
2020-04-23,-2.0674636
2020-04-24,-2.0619228
2020-04-25,-2.0619228
2020-04-26,-2.0619228
2020-04-27,-2.0619228
2020-04-28,-2.0619843
2020-04-29,-2.0619445
2020-04-30,-2.1482196
2020-05-01,-2.148315
2020-05-02,-2.2369597
2020-05-03,-2.28195
2020-05-04,-2.3922052
2020-05-05,-2.3321695
2020-05-06,-2.999395
2020-05-07,-2.8955345
2020-05-08,-2.8565004
2020-05-09,-2.7488723
2020-05-10,-2.7111254
2020-05-11,-2.7098265
2020-05-12,-2.55947
2020-05-13,-2.6112351
2020-05-14,-2.637674
2020-05-15,-2.793176
2020-05-16,-2.793176
2020-05-17,-2.7931716
2020-05-18,3.0024261
2020-05-19,-2.7016041
2020-05-20,-2.6000285
2020-05-21,-2.6000285
2020-05-22,-2.671348
2020-05-23,-2.8746033
2020-05-24,-2.9246614
2020-05-25,-2.9246614
2020-05-26,-3.004377
2020-05-27,-2.9590714
2020-05-28,-2.8946972
2020-05-29,-2.879443
2020-05-30,-2.8331916
2020-05-31,-2.806182
2020-06-01,-2.75474
2020-06-02,-2.7168086
2020-06-03,-2.800109
2020-06-04,-2.8623567
2020-06-05,-2.8623567
2020-06-06,-2.8744185
2020-06-07,-2.929832
2020-06-08,-2.9609592
2020-06-09,-2.9609592
2020-06-10,-2.9206572
2020-06-11,-2.8509586
2020-06-12,-2.874541
2020-06-13,-3.023683
2020-06-14,-3.023683
2020-06-15,-3.023683
2020-06-16,-3.023683
2020-06-17,-2.8745203
2020-06-18,-2.8911777
2020-06-19,-2.945943
2020-06-20,-2.945943
2020-06-21,-2.945943
2020-06-22,-2.9543767
2020-06-23,-2.9051237
2020-06-24,-2.9051235
2020-06-25,-2.8049254
2020-06-26,-2.6711724
2020-06-27,-2.6703196
2020-06-28,-2.6703203
2020-06-29,-2.6894763
2020-06-30,-2.75167
2020-07-01,-2.75167
2020-07-02,-2.75167
2020-07-03,-2.75167
2020-07-04,-2.75167
2020-07-05,-2.7516701
2020-07-06,-2.75167
2020-07-07,-2.75167
2020-07-08,-2.7516706
2020-07-09,-2.7593243
2020-07-10,-2.6643877
2020-07-11,-2.759401
2020-07-12,-3.2684577
2020-07-13,-3.061486
2020-07-14,-3.0611613
2020-07-15,-3.0525925
2020-07-16,-3.2114751
2020-07-17,-3.2357857
2020-07-18,-3.213972
2020-07-19,-3.339529
2020-07-20,-3.433772
2020-07-21,-3.426607
2020-07-22,-2.9617698
2020-07-23,-2.9619825
2020-07-24,-3.1195064
2020-07-25,-3.2837667
2020-07-26,-3.4532712
2020-07-27,-3.437443
2020-07-28,-3.7457173
2020-07-29,-4.01971
2020-07-30,-4.0188665
2020-07-31,-3.9825585
2020-08-01,-4.093029
2020-08-02,-4.1444063
2020-08-03,-4.1445236
2020-08-04,-4.1445236
2020-08-05,-4.1445236
2020-08-06,-4.5060053
2020-08-07,-4.5072937
2020-08-08,-4.385667
2020-08-09,-4.3984203
2020-08-10,-4.3984575
2020-08-11,-4.2506514
2020-08-12,-4.1267915
2020-08-13,-4.0380154
2020-08-14,-4.047907
2020-08-15,-3.9522393
2020-08-16,-3.9522398
2020-08-17,-4.0985785
2020-08-18,-4.0985785
2020-08-19,-4.0985785
2020-08-20,-4.1247954
2020-08-21,-4.1247954
2020-08-22,-4.1247954
2020-08-23,-4.1769295
2020-08-24,-4.1724563
2020-08-25,-4.1724563
2020-08-26,-4.2190285
2020-08-27,-4.2190285
2020-08-28,-4.2190285
2020-08-29,-4.2190285
2020-08-30,-4.2190285
2020-08-31,-4.4157906
2020-09-01,-4.4157906
2020-09-02,-4.535838
2020-09-03,-4.5508823
2020-09-04,-4.5508823
2020-09-05,-4.5508823
2020-09-06,-4.5508823
2020-09-07,-4.5508823
2020-09-08,-4.5508823
2020-09-09,-4.1920166
2020-09-10,-4.1920166
2020-09-11,-4.1920166
2020-09-12,-4.1891513
2020-09-13,-4.1920166
2020-09-14,-4.187236
2020-09-15,-4.154602
2020-09-16,-4.0150633
2020-09-17,-4.0435524
2020-09-18,-4.008617
2020-09-19,-4.008617
2020-09-20,-4.3765545
2020-09-21,-4.588978
2020-09-22,-4.3847837
2020-09-23,-4.3847837
2020-09-24,-4.2772017
2020-09-25,-4.334502
2020-09-26,-4.1803036
2020-09-27,-4.1151056
2020-09-28,-4.1151056
2020-09-29,-4.1151056
2020-09-30,-4.1151056
2020-10-01,-4.115107
2020-10-02,-4.1471124
2020-10-03,-4.1471124
2020-10-04,-4.1471124
2020-10-05,-4.1301265
2020-10-06,-4.1151056
2020-10-07,-4.1151056
2020-10-08,-4.300645
2020-10-09,-4.554367
2020-10-10,-4.554367
2020-10-11,-4.554367
2020-10-12,-4.588978
2020-10-13,-4.588977
2020-10-14,-4.5864773
2020-10-15,-4.588978
2020-10-16,-4.588978
2020-10-17,-4.588978
2020-10-18,-4.588978
2020-10-19,-4.588978
2020-10-20,-4.588978
2020-10-21,-4.588978
2020-10-22,-4.588978
2020-10-23,-4.4983044
2020-10-24,-4.4983044
2020-10-25,-4.4983044
2020-10-26,-4.5508823
2020-10-27,-4.5508823
2020-10-28,-4.902313
2020-10-29,-5.026142
2020-10-30,-5.026142
2020-10-31,-5.026142
2020-11-01,-5.026142
2020-11-02,-4.6682806
2020-11-03,-4.6682806
2020-11-04,-4.6682806
2020-11-05,-4.6682806
2020-11-06,-4.6682806
2020-11-07,-4.6682806
2020-11-08,-4.668274
2020-11-09,-4.6682806
2020-11-10,-4.6682806
2020-11-11,-4.4149656
2020-11-12,-4.4149656
2020-11-13,-2.2948136
2020-11-14,-4.658268
2020-11-15,-4.6682806
2020-11-16,-4.6682806
2020-11-17,2.0825498
2020-11-18,-4.541209
2020-11-19,-4.588978
2020-11-20,-4.588978
2020-11-21,-4.588978
2020-11-22,-4.588978
2020-11-23,-4.588978
2020-11-24,-4.3966923
2020-11-25,-4.3966923
2020-11-26,-4.3966923
2020-11-27,-4.445057
2020-11-28,-4.445056
2020-11-29,-4.445056
2020-11-30,-4.445056
2020-12-01,-4.855709
2020-12-02,-5.3573275
2020-12-03,-5.3573275
2020-12-04,-5.422372
2020-12-05,-5.422372
2020-12-06,-5.422372
2020-12-07,-5.405652
2020-12-08,-5.40563
2020-12-09,-5.40563
2020-12-10,-5.40563
2020-12-11,-5.40563
2020-12-12,-5.422233
2020-12-13,1.3819784
2020-12-14,-5.426918
2020-12-15,-5.3590374
2020-12-16,-4.9456587
2020-12-17,-0.21706368
2020-12-18,-4.9772167
2020-12-19,-4.9772167
2020-12-20,-4.9772167
2020-12-21,-4.9772167
2020-12-22,-4.9350986
2020-12-23,-4.9021664
2020-12-24,-4.935088
2020-12-25,-4.8257074
2020-12-26,-4.935088
2020-12-27,-4.934901
2020-12-28,0.95807767
2020-12-29,-5.0581913
2020-12-30,-4.7039776
2020-12-31,-4.7041483
2021-01-01,-5.058446
2021-01-02,-5.2841854
2021-01-03,-5.2841854
2021-01-04,-2.7697167
2021-01-05,-5.3829794
2021-01-06,-5.2064486
2021-01-07,-4.741849
2021-01-08,-4.736061
2021-01-09,-4.736061
2021-01-10,-4.6786413
2021-01-11,-4.6581573
2021-01-12,-4.6734915
2021-01-13,-4.71548
2021-01-14,-4.71548
2021-01-15,-4.67352
2021-01-16,-4.6734915
2021-01-17,-4.6734915
2021-01-18,-4.484398
2021-01-19,-4.5463877
2021-01-20,-4.5464096
2021-01-21,-4.6581573
2021-01-22,-4.6509757
2021-01-23,-4.572748
2021-01-24,-4.5573025
2021-01-25,-4.572704
2021-01-26,-4.195086
2021-01-27,2.448801
2021-01-28,2.4488058
2021-01-29,-4.19593
2021-01-30,-4.195995
2021-01-31,-4.3614244
2021-02-01,-4.360802
2021-02-02,-4.3617544
2021-02-03,-4.30921
2021-02-04,-4.3617535
2021-02-05,-4.520692
2021-02-06,-4.7229424
2021-02-07,-4.7229557
2021-02-08,-4.7229557
2021-02-09,-4.7229557
2021-02-10,-4.999052
2021-02-11,1.6710109
2021-02-12,-4.999049
2021-02-13,-4.6761265
2021-02-14,-4.739373
2021-02-15,-4.7389946
2021-02-16,-4.653535
2021-02-17,-4.6551123
2021-02-18,-4.6294203
2021-02-19,-4.6283207
2021-02-20,-4.628085
2021-02-21,-4.6283207
2021-02-22,-4.6283207
2021-02-23,-4.6551123
2021-02-24,-4.6551123
2021-02-25,-4.6551123
2021-02-26,-4.6551123
2021-02-27,-4.628337
2021-02-28,-4.776593
2021-03-01,-4.6854753
2021-03-02,-4.181981
2021-03-03,-4.27009
2021-03-04,-4.27009
2021-03-05,-4.124184
2021-03-06,-3.7148461
2021-03-07,-3.8339343
2021-03-08,-3.7229488
2021-03-09,-3.619617
2021-03-10,3.086776
2021-03-11,-3.811382
2021-03-12,-3.842624
2021-03-13,-4.0556087
2021-03-14,-4.0111494
2021-03-15,-4.0078306
2021-03-16,-4.0112333
2021-03-17,-4.0112333
2021-03-18,2.9313202
2021-03-19,-3.8174367
2021-03-20,-3.6502035
2021-03-21,-3.5398648
2021-03-22,-3.5398617
2021-03-23,-3.5341089
2021-03-24,-3.4686575
2021-03-25,-3.5979514
2021-03-26,-3.4664567
2021-03-27,-3.466411
2021-03-28,-3.581841
2021-03-29,-3.5247602
2021-03-30,-3.4242876
2021-03-31,-3.4242876
2021-04-01,-3.4135566
2021-04-02,-3.286138
2021-04-03,-3.145374
2021-04-04,-3.0834436
2021-04-05,-3.1914246
2021-04-06,-3.083444
2021-04-07,-2.9572275
2021-04-08,-2.9572275
2021-04-09,-2.9572375
2021-04-10,-2.9125602
2021-04-11,-2.8602798
2021-04-12,-2.8171902
2021-04-13,-2.7671525
2021-04-14,-2.608229
2021-04-15,-2.696615
2021-04-16,-2.8144634
2021-04-17,-2.8144634
2021-04-18,-2.8144634
2021-04-19,-2.8258386
2021-04-20,-2.8556437
2021-04-21,-2.8655715
2021-04-22,-2.8655715
2021-04-23,-2.8556452
2021-04-24,-2.7554133
2021-04-25,3.011001
2021-04-26,-2.5692847
2021-04-27,-2.5692828
2021-04-28,-2.4604788
2021-04-29,-1.9228723
2021-04-30,-2.1745377
2021-05-01,-1.9035497
2021-05-02,-1.9035499
2021-05-03,-2.2132206
2021-05-04,-2.157677
2021-05-05,-2.2132206
2021-05-06,-2.2132206
2021-05-07,-2.192456
2021-05-08,-2.1726465
2021-05-09,-2.2165387
2021-05-10,-2.0674636
2021-05-11,-2.0619228
2021-05-12,-1.8781219
2021-05-13,-1.2543261
2021-05-14,-1.2543261
2021-05-15,-1.254326
2021-05-16,-1.2543261
2021-05-17,-1.1644104
2021-05-18,-1.1644104
2021-05-19,-1.1644104
2021-05-20,-1.1644104
2021-05-21,-1.1639932
2021-05-22,-1.1643907
2021-05-23,-1.1644104
2021-05-24,-1.1644104
2021-05-25,-1.2017832
2021-05-26,-1.2024832
2021-05-27,-1.2024872
2021-05-28,-1.2024872
2021-05-29,-1.7547398
2021-05-30,-1.7441664
2021-05-31,-1.2024872
2021-06-01,-1.1519368
2021-06-02,-1.149934
2021-06-03,-1.2024872
2021-06-04,-1.2023532
2021-06-05,-1.1644099
2021-06-06,-1.1462078
2021-06-07,-1.174341
2021-06-08,-1.1743768
2021-06-09,-1.174377
2021-06-10,-1.1813719
2021-06-11,-1.1813717
2021-06-12,-1.1813719
2021-06-13,-1.1471651
2021-06-14,-1.5527878
2021-06-15,-1.1487586
2021-06-16,-1.1472096
2021-06-17,-1.1597036
2021-06-18,-1.7429941
2021-06-19,-2.041865
2021-06-20,-2.041865
2021-06-21,-2.0419676
2021-06-22,-2.2151742
2021-06-23,-2.3714015
2021-06-24,-2.3368306
2021-06-25,-2.715549
2021-06-26,-2.6927037
2021-06-27,-2.4950688
2021-06-28,-2.4856727
2021-06-29,-2.4856727
2021-06-30,-2.4856727
2021-07-01,-2.5288389
2021-07-02,-2.5343063
2021-07-03,-2.534637
2021-07-04,-2.6725748
2021-07-05,-2.6973186
2021-07-06,-2.7281573
2021-07-07,-2.8095045
2021-07-08,-2.8410845
2021-07-09,-2.7808905
2021-07-10,-2.7809684
2021-07-11,-2.854031
2021-07-12,-2.7804856
2021-07-13,-2.787197
2021-07-14,-2.831699
2021-07-15,-2.8410645
2021-07-16,-2.8324323
2021-07-17,-3.1396458
2021-07-18,-3.2617228
2021-07-19,-3.4805765
2021-07-20,-3.4806516
2021-07-21,-3.4806516
2021-07-22,-3.4398263
2021-07-23,-3.3415194
2021-07-24,-3.3417387
2021-07-25,-3.4516506
2021-07-26,-3.4818904
2021-07-27,-3.626329
2021-07-28,-3.6147184
2021-07-29,-3.6147184
2021-07-30,-3.6147177
2021-07-31,-3.4806514
2021-08-01,-3.4806516
2021-08-02,-3.4806516
2021-08-03,-3.4806516
2021-08-04,-3.6147184
2021-08-05,-3.6146019
2021-08-06,-3.4806516
2021-08-07,-3.4806516
2021-08-08,-3.4806516
2021-08-09,-3.4806516
2021-08-10,-3.4806516
2021-08-11,-3.4806516
2021-08-12,-3.4806516
2021-08-13,-3.4806516
2021-08-14,-3.4806516
2021-08-15,-3.4806516
2021-08-16,-3.4806516
2021-08-17,-3.6516807
2021-08-18,-3.6516807
2021-08-19,-3.6516807
2021-08-20,-3.770236
2021-08-21,-3.770236
2021-08-22,-3.770236
2021-08-23,-3.770236
2021-08-24,-3.7702155
2021-08-25,-3.6788929
2021-08-26,-3.6788929
2021-08-27,-3.6123414
2021-08-28,-3.6139624
2021-08-29,-3.6517534
2021-08-30,-3.651756
2021-08-31,-3.7609484
2021-09-01,-3.7609484
2021-09-02,-3.6416383
2021-09-03,-3.6416044
2021-09-04,-3.6416044
2021-09-05,-3.6410415
2021-09-06,-3.5180764
2021-09-07,-3.5180764
2021-09-08,-3.5180764
2021-09-09,-3.5149806
2021-09-10,-3.4615972
2021-09-11,-3.5942862
2021-09-12,-3.5945914
2021-09-13,-3.710199
2021-09-14,-3.7293043
2021-09-15,-3.773232
2021-09-16,-3.8087437
2021-09-17,-3.8087423
2021-09-18,-3.639185
2021-09-19,-3.6389353
2021-09-20,-3.6389484
2021-09-21,-3.6389396
2021-09-22,-3.6748981
2021-09-23,-3.6776452
2021-09-24,-3.7792199
2021-09-25,-3.9194152
2021-09-26,-4.0599556
2021-09-27,-4.334881
2021-09-28,-4.4149656
2021-09-29,-4.2205763
2021-09-30,-4.2205763
2021-10-01,-4.279686
2021-10-02,-4.24088
2021-10-03,-4.240878
2021-10-04,-4.240878
2021-10-05,-4.240878
2021-10-06,-4.4149656
2021-10-07,-4.4149656
2021-10-08,-4.4149356
2021-10-09,-4.4149656
2021-10-10,-4.3765545
2021-10-11,-4.3729925
2021-10-12,-4.312542
2021-10-13,-4.4983044
2021-10-14,-4.4983044
2021-10-15,-4.4983044
2021-10-16,-4.5508823
2021-10-17,-4.4157906
2021-10-18,-4.4157906
2021-10-19,-4.41586
2021-10-20,-4.5426607
2021-10-21,-4.5508647
2021-10-22,2.1657605
2021-10-23,-4.454651
2021-10-24,2.2761686
2021-10-25,-4.0964165
2021-10-26,-4.5508823
2021-10-27,-4.5508823
2021-10-28,-4.5508823
2021-10-29,-4.8371964
2021-10-30,-4.8371964
2021-10-31,-4.8371964
2021-11-01,-4.984385
2021-11-02,-4.4149656
2021-11-03,-4.4149656
2021-11-04,-4.4149656
2021-11-05,-4.333559
2021-11-06,-4.333559
2021-11-07,-4.312542
2021-11-08,-4.312534
2021-11-09,2.4977841
2021-11-10,-4.312542
2021-11-11,-4.312542
2021-11-12,-4.312542
2021-11-13,-4.4983044
2021-11-14,-4.4983044
2021-11-15,-4.4983044
2021-11-16,-4.4983044
2021-11-17,-4.4983044
2021-11-18,-4.588978
2021-11-19,-4.5889454
2021-11-20,-4.588978
2021-11-21,-4.588978
2021-11-22,-4.6682806
2021-11-23,-4.6682806
2021-11-24,-4.6682806
2021-11-25,-4.6682806
2021-11-26,-5.060648
2021-11-27,-5.0471087
2021-11-28,-4.723851
2021-11-29,-4.7527294
2021-11-30,-4.7527294
2021-12-01,-5.042653
2021-12-02,-5.0451326
2021-12-03,-4.7815056
2021-12-04,-4.781704
2021-12-05,-4.963876
2021-12-06,-4.7815056
2021-12-07,-4.7815056
2021-12-08,-4.7815056
2021-12-09,-4.7814784
2021-12-10,-4.7815056
2021-12-11,-4.6738625
2021-12-12,2.1209807
2021-12-13,2.136757
2021-12-14,0.06508513
2021-12-15,-3.7512565
2021-12-16,2.136755
2021-12-17,-4.673874
2021-12-18,-4.673876
2021-12-19,-4.9771547
2021-12-20,-4.9772167
2021-12-21,-4.977147
2021-12-22,1.8334148
2021-12-23,1.8312052
2021-12-24,1.6607429
2021-12-25,1.8280433
2021-12-26,-4.9415655
2021-12-27,1.776012
2021-12-28,-4.8818045
2021-12-29,1.6762977
2021-12-30,-5.1326237
2021-12-31,-5.1326237
2022-01-01,-5.132572
2022-01-02,-5.0083294
2022-01-03,-4.729657
2022-01-04,-5.130643
2022-01-05,-5.3554163
2022-01-06,-5.355504
2022-01-07,-5.3692913
2022-01-08,-5.3692913
2022-01-09,-5.3692913
2022-01-10,-5.426918
2022-01-11,-5.4037066
2022-01-12,-5.4037066
2022-01-13,-5.3403683
2022-01-14,-5.4037066
2022-01-15,-5.4037066
2022-01-16,-5.4037066
2022-01-17,-5.4037066
2022-01-18,-5.4037066
2022-01-19,-5.355504
2022-01-20,-5.355504
2022-01-21,-5.355504
2022-01-22,-5.355771
2022-01-23,-5.355506
2022-01-24,-5.371557
2022-01-25,-5.30424
2022-01-26,-5.1817465
2022-01-27,-4.7815056
2022-01-28,-4.7815056
2022-01-29,-4.5959625
2022-01-30,-4.5959625
2022-01-31,-4.5959625
2022-02-01,-4.5959625
2022-02-02,-4.5959625
2022-02-03,-4.5959625
2022-02-04,-4.5922394
2022-02-05,-4.5959597
2022-02-06,-4.3121614
2022-02-07,-4.523287
2022-02-08,-4.2575808
2022-02-09,-4.257571
2022-02-10,-4.257571
2022-02-11,-4.257571
2022-02-12,-4.257571
2022-02-13,-4.2570868
2022-02-14,-4.236271
2022-02-15,-4.236271
2022-02-16,-4.236271
2022-02-17,-4.236271
2022-02-18,-4.257558
2022-02-19,-4.257571
2022-02-20,-4.2371454
2022-02-21,-4.257246
2022-02-22,-4.257568
2022-02-23,-4.257571
2022-02-24,-4.257571
2022-02-25,-4.57518
2022-02-26,-4.886221
2022-02-27,-4.886223
2022-02-28,-4.886223
2022-03-01,-4.733512
2022-03-02,-4.764242
2022-03-03,-4.7272506
2022-03-04,-4.727367
2022-03-05,-4.8077197
2022-03-06,-4.5464096
2022-03-07,-4.5464096
2022-03-08,-4.572748
2022-03-09,-4.395709
2022-03-10,-4.395709
2022-03-11,-4.395709
2022-03-12,-4.395709
2022-03-13,-4.3617544
2022-03-14,-4.362152
2022-03-15,-1.9733286
2022-03-16,-4.1693363
2022-03-17,-4.1693363
2022-03-18,-4.0053644
2022-03-19,-4.000386
2022-03-20,-4.028647
2022-03-21,-4.0286465
2022-03-22,-4.0283217
2022-03-23,-3.8188174
2022-03-24,-3.6428998
2022-03-25,-3.2666628
2022-03-26,-3.394897
2022-03-27,-3.3923938
2022-03-28,3.4157183
2022-03-29,-3.3949096
2022-03-30,-3.4365547
2022-03-31,-3.4380217
2022-04-01,-3.11796
2022-04-02,-3.1383667
2022-04-03,-3.2302663
2022-04-04,-3.4883566
2022-04-05,-3.5303366
2022-04-06,-3.231073
2022-04-07,-3.4881117
2022-04-08,-3.6385014
2022-04-09,-3.6385014
2022-04-10,-3.6385002
2022-04-11,-3.6343622
2022-04-12,-3.5625756
2022-04-13,-3.506837
2022-04-14,-3.3192408
2022-04-15,-3.3176494
2022-04-16,3.428185
2022-04-17,-3.4470596
2022-04-18,-3.3486168
2022-04-19,-3.2150416
2022-04-20,-3.2884357
2022-04-21,1.0424507
2022-04-22,-3.1206934
2022-04-23,-3.2455518
2022-04-24,-3.1140242
2022-04-25,-3.2709224
2022-04-26,-3.4190938
2022-04-27,-3.577233
2022-04-28,-3.7672732
2022-04-29,-3.5213063
2022-04-30,-3.617729
2022-05-01,-3.591962
2022-05-02,-3.5172865
2022-05-03,-3.4132688
2022-05-04,-3.7201612
2022-05-05,-3.6379645
2022-05-06,-3.488188
2022-05-07,-3.7384453
2022-05-08,-3.7386105
2022-05-09,-3.7371445
2022-05-10,-3.4523597
2022-05-11,-3.5228193
2022-05-12,-3.5228198
2022-05-13,-4.2341566
2022-05-14,-4.486806
2022-05-15,-4.38015
2022-05-16,-3.3387249
2022-05-17,-3.1704967
2022-05-18,-3.1704965
2022-05-19,-3.217938
2022-05-20,-3.2178822
2022-05-21,-3.1726055
2022-05-22,-3.2827652
2022-05-23,-3.2827654
2022-05-24,-3.3292685
2022-05-25,-3.2869399
2022-05-26,-3.207842
2022-05-27,-3.0667388
2022-05-28,-3.1053813
2022-05-29,-3.1053824
2022-05-30,-3.125979
2022-05-31,-3.0737178
2022-06-01,-3.0737174
2022-06-02,-3.0737174
2022-06-03,-3.3032687
2022-06-04,-3.390723
2022-06-05,-3.1615014
2022-06-06,-3.1567705
2022-06-07,-3.155905
2022-06-08,-3.0962114
2022-06-09,-3.1680267
2022-06-10,-3.0198185
2022-06-11,-3.185454
2022-06-12,-3.1533163
2022-06-13,-3.2719815
2022-06-14,-3.2567685
2022-06-15,-3.2759092
2022-06-16,-3.2070088
2022-06-17,-3.178023
2022-06-18,-3.3026423
2022-06-19,-3.3021688
2022-06-20,-3.303428
2022-06-21,-3.2571325
2022-06-22,-3.247347
2022-06-23,-3.2553537
2022-06-24,-3.1869621
2022-06-25,-3.3021631
2022-06-26,-3.1961432
2022-06-27,-3.2129529
2022-06-28,-3.1714978
2022-06-29,-3.1773965
2022-06-30,-3.3167272
2022-07-01,-3.3167272
2022-07-02,-3.1109252
2022-07-03,-3.110912
2022-07-04,-3.2739365
2022-07-05,-3.221103
2022-07-06,-3.221103
2022-07-07,-3.3167272
2022-07-08,-3.4508364
2022-07-09,-3.4508364
2022-07-10,-3.4508364
2022-07-11,-3.4508364
2022-07-12,-3.4508364
2022-07-13,-3.4508364
2022-07-14,-3.2234035
2022-07-15,-3.2097347
2022-07-16,-3.2097347
2022-07-17,-3.2918108
2022-07-18,-3.3158066
2022-07-19,-3.3155186
2022-07-20,-3.3098152
2022-07-21,-3.3098154
2022-07-22,-3.3098154
2022-07-23,-3.2242463
2022-07-24,-3.2242463
2022-07-25,-3.2275932
2022-07-26,-3.4863367
2022-07-27,-3.5480306
2022-07-28,-3.5480306
2022-07-29,-3.5480306
2022-07-30,-3.7229736
2022-07-31,-3.7229805
2022-08-01,-3.727621
2022-08-02,-3.72801
2022-08-03,-3.654191
2022-08-04,-3.7279997
2022-08-05,-3.727178
2022-08-06,-3.72801
2022-08-07,-3.72801
2022-08-08,-3.7056167
2022-08-09,-3.6614335
2022-08-10,-3.867247
2022-08-11,-3.9428089
2022-08-12,-3.9428089
2022-08-13,-3.9978187
2022-08-14,-4.0435495
2022-08-15,-4.0435524
2022-08-16,-4.042678
2022-08-17,-4.0442166
2022-08-18,-4.4149656
2022-08-19,-4.4149656
2022-08-20,-4.4149656
2022-08-21,-4.4149656
2022-08-22,-4.4149656
2022-08-23,-4.3939476
2022-08-24,-4.1971993
2022-08-25,-4.048752
2022-08-26,-3.9976995
2022-08-27,-4.059428
2022-08-28,-4.34873
2022-08-29,-4.349242
2022-08-30,-4.5854807
2022-08-31,-4.2612343
2022-09-01,-4.3412714
2022-09-02,-4.341284
2022-09-03,-4.1554127
2022-09-04,-4.1554127
2022-09-05,-4.0892177
2022-09-06,-4.003873
2022-09-07,-4.003868
2022-09-08,-4.003873
2022-09-09,-4.003873
2022-09-10,-4.013918
2022-09-11,-4.013918
2022-09-12,-3.7629638
2022-09-13,-4.003873
2022-09-14,-4.003873
2022-09-15,-4.003873
2022-09-16,-3.8953865
2022-09-17,-3.8874676
2022-09-18,-3.8391926
2022-09-19,2.8178186
2022-09-20,-3.8873274
2022-09-21,-3.8874676
2022-09-22,-3.8954952
2022-09-23,-3.8953865
2022-09-24,-4.003873
2022-09-25,-4.003873
2022-09-26,-4.0137167
2022-09-27,-4.0365143
2022-09-28,-4.096898
2022-09-29,-4.0695205
2022-09-30,-4.067359
2022-10-01,-4.000959
2022-10-02,-3.94858
2022-10-03,-4.000959
2022-10-04,-4.000959
2022-10-05,-4.000959
2022-10-06,-4.000959
2022-10-07,-3.995158
2022-10-08,-4.000959
2022-10-09,-4.000959
2022-10-10,-4.0009527
2022-10-11,-3.8462284
2022-10-12,-4.000959
2022-10-13,-4.000959
2022-10-14,-3.937647
2022-10-15,-4.0997586
2022-10-16,-3.9226396
2022-10-17,-3.9226277
2022-10-18,-3.941695
2022-10-19,-3.77542
2022-10-20,-3.7754145
2022-10-21,-3.77542
2022-10-22,-3.7754176
2022-10-23,-3.8710556
2022-10-24,-3.9441864
2022-10-25,-4.0010676
2022-10-26,-4.186388
2022-10-27,-4.2788
2022-10-28,-4.2788
2022-10-29,-4.2786713
2022-10-30,-4.191916
2022-10-31,-4.191915
2022-11-01,2.3865805
2022-11-02,-4.191915
2022-11-03,-4.186529
2022-11-04,-4.1845856
2022-11-05,-4.1845856
2022-11-06,-4.1845965
2022-11-07,2.605806
2022-11-08,2.626038
2022-11-09,-4.1845856
2022-11-10,-4.1845856
2022-11-11,-4.1845856
2022-11-12,-4.184122
2022-11-13,-4.1845856
2022-11-14,-4.1845856
2022-11-15,-4.1845856
2022-11-16,-4.1845856
2022-11-17,-4.1845856
2022-11-18,-4.1845856
2022-11-19,-4.2333536
2022-11-20,-4.3673296
2022-11-21,-4.309636
2022-11-22,-4.445056
2022-11-23,-4.445056
2022-11-24,-4.445056
2022-11-25,-4.2629642
2022-11-26,-4.2629642
2022-11-27,-4.2629642
2022-11-28,-4.2629642
2022-11-29,-4.2629642
2022-11-30,-4.2629642
2022-12-01,2.544042
2022-12-02,-4.445056
2022-12-03,2.5112193
2022-12-04,1.91905
2022-12-05,-4.2774386
2022-12-06,-4.299065
2022-12-07,-4.2475376
2022-12-08,-4.2468343
2022-12-09,-4.2474337
2022-12-10,2.590875
2022-12-11,2.5900679
2022-12-12,-3.091755
2022-12-13,-4.219737
2022-12-14,-4.5917463
2022-12-15,-4.673874
2022-12-16,-4.673874
2022-12-17,-4.673874
2022-12-18,-4.673874
2022-12-19,-4.673873
2022-12-20,-4.519888
2022-12-21,-4.508643
2022-12-22,-4.508643
2022-12-23,-4.508643
2022-12-24,-4.508648
2022-12-25,-4.5959625
2022-12-26,-4.2362742
2022-12-27,2.5739672
2022-12-28,-4.236271
2022-12-29,2.4722707
2022-12-30,-2.4638786
2022-12-31,2.5742679
2023-01-01,-4.236194
2023-01-02,2.5396147
2023-01-03,-4.236271
2023-01-04,-4.216766
2023-01-05,2.5743601
2023-01-06,-4.236271
2023-01-07,-4.230328
2023-01-08,2.5529978
2023-01-09,2.7658198
2023-01-10,2.7657855
2023-01-11,2.7366233
2023-01-12,-4.064844
2023-01-13,2.6837096
2023-01-14,2.7457857
2023-01-15,2.574144
2023-01-16,2.5635388
2023-01-17,-4.5803204
2023-01-18,-4.575421
2023-01-19,-4.5747776
2023-01-20,-4.5706873
2023-01-21,-4.303299
2023-01-22,-4.2842607
2023-01-23,-4.2842607
2023-01-24,-4.045211
2023-01-25,-4.517251
2023-01-26,-4.5803204
2023-01-27,-4.5803204
2023-01-28,-4.5754433
2023-01-29,-4.575431
2023-01-30,-4.5754433
2023-01-31,-4.303508
2023-02-01,-4.3045883
2023-02-02,-4.303296
2023-02-03,-4.160384
2023-02-04,2.858663
2023-02-05,2.835898
2023-02-06,-3.9514854
2023-02-07,-3.9514854
2023-02-08,-3.9514854
2023-02-09,-3.9514854
2023-02-10,-3.9514854
2023-02-11,-3.9514096
2023-02-12,-3.9514854
2023-02-13,-3.9514854
2023-02-14,-3.9514854
2023-02-15,-3.9514854
2023-02-16,-3.9514854
2023-02-17,-3.9514854
2023-02-18,-3.959193
2023-02-19,-4.0622044
2023-02-20,-3.864696
2023-02-21,-3.7996814
2023-02-22,-4.0904803
2023-02-23,0.5538761
2023-02-24,2.7959247
2023-02-25,2.5012085
2023-02-26,2.7005353
2023-02-27,2.96486
2023-02-28,3.0016065
2023-03-01,-3.7291372
2023-03-02,-3.7330015
2023-03-03,-3.6694744
2023-03-04,3.3390493
2023-03-05,3.4502587
2023-03-06,-3.2346008
2023-03-07,-3.222035
2023-03-08,-3.115996
2023-03-09,3.671692
2023-03-10,3.906029
2023-03-11,-0.29719156
2023-03-12,4.014797
2023-03-13,1.4205889
2023-03-14,4.0147533
2023-03-15,-2.7956994
2023-03-16,-2.8842638
2023-03-17,-2.9414747
2023-03-18,-2.9415777
2023-03-19,3.8689744
2023-03-20,-2.9995434
2023-03-21,3.867374
2023-03-22,3.9248142
2023-03-23,-2.9415717
2023-03-24,-2.9415777
2023-03-25,-2.9415743
2023-03-26,-2.9045415
2023-03-27,-2.8405952
2023-03-28,3.969995
2023-03-29,4.0432186
2023-03-30,-2.7063105
2023-03-31,-2.7063105
2023-04-01,-2.7585008
2023-04-02,-2.8111837
2023-04-03,-2.7192724
2023-04-04,-2.5678287
2023-04-05,-2.272825
2023-04-06,-2.5153034
2023-04-07,-2.2702796
2023-04-08,-2.1745377
2023-04-09,-2.1745377
2023-04-10,-2.5931168
2023-04-11,-2.586188
2023-04-12,-2.614731
2023-04-13,-2.342112
2023-04-14,-2.0458684
2023-04-15,-2.0453594
2023-04-16,-2.044943
2023-04-17,-1.9899373
2023-04-18,-1.9899373
2023-04-19,-1.9868696
2023-04-20,-1.9898899
2023-04-21,-1.9622571
2023-04-22,-2.1456394
2023-04-23,-2.1455789
2023-04-24,-2.144071
2023-04-25,-1.6921837
2023-04-26,-1.7437341
2023-04-27,-1.7437341
2023-04-28,-1.5386357
2023-04-29,-1.7437341
2023-04-30,-2.019545
2023-05-01,-2.004181
2023-05-02,3.9984605
2023-05-03,-1.9957566
2023-05-04,-1.8781211
2023-05-05,-1.8781219
2023-05-06,-1.8757541
2023-05-07,-1.8781028
2023-05-08,-1.5386355
2023-05-09,-1.5386817
2023-05-10,-1.5386355
2023-05-11,-1.5386355
2023-05-12,-1.4262812
2023-05-13,-1.4262812
2023-05-14,-1.2543261
2023-05-15,-1.2543261
2023-05-16,-1.2543261
2023-05-17,-1.2543261
2023-05-18,-1.4262812
2023-05-19,-1.4262812
2023-05-20,-1.4262812
2023-05-21,-1.4262812
2023-05-22,-1.4262812
2023-05-23,-1.5386355
2023-05-24,-1.8407745
2023-05-25,-1.8407748
2023-05-26,-1.8407748
2023-05-27,-1.5861633
2023-05-28,-1.2543261
2023-05-29,-1.2526546
2023-05-30,-1.2543298
2023-05-31,-1.2551231
2023-06-01,-1.420631
2023-06-02,-1.2543261
2023-06-03,-1.2543261
2023-06-04,-1.2543261
2023-06-05,-1.2543261
2023-06-06,-1.2543261
2023-06-07,-1.2543261
2023-06-08,-1.2543261
2023-06-09,-1.2543261
2023-06-10,-1.2543261
2023-06-11,-1.1616712
2023-06-12,-1.1502967
2023-06-13,-1.1824799
2023-06-14,-1.3935089
2023-06-15,-1.3977022
2023-06-16,-1.3977041
2023-06-17,-1.2799582
2023-06-18,-1.3937864
2023-06-19,-1.182441
2023-06-20,-1.182441
2023-06-21,-1.2216053
2023-06-22,-1.2298791
2023-06-23,-1.391938
2023-06-24,-1.2298822
2023-06-25,-1.1502321
2023-06-26,-1.1824
2023-06-27,-1.1535033
2023-06-28,-1.1806538
2023-06-29,-1.1471424
2023-06-30,-1.1471424
2023-07-01,-1.1497599
2023-07-02,-1.1645379
2023-07-03,-1.164539
2023-07-04,-1.2298789
2023-07-05,-1.2298789
2023-07-06,-1.2298789
2023-07-07,-1.2298789
2023-07-08,-1.2298789
2023-07-09,-1.2968426
2023-07-10,-1.3372622
2023-07-11,-1.3536723
2023-07-12,-1.3536723
2023-07-13,-1.3536723
2023-07-14,-1.3538002
2023-07-15,-1.7248805
2023-07-16,-1.7248805
2023-07-17,-1.7248805
2023-07-18,-1.7248805
2023-07-19,-1.7248805
2023-07-20,-1.7248805
2023-07-21,-1.7248805
2023-07-22,-1.7262824
2023-07-23,-2.0075583
2023-07-24,-2.0069094
2023-07-25,-1.754941
2023-07-26,-1.7550671
2023-07-27,-2.0078118
2023-07-28,-2.007812
2023-07-29,-2.007812
2023-07-30,-2.007812
2023-07-31,-2.007812
2023-08-01,-1.9805706
2023-08-02,-1.9805706
2023-08-03,-2.0077956
2023-08-04,-1.9805706
2023-08-05,-2.0532317
2023-08-06,-1.9805706
2023-08-07,-1.9805765
2023-08-08,-1.9805706
2023-08-09,-2.0532315
2023-08-10,-2.0532317
2023-08-11,-2.0532317
2023-08-12,-2.0532317
2023-08-13,-2.0532317
2023-08-14,-2.0532317
2023-08-15,-2.0532317
2023-08-16,-2.0476408
2023-08-17,-1.8175333
2023-08-18,-1.8175333
2023-08-19,-1.8175333
2023-08-20,-1.8081181
2023-08-21,-1.817039
2023-08-22,-1.8175333
2023-08-23,-1.8175333
2023-08-24,-1.8175333
2023-08-25,-1.8175333
2023-08-26,-1.8175333
2023-08-27,-1.8175333
2023-08-28,-1.8175333
2023-08-29,-1.8175333
2023-08-30,-1.8175333
2023-08-31,-1.8175333
2023-09-01,-1.8175333
2023-09-02,-1.8175333
2023-09-03,-1.817531
2023-09-04,-1.8175333
2023-09-05,-1.8175333
2023-09-06,-1.8175333
2023-09-07,-1.8175333
2023-09-08,-1.8175333
2023-09-09,-1.8175324
2023-09-10,-1.8175333
2023-09-11,-1.8175333
2023-09-12,-1.8175333
2023-09-13,-1.8175333
2023-09-14,-1.8175333
2023-09-15,-1.8175333
2023-09-16,-1.8175333
2023-09-17,-1.8175333
2023-09-18,-1.8175333
2023-09-19,-1.8175333
2023-09-20,-1.8175333
2023-09-21,-1.8175333
2023-09-22,-1.8175325
2023-09-23,-2.0658298
2023-09-24,-2.063608
2023-09-25,-2.007812
2023-09-26,-2.007812
2023-09-27,-2.0658348
2023-09-28,-2.0658052
2023-09-29,-2.0658348
2023-09-30,-2.0077753
2023-10-01,-2.2950063
2023-10-02,-2.2950227
2023-10-03,-2.2950227
2023-10-04,-2.2950227
2023-10-05,-2.295023
2023-10-06,-2.2950227
2023-10-07,-2.2950227
2023-10-08,-2.2950227
2023-10-09,-2.2950227
2023-10-10,-2.2950227
2023-10-11,-2.2950227
2023-10-12,-2.2950227
2023-10-13,-2.2950227
2023-10-14,-2.2950232
2023-10-15,-2.2740185
2023-10-16,-2.0658345
2023-10-17,-2.0643234
2023-10-18,-2.007812
2023-10-19,-2.007812
2023-10-20,-2.007812
2023-10-21,-2.007812
2023-10-22,-1.995117
2023-10-23,-2.1850204
2023-10-24,-2.1658554
2023-10-25,-2.0741613
2023-10-26,-2.0085945
2023-10-27,-2.007812
2023-10-28,-2.007812
2023-10-29,-2.0741613
2023-10-30,-2.0741613
2023-10-31,-2.073719
2023-11-01,-2.055462
2023-11-02,-2.0741613
2023-11-03,-2.0741613
2023-11-04,-2.007812
2023-11-05,-2.0740879
2023-11-06,-2.0741613
2023-11-07,-2.3673136
2023-11-08,-2.3673136
2023-11-09,-2.3673136
2023-11-10,-2.2954779
2023-11-11,-2.2950227
2023-11-12,-2.2950242
2023-11-13,-2.3673136
2023-11-14,-2.3673067
2023-11-15,4.4433165
2023-11-16,-2.0741613
2023-11-17,-2.0739083
2023-11-18,4.7362022
2023-11-19,-2.0741613
2023-11-20,-2.0741613
2023-11-21,-2.0741613
2023-11-22,-2.0741613
2023-11-23,-2.0741613
2023-11-24,-2.0741613
2023-11-25,-2.0810013
2023-11-26,-2.0810013
2023-11-27,-2.0741613
2023-11-28,-2.0741615
2023-11-29,-2.080763
2023-11-30,-2.0810003
2023-12-01,-2.0741622
2023-12-02,-2.0810013
2023-12-03,-2.0810013
2023-12-04,-2.0741613
2023-12-05,-2.0741613
2023-12-06,-2.0739026
2023-12-07,-2.0808744
2023-12-08,-2.0773447
2023-12-09,-2.0810013
2023-12-10,-2.0810006
2023-12-11,-2.0741665
2023-12-12,-2.0810013
2023-12-13,-2.0810013
2023-12-14,-2.0810013
2023-12-15,-2.0810013
2023-12-16,-2.1513922
2023-12-17,-2.4472878
2023-12-18,-1.3696026
2023-12-19,4.7364674
2023-12-20,2.515832
2023-12-21,-2.0741303
2023-12-22,-2.0810013
2023-12-23,-2.0741613
2023-12-24,-2.0741613
2023-12-25,-2.0741613
2023-12-26,-2.0741613
2023-12-27,-1.6934761
2023-12-28,-2.0741613
2023-12-29,-2.0589888
2023-12-30,4.7364454
2023-12-31,-2.0741613
2024-01-01,-2.0810013
2024-01-02,-1.7480918
2024-01-03,-2.14161
2024-01-04,-2.0810013
2024-01-05,-1.968631
2024-01-06,0.35893485
2024-01-07,-1.968631
2024-01-08,-1.968631
2024-01-09,-1.9579978
2024-01-10,-2.131377
2024-01-11,-1.8907995
2024-01-12,-1.9589617
2024-01-13,4.5975404
2024-01-14,-1.9686058
2024-01-15,-1.9686162
2024-01-16,4.826829
2024-01-17,-1.9663296
2024-01-18,-1.9579926
2024-01-19,-1.9574385
2024-01-20,4.643174
2024-01-21,-1.7217861
2024-01-22,4.842
2024-01-23,-1.9686422
2024-01-24,-1.8036495
2024-01-25,-1.968631
2024-01-26,-1.968631
2024-01-27,-1.968631
2024-01-28,-1.968631
2024-01-29,-1.968631
2024-01-30,-1.968631
2024-01-31,-1.94993
2024-02-01,4.8419995
2024-02-02,0.4647361
2024-02-03,-2.211674
2024-02-04,4.6049566
2024-02-05,4.6048326
2024-02-06,-2.2056866
2024-02-07,4.60489
2024-02-08,-2.1684191
2024-02-09,-2.2134128
2024-02-10,-2.475617
2024-02-11,-2.414061
2024-02-12,-2.3360837
2024-02-13,-2.1448185
2024-02-14,4.6363378
2024-02-15,-2.1269565
2024-02-16,-1.4637859
2024-02-17,5.093474
2024-02-18,4.7045326
2024-02-19,4.6380267
2024-02-20,4.6376824
2024-02-21,-2.4852183
2024-02-22,-2.4882448
2024-02-23,-2.4882448
2024-02-24,-2.4882448
2024-02-25,-2.3592806
2024-02-26,-2.1040988
2024-02-27,-2.3052683
2024-02-28,-2.1726017
2024-02-29,1.3465347
2024-03-01,4.880095
2024-03-02,4.3312974
2024-03-03,-2.0973306
2024-03-04,-2.171219
2024-03-05,-2.0940309
2024-03-06,-1.9594057
2024-03-07,-1.9586952
2024-03-08,-2.1335673
2024-03-09,-2.137189
2024-03-10,-2.3050516
2024-03-11,-2.110829
2024-03-12,-2.108967
2024-03-13,-2.2077887
2024-03-14,-2.2077887
2024-03-15,-2.2077942
2024-03-16,-2.0702274
2024-03-17,-1.8839941
2024-03-18,-1.8839941
2024-03-19,-1.8839955
2024-03-20,-1.9586952
2024-03-21,-1.9586952
2024-03-22,-1.2685306
2024-03-23,4.7145777
2024-03-24,-2.0988586
2024-03-25,-1.8407748
2024-03-26,-1.8781242
2024-03-27,1.0341951
2024-03-28,-1.8197292
2024-03-29,4.6837215
2024-03-30,5.1048107
2024-03-31,-1.5646048
2024-04-01,-1.5646048
2024-04-02,-1.564636
2024-04-03,-1.9586952
2024-04-04,4.847739
2024-04-05,4.8513575
2024-04-06,-1.9586952
2024-04-07,-2.1088898
2024-04-08,-2.3179781
2024-04-09,-2.2185724
2024-04-10,-2.2185602
2024-04-11,-2.2369597
2024-04-12,-2.2369597
2024-04-13,1.1500434
2024-04-14,-2.3279128
2024-04-15,-2.3425257
2024-04-16,-2.3444026
2024-04-17,-2.3416882
2024-04-18,-1.9128292
2024-04-19,-1.9128275
2024-04-20,-2.1448185
2024-04-21,-2.1448178
2024-04-22,-1.9128504
2024-04-23,-1.9128263
2024-04-24,-2.1024451
2024-04-25,-2.20463
2024-04-26,-2.4663217
2024-04-27,-2.4663572
2024-04-28,-2.466267
2024-04-29,-2.1819715
2024-04-30,-2.3894982
2024-05-01,-2.3894982
2024-05-02,-2.3894982
2024-05-03,-2.7276232
2024-05-04,4.179245
2024-05-05,-2.7930024
2024-05-06,-2.7930024
2024-05-07,-2.7930024
2024-05-08,-2.848058
2024-05-09,-2.8516178
2024-05-10,-2.7930064
2024-05-11,-2.6579187
2024-05-12,-2.6579187
2024-05-13,-2.4473183
2024-05-14,-2.4473183
2024-05-15,-2.4444199
2024-05-16,-2.3803492
2024-05-17,-2.6528833
2024-05-18,-2.773873
2024-05-19,-2.773873
2024-05-20,-2.773873
2024-05-21,-2.773873
2024-05-22,-2.773873
2024-05-23,-2.773873
2024-05-24,-2.7930064
2024-05-25,-2.7930064
2024-05-26,-2.7930064
2024-05-27,-2.773873
2024-05-28,-2.773873
2024-05-29,-2.7930064
2024-05-30,-2.7930064
2024-05-31,-2.7930064
2024-06-01,-2.5591
2024-06-02,-2.4423716
2024-06-03,-2.4423716
2024-06-04,-2.4423716
2024-06-05,-2.4423716
2024-06-06,-2.4423716
2024-06-07,-2.5573657
2024-06-08,-2.554856
2024-06-09,-2.5591
2024-06-10,-2.7365446
2024-06-11,-2.5591
2024-06-12,-2.5591
2024-06-13,-2.3502371
2024-06-14,-2.3502371
2024-06-15,-2.3502371
2024-06-16,-2.3502371
2024-06-17,-2.3502371
2024-06-18,-2.3502371
2024-06-19,-2.3502371
2024-06-20,-2.3502371
2024-06-21,-2.3502386
2024-06-22,-2.4473183
2024-06-23,-2.4473183
2024-06-24,-2.4473183
2024-06-25,-2.35021
2024-06-26,-2.3502414
2024-06-27,-2.3502414
2024-06-28,-2.3502414
2024-06-29,-2.3502371
2024-06-30,-2.3502371
2024-07-01,-2.2951303
2024-07-02,-2.3500657
2024-07-03,-2.366236
2024-07-04,-2.3662565
2024-07-05,-2.344571
2024-07-06,-2.3662565
2024-07-07,-2.3662565
2024-07-08,-2.4094791
2024-07-09,-2.4684215
2024-07-10,-2.468597
2024-07-11,-2.468597
2024-07-12,-2.468597
2024-07-13,-2.468597
2024-07-14,-2.5477965
2024-07-15,-2.9444213
2024-07-16,-2.933219
2024-07-17,-2.9327295
2024-07-18,-2.967809
2024-07-19,-2.9679768
2024-07-20,-2.9679768
2024-07-21,-2.9679768
2024-07-22,-2.9679768
2024-07-23,-2.9679768
2024-07-24,-2.9679627
2024-07-25,-2.8953047
2024-07-26,-3.125432
2024-07-27,-3.1028025
2024-07-28,-3.1664844
2024-07-29,-3.3250751
2024-07-30,-3.4208689
2024-07-31,-3.372822
2024-08-01,-3.357203
2024-08-02,-3.1726408
2024-08-03,-3.2956283
2024-08-04,-3.1932552
2024-08-05,-3.1932542
2024-08-06,-3.327303
2024-08-07,-3.2819335
2024-08-08,-3.2837453
2024-08-09,-3.2893407
2024-08-10,-3.330035
2024-08-11,-3.330035
2024-08-12,-3.330035
2024-08-13,-3.330035
2024-08-14,-3.330035
2024-08-15,-3.330035
2024-08-16,-3.3771515
2024-08-17,-3.3095713
2024-08-18,-3.3095713
2024-08-19,-3.422523
2024-08-20,-3.3592148
2024-08-21,-3.424797
2024-08-22,-3.424797
2024-08-23,-3.4365635
2024-08-24,-3.4365635
2024-08-25,-3.6919832
2024-08-26,-3.6920028
2024-08-27,-3.5432925
2024-08-28,-3.6802857
2024-08-29,-3.6890545
2024-08-30,-3.5663612
2024-08-31,-3.6920028
2024-09-01,-3.8317952
2024-09-02,-3.8317955
2024-09-03,-3.8317955
2024-09-04,-3.8317955
2024-09-05,-3.8317955
2024-09-06,-3.8317955
2024-09-07,-3.8317955
2024-09-08,-3.973313
2024-09-09,-3.973317
2024-09-10,-4.0608377
2024-09-11,-4.0416403
2024-09-12,-3.9502647
2024-09-13,-4.1446085
2024-09-14,-4.1874847
2024-09-15,-4.1445236
2024-09-16,-4.144523
2024-09-17,-4.214571
2024-09-18,-4.144217
2024-09-19,-4.144522
2024-09-20,-4.1445236
2024-09-21,-4.007456
2024-09-22,-4.007507
2024-09-23,-4.007507
2024-09-24,-4.018496
2024-09-25,-4.0694585
2024-09-26,-3.985955
2024-09-27,-3.985955
2024-09-28,-4.0419035
2024-09-29,-4.097478
2024-09-30,-4.0974755
2024-10-01,-3.9923909
2024-10-02,-4.1874847
2024-10-03,-4.1874275
2024-10-04,-4.0948625
2024-10-05,-4.0948625
2024-10-06,-4.0948625
2024-10-07,-4.0948625
2024-10-08,-4.0445156
2024-10-09,-4.0447617
2024-10-10,-4.111081
2024-10-11,-4.317829
2024-10-12,-4.318057
2024-10-13,-4.3611956
2024-10-14,-4.3192406
2024-10-15,-4.3178377
2024-10-16,-4.263462
2024-10-17,-4.361373
2024-10-18,-4.361437
2024-10-19,-4.433426
2024-10-20,-4.433426
2024-10-21,-4.4307585
2024-10-22,-4.536892
2024-10-23,-4.714015
2024-10-24,-4.714102
2024-10-25,-4.977607
2024-10-26,-4.6765585
2024-10-27,-4.6765585
2024-10-28,-4.536892
2024-10-29,-4.52122
2024-10-30,-4.095797
2024-10-31,-4.004566
2024-11-01,-3.927984
2024-11-02,-4.1068897
2024-11-03,-3.9571388
2024-11-04,-4.012239
2024-11-05,-3.9586194
2024-11-06,-3.9586194
2024-11-07,-3.9538019
2024-11-08,-3.9586194
2024-11-09,-3.9586194
2024-11-10,-4.043863
2024-11-11,2.831154
2024-11-12,-3.7990217
2024-11-13,-3.7990217
2024-11-14,-3.7480662
2024-11-15,-3.8537865
2024-11-16,-3.856387
2024-11-17,-3.749895
2024-11-18,-3.6280231
2024-11-19,-3.6417472
2024-11-20,-3.6204252
2024-11-21,-3.9424136
2024-11-22,2.7837238
2024-11-23,-3.6028807
2024-11-24,-4.097159
2024-11-25,2.7092106
2024-11-26,-4.1619225
2024-11-27,-4.168073
2024-11-28,-4.168073
2024-11-29,-4.2352743
2024-11-30,-4.2352743
2024-12-01,-4.2880697
2024-12-02,-4.414193
2024-12-03,-4.550791
2024-12-04,-4.5621786
2024-12-05,-4.5508823
2024-12-06,-4.6682806
2024-12-07,-4.6682806
2024-12-08,-4.715702
2024-12-09,-5.3074903
2024-12-10,-5.305996
2024-12-11,-5.306034
2024-12-12,2.0446029
2024-12-13,-4.758605
2024-12-14,1.7844449
2024-12-15,-5.026142
2024-12-16,1.7328293
2024-12-17,-5.111209
2024-12-18,-5.233967
2024-12-19,-5.3993015
2024-12-20,-5.3993015
2024-12-21,-5.3992777
2024-12-22,1.3138653
2024-12-23,-5.415169
2024-12-24,1.4136475
2024-12-25,-5.3957186
2024-12-26,1.349487
2024-12-27,1.4098866
2024-12-28,-5.3957186
2024-12-29,1.3049504
2024-12-30,-5.4100695
2024-12-31,-5.4104404
2025-01-01,-5.404752
2025-01-02,-5.404752
2025-01-03,1.3721741
2025-01-04,-5.404752
2025-01-05,-5.404752
2025-01-06,-5.404752
2025-01-07,-5.40475
2025-01-08,-5.3829794
2025-01-09,-5.3829784
2025-01-10,-5.340829
2025-01-11,-5.340829
2025-01-12,-5.340829
2025-01-13,-5.3723125
2025-01-14,-5.3416367
2025-01-15,-5.340829
2025-01-16,-5.340829
2025-01-17,-5.3408337
2025-01-18,-5.382847
2025-01-19,-5.3476095
2025-01-20,-5.305969
2025-01-21,-5.305707
2025-01-22,-5.305969
2025-01-23,-5.305969
2025-01-24,-5.305969
2025-01-25,-5.088731
2025-01-26,-4.7928867
2025-01-27,-5.30597
2025-01-28,-5.305969
2025-01-29,-5.088772
2025-01-30,-5.088771
2025-01-31,1.6757051
2025-02-01,1.7036718
2025-02-02,-5.0836773
2025-02-03,-5.08359
2025-02-04,1.7218169
2025-02-05,-4.370302
2025-02-06,2.191343
2025-02-07,-4.6289096
2025-02-08,-4.83881
2025-02-09,-4.671855
2025-02-10,-4.7761745
2025-02-11,-4.656422
2025-02-12,-4.6526546
2025-02-13,2.1548097
2025-02-14,-4.515368
2025-02-15,-4.047832
2025-02-16,-4.0325675
2025-02-17,-4.0325675
2025-02-18,-4.0325675
2025-02-19,-4.0325675
2025-02-20,-4.0325675
2025-02-21,-4.0325675
2025-02-22,-4.0325675
2025-02-23,-3.7148268
2025-02-24,-3.714825
2025-02-25,-3.7148252
2025-02-26,-3.8477056
2025-02-27,-3.714825
2025-02-28,-3.4198449
2025-03-01,-3.4157069
2025-03-02,-3.3792896
2025-03-03,-3.203383
2025-03-04,-3.2033908
2025-03-05,3.217799
2025-03-06,-3.1533878
2025-03-07,-3.1533656
2025-03-08,-2.9201083
2025-03-09,-2.920107
2025-03-10,-2.920107
2025-03-11,-2.920107
2025-03-12,3.8905137
2025-03-13,2.9016082
2025-03-14,3.8721437
2025-03-15,-3.0052328
2025-03-16,-3.1139076
2025-03-17,3.6060414
2025-03-18,-3.2450469
2025-03-19,-3.245042
2025-03-20,-3.0714738
2025-03-21,-3.0542457
2025-03-22,-3.0462441
2025-03-23,-3.1078112
2025-03-24,-3.1595995
2025-03-25,-3.0535216
2025-03-26,-3.0535119
2025-03-27,-3.1584992
2025-03-28,-3.1595995
2025-03-29,-3.1595995
2025-03-30,3.2929204
2025-03-31,-3.052468
2025-04-01,3.6470973
2025-04-02,-3.1595995
2025-04-03,-3.1595995
2025-04-04,-3.1595995
2025-04-05,-3.1595995
2025-04-06,-3.0535216
2025-04-07,-3.0535216
2025-04-08,-3.0535216
2025-04-09,-2.9496942
2025-04-10,-2.9497437
2025-04-11,-2.9496942
2025-04-12,-2.9497204
2025-04-13,-3.0535216
2025-04-14,-2.8474874
2025-04-15,-2.8699913
2025-04-16,-2.8699913
2025-04-17,-2.8699913
2025-04-18,-2.7340474
2025-04-19,-2.842674
2025-04-20,-2.7340474
2025-04-21,-2.7515516
2025-04-22,-2.7811885
2025-04-23,-2.7811885
2025-04-24,-2.7814844
2025-04-25,-2.7626495
2025-04-26,-2.7626169
2025-04-27,-2.6036737
2025-04-28,-2.603674
2025-04-29,-2.27764
2025-04-30,-2.252693
2025-05-01,-2.1991494
2025-05-02,-2.2686357
2025-05-03,-2.2686355
2025-05-04,-2.2321746
2025-05-05,-2.1991494
2025-05-06,-2.1991494
2025-05-07,-2.1991494
2025-05-08,-2.1991494
2025-05-09,-2.1690123
2025-05-10,-2.1690123
2025-05-11,-2.1690772
2025-05-12,-2.1690128
2025-05-13,-2.1974297
2025-05-14,-2.1991494
2025-05-15,-2.1690123
2025-05-16,-2.2185602
2025-05-17,-2.1734748
2025-05-18,-2.1751213
2025-05-19,-2.3025978
2025-05-20,-2.3025978
2025-05-21,-2.302596
2025-05-22,-2.20463
2025-05-23,-2.2046273
2025-05-24,-2.1024454
2025-05-25,-2.1024451
2025-05-26,-2.1184797
2025-05-27,-2.1819637
2025-05-28,-2.1534874
2025-05-29,-2.1567457
2025-05-30,-2.1399283
2025-05-31,-1.8770945
2025-06-01,-2.1534755
2025-06-02,-2.1534755
2025-06-03,-2.1534755
2025-06-04,-2.1534755
2025-06-05,-1.870652
2025-06-06,-2.0890453
2025-06-07,-2.155257
2025-06-08,-2.1024384
2025-06-09,-2.1053298
2025-06-10,-2.0958588
2025-06-11,-2.0958588
2025-06-12,-2.0958588
2025-06-13,-2.095859
2025-06-14,-2.0966425
2025-06-15,-2.2950027
2025-06-16,-2.0958588
2025-06-17,-2.0958745
2025-06-18,-2.3665154
2025-06-19,-2.3673136
2025-06-20,-2.3673136
2025-06-21,-2.2950232
2025-06-22,-2.2950227
2025-06-23,-2.2950227
2025-06-24,-2.0958588
2025-06-25,-1.7549407
2025-06-26,-2.007812
2025-06-27,-2.0078135
2025-06-28,-2.145211
2025-06-29,-2.0532317
2025-06-30,-2.0658345
