time,PC1,PC2,PC3,PC4,PC5,PC6,PC7,PC8,PC9,PC10,PC11,PC12,PC13,PC14,PC15,PC16
1940-01-16 00:00:00,0.0983770637487148,-0.10262298402282023,-0.1793329595944853,-0.2621374270417813,-0.3200668398750095,-0.8360352448365839,0.060296859198346264,0.041089298597921854,-0.20497810833820881,-0.811508454726459,0.3716614929884478,0.49451217257036373,-0.6973977069325705,-0.3735316652135928,0.6244136407353387,0.34777474709983897
1940-02-15 00:00:00,-0.44974392169521993,0.6599244014454334,-0.6282543396632789,-0.34250699847853916,0.1485661029399219,0.7029624418206656,0.4870119461617183,-0.2424908518066652,1.9272600684226877,-0.3059218381134295,0.3051818924623229,-0.269230666187271,0.18002594824437357,-0.4147079611240337,0.0578741104171681,-0.924003855760431
1940-03-16 00:00:00,-0.3583710119634807,0.19587782743726653,0.8861957595160774,0.69057851417465,0.24707174474039595,0.04143911916301768,0.05753762847691002,0.07379815351034703,-0.4003950856915295,-0.8485051997526205,0.2240624918100081,0.34380765014590364,0.3551963359077138,-0.6888106741614898,-0.22574444963997,0.3838601866352828
1940-04-15 12:00:00,-0.6623146248296616,0.21696757384873008,0.14346468452142166,-0.27300993387168737,-0.46522666172997584,-0.2273383052047877,-0.2609487749059517,0.262876994037124,-0.32552645902087274,0.4263953305931268,-0.6469813424268006,-0.22260948153394922,-0.20809010017474483,-0.2582909417001107,-0.18062355482131112,0.035158988019902415
1940-05-16 00:00:00,0.6155997112974937,0.20030349407965772,-0.014475387406197082,-0.5103234909258826,-0.24097286926819755,0.07173293834352013,0.07551131539626699,0.3553944846412563,0.3881101402602754,0.45804542177217383,-0.16713601681981044,0.778531378146942,-0.6733941383676441,-0.03261434429638843,0.22007459265947682,0.0877769158087181
1940-06-15 12:00:00,0.3935071990821386,0.6958457396152435,-1.1099785531054152,-0.8635005761466497,0.5177457630014964,0.5609035905165874,0.2008262614962294,-0.25601011121529466,1.0320801115414449,0.10759807550990635,0.726947615915849,0.21942197301949085,0.2617144614768929,0.7201817597332194,0.3063821556635351,0.06329234959797586
1940-07-16 00:00:00,-0.10158469664751146,0.25588804589592495,0.035989311991830336,-0.023738062095544188,-0.26460834988211757,-0.3129949432461288,-0.6482575474045225,0.599173318403513,-0.22258889724251288,-0.19538398235490856,-0.4739085872538776,0.1690539910715675,-0.9460108409268055,0.0037112170668631705,-0.2526923447321521,0.08774339371352308
1940-08-16 00:00:00,-0.6474998041867701,-1.8444317378600634,-0.7663926117374994,0.8014320897290362,1.6034404080249591,0.4450279093650623,0.6846397426243754,0.02369388658001624,-0.7107149008146023,-0.11579237657256514,0.4534979597505054,0.07482090594774693,0.8246044354543014,0.15512113407902162,0.043871048445833574,0.9066063202197128
1940-09-15 12:00:00,1.6207397636612235,0.6727225564044206,-0.36854356386646037,-0.20823988457268686,0.853033806546669,-1.040684906483925,0.3842912988403552,1.1934524512865878,0.3313309206126504,-0.8177213984277101,-0.5524897347068889,1.6570426017025444,-0.5523412033651717,0.952197769294985,0.949909195420727,-0.22564640562277105
1940-10-16 00:00:00,1.5924451782875502,1.0302719231000539,0.671163991391638,1.571584745273399,-0.22401734599168022,0.051413971786889556,-0.04411597955428748,-0.46741182752772753,-0.35034216165461574,-1.2551511769519006,0.5489392147149179,-0.3484555439101973,0.43507798392968344,1.041760057586612,0.656442523837866,0.3019827031024875
1940-11-15 12:00:00,-0.47964863608765546,-0.13741661690207135,1.3185430749079299,-0.5304794933974263,-0.3796517469431877,0.14188109985978192,-0.43758271108189156,0.4413417138007361,0.5024085320491376,0.18591523092193057,-0.4900753383512266,-0.5653520075152592,0.36074354641494255,0.5330704701149838,-0.17596100392778205,0.722819597977598
1940-12-16 00:00:00,1.3734058876479507,-0.08728583821072763,0.4465039484373924,0.8147938037120769,0.11381148100315885,1.067587541394499,-1.4638078994472101,0.605541535037525,0.26293743123199304,1.2709669341833791,-0.1617926002476861,0.07893548942991568,-0.45310426389112674,-0.257810753413969,-0.5434871116047022,0.6385144884339906
1941-01-16 00:00:00,-0.19843920850099694,-0.018051335122441142,-0.01759509586401034,-0.8808025832485412,-0.4639472637949258,1.0245508046024034,0.1668002187483112,-0.22949122551405238,0.8254056908586513,0.015400354502655866,0.28921652937813686,-0.18003975063091915,-0.35923329570482376,0.32885737668848214,0.10006275764592054,0.07630253006046456
1941-02-14 12:00:00,1.0316324502365073,0.7828303143728814,-0.4530991760642381,1.7420710229258898,-0.6512083367184309,-0.7339996961864569,-0.48015189518619655,-1.4572863707722559,0.2523773868604205,-0.21413701492161674,1.0742007717709046,0.9201233830536052,0.5394669372146716,0.8631088694100355,0.770871512580985,0.48743680360230873
1941-03-16 00:00:00,-0.11054465088320803,0.7666268487191933,0.8559525141532316,-0.31886208231468327,-1.0530087649088655,1.182458476054983,-0.3420474402971496,0.20684452615870383,0.6228913907779938,0.945281242160019,-0.02879913077495977,0.35378381007109005,0.8758423175667143,-0.013440812709818561,0.03743124281065152,1.034401052459206
1941-04-15 12:00:00,-0.18566934906852728,-0.5192326444271013,-0.8342887804200795,-0.2691288122430415,-0.3127436462649439,0.5134640284837505,-0.1595377766588032,0.5835773450370073,0.4047076761276868,-0.4984840042375826,0.22401981946056454,0.21150708837982157,0.5157762858404498,-0.27990179415808725,-0.12795924330377542,-0.1661905847506826
1941-05-16 00:00:00,-0.163886068537894,-0.10761393046727673,-0.16581074388072292,0.7119799470991569,-0.36797557878621323,-0.3679433784070527,-0.23146638139815645,0.22098758057972617,-0.4040976883291493,0.26579492614231975,0.03157620039968234,0.18290472137761915,0.5995869478469766,-0.5517061280619022,-0.1263391719649479,-0.4068746851423449
1941-06-15 12:00:00,-0.028170165982932704,0.14137892036195285,0.06769042372734665,-0.6570282510289789,-0.011696512626735323,-0.18172732068551478,-0.7317304004011033,0.33332463651035565,-0.28419228722283085,-0.037931730142830744,-0.7003135355456037,0.09904630758396882,0.12704068545436853,0.23226655044945343,0.07096391181206305,0.3107159508562887
1941-07-16 00:00:00,0.5119488873513237,-0.3775710576557422,-0.4594748965620843,-0.0586396885286215,-0.36335132988501173,0.15355948163095812,0.1991093183907947,0.6438797531201825,-0.4385701250189078,0.3582579142730231,0.052417889919136706,-0.3685216380276398,0.690424789900427,0.7367697881016257,0.24310956712875814,0.483863977259595
1941-08-16 00:00:00,-0.37840508663927575,0.2597539642586367,0.40286151989821417,-0.3904119881037362,-0.5057915094591996,0.2606915332660855,-0.4981076483960494,0.2182257606251639,0.46814608648434525,0.15568861605946288,-0.5062127730582584,-0.0015922512358845786,0.7431248141914997,-0.644078167507711,-0.28783904009312944,0.34100422545905035
1941-09-15 12:00:00,-0.5907798824118061,0.9184667725382849,0.2937490847226588,0.8697428805758022,0.5267497861853313,-0.2410220916095403,0.6892677805031292,0.17450265978197438,0.21777926173530476,-0.09987131555790829,-0.4728584608882695,0.49609361596663704,-0.4849853291662549,-0.5222794112426646,0.2669343758807774,0.9187074680525809
1941-10-16 00:00:00,0.22699076149325514,0.8490966718445367,0.311089237087782,-1.1551366866237598,0.7072073597432676,-0.8347967742555611,0.09171520058642413,-0.5664628906309069,-0.22543433178318756,-0.334278717558998,0.9256748390279668,-0.2785739238838032,0.3706113745735642,0.6266055656473213,-0.2735820201148397,0.7533568978992271
1941-11-15 12:00:00,0.15956683084569334,0.4363758177349809,-0.019253439267289424,0.8564382204655091,-0.6305143678824564,0.0070580380150699895,-0.38116918392885135,0.13964212649678054,-0.35829321474764464,0.26252811932572606,-0.06743546205586243,-0.07243461385102679,-0.04915049187445153,0.16032548296417137,0.1277102407492886,-0.43316701498075366
1941-12-16 00:00:00,0.271135504826704,-1.1302835228133041,1.2333619681283616,0.7511885701373772,-0.41698828564767976,-0.8278564354831959,-0.5387189140656008,-0.33715260433235056,0.24706812024749164,-0.7573750877655276,0.6888469777356065,-0.6978210629761673,0.679629788193979,1.081359293894013,1.0096262358077803,-0.5003667576480366
1942-01-16 00:00:00,-1.3522597008517994,-0.30331065951289055,-0.7749858674119685,1.079477183533637,0.4212770029447387,-0.3385020627147368,1.0843943158790075,-0.3625798501910675,0.4202412850013633,1.227141668258011,-0.46611785256966554,0.369279027670104,0.49346066419521906,0.0977274026228725,0.04970711898515172,-0.05180968600943575
1942-02-14 12:00:00,-0.38521318338333776,0.18345781950782944,0.04037976216645056,0.022608667475194577,0.7580879814921305,0.7545133039501616,-0.043781896666023834,-0.007804665965229343,0.3747586639667226,-0.9857276551612899,0.3758222874060721,-0.20009927333478705,0.33183902531319076,0.21540449691842722,-0.08423463131894232,0.33136272321271637
1942-03-16 00:00:00,-0.4078957362252357,-0.278223452032713,0.13178089602545282,0.13430114686721417,0.5912085778371848,-0.6619376247565942,-0.07004417363722648,0.20364095131053395,-0.18319367729261302,-0.4312639782544279,-0.3039005744905593,0.06413890973052938,-0.7419494915295027,-0.425126645314318,0.7814692488557937,0.5300466312305183
1942-04-15 12:00:00,-0.000935493571151691,0.12097711349620785,-0.0861092091380868,-0.4230870392853068,0.1310466954159043,-0.5433369726491032,0.09138376872187537,0.012981192513938668,-0.4152613704571067,-0.029172130032750876,-0.7338741869043012,-0.20959838326322366,-0.36797391276134095,-0.4923354453445768,0.41924275967467983,0.0014759235760054001
1942-05-16 00:00:00,0.011134411995957494,-0.526010418605217,-0.17633501094735626,-0.0928669216839183,-0.028010577485775234,-0.1559292128479886,-0.43574422457212386,0.3544608716891417,-0.04217720705224637,0.48121182971023685,0.04509737061388758,-0.4461845201412168,-0.3847258965777087,-0.4003009773150404,0.1972568159098667,0.3011258449253264
1942-06-15 12:00:00,-0.5450181055404284,-0.16700503463117092,-0.22897064668879008,-0.1272576137366438,0.743864908473547,0.7629379028806115,0.8740396509152505,0.8672145180098919,1.9767616908499328,-0.18666712932655993,1.1971169021585788,0.05175142226700813,0.18937407878520118,-0.03018371314603896,0.38801749053040435,-0.3355341558057197
1942-07-16 00:00:00,-0.14857768926269482,-0.6916045223078842,-0.7998140695903037,-0.3784636498228038,-0.016628915410273337,-0.39869159230578044,0.24415011320435653,0.666331111112035,0.2843357380695742,0.03725273577065272,0.3759902886361018,-0.44458058897737807,-0.36186546128323427,-0.16375126217334646,0.049291387912784215,0.021448682523757923
1942-08-16 00:00:00,-0.13437661341053092,-0.17865849903853417,-0.20187633929111207,0.06232834739282639,-0.08477892648700147,-0.3767074759947865,-0.1143263402681518,0.050210264536924114,-0.14861822872571584,-0.1620774833783889,-0.5866078594849018,-0.49263777337477643,-0.3417138808697402,-0.23564453261106666,-0.05763194270630423,-0.08411927066409786
1942-09-15 12:00:00,0.3503261410041596,-0.6800861332530768,-1.1527761756120716,-0.8194226723785414,-0.5745959899682719,0.10996454652738508,1.6503892878872235,0.06045210090690668,0.6973013715251566,-0.38575234950305975,0.8737753022054351,0.39723885576068596,-0.08323201588819273,-0.12555583364902034,-0.02057178466041465,0.800619839099197
1942-10-16 00:00:00,-0.28423809017036394,0.2844536618823754,0.14377467775669314,0.10787020011319359,-0.3393283889998291,-0.46671054055596833,0.5546423210396624,-0.067846475678184,-0.1950081007870118,0.5034224631968477,-0.16272381230473826,-0.24952749036859023,-0.2936865591940915,-0.7452956663927602,-0.09120647403992224,-0.36331852232565487
1942-11-15 12:00:00,0.02317026524846949,0.7915611760741301,0.5605569039433577,0.46714336081346997,-0.11669611853481032,0.18749145468910233,0.4037578690074891,0.605585960119471,-0.102560316292851,0.347577515317034,-0.19907173833977015,-0.23611432384612263,-0.33028922103996833,-0.35332555487799855,-0.7084861003519686,-0.17065537101267297
1942-12-16 00:00:00,-0.5618595335249286,-0.04507374467479364,-0.4256171411403324,-0.13689692925687796,-0.04845936073831569,0.4574315456967659,-0.5877403896503761,0.2687857703992456,-0.040977872362428946,0.52200545143446,-0.6754508602682324,0.15308823932529692,0.3240571257151169,0.5591315606784819,0.1161947950545304,0.610133610816457
1943-01-16 00:00:00,0.0975307780255148,-0.7475848534282746,0.2678725479521157,0.3251016441637884,-0.980744199228541,-0.15264910957786526,-0.15755012257596557,-0.619211399873276,-0.09752042722683857,-0.406614223014167,0.2030314684224171,0.027640481009666873,0.4893179506233041,0.3818093190427714,0.1749989754029392,-0.08617976365816621
1943-02-14 12:00:00,0.23904420613196287,0.5294524857329694,0.267129822499966,-0.3162068441455719,-0.22390209684006443,-0.5962525417313945,0.13390477511215304,0.787378239787557,-0.5496417786979877,0.058086074753288836,0.4694836693077277,0.5941419262204221,0.5331058697317139,-0.03943058011288958,0.6687075397526946,0.6073156188638091
1943-03-16 00:00:00,-0.2421775491056367,-0.10990304739865635,0.5541670143969176,-1.1082902782858235,0.30491682814277865,-0.3278682000714842,0.21406515334402376,-0.38929439805338173,0.3062854939104848,-0.2302982467817331,0.6133486674563748,0.41087768009287673,0.4308070970765854,0.024831425801224882,-1.0463459873250665,-0.26533723022598066
1943-04-15 12:00:00,-0.5701766696287611,0.26534996270359645,0.13823732537982278,-0.9883990281855721,-0.97812621231363,-0.37432008746704826,0.1871142079231617,-0.6777695429898009,1.1308293448915392,-0.3205057116701107,0.8695941242453937,1.0653470048866671,-0.5159337321700345,-0.18486139144231328,-0.8420090555484679,0.6913609201383644
1943-05-16 00:00:00,-0.107654309623337,0.49109581557816706,-0.3135041551797816,0.4158386938684999,-0.05725914819700678,-0.44708262928169173,-0.11552030801943136,-0.37460664732834076,0.7727870747423131,-0.759238433035994,0.19398441132258665,-0.4237840844312691,0.26786952994214874,-0.37244769283991963,-0.2742248976561512,-0.3959851338084589
1943-06-15 12:00:00,0.46024562741624553,0.7095721490947897,-0.059809079853446995,0.010309133716739527,0.2832997061260355,-0.14270361198171921,-0.2376172235644155,-0.5889409523378653,-0.5420171037265462,-0.39958866964236367,-0.268873673620016,-0.6493432194430937,-0.43032798510049297,-0.19551303459766822,0.16062980647586636,-0.04886050852442986
1943-07-16 00:00:00,-0.8100271090152967,0.09446417055057652,-0.5722882575012654,-0.27495335743715943,-0.08573014753625635,0.31982034032414497,0.28548482996996094,0.4201616867410051,-0.03138281533303566,0.31436591078636733,0.5171704961959518,-0.583438101455084,-0.2779248577681359,0.04373884481132051,0.34153906078470503,-0.1631336758775629
1943-08-16 00:00:00,0.04357502004987368,0.03685828134674249,0.08863397691588756,0.0038535819474025956,-0.07831314956777252,0.024245248469555558,0.22036001857944532,0.5358167163262095,0.6768061737007809,-0.26967381765168225,-0.46265646762673035,-0.7315744849136492,-0.18246706025790022,-0.6059106315296877,-0.21328388298130432,0.03182732682080308
1943-09-15 12:00:00,-0.6374065945266546,-0.2555283920521783,0.45891802048030883,-0.5403000201813799,0.3338413891665515,0.12008304805045378,-0.09703155787015305,-0.29721626890734965,0.23093698128828638,-0.009145712237432213,0.2233431131735661,-0.7872575887706525,-0.16526626381465598,0.2155713918201425,0.37135811599581064,-0.4723653572747317
1943-10-16 00:00:00,0.9754887920515017,-0.516026922439317,-0.21854667099148964,-0.1570281791422931,-0.5757869801694702,0.18624961236839266,1.0919974821273715,0.3507339912401633,-0.4192793059985914,-0.8592878440293192,-0.8403965651161533,-0.5918263777712423,-0.03612711092531817,0.11781154557507567,0.3927723309087514,0.3355556363998779
1943-11-15 12:00:00,0.007217377601273056,-0.17640945032270933,-0.39017899457363764,0.0521315752133768,-0.0010575714038442707,-0.22428970013996724,-0.3492489074799078,-0.5190261125073132,0.409248943383778,0.5376494664461628,-0.3623778272778366,-0.19518894569815926,-0.21360685240114907,-0.5645788773988561,-0.14780959511337474,0.10928047655411616
1943-12-16 00:00:00,0.17591445082963886,-0.4986601081898503,-0.779475830338759,-0.2875851131162699,-0.6788691388054303,-0.5898777369856493,0.3349732675050635,0.444201016860562,-0.4869472605125893,-0.1749774193739616,0.5216350763871846,0.017097453727114797,0.12712077317283976,0.2730741712452591,0.04198923859440244,0.009451280718615784
1944-01-16 00:00:00,0.11139932090572036,-0.4606310626015292,-0.045843606899618417,0.9526770060726971,0.3692338097127045,0.8584565001828627,1.0551995917806543,-1.5809485105777787,-0.09497294093327571,-0.39571267071672317,-0.28830357480365987,-0.35779061340184076,-0.6524304063071987,0.02911309414656349,-0.6498793144502656,0.3579283542672878
1944-02-15 00:00:00,0.18364371183161454,1.1065698255394207,0.1088581934153153,-0.4877949337888503,0.5461533678613896,-0.08387791830536606,-0.3453186205694605,-0.028969615942605158,-0.5626428611947908,0.42857081219867255,-0.12098191333845265,-0.4991286668830133,0.1561593970171492,-0.2103535720870503,-0.2562265438588458,0.505646774218903
1944-03-16 00:00:00,0.3809006604717159,-0.48107690215205856,-0.8578674130419959,-0.3114734687954887,0.5649441177402478,-0.37940672393705266,0.5038563273976978,1.1640266527909326,-0.2211509211974283,0.09510298839726175,0.49950831737671203,-0.4575031648612156,0.5679626093622803,0.7152512637068011,-0.03267328084798199,-0.22983999845711522
1944-04-15 12:00:00,-0.7960637420843113,-0.7123858445694572,0.6632033121479971,0.16369578736519574,0.4554702996870622,0.5167685322788022,-0.3398968583081078,0.2502070472359195,-0.3490795314628643,-0.955478660155404,0.05925678370528814,-0.295181290536998,0.7175151504330108,-0.8164752372350208,-0.5847709907932576,0.13544017510612544
1944-05-16 00:00:00,-0.5002897034016478,-0.1335259405739766,0.0065006582909149235,-0.3234207833254966,-0.5731124147880935,0.008936861112388672,-0.7000533661998682,0.3064624998570278,-0.349107429618636,-0.3474792152119794,-0.32165659626888116,-0.2818584338199955,0.41333474874955056,-0.3190357901960179,0.2627506928461666,0.425088318449998
1944-06-15 12:00:00,0.07325426047454786,-0.45665388660777567,1.6793932222219188,-0.5992476811822415,0.831639785445781,-0.778891012973353,0.14235369389024222,-0.2974532462913504,0.34172344469218746,-0.14793178955919056,1.293098728464352,-0.26384885578184614,-0.1593984607296352,0.8677321506025566,-0.5004362178443257,-0.32416814686112394
1944-07-16 00:00:00,-0.27568314647574355,0.11844454082528175,0.39505476250341687,0.03173101365161102,-0.27968565482879354,-0.46869643156336055,0.2741647362327061,0.48916112055485034,-0.2839958976932809,0.43832242911750185,-0.2682918124048064,-0.27932815012686807,0.04512601580521047,-0.21790233042709073,-0.17761938129530672,-0.8774544913820727
1944-08-16 00:00:00,-0.65251936347527,0.007903533749162972,0.478332197144971,-0.3449898000575348,-0.07615939250827797,0.743321788605881,0.10481087879905449,-0.20445209902879724,0.8665519603495271,-0.1344115119496554,0.2683912840534009,0.032043844218363815,-0.41376009164929384,0.13961449694994965,0.9859573653758792,-0.6471749511392744
1944-09-15 12:00:00,0.21328238715460035,0.7894467700295618,0.1312529263415749,0.7462772679362505,-0.8865249984857544,-0.5981351503234239,-0.44520306941728593,-0.10699895056069211,-0.23586983018900662,-0.2925984473781785,0.5794869106020262,-0.3307783926114339,-0.3985671443797627,-0.40837779015911796,-0.4720490498211021,0.055581823965396404
1944-10-16 00:00:00,-0.12716551043091678,-0.32599797874486225,-0.5329594800966603,0.05164141039975034,0.4329356583649935,0.2840272182586726,-0.2719909131065088,0.3778585065294184,-0.17254832439984819,-0.22524450516672384,0.5163572937156498,-0.3292091237961428,-0.20208140665718183,0.02240479129798456,-0.08180627099883012,0.45582901191796227
1944-11-15 12:00:00,-0.5386132506512536,0.7651630293679527,0.248795746611685,-0.6152599886097083,-0.40646826967004457,0.2900145423564441,-0.11397372466190092,-0.4090605188447042,-0.4363474682231607,0.26489127324956463,0.3376393653092114,0.207309615507693,0.35159105036756666,0.27883399990236346,-0.11060734291283167,0.02347473365355307
1944-12-16 00:00:00,-0.5060565519634758,0.6854856361526169,-0.07104037901094956,-0.7736455214396945,-0.07069310379140892,1.1426491258494544,0.022119902826893134,-0.11427276171183084,1.1227729794750274,0.2073219880477722,-0.7268526921593175,-0.09272637206767731,0.30845946794713675,0.23554445048861505,0.3986604462043176,-0.026691228335482986
1945-01-16 00:00:00,0.061085732571753204,-0.19680470128377797,-0.14135700886022046,0.4902198028803917,-0.44339391084920987,-0.07665331084558108,-0.65167060963274,0.12226355560910795,-0.3720211335965861,0.35317069133456114,0.06111354398255647,-0.17543721943817991,0.18648278850906141,-0.4027138548427015,0.2930232867763982,-0.311357631088412
1945-02-14 12:00:00,-0.04595891444780664,0.8808210974812303,-0.19074450376934754,0.5520738267160206,0.374555239326694,0.7803145410287383,-0.13074232428648225,-0.34845160886045,0.31866607847428546,0.798292472954583,0.09318889734992991,-0.4241079169758575,-0.196639033877257,0.16990322034879302,0.027494124103644657,-0.18467057308914608
1945-03-16 00:00:00,-1.0212734003345916,-0.5290626459406954,-0.029986402596506756,0.5485468193619775,0.5426510815324289,-0.6302143410125475,-0.10848518899036164,-0.7389461094883795,0.33105685539683455,0.5821078302288292,-0.47440770476688987,-0.21519019607518397,-0.19381645941192865,-0.06327969007619749,0.5715149359320688,0.22263724023603565
1945-04-15 12:00:00,-0.5892226261322477,-0.33568246287591147,-0.7670812097640911,0.48918516387824573,0.5205275800814361,-0.7673617072003533,0.12839980842504772,-0.3909074036313443,0.5517243246940173,0.32010766465852225,-0.8049058010584955,0.6390800939222169,0.04163170974767938,0.007008810450166547,-0.197795913931918,0.1735785483414341
1945-05-16 00:00:00,-0.004628583533866859,0.27492116375511255,0.9708341226685562,0.6459317650511022,-0.45829479104609433,-0.27170002336972904,0.3816939921859336,0.4207630839910885,-0.3634257250279542,1.1851610838439983,0.36124102115662576,-0.14520798509790245,0.8267734905758763,-0.394847376476373,0.1289907283122218,-0.5255112790491677
1945-06-15 12:00:00,0.6112652910570685,0.5800494676886649,-0.8939011169403949,0.4545576843796211,0.3184527725689362,-0.001407411055556751,-0.12255332401191055,0.7920934056869059,-0.1891528314431379,-0.5010562563875909,0.5360852095193667,-0.972172788260488,0.16815432120091012,0.1792573738928085,-0.5765184175721286,0.13122973286704637
1945-07-16 00:00:00,0.5285284037799752,-0.0699791487659154,0.017494856781989254,0.015723168717497737,-0.4692798481043371,-0.15858668567608258,0.6479944043661766,-0.24375780268336944,-0.3306887590892447,0.2755373246517223,-0.330881890540894,-0.07602169221846378,-0.738889394573339,-0.3945507355444522,0.5350021774442976,-0.22557366606509865
1945-08-16 00:00:00,0.14986431166086756,-0.5778341389360429,0.6015836992442021,0.1455019102281535,-0.006152588931621572,0.5801928800101858,0.06275067694768977,0.08267670001155737,-0.379085252071158,0.5982110381335513,0.2170268357949327,-0.10627854915232138,-0.3823183712654457,0.4512481063923861,-0.034639675194372554,-0.776472183561502
1945-09-15 12:00:00,0.45772630509060075,-0.5711568743755906,0.9151315458802505,0.3679188545201363,0.27810731239700837,0.4664776587042653,-0.38000882774339684,-0.22914954825303274,0.21516389818578668,0.041074346876112194,0.8472882543497737,-0.60808112629853,-0.6404691576969177,-0.11102985167504509,-0.6430965445476001,-0.10639883558602209
1945-10-16 00:00:00,-0.2883846930945649,1.0067858912671104,0.29281987445867874,0.6546972827442096,0.615382771731057,-0.49392830802367793,0.5217317139703902,0.5010528993527735,0.4791904639020443,-0.21864638820063825,-0.12917948524197248,-0.5269346997518451,-0.12256372850377278,-0.16630551228916768,-0.5221960232290821,-0.04197926047218259
1945-11-15 12:00:00,-0.04200371991587193,-0.011055944074929352,-0.4985767888294621,-0.2709498878865527,-1.01127130477047,-0.22351011592654246,-0.15542460584893303,0.07262897475095557,-0.13890802043863928,-0.0721773007385903,0.3430596924897425,0.1078122248926513,0.2317509462333016,0.3371620716152448,0.27226857397843673,0.02072475089637399
1945-12-16 00:00:00,0.45978697544976366,-0.559603962566451,-0.6205860037893653,0.09186831956632135,0.5758544042475825,-0.21497949817449624,-0.18859660437288317,0.9369327802280492,-0.2417743902211587,-0.000800054126145977,0.7417674764046225,-0.4634299642042394,-0.5163498053712415,-0.012117450268990249,0.4417027012909981,0.6684334599097055
1946-01-16 00:00:00,-0.30679196430217837,0.2984414330985937,-0.37014453495304367,-0.5894415401953381,0.6776689661531045,0.6860263681442899,0.11177689792452794,0.7371625374601725,2.021937898964053,-0.538487841417852,0.28406897866894315,-0.5260703886448362,0.13523356950675092,-0.5443103462508632,0.15984799821999235,-0.5843240398096045
1946-02-14 12:00:00,1.123851095665525,1.2471163314390017,0.07764346308393963,-0.9847016418873464,1.1211122573023022,-0.21421305884336483,0.0009204446573100045,-0.635558486375456,-0.6128508045548229,0.8200659886778798,0.21377858395409005,-0.23112088251548413,0.2844394778863346,0.4094942245072839,-0.2148182247239678,-0.7235738242109613
1946-03-16 00:00:00,1.00544537011689,-0.41053061156798676,-0.404815332994681,0.2347714020260776,-0.2582523172649326,-0.3816351483608838,-0.07951802764640026,0.8660844259888069,-0.07799856605335626,0.02158485506797475,0.3048541539401369,-0.049202272156894544,0.1081202940568593,0.10670924852320596,0.6542205209264589,-0.10332422156938142
1946-04-15 12:00:00,-0.17823513555171266,0.16044715591291855,-0.3041890831286484,-0.9783149775258383,0.2408492212192317,0.36613510338034216,-0.027587323512583195,0.4604792260693035,-0.6267963171630069,-0.2193381429462094,-0.41137743770059915,-0.24123409942969098,1.239642059740836,-0.3279037687197,-0.1448724634298115,0.5123672777314443
1946-05-16 00:00:00,0.18994189339280676,0.09434842447736844,0.2439955545893164,-0.1783463807941143,0.13843544189185308,1.0698258009902668,-0.9403855530654552,-0.4057622916816016,0.10593143848431247,0.17648193667456902,0.16538904142389782,0.31375864137338894,0.7573146139361879,0.20194566327773922,0.33971712167435186,-0.37290807539940024
1946-06-15 12:00:00,0.06368462253637786,0.403952862854827,0.44717200328915685,-0.11915604889258952,-0.8149524601819,1.2079067379314479,-0.10803593605436779,0.03945372805456067,0.3127929408844959,-0.10035243959097906,-0.8491690962690106,-0.10837282360090372,-0.10390766957586539,0.33045293840987444,-0.3884089559102879,0.8469043415537256
1946-07-16 00:00:00,0.27300734789368,0.6289450832101596,0.4538050260022277,0.5373888102424391,1.0731352446466174,-0.2986725153323875,0.3994122878670293,-0.06913439379667821,-0.3162290771477778,-0.6503854513066074,-0.05654183222634407,0.14266050628253912,-0.8424878201990538,0.33724576953123275,0.24948952549733622,0.25886246190050505
1946-08-16 00:00:00,0.14671343117190505,-0.28589759760436245,-0.45316263480728103,-0.5413219077040267,-0.4909344882952876,0.13981082472110784,0.37807553345665135,-0.8665829563726712,0.03026541559005136,-0.27710964117526354,-0.27329431956449446,-0.09290845385850155,-0.19680820863333187,-0.4679107550097782,-0.3681319527861686,-0.07819332005865937
1946-09-15 12:00:00,-0.32041208058588594,0.2324053402835424,-0.26357079897529545,-0.07138626377550561,0.6295150153603554,0.44298108397766667,-0.5394258307053874,-0.4440221469572438,-0.5971183763809504,-0.21794484542384923,-0.19710711220004062,0.3638338360778316,-0.07606184892425233,-0.5267661030963677,0.15360924864496114,-0.1885220694520539
1946-10-16 00:00:00,-0.17393603881555714,0.14645708055242748,-0.3751332549527434,-0.2852873078870207,0.14098702770537141,-0.2590474622622984,-0.2891053936763328,0.5283851758563007,-0.6338284348478198,-0.1438576633060088,-0.017279292661257495,0.0652004705947391,-0.20384053905924876,-0.050172267313727814,-0.32472688846083086,-0.20446473915043628
1946-11-15 12:00:00,0.38965476146363665,-0.052411719393541695,0.13975222463133877,0.28830392339046285,-0.2928470669498615,0.3583666017338081,-0.35858463590336265,0.15606127557488192,0.059395475701427114,1.7443548542391847,0.4789529469232849,0.32320553326437074,-0.26333790538205065,-0.5050988271973479,0.15336972778390545,0.13866470316998641
1946-12-16 00:00:00,-0.7664486664076682,-0.7627712353089661,-0.20889403657756722,0.09628997730771827,-0.034881805610407546,-0.5185778329319085,-0.27380076658095154,-0.41742989931641605,-0.071073568002679,-0.020751791907137718,-0.2428231169900225,0.5386299009690648,0.18355279200696983,0.16447418279710435,-0.5040888215864027,-0.25377992475143835
1947-01-16 00:00:00,-0.5417324240263236,0.622613147934397,-0.4220873765984487,0.5810504610465376,0.05696817096369611,-0.8520213360633562,0.2986098665325766,-0.2887786575043584,0.5058247219959997,0.5123435385028166,-0.24082110283557925,-0.2534691621790284,1.0961199405339552,-0.12854856380616175,0.2891887361040219,-0.27894045600900874
1947-02-14 12:00:00,-0.2581188968008856,0.0697757039748145,0.5950904196530803,-0.22926001236278212,-0.4500056314898646,0.967417708184252,-0.44419512646285503,-0.15265871848231788,0.33193516781681637,0.7402635234797664,-0.10785046644992474,0.014499039213675347,0.07083945320117124,0.14052568856937897,0.6779285799578678,0.3132175760444192
1947-03-16 00:00:00,-0.8349231999863882,1.0088442541983151,1.0132914241073352,-1.17342838111852,-0.6841802618612891,0.7857831365037024,-0.1460705667292913,0.0076071749209223605,0.12871572946063475,0.02066641668011926,-0.7739740222558062,0.4922710621235503,0.5852568135332461,0.8710127896043967,-0.20588266427556765,1.6231513058227556
1947-04-15 12:00:00,0.6437724982947507,1.1774652121228142,0.18249868683797446,1.983691281339678,-1.1663968086769212,-0.5488855604692602,-0.5650353979317847,-0.21541701344971242,0.30838101076734686,-1.5132799300792583,0.611325525498043,-0.503557613242656,1.246934307606209,0.21599394644695935,0.23487387944901122,-0.49804684290974754
1947-05-16 00:00:00,0.0002807037031322679,0.5035997411903083,0.1229813789723411,-0.7465622389255455,0.24029644132824823,0.18833724536013263,-0.8219253309891034,0.07304209705524248,-0.09106289579654364,0.1446092685667122,-0.42568564962372146,-0.12628914089476706,0.3334780432081489,-0.12780292321568498,-0.05210512997190822,0.03628069894803293
1947-06-15 12:00:00,-0.078958677617122,1.1246171982595345,1.4142668535718574,-0.10705175483335705,0.5559074945789994,-0.626497760310183,1.7342828733698603,0.7265148443169095,-1.3827843426892619,0.3396814864444135,-0.12021451196476657,0.7884594330630675,0.6905132233209177,-0.6100552232493143,0.17674903209426748,-0.510211599745919
1947-07-16 00:00:00,-0.3758524466808037,-0.7929872356276781,-0.017570239633367984,0.03136816300348727,-0.512794252272484,-0.6695388004889238,0.38166083856425315,-1.3600205561000014,0.3304048629212068,0.24611860692565293,0.044316710086363675,-0.12797628905271075,-0.1527385357979878,0.2187240113439366,-0.06917319668506353,0.15076215658337017
1947-08-16 00:00:00,0.2644124306098482,-0.8478844803310394,-0.20926081438332678,-0.5184644585528329,0.2794296675842053,0.13895694478539755,-0.46013800437704844,0.621632553813553,0.09534610333766885,0.5167967133289247,0.9487844189530528,-0.4041458291766952,0.25680299709763743,0.6812460284253046,0.0766683958171568,0.37181304475358784
1947-09-15 12:00:00,-0.2468796561534275,0.3038593452099805,0.8383074429235191,-0.4251743262586189,-0.1443234570406206,-0.1960120188491749,-0.26671855068205086,0.22341567816319197,-0.28879812348644734,-0.192053458356173,-0.08289671664275672,-0.18599494779588932,0.03713699455324404,0.2738502835510055,0.4226936719234553,0.666112184570057
1947-10-16 00:00:00,-0.40652729870853904,0.030805061980205967,-0.5471415293552423,-0.0967561986792117,0.3311660704712456,-0.6773258294494746,-0.19588811089217228,-0.3450844794699417,0.10924386712680828,0.5828732949927173,-0.23433894632037205,-0.11158636602709304,-0.08765506724630545,-0.011350247201947994,-0.4289394458412066,0.12465864205697214
1947-11-15 12:00:00,0.4335538981997952,-0.5218652609303237,-0.4141567302241421,-0.05990692923204194,0.029874423719943255,0.2588866173432115,-0.5090565662446018,0.6467571039855162,-0.15106567383217528,0.813307384625811,0.34255592746102864,-0.29528801635019714,-0.4489334045687393,-0.37451378253730183,0.6817652659388553,0.13101173895631674
1947-12-16 00:00:00,0.09002930355292327,-0.3139397881918199,-0.3287143825530137,-0.40187949824155816,-0.40704574559622236,0.04338980562350414,-0.39271630354850656,0.3476734941531417,-0.014825079759155757,0.03826386224793754,-0.17706031092236335,0.15989351264327978,-0.3818047579115925,-0.31065730256470825,0.22556168712973818,-0.06284049990280643
1948-01-16 00:00:00,0.45737720688544337,-0.6200190928417763,0.10045711278408978,-0.3391428673333484,0.03379268762297993,0.08060401564280928,0.6760571371247136,0.6156329057635256,0.6695794642994017,0.14547040540075515,-0.7624764443930574,-0.3472672492428107,-0.044366282785089806,0.18306723359987687,-0.02303903606107663,-0.16508788696888027
1948-02-15 00:00:00,0.25321630150571695,-0.4675857674764268,0.051327048451580676,0.435278060189334,0.00900726914287242,-0.45333733752077443,0.1151026292125259,-0.6047416850605131,-0.11823388250132114,0.10260849454474341,-0.2485978778283511,-0.5046915379862451,-0.2693335464958422,0.15761035933583845,0.5924667085300839,-0.0025937617850264605
1948-03-16 00:00:00,0.044491896499113004,0.9741059221456367,-0.4415569422333131,1.3132048248723605,-0.8297411826112356,1.359212380791865,-0.7734978568192727,-0.8782093180395207,-0.14289750374595284,-0.6625130989086341,0.616489122541845,0.2614730524117225,0.5891613006313443,0.8311405331620667,1.0876994807184572,-0.3029528270087343
1948-04-15 12:00:00,-0.36024450327389035,-0.33706099195759437,-0.4823188274507244,0.41105355508044994,-0.1058374213653478,-0.5508571564944461,-0.24497852676897292,0.007050168845335332,-0.4662178900630299,0.1856683120100207,-0.3554447653353948,-0.1241080592290531,0.19016224741619858,-0.3497895806031538,0.08407513081814136,-0.17853744280550554
1948-05-16 00:00:00,-0.20277662993263607,-0.3994342809969568,-0.8446100094959924,-0.2717854809965703,0.4170171766939551,0.23149534651957615,-0.04632484232101719,-0.060611412412109815,-0.46552212345250016,-0.6843560225537042,0.21588292258744562,0.020005998634959554,0.7136110744651156,-0.13658463425146228,0.04611720569706747,-0.31530142186320514
1948-06-15 12:00:00,0.5003122387038791,-0.24985201230066995,0.572068622311096,-0.14181332342933672,-0.5238196964020775,-0.02256892945395461,0.13826657061640435,-0.042779841155135175,-0.021525052446123072,0.11332214727105638,-0.1449165741230229,-0.20774635448667889,-0.5766855679894257,-0.3411137906018451,-0.48173670693480897,0.10687044645176019
1948-07-16 00:00:00,-0.4305291258336457,-0.43407013817099915,-1.332391189129759,0.19558602232249522,0.4097925631696433,-0.015360787600547599,0.1785450596199537,0.8080489998849404,-0.6317787241049941,-0.20906049555959738,0.6182593178305396,-0.07497258075205682,-0.24419803094697878,-0.011664193622579755,0.6992333303354908,0.6257670465236489
1948-08-16 00:00:00,0.9641709744062549,-0.8347701478206118,1.1989390023621869,0.3238466224417166,0.926401235916214,0.03866158533674524,0.009445993834251709,0.1461804800223619,0.05467954084542159,-0.3722705901307906,0.33077757809590175,0.5027742372560714,-0.8602208758500217,0.49336488956206326,0.16666909025959323,0.6291594926804915
1948-09-15 12:00:00,-0.053862048250536254,0.19978801381148584,-0.3385005564098702,0.3892826901071226,-0.5473081249922362,-0.02844368258009,-0.4819118356404859,0.24860567058732067,0.11974733315162439,-0.7945384039657581,0.09763356429809095,0.19759849005210894,-0.5452489641956443,0.48086883642260814,-1.171784983201022,-0.18499129812616305
1948-10-16 00:00:00,0.785429152886847,0.2647953384448831,0.8655629101544959,0.6202103868165557,-0.5970198451750384,-0.036159843437176376,-0.5379404300354387,0.10741112145421836,0.04765565032115365,0.5636397942090411,0.49429847173512037,-0.24920118152695836,0.45188335360857645,0.2323248518203096,0.4623886015598855,-0.4475243066703305
1948-11-15 12:00:00,-0.517619646777901,0.6536208118171795,-0.045869411920469894,0.28777782551772146,-0.3570625324057829,0.23937350659544054,-0.12130610865549618,0.4628721422226189,-0.38628812993274897,-0.21740926218310652,0.06745813934885864,-0.25837128887929406,-0.39537706696875075,-0.24339664284848972,0.010193561790163619,-0.11508814599141093
1948-12-16 00:00:00,0.211175809695045,-0.5230198453842697,-0.6773892203564108,-0.2607295480145253,0.3563554560949931,-0.5304955017791545,0.22815660098431445,0.003209940819101642,-0.31996001610951136,-0.0373697407166903,-0.921422344630555,0.7904169609462871,-0.07418754770861857,0.6544483816846629,-0.7560174251950691,-0.47363978691553826
1949-01-16 00:00:00,0.7443386873463155,-0.31982305702703306,0.5856532091327543,0.7483450488835902,-0.27974148634148366,0.22356906229650764,-0.9946708771862295,-0.12663665723770035,0.30931526915620294,0.7011075555640265,0.3113341487642077,0.9524036834994899,0.3884721884328508,-0.19208213520244477,0.5403452672635364,0.9166412454588577
1949-02-14 12:00:00,0.5446437488368409,-0.3911158001982653,-0.802638847204414,1.64876745431018,1.0015231530708175,0.4177684696372401,0.7553533661597635,-0.6152456076157641,2.4282729929412383,2.27002498715926,-0.786042232092353,1.2293442998002582,0.21320138812157918,0.7645038723032132,-0.6065337244113904,0.2874609633444933
1949-03-16 00:00:00,-0.5837012691409764,-0.4968729403027222,-0.19398113016931257,-0.5615421010183601,-0.3651426034909776,-0.37871465984946723,0.1842072773840412,-0.007692584742669151,-0.37272528053937765,-0.10429148915868469,1.102270418781507,0.6049117280873978,-0.23859479308745057,0.217567565934629,-1.0618936721883343,-0.022700813577568035
1949-04-15 12:00:00,-0.4194291046693127,0.2886133260831478,0.704563211895439,-0.2614551496384356,-0.19875641423589652,0.7349673229030033,0.6687013832349255,0.1954164962025225,-0.5414591963463198,-0.004899415577807931,-0.7846790880452723,0.09071889004405997,0.3890499551030592,0.6246705080856962,-0.3204916986753792,0.3986304534032325
1949-05-16 00:00:00,0.11185549692623331,0.42048348876520203,0.46539772322932105,0.39957218855056575,-1.1706312781727775,0.3312109242272485,2.4231815614979735,-0.5842725323133313,-0.7566162451638538,0.692703641059609,0.5362547354777376,0.2555890346220412,-0.18934355854934637,-0.2123406945783659,-0.4509345855148468,-0.6311632979091701
1949-06-15 12:00:00,-0.058701627418013824,-1.015470837624167,-0.27630418584025784,0.14743928429479336,0.17335645258694232,0.6973654042976799,-0.17854965135051382,-0.45321588352639675,-0.02369656513759466,0.1671031384493542,-0.15587061282444964,0.5695348739708198,0.6996832458032225,-0.950258558172321,-0.10509718737642307,0.3707241638611399
1949-07-16 00:00:00,0.184017595246605,0.4129142826222968,0.40168259030533215,0.5002371357792912,0.1520525945969713,0.5166281066875985,0.9682865359634062,-0.3112628115660538,-0.13845189812869416,0.1373979343048082,-0.10062564936610291,-0.7317480034667417,-0.8724069103788772,-0.026392477119117852,-0.06566153787827958,-0.3623899984997614
1949-08-16 00:00:00,0.9447212890942657,-0.3766160206522509,0.6064342363780902,-0.18121786444362833,-0.3858537965411893,0.01938762988236331,-0.5226438838675902,0.16289701240143603,0.0957235534291545,0.7989088815566894,-0.3432583788697755,0.43223503744412073,-0.2969355559566509,-0.06228215705004725,0.08893318571785613,0.2245531064605208
1949-09-15 12:00:00,0.06728514349388104,0.22406324134871067,0.025986079030706016,-0.1381700321284185,-0.30248199968119294,-0.5974044159081798,-0.34270991524687844,0.08735475793820584,-0.1515063949893512,0.003951992184295594,-0.010006221244223068,0.5308199568532165,-0.03657882005697033,-0.47442671936011044,0.13631675205863242,-0.2858463545856544
1949-10-16 00:00:00,-0.37523878329954674,0.6181060216958144,0.34316720576296433,-0.32746348111255164,-0.37317489576601304,0.0987671065556398,-0.221400387819209,0.8520876978375345,-0.13929714534264412,0.45650613702812826,-1.1873566561698674,0.42839938227360774,0.2326269447732484,0.5747031064042649,-0.6988258742290612,-2.548747126579487e-05
1949-11-15 12:00:00,0.4423376601936764,-0.5098866747652996,0.38449030296389153,0.2254785743627663,-0.437679524609573,-0.1955155320397205,0.04521305073563153,-0.2681811627970521,-0.3418529490599265,0.08858564991036003,-0.004045706001437277,0.2221853501155947,-0.025413580817091996,-0.539643942269303,0.034026574055712994,-0.3923411924942346
1949-12-16 00:00:00,-0.3435554803701163,-0.2562884536785601,0.3291717207818985,0.29054838331679667,0.6255754414913278,-0.17843649291745206,-0.35475427094979795,-0.18895432221847977,-0.03494941510023958,-0.6385744298426703,0.35107437731995567,-0.6824610671391782,-0.03999763876406626,-0.44407416394841,-0.42189625287757415,-0.057254820406440254
1950-01-16 00:00:00,-0.29703951179704224,-0.1897051880794825,-0.18504601838614548,-0.41141769178275833,-0.03818829668587126,-0.17825983099842413,-0.31286770283574084,-0.12111156456031075,-0.25301733259540826,0.13769779636709253,-0.16999495021748556,-0.6495600269095166,-0.1435662815076552,-0.2481000214799789,0.14172372436452962,-0.5007797408499517
1950-02-14 12:00:00,0.23483472670945538,-0.5968719573949084,-0.1134128616747526,-0.0100848446634062,-0.03567368318664821,0.5675383199969667,1.1963206131662467,0.6052598151074732,-0.41694231750904637,-0.5637285882811776,0.18849962794393288,-0.9213542032588281,-0.03144701375497272,-0.087739480475862,-0.05421451205132258,-0.12621791522587628
1950-03-16 00:00:00,-0.331504114411048,0.6190531076238958,0.8282072264440963,-0.7670948987185375,1.269454721231562,-0.282493743192641,0.5477205567130431,-0.019672898419423497,0.6949038363446616,-0.7151267227805418,0.4623682639864764,0.2526084881630354,0.5079653778489595,-0.8020548960219995,-0.15910213245909174,-0.5371621087403338
1950-04-15 12:00:00,-0.2535495032072773,0.7702717558209876,-0.08889824756550548,-0.24883402098841362,-0.09773564738646884,-0.14000848920583892,0.17882975349805907,0.023596237337089994,-0.1242518517643093,0.6772448567976853,0.01621961737042954,-0.36578385566516985,0.4833740345359461,-0.10704296014341586,0.03336915500171503,-0.36763362545997963
1950-05-16 00:00:00,0.15701299276033442,1.19437606757577,-0.2094621506295979,-0.21913602504484042,0.47131428149682053,0.7469421458767368,0.4688556861615606,0.5204168974071676,1.1655543646567603,0.5780189567230489,0.7850813904293654,0.9828062212548675,0.36366607079576263,0.7822788442024595,-0.6536684622006826,-0.9502913449950023
1950-06-15 12:00:00,-0.24329487886871262,-0.046345119105349775,0.028105991278948778,0.10292802589433592,-0.2974797859961248,-0.33753636513276797,-0.39752847235971567,0.2357049903737964,0.46387735301397076,-0.18766707902749646,-0.058075288418646176,-0.7310785279582855,0.5158585086310856,0.11161772973461304,0.2506839878872925,0.57609858707494
1950-07-16 00:00:00,-0.7624680417831955,-0.2611408591178434,0.14723893299800908,-0.05401547920659394,-0.17197960264291412,-0.03138233167491178,-0.3663000712679595,-0.3132573314098052,0.12422471402196444,-0.10515821940468573,-0.2182060408215428,0.12124374009315986,0.2540411347723166,-0.40772324171704516,0.04293783646455587,0.32761423225963265
1950-08-16 00:00:00,-0.8488089699290597,0.3306583262745256,1.0400134416770688,0.01612262129622194,-0.2867704538565722,0.40396370685667127,0.9186273214237505,0.22267448362236547,-0.1966371364340577,0.6723977706667861,0.22250685301098855,0.15633496297349625,0.8366459047680428,-0.32427355277021763,0.1888439729120382,-0.41943368609370274
1950-09-15 12:00:00,0.031821202341645205,0.9956076604092639,-0.11160633548596914,-0.7027862239190201,0.9891756515613631,-0.23629558130875405,0.8347452714883336,0.1486898571068371,2.502377626038039,-0.45613319546963976,-0.42720084103407086,0.20583420094457094,0.057788274524346095,-0.5750102248997012,0.44884978028452704,-0.19572487481467643
1950-10-16 00:00:00,-0.957109298783929,0.16965307194986337,-1.0432572226102335,0.6999342577174125,1.1340544826757664,-0.7048811654353908,0.02241821367486807,-1.3722680898265114,0.08576808510323841,1.0632716959756385,-0.9948583008795016,0.24837940278902793,-0.015056609167400814,1.3271823755162204,-0.7046171786430144,0.4980597290251441
1950-11-15 12:00:00,-0.7098754354264653,-0.8432015436551922,1.7636388054376735,0.21692652613687247,0.36781201023175103,-0.20425022275724802,-0.17373208843032062,0.009027156493246181,0.5577382792117,-0.5045531512903396,0.26048421402700866,-0.5777792672566847,0.6490288217517286,0.45443608068031405,0.2906386507121681,0.14895784240759374
1950-12-16 00:00:00,-0.2197252333728432,0.22094428649558104,-0.5625459197001028,-0.314120246211585,0.3611227776710608,-0.3709032661269067,-0.39073602722471473,-0.3861314039926796,-0.359705267425299,-0.0646336514692255,-0.23102562576256774,-0.4383926228118741,0.17784249546500097,-0.4505190206326952,-0.06333751443219635,0.24511327279392764
1951-01-16 00:00:00,-0.5725551401878648,-0.02208812096784704,-0.1392246931074521,0.7310370684820505,1.2654686151625576,0.9738066506142934,0.23345466460222808,-0.5859477905079221,-0.33904312914835666,0.5162809384156999,0.1769078412677781,1.2853648897066776,-0.03261765496278357,-0.2021857753014228,1.4820267900096098,0.13471908801955673
1951-02-14 12:00:00,0.3049520796170865,-0.16002923340389058,-0.07639868221672907,-0.5283373112109908,-0.35591884187066997,0.17390759324092742,0.05239417552148329,-0.27253753998791636,-0.5067990901941728,-0.28292631506859195,-0.5675215852683549,-0.6974944574041037,0.2680328512973794,-0.35271900507272186,-0.016031434178936405,0.11267302256600636
1951-03-16 00:00:00,-0.06516357633917141,0.013683451290949722,-0.4518402063534104,-0.19400135020571882,-0.7430748676134511,-0.7501734591912125,-0.5423556348289262,-0.329413438665813,0.1966634887538758,-0.07621886353458046,0.5189104030469041,-0.1426061417611708,0.3831998210309936,-0.1863228219403411,0.08691234935586684,-0.0023905332328080786
1951-04-15 12:00:00,0.632507405967328,1.5183305396465305,0.7499628296207412,-0.10806019125292382,-0.5861530006933899,0.25248503418575086,0.04958823435481974,-0.30915382738910685,0.23951901827709127,0.9231828183512787,0.3849040548421618,0.24061081505858828,1.105320174610987,0.6129780273780701,-0.7005492725085007,0.9741622713719247
1951-05-16 00:00:00,-0.20394160703077263,-0.9033231180990312,0.3516990680644636,0.16955150976790678,0.5515985047743784,-0.05931820509860275,0.5294777422846318,-1.3970149725731718,0.7022122570151832,0.7267565043974391,0.12347183234803732,0.03136400145296658,-0.20347033510183576,1.0791527708694841,-0.24070840964919424,0.6663382396367732
1951-06-15 12:00:00,0.19405619757474668,0.22366587138066932,0.11259923410776504,-0.37718052263072294,0.29896119395733267,0.16549926153476036,0.15106639936190003,0.08449204744125395,0.850001419240064,0.43282711628486364,-0.19139490986983126,-0.3991677599228051,0.2899170335226332,-0.6511609772961845,0.06841092109682935,-0.5167967502268613
1951-07-16 00:00:00,-1.5850552485541058,-1.9635076703921193,3.2437465775684995,-0.2833697797886765,1.0995525451786952,0.43159113436140284,0.414217415441151,-0.48250693177808507,-0.13623028770398554,0.025086217108250097,1.6324099020216887,-1.0080802934977748,-0.17125081079217291,1.6583143597399261,0.3872136116449627,-0.889805538868961
1951-08-16 00:00:00,-0.6416438326470124,-0.626851002632276,-0.8068057068725797,0.45003349776403134,0.5019673649934688,-0.1436622929349588,0.5310042579577522,0.08821165634697235,0.27990515318479775,0.5665415195181543,0.43045314317196987,-0.4251507377390666,0.04307176080604325,0.5864012788316997,0.4227196311928969,0.49353855732924784
1951-09-15 12:00:00,0.6955270834561261,0.3318127020236149,-0.04896292433909549,-0.43570126919299795,-0.44229973472354484,0.3163192662050174,0.6545104053461047,-0.015886672667138023,-0.2719359931917341,0.34550971854747836,0.4080063674909797,0.345330422404846,-0.6560181318854998,-0.30526774689738634,0.26070384383905065,0.4843956233265188
1951-10-16 00:00:00,-0.642392225742944,0.6662830153908974,-0.07741427854427448,0.014602179691579398,0.008188544293741495,-0.015785501288600567,0.3840520165338305,1.0340023752985104,1.0250123134059017,-0.06064299327707662,-0.4425274532005803,-0.07196877181659844,-0.23573220358571012,-0.08845098844972754,0.05498786525177772,-0.568339482617025
1951-11-15 12:00:00,-0.793472302885478,-0.9565485777728909,0.3928346280595423,0.17742432591833956,0.878815473624068,-0.5427564684809891,-0.04404200150056636,-0.35896658883553856,-0.15655613838135002,0.0651843945561692,-0.18206895971835357,-0.33418394547923774,-0.013937566306627458,0.06014080302321556,0.39531118244877383,0.7975099939823371
1951-12-16 00:00:00,0.15084958464006992,-0.47611483624287876,0.2559458303127604,-0.3324495910976554,0.07342761642471773,-0.577225917792288,-0.07615533649160233,-0.09043208484054502,-0.24310813769104117,-0.2656334548082852,0.2670380285974305,-0.06838531006295157,-0.6834693434549481,0.14047311450829525,1.0543260036831832,0.16821197995910214
1952-01-16 00:00:00,0.20759699651826957,0.5062096902105594,0.18626494844274374,-0.1978919662383675,-0.4984511447896161,0.14760758608771296,-0.6019781118378973,0.355595542053619,1.3633957460898012,0.13757228024049334,-0.5051678434141982,-0.5397449106453129,0.6813460754195744,-0.46743883146745346,0.09228505320952379,0.04197618280135479
1952-02-15 00:00:00,-0.48981347090374994,-0.27360778133220864,-0.9715341887440069,-0.31595274130666007,-0.20192300344978897,-0.10853121577323066,0.42133308064086405,0.661419972884412,1.3476176715246155,0.013753421033144642,0.7579842831667785,-0.09232148698845577,0.2620956638036134,-0.32776126873874484,-0.17175259576450283,0.028512393589097906
1952-03-16 00:00:00,-0.3346129045221451,-0.36052767942741104,0.28496524204510143,-0.45662740587723144,-0.09330956073398672,0.20944709874570566,-0.5027171662958512,-0.018461583511002896,-0.3031255403467945,0.14479723194352284,0.03196164690408693,0.24891947473026688,-0.08289289542209011,0.4587137226407163,-0.33595726242208857,-0.25842625293736277
1952-04-15 12:00:00,0.07823441374549989,-0.6194592164769972,-1.1027439011140592,-0.2656920839343814,-0.2844176445234024,-0.29882449507829556,-0.025686457703701038,0.4097818625497004,-0.21876112744191317,-0.28489916069300797,0.5195525487075829,-0.06979589676539921,0.2541286616057974,-0.20042448363319187,-0.30814589467024445,0.13622470659463642
1952-05-16 00:00:00,-0.6168389677056477,-0.5433821148526761,0.42217286380798635,-0.12031104285308608,0.5317441526348772,-0.719598459069301,-0.1769691102585208,-0.15696862034002054,0.8002286385776487,0.2316649345263702,-0.1900133976551937,-0.47059945863882774,-0.019102912515323145,-0.046179493058019605,0.07242568731603814,-0.329937151157936
1952-06-15 12:00:00,-0.408228513990448,0.02626969254519837,-0.11266462291314525,0.24716168723967347,0.2540388902050823,0.2080007122250641,0.2336162542326522,0.8565055284599052,0.3478491036698304,-0.9325909031026562,0.2822412461575315,-0.4765967594392345,-0.01655625469147981,-0.9375518440251032,-0.6463982140274048,0.10244522755094881
1952-07-16 00:00:00,-0.21887950926380104,-0.6572978666845899,0.8144471630507966,-0.6100810353454976,0.5255541844317976,-0.006736786350491131,1.0245963937322182,0.4335204885165494,-0.5791197322385596,-0.18049167030746704,0.6162884094906518,0.06578273683802083,0.7483915000586083,-0.045954378326571454,0.29665525958495076,0.3385686158468603
1952-08-16 00:00:00,0.9237609956627101,-0.2769526430963531,-0.3495173626217358,-0.08660533548177934,-0.2313988481594322,0.9552433183011549,0.24357291064216213,0.060932583134043705,0.2877043916756597,-0.15884086289692784,-0.1568224025609561,0.18459245501585497,-0.6429580024640178,0.38286297253653023,-0.2968941375695131,-0.04276315944245562
1952-09-15 12:00:00,-0.5487524462064749,-0.4067778388686597,0.17837198318120548,0.3902359523154185,-0.07102812122725943,1.5871510959013473,0.22615363494032736,-0.999072834150266,-0.22666259093024188,-0.5046144348535315,0.24135696138846258,0.11702727877636432,-0.2611569216959738,0.23619556385122964,-0.41113420594479433,0.500840265412581
1952-10-16 00:00:00,0.20833622328479062,0.004638197200415611,-0.5558467660420786,0.7897154731064148,1.4905825684836103,-0.7158574053689362,0.9684187897696673,-0.5592774219319604,-0.05083767512464127,0.36825201319536205,-0.9086036413380988,0.7414573019111846,-0.46477317838932714,0.5250205521370326,0.296651593650831,0.8944769670497008
1952-11-15 12:00:00,-0.14462229648742747,-0.018930064112966022,-0.22409785134557197,0.2997172605687759,-0.538606540087981,-0.147930188732583,-0.766733250348524,0.389374467413218,-0.07705604731701737,-0.13189930463169347,-0.2762728916407245,-0.05428000080617801,-0.22747925551558174,0.6385167861486651,0.29946766103113265,-0.6476687702278167
1952-12-16 00:00:00,-0.1470255601517756,-0.027523801236133683,-0.7188134444728662,-0.8020514579227547,0.5562966713417127,0.22833326506618723,0.8648268437871346,0.6900818576847007,1.563765317871021,-0.7413028155182224,0.8574722837250954,0.23670854990009993,0.0271847244061163,0.6119570556499763,-0.591696639018327,-0.38072726261955253
1953-01-16 00:00:00,0.20894091916016144,0.150360195539366,0.09504340276880871,0.7640578900032166,-0.47907263612161044,0.20289719540378404,0.26009021744615646,-0.05645441772919054,0.20783560744095458,-0.8813793070422338,-0.09446532712383798,-0.36999761943486037,0.4915960568375999,-0.8187929718105029,-0.01705299032908883,-0.8186643948751786
1953-02-14 12:00:00,0.6235660799449164,0.04537045986848384,-0.5221149249819754,0.07262059800185572,-0.1589738884113146,0.1854683759553779,-0.5582488186303975,1.2267968256798298,0.42002296708010406,0.323424888703154,-0.0030452640275414056,-0.22668968164699854,0.6508637459949913,0.173108182408933,-0.19107328466885218,0.4043214843434885
1953-03-16 00:00:00,0.1255558921268416,0.24186480787685846,0.1861335380263968,0.6559730984120574,-0.2971397836924562,-1.0776035173414444,-0.5639759610036149,-0.37558825750139746,-0.07938422439783549,-0.09921894664974445,0.018136681072149885,0.3606795017185419,-0.12674256825277053,-0.19498357122514942,1.0937167809116959,0.18867335822181502
1953-04-15 12:00:00,-0.21810943469659788,0.11777300204549077,-0.035747022276797547,-0.7000533198669618,-0.4945917000292006,0.12548912108037436,-0.2899488577730436,0.49078948298751557,0.04706917840973379,-0.40569605662443525,-0.4894545426820647,-0.3529293743290816,0.6396371279356188,-0.4448128861438284,0.14194190377213034,0.9485049431847656
1953-05-16 00:00:00,1.1231196236884218,-0.03419779685084681,-0.1295292679554778,-0.29812571965445867,-0.31132815248528684,0.4604925675576803,2.1100054798697885,0.44888369101757736,0.3243929087046256,-0.4370440953835059,-1.8918389812433933,0.08117552546949547,-0.10475429502951517,0.8586087216263731,-0.35846542283008553,-0.6057388603343801
1953-06-15 12:00:00,0.6721345879819306,-0.5018406339675858,-0.641965367271788,-0.08809083125477768,-0.4619436986788896,-0.26098135854271015,0.5081704266525596,0.6928420140893272,0.3127298818837882,0.013790541142695789,0.6435237951263306,0.007582678119872233,0.364564969164771,-0.5249345594836917,0.33221100217042554,0.05107166424221893
1953-07-16 00:00:00,0.044004616945430786,0.061908415864579985,-0.109248651317957,-0.08504843090318603,0.6958596096705253,-0.06942579696746254,-0.20427725680407427,-0.6987291919284472,-0.5874073352474867,-0.3934236368471899,0.6065572269113488,1.4032752962785167,0.11360779689430378,-0.7965594591212225,-0.28570584295253265,0.37844249880509867
1953-08-16 00:00:00,0.08520215092747252,0.11162480565980562,0.5362124135268206,-0.18443072917426626,-0.3726501324281514,0.1736589499615151,-0.750196504354441,0.4052566684000807,0.6209688151714308,0.6815478521260084,-0.38720301400531787,-0.38960779586327854,0.34726019441251255,-0.2797294513953993,-0.09031279270171291,0.8301209384294141
1953-09-15 12:00:00,0.3258959924000875,-0.6962552939210458,0.4265901495425424,0.21869508587985786,0.10867401100010787,0.2661456620444127,-0.4478578177776956,-0.43415672549543827,0.011624469647060709,0.08040396905039282,0.4848628284942878,-0.10457038160379961,-0.31332670924737976,-0.3435905017263456,-0.28803726836824306,0.03163725609958695
1953-10-16 00:00:00,0.5618710709587745,-0.20112194368701286,-0.0777634437330768,-0.11150873917105864,0.08620851727843426,-0.004646464345622214,-0.24210037620659097,-0.07649398866776161,1.358189141214976,0.38484706024516646,0.048619302140433474,-0.12392668048041644,-0.2351410937096391,-0.6181546520885154,0.03328919184436735,-0.3103408895067862
1953-11-15 12:00:00,-0.47633086239763006,-0.1643495113344331,0.7613747920112668,-0.5776696086626553,-0.32497538265640996,-0.23413786497797556,-0.5174885485429248,0.42371514495907137,0.506309170266918,0.11420539607640429,-0.22770669623227302,-0.7347387688104103,0.19770482576118242,0.03934064980100538,-0.04990347027216263,0.3324513241746844
1953-12-16 00:00:00,-0.2332505927134461,-0.5575832593917992,0.78306783810436,-0.674840303297469,0.8023919704391956,-0.4949315677370569,0.5924146230477966,0.7589435345470877,1.0696907970337233,-0.8267918774155725,-0.2900249107894758,0.2939625678763319,-0.3217231733406309,0.5784436539068878,0.26008303747100703,-0.23246173738377865
1954-01-16 00:00:00,-1.0322085008399227,0.21142517365241145,-0.6771690820350311,0.18532550927028235,-0.023618317754408147,1.335575985667297,-0.12861734226408095,0.8423277441682913,-0.6291833809583709,-0.24173032909055875,-0.4132126662434537,0.8807723826529777,0.004772055464641323,0.9614802373576294,0.011404548159734185,-0.24602309267608902
1954-02-14 12:00:00,-0.5215864868634669,-0.40181388747459823,-0.28030171595282977,-0.33280822065951743,-0.6228181907742572,-0.7298182840869396,-0.16907899399926485,-0.5899429418641363,-0.08135102096283914,0.11062774077416673,0.19859759374064684,0.4875991069007931,-0.39985502731078615,-0.6096798513142664,-0.48367903161994497,0.11424312380550544
1954-03-16 00:00:00,-0.05922234250518088,-0.32737506681213896,-0.031009392713956363,0.4146349555040144,-0.228260923299805,-0.3833090021790766,-0.310611904613893,-0.09951523409556318,-0.0021844641228780937,0.3208630378278013,-0.03659126693164533,0.07555995928147918,-0.7538072717694011,-0.01087611592739579,-0.6049241383245775,0.02165070233111538
1954-04-15 12:00:00,1.2711272801748428,-0.6078383180616119,0.05459602505672431,-0.31818532871155814,-0.4593060929913778,0.28555121101444825,0.2670852209708817,-0.5753475132929682,-0.3839912133109503,-0.2661746156351817,-0.9722015659456711,-0.5581684742011028,-0.11210336113180258,0.20192341889028675,0.0710688501045956,-0.589173793631042
1954-05-16 00:00:00,-0.29899451361249074,-0.13636648385076,0.4221037018135668,-0.6008779307642431,0.3126035407782696,-0.3404657948615503,-0.5579969644124017,-0.39351840010192213,-0.4660583911467495,0.1104533506505388,0.06133232933413785,-0.707409895159343,0.14710259525632952,-0.22628581992938768,-0.22212368256546725,-0.12910468913057577
1954-06-15 12:00:00,-0.4451067321680447,-0.47640529420794187,-0.573504498321041,-0.16789332503975252,-0.016729952435419637,1.013369409608032,-0.28356265812933923,0.5355468963099163,-0.16918270664317558,-0.09853413928533644,0.48414548945479513,-0.1940645106171749,0.1347174756202274,-0.609453032826521,0.26536933434938603,-0.11224210317298983
1954-07-16 00:00:00,-0.46008006755551123,0.5649510021120392,0.6217953176165257,-0.9199652446684393,-1.0213844752141197,-0.15774903347989472,0.1916101937106124,-0.19600349439206224,0.15383205144153,0.004875061941033154,-0.0014438988850263845,0.909968255745348,0.7298614626628694,-0.5525407631297545,-0.542053478109372,0.9107670490928235
1954-08-16 00:00:00,-0.3574709670504716,0.10350282166731636,-0.20930458166689309,0.7873450306563338,0.16535210139786094,-0.5058204331453622,0.35158365127962765,0.251550533475556,-0.22583617691930097,0.7485156413591676,-0.6375914432772811,-0.3222300558557593,-0.17961479637706218,0.09994482865589105,-0.5003639120426184,-0.31596338097413956
1954-09-15 12:00:00,0.11593650205540373,0.7517006070664626,0.7980719327708554,0.15722349515049394,-0.1576574649522084,0.469858754497643,0.25325419542204697,0.16049643690432555,-0.21812054227094663,0.6201230898685448,-0.5204914236629388,0.09553669094930362,-0.22473489371143118,0.22562867889372873,-0.12787228853855895,0.739237173053295
1954-10-16 00:00:00,-0.2537269233188726,-0.25489746630189747,-0.6058400808070338,-0.05282090805577894,-0.3027797256517531,0.16729851448882538,-0.49344245702652717,0.1373284661441697,-0.06425593125502654,0.3966130354045535,-0.11155241260198984,0.016972965527088824,-0.5080088932655263,-0.08378188589504565,-0.1585982967212277,-0.38554267610365167
1954-11-15 12:00:00,-0.832385926928318,-0.46260263218334763,0.48808531599381366,0.1974646728924897,0.46096962382120055,-0.003995707910911639,-0.2874457428812527,-0.21870496308372062,-0.1880194753322281,0.2776865977195648,0.045370243560993784,-0.5707504420103691,-0.31962144370780293,0.3137692540204553,-0.2780076814539466,-0.1841436993574624
1954-12-16 00:00:00,1.353084990958004,0.900799004245179,0.49355910813989723,-0.006532942633893979,1.215387436132799,-0.42898871815596873,-0.4441048933208621,0.4039723774214209,0.18684222977219606,-0.36553370344195885,-0.07199950817029577,0.8979004739233597,-0.005853304000949078,0.06579811080947473,0.4317240958624535,-0.3478328501015292
1955-01-16 00:00:00,0.07399734825028559,1.4414650586815458,0.3786581685606314,0.8903403886359004,0.05334893817565667,1.326738001929196,0.23984480219607496,-0.31815252771835345,-0.4775112400310654,1.259719484431956,0.8019905146407287,0.08087026419882892,-0.18982892482215813,0.2569118567281319,-0.10438171846426433,-0.5470407475501646
1955-02-14 12:00:00,-0.621998630271007,-0.47896408846967786,-0.1648507246639249,0.07527380366242203,0.25980048172327186,-0.3709399256330912,-0.05705978574451798,0.5698912762250895,0.3962330415261403,0.20464810547189824,-0.4478818130687182,-0.3884934009948239,-0.17108957730709112,0.17796024923189602,-0.3595337806149371,-0.533681638701761
1955-03-16 00:00:00,-0.6692058844039195,-1.0991106711592429,0.5611441768530222,0.15678907365007644,0.11397253614980252,-0.41904075875358127,-0.3689341557331565,0.09920309332189686,-0.03753354372671974,-0.16968821628265496,-0.19729952086797187,-0.11746397553420573,-0.23573529623167316,1.228651809874064,-0.26029894797105013,-0.7694981798446157
1955-04-15 12:00:00,0.14490140915881766,-1.3771820385472386,1.309672349828444,0.8157747771985838,0.36476917581672363,0.600646561836424,-0.5980663409363125,-0.24148793221852205,-0.09282856995343852,-0.5686807301518881,-0.15448688050399056,0.25555683035815735,0.9684167432964588,0.33657743185157485,-0.35531248373106805,0.22168641672293382
1955-05-16 00:00:00,-0.12167806259889857,0.31929826209982104,-0.3789275110626722,-0.32227899352395806,0.09545550316352891,0.23152672091834647,-0.5149339073943691,-0.3594731507896977,0.1907253706042416,0.4005631482708103,-0.3892278462464039,-0.2339736433445323,-0.09024107177648216,-0.010251044857600644,0.33781177554927166,-0.012713062506185924
1955-06-15 12:00:00,-0.08279644686258758,0.47720675561703463,-0.4190235869793929,-0.19837374567475272,0.2594214907587842,-0.5656100488618316,-0.19142666385816176,0.1584783805206251,-0.5929515080524403,0.18310337888582082,0.1828929839414229,-0.4610612892669434,-0.2528315128772658,-0.2583420595499475,-0.09384101316267743,0.2677831423882098
1955-07-16 00:00:00,0.270805070872004,-0.040060050106021844,-0.003620627531294607,-0.13034602026851488,0.4742922282064119,-0.1236944058331289,0.04404419497790746,-0.21456325568494378,-0.5890255323787394,0.8747881657416401,0.23564162329901311,-0.27099981161676023,0.09988168425532329,-0.2019284970857853,0.22526001591727463,-0.29111294632040685
1955-08-16 00:00:00,-0.35480683058384105,0.6737337771927758,1.3782926154938733,1.3024670061222419,0.7185197436434038,0.1574193899799683,0.8138025099860174,0.6996545258498404,-0.28781915378366335,-0.2795851718760611,0.7702685319516787,-0.9380516118458337,-0.6971891231861183,0.6392596812446389,-1.9193896823345271,0.04667618056282624
1955-09-15 12:00:00,-0.3749546420284109,0.003604023743901702,0.4597963633031784,-0.4338487944755517,-0.28297873349864555,-0.3311022786226514,0.007983185622795319,-0.3856501930654026,-0.11811209595521402,-0.06503704791282594,-0.13988137925644906,-0.15198963944264754,0.1640053221846106,-0.07131064522780728,0.12052622800891433,0.44205757519132355
1955-10-16 00:00:00,-0.11365548673003995,-0.10276025892538017,-0.15607867305946757,-0.18857289973230895,0.40923676943733733,-0.10575881626922495,-0.2612986179081558,0.17685443054710107,-0.7898378807680686,-0.4725182124785608,-0.6260806049364016,0.6773758079534576,-0.13283379410386498,-0.48072865416507227,0.026407646622417652,-0.338517383594216
1955-11-15 12:00:00,-1.1018494640742538,-0.2721754745533987,-0.6699417026533744,0.7797262767820553,0.8549425660168762,-0.13006669210535976,0.10063200095437408,-1.1387753537241592,0.4403151358225627,0.3607560307038232,-0.9044409613933242,-0.06254733027948567,0.43651275629177855,-0.45713575654447663,0.12578440226369197,0.23989998278376262
1955-12-16 00:00:00,0.362919705178403,-0.48095546214564444,0.39031645931775716,0.5580509336722962,-0.39993205596126397,0.19910119207810428,-0.667566876589369,-0.46584170441028844,-0.385267960549234,-0.4802336096902738,-0.38054754111930633,0.21693690228623796,0.9485433084172383,0.08479603416953929,0.5973700693038209,-0.19155849414959797
1956-01-16 00:00:00,-0.5034738981732897,-0.8764885144494603,-0.1505806309403403,0.12652022533538532,0.06019522410724787,-0.8162167288892805,0.46590393880329073,0.07860142581929103,-0.3728292037299181,0.24244069007835872,0.35661230743565026,-0.13980389119618408,0.03617553724711087,-0.09284032378859663,0.34269423696568774,0.28423148169615103
1956-02-15 00:00:00,0.2088812355062094,0.37787653157683887,-0.005629245285446172,-0.10512462155532326,-0.18931851679799422,0.08634868349714475,1.2968820299790935,0.4437765295244366,-0.7504941893378603,1.0825553451352294,0.24847284048015755,-0.22698168184116307,0.4006930035380748,-0.2744254820832698,0.19388585937351566,-0.5506587139195592
1956-03-16 00:00:00,-0.17560592445508005,-0.10815939684103645,-0.5178593103079014,0.2788337415049358,-0.19055484266462114,-0.274200123557652,0.5079299081632901,-0.07376786158206022,0.16676630084877359,1.0471921953237198,0.40487240687999465,-0.12511058858608337,0.16719381825492863,-0.20547963777362444,0.054428792425350356,0.22037113872857966
1956-04-15 12:00:00,-0.9804707173388049,0.17016215730278614,-0.045176027394691814,-0.10563745413332298,-0.5094107594362832,2.1948004907715433,1.1460404737346868,-0.29616879404680135,-0.23700546934830263,0.34717891309138516,0.7958507926946863,0.14152368312839048,-0.1291130101218123,0.5513709093734804,0.44403080398396255,0.016879501761813076
1956-05-16 00:00:00,0.11406880891864557,0.46264464883462375,-0.0695665588059865,-0.14300472290984634,1.1767623325662235,-0.33930289165166466,0.2087182913097697,0.44949923027683103,0.9827464377448314,-0.5243023863939931,-0.15920817029700685,0.6200229898103368,0.3234260649026728,-0.7799535763247282,0.7761123594430439,0.07277225676948912
1956-06-15 12:00:00,-0.7590712684114664,0.6262145696555504,-0.1809474089195442,0.9690689679159822,-0.27087825059827086,1.5344177291501322,-0.0188755566174853,-0.5711999615128991,-0.43105253040458896,-0.2872802503662277,0.4500857617988448,0.3459336351615133,-0.6351262869629295,-0.16824447745351367,0.4047068929172909,-0.3859300189121227
1956-07-16 00:00:00,0.13064526039859048,-0.18381408350267575,-0.1919329132293124,0.05382774110669042,-0.9636805344548194,0.12337150035477229,-0.16255567208067323,0.21314876669562022,-0.34454935201953285,0.11763939082675076,0.18155317194274806,0.13379520733293926,0.16127372475845914,0.24082648142023988,0.2845657915127635,-0.4683000825349992
1956-08-16 00:00:00,0.0770575506449589,0.409052588358257,-0.08331216850409363,0.05900420923207711,0.7722417041245456,0.24214030352953975,-0.008400889919790266,0.6319009794551933,-0.10042449047953744,-0.5595704072788512,-0.010984830746771201,1.1645050941812545,0.10368258270653818,-0.670649858133108,0.6088941744080479,0.2046173436417597
1956-09-15 12:00:00,-0.42061055656044605,-0.2935905184132708,-0.09245773646907879,1.7725948025854024,0.817101088900774,-0.2110564277584724,0.287741281225398,-0.9406390070194944,0.4797531935792803,0.3261856953306298,-0.17929171757215923,0.07921443762059255,0.3507879908559536,0.10072426527687472,0.013788164047996682,0.766023501242397
1956-10-16 00:00:00,-0.018742992657632795,-0.21657929841518225,-0.39920778682441554,0.5806123515553622,-0.5107604274354283,-0.6655193931815327,0.12255192907454349,-0.41448853585372425,-0.183118827099241,-0.5295008176957634,-0.008203838893179327,0.021665136869506774,0.2926029563521775,0.25942837915329964,0.5969233105701878,0.27682444725261984
1956-11-15 12:00:00,3.384977573973403,-1.527194774950705,-0.860848595454131,-0.8895114761942824,0.22099831296174755,1.3498297272828852,2.1736227762384526,-0.016419866231648185,-0.7351675094791672,0.3719605039787067,0.1426536062508737,-1.2224165715171829,0.08641597664071343,0.8201531066076,0.5946653610713237,0.08272950757185199
1956-12-16 00:00:00,0.037128382201592425,-0.5054657323096099,-0.06166566463105916,-0.21340934943795692,0.2535683097140302,-0.2329355063574038,-0.41864813250836125,1.5856384024227685,-0.018453233225131704,-0.4216260143762926,-0.826189553719824,0.3380260622868617,-0.6707958902918256,1.609405355339645,-1.2187518894406484,-0.3961205274318002
1957-01-16 00:00:00,0.018273342914337354,-0.25251756435415224,0.31354463377954567,-0.30612297191790866,-0.3761814844363468,0.22350466737143881,-0.24477875972769259,0.16628831205208663,-0.3014541355830719,0.518763162519046,0.12315955294552611,-0.04605938621169137,-0.2702223432215289,-0.43108913882179173,0.4419726345585441,-0.05917635019184392
1957-02-14 12:00:00,0.28550078400458967,0.06630922649342105,-0.04547224475415379,0.03433416932624428,-0.28352411345248385,0.6298684193841072,-0.34423301325246597,-0.01383413058024189,-0.2470896383138627,0.3115922537208297,0.2439134127483728,0.2591763675593918,-0.4102642254612343,-0.5910992527897161,0.14025285065580595,-0.055974990894240406
1957-03-16 00:00:00,-0.36468059503947875,-0.14140433123373958,0.042601996353830135,-0.09620749722896638,-0.2974993903060961,0.147298538306753,0.22846169605719446,0.3205630990973634,-0.045567532167472724,-0.2645191029947617,0.4151765862427195,-0.16034769049179398,0.03959546375692202,-0.3761662093945031,0.2409478155027485,0.12406554164329614
1957-04-15 12:00:00,-0.7938833325306953,0.012086843482213977,-0.7423514859682125,0.4445159236986377,0.01732112208383091,-0.2233996734582292,-0.2650256286815539,-0.7057280570811472,0.00910920709002222,0.19042646176776018,-0.5175690347880959,0.26847324427018615,-0.02233760720964062,0.42757745522143265,0.0842302473926727,-0.1336971399487064
1957-05-16 00:00:00,0.24129410083580316,0.17582712696971484,0.08777009955122764,0.13300617261340086,0.44310296791249726,0.12272958210884866,0.1919433533054794,-0.2645894847636779,-0.3718636476626795,-0.6337880899115933,-0.9173449984600224,0.11203650027574308,-0.048660764967582315,-0.5782527067090815,-0.16968586080541778,0.46005478294072616
1957-06-15 12:00:00,0.3173996586993456,0.4682064352355796,0.6575241859844289,0.03560155314755481,0.9724177268616122,-0.25656926431106925,-0.2940694622110067,0.2754918416032774,-0.014402064602037967,-0.6634511504977669,0.031726031790882125,0.8675513702572825,-0.6712542463472878,-0.7225455974462487,0.2520582691393952,0.1390458337361074
1957-07-16 00:00:00,0.07703993778408236,-0.4272165031929043,0.07108017909973938,-0.10129182298519518,0.1501471948007207,0.32140308003792617,0.0885482692140751,0.7887463962158369,0.0681433225399502,-0.12057693410775894,-0.9196684365637038,0.2977924040625274,-0.01591299697720472,0.4714201009650927,-0.7647990797138637,-0.7862194395232805
1957-08-16 00:00:00,-0.052561868163284065,-0.40698289139345784,0.007821336921778915,-0.6530546593151083,0.41547753757124417,-0.37563269325179327,0.06564422851610263,0.942913325942622,0.192847136862413,-0.5647425158114121,0.09518329023641486,1.1544949116218652,0.04356534371756082,0.24116739713099977,0.0015411400078009785,0.5784275077037637
1957-09-15 12:00:00,-0.36533443926427067,-0.6450388043359481,0.6761453858401725,-0.21349047636235852,0.1113152301136654,0.9434363369389854,0.4969347062093147,-0.2615065082463923,-0.4040524459701051,-0.24021228784982335,-0.5248283060310892,0.2430122962395186,0.5629606750373082,-0.22531204178954978,0.22034629917473936,0.8134445017099046
1957-10-16 00:00:00,-0.17788508919930213,-0.01426818661175236,-0.37202117954898306,-0.2343040012042359,-1.2191846694298896,-0.7425527940835213,0.5663440752489867,-0.8571924093504061,0.9056951193683158,-0.25761061394596757,0.33475216539039926,0.8920340354093607,-0.14838771430169256,-0.07999807407532344,-0.5748743681034101,0.2483286223262025
1957-11-15 12:00:00,-0.43040726352155606,0.26553185339570984,-0.05067495339765696,-0.2893249869881176,-0.5338176439069426,-0.09039417551313866,0.06202449509069807,-0.2813051633524382,0.069746467140829,0.09925634589976298,0.7434120591785642,0.23441885270791085,-1.0936054969758255,-0.35677611242939705,-0.18439139749726766,0.13510697868256777
1957-12-16 00:00:00,-0.0430444292143779,-0.789145344520927,0.6036234197579803,-0.3081315161958509,-0.3761237537633538,-0.4023977569798801,-0.14155511106546959,0.08157846136382563,0.7053490597502363,-0.4484586807973841,0.41419663272039936,-0.21307532991637312,0.1717805345272041,0.19565627605495184,0.09044768220733128,-0.2614213838106026
1958-01-16 00:00:00,-0.5715828569342172,0.19243709112151755,-0.22309191062785247,0.2906610652385567,0.3567528095322857,-0.10030724337654312,0.30134147636214925,-0.8367219558847461,0.7045279577227521,0.37148394221861303,-0.509584406508766,-0.2560088586051913,0.6464528419511386,-0.11237468892032287,0.18912925482685705,0.015247681695014559
1958-02-14 12:00:00,-0.07138791274811535,-0.18466067601910754,-0.14211909415403418,0.6084659707716472,-0.2526188418346954,-0.09097618419185877,-0.13986154873623924,-0.06562009103928829,0.14386930807689496,0.4159818452934556,-0.5858477801030133,-0.3195331962594206,0.20025047830327802,0.48234781320395737,0.4789843336031694,0.598607623023599
1958-03-16 00:00:00,0.20387919448408454,0.697842211909791,-0.095171598869389,0.10814272542926373,-0.4085835557924221,-0.5457322137622188,-0.5431013190959817,0.38009277432512784,-0.2594599937493664,-0.7944133690354835,-0.28253398827507514,-0.195623759027018,-0.1953584972914041,0.3608114681113421,0.20507322481778706,0.30482988208819745
1958-04-15 12:00:00,0.6131962984587377,0.8577916013366762,-0.20262899344233154,-0.8397231842386809,0.7250726327144671,-0.27538737404802816,-0.584179514273902,-0.2517521996955285,-0.42968453987493416,0.5716362728474451,0.11003263990305662,-0.020618103281515476,0.010458733733359149,0.17568498629818707,-0.3056851049953738,0.14085316341452087
1958-05-16 00:00:00,-0.4440946565836153,0.27083091020392147,-0.03838017116451434,-0.08962334662756544,-0.06325913568914088,-0.25141601785948503,-0.38916726032112847,0.1818714845372333,-0.27297713461224177,-0.040112844405372994,-0.4779328797397905,-0.4040424926525284,-0.7966927745951182,-0.5158331220958245,0.2518214831319957,0.04085130198604453
1958-06-15 12:00:00,1.0087195590432696,0.6161641649245314,0.6536705089384927,0.8801795915738634,-0.7041630266892493,0.0712172979550767,1.2825630085978466,0.532330935306276,-0.6527578677349968,0.5979367121449854,0.5431090606904325,0.7872649828710351,-0.3376159205807169,-0.5962673251865753,-1.004069242171333,-0.20480503057193877
1958-07-16 00:00:00,0.28170236732744225,-0.5132539258440965,-0.14445596072621084,0.5190456955547789,0.08595475043625833,0.3552477302915681,0.41951536491671504,0.38670275429760026,-0.5720966851235852,-0.4120468531039679,-0.09530658052221552,-0.742426241323827,-0.23647800061958646,-0.15798205588643655,-0.024126224245778316,0.8205703303757779
1958-08-16 00:00:00,0.835552612477766,0.04179565689867734,0.07090476300431084,0.5381679251954977,-0.6345455000266401,-0.5712709135525602,-0.21445580634428096,0.7872148953913143,0.04230536522548983,-0.5040911718634615,-0.6289355964760067,0.9339056154808291,-0.21420977780463468,1.0395242502252244,0.510376249064666,-0.9428621848696671
1958-09-15 12:00:00,-0.3024371464308581,-1.0143154248203585,-0.6647234979165718,-0.26667994212742885,0.4479946699389643,0.44504170477437477,0.011501934342506348,0.9511283288977705,-0.44649607608078745,-1.0218999925922598,-0.6412712256001697,2.0572409683866026,0.215509841183806,1.384720123052348,-1.568489615059035,-0.8887374937308485
1958-10-16 00:00:00,-0.2944342333914426,-0.006435903925463254,1.2871412592141278,0.2512647853629132,0.2915019239291624,-0.22837533545936273,-0.24879841536557978,-0.11232167256096015,-0.07177660706797334,-0.02590225215622155,0.2229377171165567,-0.8179683538557977,0.12884861112830315,0.6766029097541495,-0.7305997282409035,0.3059069682357008
1958-11-15 12:00:00,-0.6779309756524103,0.5966903211356649,0.45875270483665054,-0.1293830891706781,-0.9834224199353037,0.08200010538663494,0.5500653011164919,0.1664800382338323,-0.6397588893375057,0.5702249337528651,0.08398280383476037,0.31308030709209056,0.5186640683364672,-0.20055061904609384,-0.3495856892360577,-0.33899672774423745
1958-12-16 00:00:00,-0.2485654031686341,-0.42194948339021376,-0.17741196830228714,0.3421766449734871,-0.09594532696257047,-0.5257594794085326,-0.004740770054354915,-0.5352020055489882,0.2590967031403468,0.20113190111044535,-0.3290199215114002,-0.28803951684776424,-0.19290525783578005,-0.12049972507957896,0.4855641562234696,0.12252953392735494
1959-01-16 00:00:00,0.011886534999055953,0.30975447993715466,0.08460757840356839,-0.18831858551158312,0.01285490369122233,-0.0318251324746297,-0.7699896543539039,-0.23834666202920224,-0.0269809804214029,0.009401832391149334,0.1459889212407826,-0.46105807333996324,-0.20000862748483927,-0.11978744826435361,0.14904579373479382,-0.43665433205518156
1959-02-14 12:00:00,0.34709008985553147,-0.2999749707626594,0.3553435442075733,0.317280993994003,0.6437082100924841,0.6505961729290047,-0.8567854256972225,-0.4944273728780349,-0.0596712961016263,0.3208409794856236,0.49158880649231756,0.6987991272451536,0.37870128462756025,0.018942827482843927,0.1334466507804227,0.11951730990974324
1959-03-16 00:00:00,0.931358713196948,0.6655484708777815,0.2028552062528642,-0.9076824822995039,0.7694555000772111,-0.2877120978956212,-0.37970234988219087,-0.6354944230017012,-0.5576771801404399,0.14318684781937735,-0.27551750269481234,0.004694485477273358,0.46556901837577747,0.08897097943914989,0.08361167390846051,-0.15992252320669748
1959-04-15 12:00:00,-0.17994784319090107,0.522295331547396,0.23895813311386713,-0.2791455843840115,-0.5057229160490285,0.10969965040834839,-0.23118138707674618,0.014033468807909375,-0.25013681931165677,-0.009634836516258183,-0.7227838740987746,-0.45885616742097846,0.21028543762380314,-0.060816474640529194,0.10177217866876005,0.23264871188558417
1959-05-16 00:00:00,-0.19733478232646323,-0.23127147624900293,-0.49172278889677734,-0.3708018134493601,0.3938095516434885,0.5203253793085484,-0.3028288806292001,1.107033300374658,0.27342305160603725,-0.3835750413594888,0.10316785541834023,0.27083997345611943,0.12029776396628944,0.4184040598875509,0.28964940282721574,-0.10655019813095484
1959-06-15 12:00:00,-0.6312928585334128,-0.45367804449958304,-0.9765848686383131,0.026377726652625777,0.26111993793190114,-0.7172013676076028,-0.2633179105993936,0.1119264423035986,-0.09275122189524199,0.3966436619855958,-0.531690583973821,0.0751495870015858,-0.26379153117197973,0.2723532912655027,-0.08113063234667028,0.13247261645167935
1959-07-16 00:00:00,-0.7264513801074659,0.2644567338991478,0.24306698252636724,-0.545835509956558,0.09367508758585541,0.7436024016023842,0.1996903488235463,-0.20944348357609432,-0.2900472544128732,0.4317551314466489,0.7108820643431069,-0.04405663158335982,-0.11087346748845017,0.49359952526580875,-0.00014512785559783747,-0.8338352777237499
1959-08-16 00:00:00,-0.41642876538105733,0.016240045672483105,-0.2589271049345637,-0.7202469105176924,0.16252882717430261,-0.08508783214955928,-0.24521285052467645,-0.015855279130554636,0.4562828760722732,-0.399809376355662,0.13742233128721643,-0.04602744586706986,0.2981713223631248,-0.7585480490165911,-0.5602769617536254,-0.4682860054872571
1959-09-15 12:00:00,0.21206417856205528,0.3181038737410069,-0.7464587701326048,0.7692754391999425,0.12601143789663471,-0.31907063841520905,-0.12273167898769699,-0.2229558045985115,0.13843962111667063,-0.458357741355424,0.7887686640353422,-0.35955331890757747,0.46417017376758585,-0.003317066190977047,-0.8421895180458298,0.5966501662445463
1959-10-16 00:00:00,-0.7480646243451108,0.3615052129914972,-0.21657533569757678,-0.21295311712322817,-0.42807455031816605,0.41974306255900085,-0.39946814834197397,-0.08536023070097154,0.13385777109792285,0.08770025896295,-0.2845599612887454,0.11707076490670176,-0.06286880866189559,0.028491762519893715,0.7052409901806305,-0.10167062345762001
1959-11-15 12:00:00,-0.15644329888634478,0.7574945924648383,0.03836663606522059,-0.216597245229069,0.4299031212943405,0.0956596912278852,0.8915410228052908,0.4963562009263612,0.7552967500033569,0.4279971544633561,0.2657255344826294,0.37643812400067655,-0.2546458577080304,-0.5699753194416617,0.7608875091621643,-0.7513443226261283
1959-12-16 00:00:00,-0.11333108102924477,0.11255853536877344,-0.151345842715416,0.07344242844278859,-0.3753868192324469,-0.20301714829494938,-0.5972562809599219,-0.05198335579436628,-0.13853340797845343,-0.05902455026614373,-0.35317709706321504,0.20124187813791072,-0.3232577232884009,-0.20999768765088356,0.404504566517674,-0.170935376193942
1960-01-16 00:00:00,0.12824468462532534,-0.2566458701435178,-0.4093305670115728,-0.03435715269710238,-0.292540755670982,0.12178947759199088,-0.30766442396351734,0.4406889779143254,-0.472790771999006,0.02424965005821711,-0.3670970589550909,-0.05900986491872473,-0.5098878888106323,-0.1415448111910762,-0.053053988486261,-0.32098882719017385
1960-02-15 00:00:00,-0.1164357308660342,-0.1765131957374296,-0.4509867604766864,-0.6815360516827802,0.6011863220211372,-0.393362174876901,0.1906029047738388,0.14205630315561904,0.1382831629982066,0.3436236293316245,0.349008418548126,-0.4603582212990205,0.1805018305333913,0.194400326459514,0.20109336306291611,0.5981765364699834
1960-03-16 00:00:00,-0.20696062165148088,0.48683990074368455,-0.2672250528085768,0.3507400649529323,-0.08734623667768171,-0.43854625148263926,-0.45087851983613203,-0.4197471240676261,-0.2746017843103631,0.009505056012873325,0.04957451141072827,0.37475074369538774,-0.3321804434788542,-0.11626926892136757,0.6033270405385991,-0.028502721795557573
1960-04-15 12:00:00,0.7726386630092542,0.06610656639420584,0.31659623357222844,-0.015322695251887952,0.05010528301680217,0.14867793868179413,0.24158134250718943,-0.029864242071240256,-0.46182313606579684,0.18276214810741304,-0.8282513810180734,-0.5954826238213626,-0.13845943373093972,0.2622660874761724,-0.5701369405928081,0.012586945814187234
1960-05-16 00:00:00,0.22156357827373696,-0.14877504687621315,-1.3313476107016557,0.081212887846138,0.5018969127029279,-0.10915096909556832,0.8427414802596455,0.6113063532764813,0.4073410093436714,0.13071994596997638,-0.30726687284056015,-0.3341285838162704,0.22312280053238365,0.7374309258430585,-0.39768346992632875,-0.060568140205474186
1960-06-15 12:00:00,1.103035478888637,-0.19211401040804016,0.043694606632331656,0.2816413914885303,-0.4919833648475788,0.017779211272224704,0.8831507021240971,-0.325725627813273,-0.07468149857854334,-1.0433487525132743,-0.2596186941553447,-0.5879340686913352,-0.9434392334430135,-0.018889270349947918,0.5609031695503143,0.10799971245595136
1960-07-16 00:00:00,0.006168827644002339,-0.48574497597729505,-0.329169060976947,-0.18142424860000486,-0.09994592416175224,-0.2223183468267742,-0.516053863099424,0.42202362772668156,-0.383492568841337,-0.12322911522797869,0.1091719025282481,-0.013736228357236535,-0.13708279871153672,-0.13340077683347873,-0.009672829675974187,0.03125526565552689
1960-08-16 00:00:00,-0.8352507919992102,-0.8434219739218453,-0.22136153656785723,-0.3719156602878074,0.8987546203284865,1.5658191354684168,0.6204001233453899,0.45672857458661587,-0.24078202760151746,-1.1072097652297253,0.4687151794952939,0.6503736370636716,1.6909108153274897,-1.2414376569728511,-0.2693895660595994,-0.5091475380149166
1960-09-15 12:00:00,1.4240518371686592,-0.6432624118246646,0.18102059222365677,-0.4401922619632912,0.137287952805208,-0.0772540567611541,0.7845752881680862,-0.2731539894179369,0.11470686693208032,-0.6313023617512195,-0.2660685751572071,0.39733407783038455,-0.16189734845460407,0.23382515659131875,-0.3954905974440863,-0.3858625055171562
1960-10-16 00:00:00,0.23486376612044768,0.045950273319546514,0.28415149658813765,-0.08129120643373489,0.1301558246473492,-0.22726057283750495,0.22934290584493777,-0.15600839412513764,-0.5236275747063007,-0.26690820263096043,-0.14964987139511876,-0.6839492046611892,-0.4440107099441126,-0.25791051561710465,-0.4477585747774593,-0.07785100203589834
1960-11-15 12:00:00,-0.042487039152990735,0.461649051259878,-0.26893511182430935,-0.3682214518171411,0.1831503613853409,-0.19307911909898356,-0.21886951387743658,0.2181716150376,-0.5901745059489876,-0.09170137955718533,-0.09780552969391848,-0.14428498822040237,0.09218482929681582,0.0018974800586335494,0.2787070107151763,-0.35423138111229213
1960-12-16 00:00:00,0.4508360816630369,-0.07618163843321132,0.7634628471668571,0.5821275060197489,-0.09147243434884134,-0.32759484058916505,-0.07411447016144901,0.10338503975673821,0.3572200945195249,0.4671194747248263,0.16808200748203722,-0.04916662576257358,-0.10563634166845948,-0.029095562628755123,0.4546486746953422,-0.24371599423874188
1961-01-16 00:00:00,0.3542136755903682,-0.2814294258805846,-0.031400441150718605,0.5767313373613522,-0.5231185079816437,0.1481580895305512,-0.3126141631449061,-0.08361178332666067,-0.363563692742943,-0.6458177840411854,-0.5077636099403331,0.30697772854428484,0.7041168331328538,0.02498154053183055,0.011862238479380394,-0.6374670200887982
1961-02-14 12:00:00,0.026066439660475837,0.2069507226795598,-0.27445156333387377,-0.379584587825614,-0.317839313763904,-0.26280664467146897,-0.3064022124491137,0.1445157471524627,0.012716872536089607,-0.2695243496676199,-0.4733339676142405,-0.3553797796842688,-0.5719194454307505,-0.1243745902542639,-0.1598522623840096,-0.24238855418812041
1961-03-16 00:00:00,-0.2956535052082142,0.24722317358230636,0.06298375446752172,-0.31657205766910823,-0.43772178790852234,0.009556464826284139,-0.6110377015008422,0.259367902380815,0.8742451487478025,-0.0041410120946472895,-0.8394081638235926,-0.24494643852661158,0.9552401005396334,-0.24341849318926134,0.04542261417549054,0.7149993848366043
1961-04-15 12:00:00,-0.4280552262689285,-0.21089437044505224,-0.56929312917153,0.368417551395281,0.4393460060011941,-0.34079428280868074,-0.17543459489209245,-0.17881360576246702,-0.5135176244118131,-0.05116536363839708,-0.5073304545887669,0.7686449204477176,0.8676897210330654,-0.18575768576706275,-0.42155890620773084,-0.19107934682087846
1961-05-16 00:00:00,-0.4696160994914988,-0.04850311556820486,0.6430064774752252,-0.5284277985387762,-0.33201061975110374,-0.029929136500390863,-0.06015287015206361,0.27095064440895733,-0.1967102374920274,0.2184612038832401,-0.4876443277004658,-0.011017476538028204,0.7317315962649058,-0.2694534332477222,0.03878075634621975,0.8339642438653134
1961-06-15 12:00:00,-0.6611715188328995,-0.08017809511420104,0.5767266551066959,-0.3190764138076559,-0.0028215704589724666,-0.662527813012171,0.28182329683368945,-0.12881905119422435,1.1757690927409532,-0.22653051528702878,0.49717684560368874,0.22652299790918773,-0.5842562396693004,-0.12000412772849878,0.27496037373913895,-0.29085567353170194
1961-07-16 00:00:00,-0.2725219319641452,0.15985924356196726,-0.5978343806239227,1.0171189532888327,-0.027418396043933313,-0.6882265830980407,-0.5289464083192323,-0.6158282664565532,0.09657394213420845,-0.4470818762328888,-0.09581897757940955,-0.45445877044561567,0.702370610204679,0.04402309066081311,0.2978224106778069,-0.23077566050792925
1961-08-16 00:00:00,0.022652008061890716,-0.01858200693045095,0.43463066190522803,0.05141022049112143,-0.12513757579840384,-0.7779578709560241,0.6586539634982668,0.18010895377435582,0.3981612551387728,0.5020359774786194,0.1710128278175566,0.399812289998256,-0.16114827150312694,0.013353901046927796,0.08561168653648603,-0.2536206240496086
1961-09-15 12:00:00,0.14483024752738494,0.31206049902511346,-0.3584141534676427,-0.6035205247743156,-0.049473712682507665,-0.40188027033055584,-0.2784898770498445,-0.20721088767267165,0.3863482093148954,-0.12748234539923686,-0.2877989310910757,-0.6058320499200203,-0.093164646011281,-0.5691162503664815,-0.10225422727968506,-0.6105551701243593
1961-10-16 00:00:00,0.5281183811871284,1.2637548881823222,-0.22138016555831597,-1.4232888725087545,1.0567126191847263,-0.34228666751556114,-0.5427330787631315,-0.7847163991874024,-0.5696858243028331,0.4167144027385045,-0.0743718646558914,-0.5712175248681506,0.3969524477009584,-0.002390396155115937,0.018563111972954682,-0.15184916935929493
1961-11-15 12:00:00,-0.11069525462182417,0.040608910881821864,-0.043351617311634505,0.08986634189113218,-0.43020213793465206,0.39225103745873424,-0.1979775273551676,-0.13802923751128385,-0.28733340879580654,-0.06611915901530419,0.08870755159061755,-0.21488930250341876,-0.47950828877199364,-0.522152233290254,-0.12171206553654554,0.2353114697644279
1961-12-16 00:00:00,0.019500947394238022,0.5706501774512488,0.8038729844273029,0.8371082882591055,0.43701565227036665,-0.5097608085945714,-0.09554533654457298,0.8007275592583074,-0.4141204994595052,-1.5208244762358356,0.8908512202421615,-0.07408393265913538,-0.5529890853961325,0.5730327325222195,1.0965217703269574,1.249309248114341
1962-01-16 00:00:00,0.1514915410674954,0.2962210225256824,2.1409194397295304,0.10684730274921506,-0.26231713048267835,-0.34864534629806676,1.3131184609147981,0.926328669809884,0.24522609072060714,0.6344583599295939,0.01132659416934878,0.5649707972776715,0.7421569822945397,-0.14393922975279738,0.3771843349020255,0.09215902821312244
1962-02-14 12:00:00,-0.3901471995749428,-0.2157883495867529,-0.44044640899168574,-0.11435894510593242,0.2646175720792514,0.5579705515340388,0.15798803171515619,0.38312980052239515,-0.6440347181925796,-0.76895710098255,-0.13835936836653057,1.044650350325817,-0.2838150661854213,-0.22767999713130005,0.22670578703660138,0.23392246155345636
1962-03-16 00:00:00,-0.8357486788851333,-0.18743519521992177,-0.3761448809658018,-0.15581370951355678,-0.05334558812376872,1.2631077369096104,0.042058894928799884,-0.19062704921900017,-0.10248268882433068,-0.16197787162738486,-0.07871031917098287,0.12083334269812962,-0.2729891764701158,0.62985188424612,0.3075799085221347,-0.7723028274718551
1962-04-15 12:00:00,-0.27564077612997406,0.19207971443875163,-0.6479397530373288,-0.6211669154515584,-0.028342175664226865,-0.055284513563143234,-0.5503471662205958,0.34253297788926124,-0.21114660439662936,0.07071881357658755,-0.11290567242066307,-0.47520483470599406,-0.0752141054434321,0.310846273257559,0.08015567456985852,-0.3981110983821391
1962-05-16 00:00:00,0.275809397890046,-0.19325493795273432,-1.2886316771095476,-0.19117450434116307,0.198524699305911,0.5348036205715067,-0.03562559544056643,0.8591392776365515,-0.0005848431234013463,0.4012032334992451,0.7263884993336103,-0.5366358608441805,0.4303067725228935,0.06167731293421408,0.29372408199946387,0.609952066990864
1962-06-15 12:00:00,0.30238383435419514,-0.8732960618206941,0.5167687203088646,-0.4506170010882282,0.008984412524126906,-0.027675172612260712,0.1755187448223654,-0.04671693293490831,0.012815319975067463,-0.2803839468412624,0.23172610365727947,-0.7949823321492139,-0.2787241714583378,0.17514513698015255,0.1519104476662667,0.3099546093266387
1962-07-16 00:00:00,0.416839902423916,0.32739804250715976,-0.42772405223986676,-0.5008775721323253,0.2505718111143711,0.7905054958066761,0.9689128905365122,-0.8716090326037654,-0.22823602924267689,-0.2337211896822728,-0.6060111388605317,0.42099964213476093,0.18704072745480593,0.6355585102562666,-0.5035913760050704,-0.8137744892122478
1962-08-16 00:00:00,-0.19289130715939728,-0.19413313666390938,0.05212528048412071,-0.10225456715265141,-0.24726936324967447,-0.30799288694899996,-0.4097825013578777,-0.18610158357849957,-0.16128930315324416,-0.17963148431397452,-0.07655159278836776,-0.24567409907951376,-0.8059187833275042,-0.5560213373831493,-0.13872591154405137,-0.12329258178494018
1962-09-15 12:00:00,0.28849529707659993,0.038981278365242095,-0.517467498392088,0.5215457381821387,0.09345976986245741,-0.5576404882957552,-0.5312909840949094,-0.5314082824206524,0.5734151678631623,-0.08425039135583584,-0.0313034827119783,0.05905610482466017,0.5647243446904655,0.2877781234548378,-0.1925615632325474,-0.47514669319040415
1962-10-16 00:00:00,0.38701594324288047,0.7513586451515276,-0.4328644201428382,-0.9416805029329671,0.7148835592535848,-0.5120766212252458,-0.2937401882603691,-0.43289498225366835,-0.5188698896570648,-0.2630363950581707,-0.5653032662672592,0.41332304085499916,-0.30284382916169983,0.28586586165822747,-0.26130145600413457,-0.5061025214643542
1962-11-15 12:00:00,0.14761856714952537,0.1219696577964963,0.7347110693243623,-0.36865252575121943,-0.31395174842419044,0.4737408683383183,-0.37751801372849814,0.4415253599675969,-0.07775969605932492,0.5047427300957226,-0.5426241981504356,0.6969792587268374,0.6958485179149647,-0.7678917157905254,-0.0713973087570001,0.7393081095899163
1962-12-16 00:00:00,1.025474066558719,-0.5479842427976804,-0.1474887949260285,-0.34335443244565345,-0.23141406876060797,0.22615598037769302,1.1714716484625423,-0.5333932403678208,-0.06084949431451131,-0.873286542309428,-0.5601589137345061,-0.6151131315022602,-0.4191378588382727,-0.13597229248211218,-0.1482786121029249,0.48684249375503535
1963-01-16 00:00:00,0.42105333794443456,0.5092035394771586,0.1223554298710943,-0.05117928906908403,-0.10698733615831169,0.001395518766835746,0.4676364978951649,0.2543443424794882,0.205182712331969,-0.6576484842471235,-0.04880046652332448,0.75228097995365,0.39985459531292467,0.2504949878565106,1.4506207531897917,0.7243759735513127
1963-02-14 12:00:00,-0.17564191348626457,0.4429309138627312,0.3688547204801391,-0.970778338840226,0.9715736037791832,-0.22796247513158607,-0.4334976252546389,-0.5297157180860003,-0.5294251433161918,-0.0035894877287397375,0.213758740801458,-0.3846146881912096,-0.25129354429337314,0.2631603796690063,0.45588774267060905,-0.38120212217229144
1963-03-16 00:00:00,0.15564042037388237,-0.10931349201387112,-0.040411847671854545,-0.01753636160945049,-0.8707867766027014,-0.49234694955470293,0.43499241865342564,-0.3101750605273957,-0.14172387454308227,0.5783208713553042,0.044743766600175594,0.3755515373616899,-0.6427657124677811,-0.20095329560857678,-0.7418747322779711,-0.19648387299397035
1963-04-15 12:00:00,-0.42179785070302334,-0.5695114143294526,-0.5292101630254614,0.6632665919758648,0.011595555229739818,0.5199994721850624,-0.11473556417748831,-0.33618237268221596,-0.2676589226219936,0.07683575175306126,0.12055486616035244,-0.283427604048593,-0.13577279857477403,0.2375615183912676,0.5413537676851479,-0.10684873014015195
1963-05-16 00:00:00,0.22240961439340956,0.9029408426870065,-0.30661179969878605,-1.1551564815463877,0.09442201354682722,0.17146780745877044,-0.5998240623399145,-0.8103968052695282,0.2693518583177778,0.3956180768549009,0.591532394430637,0.17663568428846566,0.21661424387047368,0.01784661629060169,-0.49187299639759274,0.15849403368812126
1963-06-15 12:00:00,-0.28606693744294864,-0.3363726076128342,-0.8313320973441841,0.3950413318334688,0.2161940335092577,-0.007744323714242274,-0.13350805753424466,-0.48827587069857453,-0.3046613806584722,-0.19240800449323892,-0.5082128191789466,-0.11418950200479883,0.19047883624216166,-0.0429961141454015,0.07733079142132497,-0.17810863761920648
1963-07-16 00:00:00,-0.3874003675583534,0.7519639993880737,0.5572404004064252,-0.7157265087010024,0.09775541130790044,-0.41663261517778427,0.14637714577235894,0.12361171200997334,-0.15050497651043604,-0.5377605429326988,0.1860859696287424,1.5006973574582307,-1.5054023855232592,-0.32577891942871556,1.361776544147833,0.8638122712991587
1963-08-16 00:00:00,0.12081071084430794,-0.16647893153457427,-0.3578896864268287,0.14775121473328523,-0.5146963652557,-0.5230131668498919,-0.42141692390063357,0.4328255795594962,-0.22697443638730205,0.25767135585148665,0.4486667423414668,-0.0045879548235364664,0.0026689211191609497,0.3025587286211271,0.13202677169822832,-0.15724468213911497
1963-09-15 12:00:00,0.5267935314155742,0.5077499728742642,0.1276503949975001,0.40695981066565345,-0.2930958097586496,-0.01748419614963037,0.46976315477452835,-0.047693961245309675,0.14014368617950151,-0.1342161448151099,0.39093697749598894,-0.3923567626318967,0.055980203376543636,-0.14123923268745964,-0.35876566045281433,-0.4713519958384298
1963-10-16 00:00:00,0.05930455880104968,0.037237717931961206,-0.6394730472939365,-0.2657351008899568,-0.20318401046851026,0.5730411832050203,-0.48977874939786087,-0.3484617566390338,0.11450488550594956,0.7097003908292241,0.6973740333613772,-0.11837316593028879,-0.2783400362178594,0.12763320407424594,0.4375000678199614,-0.24011479566974633
1963-11-15 12:00:00,0.6064200854195526,-0.5044403492203107,-0.8688337964704052,-0.25654822927611365,-0.5880674080551256,0.11003428968165829,0.7587859206514337,-0.1146768578785543,-0.03637354242869051,-0.7302170579339227,-0.27556162613114243,0.6185559582542149,-0.494666559855496,0.7923048463447049,-0.43943229077537627,-0.2959423204139359
1963-12-16 00:00:00,-0.06407057953876089,0.006418140227298003,-0.0072315605749961875,-0.012668590779906064,0.08614367417981961,-0.3378534707925289,-0.3932078612892045,0.42620560571324373,-0.4016726091606919,0.7374734154922327,-0.07717267464828542,-0.27862744386127014,-0.3170348152664471,-0.318315504852397,-0.1721885314309817,-0.2767241671913241
1964-01-16 00:00:00,0.273486245688104,-0.6413674902791062,0.7488204905994698,-0.24244757324741192,0.19218141867251526,-0.20599029203971847,0.01815491792770385,0.18389416989880786,0.2501456854376321,0.3942318634019796,-0.10825531053381349,-0.41766818220532065,-0.3275412545661261,-0.26516361419356116,0.36833575996504414,-0.36968266886032286
1964-02-15 00:00:00,0.15088509106353898,0.4660464016620174,-1.0422036026381722,-0.7734941645094173,-0.35890680533635005,-0.829223461942298,-0.2641192028873033,-0.4295577285576786,-0.3731982591307692,-0.1195591855729582,1.0657519712663235,0.39417900022330044,0.6153146820435043,0.3580505195004784,-0.6655254358790114,-0.05152521144466771
1964-03-16 00:00:00,-0.40723553080494684,0.021863124843769732,-0.7672682832596764,-0.6078577743997002,0.15476811203697483,0.10598592219164182,-0.2134442356030235,0.3686421724955406,-0.09257608160006725,0.06511235715417285,0.4608942368400401,-0.7386797491250956,0.09374435070748166,-0.0659895808593185,0.3470271976790898,-0.32640419438418955
1964-04-15 12:00:00,0.7761600715607909,-0.11948170090468492,0.6708468311994736,0.4704403820009856,0.03036507192085036,-0.2928816229018673,0.46360170154280167,0.5826832699565011,-0.5126370509433151,0.5629685856615034,-0.5295342509252924,0.7871007367879282,-0.6041768333356607,0.3383984221378624,0.2906151329095743,-0.6118587836833578
1964-05-16 00:00:00,0.2772929129589933,1.040605513724996,0.6382639663112704,0.42473993379041086,-0.039579824009148945,0.09829595880710995,-0.4923777991553479,0.36821864027542245,0.15192148944869632,-0.40123797695430025,-0.12157071570417932,-0.6340478704670371,0.13568039138636967,0.6400324262841983,-1.0445306206718419,1.2164713822877344
1964-06-15 12:00:00,0.17744740969973494,0.06929835722171848,-0.024802149490332243,-0.9105415212499954,-0.41926019119396823,-0.061335530677638195,0.1556635574555557,-0.19298819349997018,-0.6258132862612265,0.09079408603558112,-0.5773927879848766,-0.5613137968273038,0.42877164724071526,-0.16280734294293053,-0.1623632608803753,0.2371816826059217
1964-07-16 00:00:00,-0.018238039575891263,0.28015098440086295,-0.6202673793683193,-0.6606032412248914,0.39224534447516624,1.4214809921778984,-0.17643505528618408,-0.020542144110227437,-0.5201125149325437,-0.003788152104733211,0.741164483415482,1.1035762621331617,-0.38292133316653876,0.7049080988238456,0.3849823741081587,0.027451398799063942
1964-08-16 00:00:00,-0.4477900619421694,0.07346745685473585,-0.19601052670018512,-0.2441131868807572,0.4305045717852949,0.44900807873272186,-0.3851470177952004,0.02483630646056279,-0.41102935238542426,-0.09234842543400418,0.09348562478219441,-0.13775475925016423,-0.3021851412231481,0.1702595030646551,0.1536363531496887,-0.11580859765822304
1964-09-15 12:00:00,-0.46679464435117307,-0.2773975259847659,0.4827682930777901,0.05538131802964841,0.18070557032664614,0.03976270637179513,-0.42569780510176297,-0.37357285854810823,-0.21437903131746194,-0.2817261260996237,0.3443180291190247,-0.6846103307824571,-0.2962714701758952,0.4409928713083442,0.15463654844506217,0.05719745666621917
1964-10-16 00:00:00,0.48158578250802075,-0.0645659113524566,-0.6348335899506025,-0.08836784958475302,0.46528996970519854,0.4272033814067884,-0.7108820400577801,0.5232020309394629,0.07406186201142057,0.49709610437305063,0.08465825769271645,0.3680421609700161,-0.3788013727658497,0.021653844100999797,-0.004012939716045716,0.1849191085563074
1964-11-15 12:00:00,-0.4821247312313681,-0.13296734329533266,0.3447185116252516,0.19658477757346893,-0.35432163722688503,0.03630470646643369,-0.1264430664517654,-0.11019881573786214,0.14524172004333935,0.05917555471372174,-0.8219630381485832,-0.5119070044148002,0.5267740629970576,-0.004135549223043822,0.2067209795253389,1.2127598645661062
1964-12-16 00:00:00,-0.5971137052827814,-1.173082834813844,1.215340889617499,-0.3919149503567462,-0.1829871584794061,-0.23878372439679058,-0.4650929344185085,-0.299662210898026,-0.16168942712296083,-0.5489639291965638,0.203311929758411,-0.08735146086109302,0.21069429125996686,0.21582262655794815,-0.503722553357457,-0.07128023373206599
1965-01-16 00:00:00,-0.5553012783317242,-0.35480938693856645,-0.41705280908399167,0.10295090123633566,0.0904937727277143,-0.5675044306277311,0.4174049688878697,-0.4709745867943354,1.2189663093261174,-0.00033986879144487503,-0.5406800186613329,0.3923781496474176,-0.3772868328455796,0.47930116359167685,-0.8951700645484183,0.44981741573482287
1965-02-14 12:00:00,-0.7523597149795187,-0.872098756126167,-0.2252397331694957,0.30579732529142023,0.25681775392009265,0.383860829097725,-0.32174810361953154,-0.23984054251737946,-0.7274205184138913,-0.2433694092280378,-0.22620269391099782,0.8082434773426596,0.6417420170093713,-1.0746132980325578,-0.21989724506121197,-0.2766908346606449
1965-03-16 00:00:00,0.09119878343542764,0.48598166898432005,-0.2097936111785116,-0.5006809237346914,-0.32634385549258016,-0.8561064510429301,-0.34941961298174823,-0.37165397478674783,-0.005271302512167175,-0.2133442831631439,0.24871404348556497,-0.20200131081534045,0.2696541864119224,0.1735795966591176,-0.044019820968547035,-0.081150542654087
1965-04-15 12:00:00,-0.1633779041897796,-0.26038138467735444,-0.5255162619094321,0.44427880349960613,-0.43428196002004665,-0.18235734194208397,0.07871386447344109,-0.7553400176249478,0.5388197345645873,-0.6215041083817114,-0.25106805867563997,0.44749204615929006,0.8125370977169648,-0.36489287638832263,0.16844745092423732,-0.5243751602775606
1965-05-16 00:00:00,-0.33687519247398745,0.4263980835867408,-0.023446723656041918,0.03810050319972608,0.038690555733354004,0.12571802935845378,0.28953258630518597,0.7998860777246075,0.2653000884148096,0.23597391879969312,0.1464426200068915,-0.0026070177675125983,-0.5149523395204827,-0.3078953728296048,0.6967621130786313,-0.5102317048439604
1965-06-15 12:00:00,-0.5885260200865726,-0.2003286739575031,-0.6114218278280896,0.1559238947315672,0.7809634865341649,-0.5228569437962152,0.16156818164972409,-0.9358434117556487,0.7735889614021543,0.33026871022750015,-0.47617494548346306,-0.10190796575471406,0.22674950862194287,-0.0994246875273499,-0.26820756268953305,-0.1390528775272017
1965-07-16 00:00:00,0.009414110548913168,-1.176519732618515,0.6417470643555997,-0.35965810346957655,0.1271196891575066,0.012095449384679657,0.41055927740241127,0.5813792588736835,-0.000847045986484829,0.22962190723808154,0.707992531673151,-0.6265660416278819,0.18041455803660145,0.34233800925576263,-0.32483049976420264,0.6296517119961869
1965-08-16 00:00:00,1.0354886366417269,0.9176585792225966,0.1782977780015876,0.5725330590202897,0.25038519010249816,-0.3491245430340446,-0.07832409542426721,-0.31192209365874807,1.2335796042247147,-0.872420275410793,0.05757840883898563,-0.6557213679084446,0.7582099952275037,0.44902941114583106,-0.3315470235685344,-0.42215384264603983
1965-09-15 12:00:00,-0.05192591507280281,-0.7101104072726746,0.3738915235303023,-0.9572279679694353,-0.5647686808739065,0.2863280307409185,0.49627084519115494,0.1299709056816376,0.016822855543016324,-0.35763840352529047,-0.14629884486495975,-0.04013306382553028,0.10608554091456102,0.3603188236452335,0.10001424625829874,1.1396329699431222
1965-10-16 00:00:00,-0.034125482582582245,0.337453940036854,-0.32738585878234416,0.4147270831706136,0.05487094086831246,-0.4698639139791965,-0.3336938668914739,0.1867036546849589,0.28599897291537063,0.01657593930763246,-0.39773022274947156,-0.08615802078628476,-0.08507539552925664,0.19434698268617612,-0.395409318040432,-0.5828212653849338
1965-11-15 12:00:00,0.2635718922906376,-0.06703309562595608,0.2429797056810711,-0.07703786969977999,0.3532963117404653,0.3904250062943536,0.03272417222232693,0.10659590417035109,1.0593757416954777,-0.1128522805977511,-0.05126107125143381,0.17438536171100327,-0.5342833641569121,-0.4078417922573025,0.00494986164850697,-0.3081616762135946
1965-12-16 00:00:00,1.270902562651409,0.05026146770892412,0.884966723356104,-0.06267084950495339,-0.013355365020074561,0.019163534870603627,0.22615541057513477,0.015009142773624584,0.10044850530259786,-0.17950331041526457,-0.24893971034617904,0.5459963296475788,-0.6209105634760034,-0.12007228861646368,0.925157102174892,0.2324937230407224
1966-01-16 00:00:00,-0.42152063427457986,-0.22233334331609697,-0.3504232228791372,-0.644344805464103,0.7578914469250028,0.678109729217372,0.861358883905985,0.4616876972220041,-0.9895310900759124,-0.3481176308689036,1.3226947930522746,0.0600467770409816,1.3951690491322186,0.27617230510179835,0.15303711403047102,0.13124012398964385
1966-02-14 12:00:00,1.3305421642313222,-0.13724664061708997,-0.10689827614185773,0.26047572996477286,-0.03965140915023918,0.6496956204665157,-0.7012482580385433,0.0466962843922198,-0.05822200581445597,0.7365953883957665,-0.3480819324767168,0.04921504289080603,-0.5874566729387095,0.27949069128616744,-0.2024437410189042,-0.5546526217793415
1966-03-16 00:00:00,-0.3586524765642225,1.1397227677524129,-0.050508878251367184,-0.9055455468966571,-0.13882702214671555,0.15216903638515134,-0.43154635147665854,-0.11600437544980144,0.2129248269902711,0.22762329620660396,-0.3666829320828184,-0.5253633028819016,0.8048368824209788,0.5274291782778635,0.11664234357391243,0.004439377939330025
1966-04-15 12:00:00,1.010356946913694,-0.36791580393962475,-0.14556470666893434,-0.09162205195060552,-0.38215413879454035,0.30528693012345276,-0.8026121566114285,0.3579951882683835,0.22165954596541332,0.6435426125420906,-0.5190933870232507,0.12360415058382423,-0.26975739033918833,-0.04808037548433142,-0.0988826146375594,-0.4163443028513352
1966-05-16 00:00:00,-0.4067143300461815,-0.13903092737667339,-0.40222845100026045,0.031037084450749042,0.590858066355307,-0.028310087486824065,-0.35149195842398945,0.30944436447060825,-0.15179788263083663,-0.4049253883057781,-0.5562442539425777,0.5241875612829748,-0.24838273163450592,-0.27137867903121227,-0.30911344457962986,-0.23520719064853585
1966-06-15 12:00:00,0.06416838436431471,-0.6537018093279425,0.3818160257809333,0.020271968128644013,0.22949332584044324,-0.26101350526596984,-0.4856679070978379,0.2729255869393433,0.43299958246131215,0.4313043681775647,0.026002804741819874,-0.5150635188134173,-0.19393711470704766,-0.11129507641498948,-0.0942823164487028,-0.5675751026531374
1966-07-16 00:00:00,-0.10924140628140377,0.5431937901575271,0.36045763005263964,-0.09890082802971567,0.0418825581311858,-0.710979149342404,0.1217674352894137,0.032025550842195084,-0.12616972958981332,0.5081183667727467,0.24309869242643906,0.6105914758087349,-0.25730013098247545,0.029127195430473596,0.3283713592478845,-0.4850743560522772
1966-08-16 00:00:00,-0.7800682535394203,-0.6874970961357864,-0.17116912317960564,-0.25435881115882353,0.3101114907253164,-0.15014059419649084,0.03864625384962572,0.24497307477086447,0.29685097947882727,0.13495752432933966,0.3782624513852602,-0.6183655490815801,-0.10320545953422944,0.22159188956419174,0.44242551376040784,-0.19139146735828172
1966-09-15 12:00:00,-0.1535768190423905,-0.2567387970262704,-0.3495635295035161,0.09690183148758147,0.20583597593327851,-0.10087710337590577,-0.14380060927530747,-0.07728822218315143,-0.12888847690706365,-0.08519006894789882,-0.1467632451696127,-0.432064114218234,-0.5324210225072028,-0.3741082826687844,-0.0671282987416614,0.02540898370515482
1966-10-16 00:00:00,-0.19040114662884228,-0.18773513768860636,-0.706242177729203,1.4324818983323357,-0.4471653508938948,-0.7140405854277986,-0.364237697094448,-0.3697197676795571,-0.029307112459355744,-0.4552153193732417,0.41165087372267334,0.34484798551304185,1.231843506350779,-0.037055747960259455,0.7438956586868911,-0.13287959796321175
1966-11-15 12:00:00,0.17984259641472355,-0.6290936198316004,0.4566654319130674,-0.5431788460380808,0.04025577077425979,0.012149642765514113,-0.12815008312137144,-0.33354951987146314,-0.32486088034927457,0.10571839785954526,0.17334498158861683,0.40700598360702955,0.47041496031408503,0.30774957751193455,-0.5953769183864388,-0.22451651162042974
1966-12-16 00:00:00,-1.1621392219595867,-0.3408908688510379,0.6208023410253972,-0.6839252588634294,-0.6106182862280486,1.519496446047241,-0.02672091632239615,-0.8915996013067103,-0.05641987215858868,-0.19438197711997474,0.3034462952089783,0.34334282511232017,-0.44573401557098635,0.4609140141430328,0.5219867202228747,0.12121627980122257
1967-01-16 00:00:00,-0.13012711865633464,-0.3731694756250493,-0.6143485920002121,-0.35079831169271614,0.11016929418265664,-0.1928410744301301,-0.2156448657876534,0.7879352879765709,0.07586976196248485,-0.2397373792961794,0.3084510163633755,-0.07388645345867983,-0.2526438888697439,-0.7345032010778372,0.009013843349813089,-0.04646972699836749
1967-02-14 12:00:00,0.3795815150115982,-0.4085905882448551,-0.011038514254112258,0.48158484250236966,0.2147334578017187,0.32326443155484386,-0.8361765944738098,0.619620262675713,-0.12892098843358393,0.2637840570264936,0.19303076908017752,-0.3392549792508036,-0.42492916768898004,-0.5512974858461352,-0.4897426166518638,-0.03984535136841183
1967-03-16 00:00:00,0.16503526007637737,0.3868936383129703,-0.030157428604822706,-0.20365787831196933,0.0510401277797049,0.04756345466727163,0.18808748301115397,0.4922093274409978,0.5610401940249883,0.09476691197813908,-0.4464187409128201,0.19321474471670008,-0.2187681082963962,0.03218160558739891,0.19762867719978058,-0.02345907732335495
1967-04-15 12:00:00,0.10552485991191918,0.404996002449717,-0.8744361440631729,0.24979672685678533,0.07875645028023404,0.939372962656514,-0.22591925718900296,0.4228678488806202,-0.33064181514911045,-0.12383516330933947,1.0366605377043618,-0.4010249338229364,0.1851259515429744,0.13412049515972346,-0.004807578566591947,0.6507646902394588
1967-05-16 00:00:00,-0.36283643322142095,-0.030038188596201804,-0.0023075220162946386,-0.2765426095386231,0.058541117841341195,0.12770898610176706,-0.46545908094867056,-0.38859472988082355,-0.36672858522224216,-0.19699850526125606,0.1150685887876986,0.5815265140632854,0.22833193731874668,-0.14998631288996422,-0.10279643783786227,-0.4028384554720331
1967-06-15 12:00:00,-0.44290233093921283,0.5177886625922357,0.0712859766770689,-0.38638820953321257,-0.445169041935646,0.7767256101955501,-0.6790243742767562,0.354434810797626,0.21358591952289768,0.447882205827726,-0.7315307775054519,0.026008755649128856,-0.19728488140559836,0.3443930275830216,0.13401515772730735,-0.08579446597202417
1967-07-16 00:00:00,1.4065403247199058,-0.2194297258196724,-0.056031360984751116,-0.6236726821798872,-0.910206345047672,0.1793236666641096,0.12341442912062806,-1.0073009372572748,-0.012598619990644544,0.23547202530559458,0.1716066254156085,0.44359892582975957,0.028655118139761848,-0.39820530456289,-0.26730004969809584,0.21718155550701895
1967-08-16 00:00:00,-0.19925448834901915,-0.42080865145377333,-0.5184951925714099,0.16850701570940363,0.32537238541111335,-0.15375766290469567,-0.006094277635708134,0.5181295880067482,0.8689341784694196,-0.07904535672417379,0.599262890815788,-0.8487975127887701,0.10751466249463149,0.057872995357018175,0.3974536346894936,-0.07750118904414904
1967-09-15 12:00:00,0.6170453453384989,0.2753983550484034,-0.30458317462973605,0.01605840027278571,0.4533838050038723,-0.21237202978817954,0.891168410065729,-0.12550387553951625,-0.5988164208098977,-0.005020850616146322,-0.025436408333683658,-0.013104363220843407,-0.31673606706175733,0.37003851225369555,1.049407332866626,0.4542947972521893
1967-10-16 00:00:00,-1.155117843331927,-0.9605555775570798,0.02473253419321092,0.6135713850006256,0.8249951777511967,0.12649697910577384,0.7152782669032353,-0.9015735417910495,-0.1004684116507947,0.6719662524484886,-0.4438293252361629,0.004818086034503621,0.030996729843642656,0.5165805170144173,0.5144997201022541,0.11931010833632211
1967-11-15 12:00:00,-0.537830322654917,-0.009480454230808122,-0.646539517121863,0.02901106245899049,-0.7575291425267969,0.6611663074784776,-0.304936549218622,-0.16794219315619618,-0.2898951314046226,0.2561595942095183,0.8508077377203096,-0.0581844576469529,-0.30146179814842716,0.20196433410420056,0.841323105038432,-0.3282301536172882
1967-12-16 00:00:00,-0.20240421294458205,-0.08409516000445724,-1.0940155582897892,0.4149677723480856,0.16126935154421174,-0.11254146257247938,0.3223034732306692,0.5139153719550184,-0.33501808655718385,-0.000465448644040134,0.03901573618069337,-0.8148965419589705,-0.3410676022671433,0.12046432991643419,-0.7402025137613925,0.7705500058832877
1968-01-16 00:00:00,-0.29952915564876237,-0.08232973334456953,0.32409901135024843,0.0333611294434395,0.18952836857344624,-0.04896741260848608,-0.2618003650345663,0.4268840535139334,-0.08032744027446415,-0.04733233836584416,-0.04577490244298993,-0.08704946044464401,0.21046792859893926,-0.43720758522783126,-0.27692730411739075,0.40582400985808803
1968-02-15 00:00:00,-0.5948087177508568,0.6318518400473069,-0.42508670214411187,0.3473374762596704,-0.23243719444360886,0.9871250373220889,-0.38662547303150385,-0.36292870167867847,-0.1940078468959642,-0.2694469722395912,0.19435781623581255,0.15362119295281662,-0.956634263393406,0.11207956848378653,0.5602118714544652,-0.2778245893865035
1968-03-16 00:00:00,0.002587865315234028,0.49091728023177483,0.8192746757933527,0.3680313697356734,-0.46786962620216505,-0.7258268536696862,0.7040995761547305,0.7796558900042607,-0.6964413016315333,0.5380696823572553,-0.024840781501216547,0.48291889919434705,-0.36049362426920295,0.23753400440231265,-0.34567319926582973,-0.6726640943727447
1968-04-15 12:00:00,-0.1404937467981779,-0.3019663519283066,-0.07243239120320011,-0.46908696963701235,0.009179188503600333,-0.032901230236983214,0.026738822164437126,-0.8364002748293097,-0.2289592969935369,-0.22829144121345152,-0.11639433748847983,-0.1061496743156416,-0.3977082840008993,-0.1756518615197854,-0.17531327483810397,-0.2936065478783171
1968-05-16 00:00:00,-0.20467233918164196,-1.6401466481858884,0.0808430337524775,0.4406484768937249,0.947726377483373,0.8579199419125908,0.4160173546046321,-0.19912967261028616,-0.09103945800208807,-0.028322687609445008,0.6586883516016118,0.8968833081421196,0.9592980477387716,-0.6123596273015617,-0.5360755007505961,0.11663658029305762
1968-06-15 12:00:00,0.05715527164313283,0.48601215343719273,0.4045005310111377,0.7804416449853503,-1.1344905723901086,-0.368711847988391,-0.25283116076459833,-0.10899690457141176,0.8302763213765718,-0.2963339671689164,0.6934710597964133,-0.0825559982194699,0.5892629640690881,0.2556028913687032,0.42688123256685107,-0.706624357829233
1968-07-16 00:00:00,-0.7703043914355778,0.2971927036059788,-0.25862847135126726,0.5261832086122007,-0.22084658401220927,0.26102001215515325,-0.12190749166607506,-0.7322466643463249,-0.2918833818579073,-0.010998105167849714,-0.36149481417109447,0.26591766568695985,-0.01829766681934264,-0.03420138981735199,0.6474008821345815,0.017791339808138462
1968-08-16 00:00:00,-0.24084690188624264,-0.4367807204101293,-0.22458583668705295,-0.3134915598025585,0.7327482385340879,-0.3059455474899178,-0.014721691428312478,0.6881514325934127,0.9843139927937317,-0.2104591081460747,0.3821816771692836,-0.6926477672894187,0.060159305314125944,-0.1963999416022274,0.014037364164560306,-0.3411977028892757
1968-09-15 12:00:00,-0.7307987522515259,-0.027368627585030836,1.195587618262411,-0.5662830047839861,-0.06177904150125446,-0.402293285323878,0.12001122276998899,0.017393808030413266,-0.18838437705948385,0.40601147763224776,-0.11947396530456045,-0.3815364606047504,0.30578343538220554,0.15876660304608503,-0.06816431128575798,0.5169229626741492
1968-10-16 00:00:00,0.472502099218597,-0.09577008081800362,0.24950799207571997,0.3279990925359402,-0.16888632151815086,0.2681027068223303,-1.103684583231133,0.410269389637562,0.20929213986702694,0.512966482334412,0.02934086049212431,-0.10572724085812168,-0.6242196883665331,0.00742002971875555,-0.26375986907281324,-0.220180229205934
1968-11-15 12:00:00,-0.9816566481866703,-0.26269310196812046,0.0990475363701416,0.5666210969177523,0.9512467544485287,-0.4206272994507312,0.3892403902637639,-0.25237073321556563,1.061158088459459,0.9295110762215262,-0.5231419246650809,-0.7804318576525006,0.6472672145807206,0.49486506364332294,-0.2402921538071103,1.16321245894214
1968-12-16 00:00:00,-0.34868645779504054,-0.1032138899410913,-0.11131593910219732,-0.2880137211475131,-0.08439407344892269,0.2271977087414908,-0.4978458416434561,-0.19102982978315763,-0.07664475335885429,0.3646460436786565,-0.033365512814837295,0.4002112501090732,-0.010797506178811367,-0.336088083469991,-0.12458671864372908,-0.42023202326436315
1969-01-16 00:00:00,-0.38855862915062567,-0.0085493887743478,-0.1824561718472017,-0.13712655591346318,0.7217710285893816,0.8990148552998046,0.46047317644576025,-0.2080791172334154,1.0580903988768664,-1.197886106547324,0.18768687005376422,0.2762508498085835,0.8795144496834404,-1.0362214010063409,-0.5916589195674699,-0.6676100752342735
1969-02-14 12:00:00,-0.010021942588633703,0.16033304127527867,-0.03492868823168829,-0.14763478487247234,-0.3610932319459081,-0.2979341089980979,-0.33112320485589924,0.28963354302661026,1.0254536808818224,-0.4237731790250087,-0.13067766475621256,-0.5398164347346387,0.15502837425873162,-0.4894895921850368,0.4492381056388973,-0.5272218566701617
1969-03-16 00:00:00,-0.6527328814472159,-0.033544995006652395,-0.40811139633345583,0.7180982959304171,-0.08433607496698281,0.06916245184879122,-0.22243322552090894,-0.5306087245185332,-0.2853711465636826,-0.17613744567353667,-0.2535876930128167,-0.15871163953044376,-0.41760606479713636,-0.08516990529222979,0.09032263317179791,0.018773657819391942
1969-04-15 12:00:00,-0.48808890716827324,0.16385995984303367,0.3096255593679802,-0.7611817754235713,0.21221584882863842,0.39788361928879334,-0.3261397538694714,0.6952797274528126,0.2636758441292025,0.0791569482042348,-0.84702537231365,0.23327661092757712,1.3029844182264707,0.26583530911996744,-0.7215588712572562,1.0525607131969614
1969-05-16 00:00:00,-0.36542203548704405,0.2908517297106691,-0.02482926715549369,0.11733380652894454,-0.2999879153132137,0.040040392219293564,-0.42789353586421236,0.420039829833635,0.40474002455049446,-0.3582553794467915,-0.6089375162280396,-0.3116005611541932,0.2177552801410947,-0.22239645050506207,-0.02263498918170398,0.6367390730926934
1969-06-15 12:00:00,0.01006049399063108,-0.2640073716021262,-0.6366358451489873,0.5240692949222768,-0.16903613007038426,-0.8691671471663405,-0.2720813557721562,-0.840312666324688,0.25206259918056023,0.14746219407804553,-0.4360753413275001,0.39680438469702317,0.17625268227914437,0.45291626823487774,-0.43743939455733316,-0.12971058212557152
1969-07-16 00:00:00,-0.14197113328801098,0.1758487304469877,-0.5327162068370845,0.22676023575062987,0.0443721060243355,-0.236581347656863,0.740616400366726,1.4769094539164291,-0.8451612921763587,0.7388482757179791,0.9464897342129466,-0.5603543588198714,0.10892695776942174,-0.14747153672298452,-0.4608384275240698,0.2539945154234145
1969-08-16 00:00:00,-0.17923042984383247,-0.059297010874125866,-0.8671422743214449,0.7835872214559799,-0.533926896104003,-0.5210317217193262,0.5702054380563678,-0.4144424622364146,-0.21962882024245672,0.033167307706952975,0.41445075117317914,-0.320928706509567,-0.2853182551044384,-0.08861646177569549,-0.6834891314574028,0.7968006473098059
1969-09-15 12:00:00,-0.1340661022136112,-0.22916412664957173,-0.7420299997419016,1.1687925962698373,0.2010585916832831,-0.35393908014145464,0.019071784775432477,-0.06346750521159655,0.21628236024094744,0.8179651460486088,-0.17237790309354806,-0.03814794566705215,0.7724239485641768,0.057843922895907784,0.3115942842471111,-0.025226994690980997
1969-10-16 00:00:00,-0.4207885455266531,-1.6486595012339693,1.8581533262936418,0.4454709742961114,0.9669810499498063,-0.46087760837118397,-0.41893351392093975,-0.6972813505112718,0.4090277526849247,-0.04886739982467875,0.8151501765380968,-0.6578908284143248,-0.10517265678357285,0.8043564095683007,0.346159864566123,-0.13207009010395276
1969-11-15 12:00:00,0.13930468923168682,0.10706170023241826,0.21517539104446945,0.3877586673110117,0.4667853557070615,-0.05549260502318082,0.5179325626832624,-0.7464121652128843,0.5598250977021437,0.3923843646323775,-0.7458567233531728,1.1089625326278356,-0.5876509580429081,-0.1070710368190636,0.8922836560655238,1.5444262796036776
1969-12-16 00:00:00,-0.1167696230189218,0.39390034120505657,-0.20566767675831296,-0.08139374638526059,0.02340062020577327,0.21784456527104223,-0.59404879661333,0.5415529514882216,-0.1599642560039713,-0.20715577270826308,-0.4541928617585248,0.5530967194946409,-0.830074265829911,1.2392704484759456,-0.30084121401716024,-0.8556899695653315
1970-01-16 00:00:00,-0.2516876742416795,-0.6864371053276961,0.30799760545815447,0.278732115290679,0.6277876778432773,0.7787798030608185,0.2804287632794674,-0.4410231027773651,0.8854508298423964,-0.8114810411929514,-0.44700825298820973,0.708100326504156,0.2736410514070221,-0.471500050943858,0.4244051185087391,-0.20044182121052645
1970-02-14 12:00:00,0.023441236733516668,0.720098137285857,0.34009966055439755,-1.2093625437224524,1.015752895155455,-0.6451218934151989,-0.3295188632123408,-0.4800597298491131,-0.5467825898095882,0.16999568527584158,-0.03652805776722551,0.04361364561210712,0.4828556309344394,1.0815081653280882,-0.377317950523119,0.1260313428507957
1970-03-16 00:00:00,0.31838813671065214,0.05113690298883536,0.03736098488431916,0.6886198056525327,-0.4684145662888929,-0.791246440544484,0.4775439055502625,-0.1443737367249383,0.6305054916764217,-0.33277359210783924,-0.13261734655983254,-0.4302962358167705,0.7589485516168528,0.10196436590989044,0.2276904339669701,-0.9303374016303786
1970-04-15 12:00:00,-0.6412320294211509,-0.829240218258864,-0.1578000406819897,0.2762987007489238,0.23987891830672792,-0.018390505588883777,0.2555218703627723,-0.6589312303394964,-0.28835503292844705,0.2844356606366694,-0.5684771628342284,-0.29980055145122786,-0.326243438640923,0.04546561552156014,0.26106751440189335,-0.162583490609494
1970-05-16 00:00:00,0.36329376897322174,0.279010948769813,-0.22872915635288496,-0.3353505102377579,-0.30540794729954857,0.042139496454208336,-0.413256811654973,-0.20372892951766836,0.25181957250498527,0.7058974808512357,0.29360572116412015,0.19429953421852364,-0.19955274244047339,-0.31129750914826837,0.11747502052644526,-0.47129589345139167
1970-06-15 12:00:00,0.18032421454012493,0.14242357420242638,-0.2611402238092053,0.18212018597833102,-0.12582447575155614,1.2097344018292548,-0.7744999507950763,0.03046633119302969,0.43543434388979724,0.49167673938593864,0.0985443667399481,0.1744862662452623,-0.8724606661689183,0.02502952869486008,0.4834240318003794,-0.6694081697544952
1970-07-16 00:00:00,-0.38958255558879895,0.4117333836378183,-0.11906557273349717,0.8214335879783409,0.9054262396066303,-0.14406257486735347,0.09185015106444316,0.48312093694847147,0.5768499261718809,-0.913476834156278,-0.7452939543474675,0.1770839891817667,-0.8822030589823449,0.23320561225931669,-0.39641731663687396,0.29211462153257
1970-08-16 00:00:00,0.4777852684766346,-0.08838115386343165,-0.7214332582822153,-0.19359298262012048,0.6739201182265379,-0.38556148032078424,0.19528272209925512,-0.31298540036448963,-0.5930211859229533,0.06602642925839017,-0.3772493666566078,-0.21106062973955286,0.2733706333018726,-0.17756112171395955,0.31496811417008785,0.22756648280808184
1970-09-15 12:00:00,0.5597525403278322,-0.6350774633313847,1.3336054773552848,-0.24907766501819475,-0.06410912593206847,0.7628767217746694,-0.3279790786806608,-0.3927894023260743,0.17441845525762306,0.6076106247290645,0.778137813778143,0.0868047568921414,-0.3811434779395663,0.47747643357309055,0.23699249150293272,0.2350324442528416
1970-10-16 00:00:00,-0.3941263820351486,0.365289399024994,-0.5165050969331174,-0.15663522483416847,-0.4995116363902178,0.14963148921746294,-0.027454173447519548,-0.20951962487682235,-0.21923497472968123,0.3419957722677777,0.29410390071400844,0.46028524813756,-0.26721808191384333,0.2333371151774839,-0.37792895074396315,0.45417968216904897
1970-11-15 12:00:00,-0.15527556010003873,-0.38832058340751774,-0.17294507208376847,0.038331982596051306,0.21618818508277127,-0.31886558344670085,-0.6166130932497086,0.11782776938869152,-0.4165466181173648,-0.42979667967511587,-0.6415939559585183,1.1169958432114448,-0.10160381650449701,-0.3479505196999969,-0.3045771481786659,-0.32639953132080707
1970-12-16 00:00:00,0.320246063021864,0.11100443077150415,0.16586671146754942,0.36147498641200104,-0.18139749276439793,0.1343697393873966,0.348367994348069,0.16431977074123943,1.1092254534091432,-0.6024841772131717,0.06883439198779678,-0.8689431746532336,-0.5461467629039953,-0.19757304055603997,-0.8355221151964518,0.07243761380319097
1971-01-16 00:00:00,0.09628817910682341,-1.0628197514057642,-0.006977008235950682,0.5774654929426966,-0.42160099145590824,-0.1466685465405438,0.00733139370827085,-0.4000651544648771,-0.37084414918948144,-0.8925441170717472,-0.058033018744627574,-0.2122503180003531,1.050851681258352,0.06208785962929053,0.5844464577033421,-0.3588778702023505
1971-02-14 12:00:00,-0.31303370834719857,-0.11942566061629893,0.8088555993989004,-0.26191213049582196,0.37509035342953834,-0.5107430311285556,0.6657697408283602,0.0450479057882291,-0.45410030316275524,0.24182876256553382,0.9718397257143154,-0.028996115721610538,0.10217325215184492,-0.05940323076149534,-0.3141748859116651,-0.14950333577160346
1971-03-16 00:00:00,-0.5033154880591401,0.025587244233728074,-0.6367840172420312,-0.04030970223716662,-0.41312552522826795,0.03837276379096044,0.06565521731061841,-0.26304536333030937,-0.026907959069796927,0.4794924327427441,0.16269022927241888,-0.31514917011534094,-0.36179196776066613,-0.2491232665947556,0.0657440968126723,0.07292274252269121
1971-04-15 12:00:00,-0.4703750764172649,-0.453584985128888,0.10173763894839569,-0.0018831787118777088,0.2449881779052141,0.40703974416959365,-0.6499658739475861,0.6368653740052262,-0.7610748392241395,-0.8170465324478078,-0.5808242662969938,0.7536239909267494,0.5452569822593287,-0.6856438854030347,-0.3672795775339168,0.27487098150400074
1971-05-16 00:00:00,-0.5192455989817927,-0.04604820424596212,-0.5072242435855986,0.271541215940993,0.26911687035123255,-0.25514077253552,-0.039375708326367054,0.6266858907396429,0.17888632721042835,0.17261764867831544,-0.7971545490263515,0.011122781558033812,-0.4300325788022046,0.6809351535973764,-0.6328732729678447,-0.5079392159265516
1971-06-15 12:00:00,0.7197741222991622,0.18011074523807127,0.4416005809896367,1.281441928778754,0.7338339344874302,0.8274591848555791,0.07005581176205755,0.6732778091587422,0.8698580278197954,-0.6862123885517126,0.04795032339654842,-0.5682712480621441,-0.1866212500046679,-0.6049139181891454,-0.7365215708531746,0.8956515396534559
1971-07-16 00:00:00,0.42127220745272764,-1.0703885285119419,0.9395343437577479,-0.15219476370266483,0.5082345675747459,-0.21754612282654634,-0.971695686418832,0.7968977934341114,0.16999634756805654,0.3490084678099104,-0.15340229866128435,0.45915388231847765,-0.512197373293264,1.6284683686256103,-0.42436815279995344,-0.5036066693479615
1971-08-16 00:00:00,-0.07770096234795154,0.5462598004784177,0.40080389533457395,0.18140083274787855,0.4051401653293034,-0.11537720169906035,-0.4057021410983798,-0.08729658378512392,-0.5558280170593415,-0.2218087065136714,0.26510278306161456,-0.8643498318168369,-0.41866673114148323,-0.2570137525215316,-0.6175450007220341,-0.01918181651027734
1971-09-15 12:00:00,0.03158393481826938,0.4216976453442808,0.07843881136531874,-0.2900843403295261,-0.7960154573671476,-0.3495902128470937,-0.5291373102743971,-0.042220093499180274,-0.19460545492568954,-0.2327262173466375,-0.549905204456494,-0.28682797524874837,0.4477432362378664,0.30894753735207314,0.6336420039337608,0.2874462458551003
1971-10-16 00:00:00,-0.1130989492135156,0.3519466908911085,0.25992570609599897,0.5864145046390855,0.1716853610746828,-0.35071982839002913,0.023844465475627574,-0.016859198031663573,0.24708175623452883,0.7172983630109864,0.040641609410747515,-0.06136050833530571,-0.03261431529303305,-0.23117785354437304,0.3714198031331718,0.30283259858194284
1971-11-15 12:00:00,8.999257218056389e-05,-0.1035598082371353,0.20839811097735797,0.3647615094597979,-0.3722358336842462,0.39215463670134454,-0.6992834107510006,-0.013347157800837207,-0.16331199589722808,-0.007206035735340066,0.33034615056029,-0.2554395384165733,-0.37463838182252585,0.6234556296486768,0.5019719349382246,-0.545672937624538
1971-12-16 00:00:00,1.1709461550281404,-0.15020116383772947,0.07914612623897574,-0.25408125379479185,-0.3803775152506398,-0.04048852103094014,2.0051307410266856,-0.12492744679346848,-0.8517978469458902,0.1840182632176349,-0.6264111093798658,-0.7553662802684601,-0.12190822454983291,0.1759483124610265,0.08236354002534688,0.02823764279333779
1972-01-16 00:00:00,-0.6869297549372034,-0.38560219517381633,-0.5865441561892342,0.47109167870005797,0.3074968944473704,-0.4557118892788161,-0.4930398931672493,0.41829350569862533,-0.14331339201595522,-0.2849489102796496,-0.9552301455956145,0.7834146764935722,0.10376551141073498,0.5987900677910607,0.043982936437367934,-0.07551226647306436
1972-02-15 00:00:00,0.5387436391906765,0.14665269579517717,-0.12968689291286928,0.7744946918348447,0.11017997933227797,-0.07263600699646905,-0.03003900756792932,0.2345853095988985,-0.1856530444021568,-0.3480293257358546,-0.5581215447792771,-0.2678586092759584,-1.0238701911127075,-0.23887760902948085,-0.06193197051503943,0.6348836547622869
1972-03-16 00:00:00,1.1323914542888178,-0.24975901173355047,-0.3183386878713247,0.19760519470732774,-0.262847712883195,0.06892425006503411,-0.20954263045787813,0.23718702971784786,-0.16239559277189228,-0.14404232273502038,0.09418062787550302,-0.08006242311105505,-0.23213961347033235,0.11813340020190155,-0.10305014652816843,-0.2413507230624081
1972-04-15 12:00:00,0.09046663014303524,-1.2290153318236912,0.2972367024769159,0.18543620558011598,0.16920218794125763,-0.26117417764638406,-0.36654292772403163,-0.06788435119011055,-0.07726955258643525,0.1908679866445085,0.3463170955184864,-0.14057325608669002,0.10160053789102386,0.17459532000666078,-0.08912272280919384,-0.057717798520984465
1972-05-16 00:00:00,-0.17822268127068536,-0.048001077377795104,0.1279962202853895,-0.5730500534594883,-0.19797004811381713,-0.31251141887446987,-0.4687264754839476,-0.7287658931451502,-0.4345488085638813,-0.059461716551875154,0.434696248088184,0.1501941862884969,0.16301507588679687,-0.18728375156285715,-0.41475810278560143,-0.3366880947823211
1972-06-15 12:00:00,-0.35446264280133966,-0.02176999910494437,-0.3751725989661869,-1.1320640216062392,-0.4715295039492611,-1.0666462069728329,0.03189157709548851,-1.2786269087526692,-0.0273345803854273,0.1602675767472096,1.2717644740328433,0.8618753307501806,-0.20717986950531814,0.01701359521513446,-1.522263912621242,0.3425493505594494
1972-07-16 00:00:00,-0.19952329228775195,-0.10706557535805251,-0.7862836659611353,-0.023102408072265435,-0.4213924717350022,-0.602961999986843,0.29855187608882694,-0.5613872722275689,1.4370869262342874,-0.40164540623400696,0.4095946835536674,0.7427687474173369,0.14191355999751454,0.3428921392020756,-0.08165893043844713,-0.3371134656714827
1972-08-16 00:00:00,-0.1622095605129823,0.7429506349071993,-0.9434711823771431,0.5706612215712304,0.5510933881285879,-0.8183227913733337,0.43796399874482017,-0.17271089513284313,-0.7231672269420514,0.3032812450269533,0.5758815448370076,-0.05846151431358382,1.1510502200210944,0.7350766433733478,0.6628660049818552,0.03569772564005763
1972-09-15 12:00:00,-0.7464551005776556,-0.07355682213101158,-0.09770524453266052,0.6726640019417117,0.04192236133488447,1.3322413961955615,0.6147295930486049,-0.08038854621629107,-0.7330017534493539,-0.24870727149000255,0.06929737244690509,-0.17536702512753588,0.04380710398083432,0.10433100449805399,0.24226774087850556,0.2117287343403405
1972-10-16 00:00:00,0.20227991502351494,-0.9193619427404504,0.64548318241088,-0.25564329018997767,0.09939303101369135,-0.013319549294059763,-0.9546357067793143,0.019071986276872788,0.17415651214157063,0.47592018162795086,0.3391895291335106,-0.23037439001393523,-0.28604266139960294,-0.253764707164142,-0.053219065552590206,-0.47041649951940234
1972-11-15 12:00:00,0.10551881251588191,-1.072454066728044,-1.1625065675156991,0.03170953904021084,-0.2693290982362279,-0.0797208863282517,-0.25734090632777096,1.5141873779923247,-0.6855984258325489,-0.48670970673641395,1.025624058512198,-0.20387231049078314,0.549375407325537,0.9428335456655565,-0.061841454103131716,0.39144145528167257
1972-12-16 00:00:00,0.36017343556036374,0.17514186430440762,-0.24051149121691123,0.3239838006875889,-0.09200108401224216,-0.21782613720733757,-0.14139773690711965,0.10186098978743752,-0.2161397034646813,-0.6675444339550989,-0.2107562941800315,-0.2811347314028772,-0.2070734899441573,0.011253044646062582,-0.06878152625947015,-0.33565722766278905
1973-01-16 00:00:00,0.964894128959754,-1.1030153640160618,1.4101168569219893,0.49605647826963395,0.5570278048417695,0.5129157415073121,-0.3239707561771604,0.189908621002577,0.13060219753628927,0.22242275832454123,0.45057023206567365,-0.15358801472664574,-0.25350785354677147,0.13956626945455497,0.2814488940574145,0.10522275953239796
1973-02-14 12:00:00,-0.48582792165959376,-0.317413265284464,-0.14990286213294676,0.38129467159152686,-0.0049937338743846205,-0.36209493053405617,-0.18631181173911449,-0.5444512515394409,-0.10094782735384897,0.3306224063362818,-0.1651031306835346,-0.2533258253954398,-0.41428723413154694,-0.5251287912120899,-0.3655784289749796,-0.004778158945065503
1973-03-16 00:00:00,-0.07164394782349132,0.056732985504318184,-0.09009725591826823,0.39959159221570917,0.21258860948715053,-0.25568716551463055,-0.3056700716946684,-0.2725194499688139,0.48696226764583533,0.8838825884559671,0.012126964606516188,0.10049170839531973,-0.39680066204873576,-0.4366650856459371,0.18755286449967543,0.012997119821905267
1973-04-15 12:00:00,0.3173724883661566,1.3470418533712722,-0.07780290807827182,0.8573608910306371,-0.4731996755057056,-0.590334141896899,-0.8466592641361074,-0.43470300611654816,-0.3061138226463285,-1.150064297589903,0.339683819095487,-0.6083625326075206,0.6416277095123615,0.3089899337593429,0.02627932963647836,0.23854140797000517
1973-05-16 00:00:00,1.2365965248056647,1.1782747363618056,-0.8305393097038115,-0.34442466378033393,1.435153307113842,-0.21994821178778973,-1.0975231070994251,-0.2531223095332576,-0.6603205721373016,0.360549106333058,0.31564471966443924,-0.004146163759782384,0.4852143833134468,0.7750157971443541,-1.149098640222284,-0.12466712741785446
1973-06-15 12:00:00,0.27646494567041713,0.4393446629208261,0.4717454791995015,-0.9098192783511345,1.0091457111199444,-0.6510816123579372,0.49820025159063663,0.16593047633192184,0.8896575643500793,-0.6897312160891551,0.0741788407310841,0.6346572471448978,-0.6562355667926565,-0.20719099688466835,0.9542953428698365,0.06310150138556742
1973-07-16 00:00:00,0.21936000535684597,-0.5905458108038032,-0.93234726250258,-0.6282157654354397,0.3912552189254058,0.15696874265217764,0.05179739188719357,-0.018460140281114673,-0.4740668325720315,0.4301724877138886,0.6656002705018267,-0.6394399943989428,-0.12959037103931298,0.3707307037328389,0.4462371476488963,0.18644779213714252
1973-08-16 00:00:00,0.18441983814373342,-0.481157710874341,-0.25573051060785884,0.33853931137874416,0.27758093624245017,0.8749039841260006,-0.8643693021583239,0.32516814203375277,-0.2565998579996867,0.0013599807085339921,0.35828287010002985,-0.02521123438420525,-0.11575944264939708,-0.8404473049776623,-0.11876146937030604,-0.018067096653982873
1973-09-15 12:00:00,0.7133897640005148,-1.047144899055334,-1.160501769129066,-0.36062854060980637,0.2398339595461817,-0.06615131062034624,-0.05317133706285637,1.4232837343511353,-0.5073964257949224,0.8645412915386197,1.0253251445006184,-0.34598285826274133,0.03386282463587775,0.10279217892939474,0.2934681678704826,0.5803530369350685
1973-10-16 00:00:00,0.3864487604509347,-0.2996550348219929,-0.33018136463942693,0.4558460386029457,-0.46779064474418774,-0.663265275527944,-0.9574796678626013,0.3363215279536635,-0.13059086022813382,-0.04875746112138707,0.3399470803573535,0.05729618931011382,0.1784615831187416,0.06844922562032352,0.566488521778529,-0.17428490813520042
1973-11-15 12:00:00,-0.06625732182917438,-0.038782721685501786,-0.5782219277735188,-0.48250951152892696,-0.19741466854468753,0.40160956571011064,-0.4702133612851956,0.3154380231239829,0.16342864132526774,0.5152126189372583,-0.11794466635304729,-0.46511352960041,-0.17622338637776397,-0.14437197240893573,0.330597864874794,-0.23243665402681735
1973-12-16 00:00:00,0.3680986606841037,-1.4150122985991447,1.3747389685515838,0.20708688319743063,0.3880356659839461,0.2637860660738235,0.06779228599962939,-0.48339408383766885,0.18637199194148163,-0.6848431082453947,-0.020313758303295293,0.4163001640729148,0.7314638321435971,-0.24468975128251336,0.43238658968512633,0.028158615221131222
1974-01-16 00:00:00,-0.2040908003426633,1.1244030169803945,0.28810391002751534,0.2800922221343046,-0.07237853954819712,-0.6342532122602792,0.6643872645387324,1.2560675554797895,-0.9552136180605726,0.3181413008352315,-0.3454525072081326,1.3099217585666576,-0.15625185033011807,0.8024502308199097,0.11310071755046397,-0.6684450768750466
1974-02-14 12:00:00,-0.511186823758569,0.22168115156976922,-0.0505479420051749,0.4029742456076608,0.5683120268976521,-0.12353898465144397,0.12885449271831884,-0.17727023635354164,0.14235294789070968,0.40168357288670925,-0.33516814335601214,0.22182124048997653,-0.1129997959809832,0.04651428678598002,0.4003559708545999,-0.46377540117946864
1974-03-16 00:00:00,-0.8337840692824028,-0.06242447824867434,-0.2187830855509642,0.39416964258774445,0.37661894072266877,-0.2760344264337119,-0.26266642676966323,-0.7338167562315526,-0.05152891044920621,0.4655291147190701,-0.9177425429359074,-0.15803327250541277,0.6555048680817535,-0.3498718705036012,-0.1268132344559121,0.8052300731365716
1974-04-15 12:00:00,0.06307040544424836,0.5010884572352694,0.0030815509832109456,0.15814443181864912,0.8900916098462662,-0.37662810074674113,0.06712290346912342,-0.47582898133774626,0.02136321406152658,0.7161535003917647,-0.2798186661430592,-0.5421357377393629,0.24053422054997597,-0.4085096946085407,-0.3025749121946465,-0.19421665358028023
1974-05-16 00:00:00,0.20388127319508043,-0.0420278735031854,-0.3924774440957095,-0.6568559894312594,0.2565456831121916,0.022204859169786317,0.11479694024094678,-0.4434215704753325,-0.07940035808158102,-0.043790954337905086,-0.04445903934241707,-0.3031428977445516,0.023431683712128004,-0.21592207851610323,-0.38253866648053625,-0.48966393924875734
1974-06-15 12:00:00,1.1135275310467643,-0.7037361701170977,-0.6516249934822008,0.11641772492841529,-1.1879759738768652,-0.42426706823786087,0.38037615892432164,-0.31906041258746226,-0.5496621229727355,-0.8330576329881496,-0.5949898572729001,-0.5115256594609613,0.3477800759573657,0.36002327709775206,0.5143331201251202,-0.395313891987675
1974-07-16 00:00:00,-0.36971927562254436,0.11365204109726831,0.022069165968748194,-0.059744129212734476,0.07009461110987936,-0.04916626016865916,-0.42304131784501803,0.10753231433476965,-0.4101423967977183,-0.07179140099507964,-0.4835290348878692,-0.318030115269211,-0.17401699793904668,-0.38515988480399294,-0.16789635965544378,0.3219408159354729
1974-08-16 00:00:00,-0.5739078637780732,0.4093458524363549,-0.1509417229217726,-0.3326595539035392,0.19287198029906005,0.410610921136384,-0.3511882510581808,-0.1785398651736417,-0.16088323923329823,0.011244353545077523,-0.20761917564595744,-0.2079587000510732,-0.8322229367868832,0.6529298347525418,-0.20144807607439966,-0.7727499710784775
1974-09-15 12:00:00,0.3528479613688691,0.5153117790022138,0.04487435313492949,1.3496794710478448,0.17868878031694901,0.026288422491605012,-0.0460015736173518,-0.047967559698526833,0.7984764541842713,-0.2906437871582929,0.8540951667231687,-0.3524265773217106,-0.3591233810488563,-0.5163032838977545,-1.1105928848023898,0.31342011311374257
1974-10-16 00:00:00,0.3574660908255356,0.35811816959859333,0.17867889077705798,-0.25155758343777307,-0.4225367197590461,-0.29437297195507584,0.16763814353836282,0.3741875236939714,0.19526132057790885,-0.05360968028192237,-0.8752932834005369,-0.32152587729736076,0.5841285727220875,0.22077813917576328,0.7638056959963941,0.9957563758771004
1974-11-15 12:00:00,0.6510485957000683,-0.040413309281020715,0.17636989671184297,0.020667561372883447,-0.8153748950821089,0.02059629216785297,0.5408899333250637,-0.6562441296038429,-0.17759065850649522,-0.538137137128402,-0.6381714756395478,-0.7358304393983118,0.2708830448245939,0.6681710689444558,0.646640830745853,0.33669113691637625
1974-12-16 00:00:00,0.0724005059959224,0.22610033551411104,0.26730599189197424,-0.0708002302498893,0.6190405013490335,-0.7553847209723188,-0.20779345259696913,0.3278626192439211,0.17848842972537543,0.013913627185875965,-0.11049865063104441,0.4141048262214154,-0.9692806561778075,-0.585329322996879,0.7962211461128573,0.6094862860245875
1975-01-16 00:00:00,-0.4818052520204005,-0.14192196119063424,0.5281283998458208,0.1944723923132904,-0.17760291453045868,1.73364767352008,-0.19984542507535907,-0.5952236820131303,-0.14717375003307212,-1.0878343833554809,0.06767953549180011,0.1536045301208646,0.7330698098316679,0.019433923267868303,0.6172285919090915,-0.3917308427342788
1975-02-14 12:00:00,-0.42180810058646573,0.40292246387722297,0.45830178237227304,-0.13052058088877855,-0.7314058500974865,0.288537685095247,0.5714121048074338,0.5026117097538454,-0.05708409913183088,0.37024423785417343,-0.37930228984568726,-0.49046599649402317,0.25362201107477655,0.28019493125541595,0.31296436474649564,-0.03372821762950201
1975-03-16 00:00:00,-0.1173347332972593,-0.0986437300181082,-0.17117577946222903,-0.7228048793081856,0.16267618745812262,0.6594886459873465,0.013182819113892075,-0.6961456412162296,-0.671863608370107,-0.4248118612695306,0.1201203215727576,-0.15637683744042996,-0.050750032159168734,-0.19561156180368622,-0.14632636465630008,-0.31646301487219675
1975-04-15 12:00:00,0.6430130367469914,-0.22189402080746248,0.024536986238486685,-0.3777792641042501,-0.7511342792326521,-0.1580650798441664,0.3629636113184579,-0.29992116731520246,0.7539437093296528,-0.35247418824198823,-0.0960737068374925,-0.07126848463526325,-0.23589682920505423,-0.08790721565653181,-0.17863543556410075,-0.5557849152125849
1975-05-16 00:00:00,0.458631061733758,-0.5894688463288585,0.667667095384249,0.6797389713162302,-0.12710496557890827,-0.43830067393259087,-0.551773376309557,-0.03821097985870956,0.6442882601948476,0.4952100968974633,0.46904861798479064,-0.29081377214930476,0.4696777683118347,0.3604276983723993,0.3455967655921479,-0.5341155431783013
1975-06-15 12:00:00,0.4097015642080205,0.11568287684763515,0.08764869150617746,0.11456600379011384,-0.7370470803856102,-0.14754381373769687,1.0898790397315734,-0.8049081929280866,-0.3512824579652804,0.05127198409736153,-0.691642038428371,-0.2743229288111404,0.33534425774999377,0.042161351492498444,0.46405701653160136,-0.2739319635981463
1975-07-16 00:00:00,-0.06918267872814143,-0.26030556082477885,-0.33405561790208466,-0.41355680260160355,-0.4583383924151429,0.29280277549523315,-0.05051263393044292,-0.1622600917811096,-0.22086233222876697,0.3719404228993767,-0.30477059332791345,-0.26785772664434215,-0.3061118910948119,0.11309068449275528,0.17673144978693509,-0.18916582264804033
1975-08-16 00:00:00,-0.41005137957720744,-0.44359530878409364,0.504751213096128,-0.46074764533541734,-0.19172503457430312,0.20839058136541233,-0.024451901772548523,-0.009387630640398034,-0.03716387314581043,0.03520896435679277,-0.4969537451004859,-0.3294384230964014,0.09897102106923106,-0.2749650663175788,0.1547545101539089,0.3331224593270076
1975-09-15 12:00:00,0.21907280647650107,0.59378969328459,-0.19031210975900548,0.4366079780504074,0.3815952763599265,0.29795048143441316,-0.3864227658742855,0.16726954654034434,-0.5282549697667056,0.3095535639591655,0.08771091849688467,-0.41578691560183817,-0.3934730468065721,-0.32616828728929265,-0.8003897162117274,-0.1876137300217729
1975-10-16 00:00:00,0.13009479001875113,-0.0709609934967807,-0.35344831650575703,0.0018860672988512683,0.07461162652071474,-0.618577603530969,0.3391534091944589,0.5009675456958299,-0.3743751537375268,0.186778102415321,0.2748603281205914,0.45464613849961266,-0.21143984412480482,-0.43696461600598746,0.6861459843213472,0.1747431362325617
1975-11-15 12:00:00,0.17279677022863982,-0.6042325804262219,0.3548072371814257,-0.009400457274705065,0.09779261589373067,0.5852659933063323,0.06819211885647691,-0.7428506565189291,-0.3150133183498249,-0.0588129560590156,-0.03604641023992594,0.3979966816679158,-0.26164290428226633,0.4609665187265437,0.06430316029311772,-0.5441040381299632
1975-12-16 00:00:00,0.42498664893309135,-0.3201465754059878,-0.44709470128371576,-0.5767282757489018,-0.6782470833489604,-0.021577935823275385,0.41971196062794836,0.22528213539521375,-0.40945109805377217,-0.21645318062564434,-0.5817423252037391,-0.5134158980353793,-0.09593770709217764,0.11829649911547069,-0.2453151146772037,0.1596712698037988
1976-01-16 00:00:00,0.11101366412284142,0.09056602360904906,0.2873891716399115,0.046025706268299604,-0.2961679230131212,0.8421230835461729,-0.39142011276465666,0.01535841140172621,0.5164314426727052,-0.4698081059155846,-0.3204316287296143,0.4000771830391897,0.37170091938934213,-0.5969775083502273,-0.571447747838797,0.24872223579216174
1976-02-15 00:00:00,-0.1537117798453957,0.24402710654306067,0.264862868757334,-0.287721832717291,-0.018153151647116617,0.2827238246726751,0.36374884596183155,-0.10157432746999892,0.584982383896683,0.04087734275183133,-0.29905156629639873,-0.5545872986125632,-0.3567109002147935,-0.09004078092664514,0.04727618519973331,0.08711626377431442
1976-03-16 00:00:00,-0.5137387731096504,-0.8536085895469466,-0.2673317403224587,-0.3918247758128631,-0.6393831051696428,-0.03640004477504144,-0.2531968603966347,0.3544478728100083,-0.14739897233617363,-0.5206429897625668,0.5740025950862917,0.5482769105142672,0.34898923756676237,0.3198862592746461,-0.7161160708272328,0.4294032084058909
1976-04-15 12:00:00,-0.028713154401480534,0.07392706371314531,-0.06019435400278897,0.29448584707898595,-0.1577592073507254,-0.7804765060729808,-0.11825291451298969,-0.2865156821814225,-0.08728561118260747,-0.008814069969684923,-0.3246515235254923,-0.013638834337404315,0.36553106195385177,1.0210481135317984,0.05880497823665354,-0.3563482825400297
1976-05-16 00:00:00,0.37608639909895136,0.3228447881634844,0.701677158246397,-0.04210818112200776,0.32369434264406016,-0.5666316458609416,-0.5892797632139544,-0.18981209706222568,-0.2110944897417962,-0.12394675301935049,0.6901269382868853,0.04159583586928384,-0.7108003122667458,-0.16190731331982477,0.28431468222224904,0.13864876068233684
1976-06-15 12:00:00,0.7190842833258869,0.040654415173794006,-0.6142344079600405,0.7189105404897985,0.36940656141511985,0.2968299186511688,0.7815928987091808,0.08818498300333348,-0.4067140616676856,-1.3031196291029603,0.0556571646293032,-0.7799787529385918,-0.4204461994979952,0.2883357702244329,-0.3714267520798714,0.2978798758866466
1976-07-16 00:00:00,0.715865081350196,0.5083961770922976,-0.18005931264568314,0.28779001500350443,0.13082794228748884,-0.0154334218861083,1.0351806572269844,0.2669859576339952,2.1225375169000253,-1.2261394211217318,-0.3431149019514238,-0.9261289527610608,-0.005271389438677665,-0.597136726283231,-0.16739437304646518,-0.7789481649184609
1976-08-16 00:00:00,-0.3392031074926811,-0.18166444622422928,0.12984827750727942,-0.7704029361233249,0.26533359645564725,-0.3890359637803225,-0.20449989097627763,-0.3689605108229652,0.0421848013159678,0.04859830694943554,0.16520980647168643,-0.4781718764993022,0.07367540284342466,0.6554506568999541,0.17117558345633632,0.1468151589370294
1976-09-15 12:00:00,-0.3738327691129765,0.04173499507955328,-0.14647666186553226,0.2351663352615624,0.3829668206463357,0.14162878429185155,-0.17602115976403554,0.03643282717548143,-0.17876615962103423,0.15627345547815596,-0.11956075016070905,-0.6029738468146608,0.02056183494560515,0.3413720857701683,-0.4765821937062482,0.4642956629159855
1976-10-16 00:00:00,-0.7010788964302384,-0.6967562202981931,0.9582844394652867,-0.40316642389318436,0.4157727284516759,-0.34420996877712784,-0.06087751323408075,-0.04817724667739568,-0.045139300886033185,0.10143807690368303,0.40224542713854844,-0.7961380218642564,-0.29083571525673957,0.08287818256468649,0.3309354696103633,-0.5991757615584238
1976-11-15 12:00:00,0.040696377868139066,-0.47176584324223825,0.1992947864165859,-0.12703634311936585,0.004438662787992875,0.8069002717289983,-0.7305304847098617,0.05858341539822567,0.06565042704466029,-0.08254364028152128,-0.19460759260438865,0.09091077115004031,0.6559126284293824,-0.6951260761676611,-0.04340196116244788,0.18524240803798891
1976-12-16 00:00:00,0.5781041185999937,-0.2748107673215633,0.011727470806809609,0.040178938704282685,-0.07430909517595652,-0.054971633856048585,-0.25489556223757825,0.6926911635145078,-0.49992776885342316,0.3583219655631773,-0.14093338981930498,0.0795720290771702,-0.2833865128558943,-0.5090869839170991,0.11424867452886245,-0.09235519918183782
1977-01-16 00:00:00,1.2636501229855002,-0.3667276772585035,0.12620840614228115,0.14865338612218737,-1.6590528560776856,-0.22075826791815512,1.2606220075035606,-0.809063964588597,0.002882204234319119,-0.7288482888919225,0.10631149469908935,-0.2580820355865169,-0.3849747598240691,0.32310127122643073,-0.4445953080828372,-0.04603812782414907
1977-02-14 12:00:00,-0.10529885459734273,0.032386205653532535,0.08447985346619055,-0.20714054033739657,-1.5309814860291264,-0.4997101094115731,-0.10516454543068932,-0.7653273825604096,1.2137826460178949,0.10244408082115578,0.3427398803443125,0.4287158468064486,0.5278454974605473,0.0203826009218524,-0.1604938277221615,0.726972448150669
1977-03-16 00:00:00,0.5619244074037418,0.2679604852753741,-0.3684991093939838,0.3755125694991459,-0.09492825984559489,0.354372723403117,-0.29309128415090735,-0.2745499945891024,-0.279722971396264,0.07705829580465454,-0.2943291506006957,-0.6952960805680009,-0.5398542520574148,0.0027864453385956223,-0.4138736924334815,0.09707029473499645
1977-04-15 12:00:00,-0.5900517093980191,0.039818899074425235,-0.2650281864269301,-0.12741040100450196,0.2801006880409457,-0.4483571049148272,-0.28431718163909225,-0.36228821676209816,-0.3704640378756695,0.2092995501207784,-0.4581877426592037,0.059772795296087144,-0.08798084472527001,-0.2927340600181977,-0.0771818928189443,-0.04062622693785922
1977-05-16 00:00:00,0.7359920915746113,-0.1872457432751397,-0.09227801964526447,-0.3462929604788266,0.3915998368479654,-0.014658036074197023,0.008207010977641982,0.46128243821627923,0.931609890189443,-0.19239906477088148,-0.8934320191063989,0.09804757333087466,-0.3892646904471324,-0.21243316436643378,0.02811704533994211,-0.40806987916481413
1977-06-15 12:00:00,-0.05372407860073691,0.479628064841238,-0.226083353579834,-0.13136038929634447,-0.6997535847848442,-0.16552125182815491,0.27897034685106237,-0.44326220326754845,0.2799614546518557,-0.07710061830937132,0.4125214134159862,-0.09322685187754054,-0.7956135848748913,-0.5136082412735625,-0.5342338529492634,-0.012898776973471249
1977-07-16 00:00:00,-0.2671275158596787,-0.029755982264132896,-0.29947980790028256,0.21802940110332558,-0.5457432685483692,-0.07891927470584448,-0.736233504291232,-0.03558369569493689,-0.20495664296163182,0.05691649784840436,0.1913586224222243,-0.12946962645811,-0.1666700807181305,0.38845172714712617,0.762492215212258,-0.4532253721784638
1977-08-16 00:00:00,-0.3988002444915918,-0.3819266376609647,0.0663661914909918,0.030058627209688882,-0.04049983504817983,-0.5122858879995835,-0.5785040038212801,-0.19257346331433822,0.11022636899249993,0.4573666290095991,-0.2112690052805608,-0.5674559429989955,0.010870020197440544,-0.2034592927786466,0.12076383963600165,-0.07073488911807613
1977-09-15 12:00:00,0.6327971776543847,-0.30839041508180537,0.06389117975767525,0.38689255999493366,-1.0060215430436557,-0.6166829908370772,-0.6891172913031052,-0.47597740813372186,0.18310977897996655,-0.6394138792293409,0.32513665934242314,0.9926899299779058,0.6608666194566652,1.01343149926136,-0.14443714044460507,-0.7575115536391411
1977-10-16 00:00:00,-0.5523928682527508,0.227563094123202,-0.31103470516523546,-0.11849530834937022,0.47649634516296513,-0.1034751320100859,-0.4123892592743692,-0.6289702100678489,-0.5245882048513426,0.09390606099898424,-0.28460662507724066,0.03738022498583138,-0.04049159241094413,-0.17727608649321125,0.534515754008964,-0.31950993901764596
1977-11-15 12:00:00,-0.18599754469117752,-0.09726406227551732,0.48406791017283723,-0.3664660667906724,-0.3497306645576228,-0.10078542809874441,0.0015771390555722187,0.33927992336905927,0.5150612073407346,0.4978257583128814,-0.42095653643930697,-0.6294933174428924,0.13494320179568386,-0.45541933548431,-0.06293100442763072,0.2881245656280846
1977-12-16 00:00:00,0.030952931444799436,-0.2589837628942554,1.2665778096367657,0.21841422791535903,0.344931129757826,-0.41278209167737523,0.46045415598798234,0.46457347692204515,-0.420266544251098,0.4914029628109652,0.5377620000803514,0.20363392266836544,-0.23331158450936856,0.4640860416842931,-0.8195649720989364,-0.6479798680736246
1978-01-16 00:00:00,0.6652594595954763,0.06323456208862696,0.5373440154916074,-0.08956270227368673,-0.6949387129411981,-0.5526079460754254,-0.18463345127605224,-0.02185842413161418,0.4211613433945613,0.14733165914449828,0.7443831836681163,0.8401385447864694,-0.03359860539443649,-0.4672943778014236,0.1711841133440381,0.3224486676058797
1978-02-14 12:00:00,0.9426617796803477,-0.057113370838823035,0.2449919101641342,-0.3810719558536099,0.8960150150894878,-0.7070787093216396,-0.40331524630342297,-0.2710752504770029,-0.9221802172355711,-1.26467742932604,0.01890448432047781,0.4617671077572706,1.32656197907699,1.702574272300149,-0.15043014935020896,-0.7838071689525457
1978-03-16 00:00:00,0.014226236090299493,-0.7715441297125258,-1.032051288306653,-0.37166689678709003,-0.6196382153462296,0.07330166999320242,0.441358579763634,0.14743360420518556,-0.4008931260350905,0.4270219206880169,1.1910867141123052,0.5088315548224057,-0.12374484902469302,-0.41939607562741676,-0.21850069642331163,0.4245422048210373
1978-04-15 12:00:00,-0.07348432638264696,-0.27292484261095684,-0.8841527189646616,-0.21172602647432606,0.24272562074409088,0.4064543353353123,-0.5902847399689091,1.4230816950532807,0.18981042098679707,0.2838647849283736,-0.8515762263360519,1.2100631042707661,-0.30020926033293943,1.223840255722525,-0.8529488043619294,-1.217492804728895
1978-05-16 00:00:00,-0.6654504380926196,0.24711520311230842,0.16890572881273078,0.03781770761093245,0.4917055596640926,0.45297073742756955,0.12889217189905045,-0.43408784538457995,0.11118244701052132,0.17630440677400194,0.5560563240617553,-0.19108094005108855,-0.37342545807712735,0.10255296852571427,0.43001297740577005,-0.43439098828761147
1978-06-15 12:00:00,-0.5593931650627508,0.5114993448638139,-0.09080947380606176,0.195338475026395,-0.7430776196202827,0.5455020481961198,0.37951358960751735,-0.26297258550782426,0.052652805025542926,0.27546032923457514,0.33315035278110977,0.18770256752608272,-0.5027895797804153,-0.2966541422675808,-0.05332471091602742,-0.0805342077559259
1978-07-16 00:00:00,-0.22474938150329477,-0.07120339717004712,-0.14311677245523055,0.20954354526404073,-0.2973834351135728,0.05908242718738099,-0.22830509141077215,0.3865582182535952,-0.05442236938044853,-0.34408740030816426,0.026290955245451053,0.047919442974007964,0.9427440935830518,-0.5990501851294843,0.6150110945776955,-0.15753780412642315
1978-08-16 00:00:00,0.029892697752937514,-0.26981704406095003,0.44227908415890393,0.3831316630972401,0.4118976960504239,-0.14739882934761406,-0.15566573802613415,0.07715620473728609,0.880109265569669,0.3459081765647507,0.03764249010872128,-0.3828194851455547,-0.5228702955931654,-0.39819351401451997,0.2192874346130384,0.04666617034085069
1978-09-15 12:00:00,-0.439184222183082,-0.5756238187583008,-0.37862687339452517,-0.33471620106489264,-0.1383304770927588,-0.373586638571715,-0.0844483190364792,-0.1322791570989272,0.5417044242172213,0.2691108134470833,0.2534015417838316,0.25042661599389915,-0.03100681583755327,0.07884480881392741,-0.2950887358677773,0.2864539529774511
1978-10-16 00:00:00,0.3057463649817034,0.5340500917849487,0.13340214554239768,0.7477221024439368,-1.8648691622478237,-1.1503265267193101,0.2730867668872893,-0.26113924606578487,-0.38422675571105225,0.1352156713316692,0.8403724631589611,0.1974932449618011,0.9312564158087313,0.04614528910620075,0.32165946727486383,-0.39920027469738656
1978-11-15 12:00:00,0.8976141706375732,-0.8449059238482679,-0.6859058411937412,-0.431744566995895,-0.6099939518435651,0.2304809788647888,0.791906159489007,0.44423910190636867,-0.22079940611651055,0.01035447422337682,0.15831483824120623,-0.8306058679811762,0.4392539151239927,0.6137641250472272,0.5152436467868704,0.35320204480989187
1978-12-16 00:00:00,0.6226168178768391,-0.4907063468656493,-0.6975799391131777,-0.23617219992117253,-0.23846351951370148,0.6264830378040375,0.1169583342442918,0.1955902884374831,0.26276496482505635,-0.2799477557474082,0.575324435912872,0.261748424738694,0.2104920097725781,-0.2597052397560351,0.47849303464568316,0.04005470517694859
1979-01-16 00:00:00,0.05865728132999737,0.1409197660322887,-0.10777749825231285,-0.25358954760033003,0.41059233460758715,-0.34909521249469944,-0.40003318864771237,-0.04741024197924414,-0.33017436301088915,-0.06810608361862241,0.3269569988943188,-0.3410981810781061,-0.5507102347101351,-0.01838111084730809,-0.32323041536614616,0.10143224047014926
1979-02-14 12:00:00,-0.5728963568231988,-0.4046183786615665,0.15005370604473509,-0.2386427095514529,-0.07721083719787297,0.2834375712788041,-0.2751101347146866,-0.07535926220636363,-0.3099980912885947,-0.0415519639856653,0.19226795340717023,-0.1841808479258733,-0.7810596350803116,0.15534349139986647,0.05592507215163915,-0.2536660615121019
1979-03-16 00:00:00,0.7525118879813989,1.0793588067029833,0.3182310272176415,-0.40404048889264155,0.3462736773059174,-0.2658215068289259,0.3075549762784763,-0.3527118741402239,-0.4489606446481409,0.6177136549948158,0.20676265069340977,-0.5208849324754918,0.7034283527955381,0.17503710413442886,-0.12566922434751496,0.1111467112665469
1979-04-15 12:00:00,-0.7728008833427448,0.5604714815426907,-0.0199240222792684,0.18802315690179217,-0.010204194732155059,0.5669324730725244,0.09620039514776235,0.13847809306629216,0.15349558607635516,-0.35750970960336076,-0.3942220760012167,0.17695011406016614,-0.08612361564068893,-0.38307912239981323,-0.18883336214934962,0.264079857486275
1979-05-16 00:00:00,1.779542887400308,-0.7998460243303571,-0.1732184198989706,1.9735850769416365,0.47194701315413756,1.555752647449422,-0.9099814791758963,0.30097978901184,0.03431224425260204,1.2836962638193719,0.38130247081010366,1.3356521248672464,0.20520835210792554,0.03605968021449668,-0.6493766902326858,0.4043374325584192
1979-06-15 12:00:00,0.47148155322034024,-0.08895826896748837,-0.7193143257984572,0.12295488886218475,0.6380630435635465,-0.4404903615459079,0.8741777576862543,-0.8107484256488138,-0.19279925397284461,0.41984841034795234,-0.7487607728122541,-0.6892369795012891,0.16678123946767742,0.30867642926312056,-0.1574408326134056,-0.07684235353172786
1979-07-16 00:00:00,0.11050606691890263,0.13779519448410407,-0.023807956158379273,0.26081770450381947,-0.568655548348247,0.24116013751198262,-0.29410275253789375,-0.31633722340614573,0.7051135779903306,-0.10857771924316811,0.11749155152495688,-0.3634274191154373,-0.2746125186115414,-0.1830755861824226,-0.04531260459691319,-0.3575877879636784
1979-08-16 00:00:00,-0.27735269334818036,0.3874409653125631,-0.16328405287738398,0.18405347574191133,-0.2076313679611868,0.11280977039166362,-0.5378494778713807,0.510483509872265,-0.3283492122003365,-0.19603500956993974,-0.22782856720970526,-0.5057308038049815,-0.6901235678099484,-0.027650694352143845,-0.292068766231666,-0.10809644398153556
1979-09-15 12:00:00,-0.36452269236694645,-0.019449121709962713,-0.14950352836855516,-0.20040003655383,-0.10566754481771196,-0.3932120992944692,-0.396253339957709,0.22633168078379715,0.14404941129587195,0.5042046169986476,-0.9986125579929646,-0.18077895676492794,-0.1902604233233866,-0.09718902152941489,0.0889479597145837,0.3969998948271615
1979-10-16 00:00:00,-0.6851842619029433,-1.017409847812359,-1.3332607661364222,-0.09343100764520629,0.34644140921883915,-0.13492499366374267,0.30433118884018084,1.227960928532692,-0.042624677318960025,0.17973352657284886,0.45124929580592194,-0.46159098126459464,0.8736999863960808,0.31246399128050295,0.18392106251778326,1.3862787495705153
1979-11-15 12:00:00,0.8296515152658234,0.32182286414460937,0.8006391582271117,0.0981388673052862,-0.3182327480041202,0.18825012761110005,0.2292650705508984,0.8179364573889496,0.937512027602744,1.3863456196130903,0.11646006426391725,0.2818350272765088,0.13858629668442912,-0.7781633439334854,-0.17631458129157265,0.00906279736837462
1979-12-16 00:00:00,-0.14665546043176425,0.15659376290164564,0.06449900714619697,0.3769975876027425,-0.5470621527647466,0.7380605406106028,0.6362281647339384,0.780668155154938,-0.3995833803393783,1.5936459978546356,1.3793929882985798,0.24707208427945948,-0.03525900316499153,0.18352913297666906,0.3773086126369707,-0.5330178656850765
1980-01-16 00:00:00,0.2817945616224202,-0.6816665606159219,-1.1444198685687776,-0.8263245623313124,0.2845604580246083,0.9236502553972522,1.6028522212686171,0.04930903296304511,-0.6472440520870602,-0.1444890907746224,0.5066088732311209,-0.29795548842643255,0.5460579134664021,0.8069652302864567,0.10304139707984465,0.30265115295614725
1980-02-15 00:00:00,0.03899491170619518,-0.11938748062077553,-0.18677503487030006,-0.8126410765302428,0.6355369087376345,-0.7903534782000068,-0.017046325811504226,-0.5112564231183775,0.6262203550127818,0.14387727566977204,0.7505268730903185,0.4399324561673984,-0.02555514469675957,-0.2885809441928707,-0.11891936353882374,0.40831416311958196
1980-03-16 00:00:00,-0.5260074670988445,0.5825321875303713,0.3169330540483659,0.11049481058141264,-0.10563513391808504,-0.4270992474133009,0.6140758813739419,-0.021071823122754622,-0.17314432464970447,0.2651509700936194,-0.1386849579093069,0.5483016598228404,0.0611434095342307,-0.7588421871608901,-0.3045622458429732,0.39881615384887475
1980-04-15 12:00:00,-0.6054894154399167,0.13826414270433604,0.9117837231729744,-1.086680054221684,0.33640495187387565,0.4348939728965868,-0.2958757799580797,0.31957324832403877,0.4772426875001938,-0.24484663332200501,-0.5834405496828229,-0.33204370353005214,1.2244575194079463,0.035862791528997406,-0.4881996230164185,0.7139644568608781
1980-05-16 00:00:00,-1.1103305567663635,-0.660526912718125,-0.019078069794369462,0.6484255206266684,0.6336167970131491,0.33366486920152394,-0.23550676656031777,-1.0555286915142457,-0.4620886838613756,0.004686904398327696,-0.11807383758730561,0.28766648331643785,0.379799750593108,-0.36780705977341893,-0.09320759469519821,-0.23068774025887384
1980-06-15 12:00:00,-0.2031218656934285,-0.1225796578333016,-0.10415664712494453,-0.2631290517644093,0.18740646518913584,-0.36815099544768204,-0.1982676428132022,0.3177882863582038,0.12139003824090883,-0.04118200649145487,-0.386424100749587,0.002818187936270755,-0.4395176209832013,-0.605864189266327,0.594224077913334,-0.24498366075686473
1980-07-16 00:00:00,-0.2169226922481613,0.8000701745504917,-0.19149971241874664,-1.0278790416052617,-0.3356505256275328,-0.04702156246212713,-0.5858045852788956,-0.2610368996036438,-0.15122959597532495,0.35249720415359315,-0.03741436600528525,-0.3026138551513221,0.14013485133707282,0.022212660974949006,-0.5071943933255855,0.483967539380828
1980-08-16 00:00:00,-0.8161007119722871,-1.2287612599648599,1.1388087013358126,-0.043322203834078754,0.6459652556276226,-0.07712416269910677,-0.3172464376255435,0.18860332115602174,-0.2144883684761956,-0.44605541211902294,0.07858216077585906,0.03627742477726992,0.720919313243481,-0.16367042361622675,-0.053861431465071774,-0.3746814021141636
1980-09-15 12:00:00,0.6481108087607003,-0.14780290445684677,-0.22041000558158652,0.098696276599885,0.9510864362649755,0.6749165512502994,-0.5132141742423295,0.5222187328053042,0.06828164185509555,0.15702856922701175,0.414479026912054,0.12681579120037523,0.6512816315625891,-0.6479829109857778,0.04768330399408008,0.22393711635502705
1980-10-16 00:00:00,-0.6255859618243159,0.19498849341580085,0.3027058471943558,-0.5698824527483781,-0.808477229526526,0.0447887455583551,-0.6970249911271991,0.36766488783795936,-0.24241695940701558,0.07593181728595985,-0.7749076133008461,-0.42322436636450905,0.4482781602987047,-0.40559833885929614,0.3547667902040753,0.7962796824567191
1980-11-15 12:00:00,-0.2588200154912854,-0.20907475876161272,0.1432631084190034,-0.6190014131484626,-0.045853019426881525,-0.6011290088236345,-0.04254216725833326,-0.15996654184287354,0.8893518180300095,-0.0964351542354851,0.18815588969707703,-0.1805526493127857,-0.5250766756612147,-0.40064199760251723,-0.10752248330759714,-0.18296814639602227
1980-12-16 00:00:00,0.35339866228624417,-0.651715899019093,-0.5695169947387141,-0.272083251677983,-0.5785135393922561,0.13690033426282877,0.2798840176828784,-0.045726762999657423,-0.1837991036728458,0.2546966830506376,0.41554071298244427,-0.2224390292963323,-0.5106341017644682,-0.30641010574874894,-0.1756709908841995,0.04308120948225408
1981-01-16 00:00:00,0.2503450050682061,0.3743293151005639,0.1281474221132137,-0.01825921784102086,0.3653923231982421,-0.020957018928554172,-0.45287609800728235,0.10627214233667248,-0.08385918589018332,-0.11568619464783453,-0.04795840360696646,-0.9064898773449834,-0.7036050176145845,-0.31864181055728935,-0.2932146433532502,0.07800543704050339
1981-02-14 12:00:00,-0.22081889685666556,-0.3879854706821283,0.6634783182913319,0.28728295608540766,0.49382599713992814,-0.6539234428860348,0.46179512261702216,-0.11844324805567422,0.4055908356755788,0.2126931946483978,-0.1064789413593697,-0.557708803289799,-0.5512106779350602,-0.24572660873315033,0.1455546109069697,-0.1759446119826104
1981-03-16 00:00:00,-0.1173260669249524,-0.34468114878549466,0.45731557995768546,-0.33285190632280404,0.05806866704568603,-0.10566333989170751,-0.18246135316825562,0.005127108166246612,0.6247598695112817,0.2020521206991962,0.614788043451773,-0.25590843645620254,0.200625969578763,-0.22437362010122763,-0.10945115935504654,-0.36370447034959913
1981-04-15 12:00:00,-0.3848654307160059,0.4488005208277205,0.31705636364157197,0.16490136284629964,-0.014110278626849049,0.6217510461323715,-0.05281960974049016,0.056268998199897,0.03307413003020454,-0.44537614952287835,-0.22155220983258705,-0.740591582562695,-0.08453611296138835,-0.14464392688209626,-0.31507159610910507,0.07342963493915639
1981-05-16 00:00:00,1.0065816848684839,-0.9836672952028153,0.08056667770847645,0.09852457981824181,0.12444714779694577,0.5776802159745736,-0.41809660114985026,-0.4655989934723989,0.055042613702098786,0.4817779572868571,0.3789857919586532,0.6943814438670018,0.518614827437528,-0.5960064857846715,-0.5008384848601478,0.470567632874675
1981-06-15 12:00:00,2.087289231487008,-0.46187609192811213,0.6771669573167706,0.3766897201825278,0.5168571940257412,0.4066083030036678,-0.5730686051410724,-0.3194205036585597,0.5722432512120106,0.9510104022195593,-0.021614670519272017,1.1132416699799168,-0.11645922909916712,-0.21197109306035644,1.0069481405129204,0.726662510091487
1981-07-16 00:00:00,0.4062134808299168,-0.6110196932537778,0.01884909840324811,0.5132999876605189,0.6487738592904618,0.3003239674378847,-0.5938557083985656,0.19274848711278564,-0.2415431598063864,-0.11767000757561386,-0.18410760347070598,0.5205441833301773,0.15659025602966037,-0.4002919555301233,-0.3333897029374172,-0.0591970597609765
1981-08-16 00:00:00,-0.33521851925829427,-0.22299012074926086,-0.32348129190922514,0.01779823879402953,-0.3536771228428108,0.36314182385825633,0.39033165689155347,-0.5724623433754277,-0.022408221023948294,0.3141803081489978,-0.4545255859348445,-0.22859712167731794,-0.5251213784045893,-0.21759569282853375,0.37241586446466085,-0.39694992701673176
1981-09-15 12:00:00,-0.08444860250324004,-0.16270731932614868,-0.11164295731898392,0.6641118914361691,-0.0015186856607686816,-0.2497850312779168,-0.48859640334783433,-0.5627554446532422,-0.26197419724933046,-0.37073995239409824,-0.2178515776275911,-0.4571751909285351,0.20975986475749042,0.3950424452875818,0.13566035283495212,-0.2954274863987093
1981-10-16 00:00:00,0.2579783365260706,-0.011575280557439754,-0.38587357615049656,1.1308268783534499,-0.46825729432305174,-0.6267569776731213,-0.7175757158398021,-0.4642365475495399,0.34789987798250205,0.22202214240298748,-0.17600832804448113,-0.22022465706188266,0.3011742179496527,-0.058177262346275405,0.6005647556016946,-0.2960331241662576
1981-11-15 12:00:00,0.7112064741730219,-0.09280683852622976,-0.05368118139603348,0.46753375586608437,-0.6015299866042555,1.0164766446898081,0.8826281782102906,-0.40245404335000096,-0.4508882752418565,-0.08677659375583652,0.23470754239825847,-0.2663071071524553,-0.7780748599529221,-0.031255302967614806,-0.6733022867346456,0.008135757466580074
1981-12-16 00:00:00,-0.6874826285935565,1.7156189866397225,1.4165836559271152,0.7409644294067349,-0.07117487669615374,0.4122597180412535,2.1532267377210226,1.2528531276797878,-0.8459163754650514,0.9108445474827027,0.31352832789749435,-0.5765963372490055,1.112616391834943,-0.2514816015789215,-0.7793378116522249,0.5666653740974976
1982-01-16 00:00:00,-0.058592612463717775,0.34757932284974513,-0.04192337354160805,-0.6394679125522286,-1.1145123246034787,-0.46958844780670905,0.25196770837979343,-0.7035015254411686,-0.049998781140636606,-0.18598124691721407,0.38011981466604344,0.4790471767080303,-0.08968644501081491,-0.21293185861624486,-0.9107241019089404,0.7771923601947872
1982-02-14 12:00:00,1.0773424181817894,0.5305206061367791,-0.4027800354822679,-0.8106513024648686,0.5101632625801482,-0.5565158374172826,-0.1352570703748659,-0.6682494024039223,-0.06145284132199291,-0.03155331440091358,-0.14317313717266306,-0.5327528886874088,0.18472280501736849,0.02774435164566913,0.1437532096613342,-0.325917513671346
1982-03-16 00:00:00,0.7853124751236197,0.10528627812091476,-0.20432209526292627,-0.2690224102742359,-0.03651235935919894,-0.4698365129778316,-0.2075756290933729,-0.5953584244078131,-0.4183065583257086,-0.11378101463925405,-0.33962569462646347,-0.49695834656850146,-0.19929431639930412,-0.09749008917840918,0.3500266411043482,-0.061260266466360014
1982-04-15 12:00:00,-0.49891639193589243,0.38912383480860235,-0.2508627582727879,-0.089179986730269,-0.9614833241571192,0.27558998739686336,-0.01620049836529036,-0.1758598579565303,-0.12862103485279225,0.4545643442675621,0.6515214143520469,0.8004102995080425,-0.6852410586893538,0.08095527990407714,-0.659351829191814,-0.39274555524570937
1982-05-16 00:00:00,-0.5899390576809772,-0.536617481749092,-0.35078737704713703,0.03516909514712241,-0.08968063309909191,-0.0692873358666945,-0.0388662059403444,-0.35616734916454906,-0.1910179127718559,0.18904209406333133,-0.5971227998003295,-0.4745436654615943,-0.10132779793285918,-0.3624244093469877,0.2919922725993786,0.19439507190301525
1982-06-15 12:00:00,0.9831259469931396,-0.3990301251594637,0.7011865100183684,0.6067706127438247,0.7403095502971041,-0.04091076310734926,-0.6055362309550777,0.3417513056964318,-0.12834944765504425,0.40439518566860133,0.40297284923801596,0.6743882815569177,0.2490428687734112,0.4289979200892766,1.09936914743166,0.6104661836160565
1982-07-16 00:00:00,0.6885516380785076,-0.18258736571205694,0.47859903038836404,0.21716637478690326,-0.4334829663206691,0.5927654026063381,0.089426341682172,0.4937476100303129,0.7439142270523644,0.28154669389472364,-0.45626984557678674,-0.0016581713185122027,0.20615025773368756,0.779737988737947,0.6570984902947096,-0.03168084103657076
1982-08-16 00:00:00,-0.6802555601948381,-0.4859360503471929,0.07004386912542646,0.274177567083147,0.10180319440140717,-0.40531532263103554,-0.05323751376240382,0.09553605912188406,-0.15557823994370695,0.8749112903933276,-0.34078843967088257,0.01802231424542411,0.2850994333018917,-0.2655616361158504,0.062072347971639436,0.3977014975427477
1982-09-15 12:00:00,0.4530309375244084,-0.5135352603414288,-0.4707811800293833,-0.12776603020441063,-0.255667914520964,0.3468333042982955,1.304257736330162,0.5548865255854784,-0.5697770764301907,-0.2566130525918557,-0.38792929892241396,-0.3985154831468746,-0.13134877958250102,-0.11187358171518247,-0.28047086455432346,-0.40598957433633875
1982-10-16 00:00:00,0.4263969756142758,0.9174816544222646,-0.3101505507220609,-0.12360646433808054,0.8081731484972007,-0.010323514214160667,-0.5808291016196416,-0.20899523612836307,0.18332958636547408,0.05413731187872323,0.0020235535819030925,-0.28026397337264464,0.6348026394926958,0.14663143772114418,-0.32361283997653567,-0.24925010600559688
1982-11-15 12:00:00,-0.8581325558029943,-0.34394357142888304,-0.3195842747757116,-0.07071205464146879,-0.09920943888579031,0.2850232370268315,-0.14765316616386692,-0.17634829408197963,0.067388881249488,0.061917824651200215,-0.1716628780571593,-0.2170942110659665,0.00019683618915811163,-0.23817191822446282,0.1404767952486642,-0.24771382841609785
1982-12-16 00:00:00,-0.4099025410988839,0.7171315873324084,-0.20088356184740036,-0.5710875624492402,-0.0061192285469900964,0.09927266558358638,0.15115531391822246,-0.22098092862081165,1.2798623770789248,-0.21170194976193546,0.01250743796536058,0.29457290751828513,-0.056535753450980386,-0.350612311506056,0.2714499655816967,-0.14068225746901264
1983-01-16 00:00:00,-0.01105324425012394,-0.4760437170778504,-1.338252075733962,-0.41520455967805336,-0.09520263315176603,-0.26666000400662615,0.1809266052274382,1.3470197555807948,-0.10221406021496332,0.07481107588985655,0.7719609831937371,0.013831741314764612,-0.1313726360196114,0.23560445310424205,0.3639675138234504,0.10114948056676049
1983-02-14 12:00:00,-0.31713644463814356,0.23229087933223977,-0.1677939860057337,-0.3416275379041306,-0.21582459294717676,0.5337809481853691,-0.598810908199055,-0.4783479831942626,0.05524641834651345,0.4510344139252685,0.16427261247952435,-0.11881389064834702,-0.6278908194349386,-0.34333549430456733,0.29361881807051177,-0.30714069128278076
1983-03-16 00:00:00,-0.19327551380151292,-0.5977620177160977,0.891567708478122,-0.7707674194060268,-0.6983984870428784,-0.30591973132783823,0.2787551192571188,0.19715181754724143,0.5212324305180163,0.002620417468434222,-1.0305713658511744,0.25074618633329593,0.09455865158759014,1.178419581819011,-0.5622359568721611,0.7243020570094436
1983-04-15 12:00:00,-0.9229909150456841,1.631709691443037,0.9190620470424344,0.8711533672391379,-0.9698033436302077,0.3262157456460125,1.5133323545109474,0.21176924547517015,-1.2152921165919663,1.0982236080120087,0.2798897690198691,0.4588957351687909,1.9138274699547368,0.012226751030201877,0.5134277521585981,-0.45272923872875614
1983-05-16 00:00:00,0.14056402215099773,-0.15870451211525644,-0.4319106721521423,-0.23272984768874683,0.3366872509574851,0.0808010119894278,0.29699948890053973,-0.2006776398888347,-0.2750909574973532,-0.2694156834919212,-0.32005498602565674,-0.8259519634188527,-0.3108040833106954,0.11867714162026477,-0.3170275714698729,-0.3229515748710913
1983-06-15 12:00:00,0.34323211731398484,0.13727975900301184,0.2925800461711159,-0.5150227064053219,0.7647266089599724,0.017069388782962158,-0.2752689825494885,-0.914637610662402,-0.6919059994793311,-0.3333031387566668,0.3698439965272115,-0.0702892137321306,0.43013086945703094,-0.3353959537385931,-0.48407688375159097,-0.2179447495661901
1983-07-16 00:00:00,0.21626991348363356,1.3136080575227314,0.35234289991623224,-0.4529965245224031,0.44970753096279814,-0.5313858418336789,0.4759230502770929,0.19953877508408419,-0.4867946134508893,-0.005751663265540052,0.6238146553135477,1.2205856220073206,-1.0241420711714524,-0.17739157958615992,0.6069056155571615,0.42084670598440693
1983-08-16 00:00:00,-0.40118340261916946,-0.02220923909179992,-0.3023699660558665,0.23466268221007003,0.11053027346359878,-0.6852175185079706,-0.4434104355782805,-0.43389457959678446,-0.2111901220866157,0.14091160437870254,-0.4926071421325533,-0.08233417900078888,-0.23097909603618527,-0.42664805845486403,0.4309078820032709,0.021730989028586112
1983-09-15 12:00:00,0.022921450396505894,0.08022762443629197,-0.02901411340667026,-0.4093543272585154,-0.39983291352761097,-0.04809432342456493,0.4979822986920003,0.025237952406738495,-0.47588512500184255,0.22517439033430853,-0.4961620686121139,-0.3945110148268097,0.4000413453629402,-0.47314241271870844,0.21958086363234763,0.010112393405139086
1983-10-16 00:00:00,0.26043226283142684,-0.05224788600395425,0.009481245499428859,-0.18638697576250546,-0.34937315352415615,0.04127836381530503,0.09061331279819151,-1.1676604747205392,-0.15886375258685415,-0.19134325585339645,0.20372274519072503,-0.2971701039161712,-0.384368245222795,0.1284547406280585,-0.3080826519753408,0.0651631090684815
1983-11-15 12:00:00,0.5401914764225452,-0.36770388815573946,0.2530265379363271,-0.16512189702647795,0.08344402079743041,-0.6689378666813554,1.0440109989591155,-0.803098844811661,-0.44450342583648333,0.1976810547688927,-0.4845372211023526,0.27397676166417295,-0.22228996445449362,0.3781406103856959,0.15722592579687986,-0.1092559385435884
1983-12-16 00:00:00,-0.7121743366578391,0.20818781517640425,-0.25465780375679503,-0.01538668357695444,0.18013044458797856,0.490235883990905,-0.485801674534803,-0.2949629635088905,-0.45403985071219777,-0.00971113249904837,-0.4347528106090674,0.3008738625147235,-0.29903336300278216,-0.09692991282062557,0.17301198679307986,-0.3551554341543613
1984-01-16 00:00:00,-0.4094352932185038,-0.3305825700757883,-0.5796449509129279,0.06666813962992679,-0.21808190862012894,-0.49120574027437097,-0.34547646747729677,0.09245838000544612,-0.1483452106169413,0.05961390621944884,-0.558751077426261,-0.2255648529502029,-0.3003597273106287,0.15971868297860792,0.332192209131916,-0.014240002586560274
1984-02-15 00:00:00,-0.23739617053379972,0.010056000643511254,0.15804934371523602,-0.6209451150771231,-0.807837573887967,-0.19436859943743434,-0.8774764083283306,0.2874154011100002,0.29507638584440415,0.4587055015375529,-0.7484874117678331,0.4890603373553838,-0.06514798930757082,0.6871869235117303,-0.8177855218091648,0.5575658520180737
1984-03-16 00:00:00,-0.3371242091932899,-0.3341181926930642,-0.2205739280926773,0.2984665549533402,-0.040361090087706886,-0.06018150287447965,0.5132142156265603,-0.07120086725576205,-0.8674454424775233,0.08793971843471868,-0.1901899192317537,0.23845739608796845,0.496659781149156,-0.8804376583505052,-0.33005634809004125,-0.2181522917048493
1984-04-15 12:00:00,-0.5471986437683973,0.9749066281081984,-0.12022063715959903,0.04039290317749994,-0.013023077836361807,-0.2964296081654222,0.5907345771672664,-0.4830004268993831,-0.3656198809315218,0.8656591241127465,0.4064988953174397,0.2744239438179067,0.47362877783763313,-0.27172234085433933,-0.028569538118712795,-0.3726899024622766
1984-05-16 00:00:00,-0.893925716055959,0.16355067724052638,-0.25559879285533005,-0.4662381216287261,-0.4538776244941582,0.7274793328187997,0.1453837132896446,-0.5095612788794126,0.263123700799813,0.3580465719496452,0.7963748153417367,0.23147632564792897,-0.6170455205794636,0.2283068729884461,0.46026408181676126,-0.005219414515997667
1984-06-15 12:00:00,-0.21467162490845254,0.16001279375462377,-0.0700047361712538,-0.3540370119416559,-0.41649566826987056,-0.24469025822723367,-0.001453545495672559,-0.9012826389900259,-0.20902256417744802,-0.11032287638672783,0.20830306430639062,0.11193737233742695,-0.34331745734229757,-0.5159465793592781,-0.6412376478727349,0.3304413531624218
1984-07-16 00:00:00,-0.6377618023265397,0.2327753497324426,0.11658264517169256,-0.009635765219824621,-0.9813354900997698,0.1288521792181957,-0.09982925131730003,0.2195670196898944,-0.2685926045737914,0.10746737821802554,-0.18264926262758824,0.3320141189840785,0.18972884644375976,0.471542981915712,0.12435411529493032,-0.6680461695073029
1984-08-16 00:00:00,-0.33435310666789053,0.4882634978989969,0.08499908430953287,-0.13264989345388672,0.02211919065542617,-0.5188175179167654,0.055109593546848745,0.3653584135522006,-0.5730551519339531,0.17865810703037366,-0.15279478064792623,-0.3201490904672186,-0.10862742799458269,0.0015406142244259735,0.3811346025452381,0.22963159996511345
1984-09-15 12:00:00,-0.14514148615121003,-0.19239976120946087,0.3556209003732893,-0.3929703776684707,-1.1617315064909717,-0.6111558517577407,-0.3052842258285994,-0.660795581229027,0.11058483816941717,-0.5952340457452852,0.8358840246401045,0.3080571430415727,0.41962968593593786,0.06577478773399237,-0.14240174304116562,0.06614586448711007
1984-10-16 00:00:00,-0.6139758571249003,-0.5225182054526872,0.024086793426819436,0.1908651657554118,0.29197315538203006,-0.35435242382186005,-0.22374816394222652,-0.2844068895726867,0.550101035539172,0.24940110519378336,-0.23967265016704578,-0.24180032300387688,-0.17554376467428878,-0.001435568862437342,0.3615442197712498,0.12432780789497838
1984-11-15 12:00:00,-0.4097063819439328,0.29587497179655475,-0.27707409483356243,-0.42478549756161477,-0.07226238799142903,-0.6585992918749354,0.2630141799414435,0.2155430822450676,0.2125345805258279,0.2269730682829474,-0.09818517716977698,0.3260433693780559,-0.21070220206331436,0.01485417436146308,-0.28585868649232604,-0.06013980959573373
1984-12-16 00:00:00,0.22617858331669105,-0.44493110905844824,-0.40627090845184477,-0.5001029728336633,-1.6918598782995962,-0.7122305391004756,0.30756365321794144,-0.9932249816411144,1.0603325660701926,-0.2527117544518033,0.9850871970801818,1.2111676835774174,0.20332550015188966,-0.3624428725374046,-0.8760649026413384,0.5680638424751578
1985-01-16 00:00:00,0.08054131646415608,-0.13559485482184636,-0.6421962669575701,0.469198940283289,0.05402980181683925,0.7135709588355882,-0.24488563508365457,0.9448020577862061,-0.1366156852266194,-0.33774574368860694,-0.29710627523639505,0.009372771689818205,-0.7746424322228684,0.44054225028561,-0.8440216578880398,-0.4154564924935542
1985-02-14 12:00:00,-0.4837237422126486,0.7202832013631172,0.07325878548377604,0.016853708176596427,0.36227839883816093,-0.4271399366551817,0.4536220399171963,0.3691554215536993,-0.7013572249461002,0.7012904589514171,-0.2696810511698127,0.3889554021093381,-0.5814933838042867,-0.14413342997973688,0.6513456362126147,-0.3810560777280674
1985-03-16 00:00:00,0.18061426924122637,0.30051746069781937,-0.3061556481786529,0.29648882575771873,-0.4122112491081714,-0.33649070701763983,0.4649884307791755,1.688336248811295,-0.6620884571484453,0.06567026800682063,-0.07153315356690287,0.18383408048574745,0.4513719303743484,0.5484869774923631,0.30757143292342815,0.7428186947332676
1985-04-15 12:00:00,-0.3485983612869576,-1.0599447553441363,0.6332697214790095,-0.2001714991590712,0.4609314077971661,-0.5338846195273741,0.01563217189236288,-0.1781579822158109,-0.24718694850219733,-0.6044399396803397,-0.2959039287669023,0.5584407686618343,-0.49734163016830546,0.005468065801568223,-0.0526131897091244,-0.1102532351079652
1985-05-16 00:00:00,0.9962941560321034,0.2843078056010092,-0.5726522143196902,0.43299202409699034,0.21836072645100735,0.2252987768482254,-0.7842647879835297,0.16981228977332843,-0.020889066626921915,0.15968802640400614,0.4577581685368712,0.06804989902228598,0.0003489188233304352,0.0022049492447605568,0.07399492052534065,0.18124670994646735
1985-06-15 12:00:00,1.6971963753248636,0.8055662660407907,0.05492677843825841,-0.9774234046026187,1.5104267725909,0.21522011187980417,-1.178547933234016,-0.7299907350572625,-0.33438144089403915,1.1431778245643702,0.7130405873838166,0.15984471877354345,1.0540688323448506,-0.2998479809385798,-0.5491666577595884,-0.24220121347784632
1985-07-16 00:00:00,-0.3802909437112104,0.4105435290410574,-0.04847196217827848,-0.35841824493441954,-0.2135994637635093,0.4919995856732863,-0.21470595772158851,-0.33752363728179186,-0.3152166585555247,0.5826014108158974,0.1687062328223245,-0.31077276692526423,-0.21980547420792063,-0.16100667840938776,-0.03468353110374442,-0.15260386994224845
1985-08-16 00:00:00,0.8969613303436516,-0.3738727673013098,-0.4109959632455991,0.3100830440217667,-1.1143811793361111,-0.38533649825837546,-0.2669607721142212,-0.37169267886282975,0.6577352441250375,0.2209166882510326,0.21454560008213525,0.4025668334218945,0.23597642475370906,0.11719910148585766,0.16526570663796591,-0.07097882261163202
1985-09-15 12:00:00,0.5482529015318561,-0.40062123893418256,-0.3907333860283457,-0.756103139538574,-0.04517876063034837,-0.16655453789730634,0.8625453193812526,-0.8110142389706365,0.7762188580672631,-0.3848015410493601,-0.5477805254711858,-0.47868701203098135,-0.06426256658273,-0.012345684253966316,-0.1814307716573967,-0.5387543934976762
1985-10-16 00:00:00,-0.2738884734280904,-0.1331582154010804,0.2346343312795041,-0.5359907790622805,-0.2626149350533378,-0.3209237860661792,-0.5139474205388372,0.3840239293996987,-0.13957892350818846,0.02620488439378621,-0.42739178467086425,-0.2632294047724755,-0.35217783504639655,-0.5365131564074137,0.595579820259158,0.5980221409802449
1985-11-15 12:00:00,-0.28883715131181226,-0.1532428961789244,0.03322789259774975,0.2955740785759732,0.6594568520882157,0.26303216679064423,0.16973153326672763,-0.8369838431271243,-0.18005815079908963,0.07941078689742326,-0.24132136231745024,0.02559106221905183,-0.5032909016412959,0.14570244135122556,0.7945178657536114,-0.07411806142957905
1985-12-16 00:00:00,-0.5639270417031178,-0.11016359998428836,-0.12005785522604369,-0.27592489552592114,-0.5828856033056201,-0.16896970884267543,-0.324392095019066,0.3507733283258581,-0.08094401516976907,0.11274180477430307,-1.2935898666680614,0.6220792385543307,0.031240129287736007,0.9385665951763764,-0.49594410251037135,0.3885843549991809
1986-01-16 00:00:00,-0.8903592050983671,0.5655187877484381,-0.6632989498585442,0.34858682402311447,-0.20205576015832422,1.6264266514112284,0.08042807731104251,-0.8001272803463776,0.27849458405167543,0.2880851930335026,0.2525700151131635,0.18377587099104475,-0.7679734252589888,0.893930665240406,0.7322215904893548,-0.6597160695642781
1986-02-14 12:00:00,-0.9434558065284819,0.5382750274920944,0.4676847807048844,0.4417300557701097,-0.22816429571610183,-0.5900857721206243,1.1407531011439267,0.6837609317812493,-0.6495382509277439,1.2189552823362997,-0.19861110899761358,0.21859997438002243,0.620509208846616,-0.31220334722998444,-0.03236412349601739,-0.1124134780265802
1986-03-16 00:00:00,-0.41039157744298277,-0.8547734811841249,0.5535104056772594,-0.5875337981644563,0.38621991493543406,-0.4109601865862553,0.22592380421227587,0.34489448975833414,-0.23252357322647896,-0.0662532548117854,0.6045886711278206,-0.6420702565288547,-0.12162477770679692,0.05903832224518657,0.21504025016840084,-0.24625631406551116
1986-04-15 12:00:00,0.35681058233813734,1.0679999760282597,-0.23359320007901885,-0.9498300300954211,0.5058788868117865,0.6263569133556982,-0.13084432993931283,-0.2781175634476112,-0.6869851903136008,-0.09478822544784171,-0.20661975992109538,-0.1384446477238963,0.1674439744927353,0.7905946138619888,-0.4012390510230429,0.17414929306845467
1986-05-16 00:00:00,-0.6139126881412851,-0.3747435403416802,0.2892048707015473,-0.07005907162563768,0.21233954812623723,-0.41769118366769076,-0.023255074078084248,0.3613628792840056,-0.18530816449790138,-0.003970727509497118,0.34310979711071005,0.2113477257693761,-0.7853375467958947,0.32342630685211105,0.4338153650115094,0.24806531809989513
1986-06-15 12:00:00,-0.03608726143372487,0.1644181125525653,-0.058842720303249135,1.393004980218207,-0.04395138804219445,-0.6894853905696063,0.16928699753121712,-0.1326518675234208,-0.11209953808001097,-0.5821928439655544,-0.0028550079389478844,-0.7634836418730699,-0.2519553425146002,0.1922051203600299,0.18991429219656836,0.45491097186317037
1986-07-16 00:00:00,-0.19847793807509756,-0.023508808378999796,-0.29213909310173114,-0.09671707442290695,-0.5435946500681581,-0.4024099086087529,-0.08892592009271894,0.8843249608102646,-0.2690884207292371,0.23972044733035422,0.2982980345360197,-0.24549091827363356,-0.12882582203628068,-0.07672726446745415,-0.08483890558295679,-0.07214179745038796
1986-08-16 00:00:00,0.3051340905890306,-0.26417075078104607,0.20113622067990636,-0.25345899882089346,-0.18804076516778978,-0.0368057617748912,0.4417376025406178,-0.0384107999294292,0.35458009555455355,-0.4479301611194357,-0.4840479416065318,-0.7006286667233745,-0.3198298088466066,-0.228409387910529,-0.27779297121920454,-0.29494686653462066
1986-09-15 12:00:00,0.07095330176335701,-0.22557259254830542,0.08057759544251938,0.08055607349924732,-1.4482520595248507,-1.1345509456064509,-0.10266279382423638,-0.9975988610274077,0.2604840795262356,-0.541312252181662,0.7407956628575285,0.9207592918141748,-0.0387875412983959,0.04932074815861354,0.03223676796526234,0.2581346633528671
1986-10-16 00:00:00,0.9858272720219842,-0.4523682028242899,-0.043134582616963235,-0.1256064341818679,-0.09068238378072152,0.25700346301843413,-0.2726079332349013,0.08291833538819775,0.375556135351429,0.525654317593815,-0.26575726761393254,-0.1801999375765897,-0.3501471631687042,-0.7348411836324706,0.186192832046415,-0.45627577240430167
1986-11-15 12:00:00,-0.3650562249743748,0.38157614109070015,0.03243543875000687,0.3413897878169674,-0.5631563425341259,0.6295893140557219,-0.5721758445460986,0.09676540871273517,0.2313387875143899,0.13513565732230629,-0.48385316334363976,-0.02245786574254527,-0.037317485067027145,0.46273572296264476,-0.267244472588661,0.11121443485740207
1986-12-16 00:00:00,-0.5811915561290438,-0.3978371820604152,0.2729131740322148,0.3055825463754923,-0.01892679057464275,0.066035341910194,-0.02299161123450766,-0.3319581851003624,-0.49228151454229385,-0.9336762827151972,0.3615237575886128,0.8478643391249784,0.516427852726548,-0.6694702351862166,0.5965126593219684,-0.3523073089275568
1987-01-16 00:00:00,2.4736610924969757,-0.9445086197295434,0.4371403218398665,0.7869409932743637,0.23901699071192828,1.0932130193046623,-0.5839344928017518,-0.005044896872465843,0.28861340477989167,1.2494782489215044,-0.16692678662236604,-0.2552228025084995,-0.4040375856388257,-0.030870772515043776,-0.12005474657579226,0.3781154518452892
1987-02-14 12:00:00,-0.5329896660417047,0.10318468891479823,0.4394249221993083,0.42873289065140485,-0.19000748682232843,-0.23881912148971773,0.3139560550463335,0.02633564251461689,0.5106074587062506,0.02986180030550245,0.4084305135784299,-0.5787533696274425,0.35359973525552335,0.12641756660602987,0.6027330494200186,-1.0275939806759822
1987-03-16 00:00:00,-0.4614384119649877,0.994607249596142,0.5049380775485031,-0.09433833710392692,-0.2251621534527891,-0.23721781266030773,0.6075850238040249,0.19761522751475527,-0.9316064035401521,0.9277147169098736,0.3109685461084863,-0.4406958791061584,0.20617617184244308,-0.37353746618888756,-0.10810772007632422,-0.7703816701131743
1987-04-15 12:00:00,-0.3330629709109211,-0.9703551762530904,-1.2977805323535967,-0.1265334256873225,0.1708847783517916,0.5084544551153728,0.12697858985316046,0.6813660214513595,-0.6447746646982377,-0.19649185420318488,0.1998401406079528,-0.3531070381355158,0.03899881931525362,0.12577968967026287,0.2433944880162457,0.1853065030079662
1987-05-16 00:00:00,0.1676459453993443,0.08962041644845423,-0.6331481695223902,0.4216860394490287,0.5774806740067778,-0.2400376021458211,0.8816412595332656,1.2902908859345734,-0.2962660079698198,-1.1839945081631649,0.41373056233328237,0.006524489222605068,-0.750308007766913,-0.32863774725197403,0.20930897345266325,0.9072762658222657
1987-06-15 12:00:00,-0.19395344935555142,-0.4141699488762804,-0.4505440070049318,-0.07701224967983883,0.47086007655805906,0.10050329647256717,-0.6819082189840229,1.1328138314589729,-0.1715249339655513,-0.7311717440817225,-1.0139273114452123,1.0386811718592082,-0.047330158233008235,0.18677572342187387,-1.0657145636491803,-0.6385816400063962
1987-07-16 00:00:00,-0.5300905915329912,-0.024462746450864742,-0.01078237741069693,-0.08114514424493419,-0.4829683160808501,0.25755993403972866,0.16572236697857756,0.2511269221424333,0.23400202713849833,-0.3821978856465171,-0.24241342731043947,0.25018011133864515,0.7525998177285727,-0.6136786342901654,-0.016340028840848925,-0.7532046384827138
1987-08-16 00:00:00,0.9274279780866798,-0.5728567344784694,0.37171448079696456,0.17440951144445427,0.6898556327871542,1.387661046921162,0.24911395671492642,-0.08984288994374934,-0.43398783648702155,-1.1000732573754661,-0.6348853717723018,1.8520418477618024,0.11941145588670177,-1.3551947275762461,0.9582496189419328,0.3000449343199914
1987-09-15 12:00:00,1.1926343636815546,1.7703767191758852,0.30760718146982857,1.4892249024548385,1.515703643610527,0.5429748615388353,-0.4519158283994608,0.6711522971004247,-0.2251124483748096,-1.025963633850525,0.5738106376044911,-0.6223905670585501,-1.1737676302767135,-0.04522228463439837,-1.5070155685760815,1.0431403411539355
1987-10-16 00:00:00,-0.21336412672981409,0.3247263756262717,-0.0987513390057569,-0.3883256546752592,-0.46317969120004926,-0.4251935183710293,-0.5529009453468459,0.2770611857822451,-0.06955612094558622,-0.07747621490731693,-0.3354603245538561,-0.43744324343007107,0.32222669000634585,0.30501295161314923,0.25445468938018523,-0.21917406877154072
1987-11-15 12:00:00,0.40881242792500017,-0.20981755085034576,-0.4895781116549963,0.05829794484359896,0.37228902925864293,-0.3495949547174858,-0.6647944422689239,-0.0018208969029020333,0.2030018284277973,0.7451924546021079,-0.008727692513286034,0.646270568992163,-0.4247747028103125,-0.10889455919887392,0.22433858150129501,0.11532154051108429
1987-12-16 00:00:00,-0.028993007196679688,-0.7971915766579222,0.7819604486683501,-0.08260569089987113,0.8439582500247768,-0.37332100771601473,0.21195975973486092,0.10944124670866015,-0.1349590778520536,-1.0329474075925908,0.6376400344677815,0.31692167380577885,-0.5632659706193411,0.6460721711346911,-0.5932479783788998,0.1488993321033832
1988-01-16 00:00:00,1.1961032847601611,-0.5156809937583762,-0.13816273168944027,0.11308907883798658,-0.8113218056866125,0.5905894923021201,1.0606971135637422,-1.2472831817215966,-0.014833563803886007,0.2498340302215741,-0.5509205680797873,-0.1747685498054683,-0.6019333089538712,-0.07353429031074632,-0.2842132858208464,0.44277141979349605
1988-02-15 00:00:00,2.8566655418208367,-1.3214963189317566,0.00400381133254632,-0.5082746128139076,-0.8572711139944054,0.7544951224333051,1.3786052854883386,-0.9096456505352636,-0.19141597052463735,-0.05959911188088002,-1.0105058814720318,0.36175768534301145,-0.571074719647167,-0.45596564520427685,-0.0479989030665712,-0.018651682935667657
1988-03-16 00:00:00,-0.7361428828182447,0.12135059246871313,-0.19470661101741576,-0.12344239760964698,-0.338188908845226,0.9086066451491038,-0.2039711204441763,-0.026335419915589735,0.08565714174755817,0.2766690096304243,0.30170779753047167,-0.01691987510457582,-0.41628699623448895,0.12942166995444793,0.994499499899151,-0.44283219449612043
1988-04-15 12:00:00,-0.38702410507169344,-0.8164585305593864,-0.8806270932572863,0.19862217650123548,0.11691419583818363,0.1332172254090741,-0.08292670901272403,0.4086266475395735,-0.3097446937665589,-0.15244988315417607,-1.6390096351850674,0.8105972293625624,0.02275835983394403,0.958688733517004,-0.782429148958835,-0.41050571478380093
1988-05-16 00:00:00,0.10442472615315201,-0.3711203675310575,-0.6419628134886006,0.9866719430476462,-0.4722050868525136,-0.379777541702645,0.3084106671147434,1.1724118518557873,-0.43017801053421767,-0.3977858859049744,0.7542143140806059,0.041812900782939755,1.6001998294929334,0.9276415522519763,0.5348837926482353,-0.7102071592395602
1988-06-15 12:00:00,0.14538312070694193,0.4878658027331241,-0.09514592871258847,0.3513115662957229,-0.7238388330941707,-0.2911267759447871,-0.4504335960749829,0.45890057436536175,-0.29984037938577446,-0.5127591961056297,0.11133947772659308,-0.05654253899548378,0.2644484665744321,-0.04933246408064951,-0.15840903251670344,0.6033873483064931
1988-07-16 00:00:00,0.9436030954882985,-0.5620744629907528,-0.4878636639618553,-0.3136189560080885,0.6922033858400088,-0.23950610249395238,1.2416248560899303,-0.3897321497094272,0.7400239762916951,0.21628008546691843,-0.7438186582147673,-0.5416055621258467,0.055044828757992326,0.35128404992864937,-0.0717983825982263,-0.43854871738668383
1988-08-16 00:00:00,0.1628746139162458,-0.8121620073924549,0.8557061276576214,0.3393324459806726,0.0348001817284318,-0.3313039778331123,-0.6631466478893564,0.10940620026834635,-0.027328204772957443,0.3557608230088892,0.5144553204449891,0.23611016014894515,-0.1998825119332746,1.0347814140914744,-0.5167640843504757,-0.5343664459717065
1988-09-15 12:00:00,-0.30218358921964694,0.6038007086311943,0.5044946437384592,0.871210788237997,0.05681378082660982,-0.9294634110157992,1.1958143397554162,0.8181195397192326,0.28441027072301134,0.5962650055284733,0.1209584125391569,1.1862686376665912,0.36635462442599276,-0.049923328236509135,0.4057648506468866,0.022138911282969687
1988-10-16 00:00:00,0.08302964795643053,-0.1623175668284667,0.6375271739698527,-0.14379041214359128,-0.49226281999331134,0.07819052617026245,0.1612137786862634,-0.1335189805483103,-0.1108730086894272,-0.1935888604050578,-0.7506990426259809,-0.60774652317626,-0.204532312468497,0.26577252094480674,-0.424093932661585,0.7171091003952799
1988-11-15 12:00:00,-0.8312477367730866,-0.2753529129446077,0.6958389184490523,0.06280039562274609,0.03578308220414972,-0.16318406977865074,-0.049358348534817575,-0.3460208437456498,-0.1815084376301545,0.3904704181777252,-0.36963010877145913,-0.47101302907987275,0.767950185165148,0.56583705448857,0.17527899992950324,0.33245196927987447
1988-12-16 00:00:00,-0.031638963439906964,-0.5557552600757417,1.2865496725433094,-0.10603721960641038,-0.057679304610457616,0.471806586340323,0.9968371925667027,0.434604136928584,-0.35416827412493407,0.18809980051163372,-0.8032234002922825,0.30302574837026375,0.47836474005643903,0.6971816892847598,-0.005105630008263695,-0.26902963677389363
1989-01-16 00:00:00,0.2453091232822272,0.404601843608574,0.4256682478989462,0.6325319748566275,-0.0565650881174844,-0.15082358632698795,0.12738032279729772,0.45562931358670916,0.09848491916614854,0.1516568425184855,-0.11790166854456557,-0.4921647563838601,-0.08351797128178007,-0.48667554144694636,0.0030102778852611756,0.11280849942653143
1989-02-14 12:00:00,-0.12550967792096857,-0.5024261037648431,-1.213062495160483,-0.14114850929055833,-0.3359695396458672,0.9047462321155749,0.16545339639023138,0.6665979680267613,-0.5017345454824752,-0.25088261979665133,0.49124689429614216,-0.20098183094127042,-0.780658697724229,0.9500599894776658,0.530762396571668,-0.1251259605241794
1989-03-16 00:00:00,-0.2910743147690811,-0.04551128545883476,-0.16071911304621683,0.38717937023081017,-0.26639737584391104,-0.08797063991281584,-0.03939105358862227,0.15584204323200396,-0.31081644092419164,0.7821787323614107,-0.35371339479052566,0.2751754462102657,-0.14737246642724167,-0.1950208736972282,-0.1890093113206552,-0.5086641734184008
1989-04-15 12:00:00,0.5570491061732715,0.4481671630051175,-0.8412680536652561,-0.6390057010150331,0.8374398176826913,0.5164427479426931,-0.605721242322205,0.18262883337653663,-0.3176933835801061,0.5406408555561995,0.8328155543833409,-0.3602801620320497,0.2301319703486201,0.18610676432961237,0.299059709700312,0.10232986511353676
1989-05-16 00:00:00,0.8347774989823807,-0.10549440531063013,0.16056696675634793,0.4668432435504184,-0.297678589395057,0.2941822098493526,-0.699715784797722,-0.018307767046518368,0.04595684536521899,0.23348254487617626,0.09682130853155108,0.2051319094615507,0.3803304387593095,-0.39817010583093715,-0.12313600964757396,-0.17815173441590731
1989-06-15 12:00:00,-0.7564410942696982,0.6098090949870223,-0.04749579132211637,0.06367943495318562,-0.7836153602199292,0.9928176030605887,0.2504766351794131,-0.1739167936065688,0.09574077752461557,0.052688072251427964,0.6509108728205679,0.5631072209649551,-0.8348744140317887,0.0851358977497153,-0.20478776626002423,0.2004979750347417
1989-07-16 00:00:00,-0.23072543596197148,1.2399422593327865,0.753906031541389,0.1512021655436877,0.11115020743129833,0.11860693022806501,1.4379049627400602,1.0010109286252158,-0.3183279203245943,0.9571404752964248,0.6769811768162266,0.4320964997572915,-0.05603229794737985,-0.21528010710863565,-0.20119188052728007,-0.35845552009221326
1989-08-16 00:00:00,-0.63285435999316,-0.40580010575936765,0.7899095003335495,-0.07145845590393396,0.3182566903437102,-0.0648550488452298,0.23959332262817246,0.18343740415892482,-0.6452095584033959,-0.8330981095458816,0.18960194907388522,1.1727737645085408,-0.14768657963274123,-0.2498937790644834,0.3383713666459959,-0.3997604392904841
1989-09-15 12:00:00,-0.25423692111611307,-0.2878884251491867,-0.31734627475456045,-0.24359139612960504,-0.10729905411156099,-0.26215688727148573,-0.45248449322170536,0.3661306124963846,-0.022143190584535233,-0.3161316697589988,-0.179427897156607,0.41757939567619473,-0.09846486809529215,-0.5483540290823461,0.1669922341624752,-0.04331002453706673
1989-10-16 00:00:00,0.6525666022609552,-0.02898647653811398,0.00853899342901146,0.37071105859964015,-0.1323396379687034,0.3203307589418676,-0.34683372913537835,-0.3504470141138451,-0.4158978860604219,-0.5318090745287516,-0.7112489448005155,-0.19743287255199948,0.016195368269055543,0.44516865679908113,-0.5475450148756369,-0.2597676158881459
1989-11-15 12:00:00,0.30799414517466595,0.2784602805150128,0.5281737953067462,-0.6581912558445657,-0.07809375738535446,-0.7560291774011298,-0.09778007091111629,-0.016317984528593163,0.08222591635324128,-0.019532572649175572,0.4372476519738869,1.4463242012515574,-1.2459270403508862,-0.46255398449101276,0.48967218342088936,0.9420984866533539
1989-12-16 00:00:00,0.1845359791086829,0.4191489320146321,0.3401516869121839,0.1804621435993684,0.576626437403419,0.2521967451071745,0.3077714145724414,0.2887801318261628,-0.4732327505023898,-0.5634748996739767,0.1980570714212097,-0.5072889728766556,-0.6741560854964272,0.008781426629120848,-0.19742167731164237,-0.05619728922228434
1990-01-16 00:00:00,0.1640389277542954,0.38665961371344226,0.010590914552513403,-0.12578960579628795,0.7496207556006452,-0.8113680471764679,-0.4403718738440322,0.37625666306261585,-0.39487309353368205,-0.12117340603639482,-0.3107052476138626,0.5087141007424557,0.13526855513022484,0.6775209303443843,0.20430772805772834,-0.34771158868818475
1990-02-14 12:00:00,-0.14130419676193867,-0.003388021159442478,-0.11885688527977178,-0.037740433188074685,-0.362877487377313,0.139406389507036,0.2449711771544284,-0.10570876156485842,-0.6049986603370994,0.07285823296513425,-0.47722986625893804,-0.5892868288992447,-0.5250141343827958,-0.5981480790379455,0.011323719161985407,-0.490142112183289
1990-03-16 00:00:00,0.13549147098746517,0.10883970752597358,0.05474290049084288,0.18971274765783808,-0.16578723888069136,-0.26013639551155776,-0.5053297767192255,0.05538149948700779,-0.3203207018663331,-0.22099595148297763,-0.25745519495923264,-0.7149288014609962,-0.9249988854173192,-0.5601998523717229,-0.3280787852096523,-0.09913506235272529
1990-04-15 12:00:00,0.30239603374245216,-0.5729647913911005,0.39729475350948107,0.4265142089079167,0.1270799118408905,0.19248137911348806,-0.9479590177046303,-0.05283223258906163,-0.15773565278986743,0.603920468951,-0.08286294353858586,0.32529269745510503,-0.0010417834903256873,-0.30108579424627235,0.36367155246705474,-0.30587362988953076
1990-05-16 00:00:00,-0.2751146971157291,-0.6130094891767681,-0.7976667718217246,0.5250398693568967,0.49570344446645975,-0.7461004577133832,1.1821177627581299,0.22003978075503616,0.21579034125461766,0.5969743325122572,-0.007095144592984548,-0.23794494379346054,0.3827775875132533,0.29163775994499974,0.18431610114540464,0.20780796657666506
1990-06-15 12:00:00,-0.10079524421302227,-0.3208566607005917,-0.034480502453827694,-0.1912081995316504,-0.2909323234993936,0.6767326255577674,-0.06094104774847131,-0.40158561360811273,-0.6185115061588289,-0.6215759176638276,-0.33340276077476344,-0.1760934705928313,-0.12079067690764811,-0.44270169100981444,0.24453492239446573,-0.16259962302413378
1990-07-16 00:00:00,0.0719870931096247,-0.2334565112251425,-0.6276797894691268,-0.3308106320177385,0.052310098375519365,-0.9046670118476411,0.6375428172554217,-0.8884472313587768,0.08127890385464676,0.11846092676659778,0.2212874448812085,0.9627278010047408,-0.4965305920298499,-0.30847632951545,0.05059184322548234,0.6032364727470543
1990-08-16 00:00:00,-0.09452175825116871,1.160602584687159,-0.32998529848234326,1.2346651607182109,0.22780763869844656,-0.0885558449834547,0.03483121140770051,-0.038472596457158066,-0.363711712330824,-0.6929630724019495,0.2620215546910896,-0.562732146245777,-0.06599530793232156,0.2169669617164498,-0.2968738283417651,0.3774116513166799
1990-09-15 12:00:00,-0.7424764757966905,-0.7279917454724267,-0.2928863544671416,-0.17228689222724441,-0.1055955466680224,0.4677540511429058,0.2906986708117548,0.3929245511248328,-0.10053709278679934,0.06465068407993463,0.1676706645468095,-0.48110333475042605,0.39206686198453455,1.2754507013871237,0.16283430641443347,0.9657896748262005
1990-10-16 00:00:00,-0.22471358774738476,-0.626755356212132,0.5043982665769896,0.06811722183524088,-0.6580504057433875,-0.7573288628229218,-0.10675510444879699,-0.47201010993935905,-0.0659572874042656,0.00021723327008504878,0.18692325114054092,-0.3484507346596642,0.04646336172708376,0.33490594706540433,0.008382514394963375,-0.02291137464711468
1990-11-15 12:00:00,0.7360093315861528,0.09741384332095768,-0.44784175218299127,0.0994896268076696,0.6471314106304408,1.0528894757213085,-0.44267779850543393,0.5392813770600001,0.10873461752317459,-0.19317780281469826,0.32954310626568567,-0.10979332230039585,0.5715880558766013,-0.725602244837931,-0.6625075191303964,0.3179540475980493
1990-12-16 00:00:00,-0.36336807559525636,-0.8270210484655379,0.7085038704843519,-0.2856485018912854,-0.2635226967620055,0.26727902209903875,-0.011716245368484812,-0.3217114176130291,-0.5761578334923299,-0.041332286436647214,0.365482514439151,0.603972452998922,0.1983581175149598,-0.8558574371891777,-0.5984672285342851,-0.3991797625811959
1991-01-16 00:00:00,0.1474340895537487,-0.14132598632666932,1.1224286666326444,0.01096804446670191,-0.3682910707765273,0.8482382202192172,-0.09460476996072731,0.19981138687302083,-0.06493265314771812,0.6782506938459618,-0.4156976745294998,-0.08642067087960614,0.4545540937460215,-0.28496749514560493,0.0651867051779248,0.5167682000829559
1991-02-14 12:00:00,-0.36102850199255626,-0.40264431142634605,-0.29742901181906134,0.036578189673640404,-0.23559901211068046,-0.4749652119773012,-0.3258256584365327,0.9724518881632354,-0.3250807442345922,0.06179719310537124,-0.7368607866119381,0.3902154018160914,-0.2933411966674709,0.8422209425980596,-0.8641727164928735,-0.6777408714695494
1991-03-16 00:00:00,-0.12194563272125508,-0.4429596383413966,0.05036046273904307,-0.22348548594057488,-0.728942383255348,-0.48296172513779934,-0.424005393584949,0.09000216791006461,0.08376495066055839,0.3036434895340602,0.5197431589936836,0.7179765221525937,-0.28135826474251663,0.07128760113466259,-0.49977573958696375,-0.12448110025919734
1991-04-15 12:00:00,-0.6888118688569331,0.6558260316856658,1.089773574663879,1.2349502199049032,1.2044377863898479,0.2415152170661654,0.372855803175408,0.08685059876781102,-0.2833097869586909,-1.1533252210916352,0.6208733361228689,0.13197873460116838,-1.7512565250954746,0.4781791102590083,-0.453526393810908,0.7003581186967576
1991-05-16 00:00:00,0.27438992029431564,-0.11881841823055074,-0.025430580322239105,0.129395655868081,-0.10763454800336697,-0.441854893293362,0.35158517155070423,-0.08782298589007512,-0.49547346995181285,-0.3857156222617025,-0.38679884542374837,-0.07641623402368036,-0.7084484024809734,-0.7210744080170676,0.31559327925096403,0.21150641965008593
1991-06-15 12:00:00,0.3542260128835293,1.66805588958243,-0.22689386648715326,2.5476759706390157,0.22950692647357884,0.4913019198030931,0.8012133199408603,0.15671305430711868,1.2108525862420012,-1.8616195689274955,0.7988008347320621,-0.0716028595282141,-0.8312122800712578,-0.016625972515392107,-0.004589181758451966,0.4738743284611108
1991-07-16 00:00:00,-0.7147523613668538,-0.5118164731840442,-0.4891498267958059,0.1188548872839782,-0.12671001117736802,-0.5539553557320576,-0.3053301468446401,0.1453985242631172,0.06042474230010658,0.6834203011920931,-0.6879018814963684,-0.04763658384025149,-0.0581199509997935,0.36686721502546726,-0.16483426916722396,0.776898284777124
1991-08-16 00:00:00,0.07283995684153977,0.08387671063723848,0.09940580591586332,-0.3359252904088277,-0.06341319629647696,-0.5064119793529877,-0.7764324870269441,-0.04384552582502133,0.0473729110073246,-0.14601531218630348,-0.04926023523252809,-0.11245464446075282,-0.25603616202551505,0.011820888179628897,-0.03138431578899625,-0.4722595000651581
1991-09-15 12:00:00,0.4717616776083864,0.6972225785419591,-0.3586967584255188,-0.6520855211915823,0.4507393617501738,-0.3707348187915509,-0.10980475417747426,-0.1564236504171617,-0.1364826357488772,-0.07027578255148159,0.45661149499131454,-0.015836276625608825,-0.40054855325097866,-0.49542530407947266,0.079503599903706,0.08994375182742093
1991-10-16 00:00:00,0.5759938181396874,-0.24364512699028457,0.22886640498316455,0.009092187492831194,-0.5438759302815861,1.1732076150334172,-0.6251998929783655,-0.27622800527364505,0.10857348549219786,1.0892776919574443,0.7519294741582099,0.5287675158144055,-0.6346687492204842,-0.11724310851205133,0.5016211163074097,-0.18453679430783293
1991-11-15 12:00:00,-0.09875637698962858,0.9031099065073007,0.3618308761273056,-0.515488065793809,0.3987770541437001,0.006420234429170835,-0.5165263560219734,-0.07351577639636994,-0.29749196635930475,-0.518332017676661,-0.41145535740709627,-0.1763181185282401,0.4055573420944356,-0.008433959198555607,-0.25150077673814963,0.07579708545207237
1991-12-16 00:00:00,-0.25573925324593966,-0.717895754400182,-1.6333419357357188,0.3313853123058563,-0.23353496978757987,0.6297559844277624,-0.13897674614294864,1.2715947547343525,-0.2831535814505969,-1.0916580398382623,1.4416902445527195,-0.22031705208819674,1.4639081768432658,0.19030973323661016,0.9828039158251545,0.11749276122112756
1992-01-16 00:00:00,-0.6387689724826863,-0.3996244436048312,0.6816032921353185,0.06842772957843674,-0.07071140361871919,0.37223040058621115,0.06124608092773609,-0.5348949597061027,0.6754094103920583,-0.42715749014485066,0.9143760873164248,0.8460122110375742,-0.283674201283469,0.07491910686961278,-0.45688201291100583,-0.13406912560291812
1992-02-15 00:00:00,0.06047183536068801,-0.5435186906848113,-0.4880699808616157,-0.40401751535772157,-0.44919594485744063,-0.46312944388718186,-0.2503279275050233,-0.13876720532909376,0.0020046020510842144,0.397023316562725,0.057412758213382264,0.1205791249360112,-0.40675856436036734,-0.09913892714860262,-0.22335517426721666,0.07924774845777721
1992-03-16 00:00:00,0.04683160182653512,-0.29840569116576765,-0.32000881517435625,-0.13575270091212227,-0.42746319579396264,-0.017741263682800934,-0.38355666883347606,0.16051422747253521,-0.002319587705258863,0.2531508705992976,-0.2590670844730087,-0.4153064946188319,-0.3867285273130755,-0.45107556532942816,-0.2917725034801977,0.27167167226388217
1992-04-15 12:00:00,-0.23668305696216277,0.002185648247850419,-0.82087193495041,0.13740431218084725,-0.343390797685625,-0.4523378419354923,-0.036526894178306124,0.5522256687218926,0.03120377813420766,-0.343898713750096,0.6212713668006433,-0.16964495350294073,0.619181388226191,0.011138099658263068,-0.051535342531476236,-0.3028231217304662
1992-05-16 00:00:00,-0.12250423165485003,0.017842563897444624,-0.4914464232211083,-0.5520457762991022,0.7711184114086641,0.14875734626418535,-0.06139994602345833,0.12750807127840835,-0.6413686843288747,-0.34106748461871134,0.5283640930275095,0.0071258904156525915,0.02907570475652821,0.09275863300014753,0.370921597831644,0.4226452139834959
1992-06-15 12:00:00,-0.05768986979374435,-0.825399276176276,0.957713693355994,-0.11794614672101522,-0.11838211807589977,-0.18485752206615508,0.5874232797700473,-0.40853274755889585,0.10276236260159866,0.8777595656812509,0.9567093269383786,0.4164941809072614,0.012717695482057811,0.03470393449205811,-0.7082523224270878,0.022458100599771547
1992-07-16 00:00:00,-0.45179422188790835,-0.014268828262647665,0.41170353172873986,0.011010082558131906,0.2956407846220287,0.4362568483809003,-0.24548368057287517,-0.24305701948045022,-0.27282206173878054,-0.5729129262805805,0.07016297186876391,0.10394596440915993,-0.2972633900077367,-0.3345805582316555,0.6435398530442219,0.02964173626876082
1992-08-16 00:00:00,-0.8978753095238485,-0.006043762645940781,-0.4069346834393933,1.2191896815664705,-0.18880318924027434,-0.27275562341831255,0.6720884534572794,-1.2622448670967674,0.6741514174660925,-0.5815922517877412,0.8097968710690666,1.237336753669664,-0.37319709505581294,0.5970974412703838,-0.10224720398525314,0.7474353834378287
1992-09-15 12:00:00,-0.42772191338195875,0.041832224024302284,0.1004919762594462,0.22902395760248784,-0.4019272751732633,-0.6726527251283914,0.4186125655320657,0.8066717144406719,-0.11740060502637681,0.42608319188943233,0.31451056866788024,-0.16369335033239107,0.5944841461606802,-0.07539721322230375,0.2216377800068412,-0.22221456840094755
1992-10-16 00:00:00,-0.052696937913956965,0.04980218844227188,-0.8729370447864406,-0.3015943756610914,-0.2587801379738346,-0.26171005646458545,0.1207887280633898,0.23057755269243516,-0.5500437157351104,-0.14105155181776713,0.5823138062948319,-0.14813139747210347,-0.11640717530866507,0.07304661464150775,-0.7829832514852048,0.2712082786734255
1992-11-15 12:00:00,-0.20556381772776045,0.17616024899605584,0.36474989338925035,0.08492330587079833,-0.029666795664461565,0.03387273699099769,0.6804209188759872,0.26274961621845827,-0.018349045801960395,0.1252584296924219,-0.7581536244852947,0.21343328812405393,0.13096468590898336,-0.32698459757199455,0.7158695930327627,0.38306398586015405
1992-12-16 00:00:00,-0.5613908737862142,-0.35990610364950504,0.1820911208867538,0.168403145407658,0.10784518412267685,-0.14526374007747134,-0.10015219945312881,0.3706203623528703,-0.3365196032510294,0.6351078441502438,-0.41151447719542233,0.07412227763100065,0.3912565807326436,-0.5453767210753118,-0.281379937798774,-0.1837542723135147
1993-01-16 00:00:00,-0.43795631064427704,0.19317536223724016,-0.42485778898697507,0.17807229958361936,0.2645368950656196,-0.5160521679309746,-0.2737664661168864,0.03095170691646682,-0.36862804096843144,0.7232647212624224,-0.5348152703295764,-0.06615382927632352,-0.11397013304090353,0.20016731595888282,-0.2731578717838973,-0.19333748044191795
1993-02-14 12:00:00,0.05483816168060818,-0.2734811765627439,0.19935210078997842,-0.08534160834222759,0.04251226842621092,-0.4845535044447526,-0.5080765418401907,0.06914941931160809,-0.001602895210139621,0.1455213369033706,0.09989474723195962,-0.255261422118398,-0.5610476566441194,-0.3642916030648576,0.6208526884956143,0.0024763221938601254
1993-03-16 00:00:00,0.04665875947689102,0.8057633212725599,0.143217104685435,-0.01795749716805467,0.2628710312576136,-0.4526427747723688,-0.12227989417895535,-0.5643466462544262,-0.02047353321313522,-0.06942881233048642,0.23740224253134007,0.7443576983785302,0.7907006662725939,-0.27818984144634307,0.02545759173076803,-0.10059644388769817
1993-04-15 12:00:00,-0.7475321868292595,0.3290271330837009,0.36301710995131475,-0.6165309483973476,-0.8286864669838816,0.19624676391082319,-0.24059787956638012,0.2652601179467329,0.5247881085450377,0.4416656236285146,-0.7892246014043099,0.007123828472495819,0.24382968730580157,0.2816702878712425,-0.2407380000363399,0.8622991846460921
1993-05-16 00:00:00,-0.056740493727702124,-1.5950683233421545,1.0918396953296214,-0.1476122153490001,0.8274421354198706,0.3872418276851257,-0.018606931202736376,0.8465675262740938,0.614080308889668,-0.043490577549086085,1.343077478297962,0.14560368197124918,0.5837209441041116,0.1602647368182386,-0.15498532071057677,-0.33197303784363635
1993-06-15 12:00:00,-0.5075409255096308,0.12632974694060103,0.27077404565423346,0.32082549674705985,-0.1875210344242778,0.5704300991186525,0.2251982809319132,0.1625108802886266,-0.533621932010909,-0.032554017397781965,0.23113240167290222,-0.04264535436743189,0.10328391035101869,-0.2329985791202943,0.31561667356957035,-0.5643546281086909
1993-07-16 00:00:00,-0.42348010762960114,-0.7581465142543226,0.5108756369072027,0.3771868458127109,0.2921711528041787,1.2522096366820974,0.4012182110608439,-0.5723946651513625,-0.32024396234035557,-1.0789756657021585,-0.24343285051522598,-0.2828648312753967,-0.12187117314742196,-0.3091009972232187,-0.22070182743685066,-0.257717254378798
1993-08-16 00:00:00,0.19219231354328115,-0.7672507886800763,0.36245168564037333,0.14035080811697576,-0.25051420754723086,-0.07816644006216339,0.26735890562582776,-0.2789614308673202,-0.2563143119924156,-0.39778221074918757,3.982210161507238e-05,-1.0319528413101313,-0.445025154692256,0.29930065816051865,0.14679215213384667,-0.17350327864102294
1993-09-15 12:00:00,-0.6101899983272862,-0.368767765998848,0.07800302421632746,-0.02688988834120959,0.18366444907042245,0.701722790471334,0.04276570847990291,-0.5489459244574718,-0.5428515522818819,-0.4199231902884811,0.5921039202942926,-0.19779486434668803,-0.21845709123784468,-0.0350441736740994,-0.17928413449174221,-0.08477763683836792
1993-10-16 00:00:00,-0.43784867987119147,-0.033255636484162715,0.10691304327566423,-0.06914534611390483,-0.9223540313687715,0.02396946945515932,-0.3088985297922682,-0.1412896346376003,-0.017116658303017562,-0.08083170291665259,0.4260000045412456,-0.2831259094527278,-0.18271025940931257,0.24351225983979474,0.2575493001604721,-0.12468622576014915
1993-11-15 12:00:00,0.5425122385334159,0.2024963685685863,-0.04567851699586306,-0.7539582036070203,0.11114284675911434,0.1485756512385601,0.130504934894335,-0.2425533274509441,-0.5408019458968958,0.3412802755229239,-0.5232055779750681,-0.6121383200028424,0.3688353091674548,-0.1973873158293462,0.05593939892582886,0.2571467889036146
1993-12-16 00:00:00,0.06556571912956854,-0.3766507548175668,-0.6589082770929697,-0.2754416258852751,0.4368713490434334,0.3814453773876343,0.18489769544088597,0.5928904829251945,0.18974024404636575,-0.04438043040140177,0.25487951395801095,-0.41008331149908395,0.37899937257313954,0.029349773063314877,0.11718240752035894,0.3592735302330276
1994-01-16 00:00:00,-1.4479407846255046,-0.4158742117719803,-0.7936528454222243,1.0244034060864284,0.9055391266522747,-0.4978211064624592,0.795272668744632,-1.2837935970295273,1.141073745787744,1.2337492770264955,-0.5367634725688912,0.1794825044795859,0.08358834883230604,0.5749709989177778,-0.2276603026600926,0.18079367792199058
1994-02-14 12:00:00,-0.11134619337351154,-0.5343002549561309,-0.6732420069054551,0.4233127664962333,0.3098531754520174,-0.6383044699867958,0.6453961261589501,-0.06585892511060795,0.050108149286168135,0.48236752884860623,-0.3975044184059625,-0.08198472316120176,0.15635033874016946,-0.10679275717060321,0.45691650525796335,0.3524257703686537
1994-03-16 00:00:00,-0.874385987643804,-0.6465700933431989,-0.4104001269129054,1.4421339088121727,1.269393781450587,-0.567807675459689,0.3119936042942776,-0.46330985142131664,0.09690621785757397,0.6451852843119086,-0.26318916878498655,-0.42041968880390773,0.05261191129933962,0.2926091149478711,-0.16488750144793543,1.1803771013313031
1994-04-15 12:00:00,-0.05969010463071206,0.5233615788395283,0.05088270092637001,-0.5076460560940158,-0.06952539769747101,-0.7610923931860059,-0.4474009238236176,-0.5040067544055188,-0.27395355995484816,-0.15230065882831573,0.2436594132947028,0.11562722764802635,-0.1359620346116862,0.4642735366007109,-0.26067193966124724,-0.39460214976521657
1994-05-16 00:00:00,0.019520587897106534,-0.4267853664914578,-0.5507994699453511,-0.6500279720609126,-0.13008380299198058,1.0079759311726897,0.874554038612639,0.173863879207127,0.8724764221801085,-0.6056709101008781,-0.5889221733881954,-0.5443803234183808,0.09422416717921656,-0.30414855227604365,0.5648650596585242,-0.33748297251871884
1994-06-15 12:00:00,-0.33053594174937984,-0.00027095080327421694,0.7385555841414926,-0.38981067865215535,0.006649574632984656,0.21182767864409757,-0.21375460278437186,0.4613600781917234,0.313333450917962,-0.5826486008714709,-0.47890164800617185,-0.8182716906706072,0.011034300694803711,-0.2775128163570585,-0.22102196223979123,0.8809826947291983
1994-07-16 00:00:00,0.41537664437288513,0.6175065130041554,0.0025767766658245095,-0.19400115355644876,-1.3550671810971364,-0.8318147605137225,0.026817060073452748,-0.3537905904646771,0.40265813749146356,-0.6440344872137751,0.49734917876129975,0.6489726385056845,0.21770295763589842,0.03527122706170127,-0.35374836749113636,0.3000427550878771
1994-08-16 00:00:00,0.24264814699104986,-0.052654479925748815,0.14736548420924275,-0.22350401586660812,0.2620833086059876,0.2986055934425803,-0.5521524539282513,0.43546110219308454,0.9834368018224973,0.6571484321954952,-0.5146614143286958,0.0640120450970817,0.3730277769061777,-0.6307448181540257,-0.08887524268659322,-0.2522681100143251
1994-09-15 12:00:00,0.7599844172529421,-0.03337001709596704,-0.10946151030201731,-0.40126547702100906,-0.457002581186036,-0.05108436498326879,1.0788000628146563,0.03624305996678911,-0.5424132492019541,-0.15078674385770957,-0.24099733863252115,-1.0280477386468923,-0.01930261381910836,-0.056120451473691824,-0.027994581640024635,0.04476475390084206
1994-10-16 00:00:00,-0.12133801270156186,-0.15168678419145826,-0.16830787758948854,-0.24027060078618395,-0.2998853808825297,-0.14873794863941187,-0.06989444195910555,0.5234050234121495,0.051502557936862314,-0.01751157424953942,-0.31601535446577306,-0.37849186774895055,-0.3227693702627997,-0.03149892972029689,0.45525676318112296,-0.42105326053715775
1994-11-15 12:00:00,-0.12951800258996138,-0.04686030629277729,-0.6006494765614234,-0.24931406615308993,-0.9263371351179845,-0.3995451525330421,0.024945250060546043,0.2509288134905203,0.11767241203409212,-0.2737542938662015,0.6685763327057392,0.35973388049818766,-0.17238428072134276,-0.026668410746855664,0.29856680609091574,-0.04120739993784556
1994-12-16 00:00:00,0.6758292458463434,0.2676914622565476,-0.16133630212296785,0.4277500189820246,0.01720578290659891,0.1302862877763582,-0.2858033627099724,0.24926905674173,0.13372261789482526,0.9290434127172527,0.6560345882965781,0.35694208801026284,-0.1985550470660259,0.029673496195059768,0.07485044789326512,-0.16627417689116986
1995-01-16 00:00:00,-0.5848587201762768,0.47189369974302653,-0.1289303495306032,1.373405924438953,0.12955647276920568,1.7345661848839047,-0.04468112275569025,0.025523220432895923,-0.4996961565254814,-1.3285426915677037,0.667297259759456,-0.28116805247013654,-0.522430272058657,-0.45381047189835866,-0.47177756555496897,-0.17583509198439695
1995-02-14 12:00:00,-0.2886270512841533,0.8070270879272174,0.30479068144032073,0.6918849559337202,-0.031110538926823472,0.8812993609533769,0.06365571278900772,0.5303607327365252,0.32721147906766795,-0.030050771185350766,0.009761776752199969,-0.21637699312570913,-0.36430289750267386,0.531887910953279,-0.7124938855311996,-0.35491017862928864
1995-03-16 00:00:00,-0.24473504474335356,-1.474758379721788,1.3476913672132718,-0.14592844352117623,0.26185243838257977,-0.5476740926551619,-0.13443367014533214,-0.4215377812330727,-0.005177687546348231,-0.23066746492276852,-0.010572188634480284,-0.7378670369187112,-0.35411890716940764,0.8617505034855499,-0.0627707236232724,-0.23440089582354964
1995-04-15 12:00:00,-0.13189527387788036,0.4123040391099049,0.5381820844808176,-0.4032034020802243,0.6548149140597869,-0.6747562226549938,0.231192210410878,0.48519573204118704,0.06922259897382804,-0.6477051209506575,0.22700520235905947,1.0681671272178312,-1.2108430691168943,-0.6788630583436357,1.1753004606738433,0.5277891753747905
1995-05-16 00:00:00,1.0804819254867883,-0.0759537625071861,0.6763132538662413,0.017897286769899656,0.5144815994064088,-0.05196098231980084,-0.09427357647838253,0.6533629606330109,0.24278051046919708,1.2429274052853803,-0.20085888363019444,0.6133496347393629,-0.06665439903878356,0.6044463859030362,-0.44875086959589783,-0.4907716945196609
1995-06-15 12:00:00,1.0958706124843771,-0.9903368162006734,0.8925519415161554,-0.4473702917651054,-0.15091780273958533,0.059216778569963435,-0.07618601076701181,-0.3051126371404632,0.008527988101794615,0.3636981878801324,-0.007026763686551973,-0.5118701440926037,-0.22501729559314776,0.178730177457874,0.13035303706211496,-0.08534343981030434
1995-07-16 00:00:00,0.5312685748170972,-0.5571162590027502,-0.9458164492311565,-0.008578330700922676,0.8603001202528983,0.8034196794195362,-0.500703250736752,1.243550547431666,-0.5537704772185669,-0.032592638376729155,0.42045935295901443,0.8910126246505793,0.12300800329893236,-0.09454073260746343,0.0655756304242915,0.8256395323667742
1995-08-16 00:00:00,-0.4550381324542876,-0.21559546815319983,1.0368040758669634,0.48485071506933775,-0.1781659574462638,0.17687682585011621,1.422051433441776,0.5968509656299634,-0.6826090131587715,0.38609280867418383,0.8933917908254323,-0.06896354064511545,0.634842074156462,-0.09006298984733496,-0.059012403034576943,-1.0366806789132685
1995-09-15 12:00:00,-0.41488937406687176,-0.44432948539819084,-0.0937765355190134,0.14649106630724318,0.1999550078513016,0.05227032014372379,-0.06930408315349068,-0.049419888743165614,0.6083590738806355,0.2088431638581165,-0.793181124374877,-0.1626079740216113,0.311096013591061,-0.609574382441479,-0.13147390127744682,0.24647461891298034
1995-10-16 00:00:00,-0.4651023745204586,0.11507057778179522,0.48923488721247166,-0.4977558695971852,-0.6197190721264229,0.2924532440114045,0.21815744679724258,0.23053298937345862,0.15005764327968735,0.30204102762077306,-0.8089700669068078,-0.5337346994556427,0.24935439183998964,-0.45431259228746873,0.27592267425436234,0.03750797277183843
1995-11-15 12:00:00,0.062030981611725045,0.788773035096729,0.3731944575508537,-0.21714874761159467,0.42709693652523006,-0.8473564192210954,0.26694477038204656,0.8703291070190511,-0.9988099752165103,-0.09986142690541105,-0.019429508000464557,0.6039146620573786,0.17289751300587564,0.4137146458528771,0.2828527324170481,-0.2667122739671488
1995-12-16 00:00:00,0.5436820177946097,0.477860550674275,0.002013823421813221,0.8302163102781414,-0.2412077526295024,-0.4353817251090116,-0.529630708739775,0.2618663643042633,0.2683682091040825,-0.2653940577047948,0.019470613411877113,-0.11222021054917475,0.0782041599666613,-0.383013128356511,0.5053764340817652,-0.29457329916775954
1996-01-16 00:00:00,-0.05306753727537217,0.08277030250287845,0.4321711105615882,0.5437344777941305,-1.1176581556416112,-0.3922336278573682,-0.8736993786555657,-0.01972346972693826,0.628451488094133,-0.2640077067542263,0.06686182866322427,-0.07876930126023618,0.8251302442531048,0.31892978289862506,0.1821396008129036,0.268665910767567
1996-02-15 00:00:00,-0.383406530620368,0.3148277916181347,-0.23495830601278256,0.034584559302963114,-0.3425165230113533,0.694562220463271,-0.12463721745725043,-0.11531864465540717,-0.23118388549020402,0.5458436799335363,-0.3641968193092424,-0.4220123180312892,-0.10370327664380202,0.13433029161711785,0.2978998355450536,-0.024181205757735025
1996-03-16 00:00:00,-0.3477906295639872,0.25010892389870854,-0.8180396329003594,-0.2840424811506505,0.00017839068721997586,0.7730555319680138,-0.08065822939040135,0.28253391226475333,0.7101538720157055,0.09799954372740066,0.24449932488182774,0.1475993678590659,-0.5061314901217355,0.1400712303461562,0.05870690845696133,-0.6796629444108342
1996-04-15 12:00:00,-0.5551312135530329,-0.35015595983098013,0.905223719570357,0.07056946992252339,0.3405332947278995,0.4546717010752823,-0.25861482254371715,-0.1516751829046048,0.09443285763598502,-0.16775462291972565,0.29228458232174964,-0.49606429296430277,-0.13926076814853805,-0.15171451127439883,-0.36634846118298137,-0.024723143419580873
1996-05-16 00:00:00,0.5624298915395199,-0.4518619042252193,0.4991782648070796,-0.14444539989002958,0.20011987947345888,-0.04604623609743186,-0.32230539651488704,-0.27919254228173285,-0.21250201320572293,0.04315688496578976,-0.09471682677341425,-0.3176104960408616,-0.6661787534977357,0.03486379073638446,0.7198501586000018,-0.24415018387134352
1996-06-15 12:00:00,-0.5103280759822024,-0.359249588578907,-0.5630204094988456,-0.02920986769335482,-0.46243970435027737,-0.07496930945790364,0.04158382945039396,-0.6213361241836614,0.14974675433126056,0.183730169418031,0.08153510671865877,-0.1884180892862366,-0.5888283246199064,-0.22263404641957896,0.1646771993403327,-0.04254401252433748
1996-07-16 00:00:00,0.40075035083786625,-0.2156697005191133,-0.25526075083605004,-0.4552716638370284,-0.07838062006167557,-0.1876698440839531,-0.08523230298084294,-0.06400360872117858,0.9755943694897176,0.49022055232814876,-0.03446148054752063,0.35848495818715354,0.09706422675076698,-0.24641037104596075,-0.24001333477554462,0.47627772302286503
1996-08-16 00:00:00,-0.29866399206630123,-0.19248470059102968,-1.0469985245279312,-0.536098868757514,-0.3354260166294331,0.34813623612501,0.6110192289481472,0.1732196932614293,-0.26900207125832976,0.2900272803104248,0.795144986830163,0.6708358641563349,0.1602154027971907,0.3194887197506686,0.09433711913439263,0.6929529852283749
1996-09-15 12:00:00,-0.07830069682654967,-0.5934399178398749,-0.0805771243764563,-0.015711050250192427,-0.2712721097141283,-0.32674061777825003,-0.45453216911441213,-0.4810903029515949,0.3454589729610296,0.45836183947553066,0.2558268924237885,0.6394811561500146,-0.053368285350247846,-0.7989286852003235,-0.33776026838606965,0.4149753836204621
1996-10-16 00:00:00,0.3063145299197204,0.3252044577277985,0.2322499700490334,0.907834041800088,-0.5845171610704556,-0.3995449830139768,-0.34800745615685696,0.11575082562110917,0.8754056490645239,-0.7535480939609616,0.5485149676255026,0.6395879489600934,0.26101166837365,0.8541900738755488,-0.05247146156484836,-0.5440577925246117
1996-11-15 12:00:00,-0.045771479743257126,0.12168856605229814,-0.599533533885359,-0.5075626453757752,0.16095124874595723,-0.3732226069298361,-0.1313435124569905,0.10794213318355322,-0.5489395512983886,-0.5396336741879693,0.3666812064858677,0.0777053410408659,-0.14334304911761558,-0.4918016874101504,0.21197658701601835,0.12571598342200402
1996-12-16 00:00:00,-0.03333959525478075,-0.3207233204092387,-0.06443753719249726,-0.5303466476345737,-0.011152845683917001,-0.5525974524619,-0.2004742057284521,-0.41428175765224196,-0.21556722938389863,0.09956861944501,0.8611420896744493,0.21456397871167043,-0.08484512176598424,-0.20928752046011923,-0.6921370346680986,0.11573920143061528
1997-01-16 00:00:00,0.1323088514168299,0.56141498864739,0.6666258151711428,-0.9284244290389532,0.04100927239975605,0.004297936617530418,0.1706145847904612,-0.2854526895606064,-0.2534754009210837,-0.183143744449637,-0.3914533001835109,-0.18735968800544567,0.27180169542231447,0.5944027749390017,-0.5531141200629732,0.19044954260102315
1997-02-14 12:00:00,-0.09125039797240625,0.9981358733342047,0.01624358169343293,0.5947639320696679,-0.8571501615150097,0.2853546346278961,-0.40715958978141353,-0.6069199825125964,-0.17001802504494606,-0.6322434608304435,0.40222192578447075,-0.25142157874291815,-0.04593902937247796,0.2646716658583421,0.2415669936831447,0.3279328227332899
1997-03-16 00:00:00,0.7074403166559305,-0.42744418354844915,-0.06533599778981933,0.27802796724008605,-0.27506064006551845,-0.17237337968613925,-0.5010260813397324,-0.1468423128386883,0.15012480273209322,0.39671231856097583,-0.11061813408151189,0.3909229862479885,-0.8458902897377852,-0.15107951918267215,-0.4850102489299055,0.059469514521956424
1997-04-15 12:00:00,-0.26674181557133453,0.07251570019244738,-0.5210251645841258,-0.7182404927775143,-0.436363095748313,-0.07223113844571599,-0.3020352724486217,-0.4140799264765211,-0.33830252308399955,0.32765622660543386,0.520825262132353,0.10435589281391111,-0.25368272250238716,-0.522672802702645,-0.21388653975561553,0.046369441473869066
1997-05-16 00:00:00,-0.34938331661403355,-0.1250830608270088,0.43859378696864093,-0.20311676020493585,0.5385292139944543,-0.10844408358093499,-0.26390641969375084,-0.6601420695885098,-0.34976547125304236,-0.5129609461576661,0.2478103521876855,-0.2752895535242835,0.40382473773130656,0.02761261042430807,0.33280767597941985,-0.5201451896840216
1997-06-15 12:00:00,0.21330000008212147,-0.3077787332836664,0.10351631502402844,0.12058048889469719,-0.10634940319294506,-0.10201634120380504,0.14747662856752153,0.2935743316830336,-0.584167861169223,-0.5521331763352095,-0.5650352595493024,0.5963507526584769,-0.4886603110371738,0.12118989866804586,-0.29535624763938406,-0.23700462519376275
1997-07-16 00:00:00,-0.2059607146466113,-0.24652504792610822,-0.7985801648128086,-0.6175971061561197,0.01048021557102613,-0.002441105910229169,0.43563459859294007,0.9188915135568235,0.9762741135668613,-0.39142136157791135,0.29544573866046137,0.43664857558222636,0.05101640034541566,-0.4620632030033779,0.025181304308939834,-0.32450962081704793
1997-08-16 00:00:00,-0.4954671820259165,0.7257084137011441,0.4207905006579,-0.7479220750723437,0.3220721383272718,0.32256015163410445,-0.021701357516052955,-0.2574318261446873,-0.03602383309044116,0.39892860733521884,-0.1911979117863027,-0.3056659359697099,0.3911609318397472,0.46181827595736036,0.4070054889357062,0.1103929033635323
1997-09-15 12:00:00,-0.4796294714484461,0.1805032960925421,0.47389639469314604,-0.24881079445086104,-0.018060931344177578,-0.690455536850052,1.188165048293404,0.270191703286163,-0.048500717075144695,0.662075791455027,0.324414321544822,0.44673716878363934,0.10034504508764375,0.08237613737015914,-0.3138113142596092,0.32434427340422073
1997-10-16 00:00:00,0.06584549031569253,0.2813112528917162,0.056090358988644645,0.24587625566295934,0.01278327899698889,0.33918256285981097,-0.17807754812507903,1.0159002426780106,0.3348301538368998,0.3208332938157662,-0.1949713722958311,-0.10351469781488354,-0.5503163926493668,-0.062219181719465166,-0.2703214444156907,-0.3011438878587831
1997-11-15 12:00:00,0.03973618551898861,0.42831309022487907,0.7137699442467466,0.08684515679327731,0.10588933000868783,0.24942150461079826,0.4803175421530467,-0.24402035743298645,-0.5169749017433486,-0.30669518974618953,0.04335378102359316,-0.020048423218769318,-0.33529765425733804,-0.03440771345941884,0.5412656027291731,-0.2346082650947189
1997-12-16 00:00:00,1.2728169538809588,0.6921678376142183,-0.15289721264163275,-0.35175848856045044,0.7332235558186032,0.26258067445211497,-0.5389663971490719,-0.5295480304981032,-0.5899300725351241,0.4025804598690003,-0.21333385051905213,-0.3346421721271839,0.45817651850089347,-0.08007793399000063,-0.5844989376359266,-0.016754161620223085
1998-01-16 00:00:00,-0.20042952915542311,-0.5643018644176274,-0.07898552092220207,-0.40394540599586887,-0.25273549093704495,-0.39069254391726815,-0.393800085684551,-0.06900569222913647,-0.016611559024263756,0.026067285004887086,0.8360909475560816,0.16039883345586214,-0.34235005177612243,-0.1415037363666416,0.053470672424459006,0.07231243241700641
1998-02-14 12:00:00,-0.3566237054279634,0.1499193765570597,0.6821075135112993,-0.15258909820369287,-0.016548083048954776,-0.3982136635500997,-0.4417963930079994,0.5768875418189866,0.14468118215328651,-0.7188232287988978,-0.3330595488374888,0.23893675713649587,0.0017970999657240805,-0.24933730678734578,0.85074610951751,0.2528428186058535
1998-03-16 00:00:00,-0.19270207780443005,-0.004936648405020533,-0.5941025751891358,0.7086058196573858,0.01165305601649963,-0.18154504331689736,-0.09179954767073617,-0.2787229529361274,-0.4516736522747079,-0.052218612430793176,-0.47563290598213837,-0.5295721228549917,-0.012642570367582429,-0.08110749541750706,-0.31663904629566286,0.1607112398271497
1998-04-15 12:00:00,-0.03820686572880955,-0.2725195687186742,0.9224412383856162,0.6541815986220499,-0.17314328460937528,0.10205921109819227,0.04502704802864366,0.42455873045942966,-0.28669299170907103,0.054294323483192686,0.6298662908028774,-0.6202462147304139,-0.07759633968753238,0.003117785190117406,-0.413088818457915,-0.21914135312958444
1998-05-16 00:00:00,-0.26073462453820884,0.1767471627558562,-0.2553277976214712,0.3478611154896317,-0.7797257334050207,-0.08722123076308952,-0.1377458797060367,-0.4068415414774941,-0.05141560181129784,0.3128489817511027,0.026369805528751455,-0.06407258715797937,-0.08505502348811234,-0.08924581114019015,0.7701691093516422,-0.6086586039955051
1998-06-15 12:00:00,1.1325420312575685,-0.6392684841864517,-0.274277226353715,-0.15348915196525348,-0.26232815989707753,0.3754530947108168,1.0313998399564719,-0.32132851966896303,0.1203951883989664,-0.07363990592004394,-0.5314943241140793,0.15396632994604498,0.16718938067106082,-0.6138607664856347,-0.054692579391213025,0.27486040742262946
1998-07-16 00:00:00,-0.008394673278506404,0.0386665917137369,0.33389393423515445,0.00209664550168559,-0.5176525439548885,-0.28322708536090346,0.3460118652898697,0.018865928274526423,-0.5052903143956078,-0.022810537518987428,0.19582867522388409,0.08819323409407287,-0.5359874040642094,-0.39209173544375253,-0.6997046096952437,-0.07594115266797785
1998-08-16 00:00:00,0.6025524850913117,0.728468000086139,-0.20415005501420305,-0.4802928432528206,0.08016299162804141,-0.633880756819477,0.1647753273917817,-0.2589981957168114,0.22152101247277273,-0.4658146662145966,-0.22270610484165898,-0.21616516988040535,0.4670659349267856,0.40742820329809515,0.4998455989756866,-0.294567352372745
1998-09-15 12:00:00,-0.14353091643309795,-0.21502689194678254,-0.022610388143078725,1.1248151658760714,-0.3701968935590165,-0.7759491912236172,-0.5317509343782985,-0.4941001550082182,0.014610910137980049,-0.24328372193479592,0.40065570785616883,-0.29793741166101373,0.07769717737751869,0.04283656837426608,0.08189062121357027,0.38385841902510803
1998-10-16 00:00:00,-0.27990923860927264,-0.10478065858906209,-0.060883454934160086,0.3515769495847684,-0.40986300109797175,0.059714432542270934,-0.42562118682692596,-0.0069694087941084,0.2382377652438517,-0.426263060684218,-0.4183935308612257,-0.4932022282305461,0.2037303438896657,-0.0805589329929367,0.03433757008906618,-0.06930324644264046
1998-11-15 12:00:00,-0.023354982535827296,0.05391060174757148,0.3432860404564526,0.11373519418322564,-0.07481333460532547,-0.2319808037691547,1.4488262774162934,0.13566456832697005,-0.6577960570538494,1.043211512207193,-0.761177531371613,-0.5438866881860903,0.34655117938406654,0.13438692372877337,0.07408730023301163,0.37955836950593774
1998-12-16 00:00:00,-0.18992090517382215,0.4582652225872378,-0.14095307098048382,0.1271572820616903,-0.48485160039748293,-0.8182786991808013,0.1818690521340739,0.21843194247821837,0.26111009832412585,0.04075274100803136,0.14254008015184289,-0.12957704000216197,0.3151836605853837,-0.49027989496834423,0.10869101754758116,-0.5956874424237842
1999-01-16 00:00:00,-0.5155471894815632,0.3950166407871437,-0.06555665238781064,-0.07374751938475005,-0.3283214882085697,0.2141018555102433,0.3974339376341324,-0.1620506527393602,-0.3806395509997763,0.443875812960159,-0.18684603891398432,-0.25086624154282977,-0.25195770608471746,-0.07025189190035164,0.2936951249932093,-0.591911672515696
1999-02-14 12:00:00,-0.4648249118489358,0.3557201973792514,-0.03598069354611769,0.13634780436813687,-0.10093611375922273,-0.24967188326292034,0.1980267685169309,0.3894220012651498,0.5355933752113022,0.04748657611438187,-0.02666213971330883,-0.38574997544506917,-0.35692876505997184,-0.4072719688781596,-0.11011402384168864,0.28679115143560213
1999-03-16 00:00:00,0.7759214862367828,-0.2798037032361732,0.05560362545496586,-0.2358429238666647,-0.03106276257196433,-0.06243360608654397,-0.296221504353244,-0.03106556755850138,-0.23376334413371852,0.14101160992832276,-0.3593517588041375,-0.49194314480653456,-0.35771003099523535,-0.26696793405483743,0.2526408779534412,-0.010186908799751704
1999-04-15 12:00:00,0.025986978844803943,-0.395163207572138,0.17486634958479733,-0.2732556565229877,0.1581687557064767,0.21950605181280802,-0.6405888291061128,0.08390782093739468,0.12568855969436205,0.22441080864758906,0.09674373542513975,0.05001631983860766,-0.6581989654751046,0.9659508498214588,-0.2871088791030084,-0.7546130207559678
1999-05-16 00:00:00,0.21778224794668966,0.21775845705348215,0.2695058706391531,-0.42266726604103255,0.2975407084789369,-0.020222985725873333,-0.33862785435233944,0.019225650546450236,-0.4058410947365528,0.04058621222292513,-0.14181860165021531,0.38459680380173744,-0.8538166396919523,-0.5874550990657577,1.0070624199423786,0.06404432721028047
1999-06-15 12:00:00,0.3839862077893442,0.2929952174365362,0.5788831590806345,0.009994291635108177,0.13137005697176984,-0.03442908459033306,-0.32965710272911913,0.5719776376040919,0.22990493535463347,0.1387959691963535,-0.9334401595755334,0.753497255991639,-0.029777886435960355,0.3163654689920441,0.04949819431504117,0.38551921461291666
1999-07-16 00:00:00,-0.10044095634182171,-0.2767962209712765,0.33572121306685276,-0.16785990680712526,-0.05130542815390393,0.4019674715360393,-0.035672100139854,-0.2065098342996876,-0.2710061479409828,-0.36030183679327793,-0.034888428988294085,-0.4048777235716777,0.18435151005094663,0.13760005006770404,0.21664687032009405,-0.36073716208365064
1999-08-16 00:00:00,0.6273546758785303,-0.17114247665546878,-0.30455197996264016,0.983042360224999,-0.8122990774387471,-0.39402658995522405,0.30289149895331835,-1.0612877208753237,0.15887269546740052,0.400991699535517,0.1880905392307523,0.1489754777447938,-0.20838139049577814,0.24382721357040538,-0.06769709682640579,0.09168379157211365
1999-09-15 12:00:00,-0.2297927983279554,-0.12959444599750974,0.07514954802383192,0.2091474585210481,-0.0057624534986008835,-0.15372364173804753,-0.49883811650758336,0.02787914816054673,0.17156696365470375,-0.2877240502381176,-0.34093364816035887,0.26563952085780473,0.826363146879741,-0.7955305976014411,0.05143031552952253,-0.24886007765231388
1999-10-16 00:00:00,-0.3754173331704622,-0.1663831603497313,0.09735273628746191,-0.21135970579598826,-0.1825868651390991,0.027657921407635122,-0.7074202752260335,0.3735078511432426,0.11991452546731018,0.1808717460433587,-0.7728338641302628,0.43689209466412293,0.23787646748974822,0.08791301726899914,-0.7800817228825584,0.20101510978195608
1999-11-15 12:00:00,-0.512485455235587,0.2239976746616549,1.051255135810603,-0.08125949089177481,0.12728190894585967,-0.787195752473608,0.5086688001776488,0.4750811677251052,-0.19951873300708975,-0.19629015735359734,0.31941996508602816,0.8057312528778958,-0.8357570729429196,0.4176215434745749,1.0848724990779486,-0.1925264607761597
1999-12-16 00:00:00,-0.2503651757301031,0.0890583140591322,-0.05524985953463174,-0.2196221997934434,0.1411119749769726,-0.46108198684527557,-0.0017793030445227842,0.5135870319281571,1.187037486990112,0.22723940457325592,-0.2865058011060996,-0.3395702360220444,0.15870811588683753,-0.5008270192777439,-0.01886934559183362,-0.5367169164113136
2000-01-16 00:00:00,-0.07874385984196253,0.5622894813706787,0.04486910845034958,1.221241417198934,-0.335496320504293,0.3221429869431359,-0.1898822163405357,0.3151852457315263,-0.33735923804967044,-0.6106342951077643,-0.3871746695252401,-0.34731945941898557,-0.5649151849598419,0.1719701239449819,-1.1401803982701988,0.4659219149512816
2000-02-15 00:00:00,-0.1525647071156503,-0.2748468696044912,-0.060276463407971576,-0.20536898551018087,0.2507215309611175,-0.4217516954006564,0.09296535077766477,0.3953750614370112,-0.16412994942504755,-0.426627610374755,-0.8931755508839656,1.2667209501532732,-0.44061168328130806,-0.10582689160856595,-0.10360738560658969,-0.4347306977668369
2000-03-16 00:00:00,-0.7096318280728806,0.30515511940944284,-0.051601274353757054,-0.12384141833080103,-0.16633609833468627,-0.06513994223010255,-0.302633970571868,-0.14646856149864917,-0.09693504157356289,0.5305876880654246,-0.6194185913541241,-0.0214208472772065,-0.05248783838162063,0.11109327487149612,-0.3562798455518894,0.3673129033916031
2000-04-15 12:00:00,-0.06699500085627175,0.1426158417482191,-0.43998672537695394,0.14659532774059147,-0.03925140888379264,0.07159124899740177,-0.21284088487240682,-0.4902850000874595,0.05705238612349128,-0.8761617524424603,-0.383334751363105,0.3384983569483896,0.6794080918639795,-0.029811932866303903,0.4671287539844431,-0.5460070887977736
2000-05-16 00:00:00,0.4355152503572962,0.390214762973902,0.16104460624215153,-0.15187747447907346,1.1470363065690008,-0.4985969726136911,0.17305170039892792,0.25588986804217967,0.6513820287810692,-0.3048058005064009,-0.09342294032453058,0.04645611697664376,-0.2645568234596903,-0.2504097293338421,0.7097609531228706,0.3202381490007897
2000-06-15 12:00:00,-0.26249470318034396,-0.2501493460756668,-1.006646587672959,-0.08589643551989246,0.31019731949888596,0.5235583553769968,0.19964735738380035,0.57106259988067,0.6851996322804266,0.12028010469432027,0.029853072173537942,0.4185898295568654,-0.2608075461635633,0.1113165241781171,0.4428418542887972,-0.3972236695150949
2000-07-16 00:00:00,-0.39883041841553135,-0.37825479317596095,0.06525497101698693,0.4913524785671366,0.5879656107983392,-0.5477789358263616,0.06454292926987804,-0.43415199547153477,-0.21243338884059268,0.58015040992532,-0.5620308113593288,0.07116173104663559,-0.05752839295782408,-0.17938096002286807,0.34298244123458355,-0.1329630746614175
2000-08-16 00:00:00,-0.0724429691614969,-0.23356110045507109,0.33773388198942256,0.180432530398691,0.367337418818495,0.19024509020047642,-0.6555657278515499,0.974910639798654,-0.5457767889119254,-0.3165232407340182,-0.508702616409001,0.5291299046969021,-0.02808687710032587,0.08690071759591977,-0.6349032169906761,-0.027042314896504382
2000-09-15 12:00:00,0.11942292653874198,0.34739278891636316,0.3288768637649272,-0.243291295617357,-0.15671506809093322,-0.3660785518329862,-0.4810749836784048,-0.2789092435846692,0.27609944826939364,-0.029923367184009952,0.3754601798337485,-0.3931231672614626,0.2683223159569502,0.32471157068333256,0.08343599416559663,-0.7763664124226777
2000-10-16 00:00:00,0.02034970593990848,0.2959150424981968,-0.2783337581801529,-0.4072761654387425,0.015202518379388796,-0.24045043004303912,-0.5076377322476275,-0.051457457195967914,0.6220002404996274,-0.3685842944681266,0.4374440335720439,-0.1297850772814403,0.06219144420130984,-0.27858569810754563,-0.13010438423715995,-0.4445667157590749
2000-11-15 12:00:00,0.1502638408651471,1.1510566282034516,-0.23970561372186305,0.5582103170165053,0.39899287796251803,-0.6126028929326526,0.5166492269977115,0.8862726211467944,-0.6921868369723697,-0.1650216920580419,0.47093100457972575,-0.3015555075065816,-0.07842586687616665,-0.04002917991330068,-0.0008661582753671515,-0.0752132179881656
2000-12-16 00:00:00,0.13660690116227026,0.501135198258069,-0.31965977853365335,0.9924767151361537,-0.7811064514668213,-0.34491959489389357,-0.440187706344857,1.2485718489345994,0.21023095888420124,-0.9313900292230972,0.18181870484256285,-0.5465598613900942,0.43079185000726583,0.936809899698092,-0.470491831976382,0.23059900592579258
2001-01-16 00:00:00,-0.7114610103772718,-0.6008095000874858,-0.10533882643933466,0.592727614770533,0.7859125423009158,-1.0922751760815668,0.1769322653165133,-0.5766797583379869,-0.07976877688392231,0.6006440321921653,-0.929001872820832,0.253392053236127,-0.44782024429579725,0.10950559787427216,0.40831211909968157,0.23693395470935935
2001-02-14 12:00:00,-0.7459922530225929,0.38439337794248907,-0.11664169517981542,0.7256426970636604,-0.5530410459101203,-0.10811852014705786,0.28650926285606493,0.44709326723936954,0.1254455383604613,0.09539038132047964,-0.477981785298268,0.33590649830186325,0.7108842781284794,0.6851443475718995,-0.612025104262115,0.27242305007088935
2001-03-16 00:00:00,0.5531579770899996,0.09653369225591826,0.185356605638018,1.425208133010472,-0.12206338795549715,0.5119196770376967,-0.48328081428570996,0.7116123282706256,-0.422185187266756,-0.2535413218406825,0.06739050833250576,-0.006794997946904191,0.6989133428527732,-0.20906732688362017,-0.7154295296587766,0.26988475914612003
2001-04-15 12:00:00,-0.07325115696717016,-0.04235779737071865,-0.1631404109982098,0.43854970420235295,0.2843517210754407,-0.1292213314251301,1.2909183142845757,0.45861676190156586,0.7776105871881323,0.44335937743032516,0.18701596054450903,-0.07964255805786935,0.4115172970708495,-0.6881335679614363,-0.0834516000961392,-0.5050742110409099
2001-05-16 00:00:00,0.030319455353147895,-0.2914012083664412,-0.016898779270976744,1.3610366957132274,-0.6116362407294171,-0.8265835418802504,-0.7240082718883173,-0.03832983206793194,0.01676187420984898,-0.3770953840431251,-0.13955909374695857,0.2524199493738065,0.8430093562353509,0.8413183147416172,0.5147463580584744,-0.10001821795525101
2001-06-15 12:00:00,-0.42793417421558017,-0.26329547579013823,0.2896883329966201,0.0480116070208606,0.4516147168514,0.18606269799927577,0.12454385732627526,0.27576458215425614,0.9222875030720739,-0.5386751759094004,0.034585945329982826,-0.7953237600511669,-0.02241900815958542,-0.682910425275265,-0.4832992561537155,-0.45589533511318553
2001-07-16 00:00:00,-0.4024254361034035,0.3377156775584307,0.20131218611945598,-0.5085915406312524,-1.0641929530383392,0.24965045922046636,0.505792929320061,-0.3196893444481891,0.4023183186555838,0.18229388790201737,0.8267427551033881,0.6488863975543618,-0.3176248903783064,-0.11189727094949864,-0.5291814103662993,1.1003041040880945
2001-08-16 00:00:00,0.050346114471356174,0.254860911090362,0.590820221331505,0.06136396915672654,0.0253560656146824,-0.6422024196141047,0.3336839802949477,1.0290364117305126,-0.25711786431057115,0.3333164324951874,-1.1076744300526273,0.9051761613509898,-0.39881001425510687,0.5637794679448846,-0.036547826151101415,-0.20594547992976153
2001-09-15 12:00:00,0.3388049711313399,-0.8088632385822369,-0.19227711907410588,0.04550967143042728,0.049020722481321055,0.6386368245704229,-0.9604745205062866,0.728038125764655,-0.19192940412095844,0.5770738216230642,0.21631729539026584,-0.0029381829824769445,0.1820829997528134,-0.4716749407033145,-0.2063181759437405,0.6157607652119803
2001-10-16 00:00:00,0.8024553776676336,0.7584197060928,-0.052419601488134154,-0.703036914517371,0.513444848886852,-0.3268793174060035,-0.5740740841057755,-0.16047614254029907,0.23416761313457618,-0.4160086147296585,0.18610376130300127,0.015469823981178465,0.8872109598851752,0.6384190429752303,-0.43911337774753234,-0.13426077866837316
2001-11-15 12:00:00,0.13419385102994164,0.9946106938978878,0.35655412501625305,-1.559729600321253,0.5097955396738837,-0.21762899287428378,-0.08701727540179716,-0.10089567507677633,1.341571944324485,0.18422877773583468,-0.22632009830123057,-0.1958226653920625,0.7485302910282312,0.21746964513316458,-0.5267769489036721,0.16194465528209984
2001-12-16 00:00:00,0.16537042113805067,0.4338338470504539,-0.417133617157745,0.27964429299358495,-0.5259357388274915,0.5353195295098631,0.14060703758968207,-0.1244893125018883,0.25474803151434183,-0.9465570592024393,0.3788659317968098,-0.21977363486228407,-0.08027484925839923,-0.310459271431743,-0.3012878319082538,0.060828564822131226
2002-01-16 00:00:00,0.15275447906721795,-0.30827116710428465,-0.6566389304948352,-0.2897889441162489,0.120982096692415,-0.22422472508092062,0.07788081041736616,0.27572465165004695,-0.3798888627466748,-0.27276593271854915,-0.017346310667608833,-0.8743534365766701,-0.5853560933447389,0.05003343906507085,-0.05649938445863012,0.053506486102145756
2002-02-14 12:00:00,0.16674845054883047,-0.49545299022993683,-0.14260358850962906,-0.4202299683524415,-0.5558280385259378,0.0031928927091471326,-0.05300038455288991,-0.5152065413571444,0.11075890108562486,-0.2578403415435067,-0.054049705793672465,0.5626344042978847,-0.27529791273056453,-0.5067333472412596,-0.8158375089666627,-0.20402672036424735
2002-03-16 00:00:00,0.16762207118177364,0.10073463608718117,0.00015598399284466602,-0.10463297844451919,-0.30211255413810945,0.6728500561219085,0.053473528525081804,0.40962371294345956,0.0639403268763668,0.007566560936285771,-0.6833013713363404,0.029417918546652655,-0.5739011335628458,0.5021774158653927,0.6903112156771894,0.40914734212420617
2002-04-15 12:00:00,-0.42008443874547985,-0.28291056626664346,0.1982364559089513,-0.06409021139932336,-0.09122481689148226,-0.027340160733136498,-0.2721349712460276,0.3150467467102545,-0.03866571429690019,0.13959280784937608,0.5817966826043379,-0.6875562935469572,0.12451370497257919,0.29685145294533477,0.3953142781794367,-0.34785117357770223
2002-05-16 00:00:00,0.2775524682267647,-0.24465371699855604,-0.4449185642649416,0.25017905712246935,-0.21505334732078263,0.11233521481210318,0.3296632783453318,0.6865002530331836,-0.6635930050184169,0.33856656415936015,0.6231877091145566,-0.896012349453253,-0.2920564981028703,-0.13756183533574662,-0.02118025211610272,0.11051590132419514
2002-06-15 12:00:00,-0.4563117823919603,0.2580939518163957,-0.08823445940550949,0.29204258332042043,-0.6929718090720047,0.7508009972646336,-0.485007463934808,0.019027430156343922,-0.23809953558057093,0.0649404731736345,-0.17291886629265774,-0.19186801179345314,0.5688858143829145,-0.1170953969494023,0.5632757207516839,0.01187958613081197
2002-07-16 00:00:00,-0.39138732782597807,0.39285599557460404,0.4261128844724299,-0.12184363816657795,-0.9794250996837165,-0.17939797462879392,-0.8296125056627798,0.3426237530478433,0.18758575016223372,-0.37048136933130654,-0.38595600395560636,-0.6767039873108694,0.724349608218605,0.4220221730566731,0.5301203682689511,0.7693413639657898
2002-08-16 00:00:00,0.3440089754046721,-1.120504564681705,0.4115357068984372,-0.2924459789058011,0.21224075621044192,0.2017987703584042,0.357693416355661,-0.40037734241413814,-0.29595122229194576,-0.5084773440493127,-0.5876725951476519,-0.09989233105324646,-0.06117659181988411,-0.5575557352244251,0.07881397744534599,-0.2925080610833666
2002-09-15 12:00:00,1.4181064582611005,-0.10321627073971475,0.1278314256153341,0.5770450297099576,0.1687959768098295,0.37245451191411816,-1.0950946297325137,-0.29135216219263554,0.17300722298065913,0.5332337859443859,0.3813029800909475,0.15186909435308882,0.07200998361837363,-0.2883425600867118,0.2229351575933212,-0.0069010497428439455
2002-10-16 00:00:00,-0.5300925643643556,-0.28323340153205007,0.577974017741698,0.6356902324557078,0.842094002365449,-0.6909016477274594,0.704240792302473,-0.34685866506449226,0.7717486003384257,-0.10493284868914493,-0.21639008268961257,-0.1324339253621728,-0.3547868680047243,-0.16621276408720387,0.73458975809428,-0.10630066679668088
2002-11-15 12:00:00,-0.22228204301854546,0.08139355069901924,0.5818616409872492,-0.14681054845657132,-0.2087650469671034,1.0111588391879383,-0.5859355210388597,0.9209837392769705,0.4562927028265909,-0.24716766251716366,-1.1962371629833743,0.01906672115849717,0.538994583661861,-0.02377485080224684,-0.7062113217740419,1.1517476627758447
2002-12-16 00:00:00,0.5029156439099021,-0.10022658640888046,-0.6771117984197765,0.21675732632009548,1.6823807156268664,0.5200793651132477,-0.11506595909450434,-0.25332965508418637,0.673447371765115,-0.11217654030096275,0.36069128013350243,1.7234845514738666,0.7721546193504285,-0.25716632639878967,-0.22737849512027078,0.20757612259680852
2003-01-16 00:00:00,-0.2798026246628146,0.19133165300176883,0.1951205116584986,-0.048094293946501165,0.35941358782881816,-0.3931781393042466,-0.15271970489167352,-0.6244735394204964,-0.6338103636289099,-0.19690339000965107,0.3636007060110164,-0.001244584166955387,0.4011238464271688,-0.02394303452523938,-0.7680697972004469,-0.14903508846668817
2003-02-14 12:00:00,-0.17948165722675358,0.2964834618711706,0.3298369138652053,-0.042944571297515,-0.30828338545559386,-0.5905332230410775,0.03356342352510866,0.28023223035742867,-0.2691032121067388,0.2346776035321845,0.15633892942988364,-0.028876890350530426,-0.06617348057659134,-0.07813788182840264,0.3596585736199331,0.1054397065590969
2003-03-16 00:00:00,0.23580202900079905,0.09010601728643167,0.1893993834056891,-0.3377524756191889,0.2368934939554329,-0.0515004066238699,-0.04533894321916099,0.3158553222412549,0.2775366871801393,-0.02945334985859699,-0.21690314660807378,-0.03335209949042284,-0.7341157601764678,-0.6139632484173279,0.9378005275270833,-0.14959120127936693
2003-04-15 12:00:00,0.16639051660360438,0.05358418753455438,0.2595976688395343,0.08974387310174803,-0.19074038368180973,0.03827442911342971,-0.2793173600934762,-0.0036534938210107323,-0.15035529172182574,-0.38182495353891927,-0.2802687145300531,0.057454923610962716,-0.7583221221111662,-0.25915097994571357,0.8751027669405492,-0.28040324908983894
2003-05-16 00:00:00,0.2210185986466845,-0.23000518887538315,-0.05201797660015153,-0.09770416217345268,-0.7832727085853024,0.5405092001201769,-0.4318970967411529,-0.170644503246224,-0.11123615501060047,-0.049130528376699956,-0.20263761093042038,0.3608213634429177,-0.2677380222412517,0.11432972992251311,-0.015516678980884685,0.1393091234258877
2003-06-15 12:00:00,-0.865888225302676,2.1327073641878886,-0.37970295944997057,-0.38270559862659975,1.2595183113350297,1.8632831312719635,0.13057401228363974,-1.4485507735743226,-0.31577413719116865,-0.29624987761472793,0.7796032544498874,0.2281963658690439,-0.9405154156336673,0.8147706880991312,0.8823926871973905,-0.38277306991887744
2003-07-16 00:00:00,0.35743337215187143,0.34740794415977594,-0.7310370590133766,-0.06858299890310243,-0.589965543710421,-0.6599315380871957,-0.25214970834604045,-0.5948271708965608,0.23185518550060852,0.1978936447871399,0.7945400508212654,0.35176710152599744,0.27698240181554623,0.22215104500316074,-0.6906962552541364,0.7582157544604056
2003-08-16 00:00:00,0.0434735696012889,-0.08645674518516105,-0.5867573707808648,0.308670625545692,-0.5291064987693538,0.7647921877783247,-0.14146680902022812,-0.27581735252484774,0.262692788276294,0.03082993690170871,0.10132004544902334,0.8848852480608117,-0.49455942877410186,1.0617016438520326,-0.07233593024479942,-0.17823322693763316
2003-09-15 12:00:00,-0.2527954364630308,-0.43569030697059896,-1.708613397380209,0.024651439923620955,0.6788323674770421,-0.150544891231217,0.09242679222948424,0.6113937622146295,-0.06663115216117904,0.24388920490363875,0.1204428376046735,-0.572168801842654,0.2157057701365629,0.3579351975657423,-0.07193494041497653,0.3625683900240792
2003-10-16 00:00:00,-0.3248168949531956,0.8882323165389769,-0.4763192724792894,-0.15715263509140592,0.36607510892494766,1.0523630928151397,-0.43699342956591763,-0.3767938314686409,-0.7423402810320394,-0.5199712050354421,-0.4443075458680788,0.8482752238163126,0.5349521757955848,1.3395017338645663,-0.15660746055047328,-1.069173403434254
2003-11-15 12:00:00,-0.5616093752056063,-0.014824151205583391,-0.036917802611813655,0.5472507066498872,-0.4634771478627231,-0.46062618288469825,-0.3268050554567085,0.026164354251031037,-0.16488370737069272,0.15028067140472498,0.11568267819136352,-0.34814728539824535,0.09656748912988078,0.30683774521674034,0.5815022924768998,-0.27558023923975794
2003-12-16 00:00:00,0.09902485457697907,-1.2595094542214689,-0.3186056084179324,0.24211156449165827,0.048046585823983246,0.2549988557755388,0.1318487804775902,-0.564045695282785,-0.3001232750814452,-0.4360265229957901,-0.05684599841893101,0.7070805543705642,0.3489926096903786,-0.4123694294403477,-0.8294548144375267,0.13296960408577368
2004-01-16 00:00:00,-0.05225980896701471,-0.7523567566661719,0.4472050489574765,0.24185696138658797,0.4843834471187062,0.3499932851949711,-0.5016158928212995,-0.004881232231090028,0.21805131603035827,-1.1389326988291668,0.05020541057969846,0.18534092788135414,0.8120042144855955,-1.1566655410402378,-0.06081229297388893,-0.4327241540544093
2004-02-15 00:00:00,0.8882969591892794,1.169109458795864,-0.848837606013574,-0.4687600500399154,1.8876542540742345,-0.1339751424446594,-0.5298682236914647,-0.6625355039774575,-0.22342411154767422,0.3203655883676828,0.4844554187221903,-0.22552568318924093,0.38164854558385164,0.0929957971170371,-0.4153665445396437,0.25744082790181705
2004-03-16 00:00:00,0.04381523429595213,-0.5240342779207473,0.659013695430496,-0.19819235029482848,-0.022832876113237865,0.05462210081049568,-0.15235601599862314,-0.4378219157384856,-0.2850364898246067,-0.42218582423596335,-0.17731406910195052,-0.7917144301867661,-0.2014266424526579,0.2415293892147805,-0.11074877257537,-0.19407324776407048
2004-04-15 12:00:00,0.8213095614639535,0.22107017571286722,0.6213449708527328,0.14656000135745473,-0.5679512093640879,0.6159741239099671,-0.16531900610457717,1.0765047201078808,0.6029182354107099,0.36464801571766947,-0.4289549195609292,0.0790847584531289,0.8170502072047223,0.08726008135821872,0.6679400144430068,0.9459223653543842
2004-05-16 00:00:00,-0.40067972761181847,-0.6968750763818793,0.201787866763859,-0.4960865987413695,-0.26105557030785326,-0.46483667288019725,0.2478400430777118,0.8682162651299643,0.28029694110129716,-0.05655986279337316,0.25284395936227827,-0.11304815493904563,-0.11848202978168287,0.8803759318048581,-0.5731268504432212,-0.5041825003301394
2004-06-15 12:00:00,0.5209395576144664,0.11012860465782312,-0.18426907900806136,-0.704709382024296,-0.23991642547249906,-0.17216237943211832,0.2462245283899026,-0.1778968311614992,0.6860437865207085,-0.2691647486589162,-0.6224790009876568,-0.49849813702690793,0.4178175816679691,-0.22272441998520354,0.1817842974411058,-0.013653871523434224
2004-07-16 00:00:00,-0.39475430609602036,0.1029728570800266,-0.2981903135738376,1.464420547998452,-0.05978165135217256,-0.30182724318740606,-0.10664854387298539,-0.686955684479721,0.9690528562725547,-0.20726995222605293,0.44213216306528497,-0.4734081514856105,0.5095671526772143,0.637927066364063,0.3194928583377112,-0.0151093803519331
2004-08-16 00:00:00,-0.282132687915684,-0.1717667162175951,-0.6512118674437322,-0.7571311971202688,-0.5129505001609704,0.0855147867661139,0.15434941556452153,0.30297856758470537,-0.17563082625908852,0.007920681693188991,0.3129178252289529,-0.3515709403829659,-0.23044837861465095,-0.05261807498271265,0.4654763347693299,0.6553958922551075
2004-09-15 12:00:00,-0.08552885972039004,0.5659122010496374,0.4058788696260992,-0.2601188064850296,0.28311337442717244,-0.2789972967698198,-0.21652466804902482,0.15472073041253234,0.1944865954992619,0.008630237172397637,-0.39788196359218037,-0.19185225562155472,0.14919667073205634,-0.18777769999096383,0.18149799581901377,0.001262057568831021
2004-10-16 00:00:00,0.5277628847703844,-0.25534994561396,0.24137681989317286,-0.09952656976798485,-0.1468783321503922,-0.4403022544862017,0.6606163366485646,-0.46161415984972776,0.2453316069488966,-1.0974738042288492,0.03453756748169229,0.2177295733452198,-0.06891754755492074,0.3659065260396701,1.1998806371960136,-0.14397440254938287
2004-11-15 12:00:00,-0.4430909325779983,0.10392502265806638,-0.03112444408990983,-0.12383906459832289,0.08080235538981662,-0.7695196390771587,-0.028789219711327307,-0.37709570376206725,-0.4530656843260972,-0.09155169185053352,0.2544720348057586,0.44744359037523596,-0.10957113280560793,-0.17961863558738955,0.4367747500440855,-0.011673802951691625
2004-12-16 00:00:00,-0.5699401241587215,0.15838210365040764,-0.40773842976910724,-0.05231956725522646,-0.33138879044532954,0.012182984641284422,-0.153038660561562,-0.04061658127144042,-0.2689935398983753,0.3497118309450125,-0.010502325262088053,-0.5704861439777541,-0.18335427194878623,-0.19451089707105185,0.20833126686038778,0.08117159378152078
2005-01-16 00:00:00,-0.0393736109320032,-0.10972357661183682,-0.04763503464678595,0.26462682539789406,-0.3353021675888952,-0.18758871273050293,0.37897486764542687,0.6019302857192345,0.1221181692999625,-0.45583961659374644,-0.35873964720414286,0.3166031951061744,0.808087950363291,-0.5969647678859603,-0.11535396190417394,-0.8285161472862854
2005-02-14 12:00:00,1.861775527223199,-0.29574084912373466,0.42292000828988763,0.3279108432394592,0.6458888542333162,0.9212299735882826,-1.1178995793339594,-0.269150509691823,0.3047068561796133,1.3040482433879093,0.4503820999610912,0.20294249116521124,-0.07785470529358873,0.09166134445252783,-0.12067239073080807,0.6988028846734524
2005-03-16 00:00:00,1.3447887222584343,-0.6349611772406484,-0.3347871877645364,-0.15934965297226833,-0.195899506780377,0.4761752315547062,0.25622547709112753,-0.2434061593565594,-0.39544944808653504,-0.44753824959918936,-0.408664271287235,0.07456169344845687,-0.03274455916967667,-0.49020854625014254,-0.36428759509295394,-0.07840316251176904
2005-04-15 12:00:00,0.15843559431148846,-0.424861766634847,-0.3466838920727966,-0.5813951696716695,-0.311094168888702,-0.18638800388625887,0.06130583846172566,0.332536523469755,-0.3127915571635116,-0.0036114564704178287,0.3378114664697271,-0.33702817343571556,-0.0053787128697574405,0.2911971590561542,-0.5318437980647055,0.7737564040058551
2005-05-16 00:00:00,0.11609025447677601,-0.6582208545367244,-0.2588347891513026,1.3881366144353842,0.5122083647845872,1.1333945219013581,1.0860447686752552,-1.3810228576201113,-0.36615686378845463,0.11778531395020098,-0.345047761837514,0.5707474826109012,-0.32580932265435897,0.051395025562504304,-0.4251383182063675,0.2800132842013808
2005-06-15 12:00:00,0.24967007621436044,-0.8118963534880368,1.0946324805297813,-0.6269357541581531,0.36799070781625887,-0.6575269079996581,-0.11280352028050156,-0.2306063393214694,-0.11486035507902345,-0.2932821310711285,0.2509020629907012,0.02414923590733553,-0.8665737611044189,0.05883750344421035,0.4157399324583253,0.08798115487957375
2005-07-16 00:00:00,0.03794164853257054,0.026439952744863965,0.3276846779877397,-0.31388721148346554,0.008301030359003092,0.4576959044390403,0.1612571797202499,-0.04033688151558342,-0.002473312700107144,0.19800492427639355,-0.046584139383133605,-0.5142860927962838,-0.20449823248115417,-0.17193500636220893,0.30807152673561294,-0.628021404946966
2005-08-16 00:00:00,-0.6327726941052826,-0.02820629033826086,0.1434886720170738,-0.12019520888538038,-0.6263354453617282,0.48897197253829694,-0.15881147052269662,-0.19523052264894053,-0.4838900223272548,-0.27246711172757404,-0.29249745585005626,0.03213214821386212,0.16717341211602887,-0.9387305317135047,-0.15699569730252658,-0.08972379123986335
2005-09-15 12:00:00,-0.502214929778104,0.30844060210473423,0.07360831556223704,0.00953254877228249,-0.7277271716819149,0.04779653395717365,-0.5686731301991206,-0.07324779005902934,-0.22319451401640475,-0.21705344089848838,-0.15536506366946484,-0.1626444432858416,0.06270980211761967,0.04215422606296959,0.6876665681917825,-0.5154821715289833
2005-10-16 00:00:00,-0.9579379713510192,0.4784559248907122,0.1753549792056732,0.5093537110080234,-0.5554285329513114,-0.117805635422503,0.6436696153741256,-0.41413053332863353,-0.2150056883989025,0.9845743192950589,0.3915949654525593,0.17681957448576902,-0.2780357413438164,-0.051278140151520435,-0.3623526639346859,-0.3033181233234906
2005-11-15 12:00:00,-0.47610238582802383,0.3579020427995211,0.0002922333364159535,0.14379082216207317,-0.17753111605166438,-0.13711957194450686,-0.08137224600193527,0.15806560993110325,-0.23089592738009534,0.2994761399709222,-0.18747202140782532,-0.6560041914377798,-0.4267973217492307,-0.2749412799038512,-0.05049821873373472,-0.46596176958022584
2005-12-16 00:00:00,-0.45749923431138695,-0.08688964084246795,-0.32738486030431063,-0.4398039043766187,-0.3737384928337956,-0.09087012980817744,-0.331144249375085,-0.4639263039335949,-0.20151313177552416,0.2351482857537803,-0.28384071040765446,-0.22625665958233698,-0.6358241174422996,0.07531201346322391,-0.06881910971777874,-0.2059371780215113
2006-01-16 00:00:00,0.15553271771845278,0.6704875394831626,0.42750540393620473,0.7810005391187843,-0.4889335977712889,-0.027465794409299527,-0.3607121414658505,-0.03757972976028539,-0.2943439350601923,-1.0564185450973698,0.05309942773249249,-0.8381094924520672,-0.1861900928746848,0.14819048370508325,0.15335523616382665,0.41727755107645753
2006-02-14 12:00:00,-0.35200249019921476,-0.22712004309613393,-0.5493469822966405,0.42192896383974965,1.2876059735857055,-0.040280026176209405,0.6775340840732019,-0.38108526469988396,-1.05286226178608,-0.3503661829538344,0.09341910058305797,1.0657906025735362,1.4650248191211626,-0.5891100853244543,0.13976831491867195,0.2410388995021177
2006-03-16 00:00:00,0.2033075142997799,-0.16714502253828714,0.6344182555398779,0.4476164980248818,0.24050461923598976,0.2566642501325519,-0.3233636134690673,0.4738506012825594,0.028848929718912175,0.26709678398060754,0.22739278883117137,-0.10975135064494768,-0.03880439997157514,-0.4812444830320615,-0.7750891112110913,0.10361449257780814
2006-04-15 12:00:00,0.6491406042767273,0.7800299127822738,-0.05086285158182427,0.17103283797215962,0.9029617032908251,-0.2812965165970907,0.11983152910181671,-0.5436247488856037,-0.48234169006019045,-0.785093313127941,-0.33031915694260233,-0.17275223303517118,-0.5832138438858533,-0.2633533099176082,0.12462431341573796,0.4584510681858583
2006-05-16 00:00:00,1.5931037558064265,0.6981485332200051,0.5061674499550874,-0.539778577192871,1.3830959323862864,0.19604611909370817,-1.3764053820599456,-0.6698941243515515,0.1100176838798283,0.6496720952524824,0.9642322921645896,-0.44174059529514154,0.6548570143426455,0.48837362562119835,-0.16521652890166813,-0.378841186706883
2006-06-15 12:00:00,-0.1293195439431421,-0.31952223915755146,-0.7666198749766623,-0.3244180987761707,0.157227431352583,-0.023017862373445275,0.3422346225361895,0.22778544616294902,-0.4169859571366812,0.6587423979502602,0.2216165013291555,-0.5708892186912027,0.13665927955167256,0.03208790376688775,0.19825259647159985,0.10090143474620566
2006-07-16 00:00:00,0.2737876708138881,0.025089015509219575,-0.13080509820940217,-0.06201263134768681,-0.8052431025309075,-0.33322837255990356,0.07017454162871462,-0.12452115155853927,-0.12796625582391138,-0.36551675505504416,-0.3659084112373265,-0.5513786805386656,-0.5429427796341176,-0.23208138646557552,-0.22961297082827378,0.2046924905053979
2006-08-16 00:00:00,0.36087860204348066,0.24939759900210415,-1.2549915977679593,-0.4531681621810253,0.4188307255275011,-0.46357996386532163,0.5429385363492908,0.31134153946157384,-0.4542102233602928,-0.046875734758133225,0.16608858415142164,-0.6213435021807685,0.2790733479927183,0.42224368449854954,-0.014860257768413737,0.14995465305919248
2006-09-15 12:00:00,-0.32392452768473634,0.3453407761178384,0.032316984485708466,-0.8232102017144027,0.3994097411184744,-0.5621088589605413,0.041215957402374936,-0.17032081583784348,0.08288520760837098,0.37547685372112016,0.09467222202434439,-0.3412960614346842,0.044988294935605966,0.06027099910702083,-0.10336958575092611,-0.24978224102086496
2006-10-16 00:00:00,1.3918956131765077,-0.2094733571275812,-0.2968126131203776,0.022481877602430034,0.3029253015232638,0.15457514288797658,-0.6604147087496965,0.5897773004155433,-0.13865290601493704,0.9983195173885828,-0.12956481725669894,0.7789998457769883,-0.08074719593382401,0.18766350253867414,-0.2749403023790634,-0.18609428482958779
2006-11-15 12:00:00,-0.20838854936939805,-0.2759103441765185,1.4267734900984668,-1.3813060089825742,1.5236320102704153,-0.4334056990914429,-0.50610128181869,-1.2054484627023185,-0.11605988416751692,0.33041557949707023,0.518618888775787,-1.0734440485907688,0.7895163157723217,1.3148099647250353,-0.3529447082364434,0.5805163362262244
2006-12-16 00:00:00,-0.4632009638423821,-0.6747055936310288,-1.1748012918315083,-0.898872883743733,-0.7490774542204672,0.10163045722045527,0.10465780905403343,0.9557752105889772,-0.32711162125276466,0.22207267955895238,1.2392220762959734,-0.17253081509375034,0.11105119087411008,-0.03863747930745065,-0.11914133032066318,1.172462214314633
2007-01-16 00:00:00,0.23090245648705465,-0.3091951306363811,-0.30610713158486536,-0.4564647956642267,-0.032357538105974026,-0.2840650405663063,0.09079579341748278,0.5525783584037516,-0.20908847789066312,-0.43756467420514117,-0.5332615500682834,-0.15289492254425363,-0.5625336648299911,-0.3789108632400567,0.28680920983920666,0.1592502534939933
2007-02-14 12:00:00,-0.09326424822504348,0.20794945905895487,-0.6164102847468301,0.31782410540264405,0.8990766949084891,0.3080531776892379,-0.12765637826756115,-0.6169826417061581,-0.07865361978413599,0.6001202487791999,0.18822038443001304,0.30593384549279723,-0.08752722916645617,0.25000089497414146,0.9430916341796717,0.23206985612159764
2007-03-16 00:00:00,-0.12930073608860115,0.575593451485569,-0.37628988078988257,0.38203729510142814,0.04608391367890541,0.6268388195963904,-0.4561662080588967,-0.18780758819401325,-0.8749271650872534,-0.8298951882598951,0.13762900911629955,-0.3526987403090701,0.16076132988004077,-0.28387188554148124,-0.1218737738646358,-0.16861110324565842
2007-04-15 12:00:00,0.3933701899422939,-0.11027444501310994,-0.43673311855768965,0.199434245202469,-0.3919380491216453,-0.6040512507738527,-0.4120642952739999,0.6551994637195194,0.2787589572127795,-0.1996129715240434,0.37567742825727873,-0.274542554781826,0.2659180573336929,-0.18562291689563215,0.6542384198512791,-0.3867306843399453
2007-05-16 00:00:00,0.5465452686198863,0.9799895173968178,-0.06149471282092084,0.5672235839946397,0.4399425500455647,-1.0390128412539643,-0.3255191902873252,0.14313796665630857,0.25728780272569723,-0.5669757019550579,-0.6197179546979129,0.6458101115597513,0.1838106858179246,0.5992752143404194,0.4660571183533252,-0.2797923677924343
2007-06-15 12:00:00,-0.22225415555087338,-0.022563189403840084,-0.2684003508965011,0.4519534821839023,-0.3756439804250843,-0.10493086656694095,-0.06364095849027973,-0.24438647421507276,-0.16782528267082591,-0.061665028918533316,-0.6831235353906833,0.11232256295637355,-0.24830362087195806,0.45573792143483005,0.1793497786109262,-0.5795141383847301
2007-07-16 00:00:00,-0.9183078850823938,0.3367857591990471,-0.4576420253416219,-0.11240840432213023,-0.11341303223444371,0.7059073190877457,-0.17846516860873096,-0.5321341881004038,-0.15634725146992312,0.3099980745413298,0.21076070865062485,-0.4469172528752262,-0.4337498562890213,0.3989595697743191,0.4372821572016231,0.0820020003180491
2007-08-16 00:00:00,-0.3211129693727278,-0.32484601078201575,-0.24865589027155802,0.882700170571724,0.5198215046696757,-0.2908223205577208,-0.12714964551505092,-0.21283065641495613,-0.05440004579947011,0.381214774406654,-0.5335061203374664,-0.29205335839581253,-0.34221417707758983,-0.45101387777174506,-0.03900223695861388,0.58590487880675
2007-09-15 12:00:00,-0.23106135170462389,0.0018757098742981926,-0.4647208290284207,0.16838321413832813,0.04065310854219606,0.10336709962410695,-0.1921440102936227,0.6023849756390716,-0.19520278036339025,-0.5043366854352125,-0.40811557732355735,0.4525234873981899,-0.37908634714115286,0.09505906388510821,-0.19332683071499338,-0.6098313451483659
2007-10-16 00:00:00,-0.19142222176524865,0.9757200623597397,-0.5017151607165413,-0.9201896874018685,1.659863390334679,0.08307798452575976,-0.22388162453876137,-1.123529187756022,-0.29163223364703394,0.08054887760396295,0.15663255910042245,-0.2913494104803283,0.7171755419248553,0.8221893297953196,-0.05947299150024729,-0.36219414003077527
2007-11-15 12:00:00,-0.3282935354448979,0.20790104188814432,-0.15660056231979275,0.10531616257486953,-0.363553774683697,0.08650078773241254,0.5010153711572619,0.023330037831660683,0.24927522110603523,-0.1974046673816086,0.29278362328711255,-0.01026073171231967,0.2393348188530663,-0.4487323235813427,0.33550651404698806,-0.7582409377262154
2007-12-16 00:00:00,-0.5166966949577966,-0.5483534466891544,-0.27268792416682575,0.07815769888633783,0.06593262468372196,-0.06649854569487029,-0.3370633545250374,0.02671210066402058,-0.317963144612045,-0.7736451215131475,0.009791004717980722,0.38891571809644276,0.3982505833832416,-0.8294250252486972,0.3738838337714937,-0.07002261522497943
2008-01-16 00:00:00,-0.23488781717824533,-0.024537526624655276,0.22985289661669542,0.3492713919997523,-0.5182916928876058,-0.6084584097264224,-0.596477616319957,-0.00823538229791821,-0.31054624716764795,-0.06771961032641183,-0.25686744022577734,-0.493227759595802,0.08860003098966063,-0.17272776353440578,0.23288491789581792,-0.3368862818814662
2008-02-15 00:00:00,-0.021882427063417198,-0.22203192234376998,1.2302566170968383,-0.8151484128257496,0.012299140326052005,-0.4575650021646947,0.5081971671609326,0.3979650847033093,0.08119642575755609,-0.6496390578478457,-0.3630330403750399,0.6749708525478392,-0.7836410542293079,0.430462184974024,1.1412336091968054,1.5178443276876807
2008-03-16 00:00:00,-0.36236538216850567,0.338556083943504,0.32096551089660286,-0.3949858763216693,-0.08442692455661999,-0.040970193683601996,-0.5525822406173014,0.5397111678140538,-0.22900047192570727,-0.2980718774329573,-0.4697094439590215,0.46872604755635117,-0.3128150622016855,0.13006928312248323,0.8294101968635923,0.2403175424391773
2008-04-15 12:00:00,-0.19417449209872795,-0.2939311916202274,-0.2167478023887625,0.061549913358542485,0.04329469416773313,0.21761506876333003,-0.27596806211455205,0.31866064003716,-0.23294820063701502,-0.6780323560676556,-0.8431495592359802,0.4685874016725492,-0.4545542052107312,-0.001043595998483915,-0.35082570157684945,-0.594921822153832
2008-05-16 00:00:00,-0.4922385235940071,0.24264279483912984,-0.2252928398189434,-0.08577159441184301,-0.35329330509002865,0.0900407594640561,0.1560758235332228,0.6438214623502639,-0.09524718930379741,0.1569458719803694,0.4683225649329162,-0.5327171886674704,0.5358324394258724,-0.29728506804588484,0.3149658393184937,-0.47452230488942854
2008-06-15 12:00:00,0.1674134862003821,0.5667924775270845,0.21019645465185646,0.27129946221337353,-0.1504545746741831,-0.5855526700051198,1.3284772375737814,0.2294774027560431,-0.4707662481970186,0.6479920399429463,-0.08146431322545739,-0.473472680250504,0.19812553670245658,-0.6040889599712383,-0.09857116646123185,-0.5999456340089078
2008-07-16 00:00:00,-0.48941275577788296,0.059105508689856895,-0.3850512757228227,0.12480054130272711,0.19604308058631048,0.384451681529723,-0.4780560574762123,-0.33558206828914866,-0.20587377984285224,0.1457119167350944,-0.3325717991282462,-0.041373060804073436,0.1957697645115728,-0.1468959621481214,-0.11540071129826243,-0.2267145397345151
2008-08-16 00:00:00,-0.3080233900208429,0.12218678773039673,-0.4117624582123274,-0.017083614256850066,-0.45898613627199203,-0.6374691364000099,-0.12620548838697654,0.5167110575647368,-0.04111661721954274,-0.07206163607200156,0.19205358914672105,0.6959114445987141,-0.59810363693634,0.8698152774794861,-1.3446427091118822,-0.5155991094003614
2008-09-15 12:00:00,0.4311989833259424,0.5295574248506135,0.01181332083475406,-0.12590353589505765,-0.37947092254842263,0.8705180844322155,0.3019673125395047,-0.3218931625273537,0.5515956637042434,0.5305018729978235,0.9096404652331427,0.4235309138339939,-0.7769098876466146,-0.27208135291235946,0.11937989900972132,-0.3769939924511788
2008-10-16 00:00:00,-0.4047665022278343,-0.5033170699042205,0.021252779973555846,-0.4272207225292096,0.42040374378747236,-0.49053213297476495,-0.18070898573416205,0.5545018586185543,-0.4594555626734731,-0.20377966685830845,-0.05408550563697079,-0.08850026696582858,-0.13634333616424538,0.40330054468983456,-0.10630195125848405,0.3437318753431626
2008-11-15 12:00:00,0.5779207047242957,0.9682859825249737,-0.15305280860670908,-0.029851294977456255,1.2989762949243837,-0.03828896132138537,0.7246980622817606,0.15846353926473775,2.138792813364969,0.37389250059655,0.2588817812147209,0.8666420173873203,-0.09940910460225061,-0.3489506921027225,1.1120708551044756,-0.2570954025304178
2008-12-16 00:00:00,-0.24904865482384966,0.1406422440010294,0.07281127112105376,-0.375481733636718,-0.5276215314510196,0.06237708048722235,-0.26781470476728864,0.014573573872935883,0.12695676768994701,0.047670749026247156,-0.22545032876342727,0.1024887570317442,-0.3801121205134412,-0.5640475282015087,0.24341954871141103,0.29112151261890634
2009-01-16 00:00:00,0.2857774442279396,-0.36402676565278735,0.3737079843383079,-0.01057557097209455,0.39913586856611316,0.19969910587466289,-0.4594316404913892,-0.004333938008604807,0.047080489570671014,-0.25227055033325957,-0.305079306516494,0.18753717779152312,-0.0466712195265605,-0.8413056950669184,0.0003957065486654143,-0.16257992280794115
2009-02-14 12:00:00,0.40441196184982586,0.10004155290268688,-0.7129951879781209,-0.2927889721204695,0.38369515284503497,0.4071692305738097,-0.24695325557418546,0.2915005059317907,-0.4942595387318332,0.1613294977866061,0.564600451502691,-0.4343263828335677,0.2078700751014596,0.5581403337635276,0.31428349232575314,0.3259456742139171
2009-03-16 00:00:00,0.4817226695360509,1.1478378792501724,0.08260889037061922,-0.2775933052060267,-0.11659801064362779,0.13425057456642742,0.14220813609601024,0.07492594103457567,-0.5642734363313261,-0.21846199620688572,0.2584753032945542,-0.35079628542733166,0.1962128600075168,-0.015722378751542365,-0.10120479964201815,0.9316460059455651
2009-04-15 12:00:00,-0.30173731666813136,-0.7652362021940075,0.425246156916363,-0.09897695617820207,0.6742726394717332,-0.5650108231636355,0.03368186907741255,0.6367002879115318,-0.3739811138619668,-0.5866483628278034,0.5718083297977787,-0.4903840914536423,-0.6990508048408772,0.15666529449513944,0.6739264678667835,0.34185116123063203
2009-05-16 00:00:00,-0.41903941481624024,-0.4294184428597575,0.43800140328611337,-0.04418332518290369,0.6216395228144654,0.49915946350756524,-0.11947255073318441,-0.09851775352373815,-0.567468149607499,0.002738314251614915,-0.350065036892804,0.4470010616434611,0.763984201679476,-0.3065265766592714,-0.38201088831413066,-0.5040276932384463
2009-06-15 12:00:00,0.5368703215851435,0.36417472117615757,0.12073688301164234,-0.38970016058954104,-0.07870341797766384,-1.3200131989700048,-0.12948769782026825,-0.20897403061074785,-0.3540319562744566,-0.9175118242349833,-0.319775351470182,1.1258344331754513,-0.5951362107249347,0.5263891292509151,0.6710346250624378,0.007207905072615373
2009-07-16 00:00:00,-0.3256883692083136,-0.04382933536383746,-0.5271022533995281,-0.7360594448032098,-0.334088877227561,-0.0776428700787053,-0.2168446696311528,-0.5451684997857869,-0.4025294650102244,0.006576738583116193,0.32874092858142273,0.07676257676533649,-0.3256130831977085,-0.36424215065922577,0.042102864381257946,-0.2110165285689924
2009-08-16 00:00:00,-0.20267902517556036,1.457947887417875,-0.23521144813060113,-0.6761727220034599,0.6648466599280284,0.6601456495582506,-0.4859327624465539,-0.6616640194972869,-0.10962325267769477,-0.17294291461165795,0.3164803166255182,-0.4507488615176873,-0.2123929206120792,0.46421761201596157,-0.6055900634462751,-0.04313260381245082
2009-09-15 12:00:00,-0.4624721384293541,-0.6074796174519121,0.13717642618362322,0.35051418574808846,-0.19948855029102203,-0.2787011274117605,-0.21138036953255146,-0.507746181580717,-0.22532325557634902,-0.12426725031174085,0.13535168333745967,0.2865808660589272,0.00480731285441105,-0.27343339540957434,-0.834576524337373,0.12972270996596408
2009-10-16 00:00:00,0.4109093505969209,0.04205108701966484,-0.04969757128189692,0.021906352481172453,-0.03996263787850918,-0.5076215546131894,-0.4677553597834314,-0.2635644971443812,0.035299269836055136,0.7024984509781736,0.02208002207026588,-0.12014329896422127,-0.16615076577024424,-0.28839277923892515,-0.24523047646135224,-0.2826878780611299
2009-11-15 12:00:00,-0.21056524369113344,-0.20617641293108774,1.1322076239169265,0.16215804915760068,-0.3261287961578791,-0.40097041297855895,-0.38589142880706995,0.29799010833056366,-0.15474135539845277,-0.4135676717720041,-0.03605255306221722,0.3923744445977103,0.017755711946869535,1.241720449490363,0.3182245203350642,-0.040254421848461786
2009-12-16 00:00:00,-0.18407360156248515,0.19472363212107205,-0.3512227619380327,-0.21981339668467767,0.7630883763698312,-0.3742145645880157,-0.5180677614295546,-0.9779280625774319,-0.3700673817543315,-0.15867449592330551,-0.34814355328603297,0.5379721281621065,0.5173709027206777,-0.21986483798168222,-0.5475765117690224,0.13792384208936287
2010-01-16 00:00:00,-0.5135737189417314,0.35885676430979596,-0.23229585204966932,0.7641870351642023,-0.02107862321589543,-0.24431937687003397,-0.11196692942588304,0.08013968636385907,-0.13137093851088857,0.6388232986763405,-0.42565046979743154,-0.1514462315792804,-0.370140904720863,0.08865169668684214,-0.08219951230412154,-0.4463273653401933
2010-02-14 12:00:00,-0.3082272906260717,-0.24322494318182392,-0.46344853225329485,-0.3469330821723817,-0.08603662346133012,-0.24970103535565735,-0.32450047353673794,0.6775548443450166,-0.5189483412810972,-0.018523571997335897,-0.27054795631648054,0.442439107423524,-0.15296408288256896,-0.22872666461229074,-0.0023530645740247325,-0.11086690402208565
2010-03-16 00:00:00,0.006479921753391904,0.6105665982269285,0.4399855724488654,-0.0993824534413979,-0.15994282085520328,0.7056169317635078,0.6466099281971694,0.931813162771591,0.8612229956209998,-0.875754188395331,-1.0970716716394024,0.6651542744604285,0.8870538389537661,0.7917823470424952,-0.42082471822360346,0.6374280747994789
2010-04-15 12:00:00,0.3619713467857959,-0.1291415480483164,-0.23062102580281965,-0.5254613070781872,-0.051199783597711934,-0.13026529723572505,-0.41985262073512586,0.4133882468388637,0.19763279187634747,0.2646546192908188,-0.06779178318243079,0.18801372272461947,-0.3060768164482737,0.15858598653695377,-0.43507757870879205,-0.3440094670942234
2010-05-16 00:00:00,-0.2903659071177378,0.8326519063055047,0.8458233726144664,0.02476655209160622,-0.7795747806756608,0.35062380657679115,0.26780607540642076,0.5773604927346208,-0.2546905545248865,-0.09554268982123326,-0.8984149580401148,0.6208076603985732,0.539224651453043,0.1343425769479717,0.8102508787279181,0.9320438946638825
2010-06-15 12:00:00,0.4558955396065466,-0.35180236702565826,0.2260114507413726,0.06575007378725667,-0.4115000228158817,-0.019134537367950344,0.5041500128730513,0.3610807243410399,-0.7020528976279992,0.01411454151082786,-0.1805083978800936,0.41416780824621313,0.3149634217899271,-0.577609947613852,0.39326108048917613,0.14944224547423374
2010-07-16 00:00:00,0.19041818735650862,0.3271363383713448,0.04488398948428762,-0.24738711506806058,-0.6252006825859695,-0.3615978331831688,-0.06353444373148509,-0.19255939479998352,0.2351397085134848,-0.5367643481130306,-0.10952241538422491,-0.12225651904907198,0.49838618317628125,0.02800933463566191,0.5933783418546222,-0.3304196102181296
2010-08-16 00:00:00,-0.1641476059439797,-0.050804887598996984,-0.37316183810314174,0.26755319694156376,0.5415725790320988,-0.16277734589752174,-0.1825664662816605,0.27938737133262237,1.6109442353777046,0.2281130044232414,-0.39990477494760446,0.04793752814572538,-0.206364628490247,-0.5290251128951278,-0.02008828767595483,-0.30507188663609575
2010-09-15 12:00:00,-0.4508837286707219,0.1772722585252592,-0.48425184563359613,0.00696515060998093,1.0629527953670332,-0.09691749320693421,0.17841892428670014,-0.8203449940104637,0.29989989014934443,0.41369200334759537,-0.6180806393952555,-0.02222631780106521,-0.14800924349912886,0.3300121795393913,0.5076727641405154,0.030917455391819726
2010-10-16 00:00:00,0.14027554063692693,-0.4045452901189961,-0.8088009991583595,0.04543795078481783,-0.3530242338499104,0.07495058920171294,0.8355297290996856,-0.7305440225437891,-0.043634945833531225,0.04881230692720212,-0.059323711381487176,0.1269829569524894,-0.704220310537065,-0.17657263991727934,-0.0938510538283697,0.5066195107937663
2010-11-15 12:00:00,-0.30362776972173355,0.6879986902988074,0.09203315780572738,-0.5097896124904437,0.11963416430675622,0.02845848042135135,-0.21170098717656838,0.2635511146423947,0.26354228382339434,-0.376110561534786,-0.4421205843392598,-0.3928250299455718,0.03017790456224889,-0.7450157976345024,-0.11338567350280163,0.5786265383359912
2010-12-16 00:00:00,-0.31623731171252156,-0.437896994353824,-0.32692994961200383,-0.34914555717482937,-0.10379188831370872,0.644879083317749,0.047433952387720635,0.5172740042137015,0.007156939691532638,-0.10067213122562968,0.5898581725061309,-0.7785633712160772,0.650598696156397,1.1450655585139085,0.83127024836494,0.6326301698339907
2011-01-16 00:00:00,0.9975550522506699,-0.06356918874705375,-0.0822465143559844,-0.3122795085983017,-0.45771171336629624,0.27863793913675794,0.5041463179433164,-0.6099553772113863,-0.07676970623614865,-0.5737057802592875,0.5220921170327486,0.3632550406430307,-0.7484611029037,-0.029971483705086066,-0.6037859345333871,0.371833152045492
2011-02-14 12:00:00,-0.36143941142827907,0.3173190238220742,0.422214796515201,-0.25471354411555713,0.04732426092412434,0.005353650785615338,-0.03011058256568644,-0.18022387356138875,-0.17469451470366665,0.02219656944516507,0.03534811243456887,-0.05851624224262908,-0.23473344780202293,0.05719478609658801,0.4811868300885248,-0.5868106384552141
2011-03-16 00:00:00,-0.3395621804815472,-0.5088542916230352,-0.26957723083575147,-0.39395337146272463,-0.22257342468076938,-0.2499257664835789,-0.318749932998719,0.193258975366491,-0.15437070190803348,0.46445060133535976,0.310008256212751,-0.2369471648155581,-0.06511655252227988,-0.22394025064680756,-0.02893898854031593,0.49005836767069383
2011-04-15 12:00:00,-0.47918464569761293,-0.42648016627124835,0.11280852341860817,0.0840058825211335,0.709262311726422,0.7103861100549632,-0.3246295742769494,0.12126735885973525,-0.2177108187361862,-0.4356368215535405,-0.4080881591328125,0.8844789356660935,0.7367386798527149,-1.4840632751923912,0.11546407524615823,-0.146153099334626
2011-05-16 00:00:00,0.3880876695231247,-0.7501183819034332,-0.08790345943601507,0.32915399713704263,0.5954268131913664,-0.02184222979780992,0.0314944942057237,-0.009793000350583392,-0.13964091521766897,0.3752653812495771,-0.5165652849331008,0.09292932195631443,0.1181760859198252,0.0997540093456335,-0.27993430422379373,-0.01926519877723476
2011-06-15 12:00:00,-0.2499949511573115,-0.6003859264231124,-0.8681578801905806,-0.36596515216084813,0.005524990717851952,-0.2085363606431242,0.20039035388495152,0.05789268321936769,0.032505758194890655,0.08445499588567695,-0.23043048450562637,-0.39853869913984147,-0.23271557622150774,-0.05809275583671303,0.07434354735411307,-0.21568042511238128
2011-07-16 00:00:00,0.7466330935312039,0.35047747831116793,0.5261034152941573,-0.9752408378530634,-0.18236549152988257,-0.05436929259297191,-0.029958244693322866,-0.21402804822393676,-0.3172893198283389,0.09767095993445976,-0.4156489147857253,0.27744277454338573,0.47400718598728053,0.12935357143908854,-0.0652681770679191,0.8419540761560473
2011-08-16 00:00:00,-0.8819650514557226,0.8348947922170313,0.15741233491591342,-0.6598707703498534,-0.9067068904548451,2.1580846424101257,0.0490179677006215,0.2695409013511905,-0.047061520551160085,-0.055483801027412016,-1.1466967308646328,0.543177084151175,-0.555787162608948,2.024982462504028,-0.44974361351152103,0.25353744681270335
2011-09-15 12:00:00,-0.5407568391507053,0.259163294641936,0.1870850901572336,-0.06033147173728254,0.1612649490579191,0.17336518557921876,0.1522073638807525,-0.35959790814017145,0.19991466234774274,0.007841032710038498,0.008992353425166855,-0.5299800763301509,-0.0709654378610951,-0.2512956487098873,-0.36035333140674464,-0.3683267325134853
2011-10-16 00:00:00,0.31235167745974124,-0.9480476893051822,0.5073764311518696,0.21524131974308458,0.30279307996743365,1.1649767425388,0.331786523389214,-0.5137203154253488,-0.047336937624128606,-0.7757646180139035,-0.0294388363132414,-0.13752082164801627,-0.09657643376899377,-0.4003454319719784,0.3163930217445914,-0.4523975889864903
2011-11-15 12:00:00,-0.31746655515657496,0.5235139931948719,-0.6318603797928365,-0.49112945528669305,0.3668322906581888,0.8394065638893838,0.47793962342881524,-0.9107901553082088,0.6656976396668624,-0.23895131573735356,0.13643371267917176,-0.3570157564204189,-0.0691252592429582,0.13499142922536844,-0.21092973448027832,-0.3630972542236379
2011-12-16 00:00:00,1.2000890487144558,-0.5593722549435838,-0.44035844871307334,0.03311771934211544,-0.9965621597298016,-0.019130550495247367,1.1550677579704853,-1.2219637651945359,0.5168455936571792,-1.2596242941256237,-0.4211078051114853,-0.09727571567574089,0.9109701728514881,0.2296617355792374,0.013087304020925172,-0.14910628093395073
2012-01-16 00:00:00,-0.5377226990232966,1.123158782236673,-0.5954242173407766,-0.9887352955452313,0.05909324676954297,1.7178898625994088,0.38110122723999573,-0.42596079078883564,0.8214373753155233,0.3217395770709329,-0.2838373053363205,-0.032457386552100065,-0.0829617675627084,0.7760505882886664,0.8468542177582659,-0.23160218977405478
2012-02-15 00:00:00,1.393053787692303,-0.006178611078674817,-0.11416080770032347,0.013418675195963348,-0.7076002220246248,0.28225003664241666,0.39436219353209856,-0.567660596545102,-0.5388205003819978,-0.8554341386025135,-1.3464795292358516,0.21177870894645678,0.48661084452724146,0.8458741814289301,0.554321320983162,-0.16103638132120868
2012-03-16 00:00:00,-0.10813344718306983,-0.38108438861364635,0.3813343304174308,0.4649216345505701,0.14835026893606928,-0.3198804973868772,0.7492217183827451,-0.033828394809848984,-0.4356188506136496,-0.2234550027561349,-0.4615164003278977,0.3589939336637068,0.03733106336090353,-0.6420414677525623,0.08364637437650536,0.06354174209563773
2012-04-15 12:00:00,-0.17345627333600094,-1.0358522746049723,0.4242561660872035,0.3592422548506268,0.31944143261978186,-0.46948399878263036,-0.18431195744561568,-0.9643771998425722,0.5371859453920558,1.397327940451822,0.730952629726128,0.367955404590688,-0.4052187648193495,0.3649644967666146,-0.30767491756665033,0.5261872394332741
2012-05-16 00:00:00,-0.4476194591794267,0.3485446209210096,0.10140389688756399,-0.21190542184919547,0.04996186114799428,-0.3431781751537689,0.19846558735368436,0.16821106025864352,-0.5541901133411359,0.6428189974338647,-0.1791356015351293,-0.12372972476397559,0.504810467563872,-0.7107956278852122,-0.15342028357752066,-0.47143581978240573
2012-06-15 12:00:00,-0.3512714301021541,0.6564209010965829,0.7542545490382645,-0.9688971353806554,0.6608872757061058,-0.7402963636228556,0.6808435478989779,-0.5052042461597565,-0.3993312108904047,0.6685176328224381,0.4982579393101045,-0.18698519322157614,0.6531222285552472,0.36948011584785934,-0.4031242847313282,0.4519983170420396
2012-07-16 00:00:00,0.147013119805809,-0.7429339482127982,0.3972944396820951,-0.37708326936347214,0.3604600899254211,0.3608629241239423,-0.26710174168785894,0.10828462374099604,0.8320158565093954,0.15320202654819456,-0.0002826939665607764,-0.33679390251696417,0.1587107624523878,-0.2863064809348337,0.34991619467628665,-0.11983384047866757
2012-08-16 00:00:00,-0.09291521237323075,0.519150366823634,0.2502527959592139,-0.11895015428590194,0.47373918686812566,-0.49361717798861715,0.388366657057409,-0.27642094445574633,-0.24034625437415405,-0.006485752360735675,-0.09103430275355157,-0.18654553631200999,-0.5449208243612989,-0.2829571431530158,0.2838826723546698,-0.1487652823296809
2012-09-15 12:00:00,-0.12001372563062529,-0.6298851608394911,-0.04851739767520705,-0.21904602676936738,-0.6904638146442028,-0.44230290898455005,-0.06268730410450063,-0.20878415764618719,-0.0691172646786608,-0.36588650209247037,-0.010242763865135562,0.18554981673419757,-0.018258529631958176,-0.18470079433067355,-0.22183529321489578,-0.09070905267586005
2012-10-16 00:00:00,0.08165315277248197,-0.451425546180946,0.479498578806439,0.32434373968701036,-0.18392073054819957,0.7045191773198806,1.1867840520555148,-0.9130782702745364,-0.17599156231032873,-0.2723577653552886,-0.9574727151999838,-0.5404031980319384,0.2780147103737177,0.06976604346066961,0.034257014849106426,0.3839046838689561
2012-11-15 12:00:00,-0.2843355406119449,-0.17923734126545676,-0.706767338627831,1.3369277596397375,0.36560689370313715,-0.07788381193160587,-0.05645781163012398,0.2716414691062573,0.020378920310778093,0.7680567344839062,-0.3976782170664301,0.3148599716242001,-0.5549330824294599,0.6497458349210059,-0.4479092183229495,0.2822823232833244
2012-12-16 00:00:00,0.9480304768806355,0.5509959647702969,0.027435610425282142,1.2943879667770921,-0.8053992810223854,-0.11537147251308727,-0.7792711805905378,-0.36193745219606704,0.6133499569233392,-0.6340208032072392,0.18746645750653906,0.33919469791054613,0.5611988797367298,0.3028059741084057,0.799627619450229,0.04042829592620728
2013-01-16 00:00:00,0.5121371538729385,1.267711668901625,-0.3533331283463992,-0.48248334323531106,-0.17289883735170258,-0.12505214680793802,-0.007789431475556996,-1.0267009438676156,-0.30577286735265563,-0.48604083121876734,0.6984224627221858,0.08818292759269286,-0.7160508469210798,0.18882261764026143,-0.5295840797131901,0.15043647947296385
2013-02-14 12:00:00,0.5568539282668882,0.1932943824429522,-0.4990725753123607,0.5426596968717854,0.05767528134205113,-0.5664273146286162,-0.6218028385172965,0.14719830975470122,-0.2700232998921088,0.056135829514498276,-0.18792470088668006,0.02029789008513949,-0.22425388872521895,0.2451055816986767,0.07017195469713379,0.08028286349594665
2013-03-16 00:00:00,0.07405994451792852,-0.3240619114401873,0.47647983363486013,-0.34917553016632374,0.3207797398231199,-0.17874746839872852,-0.15158947999958416,1.3469644809078702,0.9238492259103313,0.06496538769604882,-0.10691444332689093,-0.032332382874471266,-0.20279339859559564,0.3793887289594844,-0.1856430646088539,-0.06669025083399954
2013-04-15 12:00:00,-0.50514095533191,-1.1549196919336515,0.7839298590596778,-0.29023840812661955,0.4281090127471149,0.2584837831227266,0.6873171873920377,0.18962061605278838,-0.5678186082891761,-0.4823052536952361,0.9786248385328336,0.9286420097447522,1.0977756441949715,-1.2569439393128605,-0.7216247219474553,-0.5004510125098293
2013-05-16 00:00:00,0.18456369831134534,-0.14684986706666414,0.4268255471218032,-0.12145737467447992,0.0871497183144413,-0.04145797037970805,-0.4135493001477748,0.28751428964231024,-0.34978202054382945,0.7462213747634681,0.02822917563508326,0.05593665897477884,-0.1797569194943449,-0.7640773622564847,0.2452530741729653,-0.3066224183317988
2013-06-15 12:00:00,0.3496225866805024,-0.3081783447498317,-0.7660279576442917,0.09280402900671414,-0.1303711452421336,-0.16734182459432434,0.6647209910064099,0.47616129557091785,0.7271601664755643,-0.49297893638456497,-0.37717964023433603,-0.7286887982857608,-0.11137037559367069,-0.3041125764048206,0.2798297645987757,-0.1329665506980775
2013-07-16 00:00:00,0.16768235740757254,1.0370903151524595,0.26346898783977557,-0.2135590298663665,0.5892937019107646,-0.3585915056569118,-0.40336472256189543,0.17387517108138742,-0.47644439258968185,-0.51462610565292,-0.4907231835993348,0.510744191062862,-0.10098666216526708,0.03468136661469645,0.5589114253307244,1.0515776692115373
2013-08-16 00:00:00,-0.12907818621313455,0.3800077744336179,0.11652078222754966,-0.16010641751700344,0.060046164419146564,-0.1944189090505516,0.27949053700791426,0.6494168124569548,0.1203788709753586,0.19754057004956513,-0.07843840857878587,-0.4117381946327712,-0.13895363857485693,-0.2355276179200938,-0.1254990468848546,-0.43701361977016817
2013-09-15 12:00:00,-0.16533116070642817,0.3195514079475483,0.1431017381609134,-0.2262206252778068,-0.39980503320500355,0.20313345211720069,-0.06863567783805569,0.2434840731767477,0.4168534984088184,0.018241684186812712,-0.009936980265135453,-0.25214718256506596,-0.49243933625065694,-0.044438556483748504,-0.6022667428986315,0.5092075898228088
2013-10-16 00:00:00,-0.4466503196458342,-0.3131981058485846,0.7531629465227069,-0.23481590007073383,0.27831437027856976,1.2284442035136496,-0.04141394717638036,-0.2326751154182931,0.2971839851337859,0.18421967290935892,-0.19261249274105058,0.19167829258687086,0.7920817258569561,-0.4512661469162306,0.11309356618842847,-0.2301597198144587
2013-11-15 12:00:00,0.19950177136541758,0.3446481867459814,-0.10867506304257116,0.6812869093894146,-1.0886044648055542,-0.11702519822406221,-0.08333913924243941,-0.2596863248192961,1.0110303686032094,-1.0745546978934908,0.46800075842475736,-0.16365677914088828,0.25971638376714967,-0.2956780226443625,-0.5887880995329047,0.38529987226600054
2013-12-16 00:00:00,0.4584840865284505,0.6994564059020498,0.3585071750463813,0.08741492535394069,1.0263072553225632,-0.6298131440929826,0.5441947453835317,0.19406742097766466,-0.05660541761396137,-1.2874604890940642,1.3567715917908856,-0.2992549685034008,-0.5070493648889266,0.27879404719995793,-0.3094689522264795,0.78409478166815
2014-01-16 00:00:00,-0.5933874502451473,0.5885820519089416,-1.3244578518224495,0.7321586573040123,1.5984492694832007,-0.21924498769257217,0.5690303507771438,-0.8552608151685792,-0.5368012244304022,0.7089830274567571,-0.5556642828655491,0.464484125572279,0.13707513580440722,1.089856054328917,0.1682800163096657,0.23634962516028662
2014-02-14 12:00:00,-0.08158174259033096,-0.12628349988938792,-1.6793517081034768,-0.5238634414877307,-0.38272304779385435,-0.8716165707208917,0.18159745099065894,0.5989494037472928,-0.4201448810052918,0.040494311955248385,1.229625938767391,0.5794268795884326,-0.10814080285280764,0.6842765420141499,-0.565192288659774,0.5045214247263743
2014-03-16 00:00:00,0.04804366105710556,0.5775947187024492,-0.13448385542223407,0.5257217429670308,-0.7717261410022922,-0.5702002874202118,0.007114250238940079,0.9218935855740641,0.6921572681337214,-0.502043747038823,-0.43925390105618095,0.7285885917412246,0.5241239599664629,0.7251674928077092,-0.7631374986802824,-1.395712176713476
2014-04-15 12:00:00,0.17577143742691814,0.533113971998911,0.02739867115251926,-0.6606132878107491,0.4899973080680752,-0.25348838958405295,-0.5234114428811703,-0.47829419837090953,-0.4673223569355224,0.5689627389629284,-0.20422324901228334,-0.44575828954973373,0.07012156173655726,-0.31756644619575536,0.17503592148121028,-0.2802827350643363
2014-05-16 00:00:00,-0.02398932864716724,0.4280169433556815,-0.861869034855907,-0.6007005428652712,0.19140783788234128,-0.5378997801351769,0.18021119336056024,0.026564128463644476,1.3924784965596249,-0.22916296579601375,0.5971921250580239,-0.04660314811084376,0.05022973832179478,-0.38732192734337706,-0.22917104696182242,-0.2713471541937562
2014-06-15 12:00:00,-0.15148467224223827,-0.2840726217744389,0.1116364865089711,-0.17180532522392503,-0.6276114672639554,0.5341062594090283,-0.13792529368435813,-0.6362198346373686,0.14137690038143164,-0.03363981374348868,0.631058800343572,0.1520360648312975,-0.8498710099881026,0.3427641340071228,-0.008995091162636915,-0.09306256486965414
2014-07-16 00:00:00,-0.6017871725310461,-0.8093837034754843,-0.6231831947633084,0.29085776658576834,0.3534163015924635,-0.34679872689808533,-0.37531463940818366,0.08344240818745258,0.3900846625696523,0.2277478165554056,-0.5058429579221698,1.0058448580657688,0.028453661294997934,0.5797593147427773,-0.8314536665012564,-0.4190022656414055
2014-08-16 00:00:00,0.1284374470659515,-1.1990028247552218,0.6240176362368022,-0.8174199882955943,-0.6203410003147278,-0.6331478884779459,0.21549299749722406,-0.8427831639034139,0.3684823723241581,-0.05056073686614487,1.2724959167348415,0.14300294895874321,-0.6262433954114541,0.28290895608332356,-0.6220803297659708,0.3631321670190453
2014-09-15 12:00:00,0.6212074654760652,-0.5546274704011696,0.16764915062768018,-0.9724363420974743,-0.30852341725090315,-0.2744965316845342,0.3582822166830478,-0.7655495335057433,-0.3605802295143656,-0.24832653903545704,-0.41633777774035535,-0.646579109609436,-0.16835811108789162,-0.17506685224316365,-0.13465356696901545,-0.30384659613650444
2014-10-16 00:00:00,-0.12188683610868034,0.16935339692802107,0.04980109077772335,0.20113317833176325,0.48932121248763527,0.3949733983814663,-0.6476721076533876,-0.06503457218241596,-0.5766154915546343,-0.3545940587293929,0.35948793766107373,-0.6600919469444603,-0.4734086798831044,-0.4156320532331491,-0.40015504727141216,0.05953166605460908
2014-11-15 12:00:00,-0.688030848573611,-0.1952477608548614,-0.4034543372563042,0.3210975708671876,0.10003551045978909,-0.10770834091661546,-0.19409185395586204,-0.5373891815114885,0.032665158021419505,0.07500137636994766,-0.5519602870140076,-0.1791513479514638,-0.21923792150401689,-0.4508582089200054,-0.016262694566645863,0.32745534533587367
2014-12-16 00:00:00,-0.27455954255715787,1.2021128633776028,-0.05362551306754673,0.4625793458569899,-0.03409119699135871,0.12249787777642507,-0.08728917445153472,-0.5112905530361341,-0.5057566031490978,-0.23382573432189563,0.33007266223580883,-0.6485173432600989,-0.4534804555662748,-0.3939379629989862,-1.0817948181399142,0.11955596904567506
2015-01-16 00:00:00,-0.5235877338785719,-0.35703987483078403,-0.8167456783839333,1.204801482746031,0.45585780561261724,-1.1771411828912086,0.3257607838195541,-1.91462810850707,0.8694226747358647,0.6871953503794671,-0.5677253155749169,0.13556478522526738,0.5021765547793136,0.9484963574101002,0.05610424720403903,0.5104316012791066
2015-02-14 12:00:00,0.743640364979499,0.0742122408772373,-0.3278814823342875,-0.3363750060731121,0.20984168754246968,-0.20721931599714416,-0.4259473473457975,-0.031175990275568367,-0.17735995878670086,0.16697039448995657,0.28977148760413846,-0.30040510774951174,-0.07883285912577748,0.17229436340337234,-0.06617133928607263,0.4209288504690038
2015-03-16 00:00:00,1.1077062089344123,0.9527784233406664,0.3889477118925414,0.7218804323345788,-0.5943658033086663,0.1957323694729589,-0.7449205112179559,0.2775170783184619,0.2772255613730346,0.12937222746287463,0.1593664192113688,-0.3234894238676827,1.3923638920891426,-0.15490943348494746,0.10974128946118879,0.18076860235475506
2015-04-15 12:00:00,-0.6460874835921178,0.22044889829500877,0.11763652994026172,-0.17173123478611665,-0.007576723957546994,0.21687257484163525,-0.17450585628955706,0.11545197070180854,-0.24954546639918745,-0.02618798914420256,-0.07684667731413403,-0.5090437503825294,-0.19900831244159312,-0.3614881784727871,-0.027833352174401416,-0.18454884538515998
2015-05-16 00:00:00,-0.21311801890783194,-0.41923112352129216,-0.16077496021994114,0.028975459149272353,0.12215686388078484,0.18258680391598314,-0.2791780697134044,0.17269897111507687,0.027804412443107107,-0.4364664679357066,-0.6827751315273407,-0.07220423933035225,-0.03037974799054588,-0.9660389584292843,-0.36633256215708043,-0.5369503959496501
2015-06-15 12:00:00,-0.8507953318253538,-0.28971839444071984,-0.06928010842918564,-0.012234063962648867,-0.20397086321601132,2.7173414419465063,0.15704129122039534,-1.1691790629256618,-0.10061782293375823,-0.1561081046693188,-0.01704278640825424,0.5623654552264333,0.8405392687517517,0.4852844490151824,0.5549273442631819,0.7688670358891512
2015-07-16 00:00:00,-0.4314860708262782,0.47528418886093726,0.2330068067718,-0.5294120455848004,-0.3616358155879295,-0.07648192974985896,0.045916478071049927,0.8036992989813336,0.20822284052304169,0.34893502412371324,-0.5735237728337665,0.5353585907021071,-0.302321110959288,0.06190395446156949,0.16819583339175648,0.03958340942200084
2015-08-16 00:00:00,-0.18161594514821383,0.46543045757287305,0.27668446559923787,0.7417828789570114,-0.21086990436618192,-0.32234291155268474,-0.016387153046399594,0.629103146566939,-0.24006382973669227,-0.39767585233281805,0.3100505266069116,-0.1287338837172709,-0.3409275155808872,0.6722502168020512,-0.742333325433902,-0.566799403570606
2015-09-15 12:00:00,-0.4551515313587412,0.5117750078105218,-0.04426035614610743,-0.5454904040682703,0.1163782700005106,0.25624286614640923,0.31251273219787434,-0.6693374087356373,0.268431894334849,0.37034729314925563,0.586025428050192,0.03807666371798213,0.17669217279071514,-0.1489200521846049,-0.17443058520162022,-0.46947905708962573
2015-10-16 00:00:00,0.020399404575865532,0.6345009537244217,0.18872964877566037,-0.418079158870217,0.7629699344644904,-0.6122241722335622,0.10411979868822496,0.02079941433623715,-0.8467635472834074,-0.511884227550575,-0.07484702681005567,0.61129458824545,-0.4391471609902039,-0.7780036914114767,0.5166476985762292,0.09902055690848693
2015-11-15 12:00:00,0.7916532466806757,-0.3773250786702187,0.06435276881537191,0.05679146674162283,-0.31025219527624165,0.1284655484329693,1.6924518249335838,-0.3326921194613986,-0.16867399969800137,0.5136580588027254,-1.0869604936567414,-0.16668304369996245,0.09500664602100817,0.11498741428722559,0.22820644090733483,-0.2738399261269075
2015-12-16 00:00:00,-0.6429614808263723,0.778764823227095,-0.18275604622040054,-0.02675774973420436,-0.1664705355929496,1.1496080200683707,0.042293576394590415,0.012018102667135364,0.575416239729504,0.11922271377864102,0.23012803421758504,-0.2553307026160405,-0.29936863120574314,-0.2949789768800092,0.32906464961165083,-0.3967993100593881
2016-01-16 00:00:00,-0.22565342731581553,0.17084776147811828,-0.16434885207437475,0.7462594949493823,-0.7845005279477066,0.12760582296238743,-0.6964499036399092,-0.16836222465215578,-0.2324664947363163,-0.15780874448299131,0.31183396542830905,-0.3857773517004335,-0.14784060667636179,0.11873460835650684,0.4651681583372598,-0.4185144546102109
2016-02-15 00:00:00,-0.017500515261346605,-0.2655971231103773,0.3388587091312938,-0.4822191409128136,-0.32335414835969645,0.027667807366683395,0.21909198460053758,-0.07130111149280094,0.03863531296853384,-0.47208112288713294,-0.31213692230351636,0.9697221319913573,-0.1990743451996792,0.2778778733044889,-0.4018005123096433,0.429216442645227
2016-03-16 00:00:00,-0.36299962339359226,0.1464139647440367,0.11076561575669927,0.9055846523511707,0.15850703208125916,0.5548856529097109,-0.09566280017721052,0.3545019296224809,-1.0904929049184338,-0.3196413200752866,-0.08200704724411911,0.9623833726229806,0.5885816693545181,-0.6227161655761257,-0.6536006446494564,-0.7409474514107517
2016-04-15 12:00:00,-0.8513775443099525,0.9964264730881267,0.7601501952237418,0.320777034838689,-0.3163186961727472,0.9298915910836124,0.20383982508980447,0.162956661090194,0.534413130033321,-0.11932032214395821,-0.30763464931702417,-0.3397451731873521,-0.1865181632855052,-0.07447782110008272,-0.6300350409410569,1.370923240693351
2016-05-16 00:00:00,0.9779145942436841,1.1916744124747811,0.5851488021907001,-1.0756582301630233,2.1872205871549437,-0.49556347017221747,0.9415483480342527,-0.49811948363644026,-0.7384645747021439,-1.28341063081774,-0.4277112618021464,0.7275935485920552,0.26412273671155206,-0.2758394894688866,0.4115258605009089,-0.05404946306994479
2016-06-15 12:00:00,-0.2940209367942903,0.31291854794247165,-0.03822680101320511,-0.7160004272701209,0.2827470752210717,-0.3930415960941609,-0.04636782840172449,0.5457693079847475,1.2609572950873138,-0.4500682885567446,-0.13046526328740693,-0.5194895476421348,0.1723108037105292,-0.5384419323051597,0.40381334903995636,-0.21766991715930156
2016-07-16 00:00:00,0.1371077390462544,0.39730538794427783,-0.5414615164661732,-0.36792006032676383,0.036803670188748305,-0.6055492197359956,-0.8269088681841631,-0.1732232905419297,-0.49101075872226785,0.06623746143654582,0.06127077015508159,-0.6461004740701299,0.28915554170220426,-0.08506623435592953,0.02291299909405431,-0.08599845009112583
2016-08-16 00:00:00,0.07511241112330147,-0.895182450979598,0.34815451542279774,-0.4649537517239963,-0.3274701523141039,0.7213516245417709,0.03380862916205096,0.07457645947642189,0.02126615820426575,-0.3102911672440614,0.39976987877829023,-0.30176537689094346,0.08911881614588069,0.41901795309068457,0.5244997113253245,0.19788392229331614
2016-09-15 12:00:00,0.008677594823205237,1.159479353068327,0.2045420039670208,0.6127208545813191,0.05281246857566968,-0.4198068587417759,0.3322788496885417,0.30065936063674764,-0.3394554230271739,0.15924922083945647,0.27769714258419737,-0.25159718330693714,0.5303514388911854,-0.469331803616689,0.04200875556359299,-0.571235743089953
2016-10-16 00:00:00,0.17694964850617767,-0.8492583106528614,0.7061547949288395,-0.17836958346096948,-0.08997475364586566,-0.0846665563161797,-0.648046221537431,0.4546512423862081,0.14125619444250936,0.3439667264576619,0.05139959462940874,0.3525413818384263,-0.3880597739326514,0.6977413262387178,-0.6932060621381958,-0.4860329125113149
2016-11-15 12:00:00,0.6653127151116206,0.6238805331820001,-0.17317906001860023,-0.6400867628388935,0.33212203186018785,0.08278386694915751,0.7300032750202002,0.14923583910270186,0.40019256865989367,-0.30405977726871664,-0.7188626072282013,-0.7956289198249857,0.19578941013553974,-0.2503769642739593,-0.465003850022769,-0.5178400070792611
2016-12-16 00:00:00,-0.3033690924362331,-0.8551920318881845,-1.041849983457868,-0.06810535960056657,0.5966128596241221,-0.5606488839551741,0.948455294654517,0.305777103493151,1.4368337449106487,-0.17152100374042112,0.48415077804273304,-0.5340942953295473,0.3186562213840738,0.17284811667579758,0.41506919369162265,0.07884920642069088
2017-01-16 00:00:00,-0.11762478184268749,0.5140911895649293,0.8375249320023759,-0.48364697923519306,-0.7946353745224517,-0.6614560820528015,1.2970243455112782,0.6534049418692226,1.1339645608502351,0.6672137782144659,0.8859148710397886,0.738400176323515,0.20598052477240236,-0.516831634246524,-0.40419155255957095,0.0609188126145232
2017-02-14 12:00:00,0.24607375079387306,0.5271097117255348,0.5816030908205426,0.8221341923728326,-0.24696019621977064,0.03992087946440992,-0.15070087899506346,0.34114890766209655,-0.037207792860546596,0.14556663422081956,0.5723077895270936,0.0896841635692609,-0.07342821199213134,0.475555434397285,0.19820026682119857,-0.8369021242250507
2017-03-16 00:00:00,0.630753691112503,-0.17946291770799097,0.827079518556673,0.04947066265084532,0.07389348237026827,0.2731054620241762,-0.7835889318377839,0.49049479416651853,0.6482470304097723,1.0995396290554502,-0.12689049113948375,0.40762518655737623,0.32478953092705276,-0.477088088782362,0.5532844535209485,0.9555268468114557
2017-04-15 12:00:00,0.5496931824818939,-0.03237045498692767,0.25968121280407774,-0.3663510815641156,0.0398384767786647,-0.1671214062454512,-0.5413538668237341,0.06959377553536089,0.13251764741037764,0.36236381398191664,-0.030106950640692798,-0.39120288143080617,0.37993621814536616,-0.2416382916087707,0.037995296927829686,-0.42347238811060217
2017-05-16 00:00:00,0.23671196958827767,0.77072460887532,0.38971049086669707,1.0484936771080418,0.06763644640730382,0.1721696595752169,-0.14572115993672052,0.1357400901209401,-0.4501443731791236,0.25174854907024335,0.4455614938482037,-0.6372714044564968,-0.480724931020142,0.03948257510668762,-0.6179827709869188,-0.3134243647172005
2017-06-15 12:00:00,-0.05531912377080689,-0.2667129296740675,0.0367881127635826,-0.3240205113855763,-0.5169289040232659,-0.10258441368314142,-0.6574698775780632,0.33203974704125455,-0.02299419734667807,0.026825285179914504,-0.6140918214089961,0.11090830079436675,-0.296884746019587,-0.036990652502954746,-0.2072011773308792,-0.3074937155301712
2017-07-16 00:00:00,-0.37011989173329185,0.27780051325411215,0.20531469519682585,0.1733155946900906,-0.28248558688698266,-0.34521395482039186,0.939149993873614,0.4203581470212587,-0.7169162981327828,1.2294549510878667,-0.48584784397693903,-0.3496022771278042,0.6089893372280932,-0.24480700597476912,0.15628021181753457,0.13007812427495707
2017-08-16 00:00:00,-0.649574396076726,-0.3823828946770916,-0.2161175724706311,0.25713707791235485,0.19756614478168255,-0.08030932597061385,-0.2609025813962289,0.36838651253080706,0.3109382516910539,-0.15427057870536381,0.11168297405376942,-0.8412839827948023,-0.2587755473201648,0.05214494925741886,-0.09125946723908054,0.29310763214144525
2017-09-15 12:00:00,0.06212545246283829,-0.6617390816026407,0.7196293925536773,-0.18809893635826638,-0.5170593521164465,-0.19077658975254375,0.30759798310576325,-0.2874772353134553,0.15320798197147556,-0.5409660148272175,0.40984024120336787,-0.19837833076429645,-0.22931513905427026,0.11426661862030807,-0.093185598187049,-0.24954723359462525
2017-10-16 00:00:00,-0.29259091899654,0.17595409826887917,0.16033684835901255,-0.16378974483135517,0.09667706299392331,-0.19448096054733527,0.09470419053336554,0.11479752808326946,0.29512654750442574,-0.6733506929303559,0.08756180468197855,-0.09473037266435325,-0.05456315216738128,-1.0480270996899976,-0.3778614600730472,-0.10952292695708438
2017-11-15 12:00:00,-0.13066243637841912,0.05075397912840171,-0.0440981589581228,0.3141463273381325,-0.5505797382503604,-0.3007251764540615,-0.6436329650493324,0.1204018062502768,-0.004543024184564759,-0.43562615702011415,-0.6074801292067382,0.09372157865574526,0.23122385018692515,0.10315745497638973,-0.15222869178544438,-0.32641529085980026
2017-12-16 00:00:00,2.5523950835030895,-0.24079535021035453,0.12547371844939118,-0.1285863070876223,-0.13964231101771712,0.8246373007628057,1.2641498783714207,-1.0912204498957367,-0.2291500769508018,0.8135572180191422,-0.49918996015181105,-0.28052608277369806,0.021757349554683447,0.06474711648597908,-0.0558507523357491,-0.3117800417466583
2018-01-16 00:00:00,0.1047580291920599,-0.21398564484067453,-0.08914596012170069,-0.3460433190777271,-0.5000569497521861,0.4434304657972231,0.027081654956343293,-0.37579488137362094,-0.19820590911051944,-0.09130551893046196,-0.6447730152606524,0.2520607105498841,-0.2846952568049163,0.3687493406713873,0.13985768313208946,-0.14075890152317927
2018-02-14 12:00:00,-0.24990617766905646,0.4356704710540723,-0.1923773484103941,1.8677200432304053,0.8427175333426057,0.5189584210543358,0.6077146127458434,-0.14539973910161721,-0.7280568996466125,0.2570207891772308,0.40727751638536885,-0.08971988620426152,0.27066880100423807,-0.48749840065304395,-0.7998073044295193,0.6896220382049667
2018-03-16 00:00:00,-0.29919851758214555,-0.23167859609011687,-0.39328418786559016,0.8142934879634177,0.32846432988074503,0.05455449169208226,0.21377982417866825,-0.07745466113209315,0.03899109698084102,-0.08688071560052107,0.10765234788907302,0.11876482267284438,0.2148638580640354,-0.9308422344842213,-0.24332569832362363,0.2600798384376957
2018-04-15 12:00:00,0.1789898166096735,-0.19148969868939883,-0.2877869797628115,-0.5477990842741881,-0.09243462799646585,-0.25742284475198574,0.07454022267005334,-0.5427745391084704,-0.6021556760102429,-0.26712648566345815,-0.3221490228236098,0.006232828578792593,0.10511178925450737,-0.7219501823564477,-0.238191297346279,-0.16669727377249893
2018-05-16 00:00:00,-0.32502127233918765,-0.07779785270737485,-0.30939582102416063,1.406026391758636,0.16935701150973215,-0.09975996726306452,0.11516209688344692,-0.6721447341862206,-0.00023109387405889636,0.17499517382988328,0.39428543494336926,0.09762085161814993,0.022463777384777894,0.7011811841132263,0.23267702501266418,0.7597710917221598
2018-06-15 12:00:00,-0.06598803778551887,1.3667206224799269,-0.1929850183987655,-0.45048256583932766,0.09605363075889439,0.36788348270460414,-0.33950153223122476,-0.48404447855579497,-0.4101452303910949,-0.14994202773688287,0.42013197496099836,0.3934056813992389,-0.09372577784490832,0.28932212564458903,0.7722025299428931,-0.28939445650833917
2018-07-16 00:00:00,0.47158036611143583,-0.00476847559001739,-0.15913894619074734,-0.0625641416609542,0.237092292796104,-0.5849799449611154,-0.3938070432230482,-0.18006834745786057,-0.16340181714546442,0.20473379243287826,-1.0481254945178926,0.19165441492725932,-0.40010746268834224,0.41916345845895764,0.2445330938644732,0.039391961650762475
2018-08-16 00:00:00,-0.5327082398382855,-0.055813289166694674,-0.017657472557114945,0.598827521429596,-0.1455763992574814,-0.4527545122012426,-0.3447492996794477,-0.10689698403534112,-0.2765849904830829,0.2902403756279451,-0.26766017783468443,-0.22401585096512988,-0.42967485210410683,-0.11312626245964441,-0.5585045067176369,-0.2082627980631579
2018-09-15 12:00:00,0.42055465400895975,-0.9597388761074908,-1.5536544014806677,0.0862873616446641,0.5207602865919293,-0.061539612882770156,0.38509342210830855,0.32703734955754776,0.03433947032205481,0.3530406713768449,0.06718600485438447,-0.3192968345671258,0.42259329574564575,-0.06438945614541669,0.07872964169869308,0.38071144115522065
2018-10-16 00:00:00,-0.15393532279595834,0.21348436131106505,-0.20998434624170756,0.3901506503080454,-0.4352158389204064,-0.5797996861657202,0.30794218632400383,0.16467762789931567,0.2541475151491786,0.4261604422885561,0.42990703951125425,-0.3501773399176661,0.16581418533841907,-0.47794817475046875,-0.2170132296768679,-0.2760783517040835
2018-11-15 12:00:00,0.15204479491289935,-0.6935176560247323,-0.20684906954263368,0.08312842608144067,0.22097380221300889,0.5693852779831202,-0.6297608903938345,-0.10276454442246671,-0.5953427532303497,-0.5475698762395984,0.025301558539333746,0.7722201501458373,0.8394741562664216,-0.6630867971156131,-0.7213590040292371,-0.10999480589309746
2018-12-16 00:00:00,1.2891184922667076,0.4753832242740952,-0.16917914819348412,-0.27116669284890216,-0.06697921959050285,-0.020061077832398966,-0.44320251812531286,-0.3690724211787029,0.28158116528273464,-0.010277798988031772,0.20210293537692575,-0.2840091287632904,1.033714633872289,0.13838239841756905,0.280637813006556,-0.47707026799253255
2019-01-16 00:00:00,-0.48653833891631704,0.32265423914807834,-0.08920005513130204,0.09166768908160672,-0.37674655575541294,0.6075466749453494,-0.35869378559370124,0.05534214331362889,-0.0880621887545005,-0.14567174507109437,0.29302075082054696,-0.38971923552496823,-0.3568829799962743,0.12188463844698083,-0.2812566467091858,0.07968426513431054
2019-02-14 12:00:00,0.008870216064914505,-0.040777189411115966,-0.2895663054004721,0.4083812964749143,-0.22374924158822884,-0.01805863382872608,-0.5076250144693482,0.5639327882587608,-0.19877854015363505,-0.15792162551535316,0.5884991993769573,-0.4933672782271005,-0.6803642175275247,-0.09162836553791665,0.06739628856695382,0.07941094869717175
2019-03-16 00:00:00,0.5136534112384693,-0.6526471546891145,0.5155772436821616,-0.5742358820199338,0.6377477566041659,0.6218849697245398,-0.3332953423566114,-0.5872917915253996,-0.28272600361758565,-0.14966184839519076,-0.16649278534943085,-0.07112734039681234,0.06637000047571084,0.059679854170267554,-0.04009832255801621,-0.6086318244981203
2019-04-15 12:00:00,0.6314011557196991,0.4279911376979547,-0.38603238459314465,-0.6063087965485054,0.7036523975179959,-0.5282422974913887,-0.49909992962951566,0.2520923995613539,-0.0672223066328016,0.1774189462206679,0.5481848887344243,0.06016490210634007,-0.22272518669120994,-0.2783525538461322,0.846252708038269,0.2336357217191684
2019-05-16 00:00:00,0.3154155350548513,-0.4298053914330483,0.7075378370170989,-0.31852614874627816,0.5444152962811885,0.45420857680789917,0.36589998132298385,0.6149651259670961,0.8757337433631978,-0.3870019174896065,0.16351316364573681,0.02089432692232407,-0.12410346053700039,0.3195299979302886,-0.150271503073131,-0.003605106886435394
2019-06-15 12:00:00,0.0851394443194512,0.6196278947940638,0.2820091475335492,0.7801282525525622,-0.8971402657939451,-0.7693382369288614,0.8740232391600437,-0.06640376805733231,-0.660006281016872,0.39968306915261104,-0.07942948077938966,0.1315839576944523,0.21042644245387776,-0.05916951136619664,0.8539206467555025,-0.5649895781757281
2019-07-16 00:00:00,-0.39940489109043675,0.08720189818817112,-0.12125421256736867,-0.8072675319265298,-1.038241977349823,-0.6381657994741997,-0.07865185903188554,-0.6388837919607131,0.5852138198681414,-0.004425263089958664,0.5458244616051835,0.7228649493056848,-0.7077846960132053,-0.6261585250538279,-0.378966906823861,0.44487188196867694
2019-08-16 00:00:00,-0.10350144175843601,-0.13040839475916227,1.3548110044770911,1.1533572925877005,0.9705725595535789,-0.1145525937173188,0.6253677492802584,0.6073359755514011,1.528025448264394,0.5558232459896637,0.46341646905619355,-0.09636956217707049,-0.29822935127222766,0.5697275702637723,-0.9446998555649705,-0.3194822363967563
2019-09-15 12:00:00,0.3683714532254704,-0.1894508313153001,0.018689992389236854,0.24743950486739819,0.6698281590048548,-0.019423708402367068,-0.47296904331797157,0.2946715631527417,-0.11883860873220314,-0.21408501177352396,0.018676246540271613,0.31817902239446105,-0.44345640101605466,-0.6236280486126365,-0.018588577584583543,0.3358856526833182
2019-10-16 00:00:00,0.7249594430983847,-1.0814674049313755,-0.7366779522833093,-0.18668985971148752,-0.15449295641288496,0.08742959947894746,0.6365338170018925,-0.03056553939135167,0.37070928038281775,0.20087350275167226,-0.14166386132133157,-0.6760734473525772,-0.35023642149997325,-0.048060298411241154,0.16792242696249768,0.030174689036317093
2019-11-15 12:00:00,-0.3327677646314269,0.6885984937654345,1.5359701465846352,-0.2953282704100486,0.2876991473663266,0.4289836842934015,-0.01383525040963296,-0.09575387400979052,0.20447210999613136,-0.4176231910550842,-0.06330435108214821,-0.9037503050985368,0.08664042306806274,0.8874559380575111,0.16286981004390075,0.9342967347595748
2019-12-16 00:00:00,-0.29186044758711555,0.47241578550022345,0.07376426218066776,0.2642220996899852,-0.07028829177295187,-0.22857824895537815,-0.5783365592828987,0.34933857531517903,-0.3727606526403296,-0.6462796644906388,-0.33573709901131454,-0.13531527887201733,-0.603201154548365,0.04687671197174392,0.1402581222149827,0.2005460612014081
2020-01-16 00:00:00,-0.40770235783911246,-1.5842379806792593,2.074412554335929,0.29805696319218,0.6454127126469812,-0.5625865619442256,-0.4996028124095361,-0.4135574866672439,-0.07837881645828743,-0.9907373663642267,0.8402929993596655,-0.4084852726319271,0.004496186788857104,1.0211108730155023,0.28675394102947394,-0.35559737066075564
2020-02-15 00:00:00,-0.007487825404714876,-0.3438332685600925,0.05543667200094107,-0.3441469841720305,-0.23470145920656613,-0.08524652252047998,-0.19627549676146805,0.05128885697283674,-0.18699807401098525,0.12526191287637523,-0.6518628986966811,-0.5446916158505196,-0.1496189071895972,-0.2516214570400773,0.005848705677960975,0.4089198420620492
2020-03-16 00:00:00,-0.003940616745644887,0.5121677387229693,-0.2372782291540228,-0.7630687842466957,0.3319858202105709,-0.09077644599622386,0.18484638821206112,0.22295179828594827,2.223003275911366,-0.5134369136725605,-0.10684602637190588,-0.6037377801176538,0.34281206738128955,-0.30068703207425185,-0.0043885505390416635,-0.9672763358454476
2020-04-15 12:00:00,1.2704367413037936,-0.7119969542502943,0.30731698343111036,0.064236236060418,0.0713905248991148,0.2361722228133305,-0.30618984648685277,-0.12561427956163043,-0.23086855455866484,0.42536685051512724,-0.0731527362483913,-0.643604930329154,-0.30939957093168585,-0.3483105058256901,0.034069093545489315,-0.21178216524975096
2020-05-16 00:00:00,1.3425561159721746,0.42263901407860616,0.36793234438201516,1.0632610063524286,-0.3240176764582179,0.36585686491440117,-1.0985415127882001,0.5949727909494142,0.4557873944446376,0.9194855524856826,0.40303231885039864,-0.19929596901097213,0.19519793817319042,-0.5316614414403588,-0.2056577581014107,-0.002019135020162599
2020-06-15 12:00:00,-0.25680049266520955,0.25700507594111144,-0.1078345482435557,0.11396163979396357,-0.07686604713600048,-0.2322653663194486,-0.25497347321082964,0.21291462052708846,-0.4746821350849207,0.5446690820608622,-0.21423097124830964,-0.4494721398364164,-0.3358469660295238,-0.4263257968886312,-0.14334975020586757,-0.49610661642349546
2020-07-16 00:00:00,-0.24607881469402446,-0.29631487385690564,-0.4225352816592083,0.04641143462073655,0.261016430545682,-0.09665004933439503,-0.09935516836428726,0.06633609619697534,-0.6691858386730509,-0.0011497112182697333,-0.40753467568815344,-0.08004782891443507,0.15761739547281373,-0.6009488738640005,-0.414082945503886,-0.23130768728953766
2020-08-16 00:00:00,1.0397876093385152,0.18812307536349357,0.10333051519268402,0.06920887382399526,0.45616599555264503,-0.03792447540997368,-0.9338860600773953,-0.04473895156780317,-0.16482293400597597,0.4320059342990885,0.3913086347129903,-0.6456389577912738,-0.2170667009730945,-0.11581088121863747,-0.06910743367485067,0.04729913009352932
2020-09-15 12:00:00,-0.33082523875868725,0.3082221212670999,-0.3813729806478616,-0.4609431055279748,-0.7242797289768204,0.4121358190356772,-0.5189127928801691,-0.3671221062660471,0.10209450614082227,0.2893753173222782,0.4380708552791989,0.4718389360026617,-0.58737210608669,0.055525443975941724,-0.11044330319614051,-0.5278573742336748
2020-10-16 00:00:00,-0.010477944052989574,-0.5989924394438125,-0.5337777820776701,0.15752405248278378,-0.43303822603742376,0.04497336028875332,0.9256608022318665,-0.3628826750877752,-0.26940309279938823,0.15987820775012423,-0.4701753742377488,-0.30390539481583556,-0.10449607806961642,0.4499772098010253,0.6382701080342706,0.5413640195983789
2020-11-15 12:00:00,0.0028333658434551157,-0.3891513152378715,-0.024095443679885253,-0.37023929691083607,-0.6135989347480598,-0.01151922812041628,0.6376441701405869,0.043793896368974204,0.2774284437250896,-0.28108838225613203,-0.03496948079136636,0.596122351412726,0.05331731718925259,-0.7579773069574842,-1.0976523407111223,-0.5494330581932233
2020-12-16 00:00:00,0.3765321076006357,-0.4947132146906782,-0.16729466886411967,-0.12293884751641787,-0.10076360761954917,0.21329887512735013,0.27362291267414085,-0.8245239182070818,-0.7890620298138633,-0.8054401883364033,-0.5220711837653433,-0.04288590500158029,0.15102456541727605,-0.624344572773961,-0.17850748585355056,-0.24725687954178213
2021-01-16 00:00:00,-0.19051687697125397,0.7031612293365233,-0.015440989962294427,-0.014103358752156236,-1.0633783183562207,-0.673697603758811,-0.39755265961823033,-0.8484074549648662,0.9222734572218452,-0.22960466053781942,0.4931151958507109,0.257430140517961,0.43561881707541716,0.18812396388672314,-0.051850864968505384,0.6873254539298856
2021-02-14 12:00:00,-0.18586221571752015,-0.22775594055528625,0.4184440130459286,-0.6875610914520944,-1.098176525901194,-0.5351934098661367,0.3600833133118856,-0.5149179269304768,-0.05613872307822898,0.16319579820033675,0.913579295480605,1.0863697171252076,-0.2106654244673422,-0.42366081267913297,-1.5084580429655392,0.25197763611772556
2021-03-16 00:00:00,1.6068360350778166,-0.40137378214448816,0.26819654074201893,0.4362292889834707,-0.4480793116218571,0.09637216160607376,-0.38771595015828764,-0.9466439768418242,0.2086554009215012,0.17281739286360995,-0.029965681713919945,0.6904138171205486,1.0481116358912943,-0.10598262125321745,0.05024355631383853,0.28817348309222796
2021-04-15 12:00:00,-0.5283746657501285,-0.10419988020026012,-0.033965913508965356,0.170602154974261,0.013191785319923155,-0.44341187623637307,0.26084509880742635,0.2705078289848005,-0.758354199892415,0.572107637972525,0.0006728612016136948,-0.21699275224119696,0.35613209383596023,-0.6965878604495955,-0.1469775231615015,-0.3176132715561671
2021-05-16 00:00:00,0.09028291207099326,-0.12772486136547465,-0.22476465828809322,-0.18911361377944844,0.213671867057608,0.1357561085056409,-0.4890324662988487,-0.2236152313813939,-0.4240437743923397,-0.7207631797660949,-0.10336282533799035,0.7093660520857824,1.4432044228917866,-0.4522322793785036,-0.28175018382355266,0.288791455703494
2021-06-15 12:00:00,-0.051183896852054156,0.18585512896771525,0.08571214313785239,0.4442335418059029,-0.3045456575964859,0.4176212017010128,-0.044039072350171904,0.36250264035729596,0.6188424301933773,-0.2886918804012533,-0.6198777781137881,-0.06513782985307404,-0.340571152067285,0.4241051394041817,-0.5034850629118809,-0.4121143919274762
2021-07-16 00:00:00,-0.08385361552233067,0.5937229672544981,-0.6695330236409827,-0.5808586261050416,0.9324837411925654,0.3167034236507008,0.3558606395722129,0.07829392538753495,1.5680314343736748,-0.28963097271989274,-0.5615105303163057,-0.18428811221181574,0.5805597704849057,0.5698014138131804,-0.12252537769346913,-0.9029746603378369
2021-08-16 00:00:00,0.10150332801626682,-0.3088560341727759,0.07454044482192376,-0.748489181273744,-0.3899967848472817,-0.348401963918349,0.03521739777262556,-0.7086491339175872,-0.014567557118385588,-0.15045729456444146,-0.024390030311147115,-0.21227767008354448,-0.18968386927698816,-0.4755840035833934,-0.5530498228732191,0.027720467512103386
2021-09-15 12:00:00,-0.31618578015057863,0.07077386132831362,-0.11652220468474317,0.37911435101081736,0.28141810770470055,-0.6836164482810165,0.054717796275710384,0.33317649099220265,-0.40174015575299127,0.2525671283763924,-0.34881602079394214,0.34626714098318956,-0.3682714158205752,-0.09316026331590421,0.05857655915594111,-0.07457095114708095
2021-10-16 00:00:00,0.23729415961538824,-0.02181723960346227,0.8039074117591491,-0.6285871642470883,0.40388534064220816,-0.5504351932740987,0.0770084138653232,0.334237753425987,-0.21491383283712132,0.19720051991332133,0.6722433894975217,1.3238966001157286,-0.049247084318296275,-0.0874367556910779,-0.32419632709323654,-0.00879957827143385
2021-11-15 12:00:00,0.5882268347495657,1.1131996746361754,0.194349905850741,-1.1602794874438311,-0.8325036829974313,0.16383590234528556,0.7478904161164647,-1.0331608199759035,-0.057635943945840096,0.2593125108952964,-0.06818217408893318,0.18912300614404787,0.7933684274881307,0.22408376879666503,-0.3115541673067018,0.34044378610719966
2021-12-16 00:00:00,-0.18656038716917905,-0.7330713093627208,-0.41761487211288983,0.6085886668269639,0.27263662467817473,-0.18031554858957205,-0.35313927530292955,-0.7176318048733874,-0.11772140372966383,0.4965286807181981,-0.8627071826726188,0.021281690510248863,0.15980258919548362,-0.462789320800986,0.13471674965688607,-0.06626330829991078
2022-01-16 00:00:00,-0.671327457505135,0.6925535454389563,-0.161842253627576,-0.5524904399550536,0.2722195349516797,0.5699737694160424,0.06336342844507359,0.20609254792238946,0.31330616724358823,-0.2868715011724274,-0.11806228599572977,0.5751645168918257,-1.0148442730663128,0.28238714931975983,1.4407863403965921,-0.3324578272047738
2022-02-14 12:00:00,-0.27922226956108454,-0.022856265231893214,0.8736569214065446,0.15482402091077252,0.2676241999357545,0.1851797257357004,0.7541910730657709,0.1315716933016381,-0.699916411061242,0.09867284354544786,0.011817223204272531,0.313190088034521,0.4749578416289537,-0.9818192187735477,-0.08294005194800849,-0.6273347286879501
2022-03-16 00:00:00,0.27169642986310194,-0.9602267800567046,0.2842137626321426,0.05103995890946916,-0.9330201363033479,-0.6856850091820248,0.24173780594302918,0.17118143493900687,-0.09894555295862903,-0.5747229336631743,0.9307302238524109,-0.5594796120493686,0.6680045214081576,1.0021638322741073,0.47115952478205225,0.12196486103397758
2022-04-15 12:00:00,-0.1402616469093711,0.24317083084333543,-0.2818081035313958,0.1609497141385129,-0.5467335923156641,0.007592632807427502,-0.18921766092617154,0.49543550699153743,-0.3601647394973146,0.12829541884733525,-0.04192713203215831,-0.2050300216497578,-0.20044711630997014,0.02179488301800625,-0.26544976187774805,-0.5007540456661277
2022-05-16 00:00:00,-0.6409052009426859,-0.1260507275504926,-0.20367742594503604,-0.17501355014146777,-0.25503935290471347,0.1537721900748088,-0.43638244346348365,-0.32894154676854226,-0.4392919261142594,-0.2978523909226139,0.03577859509358533,0.22380316684156398,0.10361652917604414,-0.8276956308332625,0.008829683343734684,-0.5376873283996222
2022-06-15 12:00:00,0.1522001117729851,-0.20338265469286962,0.8309444586778238,0.3260586098040348,-0.13031134998808647,-0.22309437486050837,0.20242346086263796,0.2034827075360694,-0.32691031943968446,1.1881271816364212,0.15272080188383036,-0.1256726100411124,-0.15049385173654561,-0.7041020387046621,-0.1733608016654595,-0.24075967730945122
2022-07-16 00:00:00,-0.6085338746807151,-0.07574123598623086,-0.1769065208664926,-0.5103975139302959,-0.020376931410424015,0.054109292882030924,-0.08528531436395637,-0.019280846888446543,-0.24984621113320918,-0.08541544265691126,0.31712428498428774,-0.09714388589977918,0.1902517816869429,-0.48360654162255134,-0.13361803282986465,-0.4473534563222211
2022-08-16 00:00:00,0.3221110813188435,0.0577729994648806,0.013800601679187008,-0.09359122366580003,-0.010223066389946356,-0.19679535286354077,-0.43873981898369957,0.17615583393130224,-0.14630859515817746,0.26022506977464727,-0.0154852438143116,0.0437814900824548,0.22611379252337427,-0.5381656530768817,0.34023749939244763,-0.04501013588786851
2022-09-15 12:00:00,-0.3371711699729587,0.029170283446815687,0.15669960266186664,-0.2359610708638519,-0.07618389557140204,-0.28223950959341815,-0.4509583754546309,-0.17374308574315445,0.004862253702287711,0.2897078033338762,-0.05326424144860409,0.3047322035336887,-0.5168754358042252,0.06915583930202829,0.16957192638907362,0.3787930875884102
2022-10-16 00:00:00,0.6306111971637077,0.8106869837556305,0.03884465418265859,-0.5183711736236114,-0.21820615605130758,-0.18431688539102375,0.4589690927288085,-0.7478010097867803,-0.28794313182809866,-0.8754833752723048,0.21890476937850895,-0.13166045133589976,-0.2700544548428988,-0.4031530541679418,-0.827377556165362,0.6506367625092631
2022-11-15 12:00:00,-0.22605332177382514,0.11426792130995919,-0.2654831133743804,-0.5736469741096473,-0.08565579568450327,0.2089097412303509,-0.22802711880446558,-0.12035886522431458,-0.5111658057456596,-0.009772803398440999,-0.41031868228678925,-0.4652315228705498,-0.15287201791284794,-0.3826101416149304,0.08740226868306628,-0.4049230446095913
2022-12-16 00:00:00,-0.22024024232775233,0.8806301157666896,0.98584006573882,0.5578901150836253,-0.1951337422044962,-0.05153017468109633,1.5009315825285308,0.3356619697526343,-0.8694512622507145,0.536770428171401,0.43474288521918864,-0.21565542590160613,-0.10562469847361883,-0.5381891441110963,-0.3097282594412153,-0.7247184887378118
2023-01-16 00:00:00,-0.4319419092631465,-0.23025544383089447,0.23041762375339955,-0.7101946733284848,-0.14894612312758365,-0.1701144540345393,-0.2665445951005877,0.05181165823871249,0.26251384503226133,-0.01485814470214808,-0.1273115058830948,-0.11886180389889367,0.09565333480517202,0.43973178576162186,-0.09717498293392055,0.12135010039625543
2023-02-14 12:00:00,-0.14081222589907316,0.24181743671204045,0.5947421909706503,0.584727837831755,-0.27299605254921155,0.00027949561779261334,-0.22834391880829275,-0.050468475580211315,-0.4615607451994478,-0.6717453378098377,0.027883778384631464,0.2893804718314025,-0.16003795043028152,-0.7609892327753627,0.09268973565500921,0.4539010611748305
2023-03-16 00:00:00,0.7598473098802404,-0.6056676472875888,-1.208810184783768,0.23579199994498035,0.037224313485346494,-0.16622228385639454,0.5617216951170768,0.2437901042259212,-0.12071473020654058,1.0186417334681703,1.2144421124267204,0.4338645852692299,0.43470531959909176,-0.14265448465839303,-0.10170185208966595,0.5984749196970012
2023-04-15 12:00:00,0.38971517641529096,0.6424004760940113,-0.3528832501015633,0.13253354251882699,0.1800808105270335,-0.8537259732147111,-0.28027161647960563,-0.9295172533057986,-0.33021573488487627,-0.3733503171632763,-0.2776105797247608,-0.36638307230666195,-0.016128607871380263,0.21881083529682788,-0.02952404430066849,-0.02610511440977803
2023-05-16 00:00:00,0.07079435061403438,0.46984240645527964,-0.5443569370936149,-1.1223601912773349,-0.09021754457659908,-0.45281307941276383,0.304651286796083,0.266741499566309,-0.567615974270932,0.13548336011205875,0.3311450847742034,0.07607116966487248,0.09932234671284246,0.3456931973250359,0.04588390250592335,0.6484050040458038
2023-06-15 12:00:00,0.7487137036151378,0.26644767050426843,0.34574864649705006,0.34600309189117606,-0.12289072945776847,0.8866592879669594,-0.6789903368290496,0.4050918875711913,0.10434238675965862,0.5031347117358096,-0.040390320619511144,-0.39409167332513184,-0.31755318778107866,-0.6374330461113369,-0.31041918594674844,0.6725629675535356
2023-07-16 00:00:00,-0.4176230989015668,0.0694685045705051,-1.4045765563214876,-0.05370882569342328,0.16660278309696275,-0.044838653106777704,0.5785753101004388,0.7992564451038686,0.4367586257151956,-0.20965971431573782,1.1634398542019586,0.31229687484383384,-0.2865129771040037,0.29986404311355863,0.3677122734687243,0.36716945802415574
2023-08-16 00:00:00,-0.3350242152099722,0.05870466752863526,-0.011218198777383753,-0.06660404493967931,-0.3886651114272218,-0.3733591813540502,-0.13133059669587188,0.13888085230787584,-0.4474225457838388,0.5112212833033387,-0.29294262453382314,-0.1264950386090965,-0.3765936986035008,-0.5368174955823635,-0.31159555939478534,-0.3497064171804226
2023-09-15 12:00:00,0.18983241647317695,-0.5819079255053591,-0.17358677925998897,0.9290291119272068,0.1881737523305287,0.07154659527414353,-0.9586529571075516,-0.3386319211969558,-0.2779674194167117,0.0804637551976336,-0.3397104008142293,0.6796512050128037,0.8057039140827602,-0.5945497154834054,-0.048995413297941826,-0.4667845763940651
2023-10-16 00:00:00,1.7026863706583746,-0.22105711569029335,-0.06695603896985355,-0.022949743305184622,-0.16509340500749065,0.48197448397131437,0.0912813489271651,0.17850227356660936,1.801343370383086,0.38921163411961235,-0.495658603221837,-0.3006636749293134,0.05834466673344052,-0.5393465499924966,0.14651708741781844,-0.5228457973588859
2023-11-15 12:00:00,1.6312481266872498,0.3174868935905024,0.5812107002717265,0.5322437000595477,-0.1707169312028471,-0.06569576757712287,1.5783576568069102,0.6513214684595853,-0.5563172761491059,0.7848947363651606,-0.9381353952637522,0.6403799481525062,0.1812321740937205,0.5898127257761308,-0.11468577512864878,-1.0448236369169122
2023-12-16 00:00:00,0.6266201450854162,1.0731982556196469,-0.007067201776849552,-0.09274899639020012,0.5753849834390837,-0.45458531538611285,0.06604643377376951,-0.07761412322121014,0.04846689450585401,0.13797066468973324,0.10354603741753726,0.17462375118548834,0.997941160581685,-0.42511718532245674,0.24693712639629922,-0.22992118862633215
2024-01-16 00:00:00,0.519127271798147,0.0017664988892117373,-0.2779540769474552,-0.08122926444004613,0.2690147992342087,-0.513188831647755,-0.10299321901635683,1.3820416259613246,-0.5455554204212657,0.23034157344850562,0.4911480469426361,0.25004527044371494,-0.36221593631256777,-0.03459442541763391,0.9663398006690754,0.6670263931920328
2024-02-15 00:00:00,-0.4058058562644927,0.20950734931578127,0.1380792234563489,-0.17765607632013403,0.17011008550286277,0.21776904289172316,-0.007011530191135207,0.2984832951592074,1.27539284305624,-0.2302704041256583,-0.3814828733098747,-0.6374859109802632,0.05702739309090654,-0.5782114151994551,-0.09895230743759711,-0.4049321866182206
2024-03-16 00:00:00,0.456411855197979,1.2757071185900262,0.1706934464218943,-0.27344325995631535,0.6968593400585331,-0.3991485061296769,0.2710580479767698,-0.1112762375537148,0.23693734502191638,-1.0260838235319647,0.19778239900095568,-0.31615304254860016,-0.18528691620542653,-0.2740677127615948,-0.4054886041113288,0.3343578860094342
2024-04-15 12:00:00,-0.13870375182244793,0.008277240845529166,-0.07146403695048595,-0.027016760952960017,-0.22939507790560915,-0.3116837956025831,-0.004440632593062599,0.046971726811488757,0.08727765690899031,-0.749038436667175,-0.04595107496013828,1.2221661596921587,-1.2375409753587245,-0.1049099927426751,-0.8488189110405394,0.0772451332428124
2024-05-16 00:00:00,-0.33391141852251194,0.37950949550485513,0.5048898828050947,-0.5288656133892246,-0.7356072862160971,-0.23387447238951414,-0.09098040941322372,0.02019021762512326,0.0021746766255630323,0.065743267777505,-0.41097546189693995,0.11211540525998231,0.16853764649163028,0.2935169072050581,0.37602094821533677,0.5848695792930019
2024-06-15 12:00:00,-1.426362299261657,0.7377596175372216,-0.13840977724673267,-0.3986195765978756,-0.8005695758764901,1.9119823331429782,-0.26589491304907076,-0.41991446959754836,-0.0385497506551678,0.37644872869474927,0.14714821272233808,0.0533518748300611,-0.7342911833246644,0.9006574450353753,0.7533309993505991,-0.22148988754983578
2024-07-16 00:00:00,1.155313426775046,1.0733976900212325,-0.4387197741746554,-1.1325284651688983,1.2217458790678069,-0.10495549474993554,0.1976493602034094,-1.1834623279723182,-1.0449844729854585,-0.596769903168461,-0.19936465616677068,-0.5574225834205536,0.9923621885806739,-0.15574418804452383,-0.7905458819714948,-0.581735469487034
2024-08-16 00:00:00,-0.2068989963044679,0.692662502373818,-0.40492295107122445,-0.3689777577683992,-0.20226314978758253,1.5166188268365173,-0.3586726527596792,-0.6842790647747944,0.8192058415202277,0.9482497372616325,0.733603961015248,0.6272253205724766,-0.7367401792688635,0.2000854102251135,0.6195623051580083,-0.27616256762060004
2024-09-15 12:00:00,0.09712127525140635,-0.40433272967098394,1.2222160312460881,-0.5764294712908709,1.1403326610555884,-0.12040740847325387,0.07665780578596548,0.4849343441787778,-0.020675532624838844,0.33042776894790127,0.684439293422118,-0.19746003251967292,0.10755002897494648,0.9117732380253138,-0.38200394918410085,-0.8288242781310003
2024-10-16 00:00:00,0.7174724882345859,-0.521141460887852,0.13352131391118596,0.17566666989690172,-0.6101817544880055,-0.10634676697052037,-0.46273349972119654,-0.21813898860329062,-0.16032773334101924,0.3259710755158128,-0.5280590228808322,-0.3825940007377045,0.016502210667205586,-0.3115262057030823,0.22395893146254492,-0.3247993312477604
2024-11-15 12:00:00,0.6345645947511637,0.05970925847206579,-0.022941801872804063,0.276222420609898,-0.4210461188208835,-0.09106426269900486,-0.46897092416531283,-0.31454521593420876,-0.17505574403643234,0.17352111938492812,-0.8273650067980839,-0.17329396915779172,0.37542050993858345,0.15705457809804413,0.3333591281303655,0.10928367512739451
2024-12-16 00:00:00,0.33140586785629267,-0.10809221405352204,-0.5877832394591568,-0.7236646492055514,-0.4460486411458536,0.6501079208510508,0.4596503853789734,0.2424102505551637,-0.29407006421910664,-0.1273541330552278,-0.26497756314132276,-0.3330408714791857,-0.05598984406586327,0.13224397829376822,-0.1770328977747386,0.49003964025136476
2025-01-16 00:00:00,-0.5102010197605139,0.69187238788344,0.3816999984665609,0.851558604223091,0.6549461065892893,-0.03946671870342028,0.6426362065736321,-0.2011754992227815,-0.5503442040735586,-0.38089307410652967,0.16800355562227748,0.1596148194618744,-0.7545758713415239,-0.5547621826182055,-0.060661777956288354,0.27646188019419377
2025-02-14 12:00:00,-0.5162093298371768,0.8927730277599424,-0.5105383163110647,1.8590848643161495,1.089556433976286,0.13562801228841992,0.19537303192544686,-0.29119232723019445,1.199599101522073,-0.44372328950207857,-0.4519680047583599,-1.1725599470784396,-0.6442825345213787,-0.3119329363356177,-1.2054639820578397,1.3126147789312852
2025-03-16 00:00:00,-0.42244993311510964,0.20894530172751932,1.0559342693812972,-0.16995509683912352,-0.5547279314737767,0.3044317279496238,-0.3515273217880184,0.0389345635085845,0.04188308040537414,-0.2916865114104051,-0.10759582493067404,-0.40964067474771804,-0.3458492151998303,0.4297020267330989,-0.053188318252467115,0.7121441646500528
2025-04-15 12:00:00,0.09799512556868228,1.2188634311166398,-0.6663114762303196,-0.4573460015670868,0.06089442602167772,-0.012641120334779932,-0.4715873361344669,-0.7403383420692251,-0.1014401381752667,-0.05788511466371532,0.6226620714498403,-0.3301662211347601,0.7654674293080674,0.3890416919812911,0.616024458212713,-0.8321059245357171
2025-05-16 00:00:00,0.6191669453399692,0.820646687098695,0.43616604519859503,1.6828548334241278,-0.054100851077284406,0.30471948204189336,0.00047025441834602777,0.5946106240507085,0.16386755707602824,0.1058212169566882,0.642720742088144,-0.3364651547504237,-0.3979498056323251,-0.37854642142869227,-0.1492756666719329,-0.1327022556531185
2025-06-15 12:00:00,-0.20740178360086836,1.1089830189533212,0.5012351631275636,-0.2876145812198959,-0.8521432951216499,1.2007571820540748,0.48326460932410586,0.17905728184997644,0.8558308626427023,-0.5745281434977554,-0.7543852158396324,0.5219164838397511,-0.13832989842704846,1.084196511361226,-0.006274929443175703,1.0867464546721823
