time,latent_dim,latent,mu,logvar
1940-01-16 00:00:00,0,-0.435813,0.016053662,-0.0041102916
1940-01-16 00:00:00,1,-0.6867212,-0.00022946298,0.00039483607
1940-01-16 00:00:00,2,0.2441823,-0.008540139,-0.00427144
1940-01-16 00:00:00,3,0.79338646,0.011152267,0.010067403
1940-01-16 00:00:00,4,-0.855239,-0.017571367,-0.0015850514
1940-02-15 00:00:00,0,0.39922026,0.019153804,-0.007145688
1940-02-15 00:00:00,1,0.083434924,-0.0020887852,0.004040733
1940-02-15 00:00:00,2,1.1975306,-0.010016173,-0.008740418
1940-02-15 00:00:00,3,-0.0620699,0.012167126,0.015728205
1940-02-15 00:00:00,4,-1.3738269,-0.018521257,-0.0018241107
1940-03-16 00:00:00,0,-0.018797953,0.011880323,-0.0034215301
1940-03-16 00:00:00,1,0.5632911,0.00077445805,0.0007299781
1940-03-16 00:00:00,2,0.3438685,-0.0078796,-0.0015964583
1940-03-16 00:00:00,3,-0.7223636,0.008207239,0.0084048435
1940-03-16 00:00:00,4,-1.9172723,-0.014952891,-0.0005226582
1940-04-15 12:00:00,0,-0.24928372,-0.007729396,-0.003175363
1940-04-15 12:00:00,1,-0.5248329,0.0027528852,-0.0029500723
1940-04-15 12:00:00,2,1.5037658,0.0020839423,-0.0027161688
1940-04-15 12:00:00,3,0.4073263,-0.0021408498,-0.002132848
1940-04-15 12:00:00,4,1.55539,-0.00041265786,3.7908554e-05
1940-05-16 00:00:00,0,-1.3523699,-0.0073500574,-0.0033838004
1940-05-16 00:00:00,1,0.32102406,0.0019206852,-0.0010243654
1940-05-16 00:00:00,2,0.06784619,-0.00036650896,-0.000874199
1940-05-16 00:00:00,3,-0.47031105,-0.002225116,0.001018919
1940-05-16 00:00:00,4,-0.5065417,-0.0005965531,-0.00043071806
1940-06-15 12:00:00,0,0.40209183,-0.008812338,-0.0027388483
1940-06-15 12:00:00,1,-1.3235116,0.0019888282,-0.002212599
1940-06-15 12:00:00,2,-1.9103345,-0.0003283322,-0.0018774271
1940-06-15 12:00:00,3,-0.24644923,-0.0033695325,-0.00034175813
1940-06-15 12:00:00,4,-1.3271811,-0.0008966327,-0.0002747774
1940-07-16 00:00:00,0,-0.59141356,-0.009596907,-0.0019512177
1940-07-16 00:00:00,1,-1.5265422,0.0019705147,-0.0019733608
1940-07-16 00:00:00,2,0.8937504,-0.00028327107,-0.0006678626
1940-07-16 00:00:00,3,-0.5702593,-0.0045787767,-0.0007416755
1940-07-16 00:00:00,4,-0.008694483,0.0009943098,-0.00030314922
1940-08-16 00:00:00,0,0.7228502,-0.009674206,-0.0021152198
1940-08-16 00:00:00,1,0.60716045,0.0025224537,-0.0017848313
1940-08-16 00:00:00,2,1.997758,0.0004223585,-0.0008673221
1940-08-16 00:00:00,3,-0.29515743,-0.004109077,-0.0013675019
1940-08-16 00:00:00,4,-1.1736786,0.0020778328,-0.00012421608
1940-09-15 12:00:00,0,0.8209105,-0.0074905828,-0.0032363236
1940-09-15 12:00:00,1,0.48186243,0.0018537194,-0.0031708777
1940-09-15 12:00:00,2,1.5934303,0.0007081628,-0.0017655343
1940-09-15 12:00:00,3,0.478094,-0.0033573732,-0.00083720684
1940-09-15 12:00:00,4,-1.0821704,0.00041685998,-0.002025947
1940-10-16 00:00:00,0,-0.22004768,-0.0025352165,-0.0022537261
1940-10-16 00:00:00,1,0.11722104,0.001431793,-0.00028833747
1940-10-16 00:00:00,2,-1.3161042,-0.00082811713,-0.0034951195
1940-10-16 00:00:00,3,-0.6678361,-0.0006862432,0.0016988963
1940-10-16 00:00:00,4,-0.40642762,-0.0033159852,0.00037321448
1940-11-15 12:00:00,0,0.7587882,-0.005608253,-0.0025502443
1940-11-15 12:00:00,1,-1.0063933,0.00082838535,-0.00060382485
1940-11-15 12:00:00,2,-0.7744286,-0.00025057793,-0.000783287
1940-11-15 12:00:00,3,0.058789138,-0.0020435452,0.002002731
1940-11-15 12:00:00,4,0.20791313,-0.002727285,0.0006824434
1940-12-16 00:00:00,0,-0.37932843,0.018447682,-0.006952733
1940-12-16 00:00:00,1,0.023553928,0.00028263032,0.0009784698
1940-12-16 00:00:00,2,0.31867886,-0.006563261,-0.0049916804
1940-12-16 00:00:00,3,0.5728561,0.0139393285,0.010629959
1940-12-16 00:00:00,4,-0.525984,-0.015977606,-0.0028293878
1941-01-16 00:00:00,0,-0.25213617,0.013103023,-0.0025225878
1941-01-16 00:00:00,1,0.53290987,0.00026842952,0.00024820864
1941-01-16 00:00:00,2,2.552086,-0.0035858005,-0.0048398077
1941-01-16 00:00:00,3,0.83580077,0.009882934,0.0071660355
1941-01-16 00:00:00,4,-1.4475738,-0.014094062,-0.0012822598
1941-02-14 12:00:00,0,0.1280049,0.016069382,-0.009793758
1941-02-14 12:00:00,1,0.39929825,0.0007953495,6.766617e-05
1941-02-14 12:00:00,2,0.1814515,-0.0041397363,-0.005150631
1941-02-14 12:00:00,3,-0.751594,0.012273796,0.00843437
1941-02-14 12:00:00,4,-0.04855683,-0.013309069,-0.002987802
1941-03-16 00:00:00,0,0.7031944,0.0066815317,-0.0016268343
1941-03-16 00:00:00,1,0.6768145,0.00399445,8.042157e-05
1941-03-16 00:00:00,2,-0.92537785,0.0015606433,-0.008576915
1941-03-16 00:00:00,3,-0.9250483,0.006651707,-0.00065342337
1941-03-16 00:00:00,4,0.004460995,-0.0038697273,0.00049962103
1941-04-15 12:00:00,0,-2.4118233,0.002248481,-0.0045295954
1941-04-15 12:00:00,1,0.9104991,0.0040771067,-0.00074872375
1941-04-15 12:00:00,2,1.2463347,-0.0006158352,-0.0074814707
1941-04-15 12:00:00,3,0.8106307,0.005101785,0.0016142204
1941-04-15 12:00:00,4,-0.87025934,-0.0048599094,-0.0023360997
1941-05-16 00:00:00,0,-0.81271255,-0.0037564933,-0.005477816
1941-05-16 00:00:00,1,0.8908972,0.0027789325,-0.00063598156
1941-05-16 00:00:00,2,0.26526153,-0.0005529374,-0.0028984845
1941-05-16 00:00:00,3,-1.4636434,0.0013838932,0.001801677
1941-05-16 00:00:00,4,-0.29892856,-0.0042744726,4.862249e-05
1941-06-15 12:00:00,0,1.1993823,-0.008722417,-0.0042900145
1941-06-15 12:00:00,1,-0.059484076,0.00198704,-0.0013008267
1941-06-15 12:00:00,2,1.2270163,-0.00052563846,-0.0012855232
1941-06-15 12:00:00,3,0.25490096,-0.003825508,0.0006283596
1941-06-15 12:00:00,4,-1.0689847,0.00015126169,-0.00033552945
1941-07-16 00:00:00,0,0.3207621,-0.009356752,-0.0021696389
1941-07-16 00:00:00,1,-0.21617219,0.0023965687,-0.0021218956
1941-07-16 00:00:00,2,0.429866,-0.00016498566,-0.0016051382
1941-07-16 00:00:00,3,-0.08807514,-0.004131362,-0.0012294874
1941-07-16 00:00:00,4,0.38250333,0.0007700473,-0.00029815733
1941-08-16 00:00:00,0,1.0475858,-0.009788074,-0.0033253133
1941-08-16 00:00:00,1,0.3398132,0.0017635524,-0.0034424216
1941-08-16 00:00:00,2,-0.64764905,0.0010591894,-0.00050246716
1941-08-16 00:00:00,3,1.1562517,-0.0031479225,-0.00057388097
1941-08-16 00:00:00,4,-0.23254067,-0.0015494376,-0.0010924935
1941-09-15 12:00:00,0,1.0171043,-0.009537265,-0.0026057512
1941-09-15 12:00:00,1,-1.1610124,0.0023751855,-0.0019053519
1941-09-15 12:00:00,2,-1.9451042,7.0482492e-06,1.450628e-05
1941-09-15 12:00:00,3,0.91579896,-0.004198067,-0.0011673868
1941-09-15 12:00:00,4,0.043931287,0.001507163,0.00016601384
1941-10-16 00:00:00,0,0.12766111,-0.0075577423,-0.0033176094
1941-10-16 00:00:00,1,1.6995523,0.001493901,-0.0018143803
1941-10-16 00:00:00,2,-0.3873359,0.0011982024,-0.0013266802
1941-10-16 00:00:00,3,0.73877615,-0.002336599,0.00073215365
1941-10-16 00:00:00,4,-0.71730363,-0.00060907006,-0.0011984706
1941-11-15 12:00:00,0,-1.0317636,-0.0011899769,-0.0020871162
1941-11-15 12:00:00,1,-0.5802233,0.0016376674,-0.001298517
1941-11-15 12:00:00,2,0.44535917,-0.0025202334,-0.0018912628
1941-11-15 12:00:00,3,0.4039763,0.0007191375,0.0019234493
1941-11-15 12:00:00,4,0.93410945,-0.0059586316,0.00017024577
1941-12-16 00:00:00,0,-1.0815997,0.016464487,-0.0038345903
1941-12-16 00:00:00,1,1.2095624,-0.0018763691,0.00062692165
1941-12-16 00:00:00,2,0.12442826,-0.008376136,-0.0030590072
1941-12-16 00:00:00,3,0.42093563,0.010597654,0.013320625
1941-12-16 00:00:00,4,0.52418536,-0.017453678,-0.004186228
1942-01-16 00:00:00,0,2.4826765,0.01160565,-0.0026244968
1942-01-16 00:00:00,1,-0.04629297,0.00056906044,0.0017872751
1942-01-16 00:00:00,2,1.4989614,-0.006244123,-0.0033412278
1942-01-16 00:00:00,3,0.53896755,0.009140693,0.00909213
1942-01-16 00:00:00,4,0.21557847,-0.015319347,-0.0003887415
1942-02-14 12:00:00,0,0.7133294,0.0103423,-0.0021294802
1942-02-14 12:00:00,1,-0.007298407,0.0017823577,0.0013569444
1942-02-14 12:00:00,2,0.4162395,-0.004456252,-0.0022944734
1942-02-14 12:00:00,3,-0.024690967,0.0080040395,0.0067434385
1942-02-14 12:00:00,4,-0.07360229,-0.010764793,-0.0013895035
1942-03-16 00:00:00,0,0.34699136,-0.0015775412,-0.0018701702
1942-03-16 00:00:00,1,-0.12608758,0.00094914436,-0.00090008974
1942-03-16 00:00:00,2,-0.24570362,-0.0018401742,-0.0006239712
1942-03-16 00:00:00,3,0.5697659,9.663403e-06,0.0027447343
1942-03-16 00:00:00,4,0.84210724,-0.006017342,0.00026801229
1942-04-15 12:00:00,0,0.25318092,0.005427316,-0.003966242
1942-04-15 12:00:00,1,0.18847255,0.0014053881,0.0011170357
1942-04-15 12:00:00,2,-0.26081997,-0.003906876,-0.004478544
1942-04-15 12:00:00,3,-0.24069959,0.006304413,0.007384822
1942-04-15 12:00:00,4,0.0034397636,-0.010917962,-0.001990825
1942-05-16 00:00:00,0,-1.7789619,-0.0027375147,-0.0056816936
1942-05-16 00:00:00,1,0.38604537,0.003032446,-0.0010392666
1942-05-16 00:00:00,2,-0.3440618,-0.002256155,-0.0011607483
1942-05-16 00:00:00,3,0.13602683,0.0016653836,0.0024906844
1942-05-16 00:00:00,4,0.6209297,-0.0051216185,-0.00078614056
1942-06-15 12:00:00,0,-0.6099562,-0.008717246,-0.0034532994
1942-06-15 12:00:00,1,-0.39084923,0.0025840998,-0.0011835247
1942-06-15 12:00:00,2,1.2655832,0.00015556812,-0.0011858195
1942-06-15 12:00:00,3,1.1427677,-0.0035725236,-0.0008265972
1942-06-15 12:00:00,4,0.07883961,0.0018187463,0.0001962781
1942-07-16 00:00:00,0,-0.6277517,-0.00976184,-0.002267599
1942-07-16 00:00:00,1,1.208148,0.0023190677,-0.001955852
1942-07-16 00:00:00,2,-0.6959766,0.000116199255,-0.0005675629
1942-07-16 00:00:00,3,-0.037264753,-0.00425674,-0.0012308583
1942-07-16 00:00:00,4,1.3798999,0.0015179962,-5.324185e-05
1942-08-16 00:00:00,0,-0.06739955,-0.009556778,-0.0024059713
1942-08-16 00:00:00,1,1.2502856,0.0021615475,-0.0016301721
1942-08-16 00:00:00,2,0.7323502,0.00026924908,-0.00066613406
1942-08-16 00:00:00,3,-2.2065225,-0.0042310655,-0.0009081289
1942-08-16 00:00:00,4,-0.8181696,0.0016453564,1.2770295e-05
1942-09-15 12:00:00,0,-2.028841,-0.00977996,-0.0023539513
1942-09-15 12:00:00,1,-1.7759533,0.0024466813,-0.001744315
1942-09-15 12:00:00,2,-1.7732527,0.00023967028,-0.0003984347
1942-09-15 12:00:00,3,-0.127235,-0.0042912886,-0.001312539
1942-09-15 12:00:00,4,0.28452083,0.0021280646,7.148087e-05
1942-10-16 00:00:00,0,-1.731382,-0.0071659833,-0.0022631437
1942-10-16 00:00:00,1,0.08428448,0.0015661567,-0.001314655
1942-10-16 00:00:00,2,0.20482711,0.0018707365,-0.00081223994
1942-10-16 00:00:00,3,2.1180718,-0.0025555864,-1.9825995e-05
1942-10-16 00:00:00,4,-0.18794133,0.000829041,-0.0004350543
1942-11-15 12:00:00,0,-0.7243819,0.011178225,-0.004345864
1942-11-15 12:00:00,1,-0.53914964,0.00027054548,0.00062559545
1942-11-15 12:00:00,2,0.16779278,-0.006747648,0.000651367
1942-11-15 12:00:00,3,2.6962032,0.007353656,0.009434432
1942-11-15 12:00:00,4,1.169638,-0.013824247,-0.0013412982
1942-12-16 00:00:00,0,0.35788468,-0.0038848221,-0.0022234023
1942-12-16 00:00:00,1,-1.7605932,0.00036616623,-0.0010059327
1942-12-16 00:00:00,2,0.12669294,-0.0016191155,0.0005123615
1942-12-16 00:00:00,3,0.74665916,-0.00093828887,0.0031634644
1942-12-16 00:00:00,4,0.3558762,-0.0060726255,0.0009441972
1943-01-16 00:00:00,0,3.987541,0.014755964,-0.0035660714
1943-01-16 00:00:00,1,-1.6240968,0.00063969195,-0.0008315146
1943-01-16 00:00:00,2,-0.34046975,-0.009736061,0.0008608103
1943-01-16 00:00:00,3,1.4811192,0.0084106475,0.00890623
1943-01-16 00:00:00,4,0.056752123,-0.0154759735,-0.0022868216
1943-02-14 12:00:00,0,0.9350365,-0.002062127,-0.003314793
1943-02-14 12:00:00,1,0.4231882,0.00110057,-0.00026006997
1943-02-14 12:00:00,2,-1.3304031,-0.0007112324,-0.0018215552
1943-02-14 12:00:00,3,1.3957803,0.0007670969,0.0031587854
1943-02-14 12:00:00,4,-0.012220378,-0.005686894,0.0007009953
1943-03-16 00:00:00,0,1.3491286,0.0055084974,-0.0017584562
1943-03-16 00:00:00,1,-0.310176,0.0018704236,-0.00079602003
1943-03-16 00:00:00,2,0.7271595,-0.0036244988,-0.0035996288
1943-03-16 00:00:00,3,0.7754654,0.0041140467,0.0032273307
1943-03-16 00:00:00,4,1.584243,-0.008599564,0.0002848804
1943-04-15 12:00:00,0,1.004101,-0.0048283264,-0.0023574978
1943-04-15 12:00:00,1,-0.364169,0.002303362,-0.0021864027
1943-04-15 12:00:00,2,-0.49994773,-0.00014163554,-0.003806956
1943-04-15 12:00:00,3,0.14940181,-0.00087922066,0.00031477958
1943-04-15 12:00:00,4,-1.0803229,-0.0026388615,-0.0014685988
1943-05-16 00:00:00,0,0.46834028,-0.009537771,-0.00261423
1943-05-16 00:00:00,1,-1.6182022,0.002397433,-0.002063498
1943-05-16 00:00:00,2,-1.1763849,0.00023558736,-0.00036448985
1943-05-16 00:00:00,3,-1.1536784,-0.0040736273,-0.0011639819
1943-05-16 00:00:00,4,-1.3239697,0.0015456825,-0.00028675795
1943-06-15 12:00:00,0,0.38899964,-0.008375645,-0.003738761
1943-06-15 12:00:00,1,1.8165352,0.0024790913,-0.0013835132
1943-06-15 12:00:00,2,-1.2342306,-0.00061026216,-0.00035847723
1943-06-15 12:00:00,3,-0.054429624,-0.0031634718,-0.00015560538
1943-06-15 12:00:00,4,1.3861132,0.00032533705,9.9524856e-05
1943-07-16 00:00:00,0,-0.13297105,-0.009315968,-0.001739189
1943-07-16 00:00:00,1,-1.875376,0.0021698922,-0.002222523
1943-07-16 00:00:00,2,-0.3354325,-0.00025385618,-0.00012742728
1943-07-16 00:00:00,3,0.0025242856,-0.004028201,-0.0009410307
1943-07-16 00:00:00,4,-0.53010404,0.000526458,-0.0001810044
1943-08-16 00:00:00,0,-0.28687406,-0.009877488,-0.0023380518
1943-08-16 00:00:00,1,-0.6130765,0.0024244934,-0.0017381907
1943-08-16 00:00:00,2,-0.85850966,0.00039634109,-0.00045672804
1943-08-16 00:00:00,3,-0.25280818,-0.004297331,-0.0013413653
1943-08-16 00:00:00,4,0.35654834,0.0021613538,0.00010752678
1943-09-15 12:00:00,0,0.11070478,-0.009517752,-0.0024064928
1943-09-15 12:00:00,1,0.03739251,0.002488315,-0.0015623868
1943-09-15 12:00:00,2,0.057180595,0.000108495355,-0.00031439215
1943-09-15 12:00:00,3,-0.5870485,-0.0040882602,-0.0011232272
1943-09-15 12:00:00,4,0.12771405,0.0020789653,7.365644e-05
1943-10-16 00:00:00,0,1.9962379,-0.005581066,-0.003856331
1943-10-16 00:00:00,1,0.19662541,0.0012722164,-0.0008381754
1943-10-16 00:00:00,2,-0.9349543,0.0005418658,-0.0021409541
1943-10-16 00:00:00,3,0.057333235,-0.001712434,0.0012524948
1943-10-16 00:00:00,4,0.102382965,-0.0019803345,0.0006136
1943-11-15 12:00:00,0,-1.646977,-0.007321723,-0.0035135
1943-11-15 12:00:00,1,-0.5146151,0.0012230426,-0.0010374933
1943-11-15 12:00:00,2,-0.3454481,0.0004810393,-0.0008544326
1943-11-15 12:00:00,3,-0.4579392,-0.0024285465,0.001039438
1943-11-15 12:00:00,4,-0.06218821,-0.0011737794,0.00027409196
1943-12-16 00:00:00,0,2.010052,0.0006812215,-0.0023953617
1943-12-16 00:00:00,1,0.33002743,0.0023738146,-0.0011419952
1943-12-16 00:00:00,2,-0.6409046,-0.00041651726,-0.0031991154
1943-12-16 00:00:00,3,0.6942961,0.0019531101,0.00033921748
1943-12-16 00:00:00,4,0.08226768,-0.0049059093,0.000583902
1944-01-16 00:00:00,0,1.8291589,0.0043276995,-0.0009874105
1944-01-16 00:00:00,1,0.8547094,0.0004425496,-0.0004361421
1944-01-16 00:00:00,2,-0.118215315,-0.003042996,-0.00087180734
1944-01-16 00:00:00,3,-0.6734338,0.004833311,0.005687341
1944-01-16 00:00:00,4,-0.8196951,-0.011476323,-0.0007800907
1944-02-15 00:00:00,0,0.62630033,0.01065588,-0.0013945103
1944-02-15 00:00:00,1,-0.9780439,0.0013231635,-0.0006183684
1944-02-15 00:00:00,2,1.0652919,-0.006633058,-0.002360575
1944-02-15 00:00:00,3,0.49435562,0.0076116025,0.0062026456
1944-02-15 00:00:00,4,0.7728374,-0.014277294,-0.0012079477
1944-03-16 00:00:00,0,-1.2546726,-0.00035193563,-0.0034822524
1944-03-16 00:00:00,1,-0.6591536,0.0016864836,-0.001277402
1944-03-16 00:00:00,2,-1.2592697,-0.0026208907,-0.0010317639
1944-03-16 00:00:00,3,-1.8930541,0.00090362877,0.0026850104
1944-03-16 00:00:00,4,-0.5619803,-0.006145552,-0.00061264634
1944-04-15 12:00:00,0,-0.2268485,-0.0029334873,-0.004067272
1944-04-15 12:00:00,1,-0.4390596,0.001249969,-0.0011151284
1944-04-15 12:00:00,2,0.60022944,-0.0016860366,-0.0032071322
1944-04-15 12:00:00,3,0.2608714,0.00036711246,0.003194414
1944-04-15 12:00:00,4,1.1175039,-0.006398812,-0.00040967762
1944-05-16 00:00:00,0,-0.48486608,-0.0078242645,-0.0040041357
1944-05-16 00:00:00,1,-1.3278674,0.0020861775,-0.002061531
1944-05-16 00:00:00,2,1.1140083,0.0020511597,-0.001683943
1944-05-16 00:00:00,3,-0.044099808,-0.0016367808,7.3090196e-06
1944-05-16 00:00:00,4,-2.801093,-0.0004246682,-0.0011387616
1944-06-15 12:00:00,0,1.1700095,-0.008677222,-0.0038186014
1944-06-15 12:00:00,1,-0.21729608,0.0015495121,-0.002036631
1944-06-15 12:00:00,2,-0.12946242,0.00046347082,-0.00093729794
1944-06-15 12:00:00,3,1.3897216,-0.0032868087,0.0002867505
1944-06-15 12:00:00,4,0.018332021,-0.0003990233,-0.000504151
1944-07-16 00:00:00,0,-0.45624086,-0.009466179,-0.0021153241
1944-07-16 00:00:00,1,-0.6183904,0.0022317767,-0.0017169863
1944-07-16 00:00:00,2,-0.5521035,0.00029549003,-0.00030528754
1944-07-16 00:00:00,3,0.24992314,-0.0042215586,-0.0011404529
1944-07-16 00:00:00,4,0.068111874,0.001808092,0.00012013316
1944-08-16 00:00:00,0,-0.086861596,-0.009847604,-0.0023434013
1944-08-16 00:00:00,1,-0.80182755,0.002430573,-0.001734361
1944-08-16 00:00:00,2,0.7871931,0.00030249357,-0.00045328587
1944-08-16 00:00:00,3,0.48309484,-0.004319139,-0.0013178587
1944-08-16 00:00:00,4,-0.33152008,0.0021692216,7.094443e-05
1944-09-15 12:00:00,0,-0.58228904,-0.009649694,-0.0024801195
1944-09-15 12:00:00,1,0.5574374,0.0023935735,-0.0017690063
1944-09-15 12:00:00,2,-0.6186017,0.0004926622,-0.00084313005
1944-09-15 12:00:00,3,1.7215257,-0.0042067915,-0.0012916252
1944-09-15 12:00:00,4,0.112375945,0.0021092743,-7.031858e-05
1944-10-16 00:00:00,0,-1.251208,-0.0041026324,-0.0029138625
1944-10-16 00:00:00,1,0.3355378,0.0007497817,-9.523332e-05
1944-10-16 00:00:00,2,-0.36729446,-0.0007122755,-0.0005488172
1944-10-16 00:00:00,3,1.8148971,-0.0010172352,0.002684325
1944-10-16 00:00:00,4,0.076601006,-0.003533706,0.0005774498
1944-11-15 12:00:00,0,-1.3428245,0.008613721,-0.003064245
1944-11-15 12:00:00,1,-1.1577002,0.00058577955,0.00087828934
1944-11-15 12:00:00,2,1.5288986,-0.008046836,-0.0013350472
1944-11-15 12:00:00,3,-0.01646806,0.004980892,0.007735431
1944-11-15 12:00:00,4,0.45819718,-0.013876632,0.0002937913
1944-12-16 00:00:00,0,-0.06408732,0.0013350397,-0.0031346083
1944-12-16 00:00:00,1,-0.06422131,0.0010341108,0.000180915
1944-12-16 00:00:00,2,0.015380634,-0.0022270083,-0.0027523786
1944-12-16 00:00:00,3,0.5047104,0.0026153103,0.0044573843
1944-12-16 00:00:00,4,-0.36383384,-0.008562908,0.00083464384
1945-01-16 00:00:00,0,0.051449638,-0.0060363337,-0.003451839
1945-01-16 00:00:00,1,-0.73813254,0.00068344176,-0.00051514804
1945-01-16 00:00:00,2,0.03252202,0.001557678,-0.0008282438
1945-01-16 00:00:00,3,1.27137,-0.0020629019,0.0016658902
1945-01-16 00:00:00,4,0.8799155,-0.000775218,-0.0002078265
1945-02-14 12:00:00,0,-0.5311744,0.0058056116,-0.0018830895
1945-02-14 12:00:00,1,-1.2083803,0.0014489591,-0.0019425601
1945-02-14 12:00:00,2,-0.1891916,-0.008970603,-0.0012788773
1945-02-14 12:00:00,3,0.17408985,0.0038866773,0.0065661
1945-02-14 12:00:00,4,0.48491752,-0.013190694,-0.0025701076
1945-03-16 00:00:00,0,-0.6572235,0.0060418844,-0.0031685084
1945-03-16 00:00:00,1,1.892995,0.0016479492,-0.0013379455
1945-03-16 00:00:00,2,1.0848532,-0.003392607,-0.0035514235
1945-03-16 00:00:00,3,-0.80705774,0.0066628307,0.004851915
1945-03-16 00:00:00,4,1.1640358,-0.011564732,-0.000986144
1945-04-15 12:00:00,0,-2.6604247,-0.0065095946,-0.004092276
1945-04-15 12:00:00,1,-0.4767349,0.0008574724,-0.0010648817
1945-04-15 12:00:00,2,-0.064560145,-0.0013139546,-0.00021590292
1945-04-15 12:00:00,3,-1.3754852,-0.0030847788,0.0020692945
1945-04-15 12:00:00,4,1.2663544,-0.002432242,0.00021706522
1945-05-16 00:00:00,0,-1.0401393,-0.005340092,-0.0056494772
1945-05-16 00:00:00,1,-0.36029428,0.0025698692,-0.0010472983
1945-05-16 00:00:00,2,1.0985531,-0.0011287779,-0.001759164
1945-05-16 00:00:00,3,0.728956,-0.0006675646,0.001681149
1945-05-16 00:00:00,4,0.22025809,-0.0030536205,-0.00012762845
1945-06-15 12:00:00,0,-1.72933,-0.009499125,-0.003825292
1945-06-15 12:00:00,1,0.48318768,0.0025828183,-0.0020378977
1945-06-15 12:00:00,2,0.6720071,0.00054483116,-0.0011530817
1945-06-15 12:00:00,3,1.8216556,-0.0036440864,-0.0009056404
1945-06-15 12:00:00,4,-1.0441256,0.0013507158,-0.00049091876
1945-07-16 00:00:00,0,-0.29412913,-0.009761497,-0.0023107529
1945-07-16 00:00:00,1,0.61741877,0.0026597083,-0.0017402917
1945-07-16 00:00:00,2,1.2938067,2.3558736e-05,-0.00072067976
1945-07-16 00:00:00,3,0.56260663,-0.0041564554,-0.0014028549
1945-07-16 00:00:00,4,1.6589825,0.0019246191,7.018447e-05
1945-08-16 00:00:00,0,-0.9998692,-0.009591661,-0.0024013072
1945-08-16 00:00:00,1,0.11046221,0.002888158,-0.0015725642
1945-08-16 00:00:00,2,0.7301288,0.00056903064,-0.0009299144
1945-08-16 00:00:00,3,1.6793041,-0.0037381798,-0.0015776679
1945-08-16 00:00:00,4,0.8184523,0.002212301,0.00020000339
1945-09-15 12:00:00,0,2.3060255,-0.009847268,-0.0025168955
1945-09-15 12:00:00,1,0.14946268,0.0025441796,-0.0018025637
1945-09-15 12:00:00,2,-0.6009911,0.0003580451,-0.00060011446
1945-09-15 12:00:00,3,-1.2050159,-0.004076712,-0.00140246
1945-09-15 12:00:00,4,-0.023999317,0.0018342137,0.00019836426
1945-10-16 00:00:00,0,-0.13291995,0.000702858,-0.0034391284
1945-10-16 00:00:00,1,1.0863652,0.0014320016,-0.002498731
1945-10-16 00:00:00,2,0.6130999,-0.0046140403,-0.0016346648
1945-10-16 00:00:00,3,0.3783349,0.0020776317,0.0037665814
1945-10-16 00:00:00,4,-1.9040312,-0.010227159,-0.0018112212
1945-11-15 12:00:00,0,0.42903557,0.001850903,-0.0038312972
1945-11-15 12:00:00,1,-0.5851655,0.001837045,-3.4034252e-05
1945-11-15 12:00:00,2,1.1002244,-0.006261587,-0.00058249384
1945-11-15 12:00:00,3,0.38180968,0.003532827,0.005639434
1945-11-15 12:00:00,4,-0.52117383,-0.011705905,0.0011646152
1945-12-16 00:00:00,0,-1.0077243,0.014386594,-0.0031401515
1945-12-16 00:00:00,1,-2.1340156,-0.0009095073,0.0015636086
1945-12-16 00:00:00,2,-0.5554185,-0.010464504,-0.000113122165
1945-12-16 00:00:00,3,-0.24087358,0.008776605,0.012736917
1945-12-16 00:00:00,4,1.1301314,-0.017856754,-0.0019531697
1946-01-16 00:00:00,0,-0.13221931,-0.0028785393,-0.0033524632
1946-01-16 00:00:00,1,0.6034231,0.0009792298,-0.00021654367
1946-01-16 00:00:00,2,1.2135158,-0.0024932772,-0.0017512441
1946-01-16 00:00:00,3,0.13899627,-0.00028754026,0.0034111142
1946-01-16 00:00:00,4,0.54575723,-0.006022826,0.000879392
1946-02-14 12:00:00,0,-1.736927,-0.0014435425,-0.002037868
1946-02-14 12:00:00,1,-0.24244247,0.0011527389,-0.00012090802
1946-02-14 12:00:00,2,-0.36887747,0.00028137863,-0.0028387532
1946-02-14 12:00:00,3,-0.9182472,0.0009023994,0.002151601
1946-02-14 12:00:00,4,-0.037310235,-0.0044336766,0.00054070354
1946-03-16 00:00:00,0,0.32662976,0.0042547137,-0.001931414
1946-03-16 00:00:00,1,0.7300582,0.0014162362,-0.00216946
1946-03-16 00:00:00,2,-1.9334896,-0.0028916448,-0.004004568
1946-03-16 00:00:00,3,0.16470996,0.0038667768,0.0025837794
1946-03-16 00:00:00,4,0.8810037,-0.00929594,-4.2647123e-05
1946-04-15 12:00:00,0,0.5613003,-0.0090537965,-0.0026692748
1946-04-15 12:00:00,1,-0.26760763,0.0023057163,-0.002134055
1946-04-15 12:00:00,2,0.045781374,0.00040514767,-0.0012411997
1946-04-15 12:00:00,3,0.4499446,-0.0034454092,-0.00046298653
1946-04-15 12:00:00,4,-0.39411843,0.0009899586,-0.0012976825
1946-05-16 00:00:00,0,-0.50255615,-0.008365236,-0.0034952462
1946-05-16 00:00:00,1,-1.4238822,0.0014867932,-0.0022699535
1946-05-16 00:00:00,2,-0.3104087,0.00036500394,0.0001500845
1946-05-16 00:00:00,3,1.4088802,-0.0035712868,-0.00019783527
1946-05-16 00:00:00,4,0.27345416,-0.00086680055,0.00027008355
1946-06-15 12:00:00,0,1.4456066,-0.009901643,-0.0024261922
1946-06-15 12:00:00,1,-0.01794207,0.0025469959,-0.0017268807
1946-06-15 12:00:00,2,0.5855973,0.00040213764,-0.0007043481
1946-06-15 12:00:00,3,0.6499049,-0.0041976944,-0.001406528
1946-06-15 12:00:00,4,-1.8086115,0.002183795,8.806586e-05
1946-07-16 00:00:00,0,1.3563787,-0.009682402,-0.0020443052
1946-07-16 00:00:00,1,2.5180326,0.0019484758,-0.0024546385
1946-07-16 00:00:00,2,0.6883369,0.00087834895,-0.0012591332
1946-07-16 00:00:00,3,0.3726358,-0.004105948,-0.0011716187
1946-07-16 00:00:00,4,-1.0883911,0.00082467496,-0.0004878193
1946-08-16 00:00:00,0,-0.8467419,-0.009851545,-0.0024113357
1946-08-16 00:00:00,1,0.47630107,0.0024108142,-0.0018551648
1946-08-16 00:00:00,2,1.5824779,0.0005647689,-0.00051087886
1946-08-16 00:00:00,3,-1.6892722,-0.0043025017,-0.0013792813
1946-08-16 00:00:00,4,-0.32522613,0.002144128,-5.6177378e-05
1946-09-15 12:00:00,0,-2.046664,-0.00971625,-0.002676323
1946-09-15 12:00:00,1,-0.46922144,0.002580732,-0.0015213788
1946-09-15 12:00:00,2,-0.51628584,0.00012756884,-0.00063654035
1946-09-15 12:00:00,3,0.034615997,-0.004114367,-0.0011611432
1946-09-15 12:00:00,4,-1.9198319,0.0021270663,0.00012046099
1946-10-16 00:00:00,0,-0.26026383,-0.0057061315,-0.0028014928
1946-10-16 00:00:00,1,0.2607666,0.0014019012,-0.0014423728
1946-10-16 00:00:00,2,-0.40034223,-0.001251623,-0.0031603426
1946-10-16 00:00:00,3,-1.7137651,-0.002822414,0.00056256354
1946-10-16 00:00:00,4,-1.5362314,-0.0023882836,0.00030104816
1946-11-15 12:00:00,0,0.19942278,0.008426547,-0.0039096177
1946-11-15 12:00:00,1,-0.42005163,0.000860706,-0.001068294
1946-11-15 12:00:00,2,-0.028309979,-0.0074436367,0.0003228262
1946-11-15 12:00:00,3,-0.4553583,0.0052404627,0.0070347264
1946-11-15 12:00:00,4,-1.4811343,-0.013288073,-0.0011946559
1946-12-16 00:00:00,0,0.9429356,0.0016699731,-0.0016259402
1946-12-16 00:00:00,1,-1.1229731,0.0018521547,-0.0010143667
1946-12-16 00:00:00,2,-1.156337,-0.0029365271,-0.0015659779
1946-12-16 00:00:00,3,-0.21007405,0.00028520823,0.00047221035
1946-12-16 00:00:00,4,0.6260741,-0.0063284934,0.0024790466
1947-01-16 00:00:00,0,0.43420208,-0.004506886,-0.0023425967
1947-01-16 00:00:00,1,-0.10530263,0.00095292926,-0.00033518672
1947-01-16 00:00:00,2,-3.1382058,-0.00037178397,-0.0010681376
1947-01-16 00:00:00,3,0.08381631,-0.0013124049,0.0021641105
1947-01-16 00:00:00,4,-0.14538401,-0.0028287768,0.0005414486
1947-02-14 12:00:00,0,-0.8443758,0.0023147613,-0.0016880333
1947-02-14 12:00:00,1,-0.6459344,0.00085651875,-0.0008005351
1947-02-14 12:00:00,2,-0.21682915,-0.0021147132,-0.0026509687
1947-02-14 12:00:00,3,-1.4072083,0.0023056641,0.002963543
1947-02-14 12:00:00,4,-1.0034647,-0.008775666,0.00085137784
1947-03-16 00:00:00,0,0.5973867,0.003021583,-0.004365802
1947-03-16 00:00:00,1,1.8579903,0.0012939125,0.00011949241
1947-03-16 00:00:00,2,1.4555748,-0.00570333,-0.00234434
1947-03-16 00:00:00,3,-0.19513741,0.0042356774,0.0066333488
1947-03-16 00:00:00,4,1.4718652,-0.011998236,6.476045e-05
1947-04-15 12:00:00,0,-0.61184204,-0.008375481,-0.003987178
1947-04-15 12:00:00,1,1.1459999,0.0028833747,-0.0030961782
1947-04-15 12:00:00,2,-2.0012014,-0.0015189201,-0.00048454106
1947-04-15 12:00:00,3,0.25138766,-0.0037020892,-0.00095584244
1947-04-15 12:00:00,4,-0.46656626,-0.00075775385,-0.0007260889
1947-05-16 00:00:00,0,-0.18724601,-0.008029163,-0.0021691471
1947-05-16 00:00:00,1,-0.013217311,0.0021905452,-0.001822412
1947-05-16 00:00:00,2,-0.018699536,0.0014925152,-0.0031472445
1947-05-16 00:00:00,3,0.6066377,-0.002501309,-0.000389345
1947-05-16 00:00:00,4,0.50481176,0.00023555756,-0.00092449784
1947-06-15 12:00:00,0,-1.1069489,-0.006789133,-0.0036686957
1947-06-15 12:00:00,1,0.6229357,0.0021935701,-0.0021108836
1947-06-15 12:00:00,2,-0.28675157,-0.00079505146,-0.0014788061
1947-06-15 12:00:00,3,1.0194567,-0.0012893155,0.0009193346
1947-06-15 12:00:00,4,-1.7482256,-0.0032457858,-0.00067310035
1947-07-16 00:00:00,0,0.69279945,-0.009915456,-0.0022577643
1947-07-16 00:00:00,1,1.1048751,0.0024688244,-0.0017591864
1947-07-16 00:00:00,2,-2.013086,0.00040711462,-0.00069534034
1947-07-16 00:00:00,3,0.18746555,-0.0042866245,-0.0014082938
1947-07-16 00:00:00,4,-1.3244559,0.0021387488,8.46535e-05
1947-08-16 00:00:00,0,1.043384,-0.009073935,-0.0021053404
1947-08-16 00:00:00,1,-0.40398234,0.0018239915,-0.0015422106
1947-08-16 00:00:00,2,0.8876666,0.00046043098,-0.00042906404
1947-08-16 00:00:00,3,-1.000773,-0.003944032,-0.0003291592
1947-08-16 00:00:00,4,-0.23387033,0.0008702725,6.569922e-05
1947-09-15 12:00:00,0,-0.33143666,-0.009120554,-0.0025451183
1947-09-15 12:00:00,1,0.36155725,0.0027530491,-0.00136365
1947-09-15 12:00:00,2,0.6554851,-0.0002500862,-0.0010812357
1947-09-15 12:00:00,3,0.12078376,-0.0038118586,-0.001063399
1947-09-15 12:00:00,4,1.1874003,0.0019041747,2.8893352e-05
1947-10-16 00:00:00,0,-0.8936671,0.0010726303,-0.002629295
1947-10-16 00:00:00,1,0.47455406,0.0010906905,-0.00031378865
1947-10-16 00:00:00,2,1.5722952,-0.0056497753,-0.00023178011
1947-10-16 00:00:00,3,-0.13487683,0.001950115,0.005588174
1947-10-16 00:00:00,4,3.0953367,-0.010420978,0.0003376752
1947-11-15 12:00:00,0,-2.4670749,-0.005230002,-0.0036625564
1947-11-15 12:00:00,1,1.2960079,0.00084500015,-0.0008999258
1947-11-15 12:00:00,2,-0.42888188,-0.0014740676,0.0005581826
1947-11-15 12:00:00,3,-0.10322585,-0.0024215728,0.002366893
1947-11-15 12:00:00,4,0.4577524,-0.003259018,0.0004950762
1947-12-16 00:00:00,0,0.3224667,-0.0025972426,-0.0028649718
1947-12-16 00:00:00,1,-0.6591706,0.0007529706,-0.00052046776
1947-12-16 00:00:00,2,-2.0939014,0.0004878193,-0.0028791353
1947-12-16 00:00:00,3,0.18152612,9.4503164e-05,0.0023507178
1947-12-16 00:00:00,4,-0.3747005,-0.0046310574,0.00027139485
1948-01-16 00:00:00,0,1.2360603,0.0005289316,-0.0029582232
1948-01-16 00:00:00,1,0.2595278,0.001075998,-0.0004388094
1948-01-16 00:00:00,2,1.4887358,-0.0069194287,0.002791442
1948-01-16 00:00:00,3,1.1116769,0.0017145574,0.006441638
1948-01-16 00:00:00,4,-0.1426512,-0.01100865,-0.0005829334
1948-02-15 00:00:00,0,0.32344893,-0.0024580061,-0.00091664493
1948-02-15 00:00:00,1,-0.50720173,0.002471745,-0.0019288957
1948-02-15 00:00:00,2,-1.3095138,-0.00057184696,-0.002098009
1948-02-15 00:00:00,3,-0.4533862,0.00033213198,-0.00049607456
1948-02-15 00:00:00,4,1.4043031,-0.0051109195,0.0015934259
1948-03-16 00:00:00,0,-1.2929881,0.009611085,-0.0049787015
1948-03-16 00:00:00,1,-1.4933634,0.0019484758,0.0012835562
1948-03-16 00:00:00,2,-0.26787263,-0.005169481,-0.0058799163
1948-03-16 00:00:00,3,1.0921952,0.008102603,0.007293284
1948-03-16 00:00:00,4,-0.9980151,-0.011251226,-0.0013639629
1948-04-15 12:00:00,0,1.1760107,0.011822149,-0.005416855
1948-04-15 12:00:00,1,-1.6816508,-7.906556e-05,0.0007416159
1948-04-15 12:00:00,2,-0.7378524,-0.009224534,-0.0029287562
1948-04-15 12:00:00,3,0.5490024,0.008801952,0.011694357
1948-04-15 12:00:00,4,-1.1075599,-0.016467817,-0.0024245828
1948-05-16 00:00:00,0,0.5132403,-0.0010600165,-0.0038301498
1948-05-16 00:00:00,1,-0.2904446,0.0019506514,-0.0017512292
1948-05-16 00:00:00,2,0.5491371,-0.0015352517,-0.0030018166
1948-05-16 00:00:00,3,-1.2012867,0.0022216886,0.0022505522
1948-05-16 00:00:00,4,-0.9730098,-0.0071593523,-0.00085638463
1948-06-15 12:00:00,0,-0.51473105,-0.009226434,-0.0030909479
1948-06-15 12:00:00,1,0.24332416,0.001999274,-0.0024229586
1948-06-15 12:00:00,2,1.3301177,0.001825437,-0.0017646924
1948-06-15 12:00:00,3,-0.22360569,-0.0026779547,-0.00046281517
1948-06-15 12:00:00,4,1.1769232,-0.00081183016,-0.0005493164
1948-07-16 00:00:00,0,0.43522418,-0.009667143,-0.0024764836
1948-07-16 00:00:00,1,-1.210903,0.0022992343,-0.0016125441
1948-07-16 00:00:00,2,-0.9769722,0.00049477816,-0.00066071004
1948-07-16 00:00:00,3,-0.5063482,-0.00413727,-0.0010843202
1948-07-16 00:00:00,4,-0.7064057,0.0019252449,0.00010830164
1948-08-16 00:00:00,0,-0.8223166,-0.009777211,-0.002351433
1948-08-16 00:00:00,1,-1.4210646,0.002385676,-0.0016905218
1948-08-16 00:00:00,2,-0.5454513,0.00058990717,-0.00057207793
1948-08-16 00:00:00,3,0.933521,-0.00420177,-0.0013021156
1948-08-16 00:00:00,4,0.57076925,0.0021968335,6.6027045e-05
1948-09-15 12:00:00,0,-1.2496139,-0.009193733,-0.0030442625
1948-09-15 12:00:00,1,0.6780502,0.0019406676,-0.001598835
1948-09-15 12:00:00,2,-0.81414616,0.0006349981,-0.0005705282
1948-09-15 12:00:00,3,-0.006673597,-0.0039124936,-0.0004826784
1948-09-15 12:00:00,4,0.27730656,0.0014671683,-0.00015152991
1948-10-16 00:00:00,0,-0.4526716,-0.005762294,-0.0033678561
1948-10-16 00:00:00,1,-0.51749694,0.0011147857,-0.0007467419
1948-10-16 00:00:00,2,-0.9458739,0.001996681,-0.00057148933
1948-10-16 00:00:00,3,-0.030790018,-0.0014953837,0.0008083731
1948-10-16 00:00:00,4,1.219134,-0.0007928312,0.00043809414
1948-11-15 12:00:00,0,0.058346257,-0.0020643547,-0.0041615516
1948-11-15 12:00:00,1,1.0467914,0.0011997521,-0.000111326575
1948-11-15 12:00:00,2,0.7878816,-0.004915282,0.0021272749
1948-11-15 12:00:00,3,-0.91636187,-0.00034161657,0.004299581
1948-11-15 12:00:00,4,1.0097855,-0.006840393,0.00095531344
1948-12-16 00:00:00,0,0.22959429,0.010188445,-0.0034109652
1948-12-16 00:00:00,1,-0.24542136,0.00074474514,0.002040729
1948-12-16 00:00:00,2,-0.6521653,-0.005424857,-0.00519678
1948-12-16 00:00:00,3,0.3701241,0.009026751,0.00862509
1948-12-16 00:00:00,4,-0.02769974,-0.014641315,0.0006067902
1949-01-16 00:00:00,0,-1.3484801,0.0005115941,-0.0017334223
1949-01-16 00:00:00,1,-0.78465784,0.00069214404,-0.00062435865
1949-01-16 00:00:00,2,0.96287566,-0.0009471029,-0.0013710186
1949-01-16 00:00:00,3,-2.4750307,0.0007990375,0.003134869
1949-01-16 00:00:00,4,-0.70515215,-0.005014211,-0.000985086
1949-02-14 12:00:00,0,-0.44724602,0.003959045,-0.0027409196
1949-02-14 12:00:00,1,-1.102709,0.0008264482,-0.0007326007
1949-02-14 12:00:00,2,0.19886498,-0.006160602,-0.00087513775
1949-02-14 12:00:00,3,1.1227977,0.0026821643,0.005624421
1949-02-14 12:00:00,4,0.6535696,-0.011243746,-1.53929e-05
1949-03-16 00:00:00,0,-0.82672733,0.013775602,-0.007627204
1949-03-16 00:00:00,1,-0.69249773,0.0010651052,0.0019051284
1949-03-16 00:00:00,2,-1.122,-0.006531477,-0.00638362
1949-03-16 00:00:00,3,-0.25963944,0.011217013,0.009494111
1949-03-16 00:00:00,4,-0.42902014,-0.014664441,-0.0002513379
1949-04-15 12:00:00,0,1.189425,-0.0056765676,-0.005401641
1949-04-15 12:00:00,1,0.5816464,0.0022806376,-0.0010698587
1949-04-15 12:00:00,2,-1.3085332,-0.0017919987,0.00029982626
1949-04-15 12:00:00,3,-0.7379624,-0.0017784089,0.0012504533
1949-04-15 12:00:00,4,-1.088318,-0.001309067,-0.0004221946
1949-05-16 00:00:00,0,-2.3523028,-0.003856048,-0.004870057
1949-05-16 00:00:00,1,-0.09303575,0.0017923862,-0.0038264096
1949-05-16 00:00:00,2,-0.65300643,0.0002693683,-0.0009247437
1949-05-16 00:00:00,3,0.11848385,0.00014703721,0.00085095316
1949-05-16 00:00:00,4,-0.9818622,-0.0043248534,-0.0023759902
1949-06-15 12:00:00,0,-0.21425155,-0.0098031685,-0.0024097264
1949-06-15 12:00:00,1,-1.399469,0.0024638325,-0.0018740296
1949-06-15 12:00:00,2,-0.71498305,0.00061641634,-0.0007157549
1949-06-15 12:00:00,3,-1.1123779,-0.003929697,-0.0012309551
1949-06-15 12:00:00,4,-0.30934316,0.0019971281,-0.0003170669
1949-07-16 00:00:00,0,-0.91205686,-0.009573385,-0.0021475554
1949-07-16 00:00:00,1,-1.0922927,0.0023355633,-0.0017513931
1949-07-16 00:00:00,2,0.9003159,0.00022426248,-0.00042162836
1949-07-16 00:00:00,3,-0.8947302,-0.004226655,-0.001255244
1949-07-16 00:00:00,4,-1.5840516,0.0017939359,0.00016148388
1949-08-16 00:00:00,0,-1.0417322,-0.009892315,-0.0022618324
1949-08-16 00:00:00,1,-0.2998017,0.002397433,-0.0017925948
1949-08-16 00:00:00,2,1.7252474,0.0003479123,-0.00096116215
1949-08-16 00:00:00,3,0.06257686,-0.0039534494,-0.0012111291
1949-08-16 00:00:00,4,-1.0264612,0.0011870563,0.0002681613
1949-09-15 12:00:00,0,0.3692594,-0.00902655,-0.0021938682
1949-09-15 12:00:00,1,-0.68206626,0.0017141104,-0.0018522739
1949-09-15 12:00:00,2,-1.7751809,0.00033387542,-0.0004937351
1949-09-15 12:00:00,3,-0.42460454,-0.0041837245,-0.0005783662
1949-09-15 12:00:00,4,-0.5133967,0.0011734813,-0.00029551983
1949-10-16 00:00:00,0,-0.8244145,-0.0077699125,-0.0027974546
1949-10-16 00:00:00,1,1.7063303,0.0012967438,-0.0012013465
1949-10-16 00:00:00,2,-0.28240418,0.00010038912,5.234033e-05
1949-10-16 00:00:00,3,-2.0222805,-0.0036800355,0.00044662505
1949-10-16 00:00:00,4,0.24463354,0.00022614002,0.000227198
1949-11-15 12:00:00,0,-0.12339815,-0.0015561804,-0.002853796
1949-11-15 12:00:00,1,-0.014336007,0.001095742,-0.00096191466
1949-11-15 12:00:00,2,-1.927297,-0.0032307059,-0.0011165068
1949-11-15 12:00:00,3,-0.2015607,-0.0004434958,0.0031167269
1949-11-15 12:00:00,4,-1.1090317,-0.006807536,0.0003541261
1949-12-16 00:00:00,0,0.6960522,0.0011812001,-0.0014201999
1949-12-16 00:00:00,1,-0.9212813,0.0014336854,0.00027035177
1949-12-16 00:00:00,2,-0.19178797,-0.002891779,-0.003326945
1949-12-16 00:00:00,3,0.4727639,0.0010008961,0.002903983
1949-12-16 00:00:00,4,0.641999,-0.006448671,0.0010399669
1950-01-16 00:00:00,0,-0.4591661,0.012814105,-0.005165726
1950-01-16 00:00:00,1,0.87961763,-0.0014737844,0.0007572323
1950-01-16 00:00:00,2,0.5118216,-0.010217994,-0.00032552332
1950-01-16 00:00:00,3,0.45320642,0.008038789,0.013063423
1950-01-16 00:00:00,4,-0.21559082,-0.018628776,-0.0017619282
1950-02-14 12:00:00,0,0.15176472,0.0020779371,-0.0019623637
1950-02-14 12:00:00,1,-0.8886341,0.0011118948,0.00035761297
1950-02-14 12:00:00,2,-0.03867164,-0.0045512468,-0.002195537
1950-02-14 12:00:00,3,-2.2882571,0.0022527948,0.0055623055
1950-02-14 12:00:00,4,1.1884722,-0.009168118,-0.00064633787
1950-03-16 00:00:00,0,1.4221703,0.00021985918,-0.0021283329
1950-03-16 00:00:00,1,-0.4311967,0.0011182576,-0.0018514842
1950-03-16 00:00:00,2,0.16468184,-0.004486352,-0.00012519956
1950-03-16 00:00:00,3,-0.89860743,0.0021140128,0.0041882694
1950-03-16 00:00:00,4,1.6403744,-0.010747403,0.00030435622
1950-04-15 12:00:00,0,-2.5498507,-0.0034262612,-0.0021853298
1950-04-15 12:00:00,1,-1.0748507,0.00332807,-0.0013025105
1950-04-15 12:00:00,2,-1.0161508,-0.006062165,-0.0019163564
1950-04-15 12:00:00,3,-0.39214912,-0.0003046468,0.002105333
1950-04-15 12:00:00,4,-0.46596795,-0.0061662644,-0.00027307868
1950-05-16 00:00:00,0,0.4386147,-0.0068415105,-0.0028998852
1950-05-16 00:00:00,1,-0.25746447,0.002098918,-0.001839608
1950-05-16 00:00:00,2,1.0463609,-0.0021603554,-0.0009953156
1950-05-16 00:00:00,3,1.9154744,-0.0027305335,0.00080836564
1950-05-16 00:00:00,4,0.3933289,-0.0027457923,2.041459e-06
1950-06-15 12:00:00,0,-0.47790757,-0.008872479,-0.003466636
1950-06-15 12:00:00,1,0.85900724,0.002033636,-0.0016282946
1950-06-15 12:00:00,2,-1.8645924,0.00126715,-0.0020843819
1950-06-15 12:00:00,3,0.5266631,-0.0034520999,-0.00058927387
1950-06-15 12:00:00,4,-1.318344,0.0010950863,-0.00011001527
1950-07-16 00:00:00,0,-0.4040573,-0.009373851,-0.002425328
1950-07-16 00:00:00,1,1.0260069,0.0020716488,-0.0019381344
1950-07-16 00:00:00,2,1.0858848,0.00039166212,2.770871e-05
1950-07-16 00:00:00,3,-0.30064437,-0.0040823,-0.00083904713
1950-07-16 00:00:00,4,0.6224495,0.0013953745,-0.00027132034
1950-08-16 00:00:00,0,0.024146434,-0.009389058,-0.002392888
1950-08-16 00:00:00,1,-1.3261963,0.0023910254,-0.0016236603
1950-08-16 00:00:00,2,0.57104677,0.0004030317,-0.00047521293
1950-08-16 00:00:00,3,0.44911465,-0.0040458664,-0.0011534467
1950-08-16 00:00:00,4,-1.144694,0.0019399971,7.355213e-05
1950-09-15 12:00:00,0,-0.5207396,-0.009041674,-0.0033568144
1950-09-15 12:00:00,1,1.5759587,0.0026122928,-0.0022466779
1950-09-15 12:00:00,2,-1.2823759,0.00054989755,-0.0027484223
1950-09-15 12:00:00,3,-0.5879572,-0.0031906292,-0.00066393614
1950-09-15 12:00:00,4,0.14715329,0.00039824843,-0.0011090189
1950-10-16 00:00:00,0,-0.39846307,0.0028889477,-0.003753513
1950-10-16 00:00:00,1,-1.5340487,0.00019489229,-0.0017298311
1950-10-16 00:00:00,2,0.011546755,-0.005828932,0.0007479489
1950-10-16 00:00:00,3,-0.3233562,0.003584683,0.006718017
1950-10-16 00:00:00,4,-0.7159599,-0.013653517,-0.00041387975
1950-11-15 12:00:00,0,0.22830509,0.00965552,-0.002370432
1950-11-15 12:00:00,1,-1.0489441,0.0006816834,-0.00024604797
1950-11-15 12:00:00,2,-1.4819555,-0.0101457685,-0.0004268512
1950-11-15 12:00:00,3,1.021468,0.0074149147,0.009708151
1950-11-15 12:00:00,4,0.06629337,-0.016732357,-0.00089620054
1950-12-16 00:00:00,0,1.1381301,0.008884594,-0.004553333
1950-12-16 00:00:00,1,2.5783708,-7.542968e-05,-0.00012436509
1950-12-16 00:00:00,2,0.7094176,-0.0076423883,0.0018411055
1950-12-16 00:00:00,3,-0.56400234,0.0072541013,0.010342769
1950-12-16 00:00:00,4,-0.6581127,-0.016145885,-0.0020044744
1951-01-16 00:00:00,0,-0.97354746,0.009535223,-0.0033225715
1951-01-16 00:00:00,1,-0.37071544,-0.00021149218,-0.0005196929
1951-01-16 00:00:00,2,-1.2487526,-0.008312464,0.0005052313
1951-01-16 00:00:00,3,0.3049386,0.0076220855,0.009748697
1951-01-16 00:00:00,4,-0.9576414,-0.017267577,-0.0008084625
1951-02-14 12:00:00,0,-0.05757094,0.0013320297,-0.0026393533
1951-02-14 12:00:00,1,-0.52246076,0.0012690574,6.143749e-05
1951-02-14 12:00:00,2,0.645005,-0.0045327395,-0.002486974
1951-02-14 12:00:00,3,-0.32824916,0.0025791302,0.0052273646
1951-02-14 12:00:00,4,-0.75441647,-0.009980023,0.0005257875
1951-03-16 00:00:00,0,-0.2739476,-0.002358146,-0.0023867637
1951-03-16 00:00:00,1,0.8534639,0.0012313128,-0.0007931441
1951-03-16 00:00:00,2,-0.11490199,-0.0038487315,0.00049224496
1951-03-16 00:00:00,3,0.87428594,-0.0003831759,0.0034525543
1951-03-16 00:00:00,4,0.30561796,-0.0067476034,0.0007234067
1951-04-15 12:00:00,0,-1.538307,-0.0038530082,-0.0025605112
1951-04-15 12:00:00,1,0.09297917,0.0039852858,-0.003120184
1951-04-15 12:00:00,2,1.2065814,-0.0008853376,-0.004904777
1951-04-15 12:00:00,3,-1.2295201,-0.00016738474,-0.001842834
1951-04-15 12:00:00,4,1.2826145,-0.0022601336,-0.001211077
1951-05-16 00:00:00,0,0.7142815,-0.0050354823,-0.0033683032
1951-05-16 00:00:00,1,-0.103017285,0.001268506,-0.0011862814
1951-05-16 00:00:00,2,0.7406654,0.00017297268,-0.0015031323
1951-05-16 00:00:00,3,0.77568376,3.1217933e-05,0.0025745705
1951-05-16 00:00:00,4,1.0866919,-0.0044920743,-0.0007107556
1951-06-15 12:00:00,0,0.54457223,-0.009154692,-0.0023400337
1951-06-15 12:00:00,1,-1.4188564,0.0025345534,-0.0014637411
1951-06-15 12:00:00,2,0.2844103,9.700656e-06,-0.001291953
1951-06-15 12:00:00,3,-0.27200353,-0.0034776255,-0.0008027032
1951-06-15 12:00:00,4,0.797113,0.0009737611,2.8520823e-05
1951-07-16 00:00:00,0,0.895167,-0.00970193,-0.002248317
1951-07-16 00:00:00,1,-0.8311894,0.0023920834,-0.0018007904
1951-07-16 00:00:00,2,-1.5237164,0.00065015256,-0.0007613674
1951-07-16 00:00:00,3,-0.70637923,-0.004070379,-0.0012962222
1951-07-16 00:00:00,4,-0.5432,0.0019164383,-6.0483813e-05
1951-08-16 00:00:00,0,-1.5213622,-0.009341978,-0.0021619052
1951-08-16 00:00:00,1,-0.016621115,0.0014950633,-0.0021555126
1951-08-16 00:00:00,2,-0.03938869,0.0007208437,-0.00037497282
1951-08-16 00:00:00,3,-0.50174505,-0.0041181818,-0.000533171
1951-08-16 00:00:00,4,-0.5484664,0.00029283762,-1.9446015e-05
1951-09-15 12:00:00,0,-0.24210799,-0.0095583275,-0.0027217865
1951-09-15 12:00:00,1,-0.2684729,0.0020130426,-0.0017394722
1951-09-15 12:00:00,2,0.3929268,0.00063221157,-0.0007391274
1951-09-15 12:00:00,3,-0.2827217,-0.0040591806,-0.0007586628
1951-09-15 12:00:00,4,-0.6384286,0.0014747828,-8.922815e-05
1951-10-16 00:00:00,0,-0.17939617,-0.0020493418,-0.0034145862
1951-10-16 00:00:00,1,-1.547861,0.0016225129,-0.00010083616
1951-10-16 00:00:00,2,1.8156093,-0.0046459734,-0.0006550923
1951-10-16 00:00:00,3,0.3859529,0.00015314668,0.0039489716
1951-10-16 00:00:00,4,-2.0438547,-0.007101819,0.00077940524
1951-11-15 12:00:00,0,-1.481223,0.004219368,-0.0039180666
1951-11-15 12:00:00,1,1.0165569,0.00039620697,-0.00022529066
1951-11-15 12:00:00,2,0.26468492,-0.0077533275,0.0018034801
1951-11-15 12:00:00,3,0.6406521,0.0042134076,0.008976631
1951-11-15 12:00:00,4,1.75281,-0.01359655,-0.0013091862
1951-12-16 00:00:00,0,1.8305669,0.012119472,-0.006184101
1951-12-16 00:00:00,1,-0.80807304,-0.0018403232,9.383261e-05
1951-12-16 00:00:00,2,0.90841347,-0.010030746,-0.0010113791
1951-12-16 00:00:00,3,-0.87928396,0.00863187,0.014360823
1951-12-16 00:00:00,4,1.5902323,-0.018734582,-0.004007429
1952-01-16 00:00:00,0,1.213789,0.014802232,-0.004827127
1952-01-16 00:00:00,1,-1.1888446,-0.0014837533,-0.0015950948
1952-01-16 00:00:00,2,-0.42408454,-0.011596322,0.00094041973
1952-01-16 00:00:00,3,-1.8301873,0.009047426,0.012408026
1952-01-16 00:00:00,4,-0.65241224,-0.01918669,-0.0029458255
1952-02-15 00:00:00,0,-1.9851856,0.0025495142,-0.003831312
1952-02-15 00:00:00,1,-0.7695205,0.001376301,0.00018265843
1952-02-15 00:00:00,2,0.13617486,-0.007472545,-0.0017149299
1952-02-15 00:00:00,3,1.6943574,0.0034312457,0.0071587414
1952-02-15 00:00:00,4,0.8758438,-0.012096047,-0.00012457371
1952-03-16 00:00:00,0,-1.1227977,0.009023428,-0.0033759326
1952-03-16 00:00:00,1,-1.2836661,0.0027249008,-0.00473018
1952-03-16 00:00:00,2,-0.22647993,-0.009684503,-0.0016389042
1952-03-16 00:00:00,3,-0.9043561,0.0063595474,0.0042301714
1952-03-16 00:00:00,4,-1.1545821,-0.013586506,-0.003815785
1952-04-15 12:00:00,0,0.11543032,-0.0013728216,-0.001572609
1952-04-15 12:00:00,1,0.2416154,0.003263101,-0.0027623028
1952-04-15 12:00:00,2,-0.48125395,-0.0038342178,-0.0028322637
1952-04-15 12:00:00,3,-1.8310351,-0.0001269728,6.8962574e-05
1952-04-15 12:00:00,4,0.5554416,-0.0049609095,-0.0016317517
1952-05-16 00:00:00,0,2.1010547,-0.0063625798,-0.003368318
1952-05-16 00:00:00,1,1.2116579,0.0019314736,-0.0009560287
1952-05-16 00:00:00,2,0.0045562875,-0.0016266406,0.00042463094
1952-05-16 00:00:00,3,-0.31863376,-0.002016507,0.0015637204
1952-05-16 00:00:00,4,-0.089775085,-0.0019339323,-5.6296587e-05
1952-06-15 12:00:00,0,-1.596262,-0.0064301193,-0.004256487
1952-06-15 12:00:00,1,0.81965506,0.0015701652,-0.00054480135
1952-06-15 12:00:00,2,0.7715107,0.00077717006,-0.0037087128
1952-06-15 12:00:00,3,-0.54729575,-0.0012213513,0.0016179904
1952-06-15 12:00:00,4,0.14728911,-0.002490446,0.00032170117
1952-07-16 00:00:00,0,0.501948,-0.009271696,-0.0011756867
1952-07-16 00:00:00,1,-1.201522,0.0024505109,-0.0028469712
1952-07-16 00:00:00,2,-1.0914098,-0.00013419986,-0.0017613545
1952-07-16 00:00:00,3,3.152096,-0.003572166,-0.0011153668
1952-07-16 00:00:00,4,0.15298793,-0.0005019158,-0.0011059046
1952-08-16 00:00:00,0,-1.1838614,-0.009830624,-0.0023091286
1952-08-16 00:00:00,1,1.6712928,0.0023361742,-0.0017755479
1952-08-16 00:00:00,2,0.39496917,0.00047962368,-0.00078048557
1952-08-16 00:00:00,3,-0.22726104,-0.0042777136,-0.00124944
1952-08-16 00:00:00,4,1.6291637,0.0019712448,-3.2007694e-05
1952-09-15 12:00:00,0,0.34112424,-0.008765675,-0.0027222633
1952-09-15 12:00:00,1,1.9363079,0.0021246523,-0.0019770414
1952-09-15 12:00:00,2,0.90887576,0.001844585,-0.0026811957
1952-09-15 12:00:00,3,-0.3526915,-0.003160201,-0.0012551174
1952-09-15 12:00:00,4,-1.3949121,0.0013224334,-0.00023724139
1952-10-16 00:00:00,0,-0.23405634,-0.00950028,-0.0025064945
1952-10-16 00:00:00,1,1.4132087,0.0021997988,-0.0016233325
1952-10-16 00:00:00,2,-0.4699477,0.00059349835,-0.00033140182
1952-10-16 00:00:00,3,0.15880865,-0.004177235,-0.0010156706
1952-10-16 00:00:00,4,-1.3248527,0.0021018535,-3.5464764e-05
1952-11-15 12:00:00,0,-0.6206466,0.0027219355,-0.0020837337
1952-11-15 12:00:00,1,1.8862709,0.0012886524,0.0015001595
1952-11-15 12:00:00,2,-0.26204586,-0.0023216754,-0.0036842749
1952-11-15 12:00:00,3,0.55113095,0.0027334169,0.004596293
1952-11-15 12:00:00,4,-1.1296284,-0.007085383,0.00044721365
1952-12-16 00:00:00,0,-0.9558291,0.019301727,-0.0069353282
1952-12-16 00:00:00,1,1.5827842,-0.002196163,0.0025918335
1952-12-16 00:00:00,2,-1.0406108,-0.012178943,-0.0013141409
1952-12-16 00:00:00,3,-0.87705517,0.01133474,0.016296953
1952-12-16 00:00:00,4,-0.80511117,-0.019642577,-0.0022939742
1953-01-16 00:00:00,0,0.039699413,0.008447751,-0.0036002398
1953-01-16 00:00:00,1,0.17914206,-0.00053207576,0.00021836162
1953-01-16 00:00:00,2,1.5459138,-0.009140328,0.0012876391
1953-01-16 00:00:00,3,-0.61306655,0.00725504,0.010935634
1953-01-16 00:00:00,4,0.5544114,-0.018204339,-3.759563e-05
1953-02-14 12:00:00,0,0.555697,-0.007628493,-0.00309214
1953-02-14 12:00:00,1,0.53854215,0.0012769103,-0.0014827102
1953-02-14 12:00:00,2,0.06523711,-7.735193e-05,-0.0001314953
1953-02-14 12:00:00,3,0.7000954,-0.003417313,0.00076794624
1953-02-14 12:00:00,4,-1.9933662,-0.0005080402,-0.00020906329
1953-03-16 00:00:00,0,-0.28443626,-0.00028332323,-0.0037650168
1953-03-16 00:00:00,1,0.66254735,0.0004388094,-0.0008519739
1953-03-16 00:00:00,2,0.51467115,-0.0039378405,-0.0016534403
1953-03-16 00:00:00,3,-1.1336421,0.0015124008,0.004928261
1953-03-16 00:00:00,4,0.23537803,-0.010632858,0.001041472
1953-04-15 12:00:00,0,-0.81930906,-0.0018896386,-0.0028595477
1953-04-15 12:00:00,1,0.40446925,0.002117604,-0.0020968765
1953-04-15 12:00:00,2,1.6145989,-0.0039399713,-0.002332732
1953-04-15 12:00:00,3,-0.26054507,0.0009353608,0.0024896637
1953-04-15 12:00:00,4,0.60309714,-0.007610023,-0.0006083846
1953-05-16 00:00:00,0,-0.44018674,-0.005332239,-0.006967619
1953-05-16 00:00:00,1,-0.6370013,0.0027772486,-0.0027156174
1953-05-16 00:00:00,2,1.4127489,-0.0008249283,-0.0037358105
1953-05-16 00:00:00,3,0.0061853724,0.00186681,0.0024623051
1953-05-16 00:00:00,4,-0.47944117,-0.00605613,-0.0022899061
1953-06-15 12:00:00,0,1.0459335,-0.0069547296,-0.0050643235
1953-06-15 12:00:00,1,-1.5109756,0.002228871,-0.0012353957
1953-06-15 12:00:00,2,0.65494645,0.0005015731,-0.0022606924
1953-06-15 12:00:00,3,2.1772726,-0.0012016296,0.0011077076
1953-06-15 12:00:00,4,0.140398,-0.0007864982,-0.001326099
1953-07-16 00:00:00,0,-1.8199669,-0.009322777,-0.002333954
1953-07-16 00:00:00,1,1.2688925,0.0022391677,-0.0017100722
1953-07-16 00:00:00,2,-0.8071464,-0.00031481683,-0.00031372905
1953-07-16 00:00:00,3,-0.6450176,-0.004082836,-0.0008517653
1953-07-16 00:00:00,4,0.93200064,0.0010806322,0.00017696619
1953-08-16 00:00:00,0,-0.6094635,-0.009074546,-0.0023982674
1953-08-16 00:00:00,1,-0.27657694,0.0021186918,-0.0019649714
1953-08-16 00:00:00,2,-0.38609803,0.00064863265,-0.00085122883
1953-08-16 00:00:00,3,-0.5228803,-0.0037264675,-0.0010188743
1953-08-16 00:00:00,4,1.814652,0.0010205507,1.5854836e-05
1953-09-15 12:00:00,0,0.21251044,-0.0091743395,-0.0025552064
1953-09-15 12:00:00,1,-1.7151954,0.0021097064,-0.0017092228
1953-09-15 12:00:00,2,1.0329995,0.00012852252,-0.00011976808
1953-09-15 12:00:00,3,-1.6149578,-0.004037291,-0.00072945654
1953-09-15 12:00:00,4,-1.3083286,0.0013141185,1.79559e-05
1953-10-16 00:00:00,0,-0.4170502,-0.0062399283,-0.0042027235
1953-10-16 00:00:00,1,-1.8051577,0.0022367388,-0.001257211
1953-10-16 00:00:00,2,0.3572993,-0.0006583035,-0.0010843426
1953-10-16 00:00:00,3,1.061069,-0.0015480071,0.000958316
1953-10-16 00:00:00,4,0.01742801,-0.0018837601,-1.3187528e-05
1953-11-15 12:00:00,0,-0.28019044,-0.002095431,-0.004308045
1953-11-15 12:00:00,1,-1.6822546,0.0015703142,-0.00070512295
1953-11-15 12:00:00,2,1.7285022,-0.0055093467,-0.0010744035
1953-11-15 12:00:00,3,-0.4131,0.00015928596,0.004575327
1953-11-15 12:00:00,4,-0.07293349,-0.008408785,0.0002850294
1953-12-16 00:00:00,0,0.78404576,-0.0061265305,-0.0034436882
1953-12-16 00:00:00,1,-0.4241314,0.0006623417,-0.0006006807
1953-12-16 00:00:00,2,1.6739943,-0.0013756454,-0.00049290806
1953-12-16 00:00:00,3,1.1978885,-0.002646342,0.002549842
1953-12-16 00:00:00,4,0.6289264,-0.002962947,0.00080268085
1954-01-16 00:00:00,0,-1.3617984,0.007660657,-0.0052274764
1954-01-16 00:00:00,1,1.1381366,0.00019879639,-0.00093877316
1954-01-16 00:00:00,2,1.2958655,-0.0068336725,-0.00047255307
1954-01-16 00:00:00,3,-0.55360395,0.0064727142,0.008411147
1954-01-16 00:00:00,4,0.37659106,-0.015058398,-0.001024127
1954-02-14 12:00:00,0,0.7928506,0.00027166307,-0.0030344129
1954-02-14 12:00:00,1,-0.06428698,0.0006739497,-0.0011994988
1954-02-14 12:00:00,2,0.7710408,-0.004294783,-0.00092439353
1954-02-14 12:00:00,3,-0.0068459185,0.001088135,0.005169235
1954-02-14 12:00:00,4,2.2774496,-0.009240285,-0.0010317117
1954-03-16 00:00:00,0,0.49687997,0.0032956898,-0.0043168664
1954-03-16 00:00:00,1,0.82304,0.0019827634,-0.0037930608
1954-03-16 00:00:00,2,0.24062996,-0.00805895,0.001214467
1954-03-16 00:00:00,3,0.041799325,0.0035616234,0.005031921
1954-03-16 00:00:00,4,-0.51239175,-0.012984306,-0.0017359406
1954-04-15 12:00:00,0,-2.02375,-0.00482063,-0.00415051
1954-04-15 12:00:00,1,-0.6558318,0.00073203444,-0.00077591836
1954-04-15 12:00:00,2,0.29305953,-0.00070509315,-0.000987567
1954-04-15 12:00:00,3,0.25634536,-0.0008408651,0.0028548315
1954-04-15 12:00:00,4,-2.9173017,-0.005322814,0.0009651929
1954-05-16 00:00:00,0,1.1946232,-0.007181227,-0.002820611
1954-05-16 00:00:00,1,-0.5953936,0.0019688457,-0.0008354783
1954-05-16 00:00:00,2,0.4620002,0.00114654,-0.0018184185
1954-05-16 00:00:00,3,-1.47209,-0.0027166158,-0.00023587793
1954-05-16 00:00:00,4,-1.0294333,0.0011461079,3.6507845e-05
1954-06-15 12:00:00,0,-0.68309265,-0.008102335,-0.003835842
1954-06-15 12:00:00,1,-1.4817582,0.002211675,-0.0013351887
1954-06-15 12:00:00,2,0.28028145,0.00033342838,-0.0021218732
1954-06-15 12:00:00,3,0.066531956,-0.0028009564,-0.00015844405
1954-06-15 12:00:00,4,-0.62504864,-0.0003387332,0.00038710237
1954-07-16 00:00:00,0,-0.75970703,-0.009070709,-0.0019568056
1954-07-16 00:00:00,1,-0.48690388,0.0021823645,-0.0016670376
1954-07-16 00:00:00,2,-0.7118078,-0.00032043457,-0.00080032647
1954-07-16 00:00:00,3,0.045445867,-0.0039636195,-0.0007160753
1954-07-16 00:00:00,4,0.03836142,0.0009626895,-0.00016011298
1954-08-16 00:00:00,0,0.17837825,-0.0094493255,-0.0025733113
1954-08-16 00:00:00,1,0.5288128,0.002376482,-0.0015895814
1954-08-16 00:00:00,2,1.6086057,0.00051777065,-0.0005014688
1954-08-16 00:00:00,3,-0.5159646,-0.0039570034,-0.0010861307
1954-08-16 00:00:00,4,0.30795893,0.0019922853,2.0861626e-07
1954-09-15 12:00:00,0,0.13872233,-0.009785101,-0.0022951216
1954-09-15 12:00:00,1,1.3065344,0.002321571,-0.0018138736
1954-09-15 12:00:00,2,-0.44173008,0.00020438433,-0.00038252026
1954-09-15 12:00:00,3,0.42490417,-0.004318349,-0.0011841878
1954-09-15 12:00:00,4,1.0571377,0.0018838793,-2.0429492e-05
1954-10-16 00:00:00,0,-1.5738882,-0.009236291,-0.0026409477
1954-10-16 00:00:00,1,-1.4867249,0.0021043718,-0.0016327351
1954-10-16 00:00:00,2,0.15154223,-2.3782253e-05,-0.00020230561
1954-10-16 00:00:00,3,-1.008098,-0.004137866,-0.00086472183
1954-10-16 00:00:00,4,0.8767208,0.001195401,0.0005340427
1954-11-15 12:00:00,0,2.0952125,0.0015189946,-0.0017884821
1954-11-15 12:00:00,1,-1.2707268,0.0026378334,-0.00034204125
1954-11-15 12:00:00,2,0.7145343,-0.0042641014,-0.0012806877
1954-11-15 12:00:00,3,1.1880199,0.00251925,0.0035566762
1954-11-15 12:00:00,4,-0.15991919,-0.0070515275,-0.0013562739
1954-12-16 00:00:00,0,-0.5976279,0.0055664927,-0.0030524135
1954-12-16 00:00:00,1,1.0923052,0.0004451573,0.0017684102
1954-12-16 00:00:00,2,0.65305954,-0.007579267,-0.0010561347
1954-12-16 00:00:00,3,0.06897868,0.005107373,0.009349674
1954-12-16 00:00:00,4,-0.19814205,-0.013893701,0.0005284101
1955-01-16 00:00:00,0,0.33638263,0.0041030794,-0.0016766042
1955-01-16 00:00:00,1,-2.2858841,0.0015742034,0.0002297461
1955-01-16 00:00:00,2,-0.80082697,-0.0033526868,-0.0039207786
1955-01-16 00:00:00,3,0.6328082,0.0035204813,0.0043133423
1955-01-16 00:00:00,4,-0.39132175,-0.008616656,-0.00020547211
1955-02-14 12:00:00,0,1.460256,-0.0033360794,-0.0025233924
1955-02-14 12:00:00,1,3.1241305,0.0019021928,-0.0010879636
1955-02-14 12:00:00,2,-0.64629924,-0.00228706,-0.0023721457
1955-02-14 12:00:00,3,1.1411991,-0.00014615804,0.002544105
1955-02-14 12:00:00,4,-0.43268526,-0.0052312464,-0.0004027933
1955-03-16 00:00:00,0,0.4467653,-0.00794103,-0.0025945753
1955-03-16 00:00:00,1,0.27935004,0.0017344505,-0.0023700446
1955-03-16 00:00:00,2,0.55649126,-0.0004736483,-0.00041814148
1955-03-16 00:00:00,3,0.8228157,-0.0031074882,-7.785857e-06
1955-03-16 00:00:00,4,0.3131148,-0.0012995303,-0.0002540052
1955-04-15 12:00:00,0,0.69569296,0.0016367584,-0.005134076
1955-04-15 12:00:00,1,-1.4675015,0.0017266124,-0.0007419437
1955-04-15 12:00:00,2,0.7289046,-0.006176442,-0.00049571693
1955-04-15 12:00:00,3,-0.9749739,0.002730094,0.0056739748
1955-04-15 12:00:00,4,-1.9474301,-0.010375142,-0.0005444288
1955-05-16 00:00:00,0,-2.3435638,-0.004493311,-0.0017760992
1955-05-16 00:00:00,1,1.9742181,0.003174305,-0.002644211
1955-05-16 00:00:00,2,0.81490135,-0.00095163286,-0.0028889403
1955-05-16 00:00:00,3,-0.20424095,-0.002091445,-0.0011559501
1955-05-16 00:00:00,4,0.39894408,0.00017231703,-0.0025317967
1955-06-15 12:00:00,0,0.6592655,-0.009297103,-0.003140539
1955-06-15 12:00:00,1,-0.28089756,0.0022512227,-0.0023379177
1955-06-15 12:00:00,2,0.48611382,0.00070008636,-0.00038138032
1955-06-15 12:00:00,3,0.39439577,-0.0038495436,-0.0011943206
1955-06-15 12:00:00,4,2.468342,0.001217112,-0.0003773868
1955-07-16 00:00:00,0,0.4973641,-0.0100265145,-0.0028874725
1955-07-16 00:00:00,1,-0.18054521,0.0026255995,-0.0019463897
1955-07-16 00:00:00,2,1.4066509,4.3272972e-05,-0.001243785
1955-07-16 00:00:00,3,-0.33077097,-0.004088357,-0.0012007728
1955-07-16 00:00:00,4,1.4795586,0.001389578,-0.00023496151
1955-08-16 00:00:00,0,0.19042963,-0.0097194165,-0.0023177266
1955-08-16 00:00:00,1,1.3185623,0.0024663508,-0.0017911345
1955-08-16 00:00:00,2,1.1457393,0.00024023652,-0.0003964603
1955-08-16 00:00:00,3,0.38506398,-0.0041585043,-0.0012891367
1955-08-16 00:00:00,4,1.0928307,0.0019702613,1.2218952e-06
1955-09-15 12:00:00,0,-2.3513575,-0.0089235455,-0.0025877953
1955-09-15 12:00:00,1,2.4326644,0.0018115342,-0.0015407354
1955-09-15 12:00:00,2,0.9106362,0.0012235045,-0.0012915134
1955-09-15 12:00:00,3,-0.10988548,-0.0031555071,-7.2181225e-05
1955-09-15 12:00:00,4,-2.893342,0.00046169758,-0.0002860278
1955-10-16 00:00:00,0,0.5746656,-0.008237377,-0.003200397
1955-10-16 00:00:00,1,-3.0764492,0.0027095973,-0.0016765893
1955-10-16 00:00:00,2,0.1692288,-0.0002258718,0.00015414506
1955-10-16 00:00:00,3,-1.2353148,-0.0028576702,-0.00088656694
1955-10-16 00:00:00,4,0.021728061,0.000502795,0.0004904568
1955-11-15 12:00:00,0,0.24343085,-0.00037465245,-0.0022455156
1955-11-15 12:00:00,1,-0.8615,5.38975e-05,-0.00020839274
1955-11-15 12:00:00,2,-0.17415354,-0.0024012923,-0.0018325076
1955-11-15 12:00:00,3,0.013436205,0.0010313466,0.00469961
1955-11-15 12:00:00,4,-1.0832721,-0.008940607,0.0012598932
1955-12-16 00:00:00,0,0.61420834,0.01813081,-0.00615485
1955-12-16 00:00:00,1,-1.1276364,-0.0028921068,1.1637807e-05
1955-12-16 00:00:00,2,-0.94572973,-0.013452962,0.0029675066
1955-12-16 00:00:00,3,-1.1113893,0.010474943,0.016605236
1955-12-16 00:00:00,4,0.6513923,-0.02131524,-0.003687963
1956-01-16 00:00:00,0,-0.64865625,0.011287749,-0.0029054433
1956-01-16 00:00:00,1,1.4512892,-0.0016643554,0.0001874417
1956-01-16 00:00:00,2,0.53961676,-0.0070285797,0.00020679832
1956-01-16 00:00:00,3,-0.3165247,0.008496918,0.0113252625
1956-01-16 00:00:00,4,0.45461553,-0.01825656,-0.000728637
1956-02-15 00:00:00,0,1.2758741,0.0012482852,-0.005980596
1956-02-15 00:00:00,1,-2.0911446,-0.00033311546,0.0012676269
1956-02-15 00:00:00,2,-1.1968336,-0.005540639,-0.0022789985
1956-02-15 00:00:00,3,-1.3930438,0.0027360097,0.009312525
1956-02-15 00:00:00,4,0.059707627,-0.011834115,-0.00020475686
1956-03-16 00:00:00,0,-0.019978128,-0.007362999,-0.0036963671
1956-03-16 00:00:00,1,1.7469871,0.0017120838,-0.0008342713
1956-03-16 00:00:00,2,-0.33034176,-0.00064985454,-0.00041615963
1956-03-16 00:00:00,3,0.33699697,-0.0027184188,0.0011697263
1956-03-16 00:00:00,4,-0.6733922,-0.00051143765,0.00022380054
1956-04-15 12:00:00,0,-1.471042,-0.00015795231,-0.0029022396
1956-04-15 12:00:00,1,0.8057835,0.0024752915,-0.0019808412
1956-04-15 12:00:00,2,0.7835908,-0.0030439794,-0.0011559501
1956-04-15 12:00:00,3,0.7619381,0.0015081465,0.002157852
1956-04-15 12:00:00,4,1.2113051,-0.006290704,-0.0013272315
1956-05-16 00:00:00,0,0.51073396,-0.0050754473,-0.0047511905
1956-05-16 00:00:00,1,-0.5559089,0.003360197,-0.0032178462
1956-05-16 00:00:00,2,0.96064603,-0.0013988316,-0.0006762743
1956-05-16 00:00:00,3,0.60092103,-0.0006123036,-0.000106312335
1956-05-16 00:00:00,4,0.31516403,-0.0019404441,-0.0024337769
1956-06-15 12:00:00,0,0.109557614,-0.009616822,-0.002554819
1956-06-15 12:00:00,1,2.3832335,0.0024669021,-0.0016553998
1956-06-15 12:00:00,2,1.1033862,0.0005159676,-0.0006378889
1956-06-15 12:00:00,3,-1.9008746,-0.0040280223,-0.00117369
1956-06-15 12:00:00,4,-0.4843295,0.0022192001,-0.00013700128
1956-07-16 00:00:00,0,-1.2795893,-0.009518348,-0.0020421743
1956-07-16 00:00:00,1,0.91650194,0.0028773397,-0.002231717
1956-07-16 00:00:00,2,0.5427097,-0.0009175092,-0.0009061694
1956-07-16 00:00:00,3,1.9891152,-0.0035566688,-0.0011231378
1956-07-16 00:00:00,4,-0.8363368,0.00040100515,-0.0005056858
1956-08-16 00:00:00,0,0.101235285,-0.009573527,-0.0020448565
1956-08-16 00:00:00,1,0.1455726,0.002306372,-0.0016839951
1956-08-16 00:00:00,2,-1.2217951,0.0004489869,-0.0006242767
1956-08-16 00:00:00,3,-0.6656574,-0.004065655,-0.0011108592
1956-08-16 00:00:00,4,-1.2267002,0.0018745661,-5.875528e-05
1956-09-15 12:00:00,0,0.3037007,-0.008770436,-0.0032023937
1956-09-15 12:00:00,1,0.11098559,0.001827538,-0.001801163
1956-09-15 12:00:00,2,1.7767067,0.000603497,-0.00021266937
1956-09-15 12:00:00,3,-2.099873,-0.0038903207,-0.00053460896
1956-09-15 12:00:00,4,-0.037936945,0.0011268407,-0.00017249584
1956-10-16 00:00:00,0,0.04368612,-7.6942146e-05,-0.0043626726
1956-10-16 00:00:00,1,0.18604134,0.0014435947,-0.0013249516
1956-10-16 00:00:00,2,-0.049876623,-0.005672902,0.0022020712
1956-10-16 00:00:00,3,-1.9417313,0.00091608614,0.0042215735
1956-10-16 00:00:00,4,-1.0147815,-0.008423865,0.00011585653
1956-11-15 12:00:00,0,-1.2161232,-0.0093550235,-0.0025372952
1956-11-15 12:00:00,1,-0.032757863,0.0021702498,-0.0016912818
1956-11-15 12:00:00,2,0.060936086,0.00031802058,-0.00037469715
1956-11-15 12:00:00,3,-1.1708978,-0.003957562,-0.0008138418
1956-11-15 12:00:00,4,-0.1123975,0.0013831854,4.5403838e-05
1956-12-16 00:00:00,0,-0.53949696,-0.006420359,-0.002631247
1956-12-16 00:00:00,1,-1.1448866,0.0015675873,-0.00025343895
1956-12-16 00:00:00,2,0.27221018,-0.0012506098,-0.0010204688
1956-12-16 00:00:00,3,-0.9940314,-0.0024152473,0.0018122271
1956-12-16 00:00:00,4,-0.2815358,-0.0016745776,0.00058957934
1957-01-16 00:00:00,0,-0.7878556,0.004468173,-0.0024088472
1957-01-16 00:00:00,1,-1.4324365,0.0009585023,-0.0012633502
1957-01-16 00:00:00,2,-1.7095368,-0.0043963194,-0.0025653169
1957-01-16 00:00:00,3,-0.49587828,0.0029109567,0.0043939054
1957-01-16 00:00:00,4,-1.2842431,-0.009351999,-0.0010236949
1957-02-14 12:00:00,0,1.4485638,0.0031177849,-0.00408493
1957-02-14 12:00:00,1,-0.90221137,0.0012109876,-0.00014075637
1957-02-14 12:00:00,2,-0.7226669,-0.007013023,-0.0004124418
1957-02-14 12:00:00,3,1.2618954,0.0020821244,0.0055040494
1957-02-14 12:00:00,4,0.9594452,-0.010590419,0.0011445284
1957-03-16 00:00:00,0,-0.12520795,0.0016044676,-0.004260525
1957-03-16 00:00:00,1,-1.8988854,0.0021383613,-0.0009342283
1957-03-16 00:00:00,2,0.56983024,-0.006492868,-0.0008388385
1957-03-16 00:00:00,3,-0.5321896,0.003921792,0.0058137774
1957-03-16 00:00:00,4,0.80316937,-0.011031836,-0.0010167062
1957-04-15 12:00:00,0,-0.118147135,-0.0033386499,-0.0026542544
1957-04-15 12:00:00,1,1.1706177,0.00243783,-0.0018591285
1957-04-15 12:00:00,2,1.1314075,-0.0029055327,-0.0023312941
1957-04-15 12:00:00,3,-1.4421597,-0.00025250763,0.0013991222
1957-04-15 12:00:00,4,-0.54493845,-0.005447343,-0.00026510656
1957-05-16 00:00:00,0,0.58618325,0.00037057698,-0.006925389
1957-05-16 00:00:00,1,1.0640175,0.002658233,-0.0019560605
1957-05-16 00:00:00,2,-0.58076835,-0.0048783273,-0.0013603717
1957-05-16 00:00:00,3,-0.38185242,0.0029037371,0.0036906898
1957-05-16 00:00:00,4,-0.27600473,-0.010236025,0.00069990754
1957-06-15 12:00:00,0,-0.4268372,-0.009534076,-0.002724871
1957-06-15 12:00:00,1,1.8665498,0.0021726787,-0.0020007938
1957-06-15 12:00:00,2,1.5347664,0.0006849915,-0.00043801218
1957-06-15 12:00:00,3,-1.1107054,-0.003932856,-0.0010844991
1957-06-15 12:00:00,4,0.32378894,0.0013810098,-2.0995736e-05
1957-07-16 00:00:00,0,-0.27118915,-0.009474225,-0.0024770945
1957-07-16 00:00:00,1,1.7119607,0.0024964958,-0.0016997308
1957-07-16 00:00:00,2,0.8473544,0.0005903095,-0.0007597804
1957-07-16 00:00:00,3,-0.82980597,-0.0038574114,-0.0012374073
1957-07-16 00:00:00,4,-0.09499936,0.001984924,-0.0001014024
1957-08-16 00:00:00,0,-0.32047257,-0.009780951,-0.002357155
1957-08-16 00:00:00,1,-0.55202025,0.0022106916,-0.002031535
1957-08-16 00:00:00,2,-0.47996417,0.00039997697,-0.00024066865
1957-08-16 00:00:00,3,-0.26324186,-0.0042700768,-0.0011619702
1957-08-16 00:00:00,4,-2.7572646,0.0016869456,-0.0001900047
1957-09-15 12:00:00,0,0.45983666,-0.005597323,-0.0018371344
1957-09-15 12:00:00,1,-0.09202586,0.0015725046,-0.002046913
1957-09-15 12:00:00,2,0.4893834,0.0003414452,-0.0023563206
1957-09-15 12:00:00,3,0.40054345,-0.0004633069,0.00092205405
1957-09-15 12:00:00,4,0.010800785,-0.0038141012,-0.00090651214
1957-10-16 00:00:00,0,-0.23649493,0.0017429292,-0.00531742
1957-10-16 00:00:00,1,0.2788573,0.0036512017,-0.0003978759
1957-10-16 00:00:00,2,-1.1081883,-0.0029454082,-0.006738223
1957-10-16 00:00:00,3,-0.43926135,0.0043228045,0.0025182217
1957-10-16 00:00:00,4,0.47925103,-0.006066531,-0.0014516562
1957-11-15 12:00:00,0,1.8677843,-0.004212141,-0.0054961294
1957-11-15 12:00:00,1,0.68712336,0.0006991476,-0.0012070537
1957-11-15 12:00:00,2,-2.2004585,-0.0006443262,0.00067991763
1957-11-15 12:00:00,3,-0.31641605,-0.0005192235,0.0030135885
1957-11-15 12:00:00,4,0.20284784,-0.00551787,0.0011476129
1957-12-16 00:00:00,0,2.0782826,0.0038027614,-0.0016070008
1957-12-16 00:00:00,1,-0.0027769955,0.00033283234,-0.0017025024
1957-12-16 00:00:00,2,1.3172857,-0.006705746,0.00057311356
1957-12-16 00:00:00,3,-0.3731994,0.0028845444,0.0057669207
1957-12-16 00:00:00,4,0.3177346,-0.013418816,1.938641e-05
1958-01-16 00:00:00,0,0.13988589,0.0046751946,-0.0032281727
1958-01-16 00:00:00,1,1.1441752,0.0011369437,0.0011608452
1958-01-16 00:00:00,2,0.9945013,-0.005984023,-0.002007015
1958-01-16 00:00:00,3,2.4267447,0.0050464794,0.007818304
1958-01-16 00:00:00,4,0.2658778,-0.011724502,-0.0008453578
1958-02-14 12:00:00,0,-0.6949128,0.019100323,-0.0081314
1958-02-14 12:00:00,1,-0.18830228,7.531047e-05,0.0028638989
1958-02-14 12:00:00,2,-2.7420714,-0.008696243,-0.00590425
1958-02-14 12:00:00,3,-0.9434593,0.0123794,0.01291208
1958-02-14 12:00:00,4,0.121982224,-0.014417507,-0.0032542497
1958-03-16 00:00:00,0,-1.430625,0.014161095,-0.005309522
1958-03-16 00:00:00,1,-0.7299208,0.0014942139,0.0003374368
1958-03-16 00:00:00,2,-0.15186784,-0.009523645,-0.0033422932
1958-03-16 00:00:00,3,-0.6430149,0.008706309,0.008619443
1958-03-16 00:00:00,4,1.3426878,-0.013476849,-0.0016061664
1958-04-15 12:00:00,0,-0.025782306,0.007918268,-0.0034773648
1958-04-15 12:00:00,1,1.2865163,0.0029019266,-0.000895828
1958-04-15 12:00:00,2,-0.18821259,-0.0051959157,-0.0043392926
1958-04-15 12:00:00,3,-0.27957565,0.006818615,0.0045378953
1958-04-15 12:00:00,4,-0.4609248,-0.0100813955,-0.002209127
1958-05-16 00:00:00,0,-0.5852591,-0.0046764985,-0.0043435693
1958-05-16 00:00:00,1,-1.5823784,0.0022038072,-0.0006161332
1958-05-16 00:00:00,2,-0.718697,-0.0019289106,-0.00267414
1958-05-16 00:00:00,3,-2.5777078,-0.0010854676,0.0022121891
1958-05-16 00:00:00,4,-0.5275188,-0.002440527,-0.0011999011
1958-06-15 12:00:00,0,-1.1099999,-0.009176679,-0.0034036487
1958-06-15 12:00:00,1,0.33350402,0.0021581799,-0.0016558021
1958-06-15 12:00:00,2,1.0943338,0.0016456693,-0.0029648691
1958-06-15 12:00:00,3,-0.20456746,-0.0024883747,-9.597093e-05
1958-06-15 12:00:00,4,0.09536028,2.554059e-05,-0.0005069077
1958-07-16 00:00:00,0,0.38714793,-0.008665003,-0.0014545918
1958-07-16 00:00:00,1,-1.5945138,0.002818793,-0.0019863248
1958-07-16 00:00:00,2,0.45409232,-0.00040118396,-0.0020446777
1958-07-16 00:00:00,3,1.0553663,-0.0034491047,-0.001291804
1958-07-16 00:00:00,4,-1.3831302,0.00068213046,-0.00043204427
1958-08-16 00:00:00,0,-0.39858684,-0.0101835355,-0.0021097213
1958-08-16 00:00:00,1,-1.025932,0.0023314208,-0.0029244572
1958-08-16 00:00:00,2,-0.72017384,0.00013193488,-0.0010037944
1958-08-16 00:00:00,3,-1.8379631,-0.004590705,-0.0020195916
1958-08-16 00:00:00,4,0.48727238,0.00014562905,0.00035235286
1958-09-15 12:00:00,0,-0.9522637,-0.008077979,-0.002145201
1958-09-15 12:00:00,1,0.24217974,0.001621753,-0.0015916675
1958-09-15 12:00:00,2,-1.6579897,-0.00037159026,-0.00064106286
1958-09-15 12:00:00,3,-1.1177992,-0.004474707,-0.00047113746
1958-09-15 12:00:00,4,-2.0610285,0.0003542602,0.0005521029
1958-10-16 00:00:00,0,-0.21487051,-0.00987985,-0.0022919923
1958-10-16 00:00:00,1,0.06452342,0.002563551,-0.0017921925
1958-10-16 00:00:00,2,1.1970941,0.00014929473,-0.00078208745
1958-10-16 00:00:00,3,0.53199387,-0.004301429,-0.0015279576
1958-10-16 00:00:00,4,-0.7951402,0.0020025969,0.00032761693
1958-11-15 12:00:00,0,-1.5248078,-0.006865911,-0.002494678
1958-11-15 12:00:00,1,0.08344288,0.0020400882,-0.0016115457
1958-11-15 12:00:00,2,0.83282596,-0.0012692064,-0.0009707436
1958-11-15 12:00:00,3,0.9632107,-0.0027847588,1.4021993e-05
1958-11-15 12:00:00,4,-0.54341686,-0.0020282716,0.0010143816
1958-12-16 00:00:00,0,-0.41463408,-0.0035053417,-0.002283901
1958-12-16 00:00:00,1,-0.317846,0.0015167147,-0.0005784184
1958-12-16 00:00:00,2,0.3950969,-0.0017357022,-6.0647726e-05
1958-12-16 00:00:00,3,-0.63531405,-0.0009437129,0.0020170957
1958-12-16 00:00:00,4,-1.5101386,-0.0037677586,0.00036270916
1959-01-16 00:00:00,0,-1.2514999,0.010137409,-0.0020409375
1959-01-16 00:00:00,1,-0.63838226,0.00214307,9.562075e-05
1959-01-16 00:00:00,2,0.22863428,-0.00717327,-0.0029381067
1959-01-16 00:00:00,3,0.72151345,0.00890936,0.006812945
1959-01-16 00:00:00,4,1.274206,-0.014563233,-0.0014407486
1959-02-14 12:00:00,0,0.6244113,0.013083935,-0.005272597
1959-02-14 12:00:00,1,-0.6609374,0.0013165772,0.0017824769
1959-02-14 12:00:00,2,-0.80572367,-0.008266538,-0.0049235523
1959-02-14 12:00:00,3,0.57989544,0.00873661,0.009446591
1959-02-14 12:00:00,4,0.8735213,-0.01336883,-0.001488626
1959-03-16 00:00:00,0,0.7677507,-0.0054932833,-0.0041710436
1959-03-16 00:00:00,1,0.7748884,0.0012374818,-0.00039720535
1959-03-16 00:00:00,2,-0.30350387,-0.0018582195,-0.0003226474
1959-03-16 00:00:00,3,-0.59877276,-0.0017800927,0.0026918575
1959-03-16 00:00:00,4,0.9318155,-0.0038638562,0.0010644794
1959-04-15 12:00:00,0,-0.6302589,-0.007242404,-0.0037204772
1959-04-15 12:00:00,1,0.04256561,0.0024454147,-0.00067159534
1959-04-15 12:00:00,2,1.0894649,-0.0015051067,-0.0024012998
1959-04-15 12:00:00,3,-0.30548343,-0.002422005,0.0010099337
1959-04-15 12:00:00,4,0.88283974,-0.0005865544,-0.00044971704
1959-05-16 00:00:00,0,0.43109578,-0.008131295,-0.0043782443
1959-05-16 00:00:00,1,1.1030428,0.0015131682,-0.0029429495
1959-05-16 00:00:00,2,0.78720045,0.0009959936,-0.00073057413
1959-05-16 00:00:00,3,0.19544144,-0.00275366,0.00022029877
1959-05-16 00:00:00,4,0.27403843,-0.0015472323,-0.0009973347
1959-06-15 12:00:00,0,1.0740978,-0.009439573,-0.0028672367
1959-06-15 12:00:00,1,-1.1878273,0.002443999,-0.001262188
1959-06-15 12:00:00,2,-0.2837364,0.0005722493,-0.0011284649
1959-06-15 12:00:00,3,-1.1408638,-0.0036328882,-0.0004888028
1959-06-15 12:00:00,4,0.42483422,0.0021133125,-0.00052922964
1959-07-16 00:00:00,0,1.3212748,-0.009706542,-0.00239183
1959-07-16 00:00:00,1,-1.1737641,0.0024130195,-0.001959592
1959-07-16 00:00:00,2,-0.24626476,-9.395182e-05,-0.0011833683
1959-07-16 00:00:00,3,-1.0207767,-0.0040492937,-0.0010385513
1959-07-16 00:00:00,4,-0.85498816,0.0011576265,-0.0003465414
1959-08-16 00:00:00,0,-1.1209202,-0.009622775,-0.002461657
1959-08-16 00:00:00,1,0.49117064,0.0019533038,-0.002011329
1959-08-16 00:00:00,2,-0.13228159,0.0015596747,-0.0015745908
1959-08-16 00:00:00,3,0.2656945,-0.0037277788,-0.0012934059
1959-08-16 00:00:00,4,1.1715142,0.0008059889,0.0008172691
1959-09-15 12:00:00,0,-1.5032778,-0.0055505037,-0.0015194416
1959-09-15 12:00:00,1,-0.019149154,0.0024497062,-0.0023412257
1959-09-15 12:00:00,2,-1.1880795,-0.0017389506,-0.000992164
1959-09-15 12:00:00,3,0.8803911,-0.0016723052,-2.2999942e-05
1959-09-15 12:00:00,4,-1.3017546,-0.003501445,2.7030706e-05
1959-10-16 00:00:00,0,-0.57130545,-0.0096991435,-0.002368629
1959-10-16 00:00:00,1,0.49649495,0.0021863878,-0.0017451197
1959-10-16 00:00:00,2,-0.66385067,0.00032159686,-0.00048312545
1959-10-16 00:00:00,3,-0.4313824,-0.004299909,-0.0011102334
1959-10-16 00:00:00,4,-1.3438092,0.0016804934,0.00021238625
1959-11-15 12:00:00,0,0.6610545,-0.009723976,-0.0023663044
1959-11-15 12:00:00,1,-0.8833222,0.0024043769,-0.0016624779
1959-11-15 12:00:00,2,1.1354719,0.00020582974,-0.00041997433
1959-11-15 12:00:00,3,-0.6021285,-0.0042911097,-0.0012304783
1959-11-15 12:00:00,4,0.67812943,0.002087161,0.000137344
1959-12-16 00:00:00,0,-1.0021622,-0.0023427606,-0.002462864
1959-12-16 00:00:00,1,-0.31622455,0.0010184944,-4.7832727e-06
1959-12-16 00:00:00,2,1.2705901,-0.0005399883,-0.002283059
1959-12-16 00:00:00,3,-1.8849974,0.00024321675,0.0027605519
1959-12-16 00:00:00,4,1.1274244,-0.0048533827,0.0005520284
1960-01-16 00:00:00,0,1.0370222,0.009121418,-0.0023747683
1960-01-16 00:00:00,1,0.6708478,0.0015117824,0.0002962798
1960-01-16 00:00:00,2,-0.8793219,-0.0055625886,-0.001701042
1960-01-16 00:00:00,3,0.48555532,0.0069688037,0.0061621964
1960-01-16 00:00:00,4,-1.457149,-0.012491167,0.0005096942
1960-02-15 00:00:00,0,-0.833364,0.010819748,-0.0043189526
1960-02-15 00:00:00,1,0.6889007,0.001600802,-0.000977084
1960-02-15 00:00:00,2,0.9412191,-0.0095630735,-0.00072178245
1960-02-15 00:00:00,3,0.70108163,0.007394582,0.007407315
1960-02-15 00:00:00,4,0.69733673,-0.014935352,-0.0010333806
1960-03-16 00:00:00,0,0.23598564,0.00021413714,-0.0035942048
1960-03-16 00:00:00,1,-0.9851557,0.000735119,-0.0011615455
1960-03-16 00:00:00,2,-0.71648496,-0.007996857,0.001752384
1960-03-16 00:00:00,3,0.9770223,0.00099352,0.006125964
1960-03-16 00:00:00,4,-0.72007734,-0.0123497695,0.00067031384
1960-04-15 12:00:00,0,0.4409175,-0.0029233322,-0.0021202117
1960-04-15 12:00:00,1,0.9360131,0.001874134,-0.0006221384
1960-04-15 12:00:00,2,0.49178654,-0.0028999448,-0.0026530325
1960-04-15 12:00:00,3,-1.6156135,-0.00029727817,0.002253063
1960-04-15 12:00:00,4,-0.28127974,-0.0055080056,0.00075288117
1960-05-16 00:00:00,0,-1.6614236,-0.007098675,-0.004314348
1960-05-16 00:00:00,1,-0.6963146,0.001452446,-0.00061266124
1960-05-16 00:00:00,2,0.1928143,-0.00034478307,-0.0012241453
1960-05-16 00:00:00,3,-0.051189724,-0.0024461746,0.0016490817
1960-05-16 00:00:00,4,0.12170543,-0.001471743,0.00046730042
1960-06-15 12:00:00,0,1.7902349,-0.009511329,-0.0023863465
1960-06-15 12:00:00,1,-0.6176301,0.0022411346,-0.0017851591
1960-06-15 12:00:00,2,-0.14401968,4.2378902e-05,-0.0004714653
1960-06-15 12:00:00,3,1.935041,-0.0040619373,-0.0009838492
1960-06-15 12:00:00,4,1.8847139,0.0013005286,9.459257e-05
1960-07-16 00:00:00,0,-0.6646544,-0.009226531,-0.0020032376
1960-07-16 00:00:00,1,0.72306275,0.0017164946,-0.0028531402
1960-07-16 00:00:00,2,0.13933001,5.811453e-06,-0.0016666949
1960-07-16 00:00:00,3,0.9661981,-0.0035337955,-0.00054521114
1960-07-16 00:00:00,4,2.8275592,-0.0014307499,-0.0005801916
1960-08-16 00:00:00,0,-0.064409755,-0.009719916,-0.0023402274
1960-08-16 00:00:00,1,-0.42883143,0.0024389625,-0.0016424209
1960-08-16 00:00:00,2,1.9547129,0.00023901463,-0.0006612018
1960-08-16 00:00:00,3,-0.9090848,-0.00422924,-0.00123135
1960-08-16 00:00:00,4,-0.0011368515,0.002066195,7.210672e-05
1960-09-15 12:00:00,0,-0.029388532,-0.009113029,-0.0028163046
1960-09-15 12:00:00,1,-0.4203028,0.0023512691,-0.0014585257
1960-09-15 12:00:00,2,-0.65873474,0.00042890012,-0.00036905706
1960-09-15 12:00:00,3,-0.93879366,-0.0038061142,-0.0007907823
1960-09-15 12:00:00,4,-2.1850667,0.0017479509,1.8626451e-06
1960-10-16 00:00:00,0,-0.02118633,-0.0077034757,-0.003528148
1960-10-16 00:00:00,1,2.7452703,0.0019057542,-0.0009443313
1960-10-16 00:00:00,2,0.8748733,-5.0008297e-05,-0.0014091581
1960-10-16 00:00:00,3,-0.34579864,-0.0022627488,0.00091446936
1960-10-16 00:00:00,4,0.65422136,-0.00089770555,5.3197145e-05
1960-11-15 12:00:00,0,0.7509575,0.008063003,-0.005754322
1960-11-15 12:00:00,1,1.7071072,0.0005763471,0.0015478134
1960-11-15 12:00:00,2,0.44829178,-0.006217286,-0.0029815733
1960-11-15 12:00:00,3,0.13533701,0.006820366,0.009149447
1960-11-15 12:00:00,4,-0.4183695,-0.013144404,-0.00047956407
1960-12-16 00:00:00,0,-0.32842034,-0.00040260702,-0.001543209
1960-12-16 00:00:00,1,-1.6096461,0.0009920895,-0.0007762313
1960-12-16 00:00:00,2,-1.1228031,-0.0029578954,-7.7828765e-05
1960-12-16 00:00:00,3,-1.5454394,0.0008085817,0.0035409257
1960-12-16 00:00:00,4,-1.5136689,-0.0072616786,-0.00028897822
1961-01-16 00:00:00,0,-0.6439055,0.00015577674,-0.0027295947
1961-01-16 00:00:00,1,-0.0024174128,0.0006329566,0.00065915287
1961-01-16 00:00:00,2,0.3334337,-0.0022332221,-0.0032105595
1961-01-16 00:00:00,3,-0.8643776,0.001183413,0.004410088
1961-01-16 00:00:00,4,-0.15978709,-0.0070396364,0.00031359494
1961-02-14 12:00:00,0,-0.49531072,-0.00023307651,-0.0022964478
1961-02-14 12:00:00,1,-0.43633983,-5.5521727e-05,8.010864e-05
1961-02-14 12:00:00,2,-1.4869598,-0.0015736371,-0.0018472895
1961-02-14 12:00:00,3,0.9988537,0.001083225,0.0047468096
1961-02-14 12:00:00,4,1.765331,-0.00807853,0.0004401505
1961-03-16 00:00:00,0,-0.17249475,0.0026942194,-0.0034454167
1961-03-16 00:00:00,1,-1.3013796,0.001613453,-0.0012550056
1961-03-16 00:00:00,2,-2.3130658,-0.005842015,-0.0011275858
1961-03-16 00:00:00,3,0.73210764,0.004230544,0.005899057
1961-03-16 00:00:00,4,1.3519194,-0.011934817,-0.0011169165
1961-04-15 12:00:00,0,-1.2523255,-0.00630451,-0.003353089
1961-04-15 12:00:00,1,0.9667963,0.0024983585,-0.0020360202
1961-04-15 12:00:00,2,-1.6787778,-0.0023243278,-0.000113762915
1961-04-15 12:00:00,3,0.26001024,-0.0010079294,0.0013999864
1961-04-15 12:00:00,4,0.23223598,-0.004108414,-0.00053822994
1961-05-16 00:00:00,0,-0.51048803,-0.004751444,-0.0044921488
1961-05-16 00:00:00,1,0.08106499,0.0036109537,-0.0020581633
1961-05-16 00:00:00,2,2.0204983,-0.0018759817,-0.0036710277
1961-05-16 00:00:00,3,-0.34418118,-0.00022820383,0.0004528165
1961-05-16 00:00:00,4,1.4666221,-0.0021570176,-0.0019058436
1961-06-15 12:00:00,0,0.79333633,-0.009031348,-0.002996251
1961-06-15 12:00:00,1,0.24226831,0.002065286,-0.0021373183
1961-06-15 12:00:00,2,0.9757223,0.0012941211,-0.001007989
1961-06-15 12:00:00,3,-0.0898357,-0.0031425953,-0.00078546256
1961-06-15 12:00:00,4,0.8647183,0.000488922,-0.00038437545
1961-07-16 00:00:00,0,0.93671435,-0.009219587,-0.0018788576
1961-07-16 00:00:00,1,0.07908135,0.0017550737,-0.0020581037
1961-07-16 00:00:00,2,0.15316933,0.00025002658,-0.0016606897
1961-07-16 00:00:00,3,0.71601146,-0.0039174035,-0.00087790936
1961-07-16 00:00:00,4,0.17756984,-0.00023971498,0.00046363473
1961-08-16 00:00:00,0,-2.1069412,-0.0096903965,-0.003339693
1961-08-16 00:00:00,1,-1.4492507,0.003961593,-0.0040890574
1961-08-16 00:00:00,2,0.87506825,0.0011584759,-0.0048527047
1961-08-16 00:00:00,3,0.20016637,-0.0016192272,-0.0027650744
1961-08-16 00:00:00,4,-0.09933582,-0.0015076995,-0.0015221983
1961-09-15 12:00:00,0,0.5280798,-0.007173836,-0.0034514219
1961-09-15 12:00:00,1,0.03694687,0.00062553585,-0.0016242862
1961-09-15 12:00:00,2,0.764303,0.0014714599,0.0008799359
1961-09-15 12:00:00,3,0.7773179,-0.002914235,0.0011403561
1961-09-15 12:00:00,4,-0.8961146,-0.001079902,-0.00020818412
1961-10-16 00:00:00,0,-2.0217526,-0.008298919,-0.0022785813
1961-10-16 00:00:00,1,0.5688037,0.0013873428,-0.0022379607
1961-10-16 00:00:00,2,-0.95898294,-0.0005274117,0.00035111606
1961-10-16 00:00:00,3,-0.12402826,-0.003643714,0.00012025982
1961-10-16 00:00:00,4,0.13144858,-0.0013020486,0.00020807981
1961-11-15 12:00:00,0,0.8748226,0.0061251074,-0.001164645
1961-11-15 12:00:00,1,-0.027840622,-7.906556e-05,0.001622662
1961-11-15 12:00:00,2,-1.1030312,-0.005349204,-0.0014383569
1961-11-15 12:00:00,3,0.4553613,0.0035069585,0.008210294
1961-11-15 12:00:00,4,1.1202499,-0.011125758,-0.0008289218
1961-12-16 00:00:00,0,-2.1704254,0.0031011105,-0.0010166466
1961-12-16 00:00:00,1,-0.77871054,0.0008159876,-0.00056904554
1961-12-16 00:00:00,2,1.5617039,-0.0038539916,-0.001183562
1961-12-16 00:00:00,3,-0.57356095,0.0017780811,0.0034893677
1961-12-16 00:00:00,4,-0.8313061,-0.009131283,0.0009877682
1962-01-16 00:00:00,0,-0.42290983,-0.00042769313,-0.0025533289
1962-01-16 00:00:00,1,-0.6493012,0.00096158683,-0.0009100884
1962-01-16 00:00:00,2,0.41631356,-0.003942609,-0.0009783357
1962-01-16 00:00:00,3,0.6699021,-6.47828e-05,0.0035906136
1962-01-16 00:00:00,4,0.13280834,-0.0070983917,-0.00024689734
1962-02-14 12:00:00,0,0.634018,0.016838953,-0.0053183287
1962-02-14 12:00:00,1,-0.7507332,6.955862e-05,-0.0015326738
1962-02-14 12:00:00,2,-1.7155861,-0.010916948,-0.0014064312
1962-02-14 12:00:00,3,1.8940533,0.008529916,0.008875877
1962-02-14 12:00:00,4,1.2418095,-0.0152875185,-0.0017875284
1962-03-16 00:00:00,0,1.0285187,0.0007285476,-0.00322029
1962-03-16 00:00:00,1,-1.8925462,0.002719149,-0.0026911795
1962-03-16 00:00:00,2,1.4854037,-0.0043264925,-0.0032799318
1962-03-16 00:00:00,3,2.853478,0.0027513579,0.00213366
1962-03-16 00:00:00,4,0.3247496,-0.0088811815,-0.00070632994
1962-04-15 12:00:00,0,-0.9936159,-0.008114703,-0.0026262403
1962-04-15 12:00:00,1,0.7082864,0.0019776672,-0.0015369952
1962-04-15 12:00:00,2,0.5237472,-0.0007593632,-0.0005120635
1962-04-15 12:00:00,3,-1.15037,-0.0035338327,-2.503395e-06
1962-04-15 12:00:00,4,-0.41585663,-0.00027248263,0.0002696216
1962-05-16 00:00:00,0,0.33082741,-0.007864416,-0.00434269
1962-05-16 00:00:00,1,2.7223284,0.0024188012,-0.002055049
1962-05-16 00:00:00,2,-0.70075566,0.0029658526,-0.004999332
1962-05-16 00:00:00,3,-1.4230219,-0.0020157173,-0.0009786263
1962-05-16 00:00:00,4,-0.4580003,0.00081957877,-0.0008636713
1962-06-15 12:00:00,0,-1.0958573,-0.008809477,-0.0017481893
1962-06-15 12:00:00,1,-0.037338555,0.0015650392,-0.0014569908
1962-06-15 12:00:00,2,0.3664649,0.0018886179,-0.0010075942
1962-06-15 12:00:00,3,1.4672872,-0.0037063137,-0.00046227872
1962-06-15 12:00:00,4,-0.97596556,0.0011267811,0.00026369095
1962-07-16 00:00:00,0,-1.0490288,-0.009904906,-0.0018207878
1962-07-16 00:00:00,1,-0.7741097,0.002226591,-0.0026021302
1962-07-16 00:00:00,2,-0.58369476,0.0009521246,-0.0013099909
1962-07-16 00:00:00,3,-1.1047928,-0.003821835,-0.0011548474
1962-07-16 00:00:00,4,1.0456573,0.00068059564,-0.00082343817
1962-08-16 00:00:00,0,1.5298977,-0.009642765,-0.0028567612
1962-08-16 00:00:00,1,0.019131267,0.0023041368,-0.0015354455
1962-08-16 00:00:00,2,-0.4188105,0.00061911345,-0.0010030419
1962-08-16 00:00:00,3,-2.2100518,-0.0038282797,-0.0007593632
1962-08-16 00:00:00,4,-0.7331731,0.0017064363,-0.00010943413
1962-09-15 12:00:00,0,0.0902175,-0.00918144,-0.0021570474
1962-09-15 12:00:00,1,-0.36346456,0.0019673407,-0.0019509941
1962-09-15 12:00:00,2,-0.07816522,0.00019796193,-9.292364e-05
1962-09-15 12:00:00,3,0.4486278,-0.0041826367,-0.0008113533
1962-09-15 12:00:00,4,-1.9043349,0.0010817796,-7.843971e-05
1962-10-16 00:00:00,0,-0.72326523,0.008634582,-0.0014298707
1962-10-16 00:00:00,1,-0.8371813,0.00044560432,-0.0002464503
1962-10-16 00:00:00,2,0.938153,-0.011535183,0.0029944927
1962-10-16 00:00:00,3,-0.7982156,0.0067251027,0.009566195
1962-10-16 00:00:00,4,0.744866,-0.019208178,0.00037400424
1962-11-15 12:00:00,0,-0.50741065,-0.0058176965,-0.0038672239
1962-11-15 12:00:00,1,0.7365747,0.001035288,-0.00040577352
1962-11-15 12:00:00,2,-0.2873457,-0.0003530234,-0.0002926141
1962-11-15 12:00:00,3,0.055730972,-0.0017314702,0.0022260547
1962-11-15 12:00:00,4,-1.1843435,-0.0023131222,0.00064848363
1962-12-16 00:00:00,0,0.57267857,0.00050893426,-0.0022725165
1962-12-16 00:00:00,1,1.2100381,0.0011754483,-0.00024856627
1962-12-16 00:00:00,2,0.5230345,-0.0030792803,-0.004367292
1962-12-16 00:00:00,3,0.4211173,0.0023834035,0.004624501
1962-12-16 00:00:00,4,0.69086075,-0.007224247,-0.0018751025
1963-01-16 00:00:00,0,-1.814949,0.010241866,-0.003199488
1963-01-16 00:00:00,1,-1.05731,0.0011637956,-0.0005644411
1963-01-16 00:00:00,2,-0.40673572,-0.0053067356,-0.00075152516
1963-01-16 00:00:00,3,-0.05883295,0.00737115,0.00695429
1963-01-16 00:00:00,4,0.654668,-0.012328669,-0.0024019629
1963-02-14 12:00:00,0,-1.5654562,0.0029498339,-0.0028456748
1963-02-14 12:00:00,1,-0.22278821,0.00214684,-0.0016192198
1963-02-14 12:00:00,2,-0.03630756,-0.0018477589,-0.0022274107
1963-02-14 12:00:00,3,-0.1610238,0.003706269,0.0023678094
1963-02-14 12:00:00,4,-0.41360164,-0.007403761,-0.0013882071
1963-03-16 00:00:00,0,-0.025756083,0.006295085,-0.0045452416
1963-03-16 00:00:00,1,-0.53799546,0.001772806,-0.00052794814
1963-03-16 00:00:00,2,0.18580467,-0.0060576797,-0.0012801513
1963-03-16 00:00:00,3,-1.2316219,0.0065974668,0.0066229627
1963-03-16 00:00:00,4,-0.51799744,-0.013353959,-0.00046150386
1963-04-15 12:00:00,0,-0.8790706,0.0074867457,-0.005766213
1963-04-15 12:00:00,1,-2.0929377,0.0025581717,-0.0003489554
1963-04-15 12:00:00,2,1.2239183,-0.008535504,-0.0030056387
1963-04-15 12:00:00,3,0.64450437,0.006610848,0.0070983693
1963-04-15 12:00:00,4,0.27638507,-0.012408242,-0.0014191717
1963-05-16 00:00:00,0,2.3933864,-0.0063277856,-0.005200714
1963-05-16 00:00:00,1,-0.21578763,0.0023670942,-0.0034820437
1963-05-16 00:00:00,2,0.4618977,-0.0024784505,-0.0005829856
1963-05-16 00:00:00,3,0.5955552,-0.0022448674,0.00091639906
1963-05-16 00:00:00,4,-0.11083032,-0.0040195733,-0.0015391111
1963-06-15 12:00:00,0,-0.6051382,-0.0075400174,-0.0046138167
1963-06-15 12:00:00,1,0.10580514,0.002329886,-0.0018304288
1963-06-15 12:00:00,2,1.1363581,0.000943169,-0.0013301373
1963-06-15 12:00:00,3,1.6133397,-0.002645336,3.6865473e-05
1963-06-15 12:00:00,4,-1.9133525,0.00014719367,-0.0009686947
1963-07-16 00:00:00,0,0.52711207,-0.009757385,-0.0023046583
1963-07-16 00:00:00,1,1.9087138,0.002539441,-0.0016626716
1963-07-16 00:00:00,2,0.71513736,0.00033256412,-0.00061917305
1963-07-16 00:00:00,3,-0.29295444,-0.0041148514,-0.0013647676
1963-07-16 00:00:00,4,0.9284478,0.002152279,0.00013270974
1963-08-16 00:00:00,0,0.47398508,-0.009815939,-0.001584217
1963-08-16 00:00:00,1,0.053979438,0.0021113306,-0.0022050142
1963-08-16 00:00:00,2,-0.045476723,0.00039233267,-0.0011825114
1963-08-16 00:00:00,3,1.1021112,-0.004053302,-0.0010937229
1963-08-16 00:00:00,4,1.6922019,0.0007825792,-0.00026986003
1963-09-15 12:00:00,0,-0.2989202,-0.008840837,-0.0032616556
1963-09-15 12:00:00,1,2.2188,0.0027920157,-0.0023221672
1963-09-15 12:00:00,2,-0.7582078,-0.0012302846,-0.0012657195
1963-09-15 12:00:00,3,-0.9509221,-0.003935948,-0.0013038889
1963-09-15 12:00:00,4,0.4826371,0.00033441186,-0.0002437532
1963-10-16 00:00:00,0,-1.3283217,-0.003122896,-0.00067967176
1963-10-16 00:00:00,1,-0.9863445,0.0013802648,-0.0023875982
1963-10-16 00:00:00,2,0.8528641,-0.00240992,-0.0036317632
1963-10-16 00:00:00,3,0.7449591,-0.0010706335,0.0018188283
1963-10-16 00:00:00,4,-1.2006568,-0.0047025383,-0.0026462227
1963-11-15 12:00:00,0,-0.6848988,0.008516625,-0.0042678863
1963-11-15 12:00:00,1,1.3983327,0.0012252182,0.00094638765
1963-11-15 12:00:00,2,-0.86873364,-0.008981049,-0.0022158548
1963-11-15 12:00:00,3,1.1667335,0.0070999935,0.008921474
1963-11-15 12:00:00,4,1.5145634,-0.015189417,-0.0002824217
1963-12-16 00:00:00,0,0.17713553,-0.008160435,-0.0027701408
1963-12-16 00:00:00,1,1.0550026,0.0019166023,-0.0017813146
1963-12-16 00:00:00,2,1.304919,-0.0006854534,-0.00035695732
1963-12-16 00:00:00,3,1.4402589,-0.0037551299,-0.0003816411
1963-12-16 00:00:00,4,-1.6891788,-2.5004148e-05,0.00043271482
1964-01-16 00:00:00,0,0.24818596,0.0036890209,-0.0037263036
1964-01-16 00:00:00,1,-1.8166485,0.00035193563,0.00074115396
1964-01-16 00:00:00,2,-0.51901674,-0.005321771,-0.0017651021
1964-01-16 00:00:00,3,0.60671616,0.004404299,0.008067004
1964-01-16 00:00:00,4,-0.37354118,-0.012240216,-8.144975e-05
1964-02-15 00:00:00,0,0.24279383,-0.0083434805,-0.0031497478
1964-02-15 00:00:00,1,-0.13910395,0.0015604347,-0.0016341656
1964-02-15 00:00:00,2,-2.0903552,-0.00022608042,0.00022726506
1964-02-15 00:00:00,3,1.2253754,-0.0038009882,0.00028910488
1964-02-15 00:00:00,4,0.92623365,0.00021196902,-0.00015182793
1964-03-16 00:00:00,0,0.7841618,0.0008521378,-0.0024151057
1964-03-16 00:00:00,1,-0.049530916,0.0027129203,-0.0011644214
1964-03-16 00:00:00,2,-0.9514371,-0.0034355372,-0.0033228993
1964-03-16 00:00:00,3,2.5959394,0.0024763122,0.0022903383
1964-03-16 00:00:00,4,-0.101184584,-0.007103756,-0.00038182735
1964-04-15 12:00:00,0,-0.6152836,-0.0074683577,-0.0031242967
1964-04-15 12:00:00,1,-0.3023675,0.0017949492,-0.0026490092
1964-04-15 12:00:00,2,-1.1106396,-0.0003502965,-0.0007638931
1964-04-15 12:00:00,3,-0.35170668,-0.0028443262,-6.534904e-05
1964-04-15 12:00:00,4,0.37489098,-0.0016871989,-0.0005311072
1964-05-16 00:00:00,0,0.2469159,-0.0060217083,-0.0049690604
1964-05-16 00:00:00,1,-1.2677724,0.0013932139,-0.0014423579
1964-05-16 00:00:00,2,0.3191562,3.3795834e-05,-0.0007709563
1964-05-16 00:00:00,3,0.775753,-0.0019580051,0.0011157542
1964-05-16 00:00:00,4,-0.9625325,-0.0026663244,0.0012006909
1964-06-15 12:00:00,0,0.060329333,-0.0054968074,-0.003942132
1964-06-15 12:00:00,1,0.9307483,0.0014110208,-0.0008825809
1964-06-15 12:00:00,2,-0.26268828,0.00034861267,-0.0012343824
1964-06-15 12:00:00,3,-0.38917935,-0.0016463175,0.0012812912
1964-06-15 12:00:00,4,-2.815735,-0.0013886988,-0.00017419457
1964-07-16 00:00:00,0,-0.12552491,-0.009517834,-0.002297148
1964-07-16 00:00:00,1,0.6008887,0.0023014396,-0.0017555058
1964-07-16 00:00:00,2,0.6216899,0.00023983419,-0.00073219836
1964-07-16 00:00:00,3,-0.96770424,-0.0041660517,-0.0011926591
1964-07-16 00:00:00,4,-0.71555454,0.0015448332,0.00016745925
1964-08-16 00:00:00,0,-0.06918725,-0.008946694,-0.002249539
1964-08-16 00:00:00,1,-0.07317538,0.0013012141,-0.0017374754
1964-08-16 00:00:00,2,1.3226327,0.00045917928,-0.0009661615
1964-08-16 00:00:00,3,-0.12787947,-0.0042181164,-0.00014766306
1964-08-16 00:00:00,4,-0.0847841,0.000445202,-4.044175e-05
1964-09-15 12:00:00,0,-0.8221906,-0.009745017,-0.0026880652
1964-09-15 12:00:00,1,-1.2880337,0.0024289787,-0.0017555356
1964-09-15 12:00:00,2,0.67386556,0.00034335256,-0.0004773885
1964-09-15 12:00:00,3,1.3814104,-0.0041451976,-0.001069665
1964-09-15 12:00:00,4,-0.70549273,0.0020050853,-0.00022754073
1964-10-16 00:00:00,0,-1.6508641,-0.0020160228,-0.0025480092
1964-10-16 00:00:00,1,0.18126291,0.0008302629,0.000378713
1964-10-16 00:00:00,2,0.42594218,-7.365644e-05,-0.002199769
1964-10-16 00:00:00,3,2.1422334,-0.0003001541,0.0024006963
1964-10-16 00:00:00,4,0.36724573,-0.0035050511,0.000999555
1964-11-15 12:00:00,0,0.70921516,0.0070354044,-0.003440544
1964-11-15 12:00:00,1,-0.45668516,0.0014363825,-0.00072686374
1964-11-15 12:00:00,2,-1.1806198,-0.008843109,-0.00010432303
1964-11-15 12:00:00,3,-0.061460927,0.005946845,0.007604368
1964-11-15 12:00:00,4,-0.36113212,-0.014207929,-0.0018032193
1964-12-16 00:00:00,0,0.059825752,0.0195266,-0.0047535
1964-12-16 00:00:00,1,0.612069,-0.0039741695,0.004056886
1964-12-16 00:00:00,2,-0.7883125,-0.015586913,0.00011420995
1964-12-16 00:00:00,3,-0.92376554,0.012010753,0.02172485
1964-12-16 00:00:00,4,-0.8908211,-0.02358976,-0.0031617582
1965-01-16 00:00:00,0,-0.49650985,0.007099673,-0.003096357
1965-01-16 00:00:00,1,0.41564137,-0.0006427467,-0.0015668869
1965-01-16 00:00:00,2,2.5894032,-0.009232521,0.0015839338
1965-01-16 00:00:00,3,-1.4200712,0.005148411,0.008812733
1965-01-16 00:00:00,4,0.40673873,-0.018011637,0.0003169626
1965-02-14 12:00:00,0,-0.016339738,-0.004396975,-0.00158301
1965-02-14 12:00:00,1,-0.021046788,0.0014506578,-0.00078196824
1965-02-14 12:00:00,2,-0.9372968,-0.0008227974,-0.000517115
1965-02-14 12:00:00,3,-2.20307,-0.0014981776,0.0012723431
1965-02-14 12:00:00,4,-0.9888941,-0.0020055324,5.453825e-06
1965-03-16 00:00:00,0,0.8527713,-0.0010869205,-0.0035539418
1965-03-16 00:00:00,1,-1.3043768,0.0029750913,-0.00052061677
1965-03-16 00:00:00,2,-0.4598983,0.00078071654,-0.0068480447
1965-03-16 00:00:00,3,0.030321581,0.0018379465,-0.00010640174
1965-03-16 00:00:00,4,-0.7087613,-0.0029154867,0.0006851107
1965-04-15 12:00:00,0,-0.5767025,0.0054057986,-0.0030533671
1965-04-15 12:00:00,1,-1.2608067,0.0030399412,-0.00058183074
1965-04-15 12:00:00,2,0.39925063,-0.004224822,-0.0043029115
1965-04-15 12:00:00,3,-0.12448661,0.0072461963,0.004244268
1965-04-15 12:00:00,4,0.36584812,-0.011087164,-0.00093631446
1965-05-16 00:00:00,0,1.4914135,-0.008996889,-0.0047501177
1965-05-16 00:00:00,1,-1.5708468,0.0022555739,-0.0019533932
1965-05-16 00:00:00,2,0.68655,0.00076286495,-0.0009602457
1965-05-16 00:00:00,3,0.04905341,-0.003571242,-0.00055930763
1965-05-16 00:00:00,4,-0.6606294,0.00094236434,-0.00023923814
1965-06-15 12:00:00,0,1.1056718,-0.009552442,-0.0030929595
1965-06-15 12:00:00,1,0.5405096,0.002458781,-0.0038439482
1965-06-15 12:00:00,2,-2.2622545,0.0021090657,-0.0021772832
1965-06-15 12:00:00,3,-0.7173744,-0.0028889924,-0.0016386062
1965-06-15 12:00:00,4,-0.12765984,-1.4215708e-05,-0.0019510537
1965-07-16 00:00:00,0,-2.4600818,-0.009534128,-0.002085358
1965-07-16 00:00:00,1,-2.1618116,0.0025400817,-0.003216818
1965-07-16 00:00:00,2,1.5175359,-0.00035579503,-0.00069176406
1965-07-16 00:00:00,3,0.6970101,-0.0038420632,-0.0017095432
1965-07-16 00:00:00,4,0.09155991,-0.0006829202,-0.00030697882
1965-08-16 00:00:00,0,1.2137295,-0.008951589,-0.0025503337
1965-08-16 00:00:00,1,0.23396403,0.0015970767,-0.0026204735
1965-08-16 00:00:00,2,1.5510291,0.00017781556,-0.0023193657
1965-08-16 00:00:00,3,0.5238912,-0.0034610853,-0.00036248565
1965-08-16 00:00:00,4,-0.048722222,-0.0023114234,0.00027684867
1965-09-15 12:00:00,0,0.46674368,-0.009581529,-0.0031059831
1965-09-15 12:00:00,1,-0.40448102,0.002052486,-0.0019152611
1965-09-15 12:00:00,2,1.4849701,0.0005797595,-0.00088591874
1965-09-15 12:00:00,3,0.9756892,-0.0041039363,-0.0008472428
1965-09-15 12:00:00,4,-0.6480375,0.00082594156,0.00036543608
1965-10-16 00:00:00,0,-1.3439435,-0.008995689,-0.0027815998
1965-10-16 00:00:00,1,0.34916902,0.0021431,-0.001269266
1965-10-16 00:00:00,2,-0.91981506,5.9098005e-05,-0.00044074655
1965-10-16 00:00:00,3,0.36177796,-0.0039899796,-0.0005367771
1965-10-16 00:00:00,4,-0.61095595,0.0016370714,0.00021414459
1965-11-15 12:00:00,0,0.65845263,0.0132151395,-0.0049886107
1965-11-15 12:00:00,1,-1.0500975,0.0007196069,-0.0022503436
1965-11-15 12:00:00,2,1.8093252,-0.008366048,-0.0003407672
1965-11-15 12:00:00,3,-0.9195193,0.0084300265,0.007598765
1965-11-15 12:00:00,4,0.9245384,-0.015448704,-0.0022782236
1965-12-16 00:00:00,0,-1.5896825,0.006841913,-0.0037890375
1965-12-16 00:00:00,1,-0.6276252,0.0014280379,6.5758824e-05
1965-12-16 00:00:00,2,1.2773157,-0.0039073676,-0.0024339184
1965-12-16 00:00:00,3,-1.3093687,0.005864471,0.0057888255
1965-12-16 00:00:00,4,0.5944646,-0.0102407485,-0.00062690675
1966-01-16 00:00:00,0,1.0648347,-0.0013266951,-0.002365917
1966-01-16 00:00:00,1,-0.07840689,0.0010171086,-0.00029306114
1966-01-16 00:00:00,2,-0.5739585,-0.0027135462,-0.0042059347
1966-01-16 00:00:00,3,0.18857767,0.0013110191,0.004289709
1966-01-16 00:00:00,4,-1.1304846,-0.0084552765,-1.9669533e-06
1966-02-14 12:00:00,0,-0.83514327,0.0004920736,-0.0024965554
1966-02-14 12:00:00,1,1.6470321,0.0008780211,-0.00044572353
1966-02-14 12:00:00,2,0.32852608,-0.0029788017,-0.0029754788
1966-02-14 12:00:00,3,2.0617568,0.00095303357,0.004450731
1966-02-14 12:00:00,4,-0.5977887,-0.0067572594,-0.0015387535
1966-03-16 00:00:00,0,-0.08985525,-0.0054295957,-0.003799051
1966-03-16 00:00:00,1,0.17453533,0.0012344718,-0.0010162741
1966-03-16 00:00:00,2,-1.9132144,-0.0015896112,8.112937e-05
1966-03-16 00:00:00,3,-2.0359437,-0.0018423721,0.002475135
1966-03-16 00:00:00,4,0.78432953,-0.003226906,-0.00040555
1966-04-15 12:00:00,0,-0.61022145,-0.006902501,-0.0040536076
1966-04-15 12:00:00,1,-1.3042074,0.0016764402,-0.0005340725
1966-04-15 12:00:00,2,-0.6598415,-0.00057433546,6.696582e-05
1966-04-15 12:00:00,3,-1.3876563,-0.0023557916,0.0014741942
1966-04-15 12:00:00,4,0.7965878,-0.0008585453,0.0006046891
1966-05-16 00:00:00,0,0.10818233,-0.007894628,-0.0023451447
1966-05-16 00:00:00,1,-0.45341206,0.002140984,-0.0017862171
1966-05-16 00:00:00,2,-0.6763853,-0.0005570799,-0.0012355819
1966-05-16 00:00:00,3,0.52244467,-0.0035853237,-0.00031766295
1966-05-16 00:00:00,4,-0.28227282,0.00036010146,-0.0005251616
1966-06-15 12:00:00,0,-0.784989,-0.00879696,-0.0030350238
1966-06-15 12:00:00,1,0.6384096,0.0022500455,-0.0015194565
1966-06-15 12:00:00,2,0.06932762,-0.00018468499,-0.0003632456
1966-06-15 12:00:00,3,-0.9198653,-0.0037851855,-0.000525482
1966-06-15 12:00:00,4,1.3342249,0.0011279881,1.0728836e-05
1966-07-16 00:00:00,0,-0.18699561,-0.009176031,-0.0022319704
1966-07-16 00:00:00,1,0.1419407,0.0021137446,-0.0020507276
1966-07-16 00:00:00,2,-0.10727862,0.0003875345,5.7145953e-05
1966-07-16 00:00:00,3,0.07304446,-0.004013099,-0.0008904189
1966-07-16 00:00:00,4,-0.6688193,0.0014700592,-0.00044330955
1966-08-16 00:00:00,0,1.1911733,-0.009766661,-0.0022326708
1966-08-16 00:00:00,1,-0.065049924,0.0024114847,-0.0019869655
1966-08-16 00:00:00,2,1.0983894,-0.0001810193,-0.0008716062
1966-08-16 00:00:00,3,-0.99580044,-0.004217081,-0.0012093112
1966-08-16 00:00:00,4,1.4715713,0.0011681616,2.6464462e-05
1966-09-15 12:00:00,0,-0.6094434,-0.008493945,-0.00317657
1966-09-15 12:00:00,1,0.68436563,0.0020573586,-0.0008633137
1966-09-15 12:00:00,2,-0.26897866,0.00045834482,-0.001461111
1966-09-15 12:00:00,3,0.28399023,-0.002913855,0.00017429888
1966-09-15 12:00:00,4,0.6537679,0.00071567297,0.000102221966
1966-10-16 00:00:00,0,-0.37870973,-0.009726748,-0.0023973435
1966-10-16 00:00:00,1,-0.5019156,0.0023242831,-0.0017009377
1966-10-16 00:00:00,2,-0.83332556,0.0003245473,-0.0003623441
1966-10-16 00:00:00,3,0.31765354,-0.00430087,-0.0011599734
1966-10-16 00:00:00,4,0.29533297,0.002066359,5.2541494e-05
1966-11-15 12:00:00,0,-0.16303097,0.008438766,-0.003683865
1966-11-15 12:00:00,1,0.085911855,-0.0001348108,0.0016348809
1966-11-15 12:00:00,2,-0.4738265,-0.009013176,-0.0012166277
1966-11-15 12:00:00,3,1.0026312,0.005625896,0.010383487
1966-11-15 12:00:00,4,0.07417565,-0.015585139,0.0002515167
1966-12-16 00:00:00,0,0.033396274,0.006684944,-0.0053787977
1966-12-16 00:00:00,1,-0.20743872,0.002307728,-0.0030194223
1966-12-16 00:00:00,2,0.7640172,-0.0079391,-0.00060230494
1966-12-16 00:00:00,3,-0.52243197,0.0041065887,0.003811054
1966-12-16 00:00:00,4,-1.233166,-0.011729524,-0.0011959374
1967-01-16 00:00:00,0,-0.029341355,0.015290111,-0.003578484
1967-01-16 00:00:00,1,0.59850097,-0.0017521679,0.0003235191
1967-01-16 00:00:00,2,0.9995503,-0.01054208,0.0010912046
1967-01-16 00:00:00,3,0.38756666,0.010089368,0.014257602
1967-01-16 00:00:00,4,0.021867506,-0.01930558,-0.0039097816
1967-02-14 12:00:00,0,-1.1904153,-0.007859804,-0.0024661124
1967-02-14 12:00:00,1,-0.7612403,0.0016333014,-0.0012324154
1967-02-14 12:00:00,2,1.3304183,-0.00095008314,-0.00035201758
1967-02-14 12:00:00,3,-0.826604,-0.0036479607,0.0006533116
1967-02-14 12:00:00,4,1.3638932,-0.00034095347,3.553927e-05
1967-03-16 00:00:00,0,-0.7176169,0.009907827,-0.0038184524
1967-03-16 00:00:00,1,1.0789421,0.0013552308,-0.0016501248
1967-03-16 00:00:00,2,-0.6580119,-0.009920776,0.0011717752
1967-03-16 00:00:00,3,0.53606045,0.0078028515,0.008768044
1967-03-16 00:00:00,4,0.85737646,-0.016171843,-0.0029194355
1967-04-15 12:00:00,0,1.2262219,0.008604869,-0.004688099
1967-04-15 12:00:00,1,-0.19835393,0.002299562,-0.0009292811
1967-04-15 12:00:00,2,0.09284214,-0.006332591,-0.0057108253
1967-04-15 12:00:00,3,-0.11341399,0.008355461,0.0068762526
1967-04-15 12:00:00,4,-1.1669521,-0.012221396,-0.0031442642
1967-05-16 00:00:00,0,-0.8236511,-0.009048171,-0.0038284361
1967-05-16 00:00:00,1,0.4677623,0.0020728856,-0.0028273165
1967-05-16 00:00:00,2,-1.093115,0.00036127865,-0.0014761835
1967-05-16 00:00:00,3,0.2765157,-0.0032469332,-0.0004318431
1967-05-16 00:00:00,4,0.32497212,-0.0005956292,-0.00078448653
1967-06-15 12:00:00,0,-0.8163031,-0.0070380047,-0.004999995
1967-06-15 12:00:00,1,-1.7668166,0.0024785548,-0.0020057857
1967-06-15 12:00:00,2,-0.12286058,0.0014963895,-0.0044444725
1967-06-15 12:00:00,3,-0.034731153,-0.0012996867,0.00024477392
1967-06-15 12:00:00,4,-0.30726743,-0.00017048419,-0.002298504
1967-07-16 00:00:00,0,1.4123708,-0.010438658,-0.002457872
1967-07-16 00:00:00,1,-0.93614274,0.003025636,-0.00253582
1967-07-16 00:00:00,2,0.49868435,-0.00039613247,-0.0018137097
1967-07-16 00:00:00,3,-0.3851316,-0.004410051,-0.002054967
1967-07-16 00:00:00,4,0.100041024,0.0012791008,-0.0003504753
1967-08-16 00:00:00,0,-0.16373235,-0.009445421,-0.0012799948
1967-08-16 00:00:00,1,1.3667157,0.0023031682,-0.0018304437
1967-08-16 00:00:00,2,0.55944216,-0.0001553595,-0.0014375299
1967-08-16 00:00:00,3,-0.8362885,-0.003891088,-0.0006899312
1967-08-16 00:00:00,4,-0.26252753,0.0008520335,-0.0005912483
1967-09-15 12:00:00,0,1.9499786,-0.008766629,-0.002902761
1967-09-15 12:00:00,1,-0.4132986,0.0029099435,-0.002317667
1967-09-15 12:00:00,2,1.3819513,-0.0014403462,-0.0012617037
1967-09-15 12:00:00,3,0.29752272,-0.0038649589,-0.001410909
1967-09-15 12:00:00,4,0.02255405,0.00045274198,-0.0002452731
1967-10-16 00:00:00,0,-0.5950003,-0.00700403,-0.0035348833
1967-10-16 00:00:00,1,-1.2678523,0.0016697198,-0.001038447
1967-10-16 00:00:00,2,1.2816752,-0.0014590472,0.0006270781
1967-10-16 00:00:00,3,0.6352055,-0.002774328,0.0012955442
1967-10-16 00:00:00,4,-0.13360228,-0.0015391707,0.0003284216
1967-11-15 12:00:00,0,-0.37004656,0.0013008863,-0.0031087399
1967-11-15 12:00:00,1,1.1575855,0.0021708012,-0.00052395463
1967-11-15 12:00:00,2,-1.0205355,-0.0048272014,-0.0012000054
1967-11-15 12:00:00,3,0.15117621,0.0009255856,0.0027047843
1967-11-15 12:00:00,4,-0.08903245,-0.007455215,0.0007663071
1967-12-16 00:00:00,0,-0.7368396,0.0026185662,-0.0036184192
1967-12-16 00:00:00,1,0.306091,0.0010361373,0.0009938031
1967-12-16 00:00:00,2,-0.3693236,-0.0036164075,-0.002406299
1967-12-16 00:00:00,3,-0.13827378,0.0036550313,0.006474018
1967-12-16 00:00:00,4,0.41788152,-0.009190798,-0.00053437054
1968-01-16 00:00:00,0,-1.7535245,0.008674189,-0.0024365783
1968-01-16 00:00:00,1,0.9460424,0.00035601854,0.0012573749
1968-01-16 00:00:00,2,-0.9170598,-0.0062996447,-0.0030211136
1968-01-16 00:00:00,3,0.4012696,0.008210346,0.010350794
1968-01-16 00:00:00,4,0.78069365,-0.014669672,-0.0028313845
1968-02-15 00:00:00,0,-1.7898622,0.0010673404,-0.002511248
1968-02-15 00:00:00,1,-0.059695948,0.0016438514,-0.0007070452
1968-02-15 00:00:00,2,-0.09800933,-0.001378864,-0.0033061504
1968-02-15 00:00:00,3,-0.30512547,0.0022392496,0.0019871444
1968-02-15 00:00:00,4,-1.6051432,-0.0063708723,0.00097094476
1968-03-16 00:00:00,0,-0.13718417,0.0026883334,-0.0031180084
1968-03-16 00:00:00,1,-0.39271247,0.001741603,0.0001655668
1968-03-16 00:00:00,2,-1.3430067,-0.0043831617,-0.0044498295
1968-03-16 00:00:00,3,-1.2786325,0.0026136786,0.004030168
1968-03-16 00:00:00,4,1.3466564,-0.008569106,5.1632524e-05
1968-04-15 12:00:00,0,-0.76769304,-0.007065095,-0.0027832985
1968-04-15 12:00:00,1,-1.9216827,0.0019707382,-0.0015440881
1968-04-15 12:00:00,2,0.46592504,0.00035455823,-0.0012383312
1968-04-15 12:00:00,3,-0.5575054,-0.0027116537,-0.00013946742
1968-04-15 12:00:00,4,-1.1352115,7.086992e-05,-0.00032392144
1968-05-16 00:00:00,0,0.14753564,-0.0064994544,-0.0029100776
1968-05-16 00:00:00,1,0.40188855,0.0012913048,-0.0015439689
1968-05-16 00:00:00,2,0.22204578,0.00026972592,-2.6009977e-05
1968-05-16 00:00:00,3,0.59404594,-0.0027561188,0.00069286674
1968-05-16 00:00:00,4,-0.87088126,-0.0012457967,0.00030514598
1968-06-15 12:00:00,0,-1.5397818,-0.009341456,-0.0030022562
1968-06-15 12:00:00,1,-0.96716696,0.0021326542,-0.0019142628
1968-06-15 12:00:00,2,0.8604517,0.00037164986,-0.0016064048
1968-06-15 12:00:00,3,0.2958619,-0.003915921,-0.00067765266
1968-06-15 12:00:00,4,-0.6127186,0.0009775758,-0.00039935112
1968-07-16 00:00:00,0,0.40235537,-0.009167738,-0.0022070855
1968-07-16 00:00:00,1,0.6797041,0.002282858,-0.0017105937
1968-07-16 00:00:00,2,1.3415432,-0.00052554905,-0.0005360842
1968-07-16 00:00:00,3,-0.16293919,-0.00398542,-0.0007562414
1968-07-16 00:00:00,4,-0.0028396102,0.0006400794,0.00022672117
1968-08-16 00:00:00,0,-0.24316695,-0.0085338205,-0.004005328
1968-08-16 00:00:00,1,1.4211721,0.0019713342,-0.0014386922
1968-08-16 00:00:00,2,0.36554536,-0.00035098195,-0.0009993091
1968-08-16 00:00:00,3,0.4212842,-0.0035220832,0.00039818138
1968-08-16 00:00:00,4,0.8540334,0.00036859512,-0.00044076145
1968-09-15 12:00:00,0,1.0203637,-0.0091722235,-0.0021862835
1968-09-15 12:00:00,1,0.70006526,0.0022080392,-0.0014574081
1968-09-15 12:00:00,2,-0.109541,0.000368163,-0.0002867356
1968-09-15 12:00:00,3,0.3669719,-0.004258737,-0.0010428652
1968-09-15 12:00:00,4,-1.8497756,0.0020228475,0.00035250187
1968-10-16 00:00:00,0,-0.3699422,-0.0036230087,-0.0004029572
1968-10-16 00:00:00,1,-1.1051636,0.00055269897,-0.001594007
1968-10-16 00:00:00,2,-1.1958416,-0.0037454665,0.0008357689
1968-10-16 00:00:00,3,0.22633967,-0.0031245425,0.002110459
1968-10-16 00:00:00,4,1.1052701,-0.0054243803,0.0005081743
1968-11-15 12:00:00,0,-0.03516441,0.0010720938,-0.0029023886
1968-11-15 12:00:00,1,-0.3009007,0.0010092705,-0.0004146099
1968-11-15 12:00:00,2,1.3291258,-0.0026134104,-0.0022666156
1968-11-15 12:00:00,3,-1.0197415,0.0024838373,0.0047886
1968-11-15 12:00:00,4,-0.8310438,-0.007842779,-0.0015184134
1968-12-16 00:00:00,0,-0.15729564,0.009205207,-0.0038020164
1968-12-16 00:00:00,1,-2.389645,-0.00032927096,0.0002490431
1968-12-16 00:00:00,2,-0.5590434,-0.0070826113,-0.0011227727
1968-12-16 00:00:00,3,0.7194984,0.00752002,0.009663731
1968-12-16 00:00:00,4,-0.61014146,-0.016449846,-0.00020842254
1969-01-16 00:00:00,0,0.88925767,0.01845327,-0.0071020573
1969-01-16 00:00:00,1,-0.6191304,-0.0019354671,-2.078712e-05
1969-01-16 00:00:00,2,-0.6796801,-0.015784532,-0.0005737841
1969-01-16 00:00:00,3,-0.0983619,0.0075822026,0.014526941
1969-01-16 00:00:00,4,0.9878759,-0.018459402,-0.0026074052
1969-02-14 12:00:00,0,0.10579057,0.015381679,-0.0065504313
1969-02-14 12:00:00,1,0.8467268,0.0010408461,-0.0021535307
1969-02-14 12:00:00,2,0.85980445,-0.010544524,-0.0022522584
1969-02-14 12:00:00,3,1.086799,0.009623475,0.008126676
1969-02-14 12:00:00,4,1.4449295,-0.01622083,-0.0024739653
1969-03-16 00:00:00,0,-0.93402594,-0.003401503,-0.0023219436
1969-03-16 00:00:00,1,-0.7297415,0.00094896555,-0.0011515319
1969-03-16 00:00:00,2,0.774231,-0.0004208088,-0.0011177957
1969-03-16 00:00:00,3,1.349986,-0.0006523803,0.0016163066
1969-03-16 00:00:00,4,0.40936902,-0.004931122,0.0010032356
1969-04-15 12:00:00,0,1.9236037,-0.00029634684,-0.0017180294
1969-04-15 12:00:00,1,-0.58680534,0.0008367747,-0.00039459765
1969-04-15 12:00:00,2,-0.74232376,-0.004006237,-0.0024124905
1969-04-15 12:00:00,3,0.029425966,0.0009951219,0.00488849
1969-04-15 12:00:00,4,-0.0016453811,-0.008115053,-0.0010675788
1969-05-16 00:00:00,0,-0.26660421,-0.009713419,-0.0025134683
1969-05-16 00:00:00,1,-1.7406837,0.0023384541,-0.002265066
1969-05-16 00:00:00,2,-0.35657686,0.0007466227,-0.000793837
1969-05-16 00:00:00,3,0.35127622,-0.004079297,-0.0015011728
1969-05-16 00:00:00,4,0.5479574,0.0014288127,-1.579523e-05
1969-06-15 12:00:00,0,-2.0027888,-0.007173978,-0.0052426904
1969-06-15 12:00:00,1,-0.97490305,0.0015882105,-0.0019298792
1969-06-15 12:00:00,2,-0.0040426077,0.0041386783,-0.0037673563
1969-06-15 12:00:00,3,0.2613691,-0.0018080845,-0.000106193125
1969-06-15 12:00:00,4,0.5529342,0.00019980967,-0.00090907514
1969-07-16 00:00:00,0,0.33253807,-0.00948102,-0.0023150146
1969-07-16 00:00:00,1,0.4155528,0.0024062097,-0.0020373017
1969-07-16 00:00:00,2,-0.34515768,-0.00033535063,-0.00027181208
1969-07-16 00:00:00,3,0.31048054,-0.004061714,-0.0011258125
1969-07-16 00:00:00,4,2.2586534,0.00097216666,2.3707747e-05
1969-08-16 00:00:00,0,-0.11025023,-0.009803049,-0.0023885518
1969-08-16 00:00:00,1,1.1633496,0.0023199767,-0.0017708242
1969-08-16 00:00:00,2,0.65563,2.503395e-06,-0.00049346685
1969-08-16 00:00:00,3,0.45646495,-0.004392937,-0.0011228025
1969-08-16 00:00:00,4,2.352782,0.0018036813,4.3213367e-06
1969-09-15 12:00:00,0,0.9568056,-0.009975195,-0.0022879094
1969-09-15 12:00:00,1,-1.2178801,0.002285093,-0.0019546896
1969-09-15 12:00:00,2,-1.5973785,0.0004310012,-0.00051444024
1969-09-15 12:00:00,3,-0.69730777,-0.0043003485,-0.0012980923
1969-09-15 12:00:00,4,-0.014829164,0.0017170906,7.870793e-05
1969-10-16 00:00:00,0,1.528791,-0.0050431266,-0.0038698912
1969-10-16 00:00:00,1,1.286711,0.0014207959,-0.0003067404
1969-10-16 00:00:00,2,-0.8896784,-0.0013478994,-0.001972124
1969-10-16 00:00:00,3,-1.3210013,-0.0011404678,0.0030776858
1969-10-16 00:00:00,4,0.3813055,-0.0032897294,-0.00048731267
1969-11-15 12:00:00,0,0.4064315,-0.0008394271,-0.0006029308
1969-11-15 12:00:00,1,-0.28532344,0.00023718178,-0.0010391325
1969-11-15 12:00:00,2,0.7175343,-0.0017175972,-0.0002341494
1969-11-15 12:00:00,3,-0.3709855,-0.0015929639,0.0022637397
1969-11-15 12:00:00,4,-0.99031854,-0.0044962317,3.924966e-05
1969-12-16 00:00:00,0,-0.047536224,0.007268071,-0.003137812
1969-12-16 00:00:00,1,0.32969326,-6.951392e-05,0.0001784265
1969-12-16 00:00:00,2,-0.072082974,-0.0073690265,0.001459837
1969-12-16 00:00:00,3,0.7094785,0.005700849,0.009531215
1969-12-16 00:00:00,4,0.2111271,-0.015077688,-0.0013623238
1970-01-16 00:00:00,0,-0.64307153,0.020064652,-0.005331278
1970-01-16 00:00:00,1,-1.6875949,-0.0033346862,0.003779903
1970-01-16 00:00:00,2,1.5839585,-0.013779879,-0.000984773
1970-01-16 00:00:00,3,-0.15597337,0.012651503,0.019469664
1970-01-16 00:00:00,4,-0.56151915,-0.02279415,-0.00257653
1970-02-14 12:00:00,0,-0.4028209,0.00028838217,-0.0034097433
1970-02-14 12:00:00,1,1.1832427,0.0010816902,-4.066527e-05
1970-02-14 12:00:00,2,0.6119645,-0.0028341264,-0.0013887659
1970-02-14 12:00:00,3,-0.8625567,0.0013596117,0.0047774985
1970-02-14 12:00:00,4,-1.5145049,-0.0065068007,-0.0014043003
1970-03-16 00:00:00,0,-0.5394735,-0.00071234256,-0.0033897161
1970-03-16 00:00:00,1,0.22475074,0.0026312023,0.00024455786
1970-03-16 00:00:00,2,0.5857799,-0.0042464435,-0.002519168
1970-03-16 00:00:00,3,1.1481153,0.0009788498,0.003108725
1970-03-16 00:00:00,4,-0.6042225,-0.00470151,-0.0007380545
1970-04-15 12:00:00,0,-1.3269793,-0.008021735,-0.0041922033
1970-04-15 12:00:00,1,0.3184041,0.0019884706,-0.002325505
1970-04-15 12:00:00,2,-0.78142226,-0.001310125,-0.000790149
1970-04-15 12:00:00,3,-0.93147874,-0.003193356,0.00048734993
1970-04-15 12:00:00,4,0.3065371,-0.0017498285,-0.00029449165
1970-05-16 00:00:00,0,0.5127068,-0.009697452,-0.0026827455
1970-05-16 00:00:00,1,-0.5477289,0.0024863333,-0.0017222166
1970-05-16 00:00:00,2,1.9299169,0.00043189526,-0.0009332076
1970-05-16 00:00:00,3,0.047833864,-0.004019581,-0.0011263788
1970-05-16 00:00:00,4,1.9478228,0.001957059,-0.00012519956
1970-06-15 12:00:00,0,1.4458845,-0.007990286,-0.001999408
1970-06-15 12:00:00,1,-1.2261139,0.00178428,-0.0029971749
1970-06-15 12:00:00,2,0.6398188,0.0019321889,-0.0022347495
1970-06-15 12:00:00,3,1.5103704,-0.0023529455,-0.0011113659
1970-06-15 12:00:00,4,-1.652101,-0.0012515187,-0.0004861802
1970-07-16 00:00:00,0,-0.5999404,-0.009765536,-0.0021445602
1970-07-16 00:00:00,1,0.13487309,0.0022448748,-0.0022453666
1970-07-16 00:00:00,2,-0.77645636,7.95275e-05,-0.00051728636
1970-07-16 00:00:00,3,-0.32041442,-0.0041318983,-0.0010761246
1970-07-16 00:00:00,4,0.8650583,0.0009147376,-0.00036998093
1970-08-16 00:00:00,0,1.3954335,-0.0095243305,-0.0022303313
1970-08-16 00:00:00,1,-0.007546032,0.0022063255,-0.0016611367
1970-08-16 00:00:00,2,0.61327815,0.00032813847,-0.0004857108
1970-08-16 00:00:00,3,-1.842966,-0.0043729916,-0.0011125207
1970-08-16 00:00:00,4,0.7701426,0.001982808,7.149577e-05
1970-09-15 12:00:00,0,-1.7451073,-0.009667739,-0.0023252368
1970-09-15 12:00:00,1,-0.20209602,0.0023987442,-0.0017198473
1970-09-15 12:00:00,2,-0.73555875,0.00027504563,-0.00041510165
1970-09-15 12:00:00,3,0.3635599,-0.004297562,-0.001296185
1970-09-15 12:00:00,4,-0.38523263,0.0021153241,0.000102728605
1970-10-16 00:00:00,0,-1.6489329,-0.0056961477,-0.0034428388
1970-10-16 00:00:00,1,0.33420676,0.0009287149,-0.0006556511
1970-10-16 00:00:00,2,-0.2646873,-0.0010264963,-3.01674e-05
1970-10-16 00:00:00,3,-0.5561567,-0.002070412,0.0024079233
1970-10-16 00:00:00,4,-0.16010076,-0.00312981,0.00042761862
1970-11-15 12:00:00,0,1.0794168,0.013029933,-0.004069373
1970-11-15 12:00:00,1,-1.1074607,-0.0023377538,0.00010089576
1970-11-15 12:00:00,2,-0.19911483,-0.011251748,0.002036564
1970-11-15 12:00:00,3,-0.2213155,0.008891903,0.014540665
1970-11-15 12:00:00,4,1.4272902,-0.02155707,-0.0022133887
1970-12-16 00:00:00,0,0.7085637,0.011352256,-0.00469999
1970-12-16 00:00:00,1,-0.8914147,-0.0010977983,0.002460286
1970-12-16 00:00:00,2,-1.6405369,-0.0089634955,-0.0016873106
1970-12-16 00:00:00,3,-1.392624,0.008006811,0.013171591
1970-12-16 00:00:00,4,0.7364682,-0.016977489,-0.00049492717
1971-01-16 00:00:00,0,1.9524515,-0.00064589083,-0.0048737526
1971-01-16 00:00:00,1,-1.3467861,0.0011576116,0.0007854849
1971-01-16 00:00:00,2,-0.8720449,-0.002792865,-0.0012220219
1971-01-16 00:00:00,3,-0.8723519,0.002284795,0.0058016554
1971-01-16 00:00:00,4,0.1675167,-0.0065978765,-0.00037376583
1971-02-14 12:00:00,0,-0.5493735,-0.0054573417,-0.002929166
1971-02-14 12:00:00,1,-0.6877901,0.0009241253,-0.0011655539
1971-02-14 12:00:00,2,-0.6250011,0.00010177493,-0.0006807372
1971-02-14 12:00:00,3,0.44253457,-0.002367586,0.0011776462
1971-02-14 12:00:00,4,0.6963019,-0.0021865815,0.0009378791
1971-03-16 00:00:00,0,-1.2513709,0.0021116734,-0.0029076934
1971-03-16 00:00:00,1,-1.5564646,0.00065012276,-0.0010191053
1971-03-16 00:00:00,2,-0.2899359,-0.0045680106,8.355826e-05
1971-03-16 00:00:00,3,-0.09828483,0.003626801,0.0064660907
1971-03-16 00:00:00,4,-0.6441466,-0.011878014,-0.001030311
1971-04-15 12:00:00,0,0.9225244,-0.0062024817,-0.0029105395
1971-04-15 12:00:00,1,0.6332783,0.0011930913,-0.001613766
1971-04-15 12:00:00,2,0.12001751,-7.531047e-05,-0.0020318702
1971-04-15 12:00:00,3,1.2405567,-0.0026243776,0.00057142973
1971-04-15 12:00:00,4,2.079426,-0.0026329458,0.0010284781
1971-05-16 00:00:00,0,-0.28082097,-0.005422987,-0.0036742538
1971-05-16 00:00:00,1,0.34376425,0.0023862869,-0.0043878257
1971-05-16 00:00:00,2,1.2118927,0.0011270493,-0.002132751
1971-05-16 00:00:00,3,1.9915282,-0.0004400313,-0.00026961416
1971-05-16 00:00:00,4,-0.64244914,-0.0032895952,-0.0030577332
1971-06-15 12:00:00,0,-1.5399765,-0.008114494,-0.0039426833
1971-06-15 12:00:00,1,2.116117,0.0019847155,-0.0011560768
1971-06-15 12:00:00,2,2.1176972,0.00011898577,-0.0006376356
1971-06-15 12:00:00,3,0.15125576,-0.0033860728,0.00039693713
1971-06-15 12:00:00,4,0.8071333,0.00116615,-0.0007006079
1971-07-16 00:00:00,0,0.5468323,-0.009963222,-0.0017565489
1971-07-16 00:00:00,1,-0.3527097,0.0023218244,-0.0027272552
1971-07-16 00:00:00,2,0.63064456,-0.0006631017,-0.00061088055
1971-07-16 00:00:00,3,-0.2738346,-0.0046974868,-0.0015314072
1971-07-16 00:00:00,4,-0.30590606,0.0005469918,-0.00031754375
1971-08-16 00:00:00,0,0.86185145,-0.009586863,-0.0024138242
1971-08-16 00:00:00,1,0.77346784,0.0023161322,-0.0019588172
1971-08-16 00:00:00,2,-0.83956486,-0.00021660328,-0.0004312992
1971-08-16 00:00:00,3,-2.0853999,-0.004107237,-0.0010033846
1971-08-16 00:00:00,4,-2.3942559,0.0010209829,-4.759431e-05
1971-09-15 12:00:00,0,-0.19645813,-0.00873664,-0.0029108673
1971-09-15 12:00:00,1,-0.6163816,0.0019057989,-0.0014065057
1971-09-15 12:00:00,2,-0.67736876,-0.00028577447,-0.0006133765
1971-09-15 12:00:00,3,0.23355225,-0.003969319,-0.00015153736
1971-09-15 12:00:00,4,0.9285424,0.0006148219,0.00026333332
1971-10-16 00:00:00,0,-0.3747646,-0.007919751,-0.0038098693
1971-10-16 00:00:00,1,-1.5656207,0.0012899041,-0.0019422174
1971-10-16 00:00:00,2,-0.43321878,0.001644507,-0.00028584898
1971-10-16 00:00:00,3,0.10731468,-0.0027931854,0.00014461577
1971-10-16 00:00:00,4,0.8093072,-0.00046987832,0.0001296252
1971-11-15 12:00:00,0,1.944492,-0.0018654913,-0.0028429627
1971-11-15 12:00:00,1,1.5186725,0.0010296851,-0.00067798793
1971-11-15 12:00:00,2,1.4264799,-0.0045992434,-0.0014516935
1971-11-15 12:00:00,3,1.3698328,0.0003274083,0.0041718334
1971-11-15 12:00:00,4,1.6206083,-0.009148061,0.0012192726
1971-12-16 00:00:00,0,-0.29097468,0.008836001,-0.0038982183
1971-12-16 00:00:00,1,-0.27588284,-0.00012771785,-0.0013160557
1971-12-16 00:00:00,2,-1.2160608,-0.0068692416,-0.0027167648
1971-12-16 00:00:00,3,-0.3582064,0.006568104,0.008071363
1971-12-16 00:00:00,4,0.5980472,-0.015537597,-0.0008971244
1972-01-16 00:00:00,0,-1.6315258,-0.0020162538,-0.002442658
1972-01-16 00:00:00,1,-0.7650478,0.0019497871,0.0007174909
1972-01-16 00:00:00,2,-1.2600851,-0.0030506551,-0.0014619902
1972-01-16 00:00:00,3,2.1009834,0.00015243143,0.0031129196
1972-01-16 00:00:00,4,-1.9383608,-0.00410147,0.0005932301
1972-02-15 00:00:00,0,-0.33002687,-0.002449572,-0.003377378
1972-02-15 00:00:00,1,-0.82956606,0.0013270378,-0.0004989803
1972-02-15 00:00:00,2,0.106669545,-0.0018133372,-0.0002810061
1972-02-15 00:00:00,3,0.13376972,0.0004704967,0.002803862
1972-02-15 00:00:00,4,0.8462813,-0.005616367,0.0012877136
1972-03-16 00:00:00,0,-0.22560915,-0.0071764737,-0.0029124022
1972-03-16 00:00:00,1,-0.18590102,0.0016620159,-0.0010085255
1972-03-16 00:00:00,2,-0.61313367,-0.00041292608,-0.0005841628
1972-03-16 00:00:00,3,-0.51377434,-0.0024035722,0.000828512
1972-03-16 00:00:00,4,-0.52872443,-0.0014926493,0.0005837828
1972-04-15 12:00:00,0,0.29333332,-0.0037695095,-0.0035119057
1972-04-15 12:00:00,1,0.33576024,0.0018504113,-0.0005097091
1972-04-15 12:00:00,2,1.1500394,-0.0033199787,6.980449e-05
1972-04-15 12:00:00,3,-1.051059,-0.00036323816,0.0032004341
1972-04-15 12:00:00,4,0.59867877,-0.0051950365,6.622076e-05
1972-05-16 00:00:00,0,-1.0413171,-0.009056278,-0.0025258362
1972-05-16 00:00:00,1,-1.6072998,0.0015723854,-0.0023527145
1972-05-16 00:00:00,2,0.12197582,4.74602e-05,-0.0007349476
1972-05-16 00:00:00,3,-0.2833061,-0.0039621517,-0.0005188808
1972-05-16 00:00:00,4,-0.9580316,-0.0008864403,0.00044974685
1972-06-15 12:00:00,0,-1.0171958,-0.009107046,-0.0022064745
1972-06-15 12:00:00,1,0.033285595,0.0020067394,-0.0027146041
1972-06-15 12:00:00,2,-0.4834094,0.001320079,-0.0017311871
1972-06-15 12:00:00,3,-0.14598595,-0.0029513836,-0.0012789071
1972-06-15 12:00:00,4,-0.56432736,-0.0008491576,0.00023971498
1972-07-16 00:00:00,0,-0.040569447,-0.009514034,-0.0023029596
1972-07-16 00:00:00,1,-1.3870838,0.0022809356,-0.001881659
1972-07-16 00:00:00,2,-0.14517784,-2.861023e-05,-0.00059737265
1972-07-16 00:00:00,3,1.2641293,-0.004250422,-0.0011500865
1972-07-16 00:00:00,4,0.06553568,0.0012535155,0.00011986494
1972-08-16 00:00:00,0,-0.67945707,-0.0090890825,-0.00252226
1972-08-16 00:00:00,1,-1.3864288,0.0023789853,-0.0020066202
1972-08-16 00:00:00,2,0.86746186,-0.00010587275,0.00012247264
1972-08-16 00:00:00,3,-0.16565156,-0.0039246306,-0.00095771253
1972-08-16 00:00:00,4,0.36906493,0.00124982,-0.00034478307
1972-09-15 12:00:00,0,-0.106012225,-0.0079236105,-0.003948763
1972-09-15 12:00:00,1,0.6939989,0.0021698475,-0.0020754188
1972-09-15 12:00:00,2,-1.0408013,-0.00024479628,-0.00023236871
1972-09-15 12:00:00,3,-0.7318171,-0.0026989058,2.3595989e-05
1972-09-15 12:00:00,4,-1.8031458,-0.0009380132,-0.00022469461
1972-10-16 00:00:00,0,-0.6251819,0.000375174,-0.003677845
1972-10-16 00:00:00,1,0.22804825,0.0017935932,9.9137425e-05
1972-10-16 00:00:00,2,0.009433446,0.0019595474,-0.0056566447
1972-10-16 00:00:00,3,-1.5744023,0.00308913,0.0021108985
1972-10-16 00:00:00,4,0.13983536,-0.005224645,-0.00013363361
1972-11-15 12:00:00,0,0.37641698,0.0099059045,-0.004668802
1972-11-15 12:00:00,1,1.3582754,0.0011819005,0.0006276518
1972-11-15 12:00:00,2,-0.97370374,-0.0055445433,-0.0041050017
1972-11-15 12:00:00,3,0.24639359,0.007819653,0.007166311
1972-11-15 12:00:00,4,0.6876422,-0.01333607,-0.0005477667
1972-12-16 00:00:00,0,-0.9101963,0.0018804967,-0.004723251
1972-12-16 00:00:00,1,-0.18027833,0.0013741255,-0.0002489984
1972-12-16 00:00:00,2,0.3152851,-0.0047976375,-0.00058311224
1972-12-16 00:00:00,3,-1.1466362,0.0025236234,0.0053627416
1972-12-16 00:00:00,4,0.35276574,-0.009513006,0.00039474666
1973-01-16 00:00:00,0,1.2104982,0.014227599,-0.0045252442
1973-01-16 00:00:00,1,-0.20201242,0.00061415136,0.0019144863
1973-01-16 00:00:00,2,-0.6737335,-0.009030551,-0.0030215308
1973-01-16 00:00:00,3,-1.2612337,0.009562388,0.010430388
1973-01-16 00:00:00,4,0.51509774,-0.01571779,-0.0009524971
1973-02-14 12:00:00,0,1.6625644,0.016285732,-0.0039377064
1973-02-14 12:00:00,1,1.419643,6.425381e-05,0.0019784123
1973-02-14 12:00:00,2,0.10389746,-0.007741064,-0.006017968
1973-02-14 12:00:00,3,0.8159464,0.0099694505,0.009353973
1973-02-14 12:00:00,4,1.5228772,-0.015371136,0.00013633072
1973-03-16 00:00:00,0,-0.8237411,0.0033220053,-0.0027828366
1973-03-16 00:00:00,1,-1.5188606,0.001984343,-0.0014985502
1973-03-16 00:00:00,2,-0.9978676,-0.0042438507,-0.0040519163
1973-03-16 00:00:00,3,0.4063704,0.0034857467,0.0031095147
1973-03-16 00:00:00,4,-0.5709195,-0.010107607,0.0002821982
1973-04-15 12:00:00,0,-1.2735894,-0.0083009,-0.0037021786
1973-04-15 12:00:00,1,-0.7859215,0.0022322536,-0.0014695525
1973-04-15 12:00:00,2,0.16267967,0.00010770559,-0.0012409613
1973-04-15 12:00:00,3,-0.22678685,-0.0030262843,4.030019e-05
1973-04-15 12:00:00,4,-0.49060512,0.00033827126,-0.00015243888
1973-05-16 00:00:00,0,-0.45560864,-0.009182088,-0.0038955212
1973-05-16 00:00:00,1,1.756992,0.0024232864,-0.002790898
1973-05-16 00:00:00,2,0.15726393,-0.00015337765,0.00043233484
1973-05-16 00:00:00,3,1.2184651,-0.003496185,-0.0010836646
1973-05-16 00:00:00,4,0.8667754,-0.00052425265,0.00026503205
1973-06-15 12:00:00,0,1.3352375,-0.009871826,-0.0019705445
1973-06-15 12:00:00,1,-0.5028002,0.002418831,-0.0018875748
1973-06-15 12:00:00,2,0.22144023,0.00018280745,-0.0008975789
1973-06-15 12:00:00,3,1.1852392,-0.004364848,-0.0013044327
1973-06-15 12:00:00,4,-0.7310795,0.0017526001,-3.270805e-05
1973-07-16 00:00:00,0,-0.054779418,-0.009652838,-0.0021342188
1973-07-16 00:00:00,1,2.6419513,0.0028900653,-0.0016156584
1973-07-16 00:00:00,2,1.7407908,0.0002657026,-0.001467593
1973-07-16 00:00:00,3,-0.33573455,-0.0039353445,-0.0015209466
1973-07-16 00:00:00,4,-1.1650485,0.00206545,6.7323446e-05
1973-08-16 00:00:00,0,1.2208184,-0.009727992,-0.0021988451
1973-08-16 00:00:00,1,-0.37074092,0.0016318262,-0.0020780861
1973-08-16 00:00:00,2,-1.0483614,-7.5787306e-05,-0.0015162379
1973-08-16 00:00:00,3,-0.2219337,-0.0039946884,-7.466227e-05
1973-08-16 00:00:00,4,-0.74299973,-0.0005642623,-0.0003784895
1973-09-15 12:00:00,0,-0.09887607,-0.009097971,-0.0029073358
1973-09-15 12:00:00,1,-0.052990373,0.0022998303,-0.0013292283
1973-09-15 12:00:00,2,0.32884917,6.6012144e-05,-0.0006798655
1973-09-15 12:00:00,3,0.7212989,-0.0036394224,-0.000560157
1973-09-15 12:00:00,4,-0.71702856,0.0011810064,0.00040732324
1973-10-16 00:00:00,0,0.26553887,0.0007763505,-0.0041392148
1973-10-16 00:00:00,1,-0.62872833,0.0006710291,0.00015309453
1973-10-16 00:00:00,2,1.482053,-0.0035675168,0.0012623072
1973-10-16 00:00:00,3,1.0182092,0.0009345487,0.004831977
1973-10-16 00:00:00,4,0.5236063,-0.008224398,0.0013840199
1973-11-15 12:00:00,0,1.5576321,0.015410259,-0.0027578622
1973-11-15 12:00:00,1,-1.0285194,-0.00342457,0.0015253276
1973-11-15 12:00:00,2,1.4140227,-0.0104650855,-0.0008935109
1973-11-15 12:00:00,3,0.606079,0.011563256,0.018461749
1973-11-15 12:00:00,4,-0.99532473,-0.021793827,-0.006050423
1973-12-16 00:00:00,0,0.71079075,0.0059341937,-0.0043458343
1973-12-16 00:00:00,1,0.23963675,0.00075633824,-0.0007519424
1973-12-16 00:00:00,2,0.9651798,-0.0068444014,0.0009089932
1973-12-16 00:00:00,3,0.374677,0.005331561,0.007415086
1973-12-16 00:00:00,4,-0.07226294,-0.013995104,-0.0002899766
1974-01-16 00:00:00,0,1.4610581,0.012480095,-0.003411457
1974-01-16 00:00:00,1,0.82552767,-0.0004672408,-0.00031797588
1974-01-16 00:00:00,2,0.24943668,-0.007997662,-0.0014035702
1974-01-16 00:00:00,3,0.111773156,0.0070480853,0.008493364
1974-01-16 00:00:00,4,-1.2548603,-0.015135199,-0.0014695227
1974-02-14 12:00:00,0,-0.5918881,-0.0027308464,-0.0041688234
1974-02-14 12:00:00,1,0.3705462,0.00014060736,-0.00022554398
1974-02-14 12:00:00,2,-0.23180161,-0.003947735,-0.00033097714
1974-02-14 12:00:00,3,-0.6817627,-0.0005358979,0.005355656
1974-02-14 12:00:00,4,0.15293546,-0.008117586,0.00056268275
1974-03-16 00:00:00,0,0.75197506,0.011690587,-0.005673781
1974-03-16 00:00:00,1,-0.8362379,0.0003041327,-0.0006057769
1974-03-16 00:00:00,2,-0.1747192,-0.009645224,5.492568e-05
1974-03-16 00:00:00,3,1.3555918,0.008333899,0.010457449
1974-03-16 00:00:00,4,2.4190853,-0.01660847,-0.0022015423
1974-04-15 12:00:00,0,0.24410346,-0.002066128,-0.0036113113
1974-04-15 12:00:00,1,-2.0570543,0.001317814,-0.0018711686
1974-04-15 12:00:00,2,-0.46644557,-0.00536941,0.0011025444
1974-04-15 12:00:00,3,-0.55089676,-0.0003158152,0.0034634098
1974-04-15 12:00:00,4,-0.7481731,-0.00913699,0.0011606216
1974-05-16 00:00:00,0,-0.6884991,-0.009653263,-0.0033297092
1974-05-16 00:00:00,1,-0.68040484,0.0022167712,-0.0016757846
1974-05-16 00:00:00,2,0.31246668,0.0006106347,-0.00058205426
1974-05-16 00:00:00,3,0.47922683,-0.004082635,-0.00077380985
1974-05-16 00:00:00,4,-0.7232535,0.0016328394,-2.655387e-05
1974-06-15 12:00:00,0,-0.21532215,-0.009180948,-0.0019608438
1974-06-15 12:00:00,1,-0.6002455,0.0020539463,-0.0014761835
1974-06-15 12:00:00,2,1.9765414,0.0009061247,-0.0011070669
1974-06-15 12:00:00,3,1.7647761,-0.004012808,-0.00072835386
1974-06-15 12:00:00,4,-0.7552593,0.0017137527,-6.607175e-05
1974-07-16 00:00:00,0,-0.22173491,-0.005933769,-0.00284864
1974-07-16 00:00:00,1,0.7923995,0.0017999709,-0.0014986396
1974-07-16 00:00:00,2,0.8787348,-0.0011116564,0.00094584376
1974-07-16 00:00:00,3,-0.0067435736,-0.00092726946,0.0020541772
1974-07-16 00:00:00,4,1.3884766,-0.0031346679,-0.0012444556
1974-08-16 00:00:00,0,-0.21364841,-0.008962892,-0.0026491135
1974-08-16 00:00:00,1,-0.28986216,0.0019567013,-0.001557216
1974-08-16 00:00:00,2,0.6123676,0.00027047098,-0.0006577
1974-08-16 00:00:00,3,-0.45648688,-0.0039774477,-0.00029449165
1974-08-16 00:00:00,4,1.2115455,0.0015047938,-0.0006349087
1974-09-15 12:00:00,0,0.13919145,-0.009668559,-0.0023555905
1974-09-15 12:00:00,1,-0.01831479,0.0023744404,-0.0016700774
1974-09-15 12:00:00,2,-1.6846982,0.00030235946,-0.0003874153
1974-09-15 12:00:00,3,-1.251906,-0.004191786,-0.0011810139
1974-09-15 12:00:00,4,-1.1254115,0.0020569265,4.9620867e-05
1974-10-16 00:00:00,0,1.4021972,-0.0027253777,-0.0025160909
1974-10-16 00:00:00,1,-0.54700226,0.0021853596,-0.0021476746
1974-10-16 00:00:00,2,1.332702,-0.0023959428,-0.0022719651
1974-10-16 00:00:00,3,0.55201477,-0.0005305484,0.0003912151
1974-10-16 00:00:00,4,-0.010588629,-0.0047816783,0.0004185289
1974-11-15 12:00:00,0,-0.6513357,-0.00271295,-0.0029047877
1974-11-15 12:00:00,1,2.2102025,0.0011820346,-0.0005065352
1974-11-15 12:00:00,2,-2.5019543,-0.003015697,0.0001687929
1974-11-15 12:00:00,3,-1.4348669,-0.00080087036,0.0031309128
1974-11-15 12:00:00,4,0.65011376,-0.0054053515,0.00023494661
1974-12-16 00:00:00,0,0.20158438,0.005885944,-0.0023213774
1974-12-16 00:00:00,1,-0.8466391,0.00032675266,0.00010369718
1974-12-16 00:00:00,2,1.5055763,-0.0006478727,-0.004791513
1974-12-16 00:00:00,3,-1.0372165,0.0054155067,0.004771106
1974-12-16 00:00:00,4,0.9883813,-0.010471821,6.340444e-05
1975-01-16 00:00:00,0,-0.2723091,-0.002102472,-0.0043456256
1975-01-16 00:00:00,1,0.45558593,0.0009087622,-0.0008535087
1975-01-16 00:00:00,2,0.037254356,-0.003104195,0.0010059029
1975-01-16 00:00:00,3,-0.88499695,0.00075986236,0.004460551
1975-01-16 00:00:00,4,-0.1767749,-0.0077562034,0.00044482946
1975-02-14 12:00:00,0,-1.2050805,0.014040083,-0.0047341883
1975-02-14 12:00:00,1,1.9132733,-0.0011478066,-6.136298e-05
1975-02-14 12:00:00,2,-0.68473417,-0.01110746,0.00033136457
1975-02-14 12:00:00,3,0.23758519,0.009060621,0.013167471
1975-02-14 12:00:00,4,-0.5014652,-0.01876688,-0.0033250302
1975-03-16 00:00:00,0,-1.5072379,0.01277782,-0.005158156
1975-03-16 00:00:00,1,0.2605573,-0.00012479722,-0.0014616549
1975-03-16 00:00:00,2,1.341196,-0.008758754,0.000714764
1975-03-16 00:00:00,3,-1.0790676,0.008834228,0.0101458505
1975-03-16 00:00:00,4,-0.30267954,-0.016534187,-0.003097266
1975-04-15 12:00:00,0,-0.733486,-0.0018748268,-0.0028031766
1975-04-15 12:00:00,1,-0.76405346,0.0030552745,-0.001774177
1975-04-15 12:00:00,2,0.5244945,-0.003523931,-0.0032914653
1975-04-15 12:00:00,3,0.5326475,0.0013673604,0.0028182492
1975-04-15 12:00:00,4,0.31140757,-0.0054458976,-0.002869457
1975-05-16 00:00:00,0,0.2147065,-0.0074112862,-0.0028358698
1975-05-16 00:00:00,1,-0.24209024,0.0014308393,-0.000829339
1975-05-16 00:00:00,2,-0.43354207,0.000120937824,-0.00025722384
1975-05-16 00:00:00,3,-0.46472517,-0.003170617,0.0006366223
1975-05-16 00:00:00,4,-1.0648817,-0.00026714802,0.0007457137
1975-06-15 12:00:00,0,-0.3855713,-0.009462595,-0.0025309622
1975-06-15 12:00:00,1,0.09202232,0.0030087829,-0.0018651932
1975-06-15 12:00:00,2,1.1913512,0.00046014786,-0.0024936944
1975-06-15 12:00:00,3,1.861066,-0.0032750815,-0.0013437122
1975-06-15 12:00:00,4,-1.495575,0.0016544014,-0.000772506
1975-07-16 00:00:00,0,-0.30906323,-0.009964101,-0.002142042
1975-07-16 00:00:00,1,0.5624395,0.0023553222,-0.0019798577
1975-07-16 00:00:00,2,-1.7957405,0.00045534968,-0.0013496503
1975-07-16 00:00:00,3,-0.22054592,-0.004173219,-0.00127846
1975-07-16 00:00:00,4,-1.0434692,0.0015347153,-0.000187397
1975-08-16 00:00:00,0,0.034389585,-0.009260535,-0.0021681637
1975-08-16 00:00:00,1,1.1465427,0.0015229881,-0.0016529411
1975-08-16 00:00:00,2,-0.619951,0.0008816272,-0.002797708
1975-08-16 00:00:00,3,-0.025199316,-0.0037546158,0.00048414618
1975-08-16 00:00:00,4,0.07709057,-6.3836575e-05,-0.001111716
1975-09-15 12:00:00,0,-0.24329367,-0.008797474,-0.0023481995
1975-09-15 12:00:00,1,-0.47771633,0.0021008402,-0.0022812933
1975-09-15 12:00:00,2,0.0030021353,-9.766221e-05,-0.001488395
1975-09-15 12:00:00,3,-1.7059624,-0.003993213,-0.0011823401
1975-09-15 12:00:00,4,1.4733964,-0.00012359023,0.00027655065
1975-10-16 00:00:00,0,-0.7167848,-0.0003774613,-0.0038404763
1975-10-16 00:00:00,1,-0.5305804,0.0014040172,-0.00077937543
1975-10-16 00:00:00,2,-0.37402648,-0.006841168,-0.0019078851
1975-10-16 00:00:00,3,-0.1568466,0.0009225756,0.0057254136
1975-10-16 00:00:00,4,-0.5969034,-0.010209143,-0.00048695505
1975-11-15 12:00:00,0,0.44786152,-0.004788257,-0.00255391
1975-11-15 12:00:00,1,0.4053169,0.0013522804,-0.0009870976
1975-11-15 12:00:00,2,0.9713164,-0.0023587942,0.00079393387
1975-11-15 12:00:00,3,0.36345428,-0.002170302,0.0019420236
1975-11-15 12:00:00,4,0.860558,-0.0032113343,0.0004543513
1975-12-16 00:00:00,0,0.7393437,-0.0072982684,-0.0033418983
1975-12-16 00:00:00,1,-0.03041976,0.0012514889,-0.001658693
1975-12-16 00:00:00,2,0.3580886,-0.00076022744,0.0010520294
1975-12-16 00:00:00,3,-1.5671542,-0.0032719895,0.0010041073
1975-12-16 00:00:00,4,-0.15334398,-0.0013759583,4.248321e-05
1976-01-16 00:00:00,0,0.15172741,-0.008149192,-0.0030077696
1976-01-16 00:00:00,1,0.94045144,0.001805827,-0.0012405366
1976-01-16 00:00:00,2,-0.5089905,-0.000346601,-0.00031891465
1976-01-16 00:00:00,3,-0.49215138,-0.0034246445,0.00042179227
1976-01-16 00:00:00,4,0.30388975,0.00015726686,-0.00011256337
1976-02-15 00:00:00,0,0.72198707,0.0038414598,-0.0035600215
1976-02-15 00:00:00,1,-1.720174,0.0019679517,-0.00052018464
1976-02-15 00:00:00,2,0.16829866,-0.0062239766,-0.0007999316
1976-02-15 00:00:00,3,-1.3401979,0.0025646463,0.0033975318
1976-02-15 00:00:00,4,0.573325,-0.010184184,0.0021003187
1976-03-16 00:00:00,0,2.0011997,-0.0042971373,-0.002190426
1976-03-16 00:00:00,1,-1.1099043,0.0009883344,-0.0004594624
1976-03-16 00:00:00,2,-0.45957777,-0.00087213516,-0.0024007484
1976-03-16 00:00:00,3,0.26089466,-0.0014755651,0.0024175644
1976-03-16 00:00:00,4,1.3110456,-0.0029556155,-0.0002978146
1976-04-15 12:00:00,0,0.5993729,-0.0007730201,-0.003908396
1976-04-15 12:00:00,1,-0.95176554,0.0021446794,-0.00089125335
1976-04-15 12:00:00,2,-0.9196321,-0.0009887367,-0.004651688
1976-04-15 12:00:00,3,0.23287573,0.0014672205,0.0023744851
1976-04-15 12:00:00,4,1.4138522,-0.0042437017,-0.0018302351
1976-05-16 00:00:00,0,0.2572003,-0.009437114,-0.002831459
1976-05-16 00:00:00,1,1.7908704,0.0024136454,-0.0020856708
1976-05-16 00:00:00,2,-2.0897992,-8.362532e-05,-0.0008581802
1976-05-16 00:00:00,3,-0.5477154,-0.003831774,-0.0009897575
1976-05-16 00:00:00,4,-1.3312159,0.00055897236,1.04904175e-05
1976-06-15 12:00:00,0,-0.16265878,-0.009316571,-0.0028973073
1976-06-15 12:00:00,1,-0.0034824996,0.0021702796,-0.0021989048
1976-06-15 12:00:00,2,-0.18710941,0.0017248839,-0.0015545115
1976-06-15 12:00:00,3,1.213749,-0.003559947,-0.001473859
1976-06-15 12:00:00,4,-1.6118292,0.0014101416,0.000110179186
1976-07-16 00:00:00,0,-1.0540552,-0.009400532,-0.0021435618
1976-07-16 00:00:00,1,-0.02910751,0.0019031018,-0.0021675378
1976-07-16 00:00:00,2,-0.045608718,0.0012544543,-0.0029273257
1976-07-16 00:00:00,3,2.0119476,-0.0033729225,-0.00085672736
1976-07-16 00:00:00,4,-0.45586196,-0.00032803416,-6.569922e-05
1976-08-16 00:00:00,0,1.1289427,-0.0033934638,-0.0025645047
1976-08-16 00:00:00,1,1.643323,0.0019874573,-0.0013109893
1976-08-16 00:00:00,2,-0.17319469,0.0022793412,-0.004607059
1976-08-16 00:00:00,3,-1.1496906,-0.00020605326,-0.0004536584
1976-08-16 00:00:00,4,-0.15368676,-0.0024850667,0.0007583648
1976-09-15 12:00:00,0,0.19253358,-0.003505148,-0.0037519634
1976-09-15 12:00:00,1,0.63064945,0.0017033219,-0.0028071702
1976-09-15 12:00:00,2,-1.347,-0.001358524,-0.0045548305
1976-09-15 12:00:00,3,-1.9763172,-0.0015292615,0.00037478656
1976-09-15 12:00:00,4,-1.5800028,-0.0031737685,-0.0023667663
1976-10-16 00:00:00,0,1.0459025,-0.007772982,-0.0028802305
1976-10-16 00:00:00,1,-2.6646705,0.002497077,-0.0024186373
1976-10-16 00:00:00,2,0.8141034,-6.0901046e-05,-0.001354225
1976-10-16 00:00:00,3,0.022687454,-0.0030182153,-0.0006917417
1976-10-16 00:00:00,4,0.1430857,0.0006957948,-0.0016699731
1976-11-15 12:00:00,0,0.103592224,-0.00548283,-0.002687648
1976-11-15 12:00:00,1,0.93601793,0.001838848,-0.0010154843
1976-11-15 12:00:00,2,-0.73227173,0.0006316304,-0.0014496744
1976-11-15 12:00:00,3,0.645187,-0.001763396,0.00084944814
1976-11-15 12:00:00,4,-0.7491766,-0.00040188432,-0.0010610074
1976-12-16 00:00:00,0,-2.4505172,-0.004880637,-0.00068564713
1976-12-16 00:00:00,1,-1.5126752,0.0013309568,-0.00014178455
1976-12-16 00:00:00,2,-1.699535,-0.00019834936,-0.0022530854
1976-12-16 00:00:00,3,0.8613835,-0.002672568,0.00087690353
1976-12-16 00:00:00,4,0.30831236,-0.00056533515,0.00016361475
1977-01-16 00:00:00,0,-1.6278478,-0.0006653592,-0.0024591386
1977-01-16 00:00:00,1,0.336256,0.0016674399,-0.0010693967
1977-01-16 00:00:00,2,-0.23521568,-0.002351284,-0.0010095611
1977-01-16 00:00:00,3,-0.80457634,0.00037444383,0.0017976835
1977-01-16 00:00:00,4,0.54756624,-0.005815193,0.0005237907
1977-02-14 12:00:00,0,0.71142834,-0.0038205385,-0.0032909364
1977-02-14 12:00:00,1,-0.40626407,0.0011202693,-0.00076009333
1977-02-14 12:00:00,2,0.33635354,-0.0021143407,-7.355213e-05
1977-02-14 12:00:00,3,1.40113,-0.0008996725,0.0030649528
1977-02-14 12:00:00,4,0.0884036,-0.0046913624,-0.0001835674
1977-03-16 00:00:00,0,0.8578213,0.00031726062,-0.0024474561
1977-03-16 00:00:00,1,1.6401343,0.0017966628,0.00043952465
1977-03-16 00:00:00,2,-0.7666618,-0.0029775351,-0.003140688
1977-03-16 00:00:00,3,-0.11672324,0.0019743443,0.0037802756
1977-03-16 00:00:00,4,-0.22143714,-0.0066526383,-0.00037749112
1977-04-15 12:00:00,0,-0.069821596,-0.0070309117,-0.0034570396
1977-04-15 12:00:00,1,-0.2037359,0.0019230694,-0.0018362403
1977-04-15 12:00:00,2,0.24384451,-0.0005276501,0.0013159364
1977-04-15 12:00:00,3,0.8576833,-0.0027060956,0.0002591759
1977-04-15 12:00:00,4,-0.33148432,-0.0007304996,-0.00021368265
1977-05-16 00:00:00,0,0.4014076,-0.0024523884,-0.004133284
1977-05-16 00:00:00,1,-0.62675023,0.003188774,-0.003600061
1977-05-16 00:00:00,2,0.1476155,0.00055760145,-0.003577426
1977-05-16 00:00:00,3,-0.055441555,0.0015750155,-0.0013915524
1977-05-16 00:00:00,4,1.7992414,-0.00447385,-0.00037401915
1977-06-15 12:00:00,0,-1.1952969,-0.00978484,-0.0034386218
1977-06-15 12:00:00,1,0.82554454,0.0026239604,-0.003930375
1977-06-15 12:00:00,2,-1.573495,0.0038908273,-0.0044367462
1977-06-15 12:00:00,3,-0.2742849,-0.0015654564,-0.0019117072
1977-06-15 12:00:00,4,-0.19082278,0.0002105087,-0.002389446
1977-07-16 00:00:00,0,0.5319499,-0.009867646,-0.002714634
1977-07-16 00:00:00,1,-0.048352797,0.0022976398,-0.0019496232
1977-07-16 00:00:00,2,-1.0084534,0.0005527288,-0.00070344657
1977-07-16 00:00:00,3,1.4424298,-0.004008144,-0.0008972958
1977-07-16 00:00:00,4,0.8557455,0.001800999,-0.0006350726
1977-08-16 00:00:00,0,-0.86407906,-0.009552002,-0.0022864044
1977-08-16 00:00:00,1,-0.454119,0.0022632778,-0.0020637214
1977-08-16 00:00:00,2,0.25890547,-0.00018130243,-0.0014355406
1977-08-16 00:00:00,3,1.2193933,-0.004348241,-0.0011324286
1977-08-16 00:00:00,4,-0.5955712,0.0009919554,-0.00015044212
1977-09-15 12:00:00,0,0.15461725,-0.006431505,-0.0022785366
1977-09-15 12:00:00,1,-0.69256496,0.0014484972,-0.0010653734
1977-09-15 12:00:00,2,-0.33731955,-0.0007420778,-0.0010474026
1977-09-15 12:00:00,3,0.32901514,-0.0023724288,0.0012294799
1977-09-15 12:00:00,4,0.38035113,-0.0021954328,-2.0742416e-05
1977-10-16 00:00:00,0,0.35440367,-0.008076623,-0.002476111
1977-10-16 00:00:00,1,-0.7164923,0.0018832535,-0.0015629977
1977-10-16 00:00:00,2,0.76231825,0.00023882091,-0.0011127591
1977-10-16 00:00:00,3,0.1773583,-0.0032032877,-0.00035269558
1977-10-16 00:00:00,4,0.887433,-0.00024271011,0.0005272478
1977-11-15 12:00:00,0,0.40986145,-0.00062341243,-0.003038898
1977-11-15 12:00:00,1,0.4654951,0.0013153255,0.00014965236
1977-11-15 12:00:00,2,0.6581676,-0.0047530085,-6.850064e-05
1977-11-15 12:00:00,3,-2.0993583,0.0011706203,0.0052654445
1977-11-15 12:00:00,4,0.5655527,-0.0080732405,-0.0006931126
1977-12-16 00:00:00,0,0.11678528,0.012521014,-0.0053517073
1977-12-16 00:00:00,1,1.2094223,0.0015850663,0.0001271069
1977-12-16 00:00:00,2,-0.36008346,-0.008114859,-0.0031104535
1977-12-16 00:00:00,3,1.2095958,0.008594975,0.0072246566
1977-12-16 00:00:00,4,-1.0017262,-0.014182538,-0.00013180077
1978-01-16 00:00:00,0,-0.7944615,0.018689036,-0.006884679
1978-01-16 00:00:00,1,-0.39743555,-0.0004233271,0.0018164515
1978-01-16 00:00:00,2,-0.51072675,-0.008675158,-0.005358942
1978-01-16 00:00:00,3,2.0715976,0.012535259,0.012469485
1978-01-16 00:00:00,4,-0.08361462,-0.016372882,-0.0027247667
1978-02-14 12:00:00,0,0.42250594,0.012607753,-0.004226625
1978-02-14 12:00:00,1,-1.1196693,0.002350539,-0.0010319799
1978-02-14 12:00:00,2,1.2823997,-0.0076708198,-0.0034819841
1978-02-14 12:00:00,3,0.9085252,0.0076266006,0.0043887496
1978-02-14 12:00:00,4,1.469739,-0.012298286,-0.00034038723
1978-03-16 00:00:00,0,1.4534323,0.013733402,-0.0049338937
1978-03-16 00:00:00,1,-0.22793917,0.0043403953,-0.0017111152
1978-03-16 00:00:00,2,-0.38039875,-0.0067262203,-0.006038375
1978-03-16 00:00:00,3,-0.9167499,0.011822343,0.0034398362
1978-03-16 00:00:00,4,0.86553824,-0.011791125,-0.0019650757
1978-04-15 12:00:00,0,-0.07052956,0.006842196,-0.0042808503
1978-04-15 12:00:00,1,-0.12974422,0.0019354522,-8.584559e-05
1978-04-15 12:00:00,2,0.28455347,-0.0055152923,-0.004802242
1978-04-15 12:00:00,3,2.2725005,0.0070558786,0.0065717995
1978-04-15 12:00:00,4,1.5192904,-0.011572868,-0.0020139366
1978-05-16 00:00:00,0,-0.6500569,-0.009339027,-0.003276229
1978-05-16 00:00:00,1,2.2822444,0.0020858645,-0.0019248724
1978-05-16 00:00:00,2,0.54323953,0.00044633448,-3.9555132e-05
1978-05-16 00:00:00,3,0.1300159,-0.0037173182,-0.00050073117
1978-05-16 00:00:00,4,-0.61403316,0.00084261596,-2.9742718e-05
1978-06-15 12:00:00,0,0.40726247,-0.009803563,-0.002166465
1978-06-15 12:00:00,1,0.8255488,0.0025365353,-0.0018559545
1978-06-15 12:00:00,2,-0.52642787,0.00018008053,-0.0011364669
1978-06-15 12:00:00,3,-1.0135477,-0.0040664077,-0.0014429316
1978-06-15 12:00:00,4,-0.295533,0.0013389289,0.00040856004
1978-07-16 00:00:00,0,-0.54647446,-0.009683952,-0.0023110658
1978-07-16 00:00:00,1,0.18318148,0.0024096072,-0.0016960353
1978-07-16 00:00:00,2,-0.24691917,0.00031208992,-0.0006329119
1978-07-16 00:00:00,3,2.293235,-0.0041327924,-0.0011352301
1978-07-16 00:00:00,4,-1.8388422,0.0019120574,-6.110966e-05
1978-08-16 00:00:00,0,0.52855027,-0.009400763,-0.0024980605
1978-08-16 00:00:00,1,-1.4749243,0.0024088174,-0.001533702
1978-08-16 00:00:00,2,-0.86974794,0.0001193285,-0.00037310272
1978-08-16 00:00:00,3,0.58572876,-0.0039489195,-0.0007937029
1978-08-16 00:00:00,4,-0.97516894,0.0018073022,-0.00016967952
1978-09-15 12:00:00,0,-0.7561822,-0.003911346,-0.0029231608
1978-09-15 12:00:00,1,-0.07224543,0.0020781904,-0.0028250068
1978-09-15 12:00:00,2,0.3759181,4.3317676e-05,-0.0039482713
1978-09-15 12:00:00,3,-0.4585231,-0.0005005449,-0.00013127923
1978-09-15 12:00:00,4,-0.6688707,-0.0038263649,-0.0005721003
1978-10-16 00:00:00,0,0.6614668,-0.009484328,-0.0026565641
1978-10-16 00:00:00,1,0.6990922,0.0024854988,-0.0017963052
1978-10-16 00:00:00,2,0.5417257,0.0002695769,-0.00032749027
1978-10-16 00:00:00,3,2.024576,-0.004009202,-0.0011823326
1978-10-16 00:00:00,4,-1.2201973,0.001831308,-5.0723553e-05
1978-11-15 12:00:00,0,-2.1865792,-0.00014928728,-0.00071683526
1978-11-15 12:00:00,1,-0.6817585,0.0030579865,-0.002407372
1978-11-15 12:00:00,2,-0.55737925,-0.006457776,-0.0016848445
1978-11-15 12:00:00,3,-0.62960255,0.00081281364,0.000830546
1978-11-15 12:00:00,4,0.07257494,-0.007855609,0.00034628808
1978-12-16 00:00:00,0,-1.9630964,-0.0033096,-0.0019059032
1978-12-16 00:00:00,1,0.2859858,0.0005995035,-0.0005016178
1978-12-16 00:00:00,2,-0.8275969,-0.0026719272,-0.0012111738
1978-12-16 00:00:00,3,0.1443219,-0.0023597032,0.0026227012
1978-12-16 00:00:00,4,0.18548572,-0.0049256682,0.0011491627
1979-01-16 00:00:00,0,-0.61400205,0.01233232,-0.003902465
1979-01-16 00:00:00,1,-0.36766562,-0.00029194355,0.0020249337
1979-01-16 00:00:00,2,-0.23281136,-0.0048329383,-0.0036015436
1979-01-16 00:00:00,3,1.087232,0.0089144185,0.009475768
1979-01-16 00:00:00,4,-1.4774842,-0.014489926,-0.0004043132
1979-02-14 12:00:00,0,-0.9108477,0.008871779,-0.0018164068
1979-02-14 12:00:00,1,-0.16581278,0.0009889007,2.6583672e-05
1979-02-14 12:00:00,2,-1.3092605,-0.008293673,-0.0033157319
1979-02-14 12:00:00,3,-0.57081455,0.0070263594,0.008211859
1979-02-14 12:00:00,4,-0.90425205,-0.015338592,-0.0015277863
1979-03-16 00:00:00,0,0.115397,0.0035181195,-0.0028394312
1979-03-16 00:00:00,1,-0.06910652,0.003667757,-0.0017471611
1979-03-16 00:00:00,2,-0.31299224,-0.0060688555,-0.0059629604
1979-03-16 00:00:00,3,-0.7864873,0.0034378096,0.0024546683
1979-03-16 00:00:00,4,-1.6302083,-0.007539168,-0.0027338117
1979-04-15 12:00:00,0,0.7405442,-0.0058642626,-0.003634587
1979-04-15 12:00:00,1,-1.6885272,0.0012974888,-0.0018747151
1979-04-15 12:00:00,2,1.5879024,-0.0023913234,0.00063721836
1979-04-15 12:00:00,3,-1.1255424,-0.001350902,0.0027599782
1979-04-15 12:00:00,4,0.70746326,-0.004745856,-0.0008189231
1979-05-16 00:00:00,0,-1.1879734,-0.0073738024,-0.002763182
1979-05-16 00:00:00,1,0.9699882,0.0015327632,-0.0013783872
1979-05-16 00:00:00,2,0.10338039,-0.00084649026,-0.00033010542
1979-05-16 00:00:00,3,-0.31604475,-0.003038086,0.00083289295
1979-05-16 00:00:00,4,-1.2629683,-0.0015411973,0.0005118251
1979-06-15 12:00:00,0,-0.7708644,-0.009108901,-0.002925083
1979-06-15 12:00:00,1,1.1438279,0.0021397173,-0.0013098121
1979-06-15 12:00:00,2,-1.3442333,0.00025516748,-0.0006475523
1979-06-15 12:00:00,3,0.7078124,-0.0040749684,-0.00062057376
1979-06-15 12:00:00,4,-0.11465283,0.0019607544,5.7071447e-06
1979-07-16 00:00:00,0,-0.8573366,-0.008459352,-0.0024851114
1979-07-16 00:00:00,1,-0.4786303,0.0020477474,-0.0010154098
1979-07-16 00:00:00,2,-0.03863498,0.00038008392,-0.0014208704
1979-07-16 00:00:00,3,-1.2944479,-0.0037349686,-0.00052422285
1979-07-16 00:00:00,4,-0.24646035,0.0010648817,0.0006329268
1979-08-16 00:00:00,0,0.18544853,-0.009332076,-0.0031016022
1979-08-16 00:00:00,1,0.13807829,0.0021706522,-0.0024058968
1979-08-16 00:00:00,2,0.21974838,0.0020959377,-0.0017153546
1979-08-16 00:00:00,3,0.47195876,-0.0036686733,-0.001717031
1979-08-16 00:00:00,4,0.03026125,0.0014900118,-0.00020423532
1979-09-15 12:00:00,0,0.14842603,-0.009643413,-0.0029160976
1979-09-15 12:00:00,1,-0.28131846,0.0021631718,-0.0016951263
1979-09-15 12:00:00,2,0.8566334,0.00026254356,-0.0003285855
1979-09-15 12:00:00,3,-1.3896308,-0.0042885393,-0.00089956075
1979-09-15 12:00:00,4,0.7194215,0.001693964,0.00016433
1979-10-16 00:00:00,0,0.69759184,-0.0023787245,-0.004167497
1979-10-16 00:00:00,1,-1.0205346,0.0011577457,-0.00051526725
1979-10-16 00:00:00,2,-0.881982,-0.0047228932,-0.0009091571
1979-10-16 00:00:00,3,1.5421847,-6.522983e-05,0.004468046
1979-10-16 00:00:00,4,0.07400334,-0.008296102,0.0006146431
1979-11-15 12:00:00,0,-0.63532203,0.0022023171,-0.0035883784
1979-11-15 12:00:00,1,0.02256611,0.0005815178,0.0011808872
1979-11-15 12:00:00,2,0.11589597,-0.00095157325,-0.0031592622
1979-11-15 12:00:00,3,0.77023125,0.004357852,0.0055884123
1979-11-15 12:00:00,4,-0.90335214,-0.009392694,0.0010578036
1979-12-16 00:00:00,0,-0.9191685,0.008492604,-0.00238809
1979-12-16 00:00:00,1,0.021067366,0.0022253692,-0.00058446825
1979-12-16 00:00:00,2,-1.2226471,-0.0058780015,-0.00267075
1979-12-16 00:00:00,3,0.74274457,0.007912561,0.005706668
1979-12-16 00:00:00,4,1.8669134,-0.013653494,-0.0012712777
1980-01-16 00:00:00,0,0.71455544,0.01228337,-0.0053813905
1980-01-16 00:00:00,1,-1.3347486,0.0018038303,0.0007631779
1980-01-16 00:00:00,2,1.4286319,-0.010495454,-0.001475215
1980-01-16 00:00:00,3,0.9126191,0.0064952597,0.006624654
1980-01-16 00:00:00,4,-0.6128079,-0.014565982,0.002987802
1980-02-15 00:00:00,0,0.07869001,0.01571326,-0.005716756
1980-02-15 00:00:00,1,0.033335567,0.00060485303,0.0011311024
1980-02-15 00:00:00,2,-0.5228215,-0.010623023,-0.0039589927
1980-02-15 00:00:00,3,0.77929544,0.009945542,0.010709681
1980-02-15 00:00:00,4,0.89838535,-0.016323641,-0.0020642728
1980-03-16 00:00:00,0,0.11809062,0.0007686466,-0.0036154538
1980-03-16 00:00:00,1,2.7300775,0.002039656,-0.00045987964
1980-03-16 00:00:00,2,-0.8604063,-0.0032406151,-0.0024245754
1980-03-16 00:00:00,3,-0.8397899,0.0021521077,0.0036199987
1980-03-16 00:00:00,4,0.6019982,-0.0067688823,-0.00077711046
1980-04-15 12:00:00,0,0.48732638,-0.0010426193,-0.0032627434
1980-04-15 12:00:00,1,-0.421906,0.0006008148,-0.0012917966
1980-04-15 12:00:00,2,1.013773,-0.0030962229,-0.0016633421
1980-04-15 12:00:00,3,0.7396536,0.00024542212,0.0041991845
1980-04-15 12:00:00,4,0.090798594,-0.006637484,-0.0018822551
1980-05-16 00:00:00,0,-2.2658417,-0.00691811,-0.005001843
1980-05-16 00:00:00,1,-1.2996863,0.0027565062,-0.0025624782
1980-05-16 00:00:00,2,-2.5599563,3.5136938e-05,-0.0016601086
1980-05-16 00:00:00,3,-2.1666887,-0.0018824711,-0.0001346767
1980-05-16 00:00:00,4,0.52443016,-0.0014491826,-0.0005580038
1980-06-15 12:00:00,0,-1.542622,-0.009103499,-0.0033020526
1980-06-15 12:00:00,1,-1.4053454,0.0024197698,-0.0022069216
1980-06-15 12:00:00,2,0.6388407,0.0011195242,-0.0013700724
1980-06-15 12:00:00,3,-1.4633695,-0.0030302033,-0.0010598674
1980-06-15 12:00:00,4,0.14838722,0.0011775047,-0.00070367754
1980-07-16 00:00:00,0,0.75734997,-0.008225672,-0.0021903366
1980-07-16 00:00:00,1,0.26738486,0.0024056435,-0.002168253
1980-07-16 00:00:00,2,0.24740785,0.0011632144,-0.0009624064
1980-07-16 00:00:00,3,-0.63715124,-0.0028956234,-0.000945054
1980-07-16 00:00:00,4,-0.76913875,0.00064353645,-0.00057668984
1980-08-16 00:00:00,0,-1.5799737,-0.009593785,-0.0023096204
1980-08-16 00:00:00,1,0.05330699,0.002421409,-0.0018677413
1980-08-16 00:00:00,2,-0.56411433,0.0005350858,-0.0007888749
1980-08-16 00:00:00,3,1.2503273,-0.0040153414,-0.0012863874
1980-08-16 00:00:00,4,-0.06594627,0.0017687827,-0.000100106
1980-09-15 12:00:00,0,-0.19081624,-0.009162366,-0.0020878613
1980-09-15 12:00:00,1,0.7247299,0.0029590428,-0.0020247102
1980-09-15 12:00:00,2,0.009364142,0.00064598024,-0.0017603338
1980-09-15 12:00:00,3,1.0119203,-0.0031293258,-0.0015738606
1980-09-15 12:00:00,4,-0.27880657,0.0014968961,-0.0004477948
1980-10-16 00:00:00,0,-0.6070393,-0.0079801455,-0.0031405538
1980-10-16 00:00:00,1,0.7718885,0.002423212,-0.0014190376
1980-10-16 00:00:00,2,1.0404216,-0.0005004257,-0.00022011995
1980-10-16 00:00:00,3,-0.8969008,-0.003343545,-0.0005273968
1980-10-16 00:00:00,4,2.2290425,0.00052277744,0.00055119395
1980-11-15 12:00:00,0,-0.6007209,-0.0080266595,-0.0029739887
1980-11-15 12:00:00,1,1.1005658,0.0019613504,-0.00121364
1980-11-15 12:00:00,2,-1.6884829,6.313622e-05,-0.0008061379
1980-11-15 12:00:00,3,0.45580307,-0.002758287,0.00029120594
1980-11-15 12:00:00,4,0.10553445,-0.0005212426,0.0004976243
1980-12-16 00:00:00,0,-0.38650364,0.00064857304,-0.0017492622
1980-12-16 00:00:00,1,1.7553802,0.00068347156,-0.0017662346
1980-12-16 00:00:00,2,1.7286339,-0.005097404,-0.0005457178
1980-12-16 00:00:00,3,0.36272082,0.001572229,0.0047422796
1980-12-16 00:00:00,4,-0.6151332,-0.011248603,-0.00090152025
1981-01-16 00:00:00,0,-0.20695202,0.009240851,-0.0053164065
1981-01-16 00:00:00,1,-1.3652501,0.00052689016,0.0008813739
1981-01-16 00:00:00,2,2.187571,-0.0057967007,-0.0046552196
1981-01-16 00:00:00,3,-0.27689153,0.008652434,0.009349503
1981-01-16 00:00:00,4,-0.111796714,-0.015064694,-0.0015550107
1981-02-14 12:00:00,0,1.4399476,0.00022004545,-0.002110511
1981-02-14 12:00:00,1,-0.2978657,0.0017272979,0.0006015599
1981-02-14 12:00:00,2,-0.19245094,-0.0016751885,-0.003463246
1981-02-14 12:00:00,3,2.7102287,0.0010752678,0.002573721
1981-02-14 12:00:00,4,1.3031147,-0.0052182227,0.0012406111
1981-03-16 00:00:00,0,0.31211945,0.0062811673,-0.0024121404
1981-03-16 00:00:00,1,-0.8650187,0.002607435,-0.0025810748
1981-03-16 00:00:00,2,-1.109153,-0.0050155222,-0.005253069
1981-03-16 00:00:00,3,0.20839524,0.0054208264,0.0026840419
1981-03-16 00:00:00,4,1.0241795,-0.011194378,-0.0012925267
1981-04-15 12:00:00,0,1.3417566,-0.0052485913,-0.0038253516
1981-04-15 12:00:00,1,-0.10690257,0.0013051778,-0.001193285
1981-04-15 12:00:00,2,2.272678,-0.001088947,0.000110678375
1981-04-15 12:00:00,3,-0.06921877,-0.0019770414,0.0020261258
1981-04-15 12:00:00,4,0.41637558,-0.002093196,-0.00069499016
1981-05-16 00:00:00,0,0.43939993,-0.0074873194,-0.0047329664
1981-05-16 00:00:00,1,0.60981196,0.002825737,-0.0022487044
1981-05-16 00:00:00,2,0.74074644,0.00091326237,-0.004307255
1981-05-16 00:00:00,3,0.8314316,-0.0016084462,-0.0008394569
1981-05-16 00:00:00,4,1.6431167,-0.0014680028,-7.1272254e-05
1981-06-15 12:00:00,0,1.9636751,-0.009591766,-0.0025056154
1981-06-15 12:00:00,1,1.910649,0.0026811808,-0.0017909855
1981-06-15 12:00:00,2,-1.2033875,-0.00025480986,-9.312481e-05
1981-06-15 12:00:00,3,0.8682888,-0.0040786937,-0.0012156516
1981-06-15 12:00:00,4,-0.24429406,0.0019293725,-0.00012297928
1981-07-16 00:00:00,0,-1.8737683,-0.009777963,-0.0024006814
1981-07-16 00:00:00,1,0.022435354,0.0025164038,-0.0016903728
1981-07-16 00:00:00,2,-0.33181238,7.69496e-05,-0.0007099286
1981-07-16 00:00:00,3,-0.064390615,-0.0041435063,-0.0011918172
1981-07-16 00:00:00,4,0.63779926,0.0018668026,2.066791e-05
1981-08-16 00:00:00,0,-1.0472487,-0.009532839,-0.0024042875
1981-08-16 00:00:00,1,0.44234288,0.0024907887,-0.0016565919
1981-08-16 00:00:00,2,-1.726809,0.00043451786,-0.00031016767
1981-08-16 00:00:00,3,-1.3919822,-0.0039599836,-0.001315482
1981-08-16 00:00:00,4,0.43908,0.001912728,0.00029429793
1981-09-15 12:00:00,0,0.8315886,-0.008850597,-0.0027599484
1981-09-15 12:00:00,1,0.03171754,0.002856791,-0.0018710792
1981-09-15 12:00:00,2,0.027447684,-0.00096976757,-0.00019004941
1981-09-15 12:00:00,3,-1.8444264,-0.0035709664,-0.001080662
1981-09-15 12:00:00,4,-0.04154815,0.00078995526,0.00019849837
1981-10-16 00:00:00,0,-0.85836554,0.00017516315,-0.002837792
1981-10-16 00:00:00,1,-1.213259,0.0018902421,-0.0016225278
1981-10-16 00:00:00,2,-0.12291365,-0.005711943,-0.0013644099
1981-10-16 00:00:00,3,0.6427831,0.0014495254,0.0042620674
1981-10-16 00:00:00,4,-2.528551,-0.009131104,-0.001493007
1981-11-15 12:00:00,0,-0.8133169,0.010642156,-0.0026501864
1981-11-15 12:00:00,1,0.5949721,-0.00018082559,-0.00031477213
1981-11-15 12:00:00,2,-1.6020384,-0.010770142,-9.0904534e-05
1981-11-15 12:00:00,3,-0.64243364,0.007068895,0.011523806
1981-11-15 12:00:00,4,0.5388653,-0.016847014,-0.0037669092
1981-12-16 00:00:00,0,0.8577111,0.008484885,-0.003867671
1981-12-16 00:00:00,1,-0.89932925,-0.0008645505,-0.000415653
1981-12-16 00:00:00,2,-1.1485656,-0.008878782,0.0031432584
1981-12-16 00:00:00,3,0.47840393,0.0066866726,0.010848202
1981-12-16 00:00:00,4,1.0434858,-0.018060647,-0.00070525706
1982-01-16 00:00:00,0,0.0774827,0.010613337,-0.00298056
1982-01-16 00:00:00,1,-1.128965,0.0008684248,0.0021032095
1982-01-16 00:00:00,2,1.6012851,-0.0058691204,-0.004467346
1982-01-16 00:00:00,3,-1.6393118,0.0077077597,0.008779503
1982-01-16 00:00:00,4,-1.5775346,-0.01290109,-0.0008069426
1982-02-14 12:00:00,0,-0.013003666,0.0063384026,-0.002134636
1982-02-14 12:00:00,1,0.7114422,0.001155898,0.0003041625
1982-02-14 12:00:00,2,0.4501617,-0.007528886,-0.00012794137
1982-02-14 12:00:00,3,-0.40910715,0.00511989,0.0070418864
1982-02-14 12:00:00,4,0.1663987,-0.013422929,-0.00039879978
1982-03-16 00:00:00,0,3.074613,0.01568003,-0.0052630007
1982-03-16 00:00:00,1,0.98571116,-0.0001911372,0.0007149428
1982-03-16 00:00:00,2,1.4099466,-0.01114203,-0.004284434
1982-03-16 00:00:00,3,1.3759252,0.010073662,0.011766955
1982-03-16 00:00:00,4,-0.27815932,-0.017515399,-0.0018999577
1982-04-15 12:00:00,0,2.2193189,0.0064789057,-0.0042704493
1982-04-15 12:00:00,1,-1.2657233,0.0024762005,-0.00037160516
1982-04-15 12:00:00,2,0.5090631,-0.0104592,-0.002111271
1982-04-15 12:00:00,3,-1.507297,0.0045909807,0.006415397
1982-04-15 12:00:00,4,-1.9144298,-0.013001308,-0.0006490201
1982-05-16 00:00:00,0,1.0082093,-0.009155415,-0.004108846
1982-05-16 00:00:00,1,-1.2822182,0.0024310946,-0.0014629513
1982-05-16 00:00:00,2,0.5296434,0.00013969839,-0.0008796379
1982-05-16 00:00:00,3,-1.5563455,-0.0036835894,-0.000323236
1982-05-16 00:00:00,4,0.8351873,0.001263991,-0.00017283857
1982-06-15 12:00:00,0,0.39204848,-0.00665731,-0.0032182336
1982-06-15 12:00:00,1,-0.40957838,0.0028211623,-0.002229005
1982-06-15 12:00:00,2,1.465399,0.0017257184,-0.0036499277
1982-06-15 12:00:00,3,-1.384837,-0.0008293912,-0.00041040033
1982-06-15 12:00:00,4,-0.3122154,-0.0010593235,-0.0012251586
1982-07-16 00:00:00,0,-0.9886813,-0.009724349,-0.0020106286
1982-07-16 00:00:00,1,-1.401965,0.0025883913,-0.0018068105
1982-07-16 00:00:00,2,-0.8630089,9.302795e-05,-0.0021223053
1982-07-16 00:00:00,3,0.82953,-0.0041663647,-0.00112582
1982-07-16 00:00:00,4,2.6907349,0.0016297102,-0.00067955256
1982-08-16 00:00:00,0,0.039799575,-0.009185761,-0.0021814704
1982-08-16 00:00:00,1,1.025218,0.0026373267,-0.0018873215
1982-08-16 00:00:00,2,-0.0037981998,-5.4702163e-05,-0.0011225715
1982-08-16 00:00:00,3,0.12028472,-0.0034442842,-0.0008847192
1982-08-16 00:00:00,4,0.72564894,0.0009875745,-0.00066660345
1982-09-15 12:00:00,0,0.9646207,-0.00024757534,-0.0025117248
1982-09-15 12:00:00,1,0.8814194,0.00050498545,-0.0034178048
1982-09-15 12:00:00,2,0.7054092,-0.00062930584,-0.00046154857
1982-09-15 12:00:00,3,-0.9509207,-6.2413514e-05,0.0017212108
1982-09-15 12:00:00,4,0.6803865,-0.005962312,-0.0012571812
1982-10-16 00:00:00,0,0.589138,0.0011711717,-0.0040433705
1982-10-16 00:00:00,1,0.70241094,0.0011601746,-0.00050231814
1982-10-16 00:00:00,2,-0.4914063,-0.00391379,-0.0016012713
1982-10-16 00:00:00,3,-0.5318351,0.0018078312,0.004549414
1982-10-16 00:00:00,4,0.88173175,-0.009172827,0.00066009164
1982-11-15 12:00:00,0,0.4787023,0.012147233,-0.0032954067
1982-11-15 12:00:00,1,-0.31902078,0.0014105141,-0.00041042268
1982-11-15 12:00:00,2,1.4487743,-0.007722661,-0.0012740567
1982-11-15 12:00:00,3,-0.24153331,0.008519299,0.007540807
1982-11-15 12:00:00,4,0.18228814,-0.014296882,-0.0012181252
1982-12-16 00:00:00,0,-0.29116604,0.0075104535,-0.0030954033
1982-12-16 00:00:00,1,-0.23552504,-0.00048069656,-0.0016322732
1982-12-16 00:00:00,2,0.49815136,-0.007695034,0.0017161295
1982-12-16 00:00:00,3,0.36619982,0.0055551603,0.009373881
1982-12-16 00:00:00,4,-0.85090494,-0.015919007,-0.0027928203
1983-01-16 00:00:00,0,0.7026888,0.01356861,-0.0036868155
1983-01-16 00:00:00,1,-0.49170178,0.0010896176,-0.000688076
1983-01-16 00:00:00,2,0.3604503,-0.00692904,-0.005333662
1983-01-16 00:00:00,3,0.70036256,0.010486178,0.008463509
1983-01-16 00:00:00,4,0.31760272,-0.014871888,-0.0039044768
1983-02-14 12:00:00,0,-1.1486201,0.018531546,-0.0067670792
1983-02-14 12:00:00,1,0.14592843,-0.0007543266,0.0026332885
1983-02-14 12:00:00,2,-0.3339029,-0.011229858,-0.0064155012
1983-02-14 12:00:00,3,0.3353637,0.012079969,0.014334671
1983-02-14 12:00:00,4,-0.08126778,-0.017599396,-0.0029826313
1983-03-16 00:00:00,0,0.6147469,0.017686188,-0.008760527
1983-03-16 00:00:00,1,0.05356999,-0.0005313158,0.0033978075
1983-03-16 00:00:00,2,-0.61546844,-0.009242475,-0.0058809966
1983-03-16 00:00:00,3,0.20073748,0.0124806985,0.014249846
1983-03-16 00:00:00,4,1.7608917,-0.016362116,-0.0020055026
1983-04-15 12:00:00,0,0.28780043,0.009760365,-0.0033109933
1983-04-15 12:00:00,1,0.0040630763,0.0037295371,-0.00087815523
1983-04-15 12:00:00,2,1.6518666,-0.004454851,-0.0034528077
1983-04-15 12:00:00,3,1.5476019,0.009202652,0.0037867054
1983-04-15 12:00:00,4,-1.1249475,-0.010381386,-0.0016974062
1983-05-16 00:00:00,0,0.09558026,-0.007372573,-0.0029935092
1983-05-16 00:00:00,1,0.9171302,0.0018145591,-0.0011679679
1983-05-16 00:00:00,2,0.7052396,-6.8843365e-05,-0.0015304685
1983-05-16 00:00:00,3,-0.46844566,-0.0025982112,0.0007384941
1983-05-16 00:00:00,4,1.1920872,-0.00051116943,-0.00040577352
1983-06-15 12:00:00,0,0.36987618,-0.009803183,-0.0027590096
1983-06-15 12:00:00,1,0.5330924,0.002975285,-0.0025313944
1983-06-15 12:00:00,2,0.10199998,0.0003604442,-0.0017690063
1983-06-15 12:00:00,3,0.12194598,-0.0034849644,-0.0018203259
1983-06-15 12:00:00,4,-0.4400032,0.00076138973,-0.00010757148
1983-07-16 00:00:00,0,0.41027564,-0.009969808,-0.0022559166
1983-07-16 00:00:00,1,-0.41886073,0.0024475157,-0.0021163374
1983-07-16 00:00:00,2,-1.1827468,0.00061811507,-0.0006862059
1983-07-16 00:00:00,3,-0.37885544,-0.0041254833,-0.0014891699
1983-07-16 00:00:00,4,1.6653552,0.0018699914,-0.00019173324
1983-08-16 00:00:00,0,0.7679814,-0.007328585,-0.0051453114
1983-08-16 00:00:00,1,-1.622062,0.0036959052,-0.004746482
1983-08-16 00:00:00,2,-1.3365571,0.001964748,-0.0045059696
1983-08-16 00:00:00,3,0.023480758,-0.0001006946,-0.0032857358
1983-08-16 00:00:00,4,0.19536535,-0.0034504086,-0.00038328767
1983-09-15 12:00:00,0,0.7550129,-0.0066124126,-0.0049322695
1983-09-15 12:00:00,1,-0.23958772,0.0012809336,-0.002393037
1983-09-15 12:00:00,2,0.57384896,0.00014021993,-0.0017753243
1983-09-15 12:00:00,3,-0.155641,-0.0023831576,0.001534462
1983-09-15 12:00:00,4,0.9600334,-0.0025503337,-0.0013975799
1983-10-16 00:00:00,0,-0.118675426,-0.005743757,-0.0032338947
1983-10-16 00:00:00,1,-0.4137252,0.0017805845,-0.003189057
1983-10-16 00:00:00,2,-1.5490794,-0.002643764,0.0016914234
1983-10-16 00:00:00,3,-1.2212337,-0.00221207,0.0009797215
1983-10-16 00:00:00,4,-0.111182705,-0.0038792044,-0.0012882501
1983-11-15 12:00:00,0,0.010993985,0.017133608,-0.004965171
1983-11-15 12:00:00,1,-0.707486,-0.0011266917,0.0006492585
1983-11-15 12:00:00,2,2.3000133,-0.010853738,-0.0006019622
1983-11-15 12:00:00,3,-0.77742076,0.011562593,0.013451204
1983-11-15 12:00:00,4,-0.5845572,-0.019893624,-0.002577737
1983-12-16 00:00:00,0,0.8629979,0.016034499,-0.005520895
1983-12-16 00:00:00,1,-0.048944607,-0.0025663376,0.0013945997
1983-12-16 00:00:00,2,-1.0802991,-0.0094284415,-0.00011546165
1983-12-16 00:00:00,3,0.34345496,0.011998847,0.015981592
1983-12-16 00:00:00,4,0.49771735,-0.02092006,-0.002873242
1984-01-16 00:00:00,0,0.13147923,-0.006941974,-0.0023911
1984-01-16 00:00:00,1,1.7686421,0.00089360774,-0.0005211979
1984-01-16 00:00:00,2,-0.21166854,0.001338318,-0.001248911
1984-01-16 00:00:00,3,1.3517699,-0.0027083158,0.0011373982
1984-01-16 00:00:00,4,-0.6561973,-0.00020332634,0.00023262203
1984-02-15 00:00:00,0,0.9819778,-1.0408461e-05,-0.0029790848
1984-02-15 00:00:00,1,1.8508655,0.0016310364,-0.0003722459
1984-02-15 00:00:00,2,1.4468503,-0.0069345683,-0.0010132715
1984-02-15 00:00:00,3,0.9832465,0.0008222833,0.004957013
1984-02-15 00:00:00,4,-1.2712554,-0.009538978,0.00047458708
1984-03-16 00:00:00,0,-0.662838,-0.002594553,-0.0035866052
1984-03-16 00:00:00,1,0.77954024,0.0016437918,-0.00066652894
1984-03-16 00:00:00,2,0.6537101,-0.0034795552,-0.0007734969
1984-03-16 00:00:00,3,-0.16162187,0.0003126487,0.0037148371
1984-03-16 00:00:00,4,-0.8316461,-0.0066953897,5.7429075e-05
1984-04-15 12:00:00,0,1.0186027,-0.0060793236,-0.0039714277
1984-04-15 12:00:00,1,-0.009240775,0.0013732761,-0.0018747449
1984-04-15 12:00:00,2,1.2448672,-0.0016321093,-0.00043994933
1984-04-15 12:00:00,3,0.98626137,-0.0020306483,0.0017188787
1984-04-15 12:00:00,4,1.5382562,-0.0041118264,0.00031417608
1984-05-16 00:00:00,0,-0.6450484,-0.008507237,-0.0026160926
1984-05-16 00:00:00,1,-0.28201348,0.002076283,-0.0017781109
1984-05-16 00:00:00,2,-0.32330662,-0.0002515018,-0.00020954013
1984-05-16 00:00:00,3,1.139762,-0.003381215,-0.00042162836
1984-05-16 00:00:00,4,1.1673849,-0.00017507374,0.0004146695
1984-06-15 12:00:00,0,-0.02152865,-0.007644929,-0.0023369342
1984-06-15 12:00:00,1,-1.0747035,0.0028304607,-0.0016380697
1984-06-15 12:00:00,2,0.5684476,-0.0014288872,-0.0015418753
1984-06-15 12:00:00,3,-0.49718153,-0.0022960305,-0.0003610775
1984-06-15 12:00:00,4,-0.72440034,-0.0012432188,0.00015947223
1984-07-16 00:00:00,0,1.3023963,-0.008822501,-0.0024040937
1984-07-16 00:00:00,1,0.6110016,0.0029134005,-0.0020694584
1984-07-16 00:00:00,2,-1.0718119,-0.0006314814,-0.001666449
1984-07-16 00:00:00,3,0.003927149,-0.003963411,-0.0011782125
1984-07-16 00:00:00,4,-1.9040809,0.0010794997,-0.00069001317
1984-08-16 00:00:00,0,0.49524483,-0.009755045,-0.00244084
1984-08-16 00:00:00,1,-0.2362504,0.002317682,-0.002230361
1984-08-16 00:00:00,2,-0.6289859,-7.463992e-05,-0.0016015619
1984-08-16 00:00:00,3,-0.95367044,-0.0040226653,-0.0011577755
1984-08-16 00:00:00,4,0.8954138,0.00035114586,-2.9832125e-05
1984-09-15 12:00:00,0,-0.16660513,-0.0084092915,-0.0027565658
1984-09-15 12:00:00,1,0.2692805,0.0020631999,-0.0017802417
1984-09-15 12:00:00,2,0.29713386,-0.00021804869,-0.00054020435
1984-09-15 12:00:00,3,0.035970926,-0.0038502663,-0.0007483959
1984-09-15 12:00:00,4,-0.7217236,0.00064723194,0.00022432208
1984-10-16 00:00:00,0,0.12270072,-0.0012224913,-0.002495736
1984-10-16 00:00:00,1,0.91854715,8.687377e-05,-0.0009919703
1984-10-16 00:00:00,2,-0.8721804,-0.0022054762,-0.0021948814
1984-10-16 00:00:00,3,-1.745465,0.00041237473,0.0044324324
1984-10-16 00:00:00,4,0.07243852,-0.0075554103,-0.00088115036
1984-11-15 12:00:00,0,-0.04110297,0.01563713,-0.0042167753
1984-11-15 12:00:00,1,-1.0738056,-0.001939103,-8.0406666e-05
1984-11-15 12:00:00,2,-0.93881893,-0.008820295,-0.0009892955
1984-11-15 12:00:00,3,-0.96697146,0.0105809495,0.013024911
1984-11-15 12:00:00,4,0.10582514,-0.019471973,-0.0036453605
1984-12-16 00:00:00,0,0.36481628,0.0056069195,1.5810132e-05
1984-12-16 00:00:00,1,-1.1938729,0.0023447126,-0.00096412003
1984-12-16 00:00:00,2,-1.0602385,0.00044469535,-0.005474925
1984-12-16 00:00:00,3,0.122433305,0.004598394,-0.0001271069
1984-12-16 00:00:00,4,0.74734044,-0.0053928196,0.00019395351
1985-01-16 00:00:00,0,1.0592846,-0.004855059,-0.0031744242
1985-01-16 00:00:00,1,-0.17106363,0.0010476112,-0.0006502867
1985-01-16 00:00:00,2,-0.060990423,0.0002028346,-0.0022179931
1985-01-16 00:00:00,3,-0.893124,-0.0015216768,0.0016233101
1985-01-16 00:00:00,4,1.9070184,-0.0023824126,0.00014992058
1985-02-14 12:00:00,0,1.1272956,-0.00023243576,-0.0026471913
1985-02-14 12:00:00,1,1.1223154,0.0008673072,-0.00075025856
1985-02-14 12:00:00,2,-0.41402587,-0.0034072697,-0.0007485151
1985-02-14 12:00:00,3,-1.2043778,0.0005216524,0.0040415972
1985-02-14 12:00:00,4,1.8870609,-0.007343769,-0.0004159063
1985-03-16 00:00:00,0,0.7726822,0.0057902187,-0.0040735453
1985-03-16 00:00:00,1,-0.5751405,0.00263758,-0.002083242
1985-03-16 00:00:00,2,0.63893616,-0.0040270537,-0.0014129654
1985-03-16 00:00:00,3,0.07666337,0.006978631,0.0049411952
1985-03-16 00:00:00,4,-1.2551901,-0.010605812,-0.0032914132
1985-04-15 12:00:00,0,-1.2076654,-0.007773526,-0.003541857
1985-04-15 12:00:00,1,-0.7330871,0.0017906427,-0.0015060455
1985-04-15 12:00:00,2,1.7412424,0.0011343956,-0.00072932243
1985-04-15 12:00:00,3,0.48781148,-0.0029197112,-0.00020944327
1985-04-15 12:00:00,4,-0.2947669,0.00010699034,0.0004336089
1985-05-16 00:00:00,0,1.1056365,-0.010087043,-0.0030559897
1985-05-16 00:00:00,1,-0.54914904,0.0025059134,-0.0021325797
1985-05-16 00:00:00,2,0.8720937,0.0007009655,-0.0010358319
1985-05-16 00:00:00,3,0.13361287,-0.0036614165,-0.001111947
1985-05-16 00:00:00,4,-2.0573568,0.0013683885,-0.0004506111
1985-06-15 12:00:00,0,0.43961468,-0.009179361,-0.0020447075
1985-06-15 12:00:00,1,0.3551767,0.0023694932,-0.0018878579
1985-06-15 12:00:00,2,-0.15029472,-2.9817224e-05,-0.0006273389
1985-06-15 12:00:00,3,-0.65877455,-0.004085444,-0.0012431741
1985-06-15 12:00:00,4,-1.015245,0.0010112524,0.0003386289
1985-07-16 00:00:00,0,-0.57295173,-0.009882525,-0.0024692565
1985-07-16 00:00:00,1,0.43165144,0.0033420622,-0.002674371
1985-07-16 00:00:00,2,-0.0049622823,-0.0002194792,-0.0016352534
1985-07-16 00:00:00,3,1.0335486,-0.003972821,-0.0021260902
1985-07-16 00:00:00,4,-0.60721225,0.0010909438,-0.00047703087
1985-08-16 00:00:00,0,-1.2193723,-0.009462066,-0.002063617
1985-08-16 00:00:00,1,-0.4534906,0.0024316162,-0.001674667
1985-08-16 00:00:00,2,0.725211,0.00033578277,-0.0004926473
1985-08-16 00:00:00,3,0.3015681,-0.0039846227,-0.0011798516
1985-08-16 00:00:00,4,-1.7400569,0.0019416064,-5.9366226e-05
1985-09-15 12:00:00,0,1.0396296,-0.006176263,-0.0042071044
1985-09-15 12:00:00,1,0.5562096,0.0033708364,-0.0019758493
1985-09-15 12:00:00,2,1.1159972,-0.0020476133,-0.0018549487
1985-09-15 12:00:00,3,-0.5962554,-0.00055197626,0.000554502
1985-09-15 12:00:00,4,-1.1078236,-0.003299266,-0.00070628524
1985-10-16 00:00:00,0,-0.71741205,-0.0036926717,-0.002704993
1985-10-16 00:00:00,1,0.42532164,0.0014049709,0.0001912862
1985-10-16 00:00:00,2,-0.28307718,-0.0015733093,-0.0015318617
1985-10-16 00:00:00,3,1.1201539,-0.0009985343,0.0025048405
1985-10-16 00:00:00,4,-0.7526036,-0.0037042499,0.0009900779
1985-11-15 12:00:00,0,0.94146794,0.009337321,-0.0021120608
1985-11-15 12:00:00,1,-1.1265887,0.0017091036,-0.0012820959
1985-11-15 12:00:00,2,1.2530154,-0.006720826,-0.0013406053
1985-11-15 12:00:00,3,-1.3221539,0.005477108,0.0045609847
1985-11-15 12:00:00,4,-0.67497396,-0.011676744,-0.0002604127
1985-12-16 00:00:00,0,0.5407707,0.0025259703,-0.0024183989
1985-12-16 00:00:00,1,-0.3643343,0.0016072243,1.0833144e-05
1985-12-16 00:00:00,2,2.2385798,-0.0034272522,-0.0030273423
1985-12-16 00:00:00,3,-1.757938,0.0032769665,0.0044957027
1985-12-16 00:00:00,4,-1.1179492,-0.008456379,-0.00053201616
1986-01-16 00:00:00,0,0.013719672,0.01106596,-0.0013814867
1986-01-16 00:00:00,1,1.555738,0.00012247264,0.0013895631
1986-01-16 00:00:00,2,1.0587454,-0.008217841,-0.002410993
1986-01-16 00:00:00,3,0.98628074,0.008772984,0.010026857
1986-01-16 00:00:00,4,0.07432238,-0.017587245,-0.00074887276
1986-02-14 12:00:00,0,0.0016601123,0.022014007,-0.0070486516
1986-02-14 12:00:00,1,-0.48776346,-0.002415657,0.0030649453
1986-02-14 12:00:00,2,0.37524348,-0.015949294,-0.004573874
1986-02-14 12:00:00,3,0.40924755,0.011301629,0.0175765
1986-02-14 12:00:00,4,0.16836752,-0.020045385,-0.0021128803
1986-03-16 00:00:00,0,-1.6582792,0.009543791,-0.002737388
1986-03-16 00:00:00,1,0.12026449,0.0022871941,-0.00026617944
1986-03-16 00:00:00,2,0.5876403,-0.0076917857,-0.0066704154
1986-03-16 00:00:00,3,0.4877215,0.0077165887,0.0058174655
1986-03-16 00:00:00,4,-0.083111435,-0.013905637,-0.0005349517
1986-04-15 12:00:00,0,0.3854888,-0.0051585585,-0.0036241114
1986-04-15 12:00:00,1,0.6058197,0.0015460551,-0.0017068237
1986-04-15 12:00:00,2,-0.21062225,-0.0010828227,-0.0020074323
1986-04-15 12:00:00,3,0.032046646,-0.0014938265,0.0021988377
1986-04-15 12:00:00,4,-0.17353237,-0.0027361214,-0.0022254884
1986-05-16 00:00:00,0,-2.5212965,-0.008420348,-0.0028867424
1986-05-16 00:00:00,1,0.46245608,0.0022479594,-0.0016878694
1986-05-16 00:00:00,2,-0.9153771,-0.0010920763,-0.0012133569
1986-05-16 00:00:00,3,0.9384001,-0.0030106679,0.00042770803
1986-05-16 00:00:00,4,-0.45690084,-0.0006252378,-0.00042507052
1986-06-15 12:00:00,0,0.98215795,-0.00949645,-0.0022763014
1986-06-15 12:00:00,1,1.0344439,0.0024544746,-0.0018425435
1986-06-15 12:00:00,2,0.7411913,0.00022791326,-0.00083988905
1986-06-15 12:00:00,3,0.7798326,-0.0038903728,-0.0012192726
1986-06-15 12:00:00,4,-0.028685588,0.0015190691,-7.6919794e-05
1986-07-16 00:00:00,0,0.60057074,-0.008633114,-0.0025388002
1986-07-16 00:00:00,1,-0.04274895,0.0023126304,-0.0019925833
1986-07-16 00:00:00,2,0.740712,-0.00031548738,0.00013779849
1986-07-16 00:00:00,3,0.37408984,-0.003662601,-0.0007414371
1986-07-16 00:00:00,4,-0.93653417,0.0006931722,-0.0002193898
1986-08-16 00:00:00,0,0.6873927,-0.009795107,-0.002323985
1986-08-16 00:00:00,1,-1.982429,0.002515018,-0.0020324588
1986-08-16 00:00:00,2,-0.7429575,0.00032648444,-0.0011497363
1986-08-16 00:00:00,3,0.20590788,-0.004103981,-0.0015480146
1986-08-16 00:00:00,4,-0.8205596,0.0015893131,-3.9353967e-05
1986-09-15 12:00:00,0,0.32370314,-0.0018864796,-0.0034922361
1986-09-15 12:00:00,1,-0.4939652,0.0029741526,-0.0008621514
1986-09-15 12:00:00,2,0.03916181,-0.005039215,-2.335012e-05
1986-09-15 12:00:00,3,-1.426807,0.0010867268,0.002705805
1986-09-15 12:00:00,4,0.5579882,-0.006074965,-0.00015866756
1986-10-16 00:00:00,0,-2.0414116,-0.0088951215,-0.00396882
1986-10-16 00:00:00,1,0.8978567,0.002170667,-0.0018962175
1986-10-16 00:00:00,2,0.24855626,0.00048814714,-0.0008981079
1986-10-16 00:00:00,3,-1.2702113,-0.003014937,-0.00044801086
1986-10-16 00:00:00,4,-0.26921287,1.1116266e-05,-2.1845102e-05
1986-11-15 12:00:00,0,2.0172927,-0.0087508485,-0.0027888864
1986-11-15 12:00:00,1,-0.12640648,0.0024723262,-0.0019223839
1986-11-15 12:00:00,2,-0.77235746,-0.00070905685,-0.00028263032
1986-11-15 12:00:00,3,2.819267,-0.004370056,-0.0016466603
1986-11-15 12:00:00,4,0.82160205,0.0008716732,0.0011259317
1986-12-16 00:00:00,0,1.3539352,-0.0038443208,-0.0032253116
1986-12-16 00:00:00,1,0.4550258,0.0012581944,-8.34465e-06
1986-12-16 00:00:00,2,-0.24720734,-8.106232e-05,-0.004653603
1986-12-16 00:00:00,3,0.4010631,-0.00029779226,0.0020853952
1986-12-16 00:00:00,4,1.9618058,-0.0039260536,0.0006610304
1987-01-16 00:00:00,0,-0.6715437,0.0065748394,-0.0013393015
1987-01-16 00:00:00,1,0.4339296,0.0010115504,4.9963593e-05
1987-01-16 00:00:00,2,0.299973,-0.0029064268,-0.002429299
1987-01-16 00:00:00,3,0.099428765,0.0048129335,0.0047333986
1987-01-16 00:00:00,4,1.3085365,-0.01026684,-0.000117212534
1987-02-14 12:00:00,0,0.08602402,0.005937353,-0.0019148737
1987-02-14 12:00:00,1,-0.40011352,0.0017721951,-0.0009895265
1987-02-14 12:00:00,2,-0.76334876,-0.0055158585,-0.002367556
1987-02-14 12:00:00,3,-0.639464,0.00455451,0.0049359426
1987-02-14 12:00:00,4,0.083715595,-0.010409743,-0.0018943995
1987-03-16 00:00:00,0,-0.80500185,0.005579591,-0.0024853796
1987-03-16 00:00:00,1,-1.1684171,0.0023756772,-0.0019482076
1987-03-16 00:00:00,2,-0.9488919,-0.0062585175,-0.0029638037
1987-03-16 00:00:00,3,1.0198344,0.005021617,0.0035066754
1987-03-16 00:00:00,4,1.008983,-0.01157935,-0.0007292479
1987-04-15 12:00:00,0,-0.088085495,-0.006886497,-0.0031189919
1987-04-15 12:00:00,1,1.9326503,0.0021310449,-0.0023100823
1987-04-15 12:00:00,2,0.7222082,0.00020891428,-0.0024090484
1987-04-15 12:00:00,3,-2.189504,-0.0026402548,-0.0008754656
1987-04-15 12:00:00,4,-0.41603383,-0.0007340312,-0.0002629757
1987-05-16 00:00:00,0,-0.4961803,-0.009100668,-0.0050839037
1987-05-16 00:00:00,1,1.8376989,0.0026563555,-0.0035919994
1987-05-16 00:00:00,2,-1.2118171,0.0021493733,-0.0044448376
1987-05-16 00:00:00,3,-0.18431251,-0.001974672,-0.001440756
1987-05-16 00:00:00,4,0.72770214,-0.0015663207,-0.00044506788
1987-06-15 12:00:00,0,-0.25280365,-0.009195469,-0.0032587945
1987-06-15 12:00:00,1,-2.94862,0.002490744,-0.0027444363
1987-06-15 12:00:00,2,1.0663021,0.0019022822,-0.0010519773
1987-06-15 12:00:00,3,-1.0149785,-0.0028623492,-0.0012669414
1987-06-15 12:00:00,4,-1.3063673,0.00083865225,-0.0011674315
1987-07-16 00:00:00,0,-1.9213116,-0.00945393,-0.0027037114
1987-07-16 00:00:00,1,-0.5883457,0.0024489015,-0.0015610456
1987-07-16 00:00:00,2,0.6964004,0.0001295805,-0.0018661842
1987-07-16 00:00:00,3,0.68030465,-0.0037630647,-0.00084750354
1987-07-16 00:00:00,4,-0.8188035,0.001353994,-8.08835e-05
1987-08-16 00:00:00,0,0.19747232,-0.009507537,-0.002449721
1987-08-16 00:00:00,1,0.07874468,0.0022717416,-0.001671046
1987-08-16 00:00:00,2,-0.9748884,0.00016210973,-0.0002957359
1987-08-16 00:00:00,3,1.3560237,-0.004134923,-0.0009728968
1987-08-16 00:00:00,4,-0.24210525,0.0016931742,8.894503e-05
1987-09-15 12:00:00,0,-2.083901,-0.009435497,-0.0020304322
1987-09-15 12:00:00,1,-0.30368996,0.0025942475,-0.0017323792
1987-09-15 12:00:00,2,1.6784254,0.00024797022,-0.0006557107
1987-09-15 12:00:00,3,1.2418796,-0.0039661005,-0.0012297109
1987-09-15 12:00:00,4,-0.36074972,0.0020779818,-0.00032919645
1987-10-16 00:00:00,0,-1.5528276,-0.0019009188,-0.0009977221
1987-10-16 00:00:00,1,0.38203734,0.0035734177,-0.0023869425
1987-10-16 00:00:00,2,-1.0848379,-0.0013611317,-0.0030533373
1987-10-16 00:00:00,3,-1.8032705,-0.0018583015,-0.0025525838
1987-10-16 00:00:00,4,-1.0641601,-0.000103607774,-0.0005893558
1987-11-15 12:00:00,0,0.84739554,-0.00064620376,-0.003529057
1987-11-15 12:00:00,1,0.20419331,0.0013902336,-0.0017531365
1987-11-15 12:00:00,2,-0.6991854,-0.0032469183,-0.00034695864
1987-11-15 12:00:00,3,1.1460468,0.0012513697,0.0028583184
1987-11-15 12:00:00,4,0.75796497,-0.008365914,-0.00014002621
1987-12-16 00:00:00,0,-0.37894875,0.00935173,-0.0024594665
1987-12-16 00:00:00,1,1.3646641,0.0003760308,0.00053037703
1987-12-16 00:00:00,2,-0.88397497,-0.0053242,-0.003440462
1987-12-16 00:00:00,3,1.2138361,0.0078807995,0.008576952
1987-12-16 00:00:00,4,-0.2742001,-0.01404237,-0.0020447224
1988-01-16 00:00:00,0,0.100870386,0.009820342,-0.0024690032
1988-01-16 00:00:00,1,-0.16989312,0.0004886687,-0.00021858513
1988-01-16 00:00:00,2,-0.5276709,-0.004384637,-0.0029371306
1988-01-16 00:00:00,3,0.8216127,0.007813871,0.007161543
1988-01-16 00:00:00,4,-1.815813,-0.0132820755,-0.0017807484
1988-02-15 00:00:00,0,0.079254836,-0.006677568,-0.0020763427
1988-02-15 00:00:00,1,-0.07267473,0.0021997243,-0.0023807287
1988-02-15 00:00:00,2,0.22492918,0.0004005432,-0.002129361
1988-02-15 00:00:00,3,-0.2273217,-0.0025240034,-0.0009414926
1988-02-15 00:00:00,4,-1.5094407,-0.0005197823,-0.0007994026
1988-03-16 00:00:00,0,-0.383479,-0.008070007,-0.002338335
1988-03-16 00:00:00,1,0.16821064,0.001965776,-0.0013349503
1988-03-16 00:00:00,2,2.0610864,-0.0008814484,-0.0007532537
1988-03-16 00:00:00,3,-0.58070517,-0.003483653,0.00035193563
1988-03-16 00:00:00,4,1.3503503,7.034838e-05,-0.00037163496
1988-04-15 12:00:00,0,-0.6596447,-0.00012218207,-0.0021410882
1988-04-15 12:00:00,1,0.1620056,0.0022657067,-0.001997307
1988-04-15 12:00:00,2,0.34934443,-0.003564611,-0.0043604374
1988-04-15 12:00:00,3,0.036757696,0.0009018034,0.0015405118
1988-04-15 12:00:00,4,-0.40771532,-0.0075256974,-0.00017657876
1988-05-16 00:00:00,0,-0.4259322,-0.0062382296,-0.0024474263
1988-05-16 00:00:00,1,-1.2046766,0.0018180758,-0.0018565804
1988-05-16 00:00:00,2,-0.12041968,-0.00051663816,-0.0012099519
1988-05-16 00:00:00,3,0.084777065,-0.0019297302,0.00041618943
1988-05-16 00:00:00,4,-0.947605,-0.002622798,-8.8721514e-05
1988-06-15 12:00:00,0,-1.4450305,-0.008902691,-0.004125029
1988-06-15 12:00:00,1,0.45386028,0.0025216043,-0.0028989613
1988-06-15 12:00:00,2,1.5260154,0.00023391843,-0.0015824884
1988-06-15 12:00:00,3,-0.9339767,-0.0036746413,-0.0014798418
1988-06-15 12:00:00,4,-2.1203194,-0.000161767,-0.000104919076
1988-07-16 00:00:00,0,1.1957643,-0.009119108,-0.0033570677
1988-07-16 00:00:00,1,-0.63062155,0.002554208,-0.0019464493
1988-07-16 00:00:00,2,0.12270267,-0.00024135411,5.710125e-05
1988-07-16 00:00:00,3,0.8890456,-0.0040879846,-0.001155667
1988-07-16 00:00:00,4,-0.38984317,0.0013863146,3.117323e-05
1988-08-16 00:00:00,0,-1.0895249,-0.008341722,-0.0016450137
1988-08-16 00:00:00,1,-0.7674578,0.0025355667,-0.0020011812
1988-08-16 00:00:00,2,-1.0115091,-0.00069221854,-0.00043930858
1988-08-16 00:00:00,3,0.62774086,-0.003208533,-0.0007728562
1988-08-16 00:00:00,4,-1.6900679,-3.1858683e-05,-0.0003452003
1988-09-15 12:00:00,0,0.37862223,-0.009403959,-0.0029907525
1988-09-15 12:00:00,1,-0.4562044,0.0016661435,-0.002576679
1988-09-15 12:00:00,2,-1.4140142,0.0008665621,0.0006964728
1988-09-15 12:00:00,3,0.123274475,-0.0037499964,-0.0006778091
1988-09-15 12:00:00,4,-0.10304494,0.000506863,-0.00046160817
1988-10-16 00:00:00,0,-1.9837447,-0.008885011,-0.0023455322
1988-10-16 00:00:00,1,-0.037672363,0.0016075671,-0.0015587807
1988-10-16 00:00:00,2,1.6488836,0.0009687692,-0.0007056892
1988-10-16 00:00:00,3,-0.77051556,-0.0037708506,-0.0010376498
1988-10-16 00:00:00,4,0.43458873,0.0013908297,-1.7464161e-05
1988-11-15 12:00:00,0,-0.3726692,0.0070908666,-0.0030630827
1988-11-15 12:00:00,1,0.06872766,-0.00022353232,-9.703636e-05
1988-11-15 12:00:00,2,-0.55042064,-0.008195192,0.0026700646
1988-11-15 12:00:00,3,0.81922007,0.005079314,0.008931696
1988-11-15 12:00:00,4,1.507229,-0.015218332,-0.00041475892
1988-12-16 00:00:00,0,0.3674109,0.0051555634,-0.0021961033
1988-12-16 00:00:00,1,1.2714719,0.001984343,-0.00082975626
1988-12-16 00:00:00,2,-0.37906122,-0.005550593,-0.0027912185
1988-12-16 00:00:00,3,1.0496514,0.0039188936,0.0038467199
1988-12-16 00:00:00,4,-0.3328489,-0.010315433,-0.0002490133
1989-01-16 00:00:00,0,-0.9032696,-0.0026836395,-0.0027360618
1989-01-16 00:00:00,1,0.49351096,0.0012571365,2.630055e-05
1989-01-16 00:00:00,2,0.5945279,-0.001179561,-0.00046049803
1989-01-16 00:00:00,3,-2.4318538,-0.00031996518,0.0026857406
1989-01-16 00:00:00,4,-0.8409198,-0.0039378256,0.00062301755
1989-02-14 12:00:00,0,-0.8764255,-0.0023977011,-0.0028638989
1989-02-14 12:00:00,1,-0.34562302,0.0004503727,0.00011268258
1989-02-14 12:00:00,2,0.6838808,-4.0337443e-05,-0.0027234554
1989-02-14 12:00:00,3,-0.20251366,0.00029230118,0.003917724
1989-02-14 12:00:00,4,-0.5150607,-0.0046781898,-0.00029075146
1989-03-16 00:00:00,0,-2.1348557,0.012984067,-0.0024800897
1989-03-16 00:00:00,1,0.23759592,-0.000332281,-0.00036130846
1989-03-16 00:00:00,2,-0.8512919,-0.011803061,0.0034928992
1989-03-16 00:00:00,3,-2.6742883,0.009402901,0.012183584
1989-03-16 00:00:00,4,1.1261612,-0.0200148,-0.0019576699
1989-04-15 12:00:00,0,-0.6061529,-0.0068907663,-0.0033284575
1989-04-15 12:00:00,1,0.97186947,0.002739787,-0.00200966
1989-04-15 12:00:00,2,-0.20808314,-0.0015238076,-0.001801908
1989-04-15 12:00:00,3,-1.4939408,-0.0019177049,-4.0456653e-05
1989-04-15 12:00:00,4,0.41463223,-0.0025728643,0.00014197826
1989-05-16 00:00:00,0,0.96536356,-0.008968793,-0.0046780556
1989-05-16 00:00:00,1,-0.7824465,0.0015851706,-0.003281027
1989-05-16 00:00:00,2,-0.22043687,0.0028455257,-0.0015875027
1989-05-16 00:00:00,3,0.80797315,-0.0023496673,-0.00011795759
1989-05-16 00:00:00,4,-0.80135727,-0.0007482469,-0.0017622709
1989-06-15 12:00:00,0,-0.93525445,-0.0090002045,-0.0018621385
1989-06-15 12:00:00,1,1.1823224,0.0017941296,-0.0029546171
1989-06-15 12:00:00,2,-0.51871526,0.00015982985,-0.0002944544
1989-06-15 12:00:00,3,-0.29317108,-0.003570646,-0.00076984614
1989-06-15 12:00:00,4,0.17701063,-0.0014425665,4.3958426e-06
1989-07-16 00:00:00,0,-1.6113937,-0.009810202,-0.0024033338
1989-07-16 00:00:00,1,0.6501248,0.0022766888,-0.0018160343
1989-07-16 00:00:00,2,-0.39171365,0.00052937865,-0.00039090216
1989-07-16 00:00:00,3,0.5140413,-0.0042017847,-0.0011338666
1989-07-16 00:00:00,4,0.61018014,0.0019328743,-9.575486e-05
1989-08-16 00:00:00,0,0.66519666,-0.009022787,-0.0034617335
1989-08-16 00:00:00,1,1.5716933,0.0023199767,-0.0031570941
1989-08-16 00:00:00,2,0.37827194,0.00020159781,0.00028191507
1989-08-16 00:00:00,3,0.26884687,-0.0032080188,-0.00084330887
1989-08-16 00:00:00,4,-0.17391098,-0.0004068464,-0.0011847168
1989-09-15 12:00:00,0,-0.37496015,-0.0001995042,-0.005220905
1989-09-15 12:00:00,1,-0.8627668,0.0013726354,-0.00018545985
1989-09-15 12:00:00,2,0.44907686,-0.002396524,-0.001670301
1989-09-15 12:00:00,3,-0.7179074,0.0010641813,0.0041468292
1989-09-15 12:00:00,4,1.4033203,-0.0057802647,-0.0009974241
1989-10-16 00:00:00,0,-0.4811793,-0.0004363209,-0.0037213862
1989-10-16 00:00:00,1,0.1895743,0.00042518973,0.00016768277
1989-10-16 00:00:00,2,-0.5372818,-0.0048719198,-0.00044741482
1989-10-16 00:00:00,3,1.0384893,0.0013437867,0.0066122785
1989-10-16 00:00:00,4,-0.8835627,-0.009547487,-0.0004735291
1989-11-15 12:00:00,0,0.19247246,-0.0039915666,-0.0022224188
1989-11-15 12:00:00,1,-0.7686449,0.00065100193,-0.0006438792
1989-11-15 12:00:00,2,-1.6299063,-0.0017967522,-0.00094762444
1989-11-15 12:00:00,3,-1.1788406,-0.0015502125,0.0032391176
1989-11-15 12:00:00,4,0.091489546,-0.0044873357,-0.0003400147
1989-12-16 00:00:00,0,-0.45278764,-0.0096661,-0.0025439858
1989-12-16 00:00:00,1,2.6173742,0.0024342686,-0.0017144084
1989-12-16 00:00:00,2,1.04577,0.0004734099,-0.00030450523
1989-12-16 00:00:00,3,1.9382814,-0.0041501597,-0.0012938604
1989-12-16 00:00:00,4,0.48611903,0.0021626055,8.943677e-05
1990-01-16 00:00:00,0,1.2191458,0.0059260577,-0.0030996501
1990-01-16 00:00:00,1,0.072415836,0.0015558153,0.0015895516
1990-01-16 00:00:00,2,-1.3133769,-0.0062778443,-0.0015615374
1990-01-16 00:00:00,3,1.4080662,0.0050661415,0.006095059
1990-01-16 00:00:00,4,-0.02572567,-0.012819141,0.0025744885
1990-02-14 12:00:00,0,0.80712765,0.0016277581,-0.0027573407
1990-02-14 12:00:00,1,-1.2492374,0.0014733374,-0.00083984435
1990-02-14 12:00:00,2,-0.14900902,-0.0045750737,-0.0018420145
1990-02-14 12:00:00,3,-0.06668592,0.0020993426,0.0042451993
1990-02-14 12:00:00,4,0.75756246,-0.009118959,-0.00029978156
1990-03-16 00:00:00,0,0.3659554,-0.0031902343,-0.00436756
1990-03-16 00:00:00,1,1.2256128,0.0017724484,-0.00069627166
1990-03-16 00:00:00,2,1.2848575,-0.0026618838,-0.00089895725
1990-03-16 00:00:00,3,-1.296712,-0.00028073043,0.0027803853
1990-03-16 00:00:00,4,-0.5463214,-0.004537791,-4.450977e-05
1990-04-15 12:00:00,0,-0.5397301,-0.007310204,-0.004431501
1990-04-15 12:00:00,1,-0.30587453,0.0033060163,-0.0019322932
1990-04-15 12:00:00,2,-0.4137224,0.0011265427,-0.004077129
1990-04-15 12:00:00,3,-0.8347974,-0.0005886704,-0.00064032525
1990-04-15 12:00:00,4,0.55870456,-0.0011913329,-0.00022135675
1990-05-16 00:00:00,0,0.31424886,0.0015036911,-0.0028612018
1990-05-16 00:00:00,1,0.46165365,0.001571998,-0.0011357665
1990-05-16 00:00:00,2,1.1567878,-0.0040370673,-0.0016457513
1990-05-16 00:00:00,3,1.5768795,0.0032312572,0.004309647
1990-05-16 00:00:00,4,0.7997869,-0.009788364,-0.00047039986
1990-06-15 12:00:00,0,1.2579796,-0.009235702,-0.0020739287
1990-06-15 12:00:00,1,-0.5591135,0.0022381693,-0.0015907586
1990-06-15 12:00:00,2,-0.7335201,0.00014054775,-0.0005503446
1990-06-15 12:00:00,3,0.6043208,-0.004041791,-0.0008525625
1990-06-15 12:00:00,4,0.852138,0.0015465617,-2.5227666e-05
1990-07-16 00:00:00,0,-0.052904673,-0.008591659,-0.0015425831
1990-07-16 00:00:00,1,1.0599369,0.0017001331,-0.0021715462
1990-07-16 00:00:00,2,-0.6770036,-0.0006593168,-0.0012617409
1990-07-16 00:00:00,3,0.44374937,-0.004354775,-0.000160411
1990-07-16 00:00:00,4,0.71192694,-0.00011511147,-0.0009441674
1990-08-16 00:00:00,0,-0.70729184,-0.008854888,-0.0025920868
1990-08-16 00:00:00,1,-0.48488003,0.0017514378,-0.0018115044
1990-08-16 00:00:00,2,1.5764337,0.0006338209,-0.0011071265
1990-08-16 00:00:00,3,-0.25957772,-0.0038685873,-0.00036548078
1990-08-16 00:00:00,4,-0.23183799,0.0007326007,-0.00036606193
1990-09-15 12:00:00,0,-0.65044236,-0.0075103343,-0.0045360923
1990-09-15 12:00:00,1,0.022146093,0.0017745644,-0.0024143457
1990-09-15 12:00:00,2,-0.7235929,0.00017686188,0.0006776154
1990-09-15 12:00:00,3,0.072405614,-0.0039895102,-0.00089783967
1990-09-15 12:00:00,4,-1.6957715,0.0003797561,0.00042535365
1990-10-16 00:00:00,0,-0.37665802,-0.007914007,-0.0034977943
1990-10-16 00:00:00,1,1.2267559,0.0023307502,-0.0012134761
1990-10-16 00:00:00,2,-0.5299716,-0.0009084642,0.00022375584
1990-10-16 00:00:00,3,-1.0073307,-0.0032532215,3.1396747e-05
1990-10-16 00:00:00,4,-0.43406627,0.00027611852,0.0002824962
1990-11-15 12:00:00,0,1.179005,-0.005903952,-0.0033914745
1990-11-15 12:00:00,1,0.8881933,0.0015735775,-0.0007906109
1990-11-15 12:00:00,2,-1.5613713,-0.0007838011,0.00019996613
1990-11-15 12:00:00,3,-0.9345343,-0.0024361834,0.0013361797
1990-11-15 12:00:00,4,0.61569583,-0.00077213347,-0.00027941167
1990-12-16 00:00:00,0,0.7139785,-0.0035250336,-0.002602607
1990-12-16 00:00:00,1,-1.8934703,0.001827538,-0.0011045933
1990-12-16 00:00:00,2,3.1841056,-0.0001039803,-0.0010307208
1990-12-16 00:00:00,3,0.45680106,-0.00020145625,0.0010332838
1990-12-16 00:00:00,4,1.2373444,-0.0027516633,-0.00014060736
1991-01-16 00:00:00,0,-0.2745068,-0.006773852,-0.002545327
1991-01-16 00:00:00,1,-1.5826844,0.0016489178,-0.0008710772
1991-01-16 00:00:00,2,-0.91994673,0.00043410063,-0.0009382963
1991-01-16 00:00:00,3,0.122223705,-0.003038913,0.0005093515
1991-01-16 00:00:00,4,-0.4649677,0.0006509721,-0.0004995018
1991-02-14 12:00:00,0,-0.28755036,0.00050365925,-0.0025224537
1991-02-14 12:00:00,1,2.2620478,0.0023830086,-0.00057433546
1991-02-14 12:00:00,2,-0.098809496,-0.0036298484,-0.0027801543
1991-02-14 12:00:00,3,-1.3014377,0.0017565563,0.002577424
1991-02-14 12:00:00,4,0.31912148,-0.005983904,-0.00072300434
1991-03-16 00:00:00,0,-1.5008961,0.01863195,-0.008559182
1991-03-16 00:00:00,1,-2.2899508,-0.00020074844,0.0012240112
1991-03-16 00:00:00,2,-0.18853298,-0.013312623,-0.004886359
1991-03-16 00:00:00,3,-1.6508317,0.010485008,0.013525501
1991-03-16 00:00:00,4,0.16281286,-0.016464837,-0.0030115545
1991-04-15 12:00:00,0,-1.0175627,-0.006261714,-0.003925234
1991-04-15 12:00:00,1,-0.44800133,0.0020721406,-0.0011458099
1991-04-15 12:00:00,2,-0.053532124,-0.0007906705,-0.0020747855
1991-04-15 12:00:00,3,-0.7231577,-0.00210277,0.0011126772
1991-04-15 12:00:00,4,-0.48490033,-0.0014107525,-0.00054201484
1991-05-16 00:00:00,0,-1.5593046,-0.0074394643,-0.004645437
1991-05-16 00:00:00,1,-1.1445374,0.002030313,-0.002499491
1991-05-16 00:00:00,2,0.3662883,-9.486079e-05,-0.0011444464
1991-05-16 00:00:00,3,-0.0032470832,-0.002016738,0.000550434
1991-05-16 00:00:00,4,-0.00014540355,-0.0019297153,-0.00071820617
1991-06-15 12:00:00,0,-0.69577557,-0.008704051,-0.0043876767
1991-06-15 12:00:00,1,-0.20738158,0.0026218742,-0.0015531927
1991-06-15 12:00:00,2,0.6813547,0.0006584376,-0.0013490617
1991-06-15 12:00:00,3,-0.16232377,-0.0024645254,-0.00037112832
1991-06-15 12:00:00,4,-0.5830947,0.00058448315,-4.658103e-05
1991-07-16 00:00:00,0,0.09168266,-0.00857953,-0.0023949295
1991-07-16 00:00:00,1,-1.5081173,0.0021257102,-0.001573354
1991-07-16 00:00:00,2,0.46078464,-0.00023034215,-2.3841858e-05
1991-07-16 00:00:00,3,1.3931345,-0.0036412105,-0.0005310923
1991-07-16 00:00:00,4,1.6846676,0.0007724613,0.00018426776
1991-08-16 00:00:00,0,-1.3472232,-0.010064818,-0.00091157854
1991-08-16 00:00:00,1,-0.8435556,0.0026368052,-0.0027708411
1991-08-16 00:00:00,2,-0.19122972,0.00038808584,-0.002691932
1991-08-16 00:00:00,3,-1.4082893,-0.0041350946,-0.0020624027
1991-08-16 00:00:00,4,-0.25411263,0.000611037,-0.0004104972
1991-09-15 12:00:00,0,1.8381101,-0.008868441,-0.0029571056
1991-09-15 12:00:00,1,-1.1473991,0.0025319755,-0.0020116866
1991-09-15 12:00:00,2,-0.45219427,0.0013104528,-0.0022126213
1991-09-15 12:00:00,3,-0.29766902,-0.003243953,-0.0015901476
1991-09-15 12:00:00,4,-2.3881054,0.0015586615,-0.00016835332
1991-10-16 00:00:00,0,1.6319097,-0.0014964566,-0.0042735785
1991-10-16 00:00:00,1,-0.28150845,0.0013162941,0.00054243207
1991-10-16 00:00:00,2,-0.8565392,-0.0045749396,-0.001184307
1991-10-16 00:00:00,3,-0.26769173,-0.00023473799,0.004664801
1991-10-16 00:00:00,4,-1.3641722,-0.006356433,0.00076422095
1991-11-15 12:00:00,0,-1.116225,-0.0064385682,-0.0039631575
1991-11-15 12:00:00,1,1.4307235,0.0015260428,-0.0017129779
1991-11-15 12:00:00,2,-0.61265165,-0.0021366924,-0.00080599636
1991-11-15 12:00:00,3,1.4193803,-0.0025203526,0.0018570647
1991-11-15 12:00:00,4,1.1030229,-0.0035643876,-0.00022900105
1991-12-16 00:00:00,0,1.4899951,0.0020648688,-0.0011408627
1991-12-16 00:00:00,1,0.41674566,0.002185598,0.0005698055
1991-12-16 00:00:00,2,-1.1846809,-0.001343295,-0.0041816086
1991-12-16 00:00:00,3,1.3088167,0.0024102554,0.0018272251
1991-12-16 00:00:00,4,0.09248666,-0.00628531,0.0017659217
1992-01-16 00:00:00,0,0.47812015,-0.0027125552,-0.0007496923
1992-01-16 00:00:00,1,0.5631125,0.0016331226,-0.0012602806
1992-01-16 00:00:00,2,0.15051231,-0.00093381107,-0.0030762553
1992-01-16 00:00:00,3,-0.82166123,-0.0006295517,0.00058383495
1992-01-16 00:00:00,4,-0.3044695,-0.004630059,0.0008928329
1992-02-15 00:00:00,0,1.2184865,0.014362305,-0.0029190332
1992-02-15 00:00:00,1,-0.28077775,0.000950709,0.001195848
1992-02-15 00:00:00,2,-0.65189487,-0.0069244504,-0.0055720434
1992-02-15 00:00:00,3,-0.5604778,0.010395721,0.008673504
1992-02-15 00:00:00,4,0.012764862,-0.014728688,-0.0015785992
1992-03-16 00:00:00,0,0.839312,0.002385363,-0.0043096095
1992-03-16 00:00:00,1,1.0598003,0.004488036,-0.0032373965
1992-03-16 00:00:00,2,-0.50705415,-0.0036711097,-0.005888872
1992-03-16 00:00:00,3,1.1426841,0.0044658557,-0.00023061037
1992-03-16 00:00:00,4,-1.7208908,-0.007193655,-0.0016968846
1992-04-15 12:00:00,0,0.022964139,-0.006023407,-0.0028021634
1992-04-15 12:00:00,1,0.9821481,0.0006784946,-0.0018859059
1992-04-15 12:00:00,2,-0.8120935,-0.00031331182,0.0015883148
1992-04-15 12:00:00,3,0.9236352,-0.0025090426,0.0015043989
1992-04-15 12:00:00,4,-1.9227239,-0.002786249,-0.0004053563
1992-05-16 00:00:00,0,0.12492722,-0.00925298,-0.0035366714
1992-05-16 00:00:00,1,0.3274964,0.0027030855,-0.002427742
1992-05-16 00:00:00,2,1.1506793,-0.00062035024,0.00047282875
1992-05-16 00:00:00,3,-1.1418325,-0.0037525892,-0.0012819692
1992-05-16 00:00:00,4,-1.4713769,0.00051015615,0.00021383166
1992-06-15 12:00:00,0,-0.6388834,-0.0076763257,-0.004921019
1992-06-15 12:00:00,1,0.42159057,0.0022075325,-0.0017385781
1992-06-15 12:00:00,2,0.56045455,0.0009326935,-0.0017540902
1992-06-15 12:00:00,3,0.398174,-0.0014237836,0.00067231804
1992-06-15 12:00:00,4,0.61312,-0.0013440102,-0.0004656762
1992-07-16 00:00:00,0,1.0477254,-0.0072862282,-0.0024976283
1992-07-16 00:00:00,1,-0.637252,0.0033147782,-0.001954034
1992-07-16 00:00:00,2,1.1728199,-0.0012208521,-0.001063399
1992-07-16 00:00:00,3,0.47577745,-0.0023480877,-0.0008805841
1992-07-16 00:00:00,4,0.10479546,0.0003940761,-0.0009884685
1992-08-16 00:00:00,0,-0.3074485,-0.009027772,-0.0018848628
1992-08-16 00:00:00,1,0.2740336,0.002579078,-0.0016046017
1992-08-16 00:00:00,2,-0.34608972,-0.00018367171,-0.0016694292
1992-08-16 00:00:00,3,0.21811587,-0.0036524013,-0.00065524876
1992-08-16 00:00:00,4,-0.4609661,0.0011703074,-0.00072543323
1992-09-15 12:00:00,0,-0.34684542,-0.009514175,-0.0021063536
1992-09-15 12:00:00,1,0.81052196,0.002344519,-0.0017237663
1992-09-15 12:00:00,2,-0.10564404,0.000723511,-0.0013365522
1992-09-15 12:00:00,3,0.22865412,-0.004117377,-0.0014999732
1992-09-15 12:00:00,4,-0.0806905,0.0018664002,0.00034072995
1992-10-16 00:00:00,0,0.12197272,-0.0026433468,-0.0027799457
1992-10-16 00:00:00,1,-0.6230467,0.0022907853,-0.001988709
1992-10-16 00:00:00,2,0.14188364,-0.0051244646,-0.0019789338
1992-10-16 00:00:00,3,1.8854496,-0.0007003173,0.0019800067
1992-10-16 00:00:00,4,-1.9871402,-0.006896764,-0.000112742186
1992-11-15 12:00:00,0,-0.08217949,-0.0078104213,-0.0032057315
1992-11-15 12:00:00,1,-0.6116288,0.0015159398,-0.0018393099
1992-11-15 12:00:00,2,-0.27319568,0.0005801022,0.00059156865
1992-11-15 12:00:00,3,0.9972798,-0.002986841,0.0001199767
1992-11-15 12:00:00,4,1.2647215,-0.0001578182,-0.00010558963
1992-12-16 00:00:00,0,0.67899,0.014356524,-0.004135564
1992-12-16 00:00:00,1,-0.07163122,-0.001382634,0.00032758713
1992-12-16 00:00:00,2,1.0086457,-0.009135053,-0.000107981265
1992-12-16 00:00:00,3,-0.58263624,0.010579988,0.012690239
1992-12-16 00:00:00,4,-0.6572883,-0.019694142,-0.0016204864
1993-01-16 00:00:00,0,0.094037294,0.019595385,-0.0033269972
1993-01-16 00:00:00,1,-0.0745537,-0.0014190078,0.000692606
1993-01-16 00:00:00,2,0.18340732,-0.012643397,-0.002170831
1993-01-16 00:00:00,3,-1.9274788,0.010845505,0.013301283
1993-01-16 00:00:00,4,-0.09853419,-0.019538678,-0.0026060492
1993-02-14 12:00:00,0,-0.27552238,0.012578696,-0.0048033595
1993-02-14 12:00:00,1,-1.1491718,0.0013522804,-0.0010050833
1993-02-14 12:00:00,2,2.492305,-0.0074922293,-0.0021828339
1993-02-14 12:00:00,3,-0.88482445,0.009223007,0.0071748644
1993-02-14 12:00:00,4,0.55379146,-0.015095949,-0.0012707859
1993-03-16 00:00:00,0,0.4592039,0.005736366,-0.003515914
1993-03-16 00:00:00,1,1.0657359,0.0030935109,-0.00013674796
1993-03-16 00:00:00,2,1.2472514,-0.0060602725,-0.004829839
1993-03-16 00:00:00,3,0.09617168,0.0049920976,0.004197933
1993-03-16 00:00:00,4,-1.0320982,-0.00913994,-0.0012031645
1993-04-15 12:00:00,0,-1.4943033,-0.005812861,-0.0029044747
1993-04-15 12:00:00,1,-2.605605,0.0013995171,-0.0003800243
1993-04-15 12:00:00,2,0.033268537,-0.0015326291,-0.0008119345
1993-04-15 12:00:00,3,0.19463857,-0.0021686256,0.0023613274
1993-04-15 12:00:00,4,-0.3625291,-0.0025686175,0.00019921362
1993-05-16 00:00:00,0,-0.16652358,-0.005296573,-0.004401341
1993-05-16 00:00:00,1,0.80738485,0.0015589893,-0.00034977496
1993-05-16 00:00:00,2,0.89292204,-0.0020608306,-0.0028847829
1993-05-16 00:00:00,3,1.9424909,-0.00074062496,0.003676787
1993-05-16 00:00:00,4,-0.81665325,-0.00421378,-0.0008714646
1993-06-15 12:00:00,0,-0.09709935,-0.00731232,-0.0019700825
1993-06-15 12:00:00,1,0.7507797,0.0017418414,-0.0026476681
1993-06-15 12:00:00,2,1.1210902,0.002465278,-0.0047675967
1993-06-15 12:00:00,3,1.0049098,-0.001782082,-0.0011263266
1993-06-15 12:00:00,4,-0.66653144,-0.0016588271,-0.00013284385
1993-07-16 00:00:00,0,0.49917093,-0.009544343,-0.0023030192
1993-07-16 00:00:00,1,0.80853647,0.0024030656,-0.0016674101
1993-07-16 00:00:00,2,1.0717708,0.00020930171,-0.00045930594
1993-07-16 00:00:00,3,-0.3764547,-0.0042504,-0.001225695
1993-07-16 00:00:00,4,0.2642984,0.0021224618,1.6659498e-05
1993-08-16 00:00:00,0,1.5491462,-0.009337552,-0.0024903268
1993-08-16 00:00:00,1,-0.100644805,0.0021595806,-0.0017217696
1993-08-16 00:00:00,2,-0.82408166,0.0008728206,-0.0006890446
1993-08-16 00:00:00,3,-1.3411112,-0.0038691163,-0.0010198653
1993-08-16 00:00:00,4,1.204956,0.0015468001,-7.4654818e-06
1993-09-15 12:00:00,0,-1.2100478,-0.009644717,-0.0025642812
1993-09-15 12:00:00,1,-0.36205196,0.001994744,-0.0018951744
1993-09-15 12:00:00,2,0.5018827,0.00032676756,-0.0005984828
1993-09-15 12:00:00,3,-1.3258622,-0.0043829232,-0.0007015094
1993-09-15 12:00:00,4,1.5476911,0.0014614463,-0.00041300058
1993-10-16 00:00:00,0,0.17863746,-0.0053685904,-0.004345745
1993-10-16 00:00:00,1,-0.3249637,0.0009190142,-0.0011012107
1993-10-16 00:00:00,2,0.6398076,-0.0019577444,-0.0006042272
1993-10-16 00:00:00,3,-1.0425978,-0.001790069,0.0032958165
1993-10-16 00:00:00,4,-0.01729175,-0.0041171014,-0.0009847581
1993-11-15 12:00:00,0,0.22545706,-0.0018347949,-0.0008970052
1993-11-15 12:00:00,1,0.54351234,0.0023165047,-0.0004529655
1993-11-15 12:00:00,2,-1.3817241,-0.0033624023,-0.0027203038
1993-11-15 12:00:00,3,1.1507987,0.00038974732,0.0023342818
1993-11-15 12:00:00,4,-0.34668398,-0.0056646615,-0.0005314797
1993-12-16 00:00:00,0,0.8193818,0.00078473985,-0.0020142794
1993-12-16 00:00:00,1,0.45221728,0.0010837615,-0.00056539476
1993-12-16 00:00:00,2,-0.19358684,-0.0047311485,-0.0016366616
1993-12-16 00:00:00,3,0.2451861,0.00092585385,0.003722608
1993-12-16 00:00:00,4,0.06265976,-0.009058461,0.0012154281
1994-01-16 00:00:00,0,-1.8364823,-0.00029027462,-0.001606971
1994-01-16 00:00:00,1,0.0071332655,0.0007428527,0.00010064244
1994-01-16 00:00:00,2,-0.16884641,-0.002345249,-0.0029300228
1994-01-16 00:00:00,3,-0.5837062,0.0010813028,0.0039014146
1994-01-16 00:00:00,4,-0.14844933,-0.007348448,0.00015473366
1994-02-14 12:00:00,0,0.78789705,0.008676633,-0.0027014017
1994-02-14 12:00:00,1,-0.7595347,0.0012527108,0.0010193139
1994-02-14 12:00:00,2,-1.4371555,-0.004572451,-0.006023973
1994-02-14 12:00:00,3,-2.0535479,0.008065596,0.0071110353
1994-02-14 12:00:00,4,0.23077849,-0.012663096,-0.0008954704
1994-03-16 00:00:00,0,0.15855289,-0.006206788,-0.0019450784
1994-03-16 00:00:00,1,-1.0006521,0.0022627413,-0.0027482659
1994-03-16 00:00:00,2,0.80041194,-0.0003170371,-0.0022710487
1994-03-16 00:00:00,3,-0.17347276,-0.0024122372,-0.00060646236
1994-03-16 00:00:00,4,-0.76691544,-0.0011414587,-0.0018157512
1994-04-15 12:00:00,0,2.2717984,-0.0036152452,-0.0028473437
1994-04-15 12:00:00,1,0.30323112,0.0020699948,-0.0015281886
1994-04-15 12:00:00,2,-1.1799436,-0.001845777,-0.002771929
1994-04-15 12:00:00,3,1.2442675,-0.000249058,0.0016620234
1994-04-15 12:00:00,4,1.0131389,-0.0051249266,-0.00017353892
1994-05-16 00:00:00,0,0.26218477,-0.0067936704,-0.0031843632
1994-05-16 00:00:00,1,-0.65845406,0.0017158985,-0.004712075
1994-05-16 00:00:00,2,0.12609026,-4.5016408e-05,-0.0032712147
1994-05-16 00:00:00,3,2.7818403,-0.0012935251,0.0006410107
1994-05-16 00:00:00,4,0.10885994,-0.0042657256,-0.0040011257
1994-06-15 12:00:00,0,-0.13645343,-0.009575233,-0.002566889
1994-06-15 12:00:00,1,-0.032737773,0.0025999695,-0.0015285164
1994-06-15 12:00:00,2,-0.26948905,0.00017976761,-0.0004363209
1994-06-15 12:00:00,3,1.3162234,-0.0040981546,-0.0012976006
1994-06-15 12:00:00,4,-0.6257205,0.0022094399,0.00024695694
1994-07-16 00:00:00,0,2.5166051,-0.009463705,-0.0023041368
1994-07-16 00:00:00,1,0.046673845,0.0022047013,-0.0017469376
1994-07-16 00:00:00,2,-0.5023646,0.00030596554,-0.00038646162
1994-07-16 00:00:00,3,1.273554,-0.0039259866,-0.0008812025
1994-07-16 00:00:00,4,-1.5937809,0.0014931858,-0.00013023615
1994-08-16 00:00:00,0,0.40138423,-0.01001066,-0.002103269
1994-08-16 00:00:00,1,0.33921963,0.0023372471,-0.0018903613
1994-08-16 00:00:00,2,-1.1466705,0.0005452931,-0.00090614706
1994-08-16 00:00:00,3,-1.3473248,-0.004233718,-0.0012825131
1994-08-16 00:00:00,4,-0.4758263,0.0019455254,-0.00015549362
1994-09-15 12:00:00,0,1.691514,-0.008406222,-0.0013183653
1994-09-15 12:00:00,1,0.5602113,0.0021983683,-0.002036035
1994-09-15 12:00:00,2,0.025088822,-0.0004311502,-0.0014307722
1994-09-15 12:00:00,3,-2.013679,-0.0036254376,-0.0005559772
1994-09-15 12:00:00,4,-1.4458127,0.00034567714,-0.00063057244
1994-10-16 00:00:00,0,-1.3945487,-0.0063921884,-0.0016521215
1994-10-16 00:00:00,1,-0.26067024,0.0007786751,-0.001568839
1994-10-16 00:00:00,2,-0.58840275,-0.0005604476,5.7466328e-05
1994-10-16 00:00:00,3,1.8559066,-0.003995925,0.00031359494
1994-10-16 00:00:00,4,-0.20085147,-0.0023667961,0.0017061979
1994-11-15 12:00:00,0,1.7384493,0.008300275,-0.005082935
1994-11-15 12:00:00,1,0.70708036,1.385808e-05,0.0010765046
1994-11-15 12:00:00,2,0.5101027,-0.004988864,-0.0007992387
1994-11-15 12:00:00,3,1.0057157,0.006814547,0.009445623
1994-11-15 12:00:00,4,-0.9282451,-0.013364501,-0.0010599792
1994-12-16 00:00:00,0,-0.2325708,0.0036054403,-0.0025123209
1994-12-16 00:00:00,1,0.11473202,0.00036127865,0.0018310547
1994-12-16 00:00:00,2,0.33910722,-0.004388511,-0.0022964254
1994-12-16 00:00:00,3,-1.601547,0.004069738,0.0076507702
1994-12-16 00:00:00,4,-0.35958642,-0.011377439,0.0006042421
1995-01-16 00:00:00,0,0.881806,0.024976224,-0.012271464
1995-01-16 00:00:00,1,-0.274329,-0.000815168,0.0038610995
1995-01-16 00:00:00,2,-0.0752631,-0.01437448,-0.008814
1995-01-16 00:00:00,3,1.2031816,0.016117245,0.016891904
1995-01-16 00:00:00,4,-0.23469758,-0.018435784,-0.0028368533
1995-02-14 12:00:00,0,-0.7140247,-0.004975863,-0.002714157
1995-02-14 12:00:00,1,-1.1951224,0.0012558997,-0.00071777403
1995-02-14 12:00:00,2,0.28173813,-0.0013589561,-0.0024058819
1995-02-14 12:00:00,3,0.48531547,-0.0026737377,0.0017233863
1995-02-14 12:00:00,4,-0.7827604,-0.0013949424,-0.0005931407
1995-03-16 00:00:00,0,-0.21856895,0.02002874,-0.008416593
1995-03-16 00:00:00,1,-0.8392992,-0.00028261542,0.0013168305
1995-03-16 00:00:00,2,-0.048096746,-0.012677491,-0.0032138675
1995-03-16 00:00:00,3,-0.42940772,0.011718355,0.013125673
1995-03-16 00:00:00,4,-1.6597066,-0.017258912,-0.0018545687
1995-04-15 12:00:00,0,0.46279567,0.002433002,-0.004521027
1995-04-15 12:00:00,1,0.13410655,0.002715841,-0.00218606
1995-04-15 12:00:00,2,-0.16228023,-0.005554363,0.00044347346
1995-04-15 12:00:00,3,-1.2948601,0.004343167,0.0036213398
1995-04-15 12:00:00,4,-0.5805296,-0.010377079,-0.0005874038
1995-05-16 00:00:00,0,0.61023676,-0.002866201,-0.0058556646
1995-05-16 00:00:00,1,-1.8386388,0.003251791,-0.0027523786
1995-05-16 00:00:00,2,-0.5287193,-0.0018031001,-0.0030612499
1995-05-16 00:00:00,3,-1.531182,0.0019264817,0.0012335554
1995-05-16 00:00:00,4,0.6887945,-0.0059830546,-0.0007817149
1995-06-15 12:00:00,0,0.7700676,-0.00528875,-0.003709197
1995-06-15 12:00:00,1,1.0197806,0.001815185,-0.00041607022
1995-06-15 12:00:00,2,0.8451496,2.6360154e-05,-0.0019445568
1995-06-15 12:00:00,3,1.0824226,-0.0013474599,0.0016322806
1995-06-15 12:00:00,4,0.09930485,-0.0018297136,-0.00018037856
1995-07-16 00:00:00,0,-1.9569014,-0.010229915,-0.0028126836
1995-07-16 00:00:00,1,-2.7651234,0.002944544,-0.002120465
1995-07-16 00:00:00,2,0.122576825,0.000114142895,-0.0011819601
1995-07-16 00:00:00,3,0.116986535,-0.004215628,-0.0017297938
1995-07-16 00:00:00,4,0.17433307,0.0018019974,-6.16163e-05
1995-08-16 00:00:00,0,0.7383669,-0.009886406,-0.0022552907
1995-08-16 00:00:00,1,-0.9257099,0.0023378879,-0.0018529892
1995-08-16 00:00:00,2,-0.76017046,2.0563602e-06,-0.00045410544
1995-08-16 00:00:00,3,0.40020806,-0.0043615624,-0.0011775866
1995-08-16 00:00:00,4,-0.79611146,0.0016776025,3.8310885e-05
1995-09-15 12:00:00,0,-0.0026290016,-0.009807363,-0.0022058636
1995-09-15 12:00:00,1,-0.28699517,0.0023119748,-0.0017696023
1995-09-15 12:00:00,2,1.1802114,0.00033812225,-0.0006479025
1995-09-15 12:00:00,3,-0.10866386,-0.004266076,-0.0011996925
1995-09-15 12:00:00,4,0.12542617,0.0018444955,3.59267e-05
1995-10-16 00:00:00,0,1.8041781,-0.009620406,-0.0021336526
1995-10-16 00:00:00,1,-0.056121316,0.0024685562,-0.0017767847
1995-10-16 00:00:00,2,1.0486358,0.00034937263,-0.00038100034
1995-10-16 00:00:00,3,1.1281195,-0.004192464,-0.0013190806
1995-10-16 00:00:00,4,0.46781927,0.0022398084,-0.00013671815
1995-11-15 12:00:00,0,0.9745361,-0.009346962,-0.0029086322
1995-11-15 12:00:00,1,1.8502417,0.002396658,-0.001768291
1995-11-15 12:00:00,2,-0.0070385425,-8.094311e-05,-0.00013943762
1995-11-15 12:00:00,3,1.5227714,-0.004034519,-0.0009907633
1995-11-15 12:00:00,4,0.17227454,0.0014813691,0.000106692314
1995-12-16 00:00:00,0,-1.3123893,0.0114849955,-0.0027703792
1995-12-16 00:00:00,1,0.7666362,-0.00019671023,-0.0017004609
1995-12-16 00:00:00,2,1.1024077,-0.007845789,-0.0014655516
1995-12-16 00:00:00,3,-0.8884658,0.0096345395,0.00938233
1995-12-16 00:00:00,4,-0.6358685,-0.018690772,-0.0026068687
1996-01-16 00:00:00,0,0.0580544,0.0123959035,-0.0034510791
1996-01-16 00:00:00,1,0.7605528,0.00023441017,-0.0014096051
1996-01-16 00:00:00,2,0.29176635,-0.009043023,0.0016781613
1996-01-16 00:00:00,3,1.7248267,0.008641221,0.008681923
1996-01-16 00:00:00,4,0.75099736,-0.017234035,-0.00033192337
1996-02-15 00:00:00,0,0.3769378,0.014737815,-0.0031093657
1996-02-15 00:00:00,1,0.29991448,-0.00018747151,0.0016808957
1996-02-15 00:00:00,2,0.92007273,-0.009313941,-0.005960822
1996-02-15 00:00:00,3,-0.1051479,0.009005927,0.011835605
1996-02-15 00:00:00,4,0.6230238,-0.014950104,-0.0037906766
1996-03-16 00:00:00,0,0.6371086,0.00339894,-0.0024805516
1996-03-16 00:00:00,1,-0.13776179,0.0025085062,-0.0004439503
1996-03-16 00:00:00,2,0.36668912,-0.005503446,-0.003761664
1996-03-16 00:00:00,3,-0.25036672,0.0039648116,0.004719794
1996-03-16 00:00:00,4,-1.2212608,-0.009151787,-0.0018343478
1996-04-15 12:00:00,0,0.62345475,-0.0028229728,-0.004192665
1996-04-15 12:00:00,1,0.52699876,0.0015276968,-0.0010267943
1996-04-15 12:00:00,2,-0.5189511,-0.004515663,-0.0014557093
1996-04-15 12:00:00,3,-0.5010398,-0.00020034611,0.0041189194
1996-04-15 12:00:00,4,-3.4729257,-0.008024186,0.00017514825
1996-05-16 00:00:00,0,-1.6550066,-0.0012199283,-0.004488766
1996-05-16 00:00:00,1,0.40695518,0.0015366822,-0.0010114312
1996-05-16 00:00:00,2,-1.5904816,-0.0041545928,0.00057642907
1996-05-16 00:00:00,3,0.09259985,0.0016663522,0.0048778728
1996-05-16 00:00:00,4,0.7044481,-0.0088677555,-0.00052823126
1996-06-15 12:00:00,0,-1.1757942,-0.009719208,-0.002630815
1996-06-15 12:00:00,1,1.8668727,0.0030549318,-0.002918318
1996-06-15 12:00:00,2,-1.2496282,0.0009766072,-0.0019276664
1996-06-15 12:00:00,3,2.4400733,-0.0029323176,-0.0020124093
1996-06-15 12:00:00,4,0.5005914,0.0008368194,-0.00081016123
1996-07-16 00:00:00,0,2.4500031,-0.009010285,-0.002432987
1996-07-16 00:00:00,1,-0.5593388,0.00251621,-0.0016811043
1996-07-16 00:00:00,2,-0.9065344,-0.0006239861,-0.0006897971
1996-07-16 00:00:00,3,-2.68612,-0.0038222224,-0.0007829666
1996-07-16 00:00:00,4,0.6219239,0.0009686053,-0.00017291307
1996-08-16 00:00:00,0,-0.586392,-0.00978104,-0.0023737848
1996-08-16 00:00:00,1,1.0484991,0.0025790334,-0.0020150095
1996-08-16 00:00:00,2,-0.9552691,0.00020614266,-0.00037692487
1996-08-16 00:00:00,3,-0.023925,-0.004162349,-0.0014078319
1996-08-16 00:00:00,4,1.1239436,0.0018959641,-0.00016480684
1996-09-15 12:00:00,0,0.18909231,-0.00930991,-0.0026183277
1996-09-15 12:00:00,1,0.5568326,0.0019248575,-0.0018732101
1996-09-15 12:00:00,2,-0.075530246,0.00028383732,0.00033608824
1996-09-15 12:00:00,3,0.12977543,-0.0040498897,-0.00060254335
1996-09-15 12:00:00,4,1.1413183,0.0010758191,7.0482492e-06
1996-10-16 00:00:00,0,-0.858918,-0.001417473,-0.002677977
1996-10-16 00:00:00,1,1.0769597,0.0019135773,-0.0020782351
1996-10-16 00:00:00,2,-0.16703333,-0.0027665496,-0.0010768846
1996-10-16 00:00:00,3,-1.0385532,0.00034884363,0.0012292936
1996-10-16 00:00:00,4,-0.084427536,-0.0062301457,4.425645e-06
1996-11-15 12:00:00,0,0.6118617,0.0057683885,-0.00265643
1996-11-15 12:00:00,1,1.342124,0.0011590123,-0.0005812943
1996-11-15 12:00:00,2,-0.076713264,-0.0076777786,-0.00030630082
1996-11-15 12:00:00,3,-1.2990388,0.003820546,0.0061251596
1996-11-15 12:00:00,4,-0.7439249,-0.012706339,-1.7285347e-06
1996-12-16 00:00:00,0,-1.1390136,0.021154836,-0.003900215
1996-12-16 00:00:00,1,-0.38553327,-0.0045678765,0.002798453
1996-12-16 00:00:00,2,2.1868207,-0.016510561,-0.0026193634
1996-12-16 00:00:00,3,1.038994,0.011670746,0.021178
1996-12-16 00:00:00,4,0.9546325,-0.02408737,-0.0047130734
1997-01-16 00:00:00,0,-1.8471125,0.019320011,-0.0059166998
1997-01-16 00:00:00,1,0.87663406,-0.0011827946,0.0024621338
1997-01-16 00:00:00,2,1.4794831,-0.011770025,-0.0031384453
1997-01-16 00:00:00,3,2.0463908,0.011458978,0.015002422
1997-01-16 00:00:00,4,-0.37542802,-0.017882764,-0.003038004
1997-02-14 12:00:00,0,-0.33794397,-0.006681837,-0.0030004382
1997-02-14 12:00:00,1,-0.10647675,0.0013025552,-0.0018306822
1997-02-14 12:00:00,2,-0.016327625,0.00044077635,-0.00026537478
1997-02-14 12:00:00,3,-2.0074306,-0.002660863,0.00014891475
1997-02-14 12:00:00,4,2.1912096,-0.0011677742,0.0004529655
1997-03-16 00:00:00,0,-0.3559045,-0.0051124617,-0.0033245534
1997-03-16 00:00:00,1,0.5693364,0.001780048,-0.00030954182
1997-03-16 00:00:00,2,0.4369307,-0.0015533566,-0.0007119477
1997-03-16 00:00:00,3,-0.99684423,-0.0013910085,0.0019852668
1997-03-16 00:00:00,4,0.3539514,-0.0018369853,-0.00035446882
1997-04-15 12:00:00,0,-0.5258335,-0.0070381835,-0.0038476884
1997-04-15 12:00:00,1,-0.7391721,0.0017009526,-0.000788942
1997-04-15 12:00:00,2,0.9500015,-0.00040905178,-0.00028149784
1997-04-15 12:00:00,3,-0.70739037,-0.0027967617,0.0009812117
1997-04-15 12:00:00,4,-0.32488185,-0.0006887615,0.00051420927
1997-05-16 00:00:00,0,-0.3250621,-0.008593217,-0.0023498237
1997-05-16 00:00:00,1,-1.0722997,0.0022351146,-0.0016955584
1997-05-16 00:00:00,2,-1.1182127,-0.0002667457,-0.0008613914
1997-05-16 00:00:00,3,0.72097296,-0.0034180284,-0.0003113225
1997-05-16 00:00:00,4,0.29790902,0.000313282,-0.00040082633
1997-06-15 12:00:00,0,-0.9110145,-0.008684538,-0.0038098246
1997-06-15 12:00:00,1,0.73961294,0.0020883977,-0.003511086
1997-06-15 12:00:00,2,-1.275489,0.0020210892,-0.0026371852
1997-06-15 12:00:00,3,1.8689702,-0.0014753118,-0.00048021972
1997-06-15 12:00:00,4,0.29687205,-0.0016651154,-0.0019520074
1997-07-16 00:00:00,0,-0.8617054,-0.008577183,-0.0033152997
1997-07-16 00:00:00,1,-0.025559431,0.0017655492,-0.0020775944
1997-07-16 00:00:00,2,-0.5911647,-0.00017349422,0.0009427592
1997-07-16 00:00:00,3,1.250548,-0.0038917214,-8.586794e-05
1997-07-16 00:00:00,4,3.0822117,0.00038044155,-0.00055378675
1997-08-16 00:00:00,0,-1.4250085,-0.007653825,-0.0026147217
1997-08-16 00:00:00,1,1.3074199,0.0023453683,-0.0009551197
1997-08-16 00:00:00,2,1.1560214,0.0017099231,-0.001180999
1997-08-16 00:00:00,3,-1.1550574,-0.0021950528,-0.0006583184
1997-08-16 00:00:00,4,-0.28817296,0.0010729432,0.00027285516
1997-09-15 12:00:00,0,0.48980278,-0.009438701,-0.004101619
1997-09-15 12:00:00,1,1.432041,0.002008438,-0.0014875829
1997-09-15 12:00:00,2,-0.6847632,0.0011026561,-0.001649417
1997-09-15 12:00:00,3,0.11489329,-0.0031435117,0.00026696175
1997-09-15 12:00:00,4,0.54671335,0.000682801,-0.0007122159
1997-10-16 00:00:00,0,-0.2954027,-0.0062643513,-0.0036309808
1997-10-16 00:00:00,1,0.7377059,0.0008876771,-0.00078958273
1997-10-16 00:00:00,2,0.20190434,-0.0023361742,-0.00035393238
1997-10-16 00:00:00,3,0.19966778,-0.0030019432,0.0024296641
1997-10-16 00:00:00,4,-1.2359383,-0.003365919,0.0007032007
1997-11-15 12:00:00,0,-0.7367388,0.009216279,-0.0021157116
1997-11-15 12:00:00,1,1.1619129,0.00075006485,2.1874905e-05
1997-11-15 12:00:00,2,1.5924671,-0.0025706291,-0.005149506
1997-11-15 12:00:00,3,-0.7003892,0.007901184,0.0059651807
1997-11-15 12:00:00,4,1.4425457,-0.012570426,-0.0014013201
1997-12-16 00:00:00,0,-1.2367768,0.0046106726,0.00026088953
1997-12-16 00:00:00,1,-1.4488189,0.00311175,-0.0013583899
1997-12-16 00:00:00,2,-0.35308227,-0.00092348456,-0.0049701706
1997-12-16 00:00:00,3,0.8770209,0.0056381375,0.00042150915
1997-12-16 00:00:00,4,-2.430582,-0.0074866116,-0.0002425462
1998-01-16 00:00:00,0,-2.1946206,0.017625004,-0.002878338
1998-01-16 00:00:00,1,-0.40065342,-0.0013928115,0.0026106387
1998-01-16 00:00:00,2,-0.66075623,-0.010942489,-0.0040668175
1998-01-16 00:00:00,3,0.48785022,0.010436721,0.013452411
1998-01-16 00:00:00,4,0.8910465,-0.018924668,-0.0009894222
1998-02-14 12:00:00,0,-0.1596276,0.021846592,-0.013995498
1998-02-14 12:00:00,1,-0.12448281,0.00057670474,0.0031026453
1998-02-14 12:00:00,2,-0.68284315,-0.0118429065,-0.010046378
1998-02-14 12:00:00,3,0.11791171,0.014784038,0.01351586
1998-02-14 12:00:00,4,-0.41476387,-0.016379401,-0.002076447
1998-03-16 00:00:00,0,-2.3325126,0.0071897507,-0.0051762313
1998-03-16 00:00:00,1,0.35500538,0.001731351,-0.0009408146
1998-03-16 00:00:00,2,0.37306708,-0.0046852827,-0.004580155
1998-03-16 00:00:00,3,-0.63083315,0.0051358044,0.004535012
1998-03-16 00:00:00,4,0.50167614,-0.009363756,-0.0016047508
1998-04-15 12:00:00,0,0.6702473,-0.0013159811,-0.004185781
1998-04-15 12:00:00,1,-0.044872053,0.0030559003,-0.0016775727
1998-04-15 12:00:00,2,-0.32238942,-0.0026022643,-0.0043560937
1998-04-15 12:00:00,3,-0.20486203,0.0015017167,0.0011643693
1998-04-15 12:00:00,4,-1.5528226,-0.005763769,2.899766e-05
1998-05-16 00:00:00,0,-0.4561211,0.005395204,-0.0056369007
1998-05-16 00:00:00,1,0.50158095,0.0036387295,-0.00044336915
1998-05-16 00:00:00,2,-0.106450774,-0.0061751604,-0.0064523295
1998-05-16 00:00:00,3,0.47953343,0.0075020343,0.0059955493
1998-05-16 00:00:00,4,0.44345504,-0.00986065,-0.0039084703
1998-06-15 12:00:00,0,-0.19337146,-0.008924022,-0.0020515919
1998-06-15 12:00:00,1,0.5149675,0.00385499,-0.0034269542
1998-06-15 12:00:00,2,0.11292808,-0.00026108325,-0.0053713247
1998-06-15 12:00:00,3,0.28606105,-0.0035299808,-0.0017567724
1998-06-15 12:00:00,4,-2.150096,0.0010249019,-0.0030161142
1998-07-16 00:00:00,0,-2.1314795,-0.0098254755,-0.0018166006
1998-07-16 00:00:00,1,-0.2061613,0.002078727,-0.0025999993
1998-07-16 00:00:00,2,0.21527085,5.2154064e-05,-0.0010445863
1998-07-16 00:00:00,3,-1.0841457,-0.00422439,-0.00096175075
1998-07-16 00:00:00,4,-0.44433445,0.00033584237,-0.000749439
1998-08-16 00:00:00,0,1.1672523,-0.009685576,-0.0024532378
1998-08-16 00:00:00,1,-0.3354023,0.0026074648,-0.001685366
1998-08-16 00:00:00,2,-2.069407,0.00018139184,-0.00031303614
1998-08-16 00:00:00,3,-2.425993,-0.004129611,-0.0013247132
1998-08-16 00:00:00,4,-1.2287499,0.0021879226,5.6669116e-05
1998-09-15 12:00:00,0,0.17803943,-0.008239068,-0.0035037845
1998-09-15 12:00:00,1,-0.043359187,0.0021079183,-0.0017460585
1998-09-15 12:00:00,2,-0.022605088,0.0034050047,-0.004179217
1998-09-15 12:00:00,3,-0.7455262,-0.0011586249,-1.9088387e-05
1998-09-15 12:00:00,4,0.05848876,-0.00015000999,-0.00061039627
1998-10-16 00:00:00,0,-0.56893045,-0.005683981,-0.0017318279
1998-10-16 00:00:00,1,0.024690332,0.0012524277,-0.0013455003
1998-10-16 00:00:00,2,0.36050612,0.0007224232,-0.001491636
1998-10-16 00:00:00,3,0.6458049,-0.002336286,0.00034629554
1998-10-16 00:00:00,4,0.09814291,-0.0013343394,-5.64605e-05
1998-11-15 12:00:00,0,-0.8510699,0.007881016,-0.002886176
1998-11-15 12:00:00,1,0.5188227,-0.00097204745,0.0012491941
1998-11-15 12:00:00,2,-0.12885478,-0.006148249,0.0006226525
1998-11-15 12:00:00,3,0.1705392,0.0065058917,0.011235222
1998-11-15 12:00:00,4,0.7939007,-0.01510334,-0.0015293211
1998-12-16 00:00:00,0,-0.71012765,-0.0023783892,-0.0028850585
1998-12-16 00:00:00,1,0.31901327,0.00043013692,-0.00014999509
1998-12-16 00:00:00,2,-0.054977547,-0.0019726604,-0.00089915097
1998-12-16 00:00:00,3,1.9343872,-0.00077915937,0.0036456212
1998-12-16 00:00:00,4,1.1298958,-0.0047441274,9.88543e-05
1999-01-16 00:00:00,0,-1.5515766,0.008766606,-0.0009600073
1999-01-16 00:00:00,1,-2.6015162,0.00078836083,0.0006041527
1999-01-16 00:00:00,2,-1.3932382,-0.00786908,-0.0014665946
1999-01-16 00:00:00,3,0.49944916,0.0048361644,0.0073384866
1999-01-16 00:00:00,4,1.2507409,-0.012675777,-0.00060784817
1999-02-14 12:00:00,0,-2.1381335,0.011193931,-0.0024367124
1999-02-14 12:00:00,1,-0.7791698,-0.0019720048,0.0009301156
1999-02-14 12:00:00,2,-1.0119765,-0.009255141,0.000273481
1999-02-14 12:00:00,3,0.0073563755,0.007936202,0.013521254
1999-02-14 12:00:00,4,-0.043505058,-0.019567065,-0.0019881725
1999-03-16 00:00:00,0,0.15890232,0.0029897094,-0.002375707
1999-03-16 00:00:00,1,2.491673,0.0021492243,-0.00010174513
1999-03-16 00:00:00,2,-0.8420295,0.00040613115,-0.0051205084
1999-03-16 00:00:00,3,-0.67351526,0.005137615,0.002335988
1999-03-16 00:00:00,4,1.0006664,-0.0072862506,0.000580281
1999-04-15 12:00:00,0,0.6440628,-0.00055356324,-0.0023323
1999-04-15 12:00:00,1,0.57084405,0.0012462586,-0.0012704879
1999-04-15 12:00:00,2,-1.4547586,-0.00015333295,-0.0035527796
1999-04-15 12:00:00,3,-0.96349484,0.0008967966,0.001872994
1999-04-15 12:00:00,4,0.6110584,-0.0052693337,-0.0005002022
1999-05-16 00:00:00,0,1.2766949,-0.0087479055,-0.0031808019
1999-05-16 00:00:00,1,-0.44610953,0.002131924,-0.0018180162
1999-05-16 00:00:00,2,-0.24398911,-0.00076691806,0.0008245632
1999-05-16 00:00:00,3,0.8005259,-0.0036887452,-0.00020641834
1999-05-16 00:00:00,4,-0.5264453,-0.00016097724,0.0005556345
1999-06-15 12:00:00,0,0.8605671,-0.008353695,-0.003157705
1999-06-15 12:00:00,1,-2.849955,0.0017113537,-0.0016970485
1999-06-15 12:00:00,2,0.6482977,0.0005170554,-0.0003170371
1999-06-15 12:00:00,3,-2.68347,-0.0033817962,0.000166893
1999-06-15 12:00:00,4,0.37500352,0.0004887432,-0.0006008297
1999-07-16 00:00:00,0,-0.4442456,-0.009445183,-0.002177462
1999-07-16 00:00:00,1,-1.141079,0.0024529845,-0.0019527376
1999-07-16 00:00:00,2,-0.35954055,-7.405877e-05,-0.00019841641
1999-07-16 00:00:00,3,0.5481069,-0.004171893,-0.0011289716
1999-07-16 00:00:00,4,0.32522428,0.0017803162,-0.00034941733
1999-08-16 00:00:00,0,-1.3645173,-0.0095978305,-0.002661556
1999-08-16 00:00:00,1,-1.6401274,0.0019857287,-0.0018697977
1999-08-16 00:00:00,2,-0.20997116,0.0012556016,-0.0018602386
1999-08-16 00:00:00,3,0.10338361,-0.0035372898,-0.00085829943
1999-08-16 00:00:00,4,-1.1077707,0.0006058961,0.00029702485
1999-09-15 12:00:00,0,-1.3561924,-0.009071171,-0.0024554133
1999-09-15 12:00:00,1,0.021849083,0.0016636103,-0.0018266141
1999-09-15 12:00:00,2,-0.9586495,1.3038516e-05,0.00027479976
1999-09-15 12:00:00,3,0.98362255,-0.0041868687,-0.00032426417
1999-09-15 12:00:00,4,0.62014985,0.0007378608,-8.3595514e-05
1999-10-16 00:00:00,0,0.67463976,-0.0074679703,-0.0036440343
1999-10-16 00:00:00,1,0.41430837,0.0012674779,-0.0011734217
1999-10-16 00:00:00,2,1.0072287,-0.00056374073,-7.8715384e-05
1999-10-16 00:00:00,3,-0.1801646,-0.0031223446,0.0011626482
1999-10-16 00:00:00,4,-0.2954724,-0.0012919605,0.00036936998
1999-11-15 12:00:00,0,1.0609214,-0.0015208498,-0.0034043044
1999-11-15 12:00:00,1,0.57551473,0.00042676926,0.0005091131
1999-11-15 12:00:00,2,-0.18851615,-0.0028620958,-0.0020664781
1999-11-15 12:00:00,3,-0.8578296,0.0008626208,0.0054822117
1999-11-15 12:00:00,4,-0.6406712,-0.00816308,0.0004787594
1999-12-16 00:00:00,0,-0.022987556,-0.008163445,-0.0031129867
1999-12-16 00:00:00,1,1.6850798,0.0018030852,-0.0012052953
1999-12-16 00:00:00,2,-2.206284,-1.1309981e-05,-0.00072862953
1999-12-16 00:00:00,3,1.4117744,-0.0034537092,8.8348985e-05
1999-12-16 00:00:00,4,-0.938757,0.00039589405,0.00031983852
2000-01-16 00:00:00,0,0.98470956,0.016594127,-0.0029557198
2000-01-16 00:00:00,1,0.06498986,-0.001952365,0.0013321787
2000-01-16 00:00:00,2,0.46913952,-0.0093266815,-0.00064917654
2000-01-16 00:00:00,3,-0.3415357,0.009940594,0.014195368
2000-01-16 00:00:00,4,-0.4412805,-0.01738602,-0.0042596757
2000-02-15 00:00:00,0,1.7879373,0.016510561,-0.0058068037
2000-02-15 00:00:00,1,0.2618537,-0.0011598021,0.0005609095
2000-02-15 00:00:00,2,0.44662845,-0.011044204,-0.004027039
2000-02-15 00:00:00,3,-1.0619272,0.010274604,0.013445601
2000-02-15 00:00:00,4,-0.5799365,-0.01799234,-0.0036244988
2000-03-16 00:00:00,0,-0.3351543,-0.00058460236,-0.0032639056
2000-03-16 00:00:00,1,-0.29099038,0.00041273236,-0.00035218894
2000-03-16 00:00:00,2,-1.0632293,-0.0011954904,-0.0014380813
2000-03-16 00:00:00,3,0.54677737,0.00077659637,0.0038793758
2000-03-16 00:00:00,4,-1.2913635,-0.006602198,-7.5504184e-05
2000-04-15 12:00:00,0,0.73259926,-0.0028000847,-0.0024885088
2000-04-15 12:00:00,1,0.42270815,0.0019815117,-0.001845926
2000-04-15 12:00:00,2,-0.18397091,-0.0023881942,-0.004413098
2000-04-15 12:00:00,3,0.43855143,-8.191168e-05,0.0014128909
2000-04-15 12:00:00,4,1.9692146,-0.0063844174,-0.00015984476
2000-05-16 00:00:00,0,0.8821146,-0.004955694,-0.004309252
2000-05-16 00:00:00,1,-0.35170996,0.0014915466,-0.00090788305
2000-05-16 00:00:00,2,0.06426565,-0.0026030093,-0.0017094612
2000-05-16 00:00:00,3,0.58562624,-0.00075989217,0.0029534549
2000-05-16 00:00:00,4,1.2012018,-0.005321279,-3.3661723e-05
2000-06-15 12:00:00,0,-0.7124355,-0.008496031,-0.0025164783
2000-06-15 12:00:00,1,1.4392511,0.002702251,-0.0014078319
2000-06-15 12:00:00,2,-0.39519024,-9.474158e-05,-0.0012402162
2000-06-15 12:00:00,3,0.6197365,-0.0031122938,-0.00082495064
2000-06-15 12:00:00,4,-1.9424613,0.0007978976,0.00022180378
2000-07-16 00:00:00,0,1.5079852,-0.0097718015,-0.0023499727
2000-07-16 00:00:00,1,1.1925004,0.0023834258,-0.0016274452
2000-07-16 00:00:00,2,0.36856285,0.00047188997,-0.0010329187
2000-07-16 00:00:00,3,-0.11386006,-0.004142843,-0.0011698157
2000-07-16 00:00:00,4,0.43987164,0.0020135343,-2.5093555e-05
2000-08-16 00:00:00,0,-0.91070837,-0.008407034,-0.0021345764
2000-08-16 00:00:00,1,-1.6693299,0.0018027127,-0.0016627759
2000-08-16 00:00:00,2,0.9420148,0.00014741719,-0.0007239133
2000-08-16 00:00:00,3,0.43836355,-0.003544867,-0.00025511533
2000-08-16 00:00:00,4,-3.0986254,0.00035996735,-0.00032807887
2000-09-15 12:00:00,0,0.20294377,-0.008079015,-0.0041973293
2000-09-15 12:00:00,1,-0.36648333,0.001884073,-0.0015913844
2000-09-15 12:00:00,2,0.791347,0.00018042326,0.00036361814
2000-09-15 12:00:00,3,-0.10247849,-0.0029003099,0.00032190979
2000-09-15 12:00:00,4,-1.3283013,0.00010445714,-0.00013744831
2000-10-16 00:00:00,0,1.771799,0.0016721487,-0.0004069358
2000-10-16 00:00:00,1,-0.33786416,0.003635481,-0.0011069477
2000-10-16 00:00:00,2,0.5063334,-0.0055356026,-0.003790684
2000-10-16 00:00:00,3,-0.14578106,0.0027914792,0.0016628504
2000-10-16 00:00:00,4,0.19307671,-0.0073242486,-0.00052529573
2000-11-15 12:00:00,0,1.0456889,-0.0063170493,-0.0040833503
2000-11-15 12:00:00,1,0.5565935,0.0015824288,-0.0008252263
2000-11-15 12:00:00,2,1.1775812,0.0003270954,-0.0014835969
2000-11-15 12:00:00,3,0.32173035,-0.0018887594,0.0010828376
2000-11-15 12:00:00,4,-0.7405295,-0.0012799948,0.00028823316
2000-12-16 00:00:00,0,-0.2046811,-0.006824769,-0.0034069717
2000-12-16 00:00:00,1,-1.2690865,0.0014488995,-0.0010826886
2000-12-16 00:00:00,2,0.116816014,-0.00087733567,-0.00015315413
2000-12-16 00:00:00,3,-0.48656547,-0.0026966482,0.0012827292
2000-12-16 00:00:00,4,-1.6479855,-0.0015438199,0.00032418966
2001-01-16 00:00:00,0,-0.628944,0.005501762,-0.0023201704
2001-01-16 00:00:00,1,0.526565,0.0018236488,-0.00055618584
2001-01-16 00:00:00,2,-0.10635019,-0.0017410517,-0.0039310306
2001-01-16 00:00:00,3,-1.241061,0.005546212,0.0030397698
2001-01-16 00:00:00,4,-0.12821794,-0.009830967,0.00043052435
2001-02-14 12:00:00,0,1.3958378,0.008174881,-0.00601317
2001-02-14 12:00:00,1,-0.4758243,0.0024384856,0.001108557
2001-02-14 12:00:00,2,-1.2878593,-0.0056706667,-0.005488269
2001-02-14 12:00:00,3,-0.34928697,0.0077839494,0.00657513
2001-02-14 12:00:00,4,-0.41222674,-0.011808991,-0.00049744546
2001-03-16 00:00:00,0,1.3414332,0.0017315894,-0.0013753176
2001-03-16 00:00:00,1,-0.1640216,0.0014680326,-0.0025532693
2001-03-16 00:00:00,2,1.076608,-0.002199173,-0.000993304
2001-03-16 00:00:00,3,-0.97220385,0.0018978566,0.0013019294
2001-03-16 00:00:00,4,-0.48680827,-0.0077480674,-0.00083866715
2001-04-15 12:00:00,0,-0.09215805,-0.0025657043,-0.0029623955
2001-04-15 12:00:00,1,0.6861857,0.0021841824,-0.0024183989
2001-04-15 12:00:00,2,1.2827125,-0.0024999976,-0.0023915917
2001-04-15 12:00:00,3,-1.612749,0.00081635267,0.0020396933
2001-04-15 12:00:00,4,-2.659337,-0.0063292086,-0.0014813393
2001-05-16 00:00:00,0,0.17384481,-0.01008191,-0.002168864
2001-05-16 00:00:00,1,-0.7995585,0.0025934875,-0.002034843
2001-05-16 00:00:00,2,0.94183636,0.00030316412,-0.0009095967
2001-05-16 00:00:00,3,-0.41046178,-0.0041663274,-0.0015182123
2001-05-16 00:00:00,4,0.6900116,0.0018187463,-0.00011239946
2001-06-15 12:00:00,0,-0.695858,-0.009212777,-0.002834797
2001-06-15 12:00:00,1,-0.84039056,0.0023509115,-0.001954332
2001-06-15 12:00:00,2,-0.75044495,0.0003514439,-0.00019285083
2001-06-15 12:00:00,3,0.71290976,-0.0036946386,-0.0010022372
2001-06-15 12:00:00,4,-0.33002573,0.0014226288,-0.00031399727
2001-07-16 00:00:00,0,0.7050451,-0.00873968,-0.00241521
2001-07-16 00:00:00,1,-0.7533352,0.0017545968,-0.0017874688
2001-07-16 00:00:00,2,-1.6361264,0.00049446523,-0.00016525388
2001-07-16 00:00:00,3,-0.6248467,-0.003960736,-0.0005540773
2001-07-16 00:00:00,4,-2.2007196,0.0006606132,9.581447e-05
2001-08-16 00:00:00,0,-1.2617726,-0.009748012,-0.0019326657
2001-08-16 00:00:00,1,0.58329463,0.0022966564,-0.00171794
2001-08-16 00:00:00,2,-0.14652896,0.00063692033,-0.00091088563
2001-08-16 00:00:00,3,0.9260933,-0.0043320507,-0.0013707727
2001-08-16 00:00:00,4,1.3182828,0.002070874,0.00012467802
2001-09-15 12:00:00,0,0.50298774,-0.0088566765,-0.0026771575
2001-09-15 12:00:00,1,0.14420435,0.0018945038,-0.0019554347
2001-09-15 12:00:00,2,1.2165532,0.00035877526,-0.00018436462
2001-09-15 12:00:00,3,0.18140978,-0.0033958182,-0.00039888918
2001-09-15 12:00:00,4,-2.006967,-0.00015366077,0.0001488775
2001-10-16 00:00:00,0,0.15957068,-0.006519541,-0.002441451
2001-10-16 00:00:00,1,2.1140356,0.0015868098,-0.001150474
2001-10-16 00:00:00,2,0.7995166,-0.0011987537,-0.0007317364
2001-10-16 00:00:00,3,-0.76264423,-0.0027121902,0.00097486377
2001-10-16 00:00:00,4,0.8821609,-0.0019684732,0.00026883185
2001-11-15 12:00:00,0,-0.5522608,0.00639458,-0.003412366
2001-11-15 12:00:00,1,0.12932204,0.0007903427,-0.0008749664
2001-11-15 12:00:00,2,-0.34298593,-0.0057777613,-0.0015290454
2001-11-15 12:00:00,3,-0.9099988,0.005629547,0.0064696595
2001-11-15 12:00:00,4,0.8295967,-0.013727143,-0.00042887032
2001-12-16 00:00:00,0,-0.62345046,0.014458418,-0.005207166
2001-12-16 00:00:00,1,0.6487086,-0.00052541494,0.0021925718
2001-12-16 00:00:00,2,1.4737003,-0.006669089,-0.0050184727
2001-12-16 00:00:00,3,-0.65121627,0.011222988,0.01286912
2001-12-16 00:00:00,4,0.42775217,-0.015682608,-0.004101634
2002-01-16 00:00:00,0,-0.8375653,-0.0005088225,-0.0027457178
2002-01-16 00:00:00,1,0.4434005,0.0006635934,-0.00032486022
2002-01-16 00:00:00,2,1.4652947,-0.002464503,-0.0019269511
2002-01-16 00:00:00,3,0.19719967,0.0012629852,0.004452184
2002-01-16 00:00:00,4,-0.22385067,-0.008073792,5.26011e-05
2002-02-14 12:00:00,0,1.8682417,-0.00449571,-0.0037952662
2002-02-14 12:00:00,1,-1.0816395,0.0011981875,-0.0009330809
2002-02-14 12:00:00,2,1.102364,-0.002282098,-0.001454398
2002-02-14 12:00:00,3,1.6007099,-0.00093212724,0.0029539987
2002-02-14 12:00:00,4,-0.6130738,-0.0054424107,0.000308007
2002-03-16 00:00:00,0,-0.50895715,-0.00013960898,-0.0023993105
2002-03-16 00:00:00,1,0.6577984,0.0012592673,-0.0019050539
2002-03-16 00:00:00,2,-0.039316345,-0.0062621534,-0.00018646568
2002-03-16 00:00:00,3,-0.23930949,0.0014575496,0.0046642125
2002-03-16 00:00:00,4,1.1643224,-0.010674894,-0.0007747859
2002-04-15 12:00:00,0,0.43254372,-0.005911708,-0.005042866
2002-04-15 12:00:00,1,2.1574905,0.0013234168,-0.0014648438
2002-04-15 12:00:00,2,-1.239087,-0.0006648451,-0.0004943684
2002-04-15 12:00:00,3,-0.48633435,-0.0023336709,0.0016818047
2002-04-15 12:00:00,4,-1.7113507,-0.002309382,-0.0001269579
2002-05-16 00:00:00,0,-0.87582093,-0.006934233,-0.0032123327
2002-05-16 00:00:00,1,-0.73146456,0.001189366,-0.0008761883
2002-05-16 00:00:00,2,1.745153,-0.00020211935,-0.0010604635
2002-05-16 00:00:00,3,1.8397588,-0.002332434,0.0017675161
2002-05-16 00:00:00,4,0.6429459,-0.0018236935,-8.806586e-06
2002-06-15 12:00:00,0,-0.62676024,-0.010018468,-0.00222826
2002-06-15 12:00:00,1,-0.5180451,0.002672121,-0.0019207448
2002-06-15 12:00:00,2,-1.7080113,0.00078482926,-0.0012504086
2002-06-15 12:00:00,3,0.20090011,-0.003978841,-0.0016150251
2002-06-15 12:00:00,4,-1.662561,0.0020546913,-0.00013591349
2002-07-16 00:00:00,0,0.32234412,-0.009308144,-0.002254799
2002-07-16 00:00:00,1,1.4221754,0.0024052113,-0.00173603
2002-07-16 00:00:00,2,0.17076851,0.00010243058,-0.001079537
2002-07-16 00:00:00,3,0.56453633,-0.0038799942,-0.001092732
2002-07-16 00:00:00,4,0.138532,0.0012544245,1.9475818e-05
2002-08-16 00:00:00,0,1.7332718,-0.009871423,-0.002225861
2002-08-16 00:00:00,1,-0.21769649,0.0025623143,-0.001761362
2002-08-16 00:00:00,2,-0.26793575,0.0004210323,-0.0009107888
2002-08-16 00:00:00,3,-0.085939914,-0.0040837154,-0.0014044046
2002-08-16 00:00:00,4,0.11222741,0.002037406,-2.7745962e-05
2002-09-15 12:00:00,0,2.0164187,-0.008956663,-0.002291724
2002-09-15 12:00:00,1,-0.6860727,0.0024195164,-0.0019250959
2002-09-15 12:00:00,2,0.7182135,0.0002259463,-0.0006753057
2002-09-15 12:00:00,3,0.25269884,-0.0036726668,-0.0012411252
2002-09-15 12:00:00,4,0.52226883,0.0013362765,-4.1648746e-05
2002-10-16 00:00:00,0,0.67175,-0.008883484,-0.0024497807
2002-10-16 00:00:00,1,-0.40529412,0.0020350218,-0.001537025
2002-10-16 00:00:00,2,0.07426051,0.000593096,-0.00027231872
2002-10-16 00:00:00,3,1.0833564,-0.0039136857,-0.0007013604
2002-10-16 00:00:00,4,-0.97067434,0.0017619133,-0.00021350384
2002-11-15 12:00:00,0,-0.8067701,0.003175512,-0.0032041222
2002-11-15 12:00:00,1,1.4079187,0.0018246174,-0.002346754
2002-11-15 12:00:00,2,1.5092292,-0.0062158704,0.00092436373
2002-11-15 12:00:00,3,2.037944,0.0027469099,0.0038780868
2002-11-15 12:00:00,4,-0.18738995,-0.0105403215,-0.0009303391
2002-12-16 00:00:00,0,0.097608685,0.01787886,-0.0044831783
2002-12-16 00:00:00,1,0.5680651,-0.0032898188,0.0018480569
2002-12-16 00:00:00,2,0.27149346,-0.009610951,-0.003772974
2002-12-16 00:00:00,3,-0.058067277,0.012498774,0.017122626
2002-12-16 00:00:00,4,-1.3710688,-0.021041587,-0.0047182143
2003-01-16 00:00:00,0,-0.890566,-0.0022808015,-0.0021054298
2003-01-16 00:00:00,1,0.2591627,-0.00018453598,-0.0011082888
2003-01-16 00:00:00,2,-0.38525948,-0.0011774302,0.00060848147
2003-01-16 00:00:00,3,0.4052915,-0.00038008392,0.0036389753
2003-01-16 00:00:00,4,0.6014675,-0.006631702,-0.00020082295
2003-02-14 12:00:00,0,0.20989403,-0.0002688691,-0.0017629713
2003-02-14 12:00:00,1,-0.2610187,0.0029734075,-0.0008557141
2003-02-14 12:00:00,2,-0.33259875,-0.0007183552,-0.0043840036
2003-02-14 12:00:00,3,1.0830802,0.0015517697,0.000108748674
2003-02-14 12:00:00,4,-0.87288696,-0.0041666776,0.0004223436
2003-03-16 00:00:00,0,1.0277351,-0.00151629,-0.0023112446
2003-03-16 00:00:00,1,1.7579354,0.0016161948,-0.0015697032
2003-03-16 00:00:00,2,-0.4745754,-0.004154578,-0.0012066662
2003-03-16 00:00:00,3,0.1656133,0.000785701,0.0032635257
2003-03-16 00:00:00,4,-0.04172003,-0.008745298,4.1097403e-05
2003-04-15 12:00:00,0,0.9494472,0.0040074736,-0.0051398426
2003-04-15 12:00:00,1,-0.06161792,0.0013069212,-0.0016914606
2003-04-15 12:00:00,2,0.58987147,-0.006677136,8.6687505e-05
2003-04-15 12:00:00,3,0.20317757,0.0049015954,0.0071849525
2003-04-15 12:00:00,4,0.81767005,-0.013375983,-0.001856178
2003-05-16 00:00:00,0,0.6977248,-0.0037601814,-0.003431812
2003-05-16 00:00:00,1,0.6740465,0.003621012,-0.0013552904
2003-05-16 00:00:00,2,-0.57996815,-0.0011464357,-0.002178669
2003-05-16 00:00:00,3,-0.14171639,-0.00015127659,5.0053e-05
2003-05-16 00:00:00,4,0.09298917,-0.0007586032,-0.0012649745
2003-06-15 12:00:00,0,-1.7549776,-0.00956475,-0.0026268512
2003-06-15 12:00:00,1,0.4305727,0.0023237914,-0.0017568916
2003-06-15 12:00:00,2,0.4891431,0.00052317977,-0.0003633201
2003-06-15 12:00:00,3,0.8299964,-0.0038911775,-0.0010688603
2003-06-15 12:00:00,4,1.2651938,0.0017473549,-1.1086464e-05
2003-07-16 00:00:00,0,0.0005905181,-0.00903561,-0.003042549
2003-07-16 00:00:00,1,0.18829037,0.002690822,-0.002127841
2003-07-16 00:00:00,2,1.001743,7.092953e-05,-0.0003490448
2003-07-16 00:00:00,3,0.32801855,-0.0033759028,-0.0011199266
2003-07-16 00:00:00,4,0.14059281,0.0008843243,-0.0002860874
2003-08-16 00:00:00,0,-0.25072336,-0.0073007047,-0.0026092678
2003-08-16 00:00:00,1,-0.42513257,0.0016009212,-0.0028310418
2003-08-16 00:00:00,2,-0.9679423,0.00082714856,-0.00032079965
2003-08-16 00:00:00,3,0.28466424,-0.0020408556,0.00015959889
2003-08-16 00:00:00,4,-0.20336482,-0.0018090904,-0.001144737
2003-09-15 12:00:00,0,-0.21671078,-0.009429015,-0.0025686622
2003-09-15 12:00:00,1,1.7742755,0.0025344044,-0.0015000701
2003-09-15 12:00:00,2,-1.2601379,0.00034619868,-0.0009085536
2003-09-15 12:00:00,3,-0.41703182,-0.0040054247,-0.0011053011
2003-09-15 12:00:00,4,-0.6766495,0.0022004694,-0.00012648106
2003-10-16 00:00:00,0,0.3461933,-0.009596594,-0.0016213506
2003-10-16 00:00:00,1,-0.9418072,0.0021316856,-0.0028067827
2003-10-16 00:00:00,2,-0.36364377,0.001218155,-0.00037749112
2003-10-16 00:00:00,3,-1.6182916,-0.0041704252,-0.0016251653
2003-10-16 00:00:00,4,2.702128,0.0015214235,-0.00084124506
2003-11-15 12:00:00,0,0.9893785,-0.001040414,-0.003341943
2003-11-15 12:00:00,1,-0.74426264,-0.00050085783,0.0007183254
2003-11-15 12:00:00,2,1.4207906,0.00015321374,-0.0045385286
2003-11-15 12:00:00,3,-1.2823352,0.0005879104,0.004972182
2003-11-15 12:00:00,4,-0.7688315,-0.006687492,0.00047892332
2003-12-16 00:00:00,0,1.0831156,0.013264433,-0.002695486
2003-12-16 00:00:00,1,-0.60744,-0.0013938099,-0.0004541129
2003-12-16 00:00:00,2,1.1464683,-0.008366495,-0.0016124696
2003-12-16 00:00:00,3,-0.49639997,0.009417079,0.011396848
2003-12-16 00:00:00,4,-2.16845,-0.018864304,-0.0023275614
2004-01-16 00:00:00,0,-0.45352238,0.0014277399,-0.004121065
2004-01-16 00:00:00,1,-0.0074732304,0.00080293417,0.0004325956
2004-01-16 00:00:00,2,-0.38017982,-0.0016090721,-0.0021109432
2004-01-16 00:00:00,3,-0.8815939,0.0034368113,0.0054786205
2004-01-16 00:00:00,4,-0.85541505,-0.00860782,-0.00041508675
2004-02-15 00:00:00,0,0.33082405,0.011104196,-0.003563583
2004-02-15 00:00:00,1,0.6785998,-7.987022e-06,-0.0024068803
2004-02-15 00:00:00,2,-0.5098297,-0.0077615976,-0.001825735
2004-02-15 00:00:00,3,-1.3397211,0.008377954,0.008720972
2004-02-15 00:00:00,4,1.3816166,-0.016631104,-0.004037395
2004-03-16 00:00:00,0,-0.9567424,-0.0052593276,-0.0026469678
2004-03-16 00:00:00,1,0.8659813,0.0009663254,-0.0010711253
2004-03-16 00:00:00,2,-1.0981914,-0.000378564,-0.0012372732
2004-03-16 00:00:00,3,-1.9943972,-0.0020426065,0.0015077889
2004-03-16 00:00:00,4,0.022263454,-0.002772957,0.00028416514
2004-04-15 12:00:00,0,-0.08007652,-0.008953616,-0.003363505
2004-04-15 12:00:00,1,0.37360603,0.0019580126,-0.0019847602
2004-04-15 12:00:00,2,-0.49108458,-0.00041617453,-0.00011973083
2004-04-15 12:00:00,3,-0.053094145,-0.0035765916,2.4780631e-05
2004-04-15 12:00:00,4,-0.38174278,-0.0006185025,0.00010961294
2004-05-16 00:00:00,0,-1.5970033,-0.008951917,-0.003116712
2004-05-16 00:00:00,1,-1.6925497,0.0022409856,-0.0017086118
2004-05-16 00:00:00,2,-0.87373257,0.00012859702,-0.00079382956
2004-05-16 00:00:00,3,-0.82867086,-0.0036337152,-0.00047004968
2004-05-16 00:00:00,4,-0.36991435,0.0005777925,0.000119775534
2004-06-15 12:00:00,0,0.77882385,-0.009141922,-0.0022352487
2004-06-15 12:00:00,1,1.4498957,0.0023024976,-0.0019185096
2004-06-15 12:00:00,2,-0.37047076,0.0003400594,-0.0013752431
2004-06-15 12:00:00,3,0.4682933,-0.0037920699,-0.0011416078
2004-06-15 12:00:00,4,-2.2744274,0.0011042804,-5.2407384e-05
2004-07-16 00:00:00,0,1.1355401,-0.0094925165,-0.0022384971
2004-07-16 00:00:00,1,-0.5596081,0.002274394,-0.0019099265
2004-07-16 00:00:00,2,0.29931137,0.00034493208,-0.000788264
2004-07-16 00:00:00,3,0.4277975,-0.00383576,-0.0010101646
2004-07-16 00:00:00,4,0.52999043,0.0010594875,-8.535385e-05
2004-08-16 00:00:00,0,0.2337706,-0.009628415,-0.0027403086
2004-08-16 00:00:00,1,-0.94722784,0.002808094,-0.0014948696
2004-08-16 00:00:00,2,-0.6015953,0.00069080293,-0.0017369986
2004-08-16 00:00:00,3,1.504533,-0.0038413927,-0.0015267655
2004-08-16 00:00:00,4,0.93017924,0.0020810515,0.00018660724
2004-09-15 12:00:00,0,0.82690024,-0.00941392,-0.0025098622
2004-09-15 12:00:00,1,-0.46111384,0.0025405586,-0.0017213672
2004-09-15 12:00:00,2,-0.7364121,-0.00020553172,-0.00033715367
2004-09-15 12:00:00,3,0.8666026,-0.0038536713,-0.00077573955
2004-09-15 12:00:00,4,0.67094874,0.0015499443,-0.00037886202
2004-10-16 00:00:00,0,-0.04489427,0.0051278174,-0.0036818832
2004-10-16 00:00:00,1,-0.41742098,0.00282906,-0.0017652214
2004-10-16 00:00:00,2,0.91579056,-0.006409973,-0.00094276667
2004-10-16 00:00:00,3,-1.7706728,0.00443881,0.0038916543
2004-10-16 00:00:00,4,0.39744958,-0.010391682,-0.0014072955
2004-11-15 12:00:00,0,0.9567134,-0.0004630834,-0.0031943321
2004-11-15 12:00:00,1,2.0610068,0.0008665472,-0.0009252876
2004-11-15 12:00:00,2,-0.71607685,-0.001262486,-0.0018641874
2004-11-15 12:00:00,3,0.17804627,0.0020328015,0.0035448372
2004-11-15 12:00:00,4,1.0969518,-0.0076719373,-0.00029338896
2004-12-16 00:00:00,0,0.029211024,0.016102985,-0.0040782094
2004-12-16 00:00:00,1,0.7966557,0.0002592951,0.0013884753
2004-12-16 00:00:00,2,-0.98031217,-0.006921351,-0.003362991
2004-12-16 00:00:00,3,0.36688554,0.0109016,0.010148115
2004-12-16 00:00:00,4,0.12993515,-0.014485516,-0.0026968867
2005-01-16 00:00:00,0,1.37285,0.0109766275,-0.006403446
2005-01-16 00:00:00,1,-0.21583565,0.0010358244,-9.7855926e-05
2005-01-16 00:00:00,2,0.19637121,-0.008298278,0.00026803464
2005-01-16 00:00:00,3,0.9927316,0.0062248334,0.007017739
2005-01-16 00:00:00,4,1.1985408,-0.013865046,0.000941962
2005-02-14 12:00:00,0,1.2757294,0.008062333,-0.0021663904
2005-02-14 12:00:00,1,0.90694416,0.0026015341,-0.00011576712
2005-02-14 12:00:00,2,0.23402078,0.00068326294,-0.005222626
2005-02-14 12:00:00,3,0.23984076,0.0077670366,0.0014344379
2005-02-14 12:00:00,4,0.11403301,-0.0074784756,0.0007523
2005-03-16 00:00:00,0,0.13085982,0.0070938766,-0.0018155873
2005-03-16 00:00:00,1,0.67582685,0.001626417,-0.0006059706
2005-03-16 00:00:00,2,-0.3793711,-0.0073955655,-0.0043438673
2005-03-16 00:00:00,3,0.73436546,0.0065345466,0.006848946
2005-03-16 00:00:00,4,0.07679204,-0.013499953,-0.0017136335
2005-04-15 12:00:00,0,1.0576358,-0.0035315529,-0.002422899
2005-04-15 12:00:00,1,-0.5146947,0.002594918,-0.002172038
2005-04-15 12:00:00,2,-1.1189253,-0.0037647784,-0.002796851
2005-04-15 12:00:00,3,-0.6389993,-9.94131e-05,0.00104177
2005-04-15 12:00:00,4,1.4156092,-0.006973654,0.0005283505
2005-05-16 00:00:00,0,-0.07736012,0.0005754605,-0.003301084
2005-05-16 00:00:00,1,-1.8076607,0.002311483,-0.00085662305
2005-05-16 00:00:00,2,-0.7898417,-0.0059196204,-0.0038616955
2005-05-16 00:00:00,3,-1.5471798,0.0022133961,0.004399389
2005-05-16 00:00:00,4,-2.6709924,-0.009198606,-0.0009815246
2005-06-15 12:00:00,0,0.03495424,-0.007953353,-0.0044000894
2005-06-15 12:00:00,1,0.4732697,0.0012894571,-0.001406759
2005-06-15 12:00:00,2,-2.4459336,0.0001848638,-0.0005566478
2005-06-15 12:00:00,3,0.031929716,-0.0027243644,0.0013934895
2005-06-15 12:00:00,4,-0.1569044,-0.0014035851,-5.8457255e-05
2005-07-16 00:00:00,0,-0.84887147,-0.009746492,-0.0021360964
2005-07-16 00:00:00,1,1.7736543,0.0020821095,-0.0018826723
2005-07-16 00:00:00,2,0.37538266,0.00021769106,-0.00041707605
2005-07-16 00:00:00,3,-0.12184938,-0.0043252558,-0.0010014325
2005-07-16 00:00:00,4,-1.5800349,0.0014694035,-3.515184e-05
2005-08-16 00:00:00,0,-0.65250504,-0.008771859,-0.0026344657
2005-08-16 00:00:00,1,0.5578939,0.0022199154,-0.0014152378
2005-08-16 00:00:00,2,0.7289683,0.00020377338,-0.00014663488
2005-08-16 00:00:00,3,0.12962726,-0.004077278,-0.0005303174
2005-08-16 00:00:00,4,0.8032657,0.0020617843,-0.00048583746
2005-09-15 12:00:00,0,-0.7964766,-0.009037092,-0.003215611
2005-09-15 12:00:00,1,-0.22216818,0.0023224652,-0.0018257797
2005-09-15 12:00:00,2,-0.96321654,0.00028976798,-0.0016932413
2005-09-15 12:00:00,3,0.7459228,-0.003884621,-0.00075800717
2005-09-15 12:00:00,4,0.257821,0.0017972589,-0.0009146035
2005-10-16 00:00:00,0,-0.31974435,-0.007271804,-0.0029409826
2005-10-16 00:00:00,1,-0.825493,0.0020555407,-0.0014789999
2005-10-16 00:00:00,2,-1.4578999,-0.0005681515,0.00020390749
2005-10-16 00:00:00,3,0.115411386,-0.0030107722,0.00015361607
2005-10-16 00:00:00,4,-1.2680428,-8.766353e-05,-0.00026614964
2005-11-15 12:00:00,0,-0.0694197,-0.0009659752,-0.004320666
2005-11-15 12:00:00,1,-0.18039685,0.0009994358,0.0006033182
2005-11-15 12:00:00,2,1.269333,-0.0021748096,-0.00067822635
2005-11-15 12:00:00,3,0.052318282,0.0020862222,0.0042773187
2005-11-15 12:00:00,4,0.45952392,-0.008157715,0.0023120493
2005-12-16 00:00:00,0,0.9938214,0.020513833,-0.0030314326
2005-12-16 00:00:00,1,-1.22073,-0.0027132183,0.0008415878
2005-12-16 00:00:00,2,-0.32605934,-0.011924222,0.0002764985
2005-12-16 00:00:00,3,-0.27073228,0.013855204,0.017318815
2005-12-16 00:00:00,4,0.74182034,-0.021793872,-0.005472973
2006-01-16 00:00:00,0,-0.80405337,0.009066224,-0.003446281
2006-01-16 00:00:00,1,0.058328696,0.0016016066,-0.0010130107
2006-01-16 00:00:00,2,0.020390037,-0.0066491216,-0.0017077997
2006-01-16 00:00:00,3,-1.4183915,0.006286755,0.0056396127
2006-01-16 00:00:00,4,-1.1434218,-0.01216054,-0.0011700243
2006-02-14 12:00:00,0,1.6757599,0.0033752471,-0.0022557676
2006-02-14 12:00:00,1,1.3235503,0.00028705597,-0.00039301813
2006-02-14 12:00:00,2,0.2550414,-0.0030102134,-0.0013429299
2006-02-14 12:00:00,3,0.3008944,0.00341966,0.0058265924
2006-02-14 12:00:00,4,-0.03422743,-0.0102327615,-0.001204431
2006-03-16 00:00:00,0,1.3980002,0.013220191,-0.0055017024
2006-03-16 00:00:00,1,-0.81903493,0.0002696216,-0.00014220178
2006-03-16 00:00:00,2,0.62211204,-0.010684282,-0.0044381022
2006-03-16 00:00:00,3,-1.0515158,0.009386621,0.010909997
2006-03-16 00:00:00,4,0.99477524,-0.017529182,-0.0025724918
2006-04-15 12:00:00,0,-1.7374177,0.009501964,-0.00425303
2006-04-15 12:00:00,1,-1.876154,0.0020861626,-0.0003412217
2006-04-15 12:00:00,2,-1.1691234,-0.004630819,-0.0063165426
2006-04-15 12:00:00,3,0.54442894,0.011204958,0.0077988133
2006-04-15 12:00:00,4,-0.27337992,-0.01392439,-0.0030038953
2006-05-16 00:00:00,0,-0.5476602,-0.0059092566,-0.0031140447
2006-05-16 00:00:00,1,-0.5377184,0.0017518997,-0.0025574267
2006-05-16 00:00:00,2,0.16501239,-0.0011989623,-0.0011528209
2006-05-16 00:00:00,3,-0.25319254,-0.002105236,0.00072823465
2006-05-16 00:00:00,4,-0.19749393,-0.0027641952,-0.0013244748
2006-06-15 12:00:00,0,0.18780813,-0.009082161,-0.0034235418
2006-06-15 12:00:00,1,-0.26340246,0.002067104,-0.0015375465
2006-06-15 12:00:00,2,-2.5023553,0.0010312498,-0.0006905794
2006-06-15 12:00:00,3,-0.6550482,-0.0033604503,-0.0004060045
2006-06-15 12:00:00,4,-0.13359563,0.0014175624,-0.00023892522
2006-07-16 00:00:00,0,1.2494885,-0.0096935555,-0.0020477027
2006-07-16 00:00:00,1,-0.2562021,0.0024652928,-0.0019357502
2006-07-16 00:00:00,2,0.22060172,-0.00031906366,-0.0011181906
2006-07-16 00:00:00,3,-0.6075608,-0.004507005,-0.0013383776
2006-07-16 00:00:00,4,-1.1823502,0.0015189201,-5.3927302e-05
2006-08-16 00:00:00,0,-0.5940763,-0.0094418,-0.0023761392
2006-08-16 00:00:00,1,0.4352555,0.0021523833,-0.0016855001
2006-08-16 00:00:00,2,-0.13166547,8.042157e-05,-0.0002516508
2006-08-16 00:00:00,3,-0.69250923,-0.0041579083,-0.00087702274
2006-08-16 00:00:00,4,1.0125688,0.0015259087,5.3673983e-05
2006-09-15 12:00:00,0,0.12072717,-0.0097043365,-0.0024569035
2006-09-15 12:00:00,1,-0.30119878,0.0024032742,-0.0017452091
2006-09-15 12:00:00,2,0.92935836,0.00032922626,-0.00057561696
2006-09-15 12:00:00,3,0.70514166,-0.0043230653,-0.0013005286
2006-09-15 12:00:00,4,0.5586292,0.002136156,4.6163797e-05
2006-10-16 00:00:00,0,-1.1674504,-0.0068942234,-0.003795147
2006-10-16 00:00:00,1,0.052917738,0.0020758212,-0.0010040253
2006-10-16 00:00:00,2,-0.2765154,0.00083857775,-0.00094065815
2006-10-16 00:00:00,3,-2.540418,-0.002961792,0.00012779981
2006-10-16 00:00:00,4,-2.2319105,0.0013821572,-0.0005284399
2006-11-15 12:00:00,0,-0.9713586,-0.002983041,-0.004241213
2006-11-15 12:00:00,1,-2.262807,0.0014377236,-0.0005438328
2006-11-15 12:00:00,2,-0.22257783,-0.0027525872,0.00024499
2006-11-15 12:00:00,3,-1.3724602,0.0002625659,0.0036169216
2006-11-15 12:00:00,4,-0.067628235,-0.0071029067,0.0011028647
2006-12-16 00:00:00,0,0.059183653,0.0031390637,-0.0024763048
2006-12-16 00:00:00,1,0.101874515,0.0014446527,0.00046172738
2006-12-16 00:00:00,2,0.1570914,-0.004040107,-0.0030944198
2006-12-16 00:00:00,3,-2.681265,0.0038914233,0.0054009184
2006-12-16 00:00:00,4,0.2070886,-0.010105833,0.00015410781
2007-01-16 00:00:00,0,0.10450477,-0.00520961,-0.0016925335
2007-01-16 00:00:00,1,0.3024844,0.0020788014,-0.0011880994
2007-01-16 00:00:00,2,-0.15419558,6.1646104e-05,-0.0016892552
2007-01-16 00:00:00,3,-1.9583712,-0.002543725,-0.00047037005
2007-01-16 00:00:00,4,0.91825986,-9.588897e-05,0.0002374202
2007-02-14 12:00:00,0,-0.5751202,0.009089008,-0.0039770305
2007-02-14 12:00:00,1,0.8060219,0.0006362349,0.0007161051
2007-02-14 12:00:00,2,-1.4933566,-0.009645984,-0.00082165
2007-02-14 12:00:00,3,0.5352851,0.0067322254,0.009905703
2007-02-14 12:00:00,4,0.6366301,-0.015605889,-0.00058981776
2007-03-16 00:00:00,0,-1.3050867,-0.007777415,-0.002206862
2007-03-16 00:00:00,1,0.66124284,0.0024344027,-0.0019360185
2007-03-16 00:00:00,2,-0.4044217,-0.00043946505,-0.0012211427
2007-03-16 00:00:00,3,1.0041914,-0.0030145273,-0.0008311942
2007-03-16 00:00:00,4,1.64516,-0.0005854815,0.0003465712
2007-04-15 12:00:00,0,-2.226215,-0.004268199,-0.0036568195
2007-04-15 12:00:00,1,-0.4402073,0.0015114844,-0.0018354952
2007-04-15 12:00:00,2,-0.50595695,-0.0020194203,-0.0015954077
2007-04-15 12:00:00,3,1.1297837,-0.001375109,0.0016395897
2007-04-15 12:00:00,4,1.6036189,-0.0049605817,0.00014874339
2007-05-16 00:00:00,0,-1.2377565,-0.008789994,-0.0025066286
2007-05-16 00:00:00,1,0.09494145,0.0017167181,-0.0017251521
2007-05-16 00:00:00,2,0.37308142,0.000464648,-0.00088225305
2007-05-16 00:00:00,3,0.11253638,-0.0032754764,-0.0001738891
2007-05-16 00:00:00,4,0.33221895,-0.00065232813,0.0006529689
2007-06-15 12:00:00,0,-0.3346238,-0.009354994,-0.0020624846
2007-06-15 12:00:00,1,0.69786906,0.002370596,-0.002149433
2007-06-15 12:00:00,2,1.0103478,-9.030104e-05,0.0002991259
2007-06-15 12:00:00,3,0.3828399,-0.0040113255,-0.0011270717
2007-06-15 12:00:00,4,-0.9199085,0.0012904555,-0.00026865304
2007-07-16 00:00:00,0,0.300304,-0.00910987,-0.0030139983
2007-07-16 00:00:00,1,0.25103605,0.002130419,-0.0015398562
2007-07-16 00:00:00,2,-0.016824234,0.00036470592,-0.00055678934
2007-07-16 00:00:00,3,-0.7614624,-0.003549099,-0.0004935488
2007-07-16 00:00:00,4,0.52535015,0.00084497035,0.00010316074
2007-08-16 00:00:00,0,-0.8343303,-0.009729981,-0.0022584498
2007-08-16 00:00:00,1,-1.2668262,0.0023696274,-0.0019842088
2007-08-16 00:00:00,2,0.93960285,0.00020697713,-0.0005742982
2007-08-16 00:00:00,3,0.40754214,-0.00409507,-0.001184009
2007-08-16 00:00:00,4,0.7615548,0.0015174001,-0.00017774105
2007-09-15 12:00:00,0,1.0434117,-0.008327782,-0.0028392076
2007-09-15 12:00:00,1,0.21318743,0.0015581995,-0.0021485388
2007-09-15 12:00:00,2,-2.0201538,0.00092194974,-0.0013692081
2007-09-15 12:00:00,3,1.3115208,-0.0032065883,-7.137656e-05
2007-09-15 12:00:00,4,0.97360206,-0.0001668334,-0.0008518547
2007-10-16 00:00:00,0,-0.87282777,-0.0041778088,-0.0032360107
2007-10-16 00:00:00,1,-0.67565364,0.0015674084,-0.0014538318
2007-10-16 00:00:00,2,-0.15514402,-0.0007324219,-0.0008950755
2007-10-16 00:00:00,3,-0.6723621,-0.0008386001,0.0014065802
2007-10-16 00:00:00,4,0.8420633,-0.0036634505,-0.00011764467
2007-11-15 12:00:00,0,0.016429134,-0.007274583,-0.002344966
2007-11-15 12:00:00,1,-0.45105082,0.0018607825,-0.0015225708
2007-11-15 12:00:00,2,-0.5329344,0.00034700334,-0.00072188675
2007-11-15 12:00:00,3,-0.09670069,-0.0029146299,-0.00019469112
2007-11-15 12:00:00,4,-0.03943066,-0.00024405122,5.8695674e-05
2007-12-16 00:00:00,0,-0.76051486,0.0041033626,-0.0022825152
2007-12-16 00:00:00,1,0.81154096,9.000301e-05,-0.000592947
2007-12-16 00:00:00,2,0.20837982,-0.0056639463,-0.0002828911
2007-12-16 00:00:00,3,0.33652633,0.003320843,0.0070202947
2007-12-16 00:00:00,4,1.6112467,-0.012199625,-0.0009613782
2008-01-16 00:00:00,0,0.8488703,0.017805457,-0.0089957565
2008-01-16 00:00:00,1,-0.9513663,0.00043956935,0.0007083118
2008-01-16 00:00:00,2,0.22945577,-0.007364571,-0.005804144
2008-01-16 00:00:00,3,-0.765588,0.012523226,0.01052209
2008-01-16 00:00:00,4,-0.068460256,-0.01427941,-0.0031824112
2008-02-15 00:00:00,0,0.39971572,0.0048900247,-0.00356929
2008-02-15 00:00:00,1,-0.13493375,0.0016862154,-0.0010291189
2008-02-15 00:00:00,2,-2.135519,-0.0058437437,-0.0008010268
2008-02-15 00:00:00,3,1.0611023,0.004380256,0.005652502
2008-02-15 00:00:00,4,0.08790435,-0.010944143,-0.001439169
2008-03-16 00:00:00,0,0.04365538,-0.008028351,-0.0033468008
2008-03-16 00:00:00,1,-0.45049465,0.0020463616,-0.0014909804
2008-03-16 00:00:00,2,0.107273415,-0.000395149,6.9871545e-05
2008-03-16 00:00:00,3,1.5463567,-0.0030361414,0.0001026988
2008-03-16 00:00:00,4,0.9909127,-0.00043915212,0.0006406605
2008-04-15 12:00:00,0,1.4624046,-0.00806728,-0.0034499168
2008-04-15 12:00:00,1,-1.1103401,0.0019940436,-0.0010610521
2008-04-15 12:00:00,2,-1.0136024,0.0003411919,-0.00032944977
2008-04-15 12:00:00,3,1.1651372,-0.0035729855,-0.0006476939
2008-04-15 12:00:00,4,-0.14134097,0.000945434,0.0013199002
2008-05-16 00:00:00,0,0.60414875,-0.008701846,-0.003340751
2008-05-16 00:00:00,1,0.10788283,0.0009855777,-0.0028567016
2008-05-16 00:00:00,2,0.9343801,0.0025119036,-0.0033690706
2008-05-16 00:00:00,3,-0.5909834,-0.0033236444,-7.585436e-05
2008-05-16 00:00:00,4,0.40789267,-0.0007325411,-0.0012903363
2008-06-15 12:00:00,0,-0.6767329,-0.009767838,-0.0025608242
2008-06-15 12:00:00,1,1.1648121,0.0022981018,-0.0017490536
2008-06-15 12:00:00,2,0.39869177,0.000587672,-0.00057623535
2008-06-15 12:00:00,3,1.2959734,-0.004135415,-0.0011429712
2008-06-15 12:00:00,4,0.19417153,0.0019695908,2.2917986e-05
2008-07-16 00:00:00,0,-0.015041526,-0.009708941,-0.0028493255
2008-07-16 00:00:00,1,0.24779765,0.0023219883,-0.0017245859
2008-07-16 00:00:00,2,1.4879478,0.00013566017,-0.00028767437
2008-07-16 00:00:00,3,1.2021264,-0.0040098056,-0.0008690208
2008-07-16 00:00:00,4,-1.7169726,0.0014830828,2.5257468e-05
2008-08-16 00:00:00,0,-0.5702757,-0.009683855,-0.0023654997
2008-08-16 00:00:00,1,-0.77051985,0.0020661205,-0.0015770793
2008-08-16 00:00:00,2,-0.94432926,0.0006494224,-0.000743106
2008-08-16 00:00:00,3,-1.2229209,-0.0042906106,-0.0009314865
2008-08-16 00:00:00,4,-0.74159914,0.0018964857,7.492304e-05
2008-09-15 12:00:00,0,-0.12250826,-0.009612456,-0.0024006367
2008-09-15 12:00:00,1,0.948686,0.0023239404,-0.0017530471
2008-09-15 12:00:00,2,-0.44756162,9.633601e-05,-0.00049622357
2008-09-15 12:00:00,3,1.3081617,-0.0042482987,-0.0011306629
2008-09-15 12:00:00,4,0.61372167,0.001798749,2.8952956e-05
2008-10-16 00:00:00,0,0.2515774,-0.0063675568,-0.0034298003
2008-10-16 00:00:00,1,-0.34276733,0.0010533631,-0.00087478757
2008-10-16 00:00:00,2,-0.2128578,-0.0012906939,0.00054425746
2008-10-16 00:00:00,3,-1.8724786,-0.0025494546,0.0023685172
2008-10-16 00:00:00,4,0.7833375,-0.0023754984,-0.00010083616
2008-11-15 12:00:00,0,-0.69590735,-0.00062789023,-0.0041920245
2008-11-15 12:00:00,1,-0.21630546,0.0013289005,0.00036612153
2008-11-15 12:00:00,2,0.93664265,-0.0034277737,-0.0021984652
2008-11-15 12:00:00,3,0.8197656,0.0013386235,0.0047135055
2008-11-15 12:00:00,4,0.6361589,-0.0071958452,-8.702278e-06
2008-12-16 00:00:00,0,-1.9899505,0.0028813332,-0.0025678128
2008-12-16 00:00:00,1,-2.547003,0.0021917075,-0.00037048757
2008-12-16 00:00:00,2,0.8446107,-0.007009357,-0.0015485659
2008-12-16 00:00:00,3,-0.1875073,0.0033639148,0.005121514
2008-12-16 00:00:00,4,0.23548299,-0.010221094,-0.00060130656
2009-01-16 00:00:00,0,-1.0050049,-0.0035445765,-0.0023605973
2009-01-16 00:00:00,1,-0.22063275,0.0022068173,-0.0010841638
2009-01-16 00:00:00,2,-0.22573636,-0.0024211556,-0.0019029155
2009-01-16 00:00:00,3,-0.12037423,-0.00094407797,0.0017525554
2009-01-16 00:00:00,4,-0.6776428,-0.0041035414,1.3917685e-05
2009-02-14 12:00:00,0,0.1724566,0.012146413,-0.0042882115
2009-02-14 12:00:00,1,-0.5512754,0.00016769767,0.0033331513
2009-02-14 12:00:00,2,0.2648555,-0.0075947493,-0.0069684163
2009-02-14 12:00:00,3,0.7779492,0.009482004,0.010784939
2009-02-14 12:00:00,4,-1.9162639,-0.01672937,0.0007611364
2009-03-16 00:00:00,0,0.09793354,0.00011650473,-0.002301678
2009-03-16 00:00:00,1,0.14914668,3.2752752e-05,-0.001275003
2009-03-16 00:00:00,2,-1.9397411,-0.005666241,-0.0015211552
2009-03-16 00:00:00,3,0.94155777,0.0007793233,0.005617626
2009-03-16 00:00:00,4,-0.8510283,-0.0123862475,0.00086815655
2009-04-15 12:00:00,0,0.91670513,-0.0057601705,-0.0030066222
2009-04-15 12:00:00,1,0.13334705,0.0014003962,-0.0013691932
2009-04-15 12:00:00,2,-0.46728137,-0.0005735755,-0.0010150522
2009-04-15 12:00:00,3,1.3492901,-0.0020201579,0.0012292042
2009-04-15 12:00:00,4,-0.37194458,-0.0023793876,9.816885e-05
2009-05-16 00:00:00,0,2.1662982,-0.0049670637,-0.0032228976
2009-05-16 00:00:00,1,0.18988289,0.0021404028,-0.0013154298
2009-05-16 00:00:00,2,0.9106349,-0.0034182817,-0.0001553297
2009-05-16 00:00:00,3,0.42765972,-0.0011778772,0.0020629168
2009-05-16 00:00:00,4,-1.0747721,-0.005212605,0.0005123168
2009-06-15 12:00:00,0,-0.2346142,-0.0093326345,-0.0046007633
2009-06-15 12:00:00,1,-0.06342961,0.0028570443,-0.0038170516
2009-06-15 12:00:00,2,1.1758931,0.0018795431,-0.004042685
2009-06-15 12:00:00,3,-1.0930053,-0.0023635924,-0.0019772127
2009-06-15 12:00:00,4,-0.81867987,-0.00078983605,-0.0013205707
2009-07-16 00:00:00,0,-1.3836113,-0.009705648,-0.0021528006
2009-07-16 00:00:00,1,-1.0443821,0.0022261739,-0.0018618256
2009-07-16 00:00:00,2,-3.7431264,0.0002452433,-0.0007678941
2009-07-16 00:00:00,3,-1.4395375,-0.004135154,-0.0010345206
2009-07-16 00:00:00,4,2.108166,0.0013911724,-0.000112473965
2009-08-16 00:00:00,0,-0.86420536,-0.008792564,-0.0026754588
2009-08-16 00:00:00,1,1.2467189,0.0022069663,-0.0016487241
2009-08-16 00:00:00,2,0.017829686,0.00013527274,-0.0002924651
2009-08-16 00:00:00,3,0.95652825,-0.003557451,-0.00066398084
2009-08-16 00:00:00,4,1.1497811,0.0009575933,2.7805567e-05
2009-09-15 12:00:00,0,0.84561604,-0.009013556,-0.002217859
2009-09-15 12:00:00,1,1.8566024,0.0021331906,-0.0014375001
2009-09-15 12:00:00,2,-1.5458353,0.0004911572,-0.00079134107
2009-09-15 12:00:00,3,-0.4128672,-0.0039012954,-0.0007471666
2009-09-15 12:00:00,4,-0.5959365,0.0015955716,-6.593764e-05
2009-10-16 00:00:00,0,1.1943803,0.0036367923,-0.0022618324
2009-10-16 00:00:00,1,0.540558,0.00299716,-0.0013361573
2009-10-16 00:00:00,2,-0.5773926,-0.0023607314,-0.0021390915
2009-10-16 00:00:00,3,-0.91747665,0.005161375,0.0022324324
2009-10-16 00:00:00,4,0.9416702,-0.00850293,-0.001314193
2009-11-15 12:00:00,0,-0.53678596,-0.006825432,-0.0031052977
2009-11-15 12:00:00,1,-3.4022381,0.0013641566,-0.0013734102
2009-11-15 12:00:00,2,-0.68390405,-0.0006431639,-0.0001335144
2009-11-15 12:00:00,3,0.4777286,-0.002702199,0.0010878444
2009-11-15 12:00:00,4,-1.0599058,-0.0020152777,0.00024403632
2009-12-16 00:00:00,0,-0.25335073,0.0062046945,-0.0021496564
2009-12-16 00:00:00,1,-1.2963142,0.0014256537,0.00041344762
2009-12-16 00:00:00,2,-0.30047315,-0.0027602762,-0.0022688806
2009-12-16 00:00:00,3,-2.206107,0.004757941,0.0043610185
2009-12-16 00:00:00,4,-1.6804221,-0.008919522,0.00075238943
2010-01-16 00:00:00,0,1.7247561,0.017108902,-0.0064962506
2010-01-16 00:00:00,1,-1.0345021,-0.00019074976,0.0027727187
2010-01-16 00:00:00,2,0.22218831,-0.0063043684,-0.0054813772
2010-01-16 00:00:00,3,0.05410619,0.01154618,0.011149399
2010-01-16 00:00:00,4,-0.6124125,-0.014775038,-0.0011254251
2010-02-14 12:00:00,0,1.00101,0.007167086,-0.0028205365
2010-02-14 12:00:00,1,-0.98136467,0.0021547228,-0.0009789616
2010-02-14 12:00:00,2,-1.4588218,-0.002446726,-0.0040806234
2010-02-14 12:00:00,3,-1.4621866,0.0055395663,0.002667822
2010-02-14 12:00:00,4,0.19655843,-0.0091656,0.00017096102
2010-03-16 00:00:00,0,1.7680421,0.00028603524,-0.0016486943
2010-03-16 00:00:00,1,-0.20232412,0.00076271594,-0.000865981
2010-03-16 00:00:00,2,-1.5243341,-0.0044054687,-0.00095561147
2010-03-16 00:00:00,3,0.69552374,0.0013518035,0.0044654757
2010-03-16 00:00:00,4,-1.1296256,-0.010157093,0.00096417964
2010-04-15 12:00:00,0,1.2449284,0.003978908,-0.0036687404
2010-04-15 12:00:00,1,-0.8831654,0.0020467192,-0.0010380745
2010-04-15 12:00:00,2,-0.091226794,-0.004645601,-0.003918268
2010-04-15 12:00:00,3,0.043193996,0.0045859963,0.0050773546
2010-04-15 12:00:00,4,1.9501238,-0.010051474,-0.0015005171
2010-05-16 00:00:00,0,-0.20085485,-0.00554274,-0.0044690967
2010-05-16 00:00:00,1,-0.41516328,0.002127096,-0.00067831576
2010-05-16 00:00:00,2,0.09990259,-0.0009962022,-0.0030083433
2010-05-16 00:00:00,3,0.26001942,-0.0008959025,0.0017385781
2010-05-16 00:00:00,4,1.791707,-0.0034377575,0.00059981644
2010-06-15 12:00:00,0,-0.020405572,-0.009412259,-0.002148509
2010-06-15 12:00:00,1,0.22823775,0.0019525886,-0.0018382967
2010-06-15 12:00:00,2,-1.82778,0.00029248,-0.00053519756
2010-06-15 12:00:00,3,0.7039411,-0.0040890276,-0.00079024583
2010-06-15 12:00:00,4,-0.1643969,0.0008831024,0.00014910102
2010-07-16 00:00:00,0,-1.0648696,-0.009524569,-0.0024838299
2010-07-16 00:00:00,1,2.8417063,0.0022604018,-0.0016310513
2010-07-16 00:00:00,2,-0.98894787,-5.1781535e-05,-0.0006221384
2010-07-16 00:00:00,3,-1.726329,-0.0041404143,-0.00090524554
2010-07-16 00:00:00,4,0.6103482,0.001389578,0.00014483929
2010-08-16 00:00:00,0,0.14501697,-0.009032667,-0.0022406727
2010-08-16 00:00:00,1,0.70341116,0.0023594648,-0.001647085
2010-08-16 00:00:00,2,-0.039211158,0.00051774085,-0.0005534962
2010-08-16 00:00:00,3,1.2526125,-0.0038981736,-0.0011454001
2010-08-16 00:00:00,4,0.09944688,0.0019246936,-9.082258e-05
2010-09-15 12:00:00,0,-1.7668606,-0.009817526,-0.0020523071
2010-09-15 12:00:00,1,0.005000188,0.0024888366,-0.0020510703
2010-09-15 12:00:00,2,-0.343112,0.00030244887,-0.0005284399
2010-09-15 12:00:00,3,0.36065876,-0.0040493757,-0.0013390854
2010-09-15 12:00:00,4,-0.86848694,0.0016120672,-0.00020101666
2010-10-16 00:00:00,0,-0.10680404,0.0005131215,-0.0055531114
2010-10-16 00:00:00,1,1.6757036,0.0018514395,-0.002561465
2010-10-16 00:00:00,2,1.2889153,-0.003118962,-0.0013975948
2010-10-16 00:00:00,3,1.3427048,0.003258951,0.004309699
2010-10-16 00:00:00,4,0.5681237,-0.009348899,-0.0022746027
2010-11-15 12:00:00,0,-0.04298526,0.0025471747,-0.0033341497
2010-11-15 12:00:00,1,-0.6476416,0.0014538318,-0.0009122938
2010-11-15 12:00:00,2,-0.57977474,-0.0073336065,-0.00019136071
2010-11-15 12:00:00,3,-0.551642,0.0023811236,0.0056713372
2010-11-15 12:00:00,4,0.08214887,-0.011329234,-0.0003374964
2010-12-16 00:00:00,0,-0.56007326,0.016136974,-0.0059660077
2010-12-16 00:00:00,1,2.0315497,-0.00085908175,-0.0008264929
2010-12-16 00:00:00,2,0.2228311,-0.012272939,-0.0008804351
2010-12-16 00:00:00,3,0.37522972,0.0081443265,0.01083903
2010-12-16 00:00:00,4,-1.2621704,-0.018064,-0.0010769516
2011-01-16 00:00:00,0,-0.5770538,0.000744164,-0.00081789494
2011-01-16 00:00:00,1,0.56349725,0.0026578903,0.0009664297
2011-01-16 00:00:00,2,0.7870179,-0.0014759153,-0.004216306
2011-01-16 00:00:00,3,-1.810096,0.002310887,0.0018206015
2011-01-16 00:00:00,4,-0.61557806,-0.004131153,0.000693202
2011-02-14 12:00:00,0,0.18582468,0.006436631,-0.003276959
2011-02-14 12:00:00,1,1.5137861,0.0019790828,-0.00086542964
2011-02-14 12:00:00,2,1.2805701,-0.0064187944,-0.00067560375
2011-02-14 12:00:00,3,1.8510749,0.005744964,0.006278038
2011-02-14 12:00:00,4,-0.13665488,-0.011959866,-0.0017121881
2011-03-16 00:00:00,0,0.4825636,0.016508266,-0.005157754
2011-03-16 00:00:00,1,0.8650662,-0.0027029812,0.00069880486
2011-03-16 00:00:00,2,-0.76734734,-0.010627478,-0.0013599321
2011-03-16 00:00:00,3,0.21829474,0.010199912,0.015140615
2011-03-16 00:00:00,4,0.26147026,-0.019668318,-0.0031789541
2011-04-15 12:00:00,0,0.13256875,-0.0047491714,-0.0046269447
2011-04-15 12:00:00,1,0.5195231,0.0018096119,-0.0015623122
2011-04-15 12:00:00,2,1.7745045,-0.00096331537,-5.0850213e-05
2011-04-15 12:00:00,3,1.1266522,-0.00069680065,0.0017799512
2011-04-15 12:00:00,4,-1.1560515,-0.0027701557,-0.0009548217
2011-05-16 00:00:00,0,-1.6733971,-0.002047114,-0.0031673163
2011-05-16 00:00:00,1,-0.5257523,0.0012947917,-0.0005032271
2011-05-16 00:00:00,2,-1.689835,-0.0023391545,-0.0016084388
2011-05-16 00:00:00,3,0.26416343,0.00088368356,0.0040156096
2011-05-16 00:00:00,4,-0.19472991,-0.005902663,-0.0009939224
2011-06-15 12:00:00,0,1.8223267,-0.0010626465,-0.0024140477
2011-06-15 12:00:00,1,0.4650371,0.0012346655,-0.000121444464
2011-06-15 12:00:00,2,-1.5367917,0.0021687597,-0.0038419366
2011-06-15 12:00:00,3,-0.55989605,0.0016379952,0.0018570349
2011-06-15 12:00:00,4,0.022977166,-0.0042458177,0.0004030615
2011-07-16 00:00:00,0,-0.18027592,-0.009430036,-0.0025317222
2011-07-16 00:00:00,1,-0.06995767,0.002351746,-0.0018226355
2011-07-16 00:00:00,2,-1.337046,0.00023713708,-0.0006612316
2011-07-16 00:00:00,3,0.0014121281,-0.0038571432,-0.0010526925
2011-07-16 00:00:00,4,0.12077264,0.0012903512,-1.1578202e-05
2011-08-16 00:00:00,0,0.78931403,-0.009784415,-0.002101943
2011-08-16 00:00:00,1,2.1440291,0.0024721473,-0.0018270165
2011-08-16 00:00:00,2,-0.95642745,0.00088866055,-0.0007432252
2011-08-16 00:00:00,3,-0.7799237,-0.003915809,-0.0015190691
2011-08-16 00:00:00,4,-0.1968456,0.0020416677,8.441508e-05
2011-09-15 12:00:00,0,0.9829595,-0.008804768,-0.0022877604
2011-09-15 12:00:00,1,-0.55577946,0.0019089133,-0.0018752664
2011-09-15 12:00:00,2,-0.016149146,-0.00021280348,1.5825033e-05
2011-09-15 12:00:00,3,2.1419058,-0.0041874647,-0.00056932867
2011-09-15 12:00:00,4,0.73692787,0.0008697808,-0.00011757016
2011-10-16 00:00:00,0,-0.59243,-0.004607998,-0.0021386743
2011-10-16 00:00:00,1,-0.88177913,0.0015355498,-0.0027827173
2011-10-16 00:00:00,2,-0.0731221,-0.002682209,-0.001090683
2011-10-16 00:00:00,3,-0.82266736,-0.001420863,0.0012579486
2011-10-16 00:00:00,4,-1.2407798,-0.0056182295,-0.00064496696
2011-11-15 12:00:00,0,0.61528593,-0.00077433884,-0.0017882586
2011-11-15 12:00:00,1,-0.10981189,0.0019491911,-0.00043179095
2011-11-15 12:00:00,2,1.6004238,0.00030000508,-0.003166236
2011-11-15 12:00:00,3,-0.66532993,0.0012914538,0.0005745515
2011-11-15 12:00:00,4,0.17650285,-0.0043326616,0.0013632774
2011-12-16 00:00:00,0,1.9537059,-0.008939408,-0.0023876876
2011-12-16 00:00:00,1,1.0525886,0.0023238957,-0.0017363727
2011-12-16 00:00:00,2,0.13459112,0.00036086142,-0.0007452369
2011-12-16 00:00:00,3,2.3258228,-0.003732182,-0.0011175498
2011-12-16 00:00:00,4,-1.058836,0.00153929,-5.6043267e-05
2012-01-16 00:00:00,0,0.10062676,0.0036063194,-0.0034416318
2012-01-16 00:00:00,1,-0.20295545,0.0008804053,-7.480383e-05
2012-01-16 00:00:00,2,0.77233255,-0.0051883757,-0.0009501651
2012-01-16 00:00:00,3,0.2912972,0.003260471,0.0062319934
2012-01-16 00:00:00,4,-0.8446527,-0.010809138,-0.00050513446
2012-02-15 00:00:00,0,-0.8258092,-0.0019825622,-0.0027230084
2012-02-15 00:00:00,1,0.051414993,0.0009088218,-0.0005901009
2012-02-15 00:00:00,2,-0.3912004,-0.0005175173,-0.0015539378
2012-02-15 00:00:00,3,1.2192453,0.0007886812,0.0028320625
2012-02-15 00:00:00,4,-0.2866676,-0.0056441277,0.00041148067
2012-03-16 00:00:00,0,-0.22758755,0.010876209,-0.0027433485
2012-03-16 00:00:00,1,-0.78197384,0.00014904141,0.0013639033
2012-03-16 00:00:00,2,0.85213387,-0.010272235,-0.0017927438
2012-03-16 00:00:00,3,1.3546392,0.008629397,0.012199618
2012-03-16 00:00:00,4,1.1261436,-0.017303877,-0.0027395338
2012-04-15 12:00:00,0,2.4301348,0.0012648702,-0.0041647702
2012-04-15 12:00:00,1,-1.3883232,0.002861455,-0.0010711849
2012-04-15 12:00:00,2,0.5027636,-0.0062977225,-0.0017600358
2012-04-15 12:00:00,3,-0.92221785,0.0026974976,0.0037802383
2012-04-15 12:00:00,4,2.1431277,-0.008534774,-0.0011166781
2012-05-16 00:00:00,0,0.14419097,-0.009268813,-0.002092123
2012-05-16 00:00:00,1,-0.56013465,0.002074197,-0.0019164681
2012-05-16 00:00:00,2,-1.1709,0.00088332593,-0.0007234141
2012-05-16 00:00:00,3,0.5671359,-0.0039472952,-0.0009654239
2012-05-16 00:00:00,4,0.7771751,0.0016197413,-0.00028023124
2012-06-15 12:00:00,0,1.4067199,-0.008252345,-0.002838403
2012-06-15 12:00:00,1,-0.6097189,0.0025969893,-0.0013536662
2012-06-15 12:00:00,2,-2.283972,-0.0006637126,-0.00057516247
2012-06-15 12:00:00,3,0.15399376,-0.0032704622,-0.00047166646
2012-06-15 12:00:00,4,-0.3937566,0.0009749234,-8.1688166e-05
2012-07-16 00:00:00,0,-0.46496642,-0.009839386,-0.002288729
2012-07-16 00:00:00,1,0.552536,0.002351135,-0.0018366724
2012-07-16 00:00:00,2,0.2080086,0.00057959557,-0.00073901564
2012-07-16 00:00:00,3,0.0055531356,-0.004064709,-0.0012660846
2012-07-16 00:00:00,4,0.97526515,0.0017111152,4.6029687e-05
2012-08-16 00:00:00,0,0.46675104,-0.009297207,-0.0022766143
2012-08-16 00:00:00,1,0.0972838,0.002344951,-0.0016144663
2012-08-16 00:00:00,2,-1.1434966,0.00027485192,-0.0004358515
2012-08-16 00:00:00,3,-0.48606765,-0.0041010454,-0.001101777
2012-08-16 00:00:00,4,0.25829816,0.0017629266,0.00014267862
2012-09-15 12:00:00,0,1.4193627,-0.009770051,-0.0023026764
2012-09-15 12:00:00,1,0.06955159,0.0025665015,-0.001790449
2012-09-15 12:00:00,2,1.4629893,9.4905496e-05,-0.0006787926
2012-09-15 12:00:00,3,-0.7421966,-0.0044002533,-0.0014216229
2012-09-15 12:00:00,4,0.7037971,0.0021401644,1.5258789e-05
2012-10-16 00:00:00,0,0.16639817,-0.004689224,-0.0027470142
2012-10-16 00:00:00,1,-0.65052205,0.0015589595,-0.0010485649
2012-10-16 00:00:00,2,1.938646,-0.0017641783,0.00019401312
2012-10-16 00:00:00,3,0.11274332,-0.0011652783,0.0020315647
2012-10-16 00:00:00,4,1.1174679,-0.0037955195,0.00010626018
2012-11-15 12:00:00,0,-0.6215702,0.009788901,-0.0017616004
2012-11-15 12:00:00,1,-1.6161779,8.699298e-05,0.001770094
2012-11-15 12:00:00,2,-1.2055492,-0.0073326677,-0.0018697307
2012-11-15 12:00:00,3,-1.2334548,0.0058254525,0.009365186
2012-11-15 12:00:00,4,0.006714901,-0.013333701,-0.0005235225
2012-12-16 00:00:00,0,-0.6647498,0.015836045,-0.0047183633
2012-12-16 00:00:00,1,-1.959402,-0.0009306222,0.0016815811
2012-12-16 00:00:00,2,-0.06047976,-0.009241298,-0.0017234758
2012-12-16 00:00:00,3,0.8486209,0.011415519,0.013642319
2012-12-16 00:00:00,4,-0.11869196,-0.017918348,-0.002830401
2013-01-16 00:00:00,0,1.3860141,-0.003541872,-0.0013136566
2013-01-16 00:00:00,1,-1.5671101,0.0007664412,-0.00058335066
2013-01-16 00:00:00,2,1.3900193,0.0015197098,-0.0017361045
2013-01-16 00:00:00,3,0.78290796,-0.00082404166,0.0012592226
2013-01-16 00:00:00,4,-0.07135224,-0.0021605492,0.00033216178
2013-02-14 12:00:00,0,-0.42781612,-0.007446967,-0.002128616
2013-02-14 12:00:00,1,0.7094294,0.0020068288,-0.001382634
2013-02-14 12:00:00,2,-0.13564342,0.00012536347,-0.001420036
2013-02-14 12:00:00,3,-0.529006,-0.0031768158,-0.00040245056
2013-02-14 12:00:00,4,-0.28405347,0.00023925304,0.00023598969
2013-03-16 00:00:00,0,-3.0233629,-0.003881313,-0.0032301694
2013-03-16 00:00:00,1,1.1799848,0.0011631846,-0.0009332448
2013-03-16 00:00:00,2,-0.5624087,-0.0010344684,-0.0017000809
2013-03-16 00:00:00,3,-0.24470732,-0.0010154545,0.0019616112
2013-03-16 00:00:00,4,-0.8962692,-0.0046028197,0.0007197261
2013-04-15 12:00:00,0,0.000888112,-0.007703714,-0.0024704933
2013-04-15 12:00:00,1,-0.4659009,0.0013195425,-0.0028880239
2013-04-15 12:00:00,2,1.1815827,0.00036984682,0.0009972006
2013-04-15 12:00:00,3,-0.52368116,-0.0032298192,-0.00022535771
2013-04-15 12:00:00,4,-0.8495514,-0.0017080903,-6.3985586e-05
2013-05-16 00:00:00,0,-1.5780573,-0.008679077,-0.0034977347
2013-05-16 00:00:00,1,1.3643668,0.0018593073,-0.0019167066
2013-05-16 00:00:00,2,1.8793151,0.0006079674,-0.0010695383
2013-05-16 00:00:00,3,2.3186324,-0.003269039,-0.00011629611
2013-05-16 00:00:00,4,0.76725817,-0.00034539402,0.00015634298
2013-06-15 12:00:00,0,2.028781,-0.007980585,-0.002723828
2013-06-15 12:00:00,1,0.49500036,0.0018826574,-0.001846984
2013-06-15 12:00:00,2,-1.0196977,-0.0010908097,0.0004460588
2013-06-15 12:00:00,3,-0.47009334,-0.0031670555,0.00020263344
2013-06-15 12:00:00,4,1.5452293,-0.0010553449,2.259016e-05
2013-07-16 00:00:00,0,-0.23828027,-0.009097666,-0.002678752
2013-07-16 00:00:00,1,-0.4756742,0.0027404875,-0.001539439
2013-07-16 00:00:00,2,-0.07356473,0.00097057223,-0.0006848201
2013-07-16 00:00:00,3,0.59396493,-0.0036870763,-0.0013573915
2013-07-16 00:00:00,4,-0.560342,0.0024481565,-0.000116065145
2013-08-16 00:00:00,0,-0.72845405,-0.009417877,-0.0023158044
2013-08-16 00:00:00,1,-0.56107414,0.0017963201,-0.0020037144
2013-08-16 00:00:00,2,0.21592854,0.00076910853,-0.0012763664
2013-08-16 00:00:00,3,0.2324492,-0.0040697977,-0.0007039383
2013-08-16 00:00:00,4,0.85872275,0.0009988695,-0.00046154857
2013-09-15 12:00:00,0,-0.6709867,-0.007965498,-0.002199158
2013-09-15 12:00:00,1,0.0045503224,0.0014819652,-0.002025336
2013-09-15 12:00:00,2,1.9903474,-0.0014840215,-0.00031031668
2013-09-15 12:00:00,3,0.57503736,-0.0039521754,5.3711236e-05
2013-09-15 12:00:00,4,-1.6006818,-0.0017789006,0.0006542057
2013-10-16 00:00:00,0,1.6261783,-0.008280076,-0.0032897145
2013-10-16 00:00:00,1,0.5398412,0.0016616732,-0.0017040521
2013-10-16 00:00:00,2,-2.8029952,0.0008173734,-0.000761196
2013-10-16 00:00:00,3,-0.40278274,-0.0036135316,-0.00015113503
2013-10-16 00:00:00,4,0.049739696,0.0011533499,-0.0005161762
2013-11-15 12:00:00,0,-2.2939126,-0.006070815,-0.003027901
2013-11-15 12:00:00,1,2.3678958,0.00073590875,-0.0017374307
2013-11-15 12:00:00,2,-0.60914576,0.0003862679,-0.0007195473
2013-11-15 12:00:00,3,1.4365464,-0.0025643483,0.00075754523
2013-11-15 12:00:00,4,-0.59808207,-0.0029643625,0.0011198521
2013-12-16 00:00:00,0,-1.5678577,-0.0064502954,-0.002986282
2013-12-16 00:00:00,1,1.1778371,0.0011144131,-0.00096707046
2013-12-16 00:00:00,2,0.9844062,-0.0005005598,-0.00013839453
2013-12-16 00:00:00,3,-0.8518613,-0.0030903444,0.0014548674
2013-12-16 00:00:00,4,1.4253865,-0.0010467768,-0.00013704598
2014-01-16 00:00:00,0,1.4846127,-0.005307235,-0.0024432093
2014-01-16 00:00:00,1,-0.038000077,0.000734061,-0.00068576634
2014-01-16 00:00:00,2,-1.874136,-0.00034563243,0.00047439337
2014-01-16 00:00:00,3,-1.6801151,-0.0026696846,0.0018223077
2014-01-16 00:00:00,4,-0.7369035,-0.0019366741,0.0006111413
2014-02-14 12:00:00,0,-0.043951448,0.010158256,-0.0019671917
2014-02-14 12:00:00,1,-0.51862,-0.0002707541,0.00036375225
2014-02-14 12:00:00,2,0.28637028,-0.008038193,-0.0019136071
2014-02-14 12:00:00,3,1.0725988,0.007208638,0.009138174
2014-02-14 12:00:00,4,2.3035738,-0.017053396,0.0001861006
2014-03-16 00:00:00,0,-0.32011423,0.001232028,-0.0038120598
2014-03-16 00:00:00,1,1.1683865,0.0009646565,-0.00078836083
2014-03-16 00:00:00,2,0.44107765,-0.004149869,-0.001570873
2014-03-16 00:00:00,3,0.087661505,0.0034379363,0.005723588
2014-03-16 00:00:00,4,-0.8176559,-0.011190355,-0.00029824674
2014-04-15 12:00:00,0,-0.6854218,-0.0056509674,-0.0017783791
2014-04-15 12:00:00,1,1.2089983,0.0026633888,-0.0015221387
2014-04-15 12:00:00,2,1.0386946,-0.0017409921,-0.0037181824
2014-04-15 12:00:00,3,0.6127226,-0.0016120747,0.0003491342
2014-04-15 12:00:00,4,0.67913127,-0.0024378002,-0.0005581528
2014-05-16 00:00:00,0,-0.17127644,-0.009219781,-0.0035256445
2014-05-16 00:00:00,1,0.6236318,0.0027207136,-0.0022904426
2014-05-16 00:00:00,2,0.17355533,0.0005046129,-0.0022227243
2014-05-16 00:00:00,3,0.2544345,-0.0032681748,-0.0014041364
2014-05-16 00:00:00,4,-0.27601004,0.000713408,-0.000102728605
2014-06-15 12:00:00,0,-0.13853374,-0.009555422,-0.0023508072
2014-06-15 12:00:00,1,1.6987963,0.0023438781,-0.0016344637
2014-06-15 12:00:00,2,-1.5219078,0.0002629161,-0.0004568845
2014-06-15 12:00:00,3,0.3239309,-0.0042162016,-0.0009866357
2014-06-15 12:00:00,4,1.2958317,0.0021120906,-0.00024063885
2014-07-16 00:00:00,0,-2.1294923,-0.007000223,-0.0024265647
2014-07-16 00:00:00,1,-0.0039352058,0.0023991764,-0.0014836192
2014-07-16 00:00:00,2,-0.784772,-0.0006765574,0.00022295117
2014-07-16 00:00:00,3,2.2049403,-0.0030160993,-5.8598816e-05
2014-07-16 00:00:00,4,-1.0514731,0.00089913607,-0.001093328
2014-08-16 00:00:00,0,-2.2638009,-0.008349836,-0.0030861646
2014-08-16 00:00:00,1,0.37961346,0.0013083667,-0.0020253807
2014-08-16 00:00:00,2,1.27025,0.00083234906,-0.00020623207
2014-08-16 00:00:00,3,1.7350272,-0.003435135,0.00030630827
2014-08-16 00:00:00,4,-1.7060947,-9.228289e-05,-0.00089526176
2014-09-15 12:00:00,0,-0.045744494,-0.0073182657,-0.0035243034
2014-09-15 12:00:00,1,-2.270761,0.0011933297,-0.0016867071
2014-09-15 12:00:00,2,0.5672028,0.00048694015,-0.0004204288
2014-09-15 12:00:00,3,-0.2620448,-0.0030110404,0.0007880181
2014-09-15 12:00:00,4,-0.9309844,-0.00091066957,-0.000498265
2014-10-16 00:00:00,0,0.79911184,-0.005810648,-0.0037794411
2014-10-16 00:00:00,1,0.9256035,0.0020383447,-0.0005751401
2014-10-16 00:00:00,2,-0.37231833,-0.00077968836,-0.00091694295
2014-10-16 00:00:00,3,-0.7515173,-0.0018376186,0.001311399
2014-10-16 00:00:00,4,-1.3490195,-0.0012769103,5.1662326e-05
2014-11-15 12:00:00,0,-0.04015405,-0.0019445717,-0.0034557432
2014-11-15 12:00:00,1,-0.7963983,0.0019294322,0.000273481
2014-11-15 12:00:00,2,-0.65668094,-0.0017114282,-0.0036953762
2014-11-15 12:00:00,3,0.21303512,0.0004349649,0.002126485
2014-11-15 12:00:00,4,0.07261641,-0.005160138,0.0017669499
2014-12-16 00:00:00,0,-1.0436213,0.015092313,-0.005743459
2014-12-16 00:00:00,1,0.1758315,-0.00061409175,0.0014587045
2014-12-16 00:00:00,2,0.9150948,-0.0046939254,-0.0045166165
2014-12-16 00:00:00,3,0.18557313,0.011282854,0.010637671
2014-12-16 00:00:00,4,-1.4031914,-0.015462853,-0.0018805712
2015-01-16 00:00:00,0,-0.734198,-0.009070657,-0.0026769787
2015-01-16 00:00:00,1,0.281758,0.0021808147,-0.0021332353
2015-01-16 00:00:00,2,-1.4118147,7.742643e-05,-0.00023265928
2015-01-16 00:00:00,3,1.2844397,-0.0038178787,-0.0010707155
2015-01-16 00:00:00,4,-1.7313119,0.0010585487,-0.00018125772
2015-02-14 12:00:00,0,0.79229206,0.0027493984,-0.0035304427
2015-02-14 12:00:00,1,-1.0506891,0.0013208836,-0.00014322996
2015-02-14 12:00:00,2,0.25086707,-0.003841266,-0.0031563714
2015-02-14 12:00:00,3,2.6189854,0.003977537,0.0062774196
2015-02-14 12:00:00,4,1.1626039,-0.009432688,-0.0025600046
2015-03-16 00:00:00,0,-0.89970064,-0.008631319,-0.0034162551
2015-03-16 00:00:00,1,0.014690553,0.001945287,-0.0016533434
2015-03-16 00:00:00,2,-1.0207106,-0.00018338859,-0.00023770332
2015-03-16 00:00:00,3,1.1421367,-0.0037334114,-0.00020930171
2015-03-16 00:00:00,4,-0.683269,0.00043340027,0.000221923
2015-04-15 12:00:00,0,1.175171,-0.0049181506,-0.0036864579
2015-04-15 12:00:00,1,-0.64843875,0.001873076,-0.0009998828
2015-04-15 12:00:00,2,-0.0050786226,-0.0021774322,-0.0011837482
2015-04-15 12:00:00,3,-0.026935382,-0.0015100837,0.0015996099
2015-04-15 12:00:00,4,1.114207,-0.003938034,0.0009794384
2015-05-16 00:00:00,0,-1.5588944,-0.006941274,-0.003647998
2015-05-16 00:00:00,1,-0.26842326,0.0017994195,-0.0030857027
2015-05-16 00:00:00,2,0.4388191,0.0021343976,-0.0033665001
2015-05-16 00:00:00,3,-0.4549476,-0.00255014,-0.0010975078
2015-05-16 00:00:00,4,-2.6715157,-0.0018521845,-6.234646e-05
2015-06-15 12:00:00,0,-0.36979842,-0.008676842,-0.0030641556
2015-06-15 12:00:00,1,0.23620714,0.0022134334,-0.0023611188
2015-06-15 12:00:00,2,-0.47070825,-0.00083485246,0.00024294853
2015-06-15 12:00:00,3,0.35102507,-0.003293462,-0.0004569888
2015-06-15 12:00:00,4,-0.55398566,-0.00085143745,-2.3767352e-05
2015-07-16 00:00:00,0,0.4761033,-0.009335585,-0.002214402
2015-07-16 00:00:00,1,-0.8513969,0.0032777935,-0.0040819794
2015-07-16 00:00:00,2,1.3142323,0.0022521913,-0.002003722
2015-07-16 00:00:00,3,0.76381284,-0.0021994188,-0.002667904
2015-07-16 00:00:00,4,0.29755157,-6.93202e-05,-0.0016669482
2015-08-16 00:00:00,0,0.65203184,-0.009438314,-0.0026816577
2015-08-16 00:00:00,1,0.51857835,0.0025168508,-0.0019253492
2015-08-16 00:00:00,2,0.11036889,0.00019443035,-6.7554414e-05
2015-08-16 00:00:00,3,0.57881474,-0.003980726,-0.0012064278
2015-08-16 00:00:00,4,-1.3374934,0.0015977025,-9.11057e-05
2015-09-15 12:00:00,0,1.8980209,-0.009024635,-0.0030438155
2015-09-15 12:00:00,1,-1.4018748,0.0021618456,-0.0017026514
2015-09-15 12:00:00,2,-1.4122958,0.00038398802,-0.00016017258
2015-09-15 12:00:00,3,-0.1327651,-0.0037665963,-0.00041190535
2015-09-15 12:00:00,4,1.3650494,0.001460433,-0.00047293305
2015-10-16 00:00:00,0,1.8926066,-0.0075698793,-0.0029841214
2015-10-16 00:00:00,1,0.9850682,0.0015965849,-0.0033564568
2015-10-16 00:00:00,2,-1.432894,0.00045712292,-0.0004961416
2015-10-16 00:00:00,3,0.5338247,-0.0029286444,-0.000915505
2015-10-16 00:00:00,4,-0.01973079,-0.0020442903,-0.00011008978
2015-11-15 12:00:00,0,0.22451611,0.0008224249,-0.003109455
2015-11-15 12:00:00,1,-1.5985538,0.0014043003,-0.0009266436
2015-11-15 12:00:00,2,2.37059,-0.0032717884,-0.0023043677
2015-11-15 12:00:00,3,0.30023396,0.002590634,0.0041844845
2015-11-15 12:00:00,4,-0.8598762,-0.008763075,-0.0007702112
2015-12-16 00:00:00,0,1.4651545,0.0072387457,-0.002896309
2015-12-16 00:00:00,1,0.123129696,0.0006878823,-0.0006362498
2015-12-16 00:00:00,2,-0.34914055,-0.008546442,0.0006630942
2015-12-16 00:00:00,3,-1.6635244,0.0064534023,0.008580506
2015-12-16 00:00:00,4,-0.7896812,-0.016132437,-0.00076906383
2016-01-16 00:00:00,0,-0.25338715,0.01675658,-0.0062826425
2016-01-16 00:00:00,1,0.13601398,-0.0011671484,0.0020447075
2016-01-16 00:00:00,2,0.7628881,-0.0077954084,-0.0030407757
2016-01-16 00:00:00,3,1.7169583,0.011022024,0.012551293
2016-01-16 00:00:00,4,0.9483138,-0.016777404,-0.0014799386
2016-02-15 00:00:00,0,-0.0056191473,-0.0055436343,-0.002444148
2016-02-15 00:00:00,1,-0.3308879,0.0013616532,-0.0012087524
2016-02-15 00:00:00,2,-2.0973518,-0.0007637441,-0.00066435337
2016-02-15 00:00:00,3,1.7796427,-0.0017103255,0.0015566573
2016-02-15 00:00:00,4,-1.2833906,-0.0027965605,-0.00016972423
2016-03-16 00:00:00,0,-0.013286907,0.011206463,-0.003032133
2016-03-16 00:00:00,1,-2.9303858,-0.00049214065,-0.0004962981
2016-03-16 00:00:00,2,-0.2174067,-0.010268539,0.00029090047
2016-03-16 00:00:00,3,0.1843993,0.0075840876,0.011357881
2016-03-16 00:00:00,4,-1.5990753,-0.018090896,-0.0026102066
2016-04-15 12:00:00,0,0.22869122,-0.0045579,-0.0047647357
2016-04-15 12:00:00,1,-0.29077786,0.0039914697,-0.0018128306
2016-04-15 12:00:00,2,-0.949893,-0.002165705,-0.0035459623
2016-04-15 12:00:00,3,0.07681925,0.0008774623,0.0013053641
2016-04-15 12:00:00,4,0.28281438,-0.002957806,-0.0030186623
2016-05-16 00:00:00,0,0.0013958095,-0.0056320056,-0.004967168
2016-05-16 00:00:00,1,0.055925515,0.0032782108,-0.0009178817
2016-05-16 00:00:00,2,-1.9926448,-6.638467e-05,-0.0024431795
2016-05-16 00:00:00,3,1.1835059,-0.0008287579,0.00035114586
2016-05-16 00:00:00,4,-1.5847218,-0.0008816123,-4.3347478e-05
2016-06-15 12:00:00,0,-0.8412918,-0.009889074,-0.0029910505
2016-06-15 12:00:00,1,-1.8994585,0.0022080094,-0.002138555
2016-06-15 12:00:00,2,-0.43359983,-8.819997e-05,5.1558018e-05
2016-06-15 12:00:00,3,-0.40690467,-0.0041014254,-0.00075212866
2016-06-15 12:00:00,4,-0.46515608,0.00080655515,-0.00017738342
2016-07-16 00:00:00,0,0.7348884,-0.0096358135,-0.0022233725
2016-07-16 00:00:00,1,-0.8745668,0.0022908747,-0.0018051565
2016-07-16 00:00:00,2,1.1984713,0.00032934546,-0.0004281327
2016-07-16 00:00:00,3,-1.4387989,-0.0041713566,-0.0011174753
2016-07-16 00:00:00,4,-2.2615578,0.0018435568,-0.00013402104
2016-08-16 00:00:00,0,-0.3583169,-0.009445623,-0.0024513006
2016-08-16 00:00:00,1,0.46526337,0.0022930056,-0.001543507
2016-08-16 00:00:00,2,1.0615772,0.0002129525,-0.00055499375
2016-08-16 00:00:00,3,0.25723383,-0.0042124987,-0.0009802505
2016-08-16 00:00:00,4,-0.7946289,0.0019457191,5.0783157e-05
2016-09-15 12:00:00,0,-2.6215672,-0.009840548,-0.0023614168
2016-09-15 12:00:00,1,-0.49070716,0.0028418005,-0.0015966892
2016-09-15 12:00:00,2,-0.32628524,0.00050134957,-0.0011541694
2016-09-15 12:00:00,3,0.6176085,-0.004177764,-0.0017287955
2016-09-15 12:00:00,4,-0.78387284,0.0025766045,0.00025686622
2016-10-16 00:00:00,0,0.87288433,0.008185104,-0.0059161633
2016-10-16 00:00:00,1,0.011700575,0.00038535893,-3.2186508e-06
2016-10-16 00:00:00,2,2.2190452,-0.0050699413,0.0019588321
2016-10-16 00:00:00,3,0.24918455,0.00813669,0.009211488
2016-10-16 00:00:00,4,-0.07955163,-0.014299303,-0.0014965236
2016-11-15 12:00:00,0,0.58160573,-0.0003972724,-0.0026023686
2016-11-15 12:00:00,1,-1.8932984,0.0018708855,-0.00027404726
2016-11-15 12:00:00,2,0.6042661,-0.0042004734,-0.0024054796
2016-11-15 12:00:00,3,0.25536624,0.0011891946,0.0033722892
2016-11-15 12:00:00,4,0.8430477,-0.0072995573,0.0005479306
2016-12-16 00:00:00,0,1.839485,0.0071685314,-0.0038130581
2016-12-16 00:00:00,1,-1.4451869,0.0015154332,-0.0007610023
2016-12-16 00:00:00,2,0.009248821,-0.008147955,-0.0019115433
2016-12-16 00:00:00,3,0.060945325,0.0051370934,0.0066148415
2016-12-16 00:00:00,4,-0.59714365,-0.013185538,-0.0008943081
2017-01-16 00:00:00,0,0.045272265,0.021827191,-0.008066729
2017-01-16 00:00:00,1,1.2949804,0.00016447902,0.0023649037
2017-01-16 00:00:00,2,0.304002,-0.014565051,-0.0046157464
2017-01-16 00:00:00,3,1.4232633,0.012727775,0.015426435
2017-01-16 00:00:00,4,-1.3320286,-0.016310953,-0.0046312064
2017-02-14 12:00:00,0,-0.2440592,0.020714581,-0.007911131
2017-02-14 12:00:00,1,2.28699,-0.0026199669,0.0047406107
2017-02-14 12:00:00,2,-1.1659834,-0.013854951,-0.0044640526
2017-02-14 12:00:00,3,0.463794,0.01179792,0.019534834
2017-02-14 12:00:00,4,-0.77269197,-0.019318223,-0.0038040131
2017-03-16 00:00:00,0,0.62643546,0.0010441393,-0.004560843
2017-03-16 00:00:00,1,-0.38756716,0.0016023368,-0.0007400811
2017-03-16 00:00:00,2,0.2260006,-0.0062844157,-0.00088904053
2017-03-16 00:00:00,3,-0.6226629,0.0022861734,0.005593024
2017-03-16 00:00:00,4,0.43355733,-0.010660514,-0.00060391426
2017-04-15 12:00:00,0,0.057192687,8.837879e-05,-0.004428938
2017-04-15 12:00:00,1,0.23522119,0.00053706765,-0.002227798
2017-04-15 12:00:00,2,-1.8901675,-0.0075666904,0.0015494078
2017-04-15 12:00:00,3,0.34738657,0.0010085702,0.0067809895
2017-04-15 12:00:00,4,0.774717,-0.012414068,-0.0015021563
2017-05-16 00:00:00,0,-0.98983616,-0.008135855,-0.002297908
2017-05-16 00:00:00,1,-0.8545433,0.0012843907,-0.0019797832
2017-05-16 00:00:00,2,-1.6866565,-0.0002693534,-0.00025503337
2017-05-16 00:00:00,3,-1.1051897,-0.0037711933,0.00035815686
2017-05-16 00:00:00,4,0.36337224,-0.0007580519,-0.00023341179
2017-06-15 12:00:00,0,1.0143795,-0.008110076,-0.003312841
2017-06-15 12:00:00,1,-0.30439442,0.002145782,-0.0016039163
2017-06-15 12:00:00,2,-0.46883833,0.00035472214,-0.00045301765
2017-06-15 12:00:00,3,-1.7134641,-0.0028432459,-0.0004344806
2017-06-15 12:00:00,4,-0.28440875,0.00013543665,0.0003324151
2017-07-16 00:00:00,0,-0.5564338,-0.009337291,-0.0017585009
2017-07-16 00:00:00,1,-0.94918,0.002306953,-0.0020522326
2017-07-16 00:00:00,2,0.50430506,0.00010986626,-0.00078815967
2017-07-16 00:00:00,3,-0.107061684,-0.004291378,-0.0015454292
2017-07-16 00:00:00,4,0.45040548,0.0014770627,7.945299e-05
2017-08-16 00:00:00,0,-0.82757396,-0.009214483,-0.0028336048
2017-08-16 00:00:00,1,1.0241957,0.0027145594,-0.002388537
2017-08-16 00:00:00,2,1.4942467,-0.00039881468,-0.00062425435
2017-08-16 00:00:00,3,1.9746121,-0.0036597028,-0.0011000782
2017-08-16 00:00:00,4,1.8492178,0.0007811934,-0.00080670416
2017-09-15 12:00:00,0,-0.34165177,-0.0068405867,-0.002780646
2017-09-15 12:00:00,1,-0.15336329,0.0016179234,-0.0014203638
2017-09-15 12:00:00,2,-2.0189996,2.9370189e-05,0.0007322803
2017-09-15 12:00:00,3,-0.6716727,-0.0031327382,0.00026091188
2017-09-15 12:00:00,4,-0.88639355,0.0003104359,-0.00011304021
2017-10-16 00:00:00,0,-0.659049,-0.008346863,-0.0026094913
2017-10-16 00:00:00,1,-0.8912451,0.0020888746,-0.0012657791
2017-10-16 00:00:00,2,-0.20761657,-0.0001193881,-0.000490509
2017-10-16 00:00:00,3,0.29017043,-0.0035636649,-0.00024298579
2017-10-16 00:00:00,4,-0.48393124,0.0007659346,0.00020711124
2017-11-15 12:00:00,0,0.5307919,0.002690643,-0.003603831
2017-11-15 12:00:00,1,-0.26090768,0.00021719933,-0.0010237545
2017-11-15 12:00:00,2,-0.43106487,-0.009000182,0.0024924874
2017-11-15 12:00:00,3,-0.0027923714,0.0033255368,0.008685559
2017-11-15 12:00:00,4,-0.30461386,-0.015547745,-0.00021225214
2017-12-16 00:00:00,0,0.4889055,-0.008434325,-0.0027486533
2017-12-16 00:00:00,1,-0.57837284,0.0022103488,-0.0014160275
2017-12-16 00:00:00,2,-0.6890034,-8.678436e-05,-0.00013948232
2017-12-16 00:00:00,3,-1.1761822,-0.0035677254,-0.00045718998
2017-12-16 00:00:00,4,-0.41530222,0.0010510981,0.00012362003
2018-01-16 00:00:00,0,-0.9139361,0.0058789253,-0.0024891198
2018-01-16 00:00:00,1,-0.1553686,-7.431209e-05,0.00055100024
2018-01-16 00:00:00,2,0.5857341,-0.005416617,-0.0017429516
2018-01-16 00:00:00,3,-0.3901774,0.0046020374,0.007784836
2018-01-16 00:00:00,4,1.5507491,-0.012811482,-0.0005249679
2018-02-14 12:00:00,0,-1.2358612,-0.0060342923,-0.003148511
2018-02-14 12:00:00,1,0.718905,0.001688391,-0.0013360679
2018-02-14 12:00:00,2,1.6785759,-0.0009204,-0.00069571286
2018-02-14 12:00:00,3,-0.14111796,-0.002729334,0.0005662292
2018-02-14 12:00:00,4,0.59583914,-0.0011325777,0.0001219362
2018-03-16 00:00:00,0,-1.6018285,0.012840465,-0.004166484
2018-03-16 00:00:00,1,-0.2851984,0.0016102642,-0.0018609613
2018-03-16 00:00:00,2,-0.6387137,-0.014111757,0.00031118095
2018-03-16 00:00:00,3,1.2369928,0.0065972432,0.008410461
2018-03-16 00:00:00,4,-0.875191,-0.016350351,-0.0015803725
2018-04-15 12:00:00,0,0.106401734,-0.00059416145,-0.0040025413
2018-04-15 12:00:00,1,0.9871725,0.00071653724,0.0004915446
2018-04-15 12:00:00,2,-0.84071374,-0.004063681,-0.0021342412
2018-04-15 12:00:00,3,-0.99701184,0.0018982217,0.0059481785
2018-04-15 12:00:00,4,0.95278203,-0.009811863,0.00066912174
2018-05-16 00:00:00,0,-0.084334835,-0.008252338,-0.004469171
2018-05-16 00:00:00,1,1.5678236,0.0019871444,-0.003457889
2018-05-16 00:00:00,2,1.0932566,0.0017364025,-0.0017090514
2018-05-16 00:00:00,3,-0.70662725,-0.001887463,-0.00027418882
2018-05-16 00:00:00,4,0.1050778,-0.0018590391,-0.0016010553
2018-06-15 12:00:00,0,-1.2577946,-0.009690918,-0.002525106
2018-06-15 12:00:00,1,-0.8078787,0.002256453,-0.0018589199
2018-06-15 12:00:00,2,-0.16044468,0.0001629889,-0.0002770722
2018-06-15 12:00:00,3,-2.9800894,-0.0044347867,-0.0010394305
2018-06-15 12:00:00,4,0.9692669,0.0019667894,-0.00024205446
2018-07-16 00:00:00,0,-0.8829803,-0.009658627,-0.0023065805
2018-07-16 00:00:00,1,0.19587998,0.0022552311,-0.0021228343
2018-07-16 00:00:00,2,0.035076644,0.00015421212,-0.00088976324
2018-07-16 00:00:00,3,-2.7266653,-0.0042303726,-0.00093233585
2018-07-16 00:00:00,4,0.82675946,0.0010944456,-0.0005543679
2018-08-16 00:00:00,0,-0.2663195,-0.009561554,-0.0022100508
2018-08-16 00:00:00,1,0.97245896,0.0020821989,-0.0018672794
2018-08-16 00:00:00,2,-0.30710483,0.0004042834,-0.00030212104
2018-08-16 00:00:00,3,0.07362104,-0.0041617528,-0.0009362772
2018-08-16 00:00:00,4,-0.15609844,0.0015214831,-0.00016589463
2018-09-15 12:00:00,0,-0.14616913,-0.009760231,-0.0023762435
2018-09-15 12:00:00,1,0.60892135,0.002445206,-0.0017247051
2018-09-15 12:00:00,2,-0.7553035,0.00011020899,-0.0003703609
2018-09-15 12:00:00,3,0.4572524,-0.004284598,-0.0012501702
2018-09-15 12:00:00,4,1.2758447,0.002023369,8.298457e-05
2018-10-16 00:00:00,0,0.16845554,-0.0066018477,-0.0033668578
2018-10-16 00:00:00,1,-0.8280541,0.0015302151,-0.0008395016
2018-10-16 00:00:00,2,0.8891809,0.00094756484,-0.00076940656
2018-10-16 00:00:00,3,0.49588007,-0.0022903532,0.0005764812
2018-10-16 00:00:00,4,-0.11012604,-0.00025768578,0.0004965812
2018-11-15 12:00:00,0,0.01342565,0.0069456995,-0.0017436743
2018-11-15 12:00:00,1,-0.1179604,0.0014732778,0.0011594146
2018-11-15 12:00:00,2,2.0038726,-0.0053700954,-0.00087732077
2018-11-15 12:00:00,3,-1.571604,0.005198039,0.004978955
2018-11-15 12:00:00,4,-0.528914,-0.011637658,0.002630353
2018-12-16 00:00:00,0,1.6326977,0.0027929395,-0.0017012209
2018-12-16 00:00:00,1,0.63208085,0.00074122846,0.0007253587
2018-12-16 00:00:00,2,0.0784204,-0.0030926317,-0.003241919
2018-12-16 00:00:00,3,-0.16865602,0.0022395626,0.0046430305
2018-12-16 00:00:00,4,-0.6724843,-0.007841095,3.3408403e-05
2019-01-16 00:00:00,0,0.6783323,0.013618991,-0.0033798814
2019-01-16 00:00:00,1,0.08901294,0.00031872094,-0.0018374026
2019-01-16 00:00:00,2,0.50061655,-0.008300632,-0.00067118555
2019-01-16 00:00:00,3,-1.0976588,0.010257445,0.009271562
2019-01-16 00:00:00,4,0.5246663,-0.016965397,-0.004015073
2019-02-14 12:00:00,0,0.12269629,0.018023744,-0.007129863
2019-02-14 12:00:00,1,-1.1185151,-0.0015611202,0.0011246055
2019-02-14 12:00:00,2,-0.45587936,-0.011687696,-0.00430917
2019-02-14 12:00:00,3,-1.4569869,0.011933781,0.015806504
2019-02-14 12:00:00,4,0.46906915,-0.018620305,-0.004655659
2019-03-16 00:00:00,0,0.71151197,0.010596782,-0.0050175935
2019-03-16 00:00:00,1,0.2483733,0.0011200607,4.5493245e-05
2019-03-16 00:00:00,2,1.3539966,-0.006890461,-0.0022882074
2019-03-16 00:00:00,3,-1.4143519,0.00953494,0.009455085
2019-03-16 00:00:00,4,1.0347623,-0.014390849,-0.0031510592
2019-04-15 12:00:00,0,-0.6571372,-0.0043313354,-0.0038751364
2019-04-15 12:00:00,1,0.20042694,0.002619177,-0.0006775558
2019-04-15 12:00:00,2,0.6317778,-0.0015544742,-0.00046191365
2019-04-15 12:00:00,3,0.19376487,-0.00020744652,0.001566939
2019-04-15 12:00:00,4,-3.3984752,-0.0028832108,0.00035138428
2019-05-16 00:00:00,0,-0.06843871,0.0013056099,-0.0037672818
2019-05-16 00:00:00,1,-0.6562233,0.0027016848,-0.0027708858
2019-05-16 00:00:00,2,-1.035653,-0.0047480315,-0.004056692
2019-05-16 00:00:00,3,1.7000647,0.0034741312,0.0031051114
2019-05-16 00:00:00,4,1.5416893,-0.009636015,-0.0022184402
2019-06-15 12:00:00,0,0.0823121,-0.010476947,-0.0026851147
2019-06-15 12:00:00,1,-0.6517662,0.00310421,-0.002581343
2019-06-15 12:00:00,2,-0.46145874,-3.1113625e-05,-0.0007512197
2019-06-15 12:00:00,3,-0.49742997,-0.0042118877,-0.0021626577
2019-06-15 12:00:00,4,0.031561635,0.0015495121,7.547438e-05
2019-07-16 00:00:00,0,0.34800416,-0.009857714,-0.0021160245
2019-07-16 00:00:00,1,0.6181672,0.0025753975,-0.0021183938
2019-07-16 00:00:00,2,-0.50532603,0.0008839667,-0.0010666475
2019-07-16 00:00:00,3,-1.0379678,-0.0037897155,-0.0013103709
2019-07-16 00:00:00,4,0.62505794,0.0019306242,-0.0008736402
2019-08-16 00:00:00,0,0.56105256,-0.009983338,-0.0022737682
2019-08-16 00:00:00,1,-2.341321,0.0021255761,-0.0021766126
2019-08-16 00:00:00,2,-0.9700585,0.0007684827,-0.00062375516
2019-08-16 00:00:00,3,0.38056108,-0.0040932,-0.0011131763
2019-08-16 00:00:00,4,-1.1138581,0.00139229,-0.00030906498
2019-09-15 12:00:00,0,0.698443,-0.007898912,-0.003398776
2019-09-15 12:00:00,1,0.19838239,0.0022586584,-0.0013933331
2019-09-15 12:00:00,2,0.30388921,-0.00015187263,-0.00049800426
2019-09-15 12:00:00,3,0.013967086,-0.0028789341,0.00020628422
2019-09-15 12:00:00,4,1.12723,0.0001103431,-0.00014829636
2019-10-16 00:00:00,0,1.0318058,-0.0097031,-0.002620414
2019-10-16 00:00:00,1,0.6370648,0.0024780482,-0.0016392469
2019-10-16 00:00:00,2,-0.6648642,3.5464764e-05,-0.00025175512
2019-10-16 00:00:00,3,1.3711526,-0.0042571574,-0.0011886209
2019-10-16 00:00:00,4,-0.20236397,0.0020749718,0.00017051399
2019-11-15 12:00:00,0,0.16682851,-0.002758883,-0.002131015
2019-11-15 12:00:00,1,0.28980452,0.0018814057,-0.0014833659
2019-11-15 12:00:00,2,-1.2378006,-0.00040520728,-0.0044886917
2019-11-15 12:00:00,3,-0.10787178,-0.0004774183,0.00069116056
2019-11-15 12:00:00,4,-1.3686641,-0.0037332326,-0.0006004125
2019-12-16 00:00:00,0,-2.2481244,0.01635407,-0.005032301
2019-12-16 00:00:00,1,-0.06406041,-0.0012504309,0.0034457743
2019-12-16 00:00:00,2,1.2089252,-0.0053892285,-0.0048899427
2019-12-16 00:00:00,3,-1.0834188,0.010746762,0.012218587
2019-12-16 00:00:00,4,1.2504895,-0.014817856,-0.0016220212
2020-01-16 00:00:00,0,-1.2285124,-0.0031198114,-0.0031375438
2020-01-16 00:00:00,1,0.87560594,0.0007945597,-0.00020682812
2020-01-16 00:00:00,2,2.6573834,-0.0022460073,-0.001216948
2020-01-16 00:00:00,3,0.5909361,-0.00018619746,0.0039974973
2020-01-16 00:00:00,4,-0.01592215,-0.0060510486,0.00033004582
2020-02-15 00:00:00,0,-0.8994322,-0.009138897,-0.0026324391
2020-02-15 00:00:00,1,-0.8271772,0.002042815,-0.0018808395
2020-02-15 00:00:00,2,0.30218595,0.00037579238,8.1673265e-05
2020-02-15 00:00:00,3,-0.6790815,-0.004275568,-0.0011070743
2020-02-15 00:00:00,4,-1.5739398,0.0015437007,0.00030878186
2020-03-16 00:00:00,0,-0.3366542,0.0053368956,-0.002512738
2020-03-16 00:00:00,1,0.30456835,0.003472045,-0.0015070289
2020-03-16 00:00:00,2,0.63765633,-0.0051248223,-0.00021672249
2020-03-16 00:00:00,3,-0.028151795,0.0037788972,0.0020112768
2020-03-16 00:00:00,4,1.5083333,-0.006750211,-0.00035116076
2020-04-15 12:00:00,0,-0.282853,-0.0014020205,-0.004813105
2020-04-15 12:00:00,1,-0.9478556,0.0036091357,-0.0011524409
2020-04-15 12:00:00,2,-0.6038388,-0.003956765,-0.0022585765
2020-04-15 12:00:00,3,-1.5053349,0.00092767924,0.0012126416
2020-04-15 12:00:00,4,0.94922316,-0.0048460066,-0.00013315678
2020-05-16 00:00:00,0,0.64734405,-0.0051303506,-0.004589483
2020-05-16 00:00:00,1,-0.4884563,0.0024728477,-0.00014981627
2020-05-16 00:00:00,2,-1.1388731,-0.0025899112,-0.00027157366
2020-05-16 00:00:00,3,-1.1701374,-0.000483647,0.0027633011
2020-05-16 00:00:00,4,-0.23755349,-0.0034594685,0.00022436678
2020-06-15 12:00:00,0,-0.9274267,-0.009178042,-0.0025345832
2020-06-15 12:00:00,1,-0.11113139,0.002158463,-0.001959309
2020-06-15 12:00:00,2,-0.2983732,0.00035345554,-3.1530857e-05
2020-06-15 12:00:00,3,0.26367116,-0.0040440187,-0.00077275187
2020-06-15 12:00:00,4,-0.99361324,0.0013132989,-0.00035235286
2020-07-16 00:00:00,0,0.32489195,-0.009607106,-0.0019188225
2020-07-16 00:00:00,1,0.47130084,0.0026193112,-0.0016413182
2020-07-16 00:00:00,2,1.3460438,0.00025476515,-0.0012377426
2020-07-16 00:00:00,3,0.58220947,-0.0038623735,-0.0012695119
2020-07-16 00:00:00,4,0.80023354,0.0017277002,2.6628375e-05
2020-08-16 00:00:00,0,-1.3063067,-0.009069696,-0.0023823828
2020-08-16 00:00:00,1,0.4260068,0.0018894374,-0.0021779686
2020-08-16 00:00:00,2,-0.4865732,-0.00031802058,6.67274e-05
2020-08-16 00:00:00,3,-0.5118631,-0.0041306317,-0.00057569146
2020-08-16 00:00:00,4,-1.351259,0.00058954954,-0.00044369698
2020-09-15 12:00:00,0,0.5412568,-0.009689182,-0.00261648
2020-09-15 12:00:00,1,-0.17618261,0.002502218,-0.0015713423
2020-09-15 12:00:00,2,-1.5086855,0.00053440034,-0.0005653873
2020-09-15 12:00:00,3,0.18814668,-0.00411655,-0.0012946054
2020-09-15 12:00:00,4,-0.5918047,0.002316773,0.0001450181
2020-10-16 00:00:00,0,0.99306345,-0.009771459,-0.0024700016
2020-10-16 00:00:00,1,0.76967,0.002482921,-0.001687035
2020-10-16 00:00:00,2,-0.060855143,0.00018031895,-0.00036529452
2020-10-16 00:00:00,3,1.0088516,-0.0042818636,-0.0012837946
2020-10-16 00:00:00,4,-0.75177526,0.0021844506,9.545684e-05
2020-11-15 12:00:00,0,0.23013584,-0.0046425313,-0.0026334822
2020-11-15 12:00:00,1,-0.50695133,0.0015423149,-0.0014011711
2020-11-15 12:00:00,2,-0.16647193,-0.0021378398,-8.060783e-05
2020-11-15 12:00:00,3,0.056604624,-0.0022121072,0.0010432303
2020-11-15 12:00:00,4,0.39056188,-0.0035845786,0.0013314635
2020-12-16 00:00:00,0,0.3777104,-0.0018285364,-0.0033793598
2020-12-16 00:00:00,1,-0.08880849,0.0012675673,-0.00012905896
2020-12-16 00:00:00,2,-1.6021452,-0.0034182817,-0.001104489
2020-12-16 00:00:00,3,-0.6624821,0.00016020238,0.003726989
2020-12-16 00:00:00,4,-0.9157266,-0.0064119548,0.000584811
2021-01-16 00:00:00,0,1.0480677,0.007785335,-0.00020885468
2021-01-16 00:00:00,1,0.5676559,0.0023438781,-0.0037661493
2021-01-16 00:00:00,2,1.4033484,-0.006410718,-0.0025277883
2021-01-16 00:00:00,3,-0.67668283,0.0055710003,0.0026370138
2021-01-16 00:00:00,4,0.51247984,-0.011739954,-0.0028002262
2021-02-14 12:00:00,0,0.6592822,-0.0040381104,-0.004186332
2021-02-14 12:00:00,1,-0.14859761,0.0013899356,-0.0006221086
2021-02-14 12:00:00,2,-0.6092378,-0.0028827488,0.0005856976
2021-02-14 12:00:00,3,-1.0032885,-0.0004202649,0.0036425963
2021-02-14 12:00:00,4,-0.25677,-0.00508976,2.6002526e-05
2021-03-16 00:00:00,0,0.1330651,-0.0025232285,-0.0009714514
2021-03-16 00:00:00,1,-0.28328156,0.0020219386,-0.0016388446
2021-03-16 00:00:00,2,0.088127926,-0.0022982806,-0.0029065013
2021-03-16 00:00:00,3,0.6770859,-5.2772462e-05,0.0012161508
2021-03-16 00:00:00,4,0.8828662,-0.006028697,0.00031669438
2021-04-15 12:00:00,0,0.38602686,-0.007913396,-0.002884686
2021-04-15 12:00:00,1,0.2700036,0.0020854175,-0.0010553598
2021-04-15 12:00:00,2,0.951048,-0.00032316148,-0.00070971996
2021-04-15 12:00:00,3,-2.2839608,-0.0031936318,8.907169e-05
2021-04-15 12:00:00,4,0.7122388,0.00030694902,0.00030232966
2021-05-16 00:00:00,0,-0.71535504,-0.008514136,-0.003162533
2021-05-16 00:00:00,1,-0.41923946,0.0020828396,-0.0015834719
2021-05-16 00:00:00,2,-1.0761039,0.00035504997,-0.0012891144
2021-05-16 00:00:00,3,-0.6887015,-0.0036128312,-0.0006633699
2021-05-16 00:00:00,4,-1.0678684,0.00088746846,0.0001719594
2021-06-15 12:00:00,0,-0.90647876,-0.009555899,-0.0022799075
2021-06-15 12:00:00,1,-0.40065092,0.0023758411,-0.0018872321
2021-06-15 12:00:00,2,-1.319718,0.00054846704,-0.0004886165
2021-06-15 12:00:00,3,1.1624508,-0.0038275495,-0.0011307001
2021-06-15 12:00:00,4,-0.20842949,0.0015095621,-0.00015801191
2021-07-16 00:00:00,0,0.99934125,-0.009073585,-0.00094619393
2021-07-16 00:00:00,1,0.5840417,0.0026111752,-0.002056092
2021-07-16 00:00:00,2,0.2255578,0.00032383204,-0.0012400821
2021-07-16 00:00:00,3,1.628685,-0.003691852,-0.0015563145
2021-07-16 00:00:00,4,0.110009216,0.001200065,-0.00021594763
2021-08-16 00:00:00,0,-1.4947882,-0.009449758,-0.0024401695
2021-08-16 00:00:00,1,0.5121824,0.0024260432,-0.0016323179
2021-08-16 00:00:00,2,-1.0071131,0.00022317469,-0.00029101968
2021-08-16 00:00:00,3,-1.0609013,-0.004164025,-0.0012244433
2021-08-16 00:00:00,4,0.26553366,0.002056837,0.00013914704
2021-09-15 12:00:00,0,0.70292073,-0.009177573,-0.0028719008
2021-09-15 12:00:00,1,0.96603835,0.0023948848,-0.0014730692
2021-09-15 12:00:00,2,-0.07198712,-9.319186e-05,-0.0003254786
2021-09-15 12:00:00,3,-0.19882317,-0.003848493,-0.00071403384
2021-09-15 12:00:00,4,-0.7174778,0.0015282482,0.00010919571
2021-10-16 00:00:00,0,0.14851825,0.009409174,-0.002670437
2021-10-16 00:00:00,1,2.3727295,-0.0004761815,-0.000945881
2021-10-16 00:00:00,2,0.42057878,-0.005556211,0.0006394312
2021-10-16 00:00:00,3,-0.20976025,0.0069169477,0.009244315
2021-10-16 00:00:00,4,1.9127582,-0.014228389,-0.0030682236
2021-11-15 12:00:00,0,0.21450184,-0.0050943494,-0.0032991618
2021-11-15 12:00:00,1,-0.65048087,0.001141116,-0.00053808093
2021-11-15 12:00:00,2,-1.1022898,-0.00039564073,-0.00043240935
2021-11-15 12:00:00,3,0.5255983,-0.0013087913,0.0021042451
2021-11-15 12:00:00,4,-0.15307896,-0.0027395338,0.000111833215
2021-12-16 00:00:00,0,-1.3025366,0.015641809,-0.004874319
2021-12-16 00:00:00,1,-0.5225033,-0.0018609762,-0.00046671927
2021-12-16 00:00:00,2,0.5887938,-0.010607228,-0.00028835237
2021-12-16 00:00:00,3,0.056517236,0.008240074,0.012511842
2021-12-16 00:00:00,4,0.1457068,-0.01795622,-0.002451405
2022-01-16 00:00:00,0,1.1858127,-0.008201659,-0.0023951977
2022-01-16 00:00:00,1,-0.18561098,0.0017177314,-0.0014066547
2022-01-16 00:00:00,2,-0.24125668,-0.00032781065,0.00029489398
2022-01-16 00:00:00,3,-0.17405602,-0.0037117973,0.00011232495
2022-01-16 00:00:00,4,0.8951707,0.0004480034,1.604855e-05
2022-02-14 12:00:00,0,-0.28228456,-0.008610323,-0.0028524995
2022-02-14 12:00:00,1,0.12747103,0.0019777715,-0.0023393482
2022-02-14 12:00:00,2,1.3799006,-1.0281801e-06,-0.00035417825
2022-02-14 12:00:00,3,1.4506941,-0.0035339817,-0.00057505816
2022-02-14 12:00:00,4,-0.22416122,0.00032769144,-0.0005682856
2022-03-16 00:00:00,0,-1.854801,-0.0029616728,-0.0014922768
2022-03-16 00:00:00,1,0.22766231,0.0020733029,-0.0012905002
2022-03-16 00:00:00,2,0.52108294,0.00044876337,-0.004445657
2022-03-16 00:00:00,3,0.16743897,2.668798e-05,0.00017079711
2022-03-16 00:00:00,4,0.050063625,-0.0025644004,-0.00068844855
2022-04-15 12:00:00,0,-0.9168844,-0.0033179596,-0.003519535
2022-04-15 12:00:00,1,0.01909896,0.0013970137,-0.0011426657
2022-04-15 12:00:00,2,1.221131,-0.0050249547,-0.00010468811
2022-04-15 12:00:00,3,1.2015834,-0.0005463734,0.0036960319
2022-04-15 12:00:00,4,-2.8884234,-0.0078097135,0.00090940297
2022-05-16 00:00:00,0,-0.8594824,-0.009850755,-0.0029394329
2022-05-16 00:00:00,1,1.6009552,0.0023625493,-0.002030626
2022-05-16 00:00:00,2,0.12543501,0.0008561313,-0.0011402592
2022-05-16 00:00:00,3,-0.5414312,-0.0036799982,-0.0011583641
2022-05-16 00:00:00,4,1.1316078,0.0010897666,0.00010973215
2022-06-15 12:00:00,0,-0.54214853,-0.009167373,-0.002937287
2022-06-15 12:00:00,1,-0.7563164,0.002511561,-0.0022892654
2022-06-15 12:00:00,2,0.030727116,-0.00012040138,0.00024006516
2022-06-15 12:00:00,3,-0.07297263,-0.003324166,-0.0008943528
2022-06-15 12:00:00,4,-0.57266897,0.00039692223,-0.00022175908
2022-07-16 00:00:00,0,-0.6570765,-0.009400614,-0.0024236143
2022-07-16 00:00:00,1,0.33437306,0.0022916943,-0.0014920682
2022-07-16 00:00:00,2,0.10112635,0.00075653195,-0.00072256476
2022-07-16 00:00:00,3,1.3910515,-0.0037136078,-0.0009706244
2022-07-16 00:00:00,4,-2.0359883,0.0017614067,0.000115290284
2022-08-16 00:00:00,0,-0.9583111,-0.008778535,-0.0023863018
2022-08-16 00:00:00,1,0.330135,0.0007569939,-0.002372548
2022-08-16 00:00:00,2,-0.04497408,0.0010615587,-0.00031576306
2022-08-16 00:00:00,3,-1.1060194,-0.004255034,9.6552074e-05
2022-08-16 00:00:00,4,-0.45493916,-0.00012543797,-0.0007047206
2022-09-15 12:00:00,0,2.0828404,-0.004232645,-0.0034867674
2022-09-15 12:00:00,1,0.4962688,0.0018004626,-0.002251014
2022-09-15 12:00:00,2,-0.31120652,-0.0015310496,-0.00024272501
2022-09-15 12:00:00,3,-1.541651,-6.118417e-05,0.0020155534
2022-09-15 12:00:00,4,-0.20646863,-0.0037564784,-0.00246045
2022-10-16 00:00:00,0,0.067571856,-0.009324804,-0.002478391
2022-10-16 00:00:00,1,-1.6835308,0.0022816658,-0.0016620159
2022-10-16 00:00:00,2,1.2037578,0.0005657077,-0.00021182746
2022-10-16 00:00:00,3,0.50507325,-0.0040161386,-0.0011899546
2022-10-16 00:00:00,4,-0.03763666,0.0018888265,0.00026242435
2022-11-15 12:00:00,0,-1.1719561,0.0008083135,-0.0029021353
2022-11-15 12:00:00,1,2.2008233,0.0014929175,0.001226753
2022-11-15 12:00:00,2,-2.177495,-0.0031366944,-0.0028819516
2022-11-15 12:00:00,3,1.9201299,0.0021245629,0.005300872
2022-11-15 12:00:00,4,1.4938548,-0.0065739453,-0.0007389337
2022-12-16 00:00:00,0,0.81734526,0.020179093,-0.0055432916
2022-12-16 00:00:00,1,-1.3814172,-0.0018886179,0.0033028573
2022-12-16 00:00:00,2,1.1660081,-0.01141426,-0.002778925
2022-12-16 00:00:00,3,-0.7657169,0.01074703,0.01522626
2022-12-16 00:00:00,4,-1.808404,-0.017404616,-0.0010696054
2023-01-16 00:00:00,0,-1.4663112,0.019137815,-0.008845389
2023-01-16 00:00:00,1,-0.3571792,-0.00011149049,0.000744313
2023-01-16 00:00:00,2,-0.09501652,-0.01142098,-0.00419157
2023-01-16 00:00:00,3,-0.6728244,0.011478148,0.011880606
2023-01-16 00:00:00,4,0.7671816,-0.016900353,-0.0021432638
2023-02-14 12:00:00,0,-1.2155796,0.006721616,-0.002972886
2023-02-14 12:00:00,1,0.6482699,0.0013352036,-0.00088866055
2023-02-14 12:00:00,2,1.4130777,-0.007927433,-0.0012835339
2023-02-14 12:00:00,3,-1.5852655,0.003701724,0.005949095
2023-02-14 12:00:00,4,-1.115814,-0.012353018,-0.000517413
2023-03-16 00:00:00,0,1.2048597,0.015760705,-0.008211628
2023-03-16 00:00:00,1,0.042090323,0.00086443126,0.0012537688
2023-03-16 00:00:00,2,0.036859345,-0.013199583,-0.0056052804
2023-03-16 00:00:00,3,-0.29465932,0.009495556,0.011502586
2023-03-16 00:00:00,4,1.5283421,-0.016824,-0.0009292811
2023-04-15 12:00:00,0,-2.2687109,-0.0078024417,-0.0026430935
2023-04-15 12:00:00,1,-0.98769313,0.0014360994,-0.0016247332
2023-04-15 12:00:00,2,0.9534293,6.8098307e-06,1.8529594e-05
2023-04-15 12:00:00,3,-1.1771841,-0.00323949,0.0005313754
2023-04-15 12:00:00,4,-0.27193648,-0.0005250871,-0.00025182962
2023-05-16 00:00:00,0,-1.408632,-0.0069474652,-0.0029760152
2023-05-16 00:00:00,1,1.9053471,0.003019631,-0.0037342012
2023-05-16 00:00:00,2,0.16865665,-0.00023812056,-0.0036856458
2023-05-16 00:00:00,3,0.5646078,-0.00039054453,-7.701665e-05
2023-05-16 00:00:00,4,0.22318988,-0.0034821928,-0.002905488
2023-06-15 12:00:00,0,1.0799742,-0.006648414,-0.0035580993
2023-06-15 12:00:00,1,0.71093684,0.0024376065,-0.0025143772
2023-06-15 12:00:00,2,-0.7039368,-0.00069878995,-0.0014695525
2023-06-15 12:00:00,3,-0.014824058,-0.0024918169,-0.00042744726
2023-06-15 12:00:00,4,1.2401029,-0.0009626299,-0.00087948143
2023-07-16 00:00:00,0,1.9750831,-0.010154948,-0.0022195578
2023-07-16 00:00:00,1,0.14072053,0.0024266243,-0.0020384341
2023-07-16 00:00:00,2,-0.48316884,0.0002913624,-0.0009671822
2023-07-16 00:00:00,3,-0.6758739,-0.0043851957,-0.0015100017
2023-07-16 00:00:00,4,1.1639562,0.001644671,0.0001014024
2023-08-16 00:00:00,0,1.9284313,-0.006577641,-0.002921939
2023-08-16 00:00:00,1,0.6217395,0.00026863813,-0.0021259636
2023-08-16 00:00:00,2,-0.71393204,0.00061167777,-0.0019022152
2023-08-16 00:00:00,3,-0.91581106,-0.003167063,0.00097530335
2023-08-16 00:00:00,4,0.75545025,-0.0025561005,-7.915497e-05
2023-09-15 12:00:00,0,1.0645353,-0.008805476,-0.0008522421
2023-09-15 12:00:00,1,0.44848955,0.0014211386,-0.0029678345
2023-09-15 12:00:00,2,-0.7732813,0.0008184761,-0.0010718331
2023-09-15 12:00:00,3,0.45570487,-0.004133217,-0.0009780899
2023-09-15 12:00:00,4,0.95240766,-0.0014773756,0.0005272031
2023-10-16 00:00:00,0,0.23120874,-0.007819474,-0.0042213798
2023-10-16 00:00:00,1,-0.17639159,0.001558736,-0.00018033385
2023-10-16 00:00:00,2,-0.947648,0.0006759614,-0.0013319403
2023-10-16 00:00:00,3,1.4392177,-0.0026718304,0.0011552945
2023-10-16 00:00:00,4,-0.7168296,0.00025494397,0.00055265427
2023-11-15 12:00:00,0,1.7275324,-0.0034277663,-0.0022385716
2023-11-15 12:00:00,1,-0.09014454,0.0010749251,-0.00086416304
2023-11-15 12:00:00,2,-0.108629666,-0.0005566329,-0.003611274
2023-11-15 12:00:00,3,-0.13654217,0.00033842772,0.002298735
2023-11-15 12:00:00,4,-1.1365774,-0.0056837946,0.0007330775
2023-12-16 00:00:00,0,-0.21562779,0.0057077557,-0.0018822104
2023-12-16 00:00:00,1,-0.66032124,0.0021480322,-6.0215592e-05
2023-12-16 00:00:00,2,0.21178298,-0.0041982383,-0.0041692182
2023-12-16 00:00:00,3,-1.0367858,0.006047718,0.0044308975
2023-12-16 00:00:00,4,-0.3420794,-0.010824934,-0.001216054
2024-01-16 00:00:00,0,2.142177,0.0101953,-0.0047412068
2024-01-16 00:00:00,1,-0.060759056,0.000999704,-3.7923455e-05
2024-01-16 00:00:00,2,0.6683201,-0.0053114146,-0.0018963888
2024-01-16 00:00:00,3,-0.88374215,0.008404471,0.0069132
2024-01-16 00:00:00,4,0.2746539,-0.014041521,0.00014743209
2024-02-15 00:00:00,0,0.12926435,0.01578258,-0.0052894205
2024-02-15 00:00:00,1,-0.6142836,-0.0013082772,0.0017380267
2024-02-15 00:00:00,2,-0.08547753,-0.00893718,-0.0044702664
2024-02-15 00:00:00,3,0.526363,0.009937443,0.01144883
2024-02-15 00:00:00,4,0.7903238,-0.018564977,0.0007952601
2024-03-16 00:00:00,0,-0.32585394,0.0055217743,-0.002899602
2024-03-16 00:00:00,1,1.1130978,0.0010626763,-0.0026806593
2024-03-16 00:00:00,2,-1.7673699,-0.005107373,-0.0023914129
2024-03-16 00:00:00,3,-0.6714269,0.0061716735,0.005909689
2024-03-16 00:00:00,4,-1.1034796,-0.013607845,-0.002112478
2024-04-15 12:00:00,0,0.90726656,-0.0035474077,-0.0013092756
2024-04-15 12:00:00,1,-0.13396011,0.003357783,-0.0016615391
2024-04-15 12:00:00,2,-0.12869677,-0.0005298704,-0.0039733127
2024-04-15 12:00:00,3,-0.8327123,7.724017e-05,-0.0006392002
2024-04-15 12:00:00,4,0.5112816,-0.0027518123,-0.00022013485
2024-05-16 00:00:00,0,1.4626535,-0.0057033524,-0.002867192
2024-05-16 00:00:00,1,0.8302771,0.0016715229,-0.0004722625
2024-05-16 00:00:00,2,-1.1209127,-0.0012807846,-0.0002989918
2024-05-16 00:00:00,3,-0.35197145,-0.0019404143,0.0021408424
2024-05-16 00:00:00,4,1.8530324,-0.001962021,-0.00045901537
2024-06-15 12:00:00,0,0.6291539,-0.009766422,-0.002300173
2024-06-15 12:00:00,1,0.16296716,0.0024771988,-0.0020293295
2024-06-15 12:00:00,2,-0.39312342,0.00041300058,-0.00042919815
2024-06-15 12:00:00,3,-0.18297887,-0.00394354,-0.0012303442
2024-06-15 12:00:00,4,-0.2806303,0.0016372949,-0.0003579408
2024-07-16 00:00:00,0,-0.87370545,-0.009400062,-0.0026009232
2024-07-16 00:00:00,1,-1.1538402,0.0025020987,-0.001819402
2024-07-16 00:00:00,2,0.082210705,0.00031793118,-0.0008646473
2024-07-16 00:00:00,3,0.03191371,-0.00404191,-0.001164332
2024-07-16 00:00:00,4,-0.86866975,0.0018583238,-0.0003478527
2024-08-16 00:00:00,0,0.34178576,-0.008774854,-0.0027507842
2024-08-16 00:00:00,1,1.3753208,0.001966253,-0.0013594329
2024-08-16 00:00:00,2,1.5589325,0.0003979802,-0.00022476166
2024-08-16 00:00:00,3,2.33241,-0.003586918,-0.00029607117
2024-08-16 00:00:00,4,-0.39414436,0.0010720193,8.003414e-05
2024-09-15 12:00:00,0,-1.2316617,-0.009272233,-0.0031818748
2024-09-15 12:00:00,1,-0.11091704,0.0024449676,-0.0020214915
2024-09-15 12:00:00,2,0.19864137,-0.00034238398,-0.0003797859
2024-09-15 12:00:00,3,-0.34403268,-0.0041625127,-0.0011830255
2024-09-15 12:00:00,4,0.044974357,0.00074255466,0.00038728118
2024-10-16 00:00:00,0,0.9834031,-0.008448072,-0.002952084
2024-10-16 00:00:00,1,-1.3251905,0.0016422123,-0.0021363944
2024-10-16 00:00:00,2,-3.0420554,0.0009354204,-0.0002631098
2024-10-16 00:00:00,3,-0.67559606,-0.003398642,-0.0005151704
2024-10-16 00:00:00,4,0.49308658,0.00022386014,-4.427135e-05
2024-11-15 12:00:00,0,2.4592366,0.006969884,-0.002711475
2024-11-15 12:00:00,1,-0.79437566,-0.00025448203,-0.0018864572
2024-11-15 12:00:00,2,-0.29512563,-0.010589302,0.0018145144
2024-11-15 12:00:00,3,-1.005985,0.004781574,0.0089077875
2024-11-15 12:00:00,4,0.30463693,-0.018452384,-0.0015341341
2024-12-16 00:00:00,0,-1.179466,0.004933402,-0.0031409264
2024-12-16 00:00:00,1,2.770385,0.0006367266,-0.00042258203
2024-12-16 00:00:00,2,-1.2358137,-0.0068032295,-0.00015836954
2024-12-16 00:00:00,3,0.26764837,0.0055992007,0.00833755
2024-12-16 00:00:00,4,1.2093803,-0.0145927,-0.0017474741
2025-01-16 00:00:00,0,1.4617071,-0.0053982884,-0.0038487911
2025-01-16 00:00:00,1,-0.22472519,0.0007713288,-0.000586316
2025-01-16 00:00:00,2,0.44811705,-0.0017507076,0.00076302886
2025-01-16 00:00:00,3,0.1412225,-0.0023322776,0.0029001087
2025-01-16 00:00:00,4,-0.67000407,-0.0031969547,-2.6538968e-05
2025-02-14 12:00:00,0,1.914524,0.012219921,-0.0021133125
2025-02-14 12:00:00,1,0.004149646,-0.00029021502,-0.001668945
2025-02-14 12:00:00,2,-0.8940256,-0.011983171,0.002026759
2025-02-14 12:00:00,3,0.44944775,0.008192405,0.011425689
2025-02-14 12:00:00,4,-0.4409326,-0.019309647,-0.004062161
2025-03-16 00:00:00,0,0.34654647,0.004548192,-0.003527373
2025-03-16 00:00:00,1,1.8142575,0.0028333366,-0.001888603
2025-03-16 00:00:00,2,0.16296716,-0.0077317655,-0.0024103
2025-03-16 00:00:00,3,0.99480957,0.0048586056,0.0046663284
2025-03-16 00:00:00,4,-0.7142397,-0.01210922,-0.0009505898
2025-04-15 12:00:00,0,0.08416618,-0.0071576387,-0.0037547648
2025-04-15 12:00:00,1,-0.6979077,0.0022102743,-0.0020540059
2025-04-15 12:00:00,2,-1.2346388,-0.00083971024,-0.0014644414
2025-04-15 12:00:00,3,0.10590766,-0.0029476136,8.4370375e-05
2025-04-15 12:00:00,4,0.18422952,-0.0014154613,-0.00029823184
2025-05-16 00:00:00,0,0.040535625,-0.009028636,-0.0029842407
2025-05-16 00:00:00,1,-0.19290085,0.00216192,-0.002416864
2025-05-16 00:00:00,2,0.07343571,-0.000436157,-0.0006027892
2025-05-16 00:00:00,3,3.2011046,-0.0035795271,-0.00068953633
2025-05-16 00:00:00,4,-0.16968837,-0.00053961575,-1.9788742e-05
2025-06-15 12:00:00,0,1.4730215,-0.009419568,-0.00234437
2025-06-15 12:00:00,1,-1.4615766,0.0018623024,-0.0019549131
2025-06-15 12:00:00,2,-0.64246255,0.0003017336,9.594858e-05
2025-06-15 12:00:00,3,1.4155965,-0.003987938,-0.00063054264
2025-06-15 12:00:00,4,1.8234358,0.00089630485,-8.1434846e-05
