time,latent_dim,latent,alpha,beta,lambda
1940-01-16 00:00:00,0,0.4560549,0.9973452,1.9974781,0.49930218
1940-01-16 00:00:00,1,0.25581396,0.9997125,1.997942,0.50037116
1940-02-15 00:00:00,0,0.1277237,0.9970622,1.9973048,0.49920383
1940-02-15 00:00:00,1,0.039445985,0.999815,1.9972692,0.50059104
1940-03-16 00:00:00,0,0.63126266,0.99740887,1.9979091,0.49922636
1940-03-16 00:00:00,1,0.45438537,0.99973696,1.9983455,0.50028235
1940-04-15 12:00:00,0,0.0834675,0.9995571,2.0026414,0.49911934
1940-04-15 12:00:00,1,0.007888766,1.0027738,1.9999274,0.50140506
1940-05-16 00:00:00,0,0.46447,1.0030742,2.0142953,0.4979777
1940-05-16 00:00:00,1,0.8724835,1.0049213,2.0112252,0.4996563
1940-06-15 12:00:00,0,0.5800802,1.0022578,2.0111554,0.49834928
1940-06-15 12:00:00,1,1.4470139,1.0047921,2.0075693,0.5005018
1940-07-16 00:00:00,0,0.22789858,1.0000443,2.0043254,0.49894312
1940-07-16 00:00:00,1,1.6991829,1.0013888,2.0038683,0.49972785
1940-08-16 00:00:00,0,0.15209365,0.9965893,1.993592,0.49989632
1940-08-16 00:00:00,1,0.7011142,0.9981975,1.9947449,0.5004136
1940-09-15 12:00:00,0,0.09772383,1.000448,2.0047379,0.4990418
1940-09-15 12:00:00,1,0.09413714,1.003517,2.0015316,0.50137454
1940-10-16 00:00:00,0,0.045169335,0.99879664,2.0013292,0.49906665
1940-10-16 00:00:00,1,1.4520218,1.0017582,1.9995048,0.50100315
1940-11-15 12:00:00,0,0.18742321,1.0007015,2.007697,0.49843252
1940-11-15 12:00:00,1,0.7005833,1.0039383,2.0038295,0.5010099
1940-12-16 00:00:00,0,0.40620992,0.997208,1.9974221,0.4992475
1940-12-16 00:00:00,1,1.1940426,0.9997612,1.9976364,0.50047207
1941-01-16 00:00:00,0,0.13304716,0.997532,1.9978695,0.4992979
1941-01-16 00:00:00,1,0.07802489,0.99966913,1.9985837,0.50018877
1941-02-14 12:00:00,0,0.3414088,0.99731857,1.9974349,0.49929968
1941-02-14 12:00:00,1,0.5590766,0.9997102,1.9978843,0.50038445
1941-03-16 00:00:00,0,0.19964765,0.9978352,1.9980203,0.49941194
1941-03-16 00:00:00,1,0.2600428,0.9998228,1.9988071,0.50020975
1941-04-15 12:00:00,0,0.14308028,0.9977417,1.9976352,0.4994614
1941-04-15 12:00:00,1,1.5950588,0.9998419,1.9983665,0.5003296
1941-05-16 00:00:00,0,0.61586124,0.998344,2.000452,0.4990592
1941-05-16 00:00:00,1,0.14882272,1.0013968,1.9987978,0.50099957
1941-06-15 12:00:00,0,0.12420548,1.0012331,2.0094507,0.4982621
1941-06-15 12:00:00,1,1.1739374,1.0048629,2.0046537,0.5012651
1941-07-16 00:00:00,0,0.70930535,1.002774,2.0129645,0.49815783
1941-07-16 00:00:00,1,0.1563545,1.0045795,2.0102086,0.49973896
1941-08-16 00:00:00,0,0.6187998,1.0005103,2.0057347,0.49882486
1941-08-16 00:00:00,1,0.03988789,1.0042671,2.0013316,0.50179946
1941-09-15 12:00:00,0,0.064763784,0.99602735,1.9931343,0.4997292
1941-09-15 12:00:00,1,0.34539464,0.9980789,1.9938898,0.50056875
1941-10-16 00:00:00,0,0.08356939,1.0015448,2.008228,0.49872068
1941-10-16 00:00:00,1,1.3010476,1.0042787,2.0048816,0.50091666
1941-11-15 12:00:00,0,0.94624364,0.998348,2.0001695,0.49913168
1941-11-15 12:00:00,1,0.014817031,1.0013298,1.9986433,0.50100476
1941-12-16 00:00:00,0,0.085733496,0.99729943,1.9978579,0.49918437
1941-12-16 00:00:00,1,0.045356043,0.9996869,1.9982531,0.50028044
1942-01-16 00:00:00,0,0.15557411,0.9974903,1.9981083,0.49921733
1942-01-16 00:00:00,1,0.14332356,0.9997148,1.998643,0.50019675
1942-02-14 12:00:00,0,0.040774003,0.99749887,1.9981545,0.4992101
1942-02-14 12:00:00,1,0.27212498,0.99977165,1.998608,0.500234
1942-03-16 00:00:00,0,0.048307065,0.9984284,2.0004253,0.49910805
1942-03-16 00:00:00,1,0.9126615,1.00147,1.9987457,0.5010492
1942-04-15 12:00:00,0,0.83352655,0.99770993,1.9980677,0.4993374
1942-04-15 12:00:00,1,0.7523144,0.99986255,1.998628,0.5002745
1942-05-16 00:00:00,0,0.1409469,0.9980367,1.9992481,0.499206
1942-05-16 00:00:00,1,0.03559863,1.0010283,1.9979994,0.5010153
1942-06-15 12:00:00,0,0.18667999,1.0014269,2.009324,0.49838996
1942-06-15 12:00:00,1,0.09324888,1.0027976,2.0080357,0.49939233
1942-07-16 00:00:00,0,0.20948991,0.99582094,1.9907871,0.5002147
1942-07-16 00:00:00,1,0.7239127,0.9973583,1.9925116,0.5005533
1942-08-16 00:00:00,0,0.02786511,0.99685764,1.9931667,0.5001376
1942-08-16 00:00:00,1,0.7444799,0.997933,1.9949758,0.5002231
1942-09-15 12:00:00,0,0.61490005,0.98867774,1.9692991,0.5020455
1942-09-15 12:00:00,1,0.5213152,0.99186325,1.9723585,0.5028818
1942-10-16 00:00:00,0,0.20861816,1.0028642,2.0130725,0.49817592
1942-10-16 00:00:00,1,0.031929623,1.0050057,2.0097044,0.5000764
1942-11-15 12:00:00,0,1.1588624,0.99729645,1.9979818,0.49915192
1942-11-15 12:00:00,1,0.049353424,0.99968666,1.9983547,0.50025487
1942-12-16 00:00:00,0,0.08399185,0.99887335,2.002551,0.49880043
1942-12-16 00:00:00,1,0.6490761,1.0025576,1.999264,0.50146335
1943-01-16 00:00:00,0,0.5141278,0.9972304,1.9973191,0.49928448
1943-01-16 00:00:00,1,0.5823707,0.99969673,1.9977028,0.50042313
1943-02-14 12:00:00,0,0.79917765,0.99810684,1.9991571,0.49926385
1943-02-14 12:00:00,1,0.05884533,1.0011425,1.9978284,0.5011154
1943-03-16 00:00:00,0,0.4372199,0.9974969,1.9966778,0.4995783
1943-03-16 00:00:00,1,0.48258302,0.99978495,1.9973699,0.50055075
1943-04-15 12:00:00,0,0.17996629,0.9985261,2.000535,0.49912953
1943-04-15 12:00:00,1,0.0076406877,1.0016359,1.9987152,0.5011399
1943-05-16 00:00:00,0,0.92033,0.99935675,2.0032425,0.49886957
1943-05-16 00:00:00,1,0.28594977,1.000963,2.0028262,0.49977526
1943-06-15 12:00:00,0,0.20356944,1.0026267,2.0129724,0.49808267
1943-06-15 12:00:00,1,0.09775209,1.0047587,2.0097833,0.49993387
1943-07-16 00:00:00,0,0.031130662,1.0022982,2.010645,0.4984959
1943-07-16 00:00:00,1,0.14097327,1.0037444,2.0088823,0.49965316
1943-08-16 00:00:00,0,0.4211617,0.9882041,1.9680225,0.5021305
1943-08-16 00:00:00,1,0.74639845,0.9915391,1.9710633,0.5030478
1943-09-15 12:00:00,0,0.20005755,0.990451,1.9744624,0.5016307
1943-09-15 12:00:00,1,0.15763398,0.9931232,1.9774041,0.50223583
1943-10-16 00:00:00,0,1.360338,1.0001194,2.0048895,0.49884018
1943-10-16 00:00:00,1,0.0104327975,1.003127,2.0019178,0.501083
1943-11-15 12:00:00,0,0.18634512,1.003017,2.013607,0.4981195
1943-11-15 12:00:00,1,0.7317388,1.0049009,2.010529,0.49981916
1943-12-16 00:00:00,0,0.17477922,0.99816257,1.9994794,0.49921122
1943-12-16 00:00:00,1,0.4920959,1.0006428,1.9990301,0.50056416
1944-01-16 00:00:00,0,0.14158615,0.99766475,1.9977385,0.49939707
1944-01-16 00:00:00,1,0.0806076,1.0001296,1.9978235,0.5006096
1944-02-15 00:00:00,0,0.44231355,0.997464,1.997486,0.4993597
1944-02-15 00:00:00,1,0.12261639,0.9997097,1.9981151,0.5003264
1944-03-16 00:00:00,0,0.0027615668,0.9978325,1.9977665,0.49947402
1944-03-16 00:00:00,1,0.0005388055,1.0006872,1.9970936,0.5010718
1944-04-15 12:00:00,0,0.11557117,0.9980137,1.9983025,0.49943075
1944-04-15 12:00:00,1,0.14535765,1.000917,1.9973569,0.50112075
1944-05-16 00:00:00,0,0.9743462,1.0007932,2.0070086,0.4986492
1944-05-16 00:00:00,1,0.19650342,1.0039052,2.0033832,0.50110495
1944-06-15 12:00:00,0,0.04189188,1.0029284,2.012436,0.49836537
1944-06-15 12:00:00,1,0.02042572,1.0049154,2.009237,0.50014776
1944-07-16 00:00:00,0,0.1050346,0.99320406,1.9832008,0.5008086
1944-07-16 00:00:00,1,0.13999641,0.99536145,1.9852581,0.50137633
1944-08-16 00:00:00,0,0.5922756,0.98743504,1.9653833,0.50241345
1944-08-16 00:00:00,1,0.011939347,0.9908568,1.9687363,0.50329584
1944-09-15 12:00:00,0,0.39745653,0.99619204,1.9926337,0.49993736
1944-09-15 12:00:00,1,1.4560175,0.9978256,1.9939151,0.50043535
1944-10-16 00:00:00,0,0.41720045,1.0013322,2.0105774,0.49803212
1944-10-16 00:00:00,1,1.1947881,1.0040727,2.0068953,0.50031143
1944-11-15 12:00:00,0,2.2120512,0.9975207,1.9980683,0.4992425
1944-11-15 12:00:00,1,0.9578374,0.99982315,1.99846,0.5002968
1944-12-16 00:00:00,0,1.6540961,0.99779403,1.9981972,0.49934712
1944-12-16 00:00:00,1,0.42599836,1.0002697,1.9981225,0.5006048
1945-01-16 00:00:00,0,0.19818214,1.0037459,2.0144727,0.49826732
1945-01-16 00:00:00,1,0.5037384,1.0047768,2.0122747,0.49932387
1945-02-14 12:00:00,0,0.7379021,0.9973479,1.9970293,0.49941576
1945-02-14 12:00:00,1,0.10810032,0.9997612,1.9974921,0.50050825
1945-03-16 00:00:00,0,1.8948274,0.99747366,1.9976172,0.4993317
1945-03-16 00:00:00,1,0.7509068,0.99973613,1.998194,0.50031984
1945-04-15 12:00:00,0,0.098902434,1.0006326,2.0069463,0.49858466
1945-04-15 12:00:00,1,0.1951113,1.0040371,2.0029943,0.5012681
1945-05-16 00:00:00,0,0.09387903,0.9983743,1.9991735,0.49939352
1945-05-16 00:00:00,1,0.13068905,1.0017241,1.9971758,0.50157034
1945-06-15 12:00:00,0,0.72129476,1.0024029,2.0122905,0.49814025
1945-06-15 12:00:00,1,0.19279845,1.0049157,2.0086265,0.50029993
1945-07-16 00:00:00,0,0.012165698,0.99512506,1.9891152,0.50028527
1945-07-16 00:00:00,1,0.12457785,0.9970773,1.990606,0.5008913
1945-08-16 00:00:00,0,0.5856489,0.99906975,2.0017447,0.49909946
1945-08-16 00:00:00,1,0.38934758,1.0006205,2.001707,0.49988356
1945-09-15 12:00:00,0,0.09950648,0.9945438,1.988902,0.5000467
1945-09-15 12:00:00,1,0.6616195,0.9971027,1.9896771,0.501138
1945-10-16 00:00:00,0,0.0145847015,0.99765354,1.9971294,0.49954376
1945-10-16 00:00:00,1,0.67165524,1.0001931,1.9971764,0.5008036
1945-11-15 12:00:00,0,1.0991763,0.99764305,1.998693,0.4991477
1945-11-15 12:00:00,1,0.05324359,1.0002754,1.9983195,0.50055826
1945-12-16 00:00:00,0,0.7080431,0.99730736,1.9975262,0.49927124
1945-12-16 00:00:00,1,0.47115755,0.99972653,1.9979126,0.5003855
1946-01-16 00:00:00,0,0.5573395,0.9985123,2.0008001,0.49905652
1946-01-16 00:00:00,1,0.18908004,1.0018244,1.998567,0.50127137
1946-02-14 12:00:00,0,0.16704835,0.9987232,2.0010443,0.499101
1946-02-14 12:00:00,1,0.5322162,1.001502,1.999565,0.50086
1946-03-16 00:00:00,0,0.23993136,0.99748546,1.996648,0.49958003
1946-03-16 00:00:00,1,0.36478958,0.9998037,1.9972763,0.5005836
1946-04-15 12:00:00,0,0.6170113,1.0029111,2.0129838,0.49822113
1946-04-15 12:00:00,1,0.5503049,1.0045962,2.0106325,0.4996419
1946-05-16 00:00:00,0,0.074700624,1.0027546,2.0124726,0.49826992
1946-05-16 00:00:00,1,0.15847111,1.0049524,2.0091717,0.50018245
1946-06-15 12:00:00,0,0.14306656,0.9911072,1.9768924,0.50134605
1946-06-15 12:00:00,1,0.05523967,0.9937499,1.9793864,0.50204945
1946-07-16 00:00:00,0,1.2566761,1.0035071,2.0129957,0.4985143
1946-07-16 00:00:00,1,0.17153056,1.0045065,2.0112867,0.49943474
1946-08-16 00:00:00,0,0.47218284,0.99455076,1.9878542,0.5003137
1946-08-16 00:00:00,1,0.09429678,0.99663633,1.9893457,0.500987
1946-09-15 12:00:00,0,0.16899368,0.9903334,1.9761068,0.50115377
1946-09-15 12:00:00,1,0.078577206,0.993681,1.9779588,0.502377
1946-10-16 00:00:00,0,0.1341856,1.0000247,2.0039542,0.49902573
1946-10-16 00:00:00,1,0.6342648,1.0031365,2.0011122,0.5012895
1946-11-15 12:00:00,0,0.31872872,0.9973939,1.997393,0.49934784
1946-11-15 12:00:00,1,0.18620428,0.99972814,1.9979063,0.5003879
1946-12-16 00:00:00,0,0.07262979,0.9978497,1.9982681,0.49935725
1946-12-16 00:00:00,1,0.64463735,1.0004843,1.9979182,0.5007634
1947-01-16 00:00:00,0,0.1843046,1.000518,2.0073638,0.49842384
1947-01-16 00:00:00,1,0.054648038,1.0036632,2.0037327,0.50089675
1947-02-14 12:00:00,0,0.8312842,0.99785745,1.9984571,0.49931392
1947-02-14 12:00:00,1,0.19169982,1.0003291,1.9983182,0.5005855
1947-03-16 00:00:00,0,0.0109026,0.9974946,1.9973938,0.49939805
1947-03-16 00:00:00,1,0.11240919,0.9999717,1.997608,0.50058454
1947-04-15 12:00:00,0,0.15345828,1.000801,2.005833,0.49894533
1947-04-15 12:00:00,1,0.14743447,1.0035144,2.0030591,0.5009909
1947-05-16 00:00:00,0,0.40610707,1.0006524,2.0065396,0.49869558
1947-05-16 00:00:00,1,0.39439267,1.0038987,2.0027487,0.50126046
1947-06-15 12:00:00,0,0.088492796,0.9994313,2.0032673,0.49890062
1947-06-15 12:00:00,1,0.5690521,1.0030144,1.9998705,0.5015397
1947-07-16 00:00:00,0,0.3107369,0.99039835,1.9747764,0.5015243
1947-07-16 00:00:00,1,0.28856766,0.9932609,1.9773438,0.5023208
1947-08-16 00:00:00,0,0.4298262,1.00235,2.0113149,0.49835557
1947-08-16 00:00:00,1,0.5260827,1.0037193,2.0095217,0.4994817
1947-09-15 12:00:00,0,1.4921179,0.99904454,2.001631,0.49911523
1947-09-15 12:00:00,1,0.44502985,1.0005397,2.0014799,0.49989992
1947-10-16 00:00:00,0,1.3336754,0.99764603,1.9981079,0.49929538
1947-10-16 00:00:00,1,0.13616823,1.0004425,1.9975456,0.5008359
1947-11-15 12:00:00,0,0.28974575,0.9998741,2.0048726,0.49872202
1947-11-15 12:00:00,1,0.05666582,1.0033479,2.0012987,0.5013484
1947-12-16 00:00:00,0,0.061419114,0.9986962,2.001046,0.4990871
1947-12-16 00:00:00,1,0.37230462,1.0016257,1.9993366,0.500979
1948-01-16 00:00:00,0,0.030270707,0.99780184,1.9988298,0.49919298
1948-01-16 00:00:00,1,0.37039,1.0009271,1.9974908,0.5010922
1948-02-15 00:00:00,0,0.04916491,0.99806523,1.9986427,0.49937153
1948-02-15 00:00:00,1,1.3688755,1.0009682,1.9976352,0.5010766
1948-03-16 00:00:00,0,0.03381945,0.99741817,1.9978911,0.4992355
1948-03-16 00:00:00,1,0.39478135,0.9996853,1.9984448,0.5002316
1948-04-15 12:00:00,0,0.26597065,0.9971679,1.9972916,0.49926004
1948-04-15 12:00:00,1,0.15400961,0.99976104,1.9974867,0.5005095
1948-05-16 00:00:00,0,0.8051738,0.997742,1.9973313,0.49953756
1948-05-16 00:00:00,1,0.37542555,1.00053,1.9969077,0.5010397
1948-06-15 12:00:00,0,0.7892507,1.0012304,2.0071585,0.49882975
1948-06-15 12:00:00,1,0.23124136,1.0040647,2.0038817,0.50105983
1948-07-16 00:00:00,0,0.7061043,0.99364626,1.9844857,0.5007072
1948-07-16 00:00:00,1,1.238522,0.99562186,1.9866397,0.5011587
1948-08-16 00:00:00,0,0.0651583,0.99063385,1.9753554,0.5014965
1948-08-16 00:00:00,1,0.6536911,0.9932989,1.9780566,0.502159
1948-09-15 12:00:00,0,0.9993008,0.9999213,2.0045695,0.49882096
1948-09-15 12:00:00,1,1.0697538,1.0012058,2.0043542,0.49951538
1948-10-16 00:00:00,0,0.42053056,1.0022624,2.0108669,0.49842304
1948-10-16 00:00:00,1,0.35725692,1.004414,2.0078197,0.5002511
1948-11-15 12:00:00,0,0.7163563,0.99860907,2.0020196,0.49880084
1948-11-15 12:00:00,1,0.6407694,1.0024096,1.9987279,0.5015238
1948-12-16 00:00:00,0,0.55213,0.997444,1.9980279,0.49921423
1948-12-16 00:00:00,1,0.129477,0.99972916,1.9984976,0.5002404
1949-01-16 00:00:00,0,0.09172162,0.99788594,1.9976628,0.4995267
1949-01-16 00:00:00,1,0.042685423,1.0008234,1.9968615,0.50119823
1949-02-14 12:00:00,0,0.17646271,0.9975161,1.997365,0.49941602
1949-02-14 12:00:00,1,0.90479106,1.0000166,1.9975286,0.5006269
1949-03-16 00:00:00,0,1.3809292,0.9973506,1.9975317,0.4992915
1949-03-16 00:00:00,1,0.07654547,0.99968225,1.9980596,0.5003265
1949-04-15 12:00:00,0,0.48503608,1.0012455,2.0087392,0.49844474
1949-04-15 12:00:00,1,0.990742,1.0041883,2.005143,0.50080633
1949-05-16 00:00:00,0,0.9922116,0.997631,1.9957536,0.49987683
1949-05-16 00:00:00,1,0.30773184,1.0006245,1.9952757,0.50149685
1949-06-15 12:00:00,0,1.085778,0.99462545,1.9885364,0.50017965
1949-06-15 12:00:00,1,0.41477802,0.9969404,1.9896219,0.50107026
1949-07-16 00:00:00,0,0.77063584,0.9933889,1.9834033,0.5008507
1949-07-16 00:00:00,1,0.19143711,0.995447,1.9856166,0.5013289
1949-08-16 00:00:00,0,0.556558,0.999866,2.0042045,0.49888423
1949-08-16 00:00:00,1,0.020178234,1.0013257,2.0037045,0.4997372
1949-09-15 12:00:00,0,1.1818523,0.9993566,2.0020392,0.49916935
1949-09-15 12:00:00,1,0.05122558,1.0003948,2.0024393,0.4995881
1949-10-16 00:00:00,0,0.02098231,1.0024141,2.012484,0.4980979
1949-10-16 00:00:00,1,0.33306828,1.0041033,2.0102372,0.49949494
1949-11-15 12:00:00,0,0.22291383,0.9978417,1.9979625,0.49942967
1949-11-15 12:00:00,1,0.08847357,1.0008976,1.9969146,0.5012221
1949-12-16 00:00:00,0,0.10426026,0.9978155,1.9981217,0.4993767
1949-12-16 00:00:00,1,0.88610286,1.0005697,1.9975909,0.50088817
1950-01-16 00:00:00,0,0.036686867,0.99718285,1.997568,0.49919844
1950-01-16 00:00:00,1,0.43524328,0.9997432,1.9977628,0.5004314
1950-02-14 12:00:00,0,0.22481461,0.9976956,1.9975811,0.49945188
1950-02-14 12:00:00,1,1.2247812,1.0003121,1.99741,0.50080454
1950-03-16 00:00:00,0,0.1638171,0.99747235,1.996999,0.49948564
1950-03-16 00:00:00,1,1.9107125,1.000262,1.9967362,0.5009485
1950-04-15 12:00:00,0,0.03503652,0.997805,1.9977986,0.49945226
1950-04-15 12:00:00,1,0.15715517,1.0012413,1.9961386,0.50158906
1950-05-16 00:00:00,0,0.744727,0.99927753,2.0029407,0.4989052
1950-05-16 00:00:00,1,0.3403551,1.0032637,1.9990238,0.50187683
1950-06-15 12:00:00,0,0.20517583,1.0021961,2.0116985,0.49818403
1950-06-15 12:00:00,1,0.006579157,1.0049365,2.0076993,0.5005413
1950-07-16 00:00:00,0,0.48345774,0.99938816,2.0017395,0.49925986
1950-07-16 00:00:00,1,0.27138713,1.0005256,2.0021899,0.49971563
1950-08-16 00:00:00,0,0.36102152,0.99711084,1.9950116,0.49980202
1950-08-16 00:00:00,1,1.6694204,0.9984245,1.9963087,0.5001353
1950-09-15 12:00:00,0,0.2830974,1.0006859,2.0061069,0.49881986
1950-09-15 12:00:00,1,0.2603063,1.0040102,2.0023293,0.5014211
1950-10-16 00:00:00,0,0.4267707,0.99751776,1.9975533,0.49936977
1950-10-16 00:00:00,1,1.427481,0.9999849,1.9977257,0.50056165
1950-11-15 12:00:00,0,0.01432151,0.99725515,1.9974184,0.49927202
1950-11-15 12:00:00,1,0.29907492,0.99975204,1.9977086,0.5004494
1950-12-16 00:00:00,0,0.12912025,0.99742806,1.9980803,0.4991932
1950-12-16 00:00:00,1,0.6241748,0.99972814,1.9985124,0.50023615
1951-01-16 00:00:00,0,0.68017226,0.99740356,1.9976583,0.49928638
1951-01-16 00:00:00,1,3.3129392,0.9997042,1.9981765,0.5003083
1951-02-14 12:00:00,0,1.4593668,0.9976167,1.9977133,0.4993793
1951-02-14 12:00:00,1,0.110905744,1.00028,1.9974749,0.50077224
1951-03-16 00:00:00,0,0.35529318,0.997884,1.999037,0.49918234
1951-03-16 00:00:00,1,0.056620106,1.0016743,1.9965457,0.5017037
1951-04-15 12:00:00,0,0.22384237,0.9978109,1.996185,0.49985895
1951-04-15 12:00:00,1,0.17547254,1.000653,1.9958116,0.5013765
1951-05-16 00:00:00,0,0.3236379,0.998949,2.0014257,0.4991187
1951-05-16 00:00:00,1,0.37388992,1.0022317,1.9989431,0.5013808
1951-06-15 12:00:00,0,1.1973407,1.0022894,2.0111663,0.49836227
1951-06-15 12:00:00,1,0.29679394,1.003698,2.009358,0.4995118
1951-07-16 00:00:00,0,1.7246488,0.99707735,1.9953233,0.49970716
1951-07-16 00:00:00,1,0.2763337,0.99867666,1.9962224,0.50028324
1951-08-16 00:00:00,0,0.30811176,1.0027789,2.0125654,0.49825904
1951-08-16 00:00:00,1,1.3079243,1.0044281,2.0101013,0.4996903
1951-09-15 12:00:00,0,0.3784634,0.99800617,1.9985007,0.49937743
1951-09-15 12:00:00,1,0.55210817,0.99926436,1.9993045,0.499806
1951-10-16 00:00:00,0,0.32650894,0.99788404,1.9984374,0.49933213
1951-10-16 00:00:00,1,0.69427514,1.0014018,1.9964956,0.50157976
1951-11-15 12:00:00,0,0.730028,0.997432,1.9977553,0.49927637
1951-11-15 12:00:00,1,0.7962681,0.99999523,1.9977791,0.5005534
1951-12-16 00:00:00,0,0.12264158,0.99720395,1.9972314,0.49929315
1951-12-16 00:00:00,1,1.1525977,0.99972236,1.9975446,0.5004756
1952-01-16 00:00:00,0,0.66401154,0.99712664,1.9973441,0.49922627
1952-01-16 00:00:00,1,0.4699785,0.99974656,1.9974974,0.50049955
1952-02-15 00:00:00,0,0.2246418,0.997444,1.9971958,0.49942222
1952-02-15 00:00:00,1,0.49818525,1.0000806,1.9971803,0.50074625
1952-03-16 00:00:00,0,0.28008625,0.99720514,1.9973601,0.49926156
1952-03-16 00:00:00,1,0.008247439,0.99970144,1.9977112,0.50042343
1952-04-15 12:00:00,0,0.163755,0.99778336,1.9978464,0.49942946
1952-04-15 12:00:00,1,1.0378374,1.0005813,1.9973077,0.500965
1952-05-16 00:00:00,0,0.72214276,1.0016886,2.0108962,0.49813044
1952-05-16 00:00:00,1,0.94061595,1.0045719,2.0069702,0.5005415
1952-06-15 12:00:00,0,0.6892214,0.99932736,2.0030787,0.4988957
1952-06-15 12:00:00,1,0.050401047,1.0029554,1.9996578,0.50156355
1952-07-16 00:00:00,0,0.53366596,1.0014225,2.0079114,0.49873838
1952-07-16 00:00:00,1,0.0461864,1.0047121,2.0036328,0.50144523
1952-08-16 00:00:00,0,0.029848386,0.9942273,1.9868804,0.50039613
1952-08-16 00:00:00,1,0.12077345,0.99637806,1.9884087,0.5010932
1952-09-15 12:00:00,0,0.2684692,1.0022041,2.0107749,0.49841684
1952-09-15 12:00:00,1,0.82117,1.0047861,2.0072172,0.5005866
1952-10-16 00:00:00,0,0.79529935,0.99205965,1.9796566,0.5011271
1952-10-16 00:00:00,1,0.6891276,0.9943714,1.982116,0.5016717
1952-11-15 12:00:00,0,0.8370422,0.99786097,1.998294,0.49935645
1952-11-15 12:00:00,1,0.73194796,1.0004361,1.998019,0.500714
1952-12-16 00:00:00,0,0.08315273,0.9970858,1.9974071,0.4991901
1952-12-16 00:00:00,1,1.6665263,0.9997799,1.9974449,0.5005294
1953-01-16 00:00:00,0,0.043249454,0.99737644,1.9979719,0.49919444
1953-01-16 00:00:00,1,0.13955933,0.9997981,1.9982285,0.50034225
1953-02-14 12:00:00,0,0.60976475,1.0023425,2.0117466,0.49824488
1953-02-14 12:00:00,1,0.04557733,1.004801,2.0082657,0.5003327
1953-03-16 00:00:00,0,0.1344585,0.9976672,1.9977275,0.49940103
1953-03-16 00:00:00,1,0.8521617,1.000396,1.9973369,0.5008649
1953-04-15 12:00:00,0,0.4180496,0.9976947,1.9976231,0.4994409
1953-04-15 12:00:00,1,0.7599746,1.0006504,1.9968712,0.5011091
1953-05-16 00:00:00,0,0.34941658,0.99770933,1.9966855,0.49968275
1953-05-16 00:00:00,1,0.42523298,1.0005091,1.9963344,0.50117314
1953-06-15 12:00:00,0,0.09607314,1.0006989,2.007151,0.49856687
1953-06-15 12:00:00,1,0.34444085,1.003877,2.003427,0.5010799
1953-07-16 00:00:00,0,1.7390239,0.9986391,1.9985439,0.49968335
1953-07-16 00:00:00,1,0.056988534,0.999499,1.9998274,0.49979264
1953-08-16 00:00:00,0,0.09093032,1.0031967,2.0128057,0.49840713
1953-08-16 00:00:00,1,0.7107396,1.003817,2.0116994,0.49898952
1953-09-15 12:00:00,0,0.06680943,1.000264,2.0038006,0.49918342
1953-09-15 12:00:00,1,0.36724994,1.0008428,2.0044556,0.49930906
1953-10-16 00:00:00,0,0.45473805,0.999188,2.0023875,0.4989983
1953-10-16 00:00:00,1,0.45622674,1.003094,1.9987409,0.50186294
1953-11-15 12:00:00,0,0.5350291,0.997804,1.9985409,0.49926624
1953-11-15 12:00:00,1,0.29226482,1.0008115,1.9974709,0.5010393
1953-12-16 00:00:00,0,0.04235022,1.0004059,2.0067215,0.49852753
1953-12-16 00:00:00,1,0.75412637,1.0040822,2.0024126,0.50143623
1954-01-16 00:00:00,0,0.30098504,0.9974618,1.9971527,0.49944192
1954-01-16 00:00:00,1,0.9519656,0.9996984,1.997847,0.5003879
1954-02-14 12:00:00,0,0.42533606,0.99753517,1.9970264,0.49951026
1954-02-14 12:00:00,1,1.2928666,1.0002725,1.9968206,0.5009326
1954-03-16 00:00:00,0,0.2605649,0.9973233,1.9969059,0.4994343
1954-03-16 00:00:00,1,0.4838485,0.9997316,1.9974169,0.50051224
1954-04-15 12:00:00,0,0.68439746,0.9990553,2.0023243,0.4989478
1954-04-15 12:00:00,1,0.30160618,1.0024287,1.9995039,0.5013387
1954-05-16 00:00:00,0,0.01095162,1.0034695,2.015153,0.49796194
1954-05-16 00:00:00,1,0.12977383,1.0047,2.0128942,0.49913204
1954-06-15 12:00:00,0,0.20379844,1.0022016,2.0121179,0.49808294
1954-06-15 12:00:00,1,1.2606605,1.004802,2.0083094,0.50032234
1954-07-16 00:00:00,0,0.7310795,1.0006409,2.0039523,0.49933368
1954-07-16 00:00:00,1,1.2754656,1.0009736,2.004867,0.49927178
1954-08-16 00:00:00,0,1.4311816,0.9942431,1.986118,0.50059617
1954-08-16 00:00:00,1,0.6506726,0.99596274,1.9882927,0.50091356
1954-09-15 12:00:00,0,0.35911134,0.9906519,1.975377,0.5015002
1954-09-15 12:00:00,1,0.924288,0.9933951,1.9779962,0.50222296
1954-10-16 00:00:00,0,0.8914755,0.996902,1.9953038,0.49962416
1954-10-16 00:00:00,1,1.0021851,0.9984753,1.9961841,0.500192
1954-11-15 12:00:00,0,0.027922522,0.99772584,1.9987004,0.4991873
1954-11-15 12:00:00,1,0.9110956,1.0005158,1.9980334,0.5007503
1954-12-16 00:00:00,0,1.3273437,0.9973571,1.9975287,0.4992955
1954-12-16 00:00:00,1,0.5982522,0.9999482,1.9975739,0.5005813
1955-01-16 00:00:00,0,0.10286176,0.99754894,1.9970446,0.4995126
1955-01-16 00:00:00,1,0.20799397,0.9999559,1.997424,0.50062275
1955-02-14 12:00:00,0,0.041848727,0.9978386,1.9977258,0.49948725
1955-02-14 12:00:00,1,0.07657088,1.001196,1.9962088,0.50154877
1955-03-16 00:00:00,0,0.28402057,1.0015501,2.0094252,0.49842617
1955-03-16 00:00:00,1,0.2852752,1.0045837,2.0054915,0.5009165
1955-04-15 12:00:00,0,0.6132011,0.9975015,1.9975923,0.4993519
1955-04-15 12:00:00,1,1.5695238,1.000115,1.9975314,0.5006755
1955-05-16 00:00:00,0,0.13689007,0.99867666,2.0001009,0.49931315
1955-05-16 00:00:00,1,0.45589614,1.0020016,1.997955,0.5015136
1955-06-15 12:00:00,0,0.52111155,1.0027361,2.0124676,0.498262
1955-06-15 12:00:00,1,1.5925479,1.0044283,2.0099144,0.49973685
1955-07-16 00:00:00,0,0.81455165,1.0015825,2.008905,0.49857137
1955-07-16 00:00:00,1,1.0740371,1.0026864,2.0079916,0.4993479
1955-08-16 00:00:00,0,0.23470137,0.9924813,1.980232,0.5011945
1955-08-16 00:00:00,1,0.40540195,0.99457866,1.9829801,0.5015575
1955-09-15 12:00:00,0,0.0062793186,1.0016711,2.0122752,0.49778035
1955-09-15 12:00:00,1,0.8853266,1.0052094,2.0073228,0.5007712
1955-10-16 00:00:00,0,0.053923614,1.0025054,2.0133703,0.49792403
1955-10-16 00:00:00,1,1.1198486,1.0044044,2.0104878,0.49958244
1955-11-15 12:00:00,0,1.1001942,0.9976856,1.9975206,0.499462
1955-11-15 12:00:00,1,0.61520505,1.0006073,1.9968277,0.50109845
1955-12-16 00:00:00,0,0.45666677,0.99706846,1.9974003,0.4991831
1955-12-16 00:00:00,1,1.30261,0.99975884,1.9974514,0.50051725
1956-01-16 00:00:00,0,0.28496936,0.99731034,1.9977149,0.49922556
1956-01-16 00:00:00,1,0.053316884,0.9997156,1.9980854,0.50033677
1956-02-15 00:00:00,0,0.29427007,0.99755204,1.997675,0.49935654
1956-02-15 00:00:00,1,0.0880239,1.0002186,1.9974543,0.50074667
1956-03-16 00:00:00,0,0.8637114,1.0024953,2.0126898,0.49808732
1956-03-16 00:00:00,1,0.5185663,1.0049391,2.0090604,0.50020355
1956-04-15 12:00:00,0,0.42560434,0.99765986,1.997122,0.49954876
1956-04-15 12:00:00,1,0.617304,1.000343,1.9969457,0.50093645
1956-05-16 00:00:00,0,0.8098158,0.9985025,1.9996595,0.49933624
1956-05-16 00:00:00,1,0.3413749,1.0016481,1.9978976,0.50135106
1956-06-15 12:00:00,0,0.23275237,0.9929576,1.9829658,0.5007437
1956-06-15 12:00:00,1,0.03158505,0.9952535,1.9850315,0.5013792
1956-07-16 00:00:00,0,0.4741321,1.0043228,2.0139534,0.4986822
1956-07-16 00:00:00,1,0.6161949,1.0043759,2.0132117,0.49889237
1956-08-16 00:00:00,0,0.063165314,0.9943689,1.9868177,0.5004832
1956-08-16 00:00:00,1,0.18766725,0.9963398,1.9885229,0.50104517
1956-09-15 12:00:00,0,0.0469546,1.0024531,2.0112522,0.49842238
1956-09-15 12:00:00,1,0.94865644,1.0033358,2.0102339,0.49911398
1956-10-16 00:00:00,0,0.703387,0.9975752,1.9969169,0.4995577
1956-10-16 00:00:00,1,0.20302244,1.0009354,1.9956074,0.50156933
1956-11-15 12:00:00,0,0.4400576,0.99755985,1.9980588,0.4992645
1956-11-15 12:00:00,1,0.40507343,0.99946374,1.9981457,0.5001956
1956-12-16 00:00:00,0,0.43464643,1.0017202,2.0093596,0.49852708
1956-12-16 00:00:00,1,1.0698187,1.0044314,2.0058403,0.5007534
1957-01-16 00:00:00,0,0.96367466,0.99749494,1.9968971,0.49952245
1957-01-16 00:00:00,1,0.05808345,0.9999172,1.9972994,0.5006346
1957-02-14 12:00:00,0,0.32359895,0.9974228,1.9969238,0.49947965
1957-02-14 12:00:00,1,0.41468537,1.0001354,1.9968388,0.5008594
1957-03-16 00:00:00,0,0.1105422,0.9975809,1.997854,0.49932623
1957-03-16 00:00:00,1,0.23943603,1.0001152,1.9978346,0.50059956
1957-04-15 12:00:00,0,0.4238021,0.9978863,1.998163,0.49940187
1957-04-15 12:00:00,1,0.5524674,1.0010583,1.9968625,0.5013156
1957-05-16 00:00:00,0,0.3946738,0.9974844,1.997099,0.49946666
1957-05-16 00:00:00,1,0.25334576,0.9998144,1.9976292,0.5005005
1957-06-15 12:00:00,0,0.34915674,1.0001476,2.0058262,0.49862126
1957-06-15 12:00:00,1,0.3157943,1.001743,2.0049977,0.499623
1957-07-16 00:00:00,0,0.5790438,0.998384,1.9992601,0.49937674
1957-07-16 00:00:00,1,0.04324406,0.99972034,1.9997592,0.49992037
1957-08-16 00:00:00,0,0.58862245,0.9947232,1.9884729,0.5002448
1957-08-16 00:00:00,1,0.19507942,0.9969607,1.9896775,0.50106645
1957-09-15 12:00:00,0,0.48451802,0.999013,2.001983,0.49901175
1957-09-15 12:00:00,1,0.33532092,1.0026492,1.9988997,0.50160056
1957-10-16 00:00:00,0,0.012562609,0.9977406,1.9981738,0.49932623
1957-10-16 00:00:00,1,1.527239,1.0000297,1.9984895,0.50039274
1957-11-15 12:00:00,0,0.24392557,0.99818677,1.9988409,0.4993828
1957-11-15 12:00:00,1,0.94785994,1.0015427,1.9969394,0.5015389
1957-12-16 00:00:00,0,0.6920624,0.997481,1.9971948,0.49944103
1957-12-16 00:00:00,1,0.2364834,0.9999899,1.9973841,0.5006498
1958-01-16 00:00:00,0,0.028965281,0.9975417,1.9975742,0.49937657
1958-01-16 00:00:00,1,0.7168109,1.000011,1.9977472,0.50056934
1958-02-14 12:00:00,0,0.11761084,0.99718183,1.9972976,0.49926552
1958-02-14 12:00:00,1,0.2819558,0.9997447,1.9975477,0.500486
1958-03-16 00:00:00,0,0.05012472,0.99716675,1.9969741,0.49933884
1958-03-16 00:00:00,1,0.43243504,0.99973696,1.9972718,0.5005513
1958-04-15 12:00:00,0,0.051122226,0.9974057,1.9974154,0.49934816
1958-04-15 12:00:00,1,0.26679084,0.9997137,1.997979,0.50036246
1958-05-16 00:00:00,0,0.17019893,0.9997076,2.0039833,0.49886024
1958-05-16 00:00:00,1,1.0751097,1.002596,2.001568,0.5009053
1958-06-15 12:00:00,0,0.4014964,1.0010076,2.0081754,0.4984662
1958-06-15 12:00:00,1,0.051442802,1.0045116,2.003809,0.50130105
1958-07-16 00:00:00,0,1.4568459,1.0023562,2.0113907,0.49833986
1958-07-16 00:00:00,1,0.54394704,1.0049753,2.0075023,0.5006098
1958-08-16 00:00:00,0,0.08971245,1.0027641,2.0132492,0.49808246
1958-08-16 00:00:00,1,0.16663907,1.0050362,2.0097847,0.5000716
1958-09-15 12:00:00,0,0.2988313,1.0035423,2.0140526,0.49827015
1958-09-15 12:00:00,1,1.2729576,1.0047246,2.0119746,0.49937242
1958-10-16 00:00:00,0,0.3943149,0.9920631,1.9800365,0.5010327
1958-10-16 00:00:00,1,0.14952202,0.9946266,1.9821349,0.5017956
1958-11-15 12:00:00,0,0.21554501,1.0003164,2.0053592,0.49882156
1958-11-15 12:00:00,1,0.9820748,1.0038395,2.0015166,0.5015394
1958-12-16 00:00:00,0,0.02800874,0.99983513,2.005514,0.4985431
1958-12-16 00:00:00,1,0.071218945,1.0031971,2.0019958,0.5010985
1959-01-16 00:00:00,0,0.09098076,0.99751246,1.9981068,0.4992288
1959-01-16 00:00:00,1,0.2735488,0.999776,1.9985594,0.5002484
1959-02-14 12:00:00,0,0.29369473,0.9972398,1.9970112,0.49936616
1959-02-14 12:00:00,1,0.3538169,0.9997229,1.9974144,0.50050855
1959-03-16 00:00:00,0,0.17439288,0.999584,2.0048378,0.498586
1959-03-16 00:00:00,1,0.19328201,1.0033679,2.0008368,0.50147414
1959-04-15 12:00:00,0,0.084873386,1.0023272,2.0116053,0.4982723
1959-04-15 12:00:00,1,0.17389324,1.0047154,2.0083177,0.50027716
1959-05-16 00:00:00,0,0.03467893,0.9989652,2.0006354,0.49932396
1959-05-16 00:00:00,1,0.24107781,1.0030534,1.9969983,0.50228053
1959-06-15 12:00:00,0,0.22740117,0.99899447,2.0018985,0.49902353
1959-06-15 12:00:00,1,0.91466796,1.0005608,2.0016387,0.49987084
1959-07-16 00:00:00,0,0.5916526,1.0009767,2.0066452,0.4988309
1959-07-16 00:00:00,1,0.2466208,1.0020106,2.0062535,0.49944365
1959-08-16 00:00:00,0,0.19594498,1.0028766,2.0135095,0.49807397
1959-08-16 00:00:00,1,0.49367934,1.005104,2.0099804,0.50005656
1959-09-15 12:00:00,0,0.60402215,0.99895906,2.0017786,0.49903575
1959-09-15 12:00:00,1,0.26306677,1.0024164,1.9989676,0.50146705
1959-10-16 00:00:00,0,0.53705275,0.99233747,1.9806751,0.5010097
1959-10-16 00:00:00,1,1.0501765,0.99474627,1.9829084,0.5016602
1959-11-15 12:00:00,0,0.52661604,0.9876399,1.9660852,0.5023383
1959-11-15 12:00:00,1,0.4760846,0.99104375,1.969386,0.50322473
1959-12-16 00:00:00,0,0.6739831,0.9984333,2.0002842,0.49914572
1959-12-16 00:00:00,1,0.2031682,1.001821,1.9980266,0.50140524
1960-01-16 00:00:00,0,0.12989487,0.9973633,1.9976645,0.4992647
1960-01-16 00:00:00,1,0.447403,0.999795,1.9979681,0.5004059
1960-02-15 00:00:00,0,1.0368888,0.9973338,1.9974005,0.4993159
1960-02-15 00:00:00,1,1.7077556,0.999715,1.9978645,0.5003918
1960-03-16 00:00:00,0,0.1783457,0.9975933,1.9982479,0.499234
1960-03-16 00:00:00,1,0.0422919,1.0005349,1.9974415,0.5009082
1960-04-15 12:00:00,0,0.43926683,0.99834293,2.0000792,0.4991517
1960-04-15 12:00:00,1,1.5677551,1.0014094,1.9984612,0.5010902
1960-05-16 00:00:00,0,0.23302117,1.0016676,2.0106514,0.49818066
1960-05-16 00:00:00,1,0.85310876,1.0046421,2.0064938,0.50069535
1960-06-15 12:00:00,0,0.89363015,0.99681926,1.9941254,0.49987793
1960-06-15 12:00:00,1,0.09845645,0.99838793,1.9952164,0.5003908
1960-07-16 00:00:00,0,0.54034996,1.0014397,2.0080292,0.4987177
1960-07-16 00:00:00,1,0.19895117,1.0044488,2.004069,0.50120467
1960-08-16 00:00:00,0,1.1126354,0.9911677,1.9767786,0.50140554
1960-08-16 00:00:00,1,0.042968992,0.9937205,1.9794437,0.50202006
1960-09-15 12:00:00,0,0.45311508,1.0003002,2.0059054,0.49867764
1960-09-15 12:00:00,1,0.3833655,1.0018432,2.0050359,0.49966347
1960-10-16 00:00:00,0,1.5378506,1.0016541,2.0100887,0.4983134
1960-10-16 00:00:00,1,0.11930423,1.0049207,2.0056937,0.501034
1960-11-15 12:00:00,0,0.59524345,0.9974473,1.9974648,0.49935666
1960-11-15 12:00:00,1,0.6293493,0.99974656,1.9980015,0.5003733
1960-12-16 00:00:00,0,0.22025742,0.9983322,2.000064,0.49915016
1960-12-16 00:00:00,1,0.6325742,1.0013422,1.9985039,0.5010459
1961-01-16 00:00:00,0,0.034248654,0.99834454,2.0006528,0.4990094
1961-01-16 00:00:00,1,0.19313174,1.0010906,1.999455,0.50068176
1961-02-14 12:00:00,0,0.01375774,0.9981448,1.9994218,0.4992167
1961-02-14 12:00:00,1,0.2788719,1.0009258,1.9984412,0.50085324
1961-03-16 00:00:00,0,0.21168067,0.9974804,1.997661,0.49932414
1961-03-16 00:00:00,1,0.7568967,0.9999872,1.997787,0.50054747
1961-04-15 12:00:00,0,0.29781795,0.99904317,2.0020652,0.4990063
1961-04-15 12:00:00,1,0.20955315,1.0027788,1.9987397,0.5017055
1961-05-16 00:00:00,0,0.5515956,0.99805844,1.9980314,0.4995209
1961-05-16 00:00:00,1,0.96271884,1.0013595,1.9964532,0.5015692
1961-06-15 12:00:00,0,0.4964121,1.0022697,2.0116913,0.49822244
1961-06-15 12:00:00,1,1.4175923,1.0049611,2.0078537,0.5005151
1961-07-16 00:00:00,0,1.9564662,1.0029833,2.0134451,0.49814287
1961-07-16 00:00:00,1,0.073402286,1.0050954,2.0100253,0.5000412
1961-08-16 00:00:00,0,0.8750972,0.99802953,1.9972205,0.49970922
1961-08-16 00:00:00,1,0.6923868,1.0018258,1.9948691,0.50220126
1961-09-15 12:00:00,0,0.30156526,1.0018816,2.0103326,0.4983661
1961-09-15 12:00:00,1,0.18550995,1.0047249,2.0064535,0.50074667
1961-10-16 00:00:00,0,0.089571066,1.0027046,2.0118995,0.49838704
1961-10-16 00:00:00,1,1.0485692,1.0049995,2.0084298,0.50039065
1961-11-15 12:00:00,0,0.16497405,0.997531,1.997887,0.499293
1961-11-15 12:00:00,1,0.6439964,0.9999784,1.9980532,0.50047636
1961-12-16 00:00:00,0,0.2733426,0.99773115,1.9980862,0.4993434
1961-12-16 00:00:00,1,1.1647602,1.0003173,1.9978745,0.50069076
1962-01-16 00:00:00,0,0.45683497,0.9977585,1.9978215,0.49942327
1962-01-16 00:00:00,1,0.782849,1.000901,1.9966882,0.50128055
1962-02-14 12:00:00,0,0.34734675,0.99710256,1.9973602,0.49921018
1962-02-14 12:00:00,1,0.0297343,0.9997289,1.9975289,0.50048286
1962-03-16 00:00:00,0,0.25505885,0.9974441,1.9964199,0.49961638
1962-03-16 00:00:00,1,0.25398183,1.0000107,1.996668,0.50083977
1962-04-15 12:00:00,0,0.7099319,1.0028096,2.013563,0.49802747
1962-04-15 12:00:00,1,0.32941854,1.0049186,2.0102673,0.499893
1962-05-16 00:00:00,0,0.14871833,0.9983867,1.9979078,0.4997161
1962-05-16 00:00:00,1,1.455044,1.0022846,1.9951937,0.50234956
1962-06-15 12:00:00,0,0.12815003,1.002049,2.0117278,0.49810365
1962-06-15 12:00:00,1,1.0029576,1.0052501,2.0072372,0.5008128
1962-07-16 00:00:00,0,0.44548258,1.0023029,2.0116723,0.49824363
1962-07-16 00:00:00,1,0.99405897,1.0052115,2.0074646,0.50073683
1962-08-16 00:00:00,0,0.24375452,0.999044,2.0011663,0.49923086
1962-08-16 00:00:00,1,0.19571003,1.0000283,2.0018425,0.49955392
1962-09-15 12:00:00,0,0.97124904,1.0008007,2.0063257,0.49882266
1962-09-15 12:00:00,1,0.6261754,1.0017076,2.0061674,0.49931404
1962-10-16 00:00:00,0,0.9407025,0.9974751,1.9983675,0.49914497
1962-10-16 00:00:00,1,0.32780337,0.9998526,1.9985718,0.50028354
1962-11-15 12:00:00,0,1.0297908,1.0006872,2.0080676,0.49833345
1962-11-15 12:00:00,1,0.12689567,1.0042529,2.0036533,0.5012109
1962-12-16 00:00:00,0,0.55860025,0.99785805,1.9999201,0.49894896
1962-12-16 00:00:00,1,0.02526926,1.0007691,1.9987999,0.500685
1963-01-16 00:00:00,0,0.5784464,0.9974532,1.9978,0.4992758
1963-01-16 00:00:00,1,0.033852547,0.999638,1.9984883,0.50019705
1963-02-14 12:00:00,0,0.34868944,0.9977136,1.9976009,0.49945593
1963-02-14 12:00:00,1,0.7750926,1.0000961,1.9978416,0.5005883
1963-03-16 00:00:00,0,0.37337273,0.99736434,1.9975901,0.4992838
1963-03-16 00:00:00,1,1.4082143,0.99976677,1.9979708,0.50039107
1963-04-15 12:00:00,0,0.20948936,0.99726313,1.9972286,0.4993235
1963-04-15 12:00:00,1,1.0432384,0.9997626,1.9975504,0.5004943
1963-05-16 00:00:00,0,0.2569928,0.9977765,1.9967812,0.49969244
1963-05-16 00:00:00,1,0.4024298,1.0012803,1.9951786,0.50184995
1963-06-15 12:00:00,0,0.2941626,0.9987809,1.9998914,0.49941757
1963-06-15 12:00:00,1,0.89367026,1.0030421,1.9961927,0.5024776
1963-07-16 00:00:00,0,0.28760973,0.98976743,1.9724858,0.5017868
1963-07-16 00:00:00,1,0.029947953,0.99262005,1.9754329,0.5024823
1963-08-16 00:00:00,0,0.8725315,1.0020987,2.0110538,0.4982953
1963-08-16 00:00:00,1,1.141264,1.0034666,2.0094504,0.49937364
1963-09-15 12:00:00,0,0.6083675,1.0030345,2.013639,0.4981203
1963-09-15 12:00:00,1,0.0020165567,1.0050067,2.0104995,0.4998791
1963-10-16 00:00:00,0,0.15796778,0.99844956,2.0003037,0.49914896
1963-10-16 00:00:00,1,0.074159995,1.0015253,1.9986564,0.5010993
1963-11-15 12:00:00,0,0.061982695,0.9973846,1.99776,0.49925146
1963-11-15 12:00:00,1,0.41994697,0.99977887,1.9981142,0.5003612
1963-12-16 00:00:00,0,0.55536836,1.0028591,2.0134542,0.49807894
1963-12-16 00:00:00,1,0.06147744,1.0046002,2.0108554,0.49958846
1964-01-16 00:00:00,0,0.60088813,0.99744296,1.9973774,0.49937633
1964-01-16 00:00:00,1,0.6866322,0.999989,1.9974873,0.50062346
1964-02-15 00:00:00,0,0.3173717,1.0026668,2.0127327,0.49816194
1964-02-15 00:00:00,1,1.4229952,1.0040528,2.0108435,0.4993192
1964-03-16 00:00:00,0,0.26037213,0.99764323,1.9975058,0.49944448
1964-03-16 00:00:00,1,0.38986698,1.0002472,1.9974267,0.50076795
1964-04-15 12:00:00,0,0.7544149,0.9998005,2.0033987,0.4990522
1964-04-15 12:00:00,1,0.29583904,1.0034432,1.9998536,0.50175834
1964-05-16 00:00:00,0,0.0052978885,0.9984638,1.9994788,0.49936202
1964-05-16 00:00:00,1,0.15013601,1.0022526,1.9966732,0.50196123
1964-06-15 12:00:00,0,0.0799777,1.0003902,2.0061274,0.49866733
1964-06-15 12:00:00,1,0.71209687,1.0036259,2.0026329,0.50115323
1964-07-16 00:00:00,0,0.26075664,0.9982275,1.9986225,0.49945772
1964-07-16 00:00:00,1,0.42636144,0.999587,1.9992657,0.49997708
1964-08-16 00:00:00,0,0.56460834,1.0028446,2.0111952,0.49863115
1964-08-16 00:00:00,1,0.011907528,1.0033153,2.010775,0.49896944
1964-09-15 12:00:00,0,0.5339145,0.9941703,1.9876145,0.5001826
1964-09-15 12:00:00,1,0.62649757,0.99658626,1.988763,0.50110865
1964-10-16 00:00:00,0,0.9396691,0.99909484,2.0025847,0.49890268
1964-10-16 00:00:00,1,0.33513558,1.0021716,2.0002596,0.5010208
1964-11-15 12:00:00,0,0.17465341,0.99740493,1.9976661,0.4992851
1964-11-15 12:00:00,1,0.96929055,0.9999014,1.9978448,0.50049
1964-12-16 00:00:00,0,0.8074222,0.99695474,1.9972014,0.49917585
1964-12-16 00:00:00,1,0.43879995,0.99984145,1.9969876,0.50067484
1965-01-16 00:00:00,0,0.15401913,0.9973204,1.9972628,0.4993436
1965-01-16 00:00:00,1,0.097806856,0.99980956,1.9975483,0.5005183
1965-02-14 12:00:00,0,0.22600879,1.0013754,2.00912,0.49841496
1965-02-14 12:00:00,1,0.7143122,1.0039866,2.005885,0.5005205
1965-03-16 00:00:00,0,0.17512515,0.9980673,1.9979445,0.49954706
1965-03-16 00:00:00,1,0.074287765,1.0005952,1.9977176,0.5008692
1965-04-15 12:00:00,0,0.021692902,0.99759066,1.9975923,0.49939653
1965-04-15 12:00:00,1,0.64166087,0.9997629,1.9982684,0.50031465
1965-05-16 00:00:00,0,0.452843,1.001885,2.0094278,0.49859223
1965-05-16 00:00:00,1,0.9467454,1.0046929,2.005738,0.5009093
1965-06-15 12:00:00,0,0.022934811,0.9991914,2.0005696,0.49945346
1965-06-15 12:00:00,1,1.6721369,1.0031568,1.9970596,0.5023169
1965-07-16 00:00:00,0,0.52689946,1.0019524,2.0098605,0.49851838
1965-07-16 00:00:00,1,2.2688243,1.0049387,2.0057132,0.5010381
1965-08-16 00:00:00,0,0.2258988,0.99944156,2.002847,0.49901044
1965-08-16 00:00:00,1,0.01298849,1.0036633,1.9983661,0.50224197
1965-09-15 12:00:00,0,0.13255121,1.0028957,2.012848,0.49824715
1965-09-15 12:00:00,1,0.31785643,1.0047151,2.0102124,0.49980542
1965-10-16 00:00:00,0,0.28206038,0.9968272,1.9945469,0.49977627
1965-10-16 00:00:00,1,0.13401727,0.9981838,1.9959652,0.5001008
1965-11-15 12:00:00,0,0.061044518,0.9972579,1.9973016,0.4993026
1965-11-15 12:00:00,1,0.009343637,0.99969685,1.9977186,0.50041926
1965-12-16 00:00:00,0,0.047140826,0.9973992,1.9970865,0.49942714
1965-12-16 00:00:00,1,0.14208855,0.999753,1.9976262,0.5004705
1966-01-16 00:00:00,0,0.65659463,0.9980461,1.9994121,0.4991698
1966-01-16 00:00:00,1,0.004392804,1.0007181,1.9986571,0.5006952
1966-02-14 12:00:00,0,0.95730454,0.9978106,1.998042,0.4993942
1966-02-14 12:00:00,1,0.7510223,1.0005474,1.9975557,0.50088584
1966-03-16 00:00:00,0,2.3854077,1.0006503,2.0075274,0.49844915
1966-03-16 00:00:00,1,0.25439683,1.0037686,2.0038455,0.50092113
1966-04-15 12:00:00,0,0.473933,1.0022556,2.0123308,0.49805707
1966-04-15 12:00:00,1,1.2654717,1.004824,2.0085967,0.5002617
1966-05-16 00:00:00,0,0.730211,1.0020456,2.0110998,0.49825752
1966-05-16 00:00:00,1,0.6288784,1.0049876,2.0071037,0.5007153
1966-06-15 12:00:00,0,0.3326322,1.0016735,2.0094366,0.49848473
1966-06-15 12:00:00,1,0.23861986,1.0028961,2.0084407,0.49934062
1966-07-16 00:00:00,0,0.035337247,1.0005333,2.005218,0.49896488
1966-07-16 00:00:00,1,1.5389533,1.0013907,2.0054958,0.49932325
1966-08-16 00:00:00,0,0.4355349,1.0000641,2.0042777,0.49896485
1966-08-16 00:00:00,1,0.34850398,1.0013072,2.0041008,0.4996292
1966-09-15 12:00:00,0,0.002754839,1.0023834,2.0126944,0.49803057
1966-09-15 12:00:00,1,0.5581662,1.0039876,2.010629,0.49934006
1966-10-16 00:00:00,0,0.8182661,0.98992807,1.9733791,0.5016411
1966-10-16 00:00:00,1,0.20854755,0.9928621,1.9761176,0.5024307
1966-11-15 12:00:00,0,0.16716857,0.99738526,1.9974054,0.49934042
1966-11-15 12:00:00,1,0.004328271,0.999823,1.9977272,0.50048023
1966-12-16 00:00:00,0,1.4647226,0.9973982,1.9968561,0.49948427
1966-12-16 00:00:00,1,0.22346798,0.9997322,1.9974703,0.5004992
1967-01-16 00:00:00,0,0.88889444,0.9972038,1.9977114,0.4991731
1967-01-16 00:00:00,1,0.27639586,0.99971724,1.9979471,0.50037223
1967-02-14 12:00:00,0,0.2964899,1.0027591,2.0133522,0.4980545
1967-02-14 12:00:00,1,0.4318546,1.0047172,2.0104735,0.49974158
1967-03-16 00:00:00,0,0.14006656,0.9972051,1.9971081,0.49932453
1967-03-16 00:00:00,1,1.101327,0.99974364,1.9974056,0.50052106
1967-04-15 12:00:00,0,0.062905826,0.99729323,1.9972047,0.49934453
1967-04-15 12:00:00,1,0.876495,0.9996871,1.997721,0.5004138
1967-05-16 00:00:00,0,0.019919239,1.000636,2.005886,0.49884987
1967-05-16 00:00:00,1,1.8629827,1.0039132,2.002258,0.5013905
1967-06-15 12:00:00,0,0.12802441,0.9993217,2.001618,0.49925697
1967-06-15 12:00:00,1,0.4684522,1.0025283,1.9991219,0.50148433
1967-07-16 00:00:00,0,0.5857113,1.002516,2.0102694,0.49869734
1967-07-16 00:00:00,1,0.88707864,1.0031193,2.0097766,0.49911982
1967-08-16 00:00:00,0,0.9247128,1.0034612,2.0128515,0.49852723
1967-08-16 00:00:00,1,0.29747897,1.0043395,2.0111935,0.49937484
1967-09-15 12:00:00,0,0.080676734,1.0038753,2.0140324,0.49844047
1967-09-15 12:00:00,1,0.082739376,1.0047871,2.0121784,0.49935287
1967-10-16 00:00:00,0,0.48279858,1.0023632,2.013168,0.49790338
1967-10-16 00:00:00,1,1.5886555,1.004942,2.0092788,0.5001506
1967-11-15 12:00:00,0,0.009157786,0.9977884,1.9983171,0.49931437
1967-11-15 12:00:00,1,0.47885594,1.0004593,1.9978976,0.500756
1967-12-16 00:00:00,0,0.80055445,0.99751574,1.9972491,0.4994448
1967-12-16 00:00:00,1,0.014763898,1.0001954,1.9971187,0.5008192
1968-01-16 00:00:00,0,0.6557252,0.99743026,1.9980067,0.49921268
1968-01-16 00:00:00,1,1.8348261,0.99976337,1.9983999,0.50028193
1968-02-15 00:00:00,0,0.8446896,0.9977639,1.9976747,0.49946263
1968-02-15 00:00:00,1,0.76199496,1.0005034,1.997251,0.50094026
1968-03-16 00:00:00,0,0.110189535,0.9977227,1.9977977,0.49941126
1968-03-16 00:00:00,1,0.03758651,1.000198,1.9978471,0.50063795
1968-04-15 12:00:00,0,0.18065624,1.002649,2.0118892,0.49836192
1968-04-15 12:00:00,1,1.6582025,1.0046834,2.0089102,0.50011367
1968-05-16 00:00:00,0,0.61317146,1.0004321,2.0062575,0.4986559
1968-05-16 00:00:00,1,0.024796685,1.0041697,2.0019357,0.5015994
1968-06-15 12:00:00,0,0.43933496,1.0030779,2.0127814,0.4983541
1968-06-15 12:00:00,1,0.2868572,1.004641,2.01029,0.49974933
1968-07-16 00:00:00,0,0.23832612,1.0040169,2.0121024,0.49898896
1968-07-16 00:00:00,1,0.4167521,1.0033731,2.012818,0.4984917
1968-08-16 00:00:00,0,0.020762986,1.0035225,2.0145545,0.4981362
1968-08-16 00:00:00,1,0.19349566,1.0047461,2.0122304,0.4993196
1968-09-15 12:00:00,0,0.17504424,0.9955584,1.9918426,0.4998178
1968-09-15 12:00:00,1,0.638432,0.9978871,1.9924303,0.5008391
1968-10-16 00:00:00,0,0.43756175,0.9997248,2.0041075,0.49883792
1968-10-16 00:00:00,1,0.0076427725,1.0028124,2.0013146,0.5010768
1968-11-15 12:00:00,0,0.054923106,0.99767786,1.9978151,0.49938446
1968-11-15 12:00:00,1,0.73769253,1.0004498,1.9973547,0.5008874
1968-12-16 00:00:00,0,0.041514765,0.99731857,1.9973375,0.49932402
1968-12-16 00:00:00,1,0.35364133,0.99977696,1.9976689,0.50047183
1969-01-16 00:00:00,0,0.30157793,0.9969436,1.9969379,0.49923617
1969-01-16 00:00:00,1,0.32709602,0.999833,1.9967935,0.50071925
1969-02-14 12:00:00,0,0.36078596,0.9971384,1.9971673,0.49927634
1969-02-14 12:00:00,1,0.090766676,0.999722,1.997437,0.5005024
1969-03-16 00:00:00,0,0.6334631,0.9987966,2.0010443,0.49913767
1969-03-16 00:00:00,1,0.43794608,1.0019652,1.9989021,0.5012578
1969-04-15 12:00:00,0,0.047133837,0.99782485,1.9980425,0.4994012
1969-04-15 12:00:00,1,0.13407315,1.0007417,1.9972122,0.5010693
1969-05-16 00:00:00,0,0.7226285,1.0021484,2.0110855,0.49831218
1969-05-16 00:00:00,1,0.3401102,1.0035559,2.0095415,0.49939546
1969-06-15 12:00:00,0,0.6493873,0.9978214,1.9955742,0.50001717
1969-06-15 12:00:00,1,0.22751096,1.0015496,1.9937835,0.5023362
1969-07-16 00:00:00,0,0.071262866,1.0008773,2.0053315,0.49910814
1969-07-16 00:00:00,1,0.09942904,1.0016594,2.0055013,0.49945587
1969-08-16 00:00:00,0,0.9322083,0.9903658,1.9740368,0.5016957
1969-08-16 00:00:00,1,0.11869044,0.9931021,1.9769151,0.5023494
1969-09-15 12:00:00,0,0.2489848,0.99375194,1.9854478,0.5005178
1969-09-15 12:00:00,1,0.13950458,0.996094,1.987016,0.50130147
1969-10-16 00:00:00,0,0.6596087,0.9988363,2.0015244,0.49903777
1969-10-16 00:00:00,1,0.16790701,1.0025456,1.9984003,0.50167406
1969-11-15 12:00:00,0,0.09985396,0.9986401,2.000464,0.49920425
1969-11-15 12:00:00,1,0.49592894,1.0016928,1.998701,0.5011719
1969-12-16 00:00:00,0,0.5524426,0.9975,1.9979923,0.4992512
1969-12-16 00:00:00,1,1.7206923,0.9998171,1.9983761,0.5003148
1970-01-16 00:00:00,0,0.5618491,0.9970817,1.9974957,0.4991659
1970-01-16 00:00:00,1,0.21196085,0.99981236,1.9974377,0.50054747
1970-02-14 12:00:00,0,0.35419306,0.9979672,1.9984523,0.49937004
1970-02-14 12:00:00,1,0.5548022,1.0007579,1.9977146,0.5009514
1970-03-16 00:00:00,0,0.50260645,0.9982486,1.9995238,0.49924317
1970-03-16 00:00:00,1,0.7667099,1.001368,1.997958,0.5011957
1970-04-15 12:00:00,0,0.0103683155,1.0000453,2.0047235,0.4988445
1970-04-15 12:00:00,1,1.10711,1.0036509,2.0009418,0.50158924
1970-05-16 00:00:00,0,0.2525273,0.99813867,1.9993265,0.49923745
1970-05-16 00:00:00,1,0.0804983,0.99971384,1.9995197,0.499977
1970-06-15 12:00:00,0,1.4084722,0.9990213,2.000995,0.49926227
1970-06-15 12:00:00,1,0.2229856,1.0031654,1.9971759,0.5022919
1970-07-16 00:00:00,0,0.50400096,1.0021002,2.0085356,0.49892083
1970-07-16 00:00:00,1,0.34129316,1.0026088,2.0084407,0.4991976
1970-08-16 00:00:00,0,0.15301315,0.99282235,1.9823887,0.50082123
1970-08-16 00:00:00,1,0.78022563,0.9951458,1.9844216,0.501479
1970-09-15 12:00:00,0,0.00018228583,0.99019074,1.9750115,0.50135946
1970-09-15 12:00:00,1,1.0424565,0.9934222,1.9770628,0.5024738
1970-10-16 00:00:00,0,0.013454852,1.0005242,2.0071933,0.49846926
1970-10-16 00:00:00,1,0.04521579,1.0039594,2.0031304,0.50119525
1970-11-15 12:00:00,0,0.09461603,0.9972287,1.9979379,0.49912897
1970-11-15 12:00:00,1,0.18570153,0.9997394,1.998129,0.5003378
1970-12-16 00:00:00,0,0.7865827,0.99724215,1.99742,0.49926513
1970-12-16 00:00:00,1,0.04526391,0.9997317,1.9977328,0.50043315
1971-01-16 00:00:00,0,0.37920675,0.9976459,1.9968203,0.49961728
1971-01-16 00:00:00,1,0.12797233,1.0009574,1.9955971,0.50158286
1971-02-14 12:00:00,0,0.36790693,0.99944794,2.0032418,0.49891528
1971-02-14 12:00:00,1,0.5752535,1.0031557,1.9996693,0.5016608
1971-03-16 00:00:00,0,0.0056920275,0.9974648,1.9971315,0.49944872
1971-03-16 00:00:00,1,0.23234819,1.0000387,1.9972166,0.5007162
1971-04-15 12:00:00,0,1.5452241,0.99914604,2.001592,0.4991757
1971-04-15 12:00:00,1,0.32183713,1.0027245,1.9985472,0.50172675
1971-05-16 00:00:00,0,0.043510266,0.9975216,1.9948605,0.5000458
1971-05-16 00:00:00,1,0.9480422,1.0005724,1.9944887,0.50166863
1971-06-15 12:00:00,0,0.1549161,1.0026661,2.0129411,0.49811
1971-06-15 12:00:00,1,0.5528102,1.0043954,2.0103607,0.49960953
1971-07-16 00:00:00,0,0.43793455,1.0019811,2.009373,0.49865365
1971-07-16 00:00:00,1,0.097966574,1.0030445,2.0083146,0.4994459
1971-08-16 00:00:00,0,0.934697,1.0004246,2.0044305,0.49910665
1971-08-16 00:00:00,1,0.5794288,1.0012678,2.0046864,0.49946356
1971-09-15 12:00:00,0,0.7657622,1.001936,2.0115597,0.4980891
1971-09-15 12:00:00,1,0.5336467,1.0036834,2.0093653,0.49950272
1971-10-16 00:00:00,0,0.3459662,1.0014538,2.0090709,0.4984661
1971-10-16 00:00:00,1,0.7738239,1.0045587,2.0050967,0.5010026
1971-11-15 12:00:00,0,1.510355,0.99763596,1.9979049,0.49934107
1971-11-15 12:00:00,1,0.1550854,1.0008792,1.9966133,0.5012885
1971-12-16 00:00:00,0,0.40236253,0.99728924,1.9973375,0.49930933
1971-12-16 00:00:00,1,0.21265933,0.999705,1.9977708,0.50041026
1972-01-16 00:00:00,0,0.647108,0.99872714,2.0019782,0.49887013
1972-01-16 00:00:00,1,0.034852628,1.0024966,1.9987075,0.50157243
1972-02-15 00:00:00,0,0.2623849,0.99817437,1.9994726,0.49921882
1972-02-15 00:00:00,1,0.20866995,1.0017308,1.9971793,0.5015728
1972-03-16 00:00:00,0,0.0078776255,1.0037371,2.0152879,0.4980614
1972-03-16 00:00:00,1,0.71219033,1.0049384,2.0127146,0.499295
1972-04-15 12:00:00,0,1.2776121,0.9985957,2.0011938,0.499
1972-04-15 12:00:00,1,0.18034224,1.0023868,1.9980597,0.5016801
1972-05-16 00:00:00,0,0.26513007,1.002663,2.0123324,0.49825913
1972-05-16 00:00:00,1,0.038128532,1.0049884,2.0088296,0.50028557
1972-06-15 12:00:00,0,0.9115708,1.0010574,2.0074313,0.4986758
1972-06-15 12:00:00,1,0.5116344,1.0044533,2.0032315,0.5014165
1972-07-16 00:00:00,0,0.48758557,0.9994173,2.0027661,0.4990185
1972-07-16 00:00:00,1,0.6384315,1.0008916,2.0024774,0.49982664
1972-08-16 00:00:00,0,0.84941936,1.0015262,2.007979,0.49877328
1972-08-16 00:00:00,1,1.4462172,1.002562,2.0072658,0.4994665
1972-09-15 12:00:00,0,0.7157613,1.0014858,2.0091002,0.4984748
1972-09-15 12:00:00,1,0.30013335,1.0044143,2.005296,0.50088084
1972-10-16 00:00:00,0,1.719895,0.99791056,1.9977832,0.49950895
1972-10-16 00:00:00,1,0.33571246,1.0002755,1.9979036,0.50066257
1972-11-15 12:00:00,0,0.17583922,0.9975139,1.9982855,0.49918488
1972-11-15 12:00:00,1,1.2549936,0.9996827,1.998896,0.5001174
1972-12-16 00:00:00,0,0.26420993,0.9975398,1.9976735,0.4993508
1972-12-16 00:00:00,1,0.0034413761,1.0001175,1.9976403,0.50064945
1973-01-16 00:00:00,0,0.95066285,0.99734193,1.9977559,0.49923113
1973-01-16 00:00:00,1,1.5171547,0.99970585,1.9981875,0.5003063
1973-02-14 12:00:00,0,0.08338442,0.9972598,1.9973712,0.49928617
1973-02-14 12:00:00,1,0.44029894,0.99971855,1.997752,0.50042176
1973-03-16 00:00:00,0,0.35293075,0.9976099,1.9977916,0.49935633
1973-03-16 00:00:00,1,0.08478755,0.9998195,1.9983774,0.50031567
1973-04-15 12:00:00,0,0.3036666,1.0018381,2.0101893,0.49837998
1973-04-15 12:00:00,1,1.652744,1.0047202,2.0064025,0.50075704
1973-05-16 00:00:00,0,0.8584132,1.0016165,2.009587,0.49841905
1973-05-16 00:00:00,1,0.23896436,1.0047631,2.0053914,0.5010309
1973-06-15 12:00:00,0,0.22897829,0.9979412,1.9980199,0.49946508
1973-06-15 12:00:00,1,0.17304598,0.9996406,1.9983244,0.5002394
1973-07-16 00:00:00,0,0.4516793,1.0015718,2.0084844,0.49867043
1973-07-16 00:00:00,1,0.47861484,1.0027848,2.0075092,0.49951693
1973-08-16 00:00:00,0,1.6115215,1.0033492,2.01352,0.49830604
1973-08-16 00:00:00,1,0.49264443,1.0051318,2.0104513,0.49995333
1973-09-15 12:00:00,0,0.016900215,1.0001523,2.005793,0.49863186
1973-09-15 12:00:00,1,1.313505,1.0012621,2.0055635,0.49924228
1973-10-16 00:00:00,0,3.7120216,0.997859,1.9990093,0.49917677
1973-10-16 00:00:00,1,0.149918,1.000756,1.9980359,0.50086987
1973-11-15 12:00:00,0,0.010238062,0.99726605,1.997945,0.49914593
1973-11-15 12:00:00,1,0.7144435,0.99973285,1.998183,0.500321
1973-12-16 00:00:00,0,0.15280004,0.9974423,1.9978113,0.49926752
1973-12-16 00:00:00,1,2.3328207,0.99981755,1.9981505,0.5003715
1974-01-16 00:00:00,0,1.0862812,0.9975222,1.9974,0.4994103
1974-01-16 00:00:00,1,0.5550179,0.9996977,1.9981321,0.5003161
1974-02-14 12:00:00,0,0.8442665,0.9983902,2.0007813,0.49900016
1974-02-14 12:00:00,1,0.95650655,1.0016716,1.9986051,0.5011853
1974-03-16 00:00:00,0,0.024239555,0.9972332,1.9976292,0.4992084
1974-03-16 00:00:00,1,0.28753015,0.99973077,1.9978974,0.5003914
1974-04-15 12:00:00,0,0.035512425,0.99764884,1.9976869,0.49940202
1974-04-15 12:00:00,1,1.1823158,1.0007852,1.9966233,0.5012389
1974-05-16 00:00:00,0,0.15635431,1.000953,2.0075796,0.49858695
1974-05-16 00:00:00,1,0.88517314,1.0022508,2.0068865,0.49940583
1974-06-15 12:00:00,0,0.40110633,1.0014063,2.0099776,0.49821764
1974-06-15 12:00:00,1,0.27954888,1.0030168,2.0083385,0.4994262
1974-07-16 00:00:00,0,0.069554925,1.0001888,2.0058596,0.4986335
1974-07-16 00:00:00,1,1.7248747,1.003845,2.001719,0.5014914
1974-08-16 00:00:00,0,0.11612561,1.001074,2.0067568,0.49885166
1974-08-16 00:00:00,1,0.2608609,1.0019343,2.0066261,0.49931288
1974-09-15 12:00:00,0,1.1323091,0.9890538,1.9700637,0.5020415
1974-09-15 12:00:00,1,0.51106477,0.9919717,1.9733071,0.502695
1974-10-16 00:00:00,0,0.38100824,0.9980842,1.9986601,0.49937665
1974-10-16 00:00:00,1,0.037097044,1.0012137,1.997275,0.50128984
1974-11-15 12:00:00,0,1.5071343,0.99872315,2.0015955,0.49896353
1974-11-15 12:00:00,1,1.2284515,1.0021704,1.9989481,0.5013489
1974-12-16 00:00:00,0,0.34952658,0.9977509,1.9980245,0.4993687
1974-12-16 00:00:00,1,0.72485745,0.99981505,1.9987224,0.50022703
1975-01-16 00:00:00,0,0.41412437,0.9978493,1.9986101,0.4992716
1975-01-16 00:00:00,1,0.16606243,1.0011882,1.9969327,0.501363
1975-02-14 12:00:00,0,1.6803317,0.9971377,1.9973124,0.49923974
1975-02-14 12:00:00,1,0.64966285,0.9997566,1.9974635,0.5005131
1975-03-16 00:00:00,0,2.2150114,0.9972547,1.9974916,0.49925354
1975-03-16 00:00:00,1,0.39064342,0.9997052,1.9978592,0.5003882
1975-04-15 12:00:00,0,0.017228918,0.9975746,1.9964213,0.4996814
1975-04-15 12:00:00,1,2.5224073,1.0003887,1.9961805,0.50115144
1975-05-16 00:00:00,0,0.016015517,1.0022612,2.012116,0.49811304
1975-05-16 00:00:00,1,0.12179988,1.0049584,2.008238,0.50041795
1975-06-15 12:00:00,0,0.4827972,1.0028086,2.012297,0.49834025
1975-06-15 12:00:00,1,0.4021256,1.0044838,2.0098424,0.49978238
1975-07-16 00:00:00,0,1.4296908,0.9991533,2.0018017,0.499127
1975-07-16 00:00:00,1,0.01727913,1.0006096,2.0017369,0.49987072
1975-08-16 00:00:00,0,1.2059273,1.0016304,2.009725,0.49839175
1975-08-16 00:00:00,1,0.2652867,1.0047174,2.0056055,0.5009546
1975-09-15 12:00:00,0,0.47285056,1.0018855,2.010251,0.49838826
1975-09-15 12:00:00,1,0.11180539,1.0048751,2.0061555,0.5008959
1975-10-16 00:00:00,0,2.60515,0.99753094,1.9975517,0.49937677
1975-10-16 00:00:00,1,0.35339567,1.0002481,1.9972874,0.5008033
1975-11-15 12:00:00,0,0.12316034,0.9999609,2.0050967,0.49870956
1975-11-15 12:00:00,1,0.066738576,1.003561,2.001282,0.50145906
1975-12-16 00:00:00,0,1.3383272,1.0028704,2.0135481,0.49806133
1975-12-16 00:00:00,1,0.1491834,1.0049295,2.0103028,0.49988964
1976-01-16 00:00:00,0,0.6438374,1.0023195,2.012945,0.49793684
1976-01-16 00:00:00,1,0.31593028,1.0045733,2.0097098,0.4998599
1976-02-15 00:00:00,0,0.06359885,0.99746484,1.9966328,0.4995735
1976-02-15 00:00:00,1,0.37388417,1.0001245,1.996664,0.5008977
1976-03-16 00:00:00,0,0.34033588,0.9994623,2.002851,0.4990198
1976-03-16 00:00:00,1,0.16408023,1.0027568,2.0000205,0.5013733
1976-04-15 12:00:00,0,0.10656222,0.99803054,1.9988298,0.4993074
1976-04-15 12:00:00,1,0.07675178,1.0005909,1.9984279,0.500689
1976-05-16 00:00:00,0,0.36850682,1.0029461,2.01313,0.49820238
1976-05-16 00:00:00,1,0.30719286,1.0049695,2.0099921,0.49998677
1976-06-15 12:00:00,0,0.6574245,1.0023756,2.0125663,0.4980584
1976-06-15 12:00:00,1,1.7551384,1.0049508,2.0088205,0.50026906
1976-07-16 00:00:00,0,0.8507242,1.0013174,2.0080302,0.49865654
1976-07-16 00:00:00,1,0.024952287,1.0047566,2.0035543,0.5014871
1976-08-16 00:00:00,0,0.5614605,0.99799484,1.9986601,0.49933195
1976-08-16 00:00:00,1,0.56203777,1.0009458,1.9976048,0.501073
1976-09-15 12:00:00,0,0.68458027,0.9986229,1.9986423,0.49965063
1976-09-15 12:00:00,1,0.12228115,1.0012653,1.9978615,0.5011685
1976-10-16 00:00:00,0,0.2758524,1.0019276,2.0110524,0.4982106
1976-10-16 00:00:00,1,0.1385827,1.0047538,2.007386,0.50052845
1976-11-15 12:00:00,0,0.33220237,1.0011971,2.0096436,0.49819636
1976-11-15 12:00:00,1,0.098321065,1.0038747,2.0062723,0.5003681
1976-12-16 00:00:00,0,2.8191142,1.0031589,2.013446,0.49822983
1976-12-16 00:00:00,1,0.70494306,1.004595,2.011022,0.4995445
1977-01-16 00:00:00,0,0.08948739,0.9980926,1.9988754,0.49932706
1977-01-16 00:00:00,1,0.88359743,1.0010742,1.9976827,0.5011177
1977-02-14 12:00:00,0,0.68248576,0.99883413,2.0014675,0.4990509
1977-02-14 12:00:00,1,1.395386,1.0024952,1.9984145,0.50164527
1977-03-16 00:00:00,0,0.20201032,0.9980234,1.9993126,0.49918327
1977-03-16 00:00:00,1,0.93655103,1.0010191,1.9980736,0.5009921
1977-04-15 12:00:00,0,1.064211,1.0031127,2.0142183,0.49801585
1977-04-15 12:00:00,1,0.05786672,1.0049213,2.0111694,0.49967015
1977-05-16 00:00:00,0,0.48155308,0.9976182,1.9960423,0.49979815
1977-05-16 00:00:00,1,0.044401675,1.0002567,1.9961491,0.50109315
1977-06-15 12:00:00,0,0.06091133,0.99858534,1.9982655,0.49972606
1977-06-15 12:00:00,1,0.098949835,1.0024437,1.9954993,0.5023523
1977-07-16 00:00:00,0,0.07396529,0.9977891,1.9978287,0.49943674
1977-07-16 00:00:00,1,0.45251325,0.99940634,1.9982678,0.5001363
1977-08-16 00:00:00,0,0.057015084,1.0026377,2.011474,0.49845925
1977-08-16 00:00:00,1,1.2274013,1.0036693,2.0101757,0.49929428
1977-09-15 12:00:00,0,0.5281858,1.0027043,2.0127835,0.49816796
1977-09-15 12:00:00,1,0.16401532,1.0047635,2.0094764,0.5000126
1977-10-16 00:00:00,0,0.7270755,1.0035906,2.0150301,0.4980524
1977-10-16 00:00:00,1,1.6328495,1.0051174,2.0121348,0.49952787
1977-11-15 12:00:00,0,0.29322687,0.9980932,1.9994637,0.49918047
1977-11-15 12:00:00,1,0.88981235,1.0012133,1.9979141,0.5011293
1977-12-16 00:00:00,0,0.12759347,0.997346,1.9970573,0.4994078
1977-12-16 00:00:00,1,0.28855416,0.9996902,1.9976473,0.5004338
1978-01-16 00:00:00,0,0.44075665,0.99717665,1.9973549,0.49924862
1978-01-16 00:00:00,1,0.011037249,0.99974394,1.9975852,0.50047624
1978-02-14 12:00:00,0,0.47218004,0.9973661,1.9968247,0.49947602
1978-02-14 12:00:00,1,0.25155464,0.99969864,1.9974641,0.50048393
1978-03-16 00:00:00,0,0.98168945,0.9973671,1.9972779,0.4993632
1978-03-16 00:00:00,1,0.016456489,0.99964297,1.9979514,0.50033396
1978-04-15 12:00:00,0,1.1538153,0.9974826,1.9974219,0.49938503
1978-04-15 12:00:00,1,0.52413934,0.99973726,1.9980409,0.50035876
1978-05-16 00:00:00,0,0.46279913,1.0018158,2.0112877,0.4980967
1978-05-16 00:00:00,1,1.0494109,1.0040219,2.008522,0.49988094
1978-06-15 12:00:00,0,0.06495979,1.0003431,2.006136,0.49864173
1978-06-15 12:00:00,1,0.070053905,1.0021402,2.0048301,0.49986288
1978-07-16 00:00:00,0,1.2600915,0.9948344,1.9885579,0.5002793
1978-07-16 00:00:00,1,0.411137,0.9968669,1.9899613,0.5009479
1978-08-16 00:00:00,0,2.3373997,0.99712324,1.9952017,0.49976063
1978-08-16 00:00:00,1,0.39209414,0.99861604,1.9962488,0.5002463
1978-09-15 12:00:00,0,0.31198016,0.997754,1.9963821,0.49978107
1978-09-15 12:00:00,1,0.16298446,1.0006778,1.9958758,0.50137275
1978-10-16 00:00:00,0,1.0164597,0.9980159,1.9987404,0.4993224
1978-10-16 00:00:00,1,0.0013924845,0.99983966,1.9988428,0.5002093
1978-11-15 12:00:00,0,0.50694513,0.99777055,1.9989064,0.49915823
1978-11-15 12:00:00,1,0.65387064,1.0006815,1.9980091,0.50083935
1978-12-16 00:00:00,0,0.008541627,0.9983812,1.9990582,0.49942577
1978-12-16 00:00:00,1,0.14013305,1.0018226,1.9969732,0.50167054
1979-01-16 00:00:00,0,0.559938,0.9974685,1.9981288,0.4992013
1979-01-16 00:00:00,1,0.6893168,0.9996919,1.9986781,0.50017655
1979-02-14 12:00:00,0,0.11982463,0.9973749,1.9977517,0.49924868
1979-02-14 12:00:00,1,0.6294075,0.9997594,1.9981358,0.50034606
1979-03-16 00:00:00,0,0.38847363,0.9974989,1.9970291,0.49949145
1979-03-16 00:00:00,1,0.3229475,0.99988604,1.9974831,0.500573
1979-04-15 12:00:00,0,0.86348784,0.99939585,2.0033488,0.49886262
1979-04-15 12:00:00,1,1.6241652,1.0030733,1.9998103,0.50158423
1979-05-16 00:00:00,0,0.11467371,1.0016983,2.0103076,0.4982811
1979-05-16 00:00:00,1,0.15196326,1.0047507,2.0061164,0.5008437
1979-06-15 12:00:00,0,1.0333583,0.9957245,1.9915291,0.49997988
1979-06-15 12:00:00,1,0.5018339,0.99752647,1.992755,0.50057656
1979-07-16 00:00:00,0,0.023861485,1.0024153,2.012463,0.4981037
1979-07-16 00:00:00,1,1.0920416,1.004596,2.0094044,0.49994713
1979-08-16 00:00:00,0,0.027357543,1.0022639,2.0114005,0.49829158
1979-08-16 00:00:00,1,0.114258386,1.0048674,2.0077453,0.5004955
1979-09-15 12:00:00,0,1.8990549,0.9955226,1.9900914,0.5002396
1979-09-15 12:00:00,1,0.2472114,0.9969812,1.9920136,0.5004892
1979-10-16 00:00:00,0,0.29486194,0.99797,1.9989355,0.49925074
1979-10-16 00:00:00,1,1.1919092,1.0011758,1.997384,0.50124353
1979-11-15 12:00:00,0,1.0142934,0.9978542,1.9987142,0.49924806
1979-11-15 12:00:00,1,1.0582758,1.0003285,1.9985064,0.50053805
1979-12-16 00:00:00,0,1.3369095,0.99748677,1.9980663,0.49922606
1979-12-16 00:00:00,1,0.22150171,0.99974674,1.9985468,0.5002368
1980-01-16 00:00:00,0,0.3055338,0.99725115,1.9970576,0.49936023
1980-01-16 00:00:00,1,0.78789467,0.999715,1.99749,0.5004856
1980-02-15 00:00:00,0,0.2549237,0.997218,1.9971011,0.4993328
1980-02-15 00:00:00,1,0.6552887,0.9997387,1.9974356,0.5005111
1980-03-16 00:00:00,0,1.5221357,0.9977383,1.9973844,0.49952242
1980-03-16 00:00:00,1,0.06563851,1.0003856,1.9971844,0.500898
1980-04-15 12:00:00,0,1.5015699,0.99805236,1.9982765,0.49945658
1980-04-15 12:00:00,1,0.11612248,1.0010067,1.9972531,0.50119174
1980-05-16 00:00:00,0,0.49024436,0.9978286,1.9965351,0.49978015
1980-05-16 00:00:00,1,0.37167117,1.0016352,1.9944351,0.50221497
1980-06-15 12:00:00,0,0.205308,1.0026387,2.012611,0.4981781
1980-06-15 12:00:00,1,0.31960273,1.0046179,2.0096297,0.499902
1980-07-16 00:00:00,0,0.23474392,1.0014845,2.010435,0.49814317
1980-07-16 00:00:00,1,2.431727,1.0044906,2.006487,0.50062156
1980-08-16 00:00:00,0,0.43293887,0.9995477,2.00368,0.49885598
1980-08-16 00:00:00,1,0.37077928,1.0013245,2.002921,0.49993208
1980-09-15 12:00:00,0,3.0674694,1.0029542,2.0129597,0.49824855
1980-09-15 12:00:00,1,0.038242426,1.0048213,2.0100982,0.49988666
1980-10-16 00:00:00,0,1.7736742,1.002574,2.0133839,0.4979547
1980-10-16 00:00:00,1,1.7419562,1.0048021,2.010086,0.49988014
1980-11-15 12:00:00,0,0.01199284,1.002216,2.011951,0.49813142
1980-11-15 12:00:00,1,0.29308578,1.0049387,2.0080066,0.50046587
1980-12-16 00:00:00,0,0.2347828,0.9977879,1.9985358,0.49925947
1980-12-16 00:00:00,1,0.16780299,1.0004872,1.9980131,0.50074106
1981-01-16 00:00:00,0,0.7884044,0.99743617,1.9977483,0.4992802
1981-01-16 00:00:00,1,0.5255864,0.99971265,1.9982823,0.500286
1981-02-14 12:00:00,0,0.22496912,0.99800426,1.9987787,0.49930704
1981-02-14 12:00:00,1,0.33199188,1.0008351,1.9979118,0.50094056
1981-03-16 00:00:00,0,0.95380414,0.99745965,1.9977287,0.49929684
1981-03-16 00:00:00,1,0.72183233,0.99968076,1.9983727,0.5002474
1981-04-15 12:00:00,0,0.05228385,0.99981874,2.0041726,0.49886858
1981-04-15 12:00:00,1,0.055656463,1.0033768,2.0006473,0.5015261
1981-05-16 00:00:00,0,0.344343,0.99850315,1.9992633,0.49943554
1981-05-16 00:00:00,1,0.060740244,1.0020361,1.9969176,0.5017914
1981-06-15 12:00:00,0,0.29837847,0.9932318,1.9827682,0.50093186
1981-06-15 12:00:00,1,0.52875894,0.99531317,1.9851521,0.5013788
1981-07-16 00:00:00,0,0.26374832,0.9933627,1.984254,0.50062275
1981-07-16 00:00:00,1,1.2989072,0.9957295,1.985978,0.5013799
1981-08-16 00:00:00,0,0.12872471,0.99570394,1.9906373,0.50019354
1981-08-16 00:00:00,1,0.2704861,0.99724585,1.9924271,0.5005181
1981-09-15 12:00:00,0,0.7470719,1.0030015,2.0122828,0.4984396
1981-09-15 12:00:00,1,0.26332584,1.0034136,2.0116282,0.4988067
1981-10-16 00:00:00,0,0.12644438,0.9975839,1.9972904,0.49946865
1981-10-16 00:00:00,1,0.1260468,1.0002793,1.9970948,0.50086725
1981-11-15 12:00:00,0,0.49952388,0.99730015,1.9974245,0.49929303
1981-11-15 12:00:00,1,0.348693,0.9997526,1.997762,0.5004363
1981-12-16 00:00:00,0,0.3187839,0.9974435,1.9980378,0.49921152
1981-12-16 00:00:00,1,0.1297059,0.9997975,1.9983634,0.50030816
1982-01-16 00:00:00,0,0.67542136,0.99734354,1.9974637,0.49930495
1982-01-16 00:00:00,1,0.008344124,0.9997155,1.9979322,0.5003751
1982-02-14 12:00:00,0,0.2431493,0.9975533,1.9984158,0.49917203
1982-02-14 12:00:00,1,0.2566679,0.9999885,1.9985062,0.500368
1982-03-16 00:00:00,0,0.18647307,0.99705154,1.997161,0.49923444
1982-03-16 00:00:00,1,0.97422284,0.9997974,1.9971657,0.50060815
1982-04-15 12:00:00,0,0.33596316,0.99734193,1.9972693,0.49935275
1982-04-15 12:00:00,1,0.5095076,0.9998827,1.9974684,0.500575
1982-05-16 00:00:00,0,0.98086226,1.0027342,2.0125942,0.49822968
1982-05-16 00:00:00,1,0.3649603,1.0048112,2.0095348,0.50002176
1982-06-15 12:00:00,0,0.38046464,0.99793845,1.9973828,0.49962303
1982-06-15 12:00:00,1,0.027891401,1.0015541,1.9954256,0.50192505
1982-07-16 00:00:00,0,0.9097524,1.0030192,2.0118732,0.4985499
1982-07-16 00:00:00,1,1.1062684,1.0038738,2.0106566,0.4992766
1982-08-16 00:00:00,0,0.042057227,1.0036536,2.0137484,0.49840072
1982-08-16 00:00:00,1,0.6239718,1.0044545,2.0121338,0.49919865
1982-09-15 12:00:00,0,0.3128298,0.9975315,1.9963121,0.49968714
1982-09-15 12:00:00,1,0.5791114,1.0001369,1.9964877,0.50094813
1982-10-16 00:00:00,0,0.9764342,0.9975565,1.9972931,0.49945423
1982-10-16 00:00:00,1,0.95715946,1.000159,1.9972664,0.50076395
1982-11-15 12:00:00,0,0.24223705,0.9973497,1.9978318,0.49921602
1982-11-15 12:00:00,1,0.5547329,0.9996884,1.998295,0.50027066
1982-12-16 00:00:00,0,0.15744267,0.9974359,1.9978174,0.4992628
1982-12-16 00:00:00,1,0.14896213,0.99974656,1.9982755,0.50030464
1983-01-16 00:00:00,0,0.64096683,0.99731857,1.9976541,0.49924487
1983-01-16 00:00:00,1,0.89573234,0.999691,1.9981084,0.5003187
1983-02-14 12:00:00,0,1.5188956,0.9970957,1.9971399,0.49926183
1983-02-14 12:00:00,1,0.81364805,0.9997923,1.9972155,0.50059307
1983-03-16 00:00:00,0,0.78005105,0.99717087,1.9973446,0.4992483
1983-03-16 00:00:00,1,0.10628027,0.9997757,1.9975011,0.5005132
1983-04-15 12:00:00,0,0.11998476,0.9974284,1.9974775,0.499344
1983-04-15 12:00:00,1,1.0034852,0.9997166,1.9980459,0.50034714
1983-05-16 00:00:00,0,0.1615945,1.0021327,2.0108476,0.49836332
1983-05-16 00:00:00,1,0.83232594,1.0046513,2.0074022,0.5004734
1983-06-15 12:00:00,0,0.40873748,1.0023222,2.0116692,0.498254
1983-06-15 12:00:00,1,0.44924814,1.0049839,2.00775,0.5005523
1983-07-16 00:00:00,0,0.34492525,0.9959571,1.9924741,0.49985948
1983-07-16 00:00:00,1,1.2253381,0.9978661,1.9934268,0.5005782
1983-08-16 00:00:00,0,1.144348,0.9978324,1.9956663,0.49999964
1983-08-16 00:00:00,1,0.040976204,1.0007086,1.9952692,0.50154066
1983-09-15 12:00:00,0,0.41202557,0.99819654,1.9991605,0.49930784
1983-09-15 12:00:00,1,0.12025331,1.0016301,1.9971615,0.50152683
1983-10-16 00:00:00,0,0.24497387,0.9993688,2.003524,0.4988055
1983-10-16 00:00:00,1,1.0278512,1.003013,2.0000918,0.5014835
1983-11-15 12:00:00,0,0.190322,0.9971638,1.997753,0.49914268
1983-11-15 12:00:00,1,0.1371497,0.99975103,1.9978722,0.5004079
1983-12-16 00:00:00,0,0.016186722,0.997209,1.9975626,0.4992129
1983-12-16 00:00:00,1,0.20127435,0.9997498,1.9977659,0.5004339
1984-01-16 00:00:00,0,0.29534394,1.0029612,2.0138628,0.49802855
1984-01-16 00:00:00,1,0.19851415,1.0049882,2.0106792,0.4998252
1984-02-15 00:00:00,0,0.19459781,0.997588,1.9978125,0.49934015
1984-02-15 00:00:00,1,0.05055191,1.0005939,1.9969757,0.50105464
1984-03-16 00:00:00,0,0.82680446,0.9979777,1.9987934,0.49929008
1984-03-16 00:00:00,1,0.6620925,1.0012504,1.9971533,0.5013388
1984-04-15 12:00:00,0,0.8744569,0.9988016,2.001125,0.49912003
1984-04-15 12:00:00,1,0.7827737,1.00252,1.9980482,0.50174963
1984-05-16 00:00:00,0,0.24025445,1.0027677,2.0137675,0.49795604
1984-05-16 00:00:00,1,0.3655763,1.0047307,2.0107393,0.49968222
1984-06-15 12:00:00,0,1.3732104,1.0014279,2.009414,0.49836814
1984-06-15 12:00:00,1,0.8902386,1.0048337,2.0048294,0.5012066
1984-07-16 00:00:00,0,2.4701319,1.002335,2.0099425,0.49868837
1984-07-16 00:00:00,1,0.016474752,1.0049537,2.0061285,0.5009419
1984-08-16 00:00:00,0,0.020857524,1.0034243,2.0135255,0.49834198
1984-08-16 00:00:00,1,0.7321544,1.004753,2.0111399,0.4995938
1984-09-15 12:00:00,0,0.14433818,1.0033017,2.0133297,0.49832958
1984-09-15 12:00:00,1,0.5295808,1.0041682,2.0119448,0.49910325
1984-10-16 00:00:00,0,0.33073398,0.99782044,1.9973267,0.49957797
1984-10-16 00:00:00,1,0.011196273,1.000848,1.9964374,0.501317
1984-11-15 12:00:00,0,0.9607493,0.9973095,1.997917,0.49917462
1984-11-15 12:00:00,1,0.19708687,0.9997049,1.998278,0.5002832
1984-12-16 00:00:00,0,0.03122256,0.9977532,1.9979067,0.4993993
1984-12-16 00:00:00,1,1.7990792,1.0000908,1.9981595,0.500506
1985-01-16 00:00:00,0,0.007374959,1.0000162,2.0049303,0.49877855
1985-01-16 00:00:00,1,1.539507,1.00317,2.0018806,0.5011138
1985-02-14 12:00:00,0,1.0235662,0.9977399,1.9977305,0.4994367
1985-02-14 12:00:00,1,0.093834594,1.000797,1.9967622,0.5012099
1985-03-16 00:00:00,0,0.24060977,0.99741435,1.9970767,0.49943715
1985-03-16 00:00:00,1,0.76726055,0.9997042,1.9977319,0.50041956
1985-04-15 12:00:00,0,0.70526505,1.0022041,2.011022,0.49835557
1985-04-15 12:00:00,1,0.7253402,1.0046469,2.0075927,0.50042367
1985-05-16 00:00:00,0,0.16661055,1.001782,2.0092838,0.49857664
1985-05-16 00:00:00,1,0.039536946,1.0027577,2.0085201,0.499252
1985-06-15 12:00:00,0,0.3740176,1.0025634,2.0119178,0.49831226
1985-06-15 12:00:00,1,0.57569337,1.0038831,2.0101702,0.49940205
1985-07-16 00:00:00,0,1.0863035,1.003196,2.0115595,0.49871555
1985-07-16 00:00:00,1,0.16396955,1.0049567,2.008791,0.50027937
1985-08-16 00:00:00,0,1.0965599,0.9936597,1.9852561,0.50051963
1985-08-16 00:00:00,1,0.07699838,0.99612683,1.9866695,0.5014054
1985-09-15 12:00:00,0,0.19940217,0.9983943,1.9988575,0.49948248
1985-09-15 12:00:00,1,0.08867592,1.0020814,1.9963338,0.5019608
1985-10-16 00:00:00,0,0.46409234,0.99900985,2.0017066,0.49907905
1985-10-16 00:00:00,1,0.17011574,1.0025073,1.9988616,0.5015392
1985-11-15 12:00:00,0,1.0212121,0.99739945,1.9973847,0.49935272
1985-11-15 12:00:00,1,1.7432835,0.99970084,1.997969,0.5003585
1985-12-16 00:00:00,0,1.6423912,0.99762815,1.9976733,0.49939504
1985-12-16 00:00:00,1,0.16606694,1.0002139,1.9975795,0.50071293
1986-01-16 00:00:00,0,0.61727244,0.9975151,1.9982297,0.4991994
1986-01-16 00:00:00,1,0.033397242,0.9997815,1.9986453,0.5002296
1986-02-14 12:00:00,0,0.37148175,0.9968281,1.9970117,0.49915987
1986-02-14 12:00:00,1,0.25684372,0.9998984,1.9965901,0.500803
1986-03-16 00:00:00,0,0.0055136387,0.9973647,1.9974289,0.49932426
1986-03-16 00:00:00,1,0.8731103,0.9996862,1.9979947,0.50034475
1986-04-15 12:00:00,0,0.5476045,0.9988915,2.0006297,0.49928856
1986-04-15 12:00:00,1,0.5069451,1.0021857,1.9983469,0.50150734
1986-05-16 00:00:00,0,0.23645209,1.0021942,2.0118732,0.49813983
1986-05-16 00:00:00,1,0.07964188,1.0048006,2.0081913,0.500351
1986-06-15 12:00:00,0,0.030370377,0.9986788,2.0001965,0.49929035
1986-06-15 12:00:00,1,2.0628932,1.000031,2.0005574,0.49987617
1986-07-16 00:00:00,0,0.5980386,1.0024891,2.0127835,0.49806106
1986-07-16 00:00:00,1,0.24395096,1.0046161,2.0096927,0.49988547
1986-08-16 00:00:00,0,0.12629133,0.9996776,2.0018585,0.49937475
1986-08-16 00:00:00,1,0.39894384,1.0003077,2.0028613,0.49943933
1986-09-15 12:00:00,0,0.375185,0.9980476,1.9994,0.49917355
1986-09-15 12:00:00,1,0.03682516,1.0014826,1.9973586,0.5014035
1986-10-16 00:00:00,0,0.20763737,1.003577,2.01461,0.4981495
1986-10-16 00:00:00,1,0.17113137,1.0046556,2.012605,0.49918172
1986-11-15 12:00:00,0,0.6738079,1.0021169,2.0105515,0.49842888
1986-11-15 12:00:00,1,0.20165686,1.002853,2.0099735,0.49893844
1986-12-16 00:00:00,0,0.54609656,0.99944985,2.003191,0.49892887
1986-12-16 00:00:00,1,0.06900026,1.002104,2.0013003,0.50072646
1987-01-16 00:00:00,0,0.8416221,0.9975977,1.9979823,0.49930257
1987-01-16 00:00:00,1,0.11294297,0.9998365,1.9984652,0.5003022
1987-02-14 12:00:00,0,1.7649466,0.9975009,1.9976891,0.4993274
1987-02-14 12:00:00,1,1.2028905,0.9998579,1.9980687,0.50041217
1987-03-16 00:00:00,0,0.4102015,0.9975731,1.9981489,0.49924862
1987-03-16 00:00:00,1,0.75329345,0.9998351,1.9985777,0.5002733
1987-04-15 12:00:00,0,0.013387852,1.0004574,2.0055733,0.49883863
1987-04-15 12:00:00,1,0.2133714,1.0035402,2.002365,0.50117743
1987-05-16 00:00:00,0,0.6782569,0.99768966,1.9953142,0.50001633
1987-05-16 00:00:00,1,1.2725207,1.0013045,1.9937724,0.50221604
1987-06-15 12:00:00,0,0.01727533,1.0007377,2.0069928,0.49862543
1987-06-15 12:00:00,1,0.29919994,1.0043303,2.0026958,0.50148916
1987-07-16 00:00:00,0,0.36855912,1.0015148,2.009662,0.49834988
1987-07-16 00:00:00,1,0.7334278,1.0031563,2.007922,0.49959925
1987-08-16 00:00:00,0,2.301774,0.99524254,1.988823,0.5004178
1987-08-16 00:00:00,1,1.3095115,0.9967675,1.9908667,0.50067014
1987-09-15 12:00:00,0,0.068508066,0.9979192,1.9971235,0.49967825
1987-09-15 12:00:00,1,0.0119624175,0.99909747,1.9982896,0.4999763
1987-10-16 00:00:00,0,0.022942714,0.99829876,1.9999863,0.4991528
1987-10-16 00:00:00,1,0.25104707,1.0014275,1.9983951,0.5011159
1987-11-15 12:00:00,0,1.380646,0.9981293,1.9993604,0.4992243
1987-11-15 12:00:00,1,1.1611134,1.0008377,1.9985398,0.50078446
1987-12-16 00:00:00,0,0.20075762,0.9975878,1.998197,0.49924397
1987-12-16 00:00:00,1,1.6419055,0.99974257,1.9987798,0.5001764
1988-01-16 00:00:00,0,0.5375263,0.9974878,1.9980592,0.49922836
1988-01-16 00:00:00,1,0.8146599,0.99970555,1.9986275,0.50019604
1988-02-15 00:00:00,0,0.300295,1.001439,2.0086946,0.4985521
1988-02-15 00:00:00,1,0.19522007,1.0038236,2.0058806,0.50044036
1988-03-16 00:00:00,0,0.011609511,1.0024256,2.0130577,0.49796167
1988-03-16 00:00:00,1,0.22227931,1.0046793,2.0099945,0.49984184
1988-04-15 12:00:00,0,0.40496153,0.9976202,1.997484,0.4994384
1988-04-15 12:00:00,1,0.45627886,1.0001707,1.9975065,0.5007096
1988-05-16 00:00:00,0,0.17318116,1.0002855,2.0057147,0.49871776
1988-05-16 00:00:00,1,0.087423444,1.0036186,2.0021327,0.50127476
1988-06-15 12:00:00,0,0.10695199,1.0011789,2.0076327,0.49868625
1988-06-15 12:00:00,1,0.5578086,1.0040082,2.0042305,0.50094444
1988-07-16 00:00:00,0,0.22047703,1.002416,2.0109165,0.49848714
1988-07-16 00:00:00,1,0.025172202,1.003507,2.0097127,0.49932858
1988-08-16 00:00:00,0,0.8866868,1.0039837,2.0133238,0.49866977
1988-08-16 00:00:00,1,1.5902053,1.0050701,2.0110128,0.49978304
1988-09-15 12:00:00,0,0.2954767,1.0021387,2.0089116,0.4988466
1988-09-15 12:00:00,1,0.26768258,1.0026833,2.008717,0.499166
1988-10-16 00:00:00,0,0.031831093,1.0003083,2.0050898,0.49888453
1988-10-16 00:00:00,1,1.011635,1.0012271,2.005115,0.4993365
1988-11-15 12:00:00,0,0.13907397,0.9974737,1.997432,0.49937806
1988-11-15 12:00:00,1,0.3605391,0.9998671,1.9977729,0.50049084
1988-12-16 00:00:00,0,0.50824744,0.9975528,1.9973779,0.4994312
1988-12-16 00:00:00,1,0.21330832,0.9999255,1.997756,0.50052434
1989-01-16 00:00:00,0,0.24812841,0.9989705,2.0026498,0.49882436
1989-01-16 00:00:00,1,1.0493741,1.0025076,1.999576,0.50136006
1989-02-14 12:00:00,0,1.4563954,0.99808675,1.9982609,0.4994777
1989-02-14 12:00:00,1,0.86797893,1.001303,1.9968065,0.50145215
1989-03-16 00:00:00,0,0.019327156,0.99728173,1.9980477,0.49912807
1989-03-16 00:00:00,1,0.011751474,0.999768,1.9982225,0.50032866
1989-04-15 12:00:00,0,0.25099063,1.0000374,2.0053697,0.49867985
1989-04-15 12:00:00,1,0.7488878,1.0032852,2.0019965,0.5011423
1989-05-16 00:00:00,0,1.5400716,0.99898285,2.000117,0.4994622
1989-05-16 00:00:00,1,0.26810756,1.0028353,1.996927,0.5021892
1989-06-15 12:00:00,0,0.27309218,1.0007685,2.0070014,0.4986387
1989-06-15 12:00:00,1,0.56027895,1.004608,2.0022628,0.50173634
1989-07-16 00:00:00,0,0.3935119,0.99328816,1.9837382,0.5007154
1989-07-16 00:00:00,1,1.1234185,0.9956225,1.9856081,0.5014194
1989-08-16 00:00:00,0,0.78015536,1.0014845,2.0101242,0.4982202
1989-08-16 00:00:00,1,1.5126829,1.0048414,2.0055914,0.50102
1989-09-15 12:00:00,0,0.088018954,0.9977504,1.9983696,0.4992822
1989-09-15 12:00:00,1,1.2461811,1.0006326,1.9976177,0.50091296
1989-10-16 00:00:00,0,0.40636128,0.99777573,1.9985857,0.4992409
1989-10-16 00:00:00,1,0.09180467,1.0008409,1.9974135,0.5010685
1989-11-15 12:00:00,0,0.8240055,0.99864346,2.0008209,0.49911687
1989-11-15 12:00:00,1,1.0051227,1.0023922,1.9978156,0.5017441
1989-12-16 00:00:00,0,0.4696379,0.99105644,1.9772884,0.50122
1989-12-16 00:00:00,1,0.04585459,0.99392647,1.979414,0.5021317
1990-01-16 00:00:00,0,0.22508909,0.9975739,1.9979492,0.49929893
1990-01-16 00:00:00,1,0.053963214,0.99997437,1.998162,0.5004471
1990-02-14 12:00:00,0,0.094280615,0.99753284,1.9970996,0.49949077
1990-02-14 12:00:00,1,1.1574193,1.0002097,1.9969969,0.50085694
1990-03-16 00:00:00,0,0.044127706,0.99852085,2.0005054,0.49913427
1990-03-16 00:00:00,1,0.30818033,1.0019149,1.9982048,0.5014075
1990-04-15 12:00:00,0,0.116405584,0.9983124,1.9983652,0.49956456
1990-04-15 12:00:00,1,0.12607327,1.0019529,1.9960802,0.5019602
1990-05-16 00:00:00,0,0.5459853,0.9976873,1.9980488,0.4993308
1990-05-16 00:00:00,1,0.15094277,1.0002406,1.9979177,0.5006415
1990-06-15 12:00:00,0,0.38430342,0.99840087,1.9989115,0.49947226
1990-06-15 12:00:00,1,0.7148188,0.9996115,1.9996572,0.49989143
1990-07-16 00:00:00,0,0.2928609,1.0031198,2.0116425,0.4986571
1990-07-16 00:00:00,1,0.26965195,1.0050939,2.0083659,0.5004536
1990-08-16 00:00:00,0,0.42357033,1.0033616,2.013804,0.49824193
1990-08-16 00:00:00,1,0.8404948,1.0049177,2.011077,0.49969134
1990-09-15 12:00:00,0,1.928124,1.0022022,2.0111015,0.49833494
1990-09-15 12:00:00,1,0.7373068,1.0045838,2.0076733,0.5003722
1990-10-16 00:00:00,0,2.4320562,1.0025191,2.0138428,0.497814
1990-10-16 00:00:00,1,0.20824675,1.004197,2.0114176,0.4992484
1990-11-15 12:00:00,0,0.54012346,1.0021328,2.0113802,0.4982314
1990-11-15 12:00:00,1,0.1500114,1.0047053,2.007757,0.5004118
1990-12-16 00:00:00,0,0.17283112,0.9996982,2.0038078,0.49889925
1990-12-16 00:00:00,1,0.110476844,1.002647,2.001254,0.50100935
1991-01-16 00:00:00,0,0.03883939,1.0044731,2.0165648,0.49811098
1991-01-16 00:00:00,1,1.1291544,1.0048279,2.0150392,0.49866417
1991-02-14 12:00:00,0,0.3167246,0.9982704,2.0005858,0.49898905
1991-02-14 12:00:00,1,0.516472,1.0009753,1.9995192,0.50060797
1991-03-16 00:00:00,0,0.03695537,0.996936,1.9970971,0.49919257
1991-03-16 00:00:00,1,1.1416773,0.9998332,1.9969264,0.50068605
1991-04-15 12:00:00,0,0.071037516,0.9998059,2.0046275,0.498749
1991-04-15 12:00:00,1,0.44014084,1.0032966,2.0011137,0.5013691
1991-05-16 00:00:00,0,0.26403868,0.9988645,2.0003686,0.4993402
1991-05-16 00:00:00,1,0.2029516,1.0027581,1.9971142,0.50210357
1991-06-15 12:00:00,0,0.635339,1.0030522,2.0127392,0.4983518
1991-06-15 12:00:00,1,1.2568799,1.0047796,2.0099409,0.49990505
1991-07-16 00:00:00,0,1.38835,1.0026927,2.0104575,0.49873856
1991-07-16 00:00:00,1,0.21315655,1.0030669,2.0101616,0.49899814
1991-08-16 00:00:00,0,0.24954365,1.0030535,2.0126116,0.49838406
1991-08-16 00:00:00,1,0.9920799,1.0050514,2.0092857,0.5002033
1991-09-15 12:00:00,0,0.028487254,1.0029101,2.0121324,0.49843147
1991-09-15 12:00:00,1,0.2142543,1.004756,2.009341,0.50004256
1991-10-16 00:00:00,0,0.35062394,0.99773693,1.9979818,0.4993724
1991-10-16 00:00:00,1,0.27143547,1.001098,1.9964509,0.50143886
1991-11-15 12:00:00,0,1.1303622,0.99895036,2.001932,0.4989932
1991-11-15 12:00:00,1,0.38862562,1.0029109,1.9982966,0.50188285
1991-12-16 00:00:00,0,0.7749975,0.9979595,1.9992405,0.4991693
1991-12-16 00:00:00,1,0.5674865,1.0003512,1.9990629,0.5004101
1992-01-16 00:00:00,0,0.30746055,0.99861425,2.0011883,0.49901065
1992-01-16 00:00:00,1,0.05046088,1.0016186,1.9993855,0.5009632
1992-02-15 00:00:00,0,0.49649358,0.9973303,1.9977913,0.49921647
1992-02-15 00:00:00,1,0.15201037,0.99972486,1.9981729,0.5003195
1992-03-16 00:00:00,0,1.4256861,0.99766064,1.9977957,0.4993807
1992-03-16 00:00:00,1,0.60459757,0.9998969,1.998304,0.50037277
1992-04-15 12:00:00,0,0.011006647,1.0026013,2.0127661,0.49812108
1992-04-15 12:00:00,1,0.011614826,1.0046608,2.0095978,0.4999313
1992-05-16 00:00:00,0,1.1436342,1.0035548,2.0133777,0.4984434
1992-05-16 00:00:00,1,0.6312626,1.0045551,2.0115347,0.49939737
1992-06-15 12:00:00,0,0.13735448,0.9990486,2.001455,0.49916112
1992-06-15 12:00:00,1,0.14890559,1.0029938,1.9978318,0.50204116
1992-07-16 00:00:00,0,1.5676421,1.0019016,2.0101414,0.49842346
1992-07-16 00:00:00,1,0.293115,1.0047796,2.0062196,0.5008323
1992-08-16 00:00:00,0,0.07138335,1.0036427,2.0135062,0.49845523
1992-08-16 00:00:00,1,0.28593734,1.0048344,2.011232,0.4996114
1992-09-15 12:00:00,0,1.3787302,0.9994019,2.0024621,0.49908656
1992-09-15 12:00:00,1,0.743502,1.000703,2.0025504,0.49971426
1992-10-16 00:00:00,0,0.11563316,0.99792707,1.9986038,0.4993121
1992-10-16 00:00:00,1,0.89424926,1.000966,1.9974391,0.5011246
1992-11-15 12:00:00,0,1.2913042,1.0035768,2.01506,0.49803817
1992-11-15 12:00:00,1,0.15472533,1.004597,2.0129445,0.49906838
1992-12-16 00:00:00,0,0.5792179,0.9972199,1.9974169,0.4992548
1992-12-16 00:00:00,1,1.0244201,0.99971545,1.9977298,0.50042576
1993-01-16 00:00:00,0,0.3070547,0.99711007,1.9972836,0.4992331
1993-01-16 00:00:00,1,0.63417995,0.9997698,1.997394,0.5005371
1993-02-14 12:00:00,0,1.2850274,0.99731785,1.9973078,0.4993311
1993-02-14 12:00:00,1,0.17421488,0.99971616,1.997769,0.5004163
1993-03-16 00:00:00,0,3.7833326,0.997441,1.9973075,0.4993928
1993-03-16 00:00:00,1,0.79850596,0.9998167,1.9977634,0.500468
1993-04-15 12:00:00,0,0.15742183,1.0002477,2.0061002,0.49860308
1993-04-15 12:00:00,1,0.18895559,1.0038493,2.0020063,0.50142163
1993-05-16 00:00:00,0,0.11667764,0.9987695,2.0016582,0.49897107
1993-05-16 00:00:00,1,1.5053921,1.0023206,1.9987805,0.5014661
1993-06-15 12:00:00,0,0.2925558,0.99849784,1.9987348,0.49956495
1993-06-15 12:00:00,1,0.08813359,1.0022264,1.9961718,0.5020742
1993-07-16 00:00:00,0,0.67701375,0.99067765,1.9756458,0.501445
1993-07-16 00:00:00,1,0.6684873,0.9934014,1.978222,0.50216883
1993-08-16 00:00:00,0,1.261485,1.0006886,2.0062556,0.49878418
1993-08-16 00:00:00,1,0.40023863,1.0017616,2.005887,0.49941075
1993-09-15 12:00:00,0,0.053450927,0.99995816,2.004631,0.49882403
1993-09-15 12:00:00,1,0.13079983,1.001501,2.0039694,0.4997586
1993-10-16 00:00:00,0,1.7992598,0.9990748,2.0026433,0.49887806
1993-10-16 00:00:00,1,0.93401825,1.0027969,1.9992962,0.50157493
1993-11-15 12:00:00,0,2.022999,0.9983175,2.0001137,0.49913037
1993-11-15 12:00:00,1,0.0067647747,1.0014244,1.9984137,0.50110966
1993-12-16 00:00:00,0,0.044968035,0.99782354,1.998424,0.49930522
1993-12-16 00:00:00,1,0.7094987,1.0006343,1.9977119,0.5008902
1994-01-16 00:00:00,0,0.6057557,0.9985051,2.0008001,0.4990529
1994-01-16 00:00:00,1,0.8856736,1.0011483,1.9996825,0.5006536
1994-02-14 12:00:00,0,0.8032484,0.99743754,1.997425,0.4993617
1994-02-14 12:00:00,1,0.35005063,0.9997659,1.9979321,0.5004003
1994-03-16 00:00:00,0,0.5263733,1.0005275,2.0053203,0.4989365
1994-03-16 00:00:00,1,0.31376243,1.0030484,2.0029938,0.5007746
1994-04-15 12:00:00,0,0.13312182,0.9981773,1.9991871,0.49929157
1994-04-15 12:00:00,1,0.11298825,1.0011932,1.9978824,0.5011272
1994-05-16 00:00:00,0,0.048890788,0.9979873,1.9974177,0.49963874
1994-05-16 00:00:00,1,0.15753004,1.0011352,1.9962348,0.50151175
1994-06-15 12:00:00,0,0.10884491,0.989461,1.9725213,0.50162244
1994-06-15 12:00:00,1,1.1751052,0.9926954,1.9750491,0.5026181
1994-07-16 00:00:00,0,2.4904828,0.9960933,1.9920015,0.50004643
1994-07-16 00:00:00,1,0.32835704,0.9976212,1.9935573,0.5004226
1994-08-16 00:00:00,0,0.97664195,0.99304634,1.9832646,0.500713
1994-08-16 00:00:00,1,0.45299125,0.9955556,1.9849575,0.5015501
1994-09-15 12:00:00,0,0.71771276,1.0031116,2.0131748,0.4982735
1994-09-15 12:00:00,1,0.48864993,1.0048898,2.0103345,0.49986202
1994-10-16 00:00:00,0,0.91178334,1.0006436,2.007022,0.49857134
1994-10-16 00:00:00,1,0.19552793,1.0039238,2.003269,0.5011428
1994-11-15 12:00:00,0,0.14066808,0.9974516,1.9977046,0.49929884
1994-11-15 12:00:00,1,1.9250888,0.9997101,1.9982681,0.50028825
1994-12-16 00:00:00,0,0.0058449754,0.99763286,1.9982868,0.49924406
1994-12-16 00:00:00,1,1.4056504,1.000198,1.9981142,0.500571
1995-01-16 00:00:00,0,0.118848704,0.99685776,1.9968276,0.49922076
1995-01-16 00:00:00,1,1.3797472,0.999908,1.9964641,0.5008394
1995-02-14 12:00:00,0,1.148351,1.0000838,2.0046403,0.4988844
1995-02-14 12:00:00,1,1.0048065,1.0033213,2.0015106,0.50128204
1995-03-16 00:00:00,0,0.4365054,0.99697167,1.9971118,0.49920675
1995-03-16 00:00:00,1,1.463903,0.99982524,1.996986,0.5006671
1995-04-15 12:00:00,0,0.058059346,0.9974827,1.9973028,0.4994149
1995-04-15 12:00:00,1,0.25961867,1.0000663,1.9973433,0.50069827
1995-05-16 00:00:00,0,0.39523622,0.9975231,1.9959977,0.49976167
1995-05-16 00:00:00,1,0.6857843,1.0001684,1.9961349,0.50105256
1995-06-15 12:00:00,0,1.8706245,0.9992039,2.00186,0.4991378
1995-06-15 12:00:00,1,0.85525566,1.002686,1.9989239,0.5016129
1995-07-16 00:00:00,0,2.7321346,1.00179,2.009394,0.49855334
1995-07-16 00:00:00,1,0.53080827,1.0029541,2.0083473,0.49939278
1995-08-16 00:00:00,0,0.2561116,0.9915975,1.978225,0.50125617
1995-08-16 00:00:00,1,0.19904824,0.9941899,1.9806536,0.50195044
1995-09-15 12:00:00,0,0.22034499,0.9931326,1.9832138,0.5007693
1995-09-15 12:00:00,1,0.7648007,0.99546206,1.9850905,0.5014694
1995-10-16 00:00:00,0,0.0232035,0.99068075,1.9759482,0.5013698
1995-10-16 00:00:00,1,1.0292048,0.99355155,1.9782718,0.5022321
1995-11-15 12:00:00,0,0.25350654,0.9976759,1.9974518,0.49947435
1995-11-15 12:00:00,1,0.52336276,0.99910533,1.9981841,0.5000067
1995-12-16 00:00:00,0,0.18166618,0.9974352,1.998157,0.4991776
1995-12-16 00:00:00,1,0.0120275,0.99966687,1.9987022,0.500158
1996-01-16 00:00:00,0,0.42521086,0.99729276,1.9975358,0.4992615
1996-01-16 00:00:00,1,0.6505219,0.9997133,1.9979168,0.50037783
1996-02-15 00:00:00,0,0.22119007,0.99725425,1.9973638,0.49928522
1996-02-15 00:00:00,1,1.207034,0.99971116,1.9977537,0.5004176
1996-03-16 00:00:00,0,0.24614757,0.9974788,1.9972404,0.4994285
1996-03-16 00:00:00,1,0.18011189,0.99996835,1.9974731,0.50061667
1996-04-15 12:00:00,0,0.9461011,0.99772996,1.997948,0.49937734
1996-04-15 12:00:00,1,0.8039219,1.0006977,1.997088,0.5010784
1996-05-16 00:00:00,0,2.4334202,0.9976461,1.9977034,0.4993965
1996-05-16 00:00:00,1,0.6503279,1.0005987,1.996942,0.50106543
1996-06-15 12:00:00,0,0.9473513,1.0017935,2.010639,0.49824634
1996-06-15 12:00:00,1,0.21385956,1.0049636,2.0063868,0.5008823
1996-07-16 00:00:00,0,0.2154505,1.0033053,2.0115364,0.49877563
1996-07-16 00:00:00,1,0.8422446,1.0034478,2.0112312,0.49892214
1996-08-16 00:00:00,0,0.22211589,0.99798256,1.9978782,0.49952123
1996-08-16 00:00:00,1,0.0787446,0.99939376,1.9986292,0.5000396
1996-09-15 12:00:00,0,1.1862218,0.9981928,1.9998034,0.49914545
1996-09-15 12:00:00,1,0.15833546,0.99992526,1.9998429,0.5000019
1996-10-16 00:00:00,0,0.08839772,0.99818647,1.999744,0.4991571
1996-10-16 00:00:00,1,0.42916706,1.001031,1.9986204,0.500861
1996-11-15 12:00:00,0,0.16974752,0.9974425,1.997445,0.4993592
1996-11-15 12:00:00,1,0.52626544,0.99985844,1.9977983,0.5004802
1996-12-16 00:00:00,0,0.2128253,0.9968959,1.9970534,0.49918342
1996-12-16 00:00:00,1,0.2110576,0.999882,1.9967197,0.5007623
1997-01-16 00:00:00,0,0.18229526,0.99700624,1.997337,0.49916777
1997-01-16 00:00:00,1,2.3474536,0.9998013,1.997252,0.5005885
1997-02-14 12:00:00,0,0.4344181,1.0009903,2.008238,0.49844202
1997-02-14 12:00:00,1,0.14928336,1.0043361,2.0041797,0.5011208
1997-03-16 00:00:00,0,1.6264064,1.0019437,2.011704,0.49805722
1997-03-16 00:00:00,1,0.9753276,1.0047314,2.0077567,0.50042486
1997-04-15 12:00:00,0,0.12526654,1.002386,2.012746,0.4980191
1997-04-15 12:00:00,1,0.36834717,1.0048487,2.0090096,0.5001712
1997-05-16 00:00:00,0,0.40964958,1.0033478,2.0141485,0.49814984
1997-05-16 00:00:00,1,0.34991044,1.0047827,2.0115824,0.49949864
1997-06-15 12:00:00,0,0.016567249,0.99893403,2.000456,0.49935314
1997-06-15 12:00:00,1,0.81530344,1.0027547,1.997256,0.5020662
1997-07-16 00:00:00,0,0.12235161,1.004219,2.0135057,0.4987416
1997-07-16 00:00:00,1,0.47033212,1.0042073,2.0131326,0.49882817
1997-08-16 00:00:00,0,0.44065377,1.0048478,2.0172758,0.49812117
1997-08-16 00:00:00,1,0.12972426,1.0048933,2.0158632,0.4984928
1997-09-15 12:00:00,0,0.5502851,1.0025632,2.0127847,0.4980976
1997-09-15 12:00:00,1,0.50544405,1.0049777,2.0091906,0.5001903
1997-10-16 00:00:00,0,0.88641894,1.0011508,2.0087237,0.49840146
1997-10-16 00:00:00,1,0.23399635,1.0041815,2.004927,0.50085694
1997-11-15 12:00:00,0,0.73979586,0.9976205,1.9982483,0.49924752
1997-11-15 12:00:00,1,0.9349228,0.99972767,1.9989085,0.5001368
1997-12-16 00:00:00,0,0.677552,0.99779636,1.9978963,0.4994235
1997-12-16 00:00:00,1,0.029421594,1.00004,1.9982749,0.5004517
1998-01-16 00:00:00,0,0.17245033,0.9971968,1.9978621,0.49913195
1998-01-16 00:00:00,1,0.111442395,0.99976355,1.9979879,0.5003852
1998-02-14 12:00:00,0,0.38094303,0.99696517,1.9970425,0.4992208
1998-02-14 12:00:00,1,1.2879404,0.9998334,1.996923,0.500687
1998-03-16 00:00:00,0,0.70212257,0.99754006,1.9970027,0.49951863
1998-03-16 00:00:00,1,0.70294535,0.9996987,1.9978358,0.5003908
1998-04-15 12:00:00,0,1.2136551,0.9977238,1.9971993,0.49956146
1998-04-15 12:00:00,1,0.2268408,1.0002546,1.9972515,0.5008156
1998-05-16 00:00:00,0,0.17837405,0.99754035,1.9977578,0.49932998
1998-05-16 00:00:00,1,0.6056527,0.99967194,1.9985169,0.5002069
1998-06-15 12:00:00,0,2.633036,0.99822116,1.9970915,0.49983746
1998-06-15 12:00:00,1,0.07427498,1.0018141,1.9951633,0.5021214
1998-07-16 00:00:00,0,0.16964786,1.0036529,2.013594,0.4984386
1998-07-16 00:00:00,1,0.23619224,1.0048912,2.0112734,0.49962932
1998-08-16 00:00:00,0,0.15547606,0.99131083,1.9769996,0.50142187
1998-08-16 00:00:00,1,0.081464395,0.9937375,1.9798285,0.50193113
1998-09-15 12:00:00,0,0.80215776,0.9982418,1.9982541,0.499557
1998-09-15 12:00:00,1,0.73838764,1.0023625,1.9952106,0.5023843
1998-10-16 00:00:00,0,0.023486784,1.001654,2.0095203,0.4984543
1998-10-16 00:00:00,1,0.14267743,1.0040781,2.0064118,0.50043476
1998-11-15 12:00:00,0,0.9610615,0.9974539,1.9976193,0.49932134
1998-11-15 12:00:00,1,1.5048,0.99981755,1.9980025,0.50040853
1998-12-16 00:00:00,0,0.49287874,0.9985549,2.0001464,0.4992409
1998-12-16 00:00:00,1,0.12405933,1.0021819,1.9974885,0.50172096
1999-01-16 00:00:00,0,0.5714015,0.99735254,1.9971384,0.4993908
1999-01-16 00:00:00,1,0.12569468,0.9998041,1.9975097,0.50052524
1999-02-14 12:00:00,0,0.022796499,0.9973224,1.9980869,0.49913862
1999-02-14 12:00:00,1,0.9312872,0.999717,1.9984047,0.5002575
1999-03-16 00:00:00,0,0.13843265,0.9977774,1.9980984,0.4993635
1999-03-16 00:00:00,1,0.62803787,1.0000966,1.9983252,0.50046736
1999-04-15 12:00:00,0,0.65049165,0.9978213,1.9972432,0.49959928
1999-04-15 12:00:00,1,0.05227613,1.0004752,1.9970189,0.5009843
1999-05-16 00:00:00,0,0.06270761,1.0029985,2.0133016,0.4981859
1999-05-16 00:00:00,1,0.08700277,1.0047535,2.0105758,0.4997342
1999-06-15 12:00:00,0,0.01042449,1.0034778,2.0133688,0.49840733
1999-06-15 12:00:00,1,0.5215288,1.004709,2.0111935,0.4995586
1999-07-16 00:00:00,0,0.69992393,0.99819016,1.997745,0.49965844
1999-07-16 00:00:00,1,0.26788154,0.99925274,1.9990233,0.49987048
1999-08-16 00:00:00,0,0.4555099,1.0031983,2.013541,0.4982259
1999-08-16 00:00:00,1,0.10101998,1.0050493,2.0103629,0.4999343
1999-09-15 12:00:00,0,0.26640347,0.99995357,2.0031724,0.49918497
1999-09-15 12:00:00,1,0.17576218,1.0010499,2.003327,0.49969372
1999-10-16 00:00:00,0,0.94767284,1.0025111,2.0129385,0.49803367
1999-10-16 00:00:00,1,1.3287047,1.0049449,2.0092523,0.50015867
1999-11-15 12:00:00,0,1.4327173,0.9981182,1.9993372,0.49922454
1999-11-15 12:00:00,1,0.3347853,1.0010995,1.9980227,0.5010451
1999-12-16 00:00:00,0,0.32577473,1.0027895,2.0135987,0.4980086
1999-12-16 00:00:00,1,0.12702814,1.0041476,2.0114927,0.4992052
2000-01-16 00:00:00,0,1.5593385,0.9972178,1.9976349,0.4991992
2000-01-16 00:00:00,1,0.30633938,0.999721,1.997899,0.5003861
2000-02-15 00:00:00,0,1.4238732,0.99712586,1.997434,0.4992034
2000-02-15 00:00:00,1,0.2632903,0.9997639,1.997551,0.50049484
2000-03-16 00:00:00,0,1.002505,0.99819213,1.9993262,0.49926427
2000-03-16 00:00:00,1,0.22735243,1.0009369,1.998439,0.5008594
2000-04-15 12:00:00,0,0.33035737,0.99801403,1.99865,0.49934408
2000-04-15 12:00:00,1,0.21216635,1.0007365,1.9979712,0.5008763
2000-05-16 00:00:00,0,0.40922803,0.99882394,2.0015187,0.49903303
2000-05-16 00:00:00,1,0.5411326,1.0023525,1.9987115,0.50149935
2000-06-15 12:00:00,0,0.7900358,1.0035514,2.01429,0.4982159
2000-06-15 12:00:00,1,0.0591922,1.0048202,2.0120518,0.49940076
2000-07-16 00:00:00,0,1.206466,0.9942102,1.9858763,0.5006405
2000-07-16 00:00:00,1,0.22392024,0.99594516,1.9880301,0.50097084
2000-08-16 00:00:00,0,0.13002624,1.0036286,2.0138125,0.4983724
2000-08-16 00:00:00,1,0.46598092,1.0044812,2.0122461,0.49918407
2000-09-15 12:00:00,0,0.6916247,1.0031972,2.0137026,0.49818537
2000-09-15 12:00:00,1,0.37329176,1.0046226,2.0114157,0.49946043
2000-10-16 00:00:00,0,0.4326547,0.997692,1.997798,0.49939585
2000-10-16 00:00:00,1,0.2390547,1.0004052,1.9974428,0.500843
2000-11-15 12:00:00,0,0.20776238,1.0011135,2.0086002,0.49841353
2000-11-15 12:00:00,1,0.25703168,1.0042496,2.0046563,0.5009585
2000-12-16 00:00:00,0,0.034610126,1.0021291,2.0120325,0.49806803
2000-12-16 00:00:00,1,0.21555308,1.0048438,2.0079896,0.50042284
2001-01-16 00:00:00,0,0.31410575,0.9976572,1.9980084,0.4993258
2001-01-16 00:00:00,1,0.29646662,0.9998496,1.9985461,0.5002885
2001-02-14 12:00:00,0,0.16522488,0.9975156,1.9979665,0.49926543
2001-02-14 12:00:00,1,1.2904966,0.9997225,1.9985596,0.5002215
2001-03-16 00:00:00,0,0.8830698,0.9979839,1.9986423,0.4993309
2001-03-16 00:00:00,1,0.29315197,1.0005277,1.9982823,0.50069386
2001-04-15 12:00:00,0,0.15875587,0.9976577,1.9968318,0.49962032
2001-04-15 12:00:00,1,0.9482269,1.0005909,1.9962854,0.50122637
2001-05-16 00:00:00,0,0.28051543,0.99597216,1.9919848,0.49998984
2001-05-16 00:00:00,1,0.11865987,0.9978549,1.9931114,0.50065184
2001-06-15 12:00:00,0,0.01921107,0.9975727,1.9969928,0.49953747
2001-06-15 12:00:00,1,0.28645673,0.99883324,1.9980747,0.49989787
2001-07-16 00:00:00,0,0.14009178,1.004179,2.0140262,0.49859282
2001-07-16 00:00:00,1,0.037375282,1.0044053,2.0131366,0.49892554
2001-08-16 00:00:00,0,0.15082008,0.9949458,1.9886584,0.50031006
2001-08-16 00:00:00,1,0.31628117,0.99681145,1.9902426,0.50084925
2001-09-15 12:00:00,0,0.15254156,1.0033576,2.0146635,0.4980274
2001-09-15 12:00:00,1,0.008876239,1.0046287,2.012379,0.4992244
2001-10-16 00:00:00,0,0.13426769,1.0022026,2.0110807,0.49834034
2001-10-16 00:00:00,1,0.8792598,1.0044864,2.0078328,0.5002839
2001-11-15 12:00:00,0,0.43238765,0.99749297,1.9973518,0.49940777
2001-11-15 12:00:00,1,0.14368957,0.99981916,1.9978273,0.50045323
2001-12-16 00:00:00,0,0.18189253,0.9973205,1.9977242,0.49922833
2001-12-16 00:00:00,1,0.2906049,0.9997042,1.9981332,0.50031906
2002-01-16 00:00:00,0,0.23063372,0.9979573,1.9988505,0.4992656
2002-01-16 00:00:00,1,0.4566699,1.0007658,1.9980237,0.50087786
2002-02-14 12:00:00,0,0.88292587,0.9987465,2.0013275,0.499042
2002-02-14 12:00:00,1,1.062317,1.0020674,1.9988605,0.50131935
2002-03-16 00:00:00,0,0.33251163,0.9975807,1.9977742,0.49934608
2002-03-16 00:00:00,1,0.070444986,1.0005057,1.9971112,0.50097644
2002-04-15 12:00:00,0,0.5368812,0.99928546,2.0019414,0.49915817
2002-04-15 12:00:00,1,0.113894254,1.0027732,1.9989516,0.50164956
2002-05-16 00:00:00,0,0.46951005,1.001691,2.009695,0.49842933
2002-05-16 00:00:00,1,0.73624796,1.0045637,2.005911,0.5008017
2002-06-15 12:00:00,0,0.9299879,0.99902636,2.0018132,0.49906075
2002-06-15 12:00:00,1,0.71388143,1.0005699,2.0016708,0.49986738
2002-07-16 00:00:00,0,0.7537286,1.0016843,2.0089436,0.49861246
2002-07-16 00:00:00,1,0.039364714,1.0026838,2.0081983,0.4992952
2002-08-16 00:00:00,0,0.33160517,0.9937379,1.984861,0.5006587
2002-08-16 00:00:00,1,1.0857445,0.9958727,1.98672,0.50126475
2002-09-15 12:00:00,0,0.057979766,1.001249,2.0084493,0.4985184
2002-09-15 12:00:00,1,0.4237537,1.0027777,2.0071266,0.4996086
2002-10-16 00:00:00,0,0.88114655,0.9991446,2.000188,0.4995253
2002-10-16 00:00:00,1,0.15957767,0.99966806,2.001588,0.49943745
2002-11-15 12:00:00,0,0.23620397,0.9974803,1.9968731,0.4995211
2002-11-15 12:00:00,1,0.1769668,1.0000165,1.9970735,0.50074095
2002-12-16 00:00:00,0,0.4212231,0.99718493,1.9976565,0.4991774
2002-12-16 00:00:00,1,0.7771905,0.9997574,1.997811,0.5004264
2003-01-16 00:00:00,0,0.2072954,0.9994037,2.0037339,0.49877068
2003-01-16 00:00:00,1,0.3562715,1.0023377,2.0012784,0.5008487
2003-02-14 12:00:00,0,0.6910025,0.99806666,1.9986426,0.49937227
2003-02-14 12:00:00,1,0.005027563,1.0006192,1.998245,0.500749
2003-03-16 00:00:00,0,0.22992098,0.9978822,1.9987398,0.49925566
2003-03-16 00:00:00,1,1.320286,1.0006988,1.9979302,0.5008678
2003-04-15 12:00:00,0,0.10692911,0.9974388,1.9973457,0.49938214
2003-04-15 12:00:00,1,1.3450284,0.9997907,1.9978094,0.5004435
2003-05-16 00:00:00,0,0.040267732,0.99860895,2.0007017,0.49912935
2003-05-16 00:00:00,1,0.4883719,1.0019294,1.9984901,0.5013432
2003-06-15 12:00:00,0,1.4688511,0.99564326,1.9912473,0.50000983
2003-06-15 12:00:00,1,1.0587878,0.9976535,1.9922371,0.50077045
2003-07-16 00:00:00,0,0.5733276,1.0032679,2.013221,0.49833965
2003-07-16 00:00:00,1,0.15349698,1.0047908,2.0107243,0.49971583
2003-08-16 00:00:00,0,0.02595854,0.9998878,2.005769,0.49850598
2003-08-16 00:00:00,1,0.73023695,1.0037478,2.0014987,0.5014981
2003-09-15 12:00:00,0,1.0515558,0.99661714,1.9936557,0.49989432
2003-09-15 12:00:00,1,1.1820191,0.9980609,1.9949942,0.5002826
2003-10-16 00:00:00,0,0.2663734,1.002117,2.0114489,0.49820656
2003-10-16 00:00:00,1,0.08526425,1.0036222,2.00973,0.49938157
2003-11-15 12:00:00,0,1.3580496,0.99834573,1.9999213,0.4991925
2003-11-15 12:00:00,1,0.05618858,1.0008427,1.9992483,0.5006095
2003-12-16 00:00:00,0,1.0149366,0.99725336,1.9975309,0.49924302
2003-12-16 00:00:00,1,1.1298194,0.9997417,1.997819,0.5004166
2004-01-16 00:00:00,0,0.40657645,0.99775743,1.9984746,0.4992595
2004-01-16 00:00:00,1,1.065911,1.0004052,1.9980701,0.50068575
2004-02-15 00:00:00,0,0.091863364,0.997388,1.9975523,0.49930507
2004-02-15 00:00:00,1,0.768213,0.9996903,1.9981016,0.5003201
2004-03-16 00:00:00,0,0.3502251,1.0001442,2.005803,0.49862534
2004-03-16 00:00:00,1,1.1239208,1.0035357,2.0021632,0.50122577
2004-04-15 12:00:00,0,0.2226807,1.0027,2.0134256,0.49800697
2004-04-15 12:00:00,1,0.22478342,1.0050217,2.0098658,0.50004417
2004-05-16 00:00:00,0,0.25258973,1.0025502,2.0127032,0.49811134
2004-05-16 00:00:00,1,0.057438064,1.0049167,2.0091386,0.5001729
2004-06-15 12:00:00,0,0.62991065,1.0029255,2.0123181,0.49839312
2004-06-15 12:00:00,1,0.03203353,1.0041556,2.0104642,0.49946457
2004-07-16 00:00:00,0,0.16545065,1.0024099,2.0105097,0.498585
2004-07-16 00:00:00,1,0.96518004,1.003093,2.0097818,0.49910542
2004-08-16 00:00:00,0,0.20689176,1.0020033,2.010305,0.4984335
2004-08-16 00:00:00,1,0.77866465,1.0031055,2.0091562,0.49926707
2004-09-15 12:00:00,0,0.79570925,0.9988688,2.001517,0.49905586
2004-09-15 12:00:00,1,0.019752853,1.0003371,2.0016532,0.49975547
2004-10-16 00:00:00,0,0.53889644,0.9974807,1.9973055,0.49941316
2004-10-16 00:00:00,1,0.624015,0.9998134,1.9978007,0.500457
2004-11-15 12:00:00,0,0.44662672,0.9978048,1.99784,0.4994418
2004-11-15 12:00:00,1,1.1212418,1.0007108,1.9970791,0.50108725
2004-12-16 00:00:00,0,0.038645223,0.99735427,1.9976277,0.49926934
2004-12-16 00:00:00,1,0.6299062,0.99968153,1.9981455,0.5003047
2005-01-16 00:00:00,0,0.4514148,0.99733794,1.9971313,0.49938524
2005-01-16 00:00:00,1,0.17809871,0.99970186,1.9976767,0.50043225
2005-02-14 12:00:00,0,1.050549,0.9976498,1.9978938,0.49935076
2005-02-14 12:00:00,1,1.1260601,0.9998179,1.9984875,0.5002873
2005-03-16 00:00:00,0,0.21456264,0.9973753,1.9974874,0.49931493
2005-03-16 00:00:00,1,0.41166452,0.9997977,1.9978447,0.50043815
2005-04-15 12:00:00,0,0.22150642,0.99794626,1.998838,0.49926323
2005-04-15 12:00:00,1,1.3824556,1.0010698,1.9974862,0.5011648
2005-05-16 00:00:00,0,0.41372102,0.9976307,1.9969552,0.4995759
2005-05-16 00:00:00,1,1.0192392,1.0001082,1.9971741,0.5007617
2005-06-15 12:00:00,0,0.008248629,1.0019094,2.0109873,0.49821767
2005-06-15 12:00:00,1,0.254271,1.004686,2.0070322,0.50058293
2005-07-16 00:00:00,0,0.0837541,0.9935119,1.9838594,0.5007975
2005-07-16 00:00:00,1,0.52040386,0.99556005,1.9860269,0.5012823
2005-08-16 00:00:00,0,0.42464593,1.0016398,2.006355,0.4992336
2005-08-16 00:00:00,1,0.097479545,1.0016977,2.007438,0.4989931
2005-09-15 12:00:00,0,0.7659399,1.0029693,2.0120158,0.49848974
2005-09-15 12:00:00,1,0.026946489,1.003642,2.011112,0.49904826
2005-10-16 00:00:00,0,0.8828018,1.0033141,2.0143585,0.4980812
2005-10-16 00:00:00,1,0.38985166,1.0048794,2.0116642,0.4995264
2005-11-15 12:00:00,0,0.32430255,0.9980122,1.9992491,0.49919352
2005-11-15 12:00:00,1,0.22249475,1.0012747,1.9975065,0.5012623
2005-12-16 00:00:00,0,0.31834513,0.9970733,1.9976352,0.4991268
2005-12-16 00:00:00,1,0.012939767,0.99977684,1.9976138,0.50048554
2006-01-16 00:00:00,0,0.8002236,0.9974438,1.9972587,0.49940643
2006-01-16 00:00:00,1,0.43233758,0.9997421,1.9978391,0.5004117
2006-02-14 12:00:00,0,0.28187272,0.99763507,1.9974574,0.4994525
2006-02-14 12:00:00,1,0.43719876,1.000119,1.9975617,0.5006699
2006-03-16 00:00:00,0,0.2864763,0.997237,1.997494,0.49924406
2006-03-16 00:00:00,1,0.77855,0.99972475,1.9978046,0.5004117
2006-04-15 12:00:00,0,0.36785513,0.997373,1.9970417,0.4994252
2006-04-15 12:00:00,1,0.08125601,0.9996731,1.9976858,0.5004156
2006-05-16 00:00:00,0,0.381847,0.99950266,2.0034587,0.49888855
2006-05-16 00:00:00,1,0.30271646,1.0027397,2.0006306,0.5012118
2006-06-15 12:00:00,0,0.33602083,1.002605,2.0113978,0.49846178
2006-06-15 12:00:00,1,0.6286397,1.0033518,2.0104573,0.49906647
2006-07-16 00:00:00,0,0.12511471,1.0004772,2.0043824,0.49914488
2006-07-16 00:00:00,1,0.097760506,1.0011965,2.0048037,0.49939877
2006-08-16 00:00:00,0,0.31951916,0.99303645,1.9824333,0.500918
2006-08-16 00:00:00,1,0.21036641,0.99522287,1.9846027,0.5014721
2006-09-15 12:00:00,0,0.14666533,0.9926621,1.9816586,0.5009249
2006-09-15 12:00:00,1,0.43955684,0.99492186,1.9839458,0.5014864
2006-10-16 00:00:00,0,0.8337293,1.0015857,2.0095134,0.49842203
2006-10-16 00:00:00,1,0.19999097,1.0045847,2.0055988,0.50089014
2006-11-15 12:00:00,0,0.15812378,0.99811333,1.9998702,0.49908906
2006-11-15 12:00:00,1,0.49606082,1.0013224,1.9980886,0.5011401
2006-12-16 00:00:00,0,0.06869563,0.9976546,1.9984183,0.4992221
2006-12-16 00:00:00,1,0.54449147,1.0000885,1.9984505,0.50043195
2007-01-16 00:00:00,0,0.5884815,1.0004467,2.005998,0.49872768
2007-01-16 00:00:00,1,0.48077655,1.003636,2.0025754,0.50117266
2007-02-14 12:00:00,0,0.17592701,0.99730086,1.9974862,0.49927798
2007-02-14 12:00:00,1,0.92872477,0.9997687,1.9978006,0.5004347
2007-03-16 00:00:00,0,0.2547789,1.0019675,2.0107837,0.49829704
2007-03-16 00:00:00,1,0.023742883,1.0047436,2.0070207,0.50061446
2007-04-15 12:00:00,0,1.3530781,0.9983857,1.9999398,0.49920788
2007-04-15 12:00:00,1,0.073701,1.0015383,1.9981767,0.50122607
2007-05-16 00:00:00,0,0.53564155,1.00275,2.0132558,0.49807382
2007-05-16 00:00:00,1,0.8533385,1.0049871,2.0097854,0.50004697
2007-06-15 12:00:00,0,0.7717121,0.9981846,1.998607,0.49944016
2007-06-15 12:00:00,1,3.349549,0.9994524,1.9993486,0.49988902
2007-07-16 00:00:00,0,0.058327287,1.0021464,2.0102012,0.4985304
2007-07-16 00:00:00,1,0.006396716,1.002774,2.0097513,0.49895427
2007-08-16 00:00:00,0,0.3225236,0.9981576,1.9981478,0.49954143
2007-08-16 00:00:00,1,0.70252234,0.99942756,1.9989408,0.49997857
2007-09-15 12:00:00,0,0.3660949,1.0023828,2.0114691,0.49833366
2007-09-15 12:00:00,1,0.15026237,1.0048465,2.0078785,0.5004518
2007-10-16 00:00:00,0,0.35966235,0.9992472,2.003071,0.4988576
2007-10-16 00:00:00,1,1.0574228,1.0024878,2.0003104,0.5011661
2007-11-15 12:00:00,0,0.11920873,1.0025432,2.0133047,0.49795902
2007-11-15 12:00:00,1,0.5534642,1.0049343,2.0096812,0.5000466
2007-12-16 00:00:00,0,0.5641504,0.9975644,1.9975647,0.49939027
2007-12-16 00:00:00,1,0.26929092,0.999997,1.997788,0.5005521
2008-01-16 00:00:00,0,0.025116775,0.9971888,1.9975276,0.49921152
2008-01-16 00:00:00,1,0.16150731,0.99973714,1.997754,0.5004306
2008-02-15 00:00:00,0,0.44024047,0.99742806,1.9970143,0.49945965
2008-02-15 00:00:00,1,0.42339295,0.999871,1.9973948,0.5005876
2008-03-16 00:00:00,0,1.9139211,1.0023508,2.0125117,0.4980596
2008-03-16 00:00:00,1,1.6420655,1.0049105,2.0087245,0.5002729
2008-04-15 12:00:00,0,0.88514143,1.0026368,2.0124824,0.49820897
2008-04-15 12:00:00,1,1.2612543,1.00337,2.0113761,0.49884754
2008-05-16 00:00:00,0,0.8686423,0.99901587,2.000308,0.499431
2008-05-16 00:00:00,1,0.43854412,1.0028876,1.9970237,0.5021911
2008-06-15 12:00:00,0,0.14228573,0.9939888,1.9868543,0.5002827
2008-06-15 12:00:00,1,0.18252988,0.99641186,1.9881264,0.50118136
2008-07-16 00:00:00,0,0.44949687,0.9967529,1.9939039,0.4999002
2008-07-16 00:00:00,1,0.1410117,0.9981664,1.9953135,0.5002554
2008-08-16 00:00:00,0,0.24217343,0.99351597,1.9844131,0.5006598
2008-08-16 00:00:00,1,0.7722721,0.9956463,1.9863992,0.50123173
2008-09-15 12:00:00,0,0.42143568,0.9933064,1.9830842,0.50088966
2008-09-15 12:00:00,1,0.9600197,0.9953283,1.9853991,0.50132406
2008-10-16 00:00:00,0,0.2248642,1.0014045,2.0094302,0.4983525
2008-10-16 00:00:00,1,0.11727778,1.0045028,2.0053375,0.5009146
2008-11-15 12:00:00,0,0.5879636,0.9978737,1.9981706,0.49939364
2008-11-15 12:00:00,1,0.41381806,1.0008608,1.9971759,0.50113803
2008-12-16 00:00:00,0,2.1426206,0.9974805,1.9969877,0.49949256
2008-12-16 00:00:00,1,0.58348924,1.0001986,1.9968554,0.50088686
2009-01-16 00:00:00,0,0.37986046,0.99786747,1.998042,0.49942267
2009-01-16 00:00:00,1,1.4091301,1.001255,1.9964303,0.50152266
2009-02-14 12:00:00,0,0.36518013,0.9973697,1.9980704,0.49916646
2009-02-14 12:00:00,1,0.54747504,0.999736,1.9984287,0.500261
2009-03-16 00:00:00,0,0.015696572,0.997395,1.9965945,0.49954808
2009-03-16 00:00:00,1,0.86328554,1.0001339,1.9965154,0.5009397
2009-04-15 12:00:00,0,0.3256424,0.99977857,2.0047603,0.49870232
2009-04-15 12:00:00,1,0.18268295,1.0033752,2.001044,0.50142586
2009-05-16 00:00:00,0,0.26412708,0.99857545,2.0012257,0.49898192
2009-05-16 00:00:00,1,0.20164926,1.0022911,1.9982078,0.501595
2009-06-15 12:00:00,0,1.8865895,0.9986499,1.9989451,0.49958846
2009-06-15 12:00:00,1,0.04656747,1.0022256,1.9964851,0.501995
2009-07-16 00:00:00,0,0.18878594,0.9981854,1.9977658,0.49965087
2009-07-16 00:00:00,1,0.06806703,0.9993534,1.9987135,0.49999833
2009-08-16 00:00:00,0,0.0046226582,1.0025612,2.0106387,0.49862823
2009-08-16 00:00:00,1,0.5857983,1.0031534,2.010067,0.49906468
2009-09-15 12:00:00,0,0.850921,0.9986216,2.0002346,0.49925223
2009-09-15 12:00:00,1,0.041350983,0.9997758,2.0009925,0.49963996
2009-10-16 00:00:00,0,0.40989292,0.9976624,1.9974359,0.49947155
2009-10-16 00:00:00,1,0.0077258763,1.0000381,1.99774,0.5005847
2009-11-15 12:00:00,0,0.86653376,1.0010492,2.008585,0.49838528
2009-11-15 12:00:00,1,0.14163221,1.0044432,2.0042987,0.50114447
2009-12-16 00:00:00,0,0.011989247,0.997572,1.9972606,0.49947014
2009-12-16 00:00:00,1,0.037017077,0.99983937,1.9978408,0.50045997
2010-01-16 00:00:00,0,0.5689575,0.9972699,1.9978242,0.49917802
2010-01-16 00:00:00,1,0.41050082,0.99971616,1.998142,0.5003229
2010-02-14 12:00:00,0,0.21327016,0.9974754,1.9974122,0.49938384
2010-02-14 12:00:00,1,0.0790994,0.9997434,1.9980153,0.50036824
2010-03-16 00:00:00,0,0.34423983,0.99759644,1.9975865,0.49940088
2010-03-16 00:00:00,1,0.69235283,1.000429,1.9970884,0.5009438
2010-04-15 12:00:00,0,0.30106354,0.99751437,1.997493,0.49938315
2010-04-15 12:00:00,1,0.031606186,0.99976766,1.9980823,0.5003636
2010-05-16 00:00:00,0,0.41353264,0.9984965,2.000074,0.4992298
2010-05-16 00:00:00,1,0.020443022,1.0019095,1.9977931,0.5015081
2010-06-15 12:00:00,0,1.2083153,0.99958616,2.0038161,0.49884126
2010-06-15 12:00:00,1,2.4235795,1.0012183,2.0031438,0.49982348
2010-07-16 00:00:00,0,0.20831424,0.9971009,1.9944625,0.49993464
2010-07-16 00:00:00,1,0.03711925,0.998313,1.9959596,0.50016695
2010-08-16 00:00:00,0,0.16343294,0.9994876,2.0025568,0.49910572
2010-08-16 00:00:00,1,0.32348323,1.0004916,2.002928,0.49951452
2010-09-15 12:00:00,0,0.87790513,0.99729156,1.9955126,0.4997671
2010-09-15 12:00:00,1,0.3604816,0.9985802,1.9967624,0.50009966
2010-10-16 00:00:00,0,0.0225506,0.9976019,1.9970932,0.49952698
2010-10-16 00:00:00,1,0.034264613,0.99980164,1.997789,0.50045407
2010-11-15 12:00:00,0,1.2074726,0.9973922,1.9970067,0.4994436
2010-11-15 12:00:00,1,0.2847509,1.0000943,1.996942,0.5008129
2010-12-16 00:00:00,0,1.0389699,0.99711984,1.9970664,0.49929228
2010-12-16 00:00:00,1,0.78366864,0.9997614,1.9972388,0.5005718
2011-01-16 00:00:00,0,1.4016817,0.99840075,2.0006979,0.49902624
2011-01-16 00:00:00,1,0.34446695,1.001096,1.9995879,0.5006512
2011-02-14 12:00:00,0,0.009741034,0.99734527,1.9975742,0.49927822
2011-02-14 12:00:00,1,0.5077491,0.9998002,1.997877,0.5004313
2011-03-16 00:00:00,0,0.7161625,0.9971201,1.9973172,0.4992297
2011-03-16 00:00:00,1,0.07835063,0.9997443,1.9974788,0.50050306
2011-04-15 12:00:00,0,0.4000089,0.9988614,2.0009587,0.4991914
2011-04-15 12:00:00,1,0.081420004,1.0026169,1.9978591,0.50184566
2011-05-16 00:00:00,0,0.03671409,0.9979771,1.9981668,0.49944633
2011-05-16 00:00:00,1,0.020249385,1.0012623,1.9966227,0.50147796
2011-06-15 12:00:00,0,2.3154995,0.99785995,1.9972382,0.4996199
2011-06-15 12:00:00,1,0.30959052,1.0007446,1.9965822,0.50122887
2011-07-16 00:00:00,0,0.08818144,1.0012263,2.0066001,0.49896652
2011-07-16 00:00:00,1,0.00508807,1.0017837,2.0068321,0.4991866
2011-08-16 00:00:00,0,0.75592333,0.9951144,1.9896251,0.5001517
2011-08-16 00:00:00,1,0.24243139,0.9970832,1.9908978,0.5008209
2011-09-15 12:00:00,0,0.106155515,1.0022203,2.0102391,0.49855775
2011-09-15 12:00:00,1,0.62854195,1.00317,2.0092175,0.49928394
2011-10-16 00:00:00,0,0.07923329,0.9988961,2.0014539,0.49908525
2011-10-16 00:00:00,1,0.9769638,1.001938,1.9994168,0.5011151
2011-11-15 12:00:00,0,0.038808495,0.99865127,2.00116,0.49903622
2011-11-15 12:00:00,1,0.44046888,1.0012801,1.9999607,0.50064987
2011-12-16 00:00:00,0,0.013167325,0.9981868,1.9997694,0.49915096
2011-12-16 00:00:00,1,0.115045935,0.9996787,2.0001009,0.49981412
2012-01-16 00:00:00,0,0.15114003,0.9975541,1.9976195,0.49937144
2012-01-16 00:00:00,1,0.20775537,1.0000081,1.9977978,0.5005552
2012-02-15 00:00:00,0,0.22774376,0.9981359,1.9991996,0.49926776
2012-02-15 00:00:00,1,0.71579194,1.001431,1.9974084,0.5013652
2012-03-16 00:00:00,0,0.69006443,0.9973138,1.9977355,0.49922213
2012-03-16 00:00:00,1,0.012238772,0.9997689,1.9980105,0.5003822
2012-04-15 12:00:00,0,0.13897108,0.9976331,1.997873,0.49934763
2012-04-15 12:00:00,1,0.40500858,1.0003649,1.997513,0.5008052
2012-05-16 00:00:00,0,0.5961632,1.0012835,2.0088258,0.4984422
2012-05-16 00:00:00,1,0.014275994,1.0028907,2.007331,0.49961403
2012-06-15 12:00:00,0,0.32089743,1.0029318,2.0122192,0.49842077
2012-06-15 12:00:00,1,0.18480022,1.0035641,2.0113363,0.4989539
2012-07-16 00:00:00,0,1.3389996,0.9966963,1.9937989,0.4998981
2012-07-16 00:00:00,1,0.055559605,0.99820215,1.9949602,0.5003619
2012-08-16 00:00:00,0,2.2186158,0.99940085,2.0014791,0.49933115
2012-08-16 00:00:00,1,0.80753624,1.0004071,2.0021775,0.49965954
2012-09-15 12:00:00,0,1.9632463,0.9947984,1.9890643,0.5001339
2012-09-15 12:00:00,1,0.08189542,0.9970336,1.9902447,0.5009603
2012-10-16 00:00:00,0,0.79231834,0.99983305,2.004977,0.49867558
2012-10-16 00:00:00,1,1.127653,1.0033107,2.0013435,0.5013186
2012-11-15 12:00:00,0,0.034126565,0.9974258,1.9980171,0.49920785
2012-11-15 12:00:00,1,0.17393973,0.9997965,1.9983428,0.5003128
2012-12-16 00:00:00,0,1.5852479,0.99721944,1.9975014,0.49923342
2012-12-16 00:00:00,1,0.19463712,0.99973655,1.9977597,0.50042886
2013-01-16 00:00:00,0,0.54325545,0.99993694,2.0048785,0.49875188
2013-01-16 00:00:00,1,1.861537,1.0029432,2.0020256,0.5009642
2013-02-14 12:00:00,0,0.29126358,1.0031991,2.0141058,0.4980866
2013-02-14 12:00:00,1,0.11019045,1.0049151,2.011291,0.49963686
2013-03-16 00:00:00,0,0.19058645,0.9988178,2.0016227,0.49900404
2013-03-16 00:00:00,1,0.07374937,1.0020567,1.9992421,0.5012183
2013-04-15 12:00:00,0,0.30967814,1.0010861,2.0086162,0.49839592
2013-04-15 12:00:00,1,0.09042909,1.0043932,2.0044675,0.50107735
2013-05-16 00:00:00,0,0.07933386,1.0012269,2.0082018,0.49856886
2013-05-16 00:00:00,1,0.11780808,1.0045806,2.0039468,0.50130105
2013-06-15 12:00:00,0,1.2179701,1.0030708,2.014233,0.49799144
2013-06-15 12:00:00,1,1.3193649,1.0047286,2.01151,0.49948975
2013-07-16 00:00:00,0,0.6113011,1.0026222,2.0119271,0.49833924
2013-07-16 00:00:00,1,0.30987895,1.0037277,2.0104828,0.49924707
2013-08-16 00:00:00,0,0.36247513,1.003174,2.0124862,0.49847493
2013-08-16 00:00:00,1,0.5178116,1.0036999,2.011539,0.49897113
2013-09-15 12:00:00,0,0.34588712,1.002798,2.0140574,0.49789938
2013-09-15 12:00:00,1,0.43047088,1.0050558,2.0103762,0.49993417
2013-10-16 00:00:00,0,0.0942576,1.0028056,2.0121095,0.4983852
2013-10-16 00:00:00,1,1.6650054,1.0045774,2.0096014,0.4998889
2013-11-15 12:00:00,0,0.039199177,0.9999295,2.005421,0.49861327
2013-11-15 12:00:00,1,0.003822575,1.0035176,2.0016325,0.5013496
2013-12-16 00:00:00,0,0.21391477,1.0014307,2.0091288,0.4984403
2013-12-16 00:00:00,1,1.5903958,1.0045713,2.005122,0.5010026
2014-01-16 00:00:00,0,0.08961549,0.99959534,2.0038764,0.49883083
2014-01-16 00:00:00,1,0.23511715,1.0037158,1.9995595,0.50196844
2014-02-14 12:00:00,0,0.5757548,0.9974076,1.998072,0.49918503
2014-02-14 12:00:00,1,0.059361674,0.99974954,1.9984404,0.5002649
2014-03-16 00:00:00,0,0.21625355,0.9976469,1.9981769,0.49927858
2014-03-16 00:00:00,1,0.7662083,1.0001994,1.9980326,0.5005922
2014-04-15 12:00:00,0,0.8117983,0.999262,2.0029309,0.49889988
2014-04-15 12:00:00,1,0.89355487,1.002574,2.000128,0.5012549
2014-05-16 00:00:00,0,1.6749438,1.0017929,2.0097888,0.4984568
2014-05-16 00:00:00,1,1.4946581,1.0047201,2.0059817,0.50086206
2014-06-15 12:00:00,0,0.18932734,0.9923519,1.9813784,0.5008392
2014-06-15 12:00:00,1,0.8332989,0.9949407,1.9832708,0.5016666
2014-07-16 00:00:00,0,0.017491294,1.0032557,2.012761,0.49844748
2014-07-16 00:00:00,1,0.03815477,1.0049623,2.0098243,0.500025
2014-08-16 00:00:00,0,0.060538236,1.0026329,2.0115743,0.49843192
2014-08-16 00:00:00,1,0.570384,1.0048527,2.0082788,0.5003551
2014-09-15 12:00:00,0,0.030739846,1.0013196,2.0083904,0.49856824
2014-09-15 12:00:00,1,0.6268616,1.0045271,2.004391,0.50116324
2014-10-16 00:00:00,0,0.03012892,1.001401,2.01014,0.49817476
2014-10-16 00:00:00,1,0.24180551,1.0041572,2.0066042,0.5004261
2014-11-15 12:00:00,0,0.43191996,0.9982027,1.999937,0.49911705
2014-11-15 12:00:00,1,0.35352287,1.0012057,1.9985111,0.5009758
2014-12-16 00:00:00,0,0.13238753,0.9973461,1.9981803,0.49912718
2014-12-16 00:00:00,1,0.26886767,0.99969774,1.9985616,0.5002086
2015-01-16 00:00:00,0,0.41143864,0.99858755,1.999563,0.4994029
2015-01-16 00:00:00,1,0.1153328,0.9997377,2.0003934,0.49977055
2015-02-14 12:00:00,0,1.0346525,0.99765205,1.9975007,0.49945018
2015-02-14 12:00:00,1,0.0092652645,1.0000073,1.9978235,0.50054836
2015-03-16 00:00:00,0,0.23574163,1.0029405,2.0135388,0.49809843
2015-03-16 00:00:00,1,1.0034387,1.0042341,2.011559,0.49923173
2015-04-15 12:00:00,0,0.9727747,0.99874973,2.0014362,0.49901652
2015-04-15 12:00:00,1,0.5698435,1.0024518,1.9983939,0.5016287
2015-05-16 00:00:00,0,1.1054293,0.99765986,1.9953947,0.49998122
2015-05-16 00:00:00,1,1.1662866,1.0011501,1.9940784,0.50206155
2015-06-15 12:00:00,0,0.6552695,1.0034915,2.0134745,0.498388
2015-06-15 12:00:00,1,0.41547403,1.0050005,2.010789,0.49980405
2015-07-16 00:00:00,0,0.2572306,0.9991651,2.001951,0.4990957
2015-07-16 00:00:00,1,0.3977538,1.002894,1.9985602,0.5018083
2015-08-16 00:00:00,0,0.31807995,0.9997769,2.0042841,0.49881995
2015-08-16 00:00:00,1,1.9371562,1.0013059,2.0037563,0.49971443
2015-09-15 12:00:00,0,0.7893405,1.0018669,2.0104868,0.49832055
2015-09-15 12:00:00,1,0.112814955,1.0031532,2.0092008,0.4992797
2015-10-16 00:00:00,0,0.43873924,0.9998463,2.0045753,0.4987821
2015-10-16 00:00:00,1,0.17047411,1.0035454,2.000709,0.5015949
2015-11-15 12:00:00,0,0.2536042,0.9975734,1.9972218,0.49948052
2015-11-15 12:00:00,1,0.11235234,1.0002308,1.9971304,0.500834
2015-12-16 00:00:00,0,0.90972507,0.99740356,1.9978262,0.4992444
2015-12-16 00:00:00,1,0.6038651,0.99978316,1.9981776,0.5003475
2016-01-16 00:00:00,0,0.101309456,0.9972699,1.9976515,0.49922118
2016-01-16 00:00:00,1,0.64084584,0.99970645,1.9980127,0.5003504
2016-02-15 00:00:00,0,0.0066284216,1.000503,2.0067294,0.49857393
2016-02-15 00:00:00,1,0.13695474,1.0037627,2.0029964,0.5011306
2016-03-16 00:00:00,0,0.62717444,0.99726474,1.9980451,0.49912024
2016-03-16 00:00:00,1,0.62372386,0.99973804,1.9982673,0.50030243
2016-04-15 12:00:00,0,0.099449106,0.99791163,1.998469,0.49933806
2016-04-15 12:00:00,1,0.37119684,1.0011998,1.9969519,0.501364
2016-05-16 00:00:00,0,0.9801979,0.9979839,1.9983596,0.49940157
2016-05-16 00:00:00,1,0.26860914,1.0019732,1.9956262,0.50208455
2016-06-15 12:00:00,0,0.14978759,1.0001401,2.0039961,0.49907285
2016-06-15 12:00:00,1,0.66108656,1.0011953,2.0041394,0.4995637
2016-07-16 00:00:00,0,0.31920502,0.9928234,1.9824578,0.5008043
2016-07-16 00:00:00,1,0.27425534,0.9952604,1.984322,0.50156194
2016-08-16 00:00:00,0,0.63849175,0.99514824,1.9890648,0.5003096
2016-08-16 00:00:00,1,0.353724,0.99688375,1.9907031,0.5007697
2016-09-15 12:00:00,0,0.5642125,0.99533087,1.9913509,0.49982697
2016-09-15 12:00:00,1,1.0691168,0.9978885,1.9917246,0.50101733
2016-10-16 00:00:00,0,0.4262587,0.99749666,1.9978299,0.49929008
2016-10-16 00:00:00,1,0.21748763,0.99972516,1.998395,0.50026405
2016-11-15 12:00:00,0,0.9181916,0.99799985,1.999366,0.49915814
2016-11-15 12:00:00,1,0.31814352,1.0008136,1.9984411,0.50079715
2016-12-16 00:00:00,0,0.40131894,0.99748194,1.9976671,0.49932343
2016-12-16 00:00:00,1,0.06930533,0.9997394,1.9982226,0.50031435
2017-01-16 00:00:00,0,0.3730421,0.99680644,1.9970425,0.4991413
2017-01-16 00:00:00,1,1.1270512,0.9998781,1.996649,0.5007781
2017-02-14 12:00:00,0,1.1218575,0.9969616,1.9971939,0.49918115
2017-02-14 12:00:00,1,0.34164938,0.999841,1.9970033,0.5006707
2017-03-16 00:00:00,0,1.0884132,0.997593,1.9978619,0.4993303
2017-03-16 00:00:00,1,1.2590615,1.0002058,1.9977093,0.50067633
2017-04-15 12:00:00,0,0.76250786,0.9974617,1.9973446,0.49939388
2017-04-15 12:00:00,1,0.8196914,1.0001154,1.9972543,0.5007452
2017-05-16 00:00:00,0,0.042145345,1.0024763,2.0119672,0.4982568
2017-05-16 00:00:00,1,0.08718805,1.0049576,2.008365,0.50038594
2017-06-15 12:00:00,0,0.058858857,1.0026236,2.0138166,0.49787232
2017-06-15 12:00:00,1,0.4252459,1.0047671,2.0104856,0.49976337
2017-07-16 00:00:00,0,0.06507179,0.9986952,1.9998758,0.49937862
2017-07-16 00:00:00,1,0.013023258,0.9999648,2.0003653,0.4998911
2017-08-16 00:00:00,0,0.28178093,1.0030185,2.0130036,0.49826962
2017-08-16 00:00:00,1,0.50532407,1.0047894,2.010125,0.49986413
2017-09-15 12:00:00,0,0.07332096,1.002812,2.0126944,0.49824357
2017-09-15 12:00:00,1,0.8628976,1.0049567,2.009389,0.50013053
2017-10-16 00:00:00,0,0.36974493,1.0021689,2.0118206,0.4981403
2017-10-16 00:00:00,1,0.17701344,1.0037323,2.0098617,0.4994037
2017-11-15 12:00:00,0,0.28141266,0.9973253,1.9972531,0.4993485
2017-11-15 12:00:00,1,0.26994014,0.99999064,1.9972248,0.5006901
2017-12-16 00:00:00,0,0.36027026,1.0014937,2.0101533,0.49821758
2017-12-16 00:00:00,1,0.019449135,1.0031117,2.0084736,0.49943984
2018-01-16 00:00:00,0,0.2250784,0.9975449,1.9982973,0.49919742
2018-01-16 00:00:00,1,0.0468056,0.9999344,1.9984889,0.50034523
2018-02-14 12:00:00,0,2.435513,1.0011045,2.0083203,0.49847847
2018-02-14 12:00:00,1,0.08769666,1.0042176,2.0045125,0.50097847
2018-03-16 00:00:00,0,0.10437958,0.99707067,1.9969761,0.49929023
2018-03-16 00:00:00,1,1.0566701,0.9997832,1.9970578,0.5006281
2018-04-15 12:00:00,0,0.3212852,0.9977623,1.9983203,0.49930048
2018-04-15 12:00:00,1,0.05287144,1.0006595,1.9974958,0.500957
2018-05-16 00:00:00,0,0.43409714,0.99825865,1.9976077,0.49972707
2018-05-16 00:00:00,1,0.59215087,1.0020571,1.9951488,0.5022468
2018-06-15 12:00:00,0,0.81032765,0.9935821,1.9851707,0.5005021
2018-06-15 12:00:00,1,0.38715628,0.99593365,1.9867599,0.5012854
2018-07-16 00:00:00,0,0.13851884,1.0032332,2.0126262,0.4984697
2018-07-16 00:00:00,1,0.013945159,1.0042421,2.010991,0.49937668
2018-08-16 00:00:00,0,0.21119489,0.99621123,1.9918497,0.50014377
2018-08-16 00:00:00,1,1.0721823,0.99773186,1.9933504,0.5005301
2018-09-15 12:00:00,0,1.1025721,0.9881943,1.9676976,0.5022084
2018-09-15 12:00:00,1,0.3740925,0.9914575,1.9709278,0.503041
2018-10-16 00:00:00,0,0.036958776,1.0024506,2.0126112,0.49808457
2018-10-16 00:00:00,1,0.5481844,1.0048822,2.008921,0.5002099
2018-11-15 12:00:00,0,0.08553429,0.9975425,1.997803,0.49931976
2018-11-15 12:00:00,1,0.26222372,1.0000364,1.9978964,0.50054467
2018-12-16 00:00:00,0,0.9678961,0.997804,1.9983169,0.4993222
2018-12-16 00:00:00,1,0.49219605,1.0004941,1.9978632,0.50078213
2019-01-16 00:00:00,0,0.08495498,0.99729,1.9974557,0.49928015
2019-01-16 00:00:00,1,0.23994027,0.9997193,1.9978387,0.5004004
2019-02-14 12:00:00,0,0.820549,0.9969326,1.9972352,0.49915636
2019-02-14 12:00:00,1,0.5568028,0.9998381,1.9970152,0.50066626
2019-03-16 00:00:00,0,1.1265455,0.99741185,1.997644,0.4992941
2019-03-16 00:00:00,1,0.21888328,0.999671,1.9982502,0.50027317
2019-04-15 12:00:00,0,0.37403634,0.9986022,2.000856,0.4990875
2019-04-15 12:00:00,1,0.21654697,1.0023793,1.9978467,0.50172985
2019-05-16 00:00:00,0,0.86881614,0.99757487,1.9971299,0.49950424
2019-05-16 00:00:00,1,0.33230293,0.9998594,1.9976901,0.5005078
2019-06-15 12:00:00,0,0.27166528,1.0017526,2.0089033,0.49865648
2019-06-15 12:00:00,1,0.7638624,1.002888,2.0079768,0.49945197
2019-07-16 00:00:00,0,1.7959628,1.0012602,2.0076852,0.49871373
2019-07-16 00:00:00,1,0.25998917,1.0023639,2.007025,0.4994277
2019-08-16 00:00:00,0,0.502252,0.9994892,2.002826,0.49903947
2019-08-16 00:00:00,1,0.63571715,1.0007137,2.0028753,0.49963853
2019-09-15 12:00:00,0,0.0019970504,1.0011563,2.0092406,0.49827597
2019-09-15 12:00:00,1,0.56239545,1.0046868,2.0046768,0.50117147
2019-10-16 00:00:00,0,0.5438706,0.9873986,1.9657786,0.50229394
2019-10-16 00:00:00,1,1.0535429,0.99098516,1.9689202,0.503314
2019-11-15 12:00:00,0,1.063537,0.99827063,1.9992535,0.4993217
2019-11-15 12:00:00,1,1.3731648,1.0010759,1.9982343,0.50098026
2019-12-16 00:00:00,0,0.10717184,0.9973083,1.9979284,0.4991712
2019-12-16 00:00:00,1,0.68160284,0.9997234,1.9982518,0.500299
2020-01-16 00:00:00,0,0.083836906,0.99843466,2.00106,0.4989529
2020-01-16 00:00:00,1,0.44963685,1.0018986,1.99855,0.50131273
2020-02-15 00:00:00,0,0.004924384,0.9991869,2.0015824,0.49919847
2020-02-15 00:00:00,1,0.15342942,1.0004641,2.0019276,0.49975038
2020-03-16 00:00:00,0,0.6373261,0.99738276,1.9965597,0.49955067
2020-03-16 00:00:00,1,0.094564065,0.9999089,1.9969018,0.50073016
2020-04-15 12:00:00,0,1.1782304,0.99770623,1.997202,0.49955198
2020-04-15 12:00:00,1,0.76402676,1.0006778,1.9965085,0.5012139
2020-05-16 00:00:00,0,1.0093079,0.9992177,2.0033607,0.4987707
2020-05-16 00:00:00,1,0.63649577,1.0030925,1.9995632,0.5016558
2020-06-15 12:00:00,0,0.4897951,1.0022058,2.0104518,0.4984978
2020-06-15 12:00:00,1,0.09788504,1.0035076,2.008998,0.49950653
2020-07-16 00:00:00,0,0.055565316,1.0002578,2.0044453,0.49901977
2020-07-16 00:00:00,1,1.2889436,1.001336,2.004301,0.4995936
2020-08-16 00:00:00,0,0.21139444,1.0011497,2.0073678,0.4987375
2020-08-16 00:00:00,1,0.052202515,1.0022093,2.006704,0.49943054
2020-09-15 12:00:00,0,0.7835423,0.9920153,1.9795777,0.50112474
2020-09-15 12:00:00,1,0.020273054,0.9944039,1.9820268,0.5017106
2020-10-16 00:00:00,0,0.79577345,0.9870943,1.9644619,0.5024757
2020-10-16 00:00:00,1,0.986308,0.9906647,1.9677913,0.5034399
2020-11-15 12:00:00,0,0.2561289,0.9986965,2.0009193,0.49911883
2020-11-15 12:00:00,1,0.057896912,1.0025975,1.9976095,0.50189865
2020-12-16 00:00:00,0,0.0825771,0.99815863,1.9996265,0.49917254
2020-12-16 00:00:00,1,0.17984149,1.0014191,1.9978014,0.5012606
2021-01-16 00:00:00,0,1.0171852,0.99737203,1.9973704,0.49934256
2021-01-16 00:00:00,1,0.51948047,0.9997209,1.9978889,0.5003886
2021-02-14 12:00:00,0,0.3375539,0.9987096,2.0015414,0.49897027
2021-02-14 12:00:00,1,1.2948377,1.0024694,1.9983627,0.5016454
2021-03-16 00:00:00,0,1.1822376,0.99797976,1.9982495,0.499427
2021-03-16 00:00:00,1,0.97345716,1.0009309,1.997289,0.50114477
2021-04-15 12:00:00,0,0.3466047,1.0029153,2.0134525,0.49810722
2021-04-15 12:00:00,1,0.6016314,1.0047755,2.0106575,0.49972484
2021-05-16 00:00:00,0,0.066650994,1.002891,2.0125487,0.49831885
2021-05-16 00:00:00,1,0.3851728,1.0047817,2.009681,0.49997076
2021-06-15 12:00:00,0,2.6831696,1.0001464,2.004005,0.4990738
2021-06-15 12:00:00,1,0.06683835,1.0010854,2.0041928,0.49949554
2021-07-16 00:00:00,0,0.091663346,1.0036137,2.0137346,0.4983843
2021-07-16 00:00:00,1,0.49817637,1.0046136,2.0118136,0.4993572
2021-08-16 00:00:00,0,0.62530017,0.9922366,1.9801704,0.5010865
2021-08-16 00:00:00,1,1.2355615,0.99451554,1.9826366,0.5016126
2021-09-15 12:00:00,0,0.388617,0.9976138,1.9979964,0.4993071
2021-09-15 12:00:00,1,0.9072186,0.999169,1.9985169,0.49995524
2021-10-16 00:00:00,0,0.10811599,0.9974893,1.9979633,0.49925303
2021-10-16 00:00:00,1,0.7471707,0.9996243,1.9986832,0.50014144
2021-11-15 12:00:00,0,0.086130485,1.0021662,2.011043,0.49833152
2021-11-15 12:00:00,1,0.0112207215,1.0042466,2.0079703,0.5001302
2021-12-16 00:00:00,0,1.3430928,0.99706155,1.9973333,0.49919638
2021-12-16 00:00:00,1,2.3872154,0.99976,1.9973958,0.50053173
2022-01-16 00:00:00,0,0.94820595,1.0004762,2.007513,0.498366
2022-01-16 00:00:00,1,0.106930636,1.0019938,2.0064414,0.49938852
2022-02-14 12:00:00,0,0.16352318,1.0025296,2.012376,0.49818203
2022-02-14 12:00:00,1,0.21078356,1.004674,2.0093918,0.4999891
2022-03-16 00:00:00,0,0.30469364,0.9989265,2.001685,0.49904284
2022-03-16 00:00:00,1,0.90533644,1.00179,1.9999255,0.5009137
2022-04-15 12:00:00,0,1.299104,0.99788105,1.9986441,0.49927902
2022-04-15 12:00:00,1,0.33425817,1.0014066,1.9966431,0.50154513
2022-05-16 00:00:00,0,0.19796667,1.0018176,2.0110831,0.49814826
2022-05-16 00:00:00,1,0.39715207,1.0037271,2.0086942,0.49969134
2022-06-15 12:00:00,0,0.29621348,1.0025867,2.0130472,0.4980443
2022-06-15 12:00:00,1,0.41690883,1.0041987,2.0106611,0.49943706
2022-07-16 00:00:00,0,0.30566663,0.9977325,1.9969628,0.499625
2022-07-16 00:00:00,1,0.30848262,0.99895865,1.9980235,0.49997342
2022-08-16 00:00:00,0,0.057579458,1.0034744,2.012514,0.4986173
2022-08-16 00:00:00,1,0.47882688,1.0049595,2.0099065,0.5000031
2022-09-15 12:00:00,0,0.012792441,0.99926805,2.0036418,0.4987259
2022-09-15 12:00:00,1,0.01961718,1.002702,2.0004761,0.5012317
2022-10-16 00:00:00,0,0.09056114,0.996052,1.9919415,0.5000408
2022-10-16 00:00:00,1,0.2790855,0.9976857,1.9933947,0.5004958
2022-11-15 12:00:00,0,0.30901226,0.9977289,1.9977654,0.49942243
2022-11-15 12:00:00,1,0.42554802,1.0006574,1.9970204,0.5010752
2022-12-16 00:00:00,0,0.29807907,0.9970521,1.9976707,0.49910733
2022-12-16 00:00:00,1,0.841825,0.99975806,1.9976689,0.50046235
2023-01-16 00:00:00,0,0.802207,0.9970626,1.9972613,0.49921492
2023-01-16 00:00:00,1,0.10951646,0.99978095,1.9973049,0.500565
2023-02-14 12:00:00,0,1.7515743,0.99732375,1.9967067,0.49948436
2023-02-14 12:00:00,1,1.0923876,0.9997901,1.9971488,0.50060874
2023-03-16 00:00:00,0,0.3333365,0.99698955,1.9969859,0.49924716
2023-03-16 00:00:00,1,0.9819026,0.99980605,1.9969425,0.5006684
2023-04-15 12:00:00,0,0.12369047,1.0031419,2.013927,0.4981024
2023-04-15 12:00:00,1,0.83038175,1.0047961,2.0111394,0.49961537
2023-05-16 00:00:00,0,0.6417327,0.997907,1.9976797,0.49953303
2023-05-16 00:00:00,1,0.29753304,1.0013497,1.995957,0.501689
2023-06-15 12:00:00,0,0.04997074,0.9991921,2.0012038,0.49929553
2023-06-15 12:00:00,1,0.6791351,1.0030626,1.9977126,0.50210553
2023-07-16 00:00:00,0,0.3452795,0.99631244,1.9932438,0.49984473
2023-07-16 00:00:00,1,1.0817854,0.99820435,1.9940894,0.50058156
2023-08-16 00:00:00,0,0.32626438,0.99926585,2.0017092,0.4992063
2023-08-16 00:00:00,1,0.24850668,1.0030646,1.99825,0.50197154
2023-09-15 12:00:00,0,1.3326471,0.999459,2.0024807,0.49911043
2023-09-15 12:00:00,1,0.76220244,1.0035739,1.998371,0.502196
2023-10-16 00:00:00,0,0.7711485,1.0031829,2.0143883,0.4980087
2023-10-16 00:00:00,1,0.067910835,1.0044674,2.012254,0.49917525
2023-11-15 12:00:00,0,0.11960826,0.99846095,2.0000966,0.49920636
2023-11-15 12:00:00,1,0.1676985,1.0015601,1.9983281,0.501199
2023-12-16 00:00:00,0,0.1259151,0.99786264,1.9994055,0.49907967
2023-12-16 00:00:00,1,0.6094751,1.0000677,1.9995735,0.50014055
2024-01-16 00:00:00,0,0.32024398,0.997486,1.9981492,0.49920496
2024-01-16 00:00:00,1,0.2038243,0.99974144,1.9986207,0.50021565
2024-02-15 00:00:00,0,0.3284251,0.9972041,1.9971983,0.4993015
2024-02-15 00:00:00,1,0.59855896,0.9997586,1.9974562,0.50051594
2024-03-16 00:00:00,0,0.06528288,0.9973157,1.9970454,0.4993956
2024-03-16 00:00:00,1,0.1911384,0.9997381,1.997506,0.50049317
2024-04-15 12:00:00,0,0.28495583,0.9982953,1.9991987,0.49934772
2024-04-15 12:00:00,1,0.030663777,1.0012145,1.9979918,0.50111043
2024-05-16 00:00:00,0,0.72119725,1.000908,2.0081868,0.4984138
2024-05-16 00:00:00,1,0.049965378,1.0041809,2.004134,0.50105476
2024-06-15 12:00:00,0,0.69549555,0.998467,1.9997959,0.49928448
2024-06-15 12:00:00,1,0.08630678,0.99999744,2.0000734,0.49998036
2024-07-16 00:00:00,0,0.0145775005,1.0013374,2.0075529,0.49878508
2024-07-16 00:00:00,1,0.4251468,1.0023543,2.0070038,0.49942818
2024-08-16 00:00:00,0,0.36149666,0.9998558,2.0053306,0.498599
2024-08-16 00:00:00,1,1.2076149,1.0015618,2.0043526,0.4996934
2024-09-15 12:00:00,0,0.23833002,1.0032398,2.0133069,0.49830446
2024-09-15 12:00:00,1,0.2321488,1.004259,2.011703,0.49920836
2024-10-16 00:00:00,0,0.009769669,1.0025163,2.0124557,0.49815568
2024-10-16 00:00:00,1,1.1945741,1.0047308,2.0092828,0.5000445
2024-11-15 12:00:00,0,1.2433015,0.99762195,1.9984221,0.4992048
2024-11-15 12:00:00,1,1.2268828,0.9998413,1.9988378,0.5002113
2024-12-16 00:00:00,0,0.5396057,0.9975766,1.9985778,0.49914324
2024-12-16 00:00:00,1,0.64798605,0.9999413,1.998734,0.50028735
2025-01-16 00:00:00,0,0.41880283,1.0010201,2.0088031,0.49831668
2025-01-16 00:00:00,1,0.9048345,1.0042976,2.0046892,0.50097424
2025-02-14 12:00:00,0,0.37054187,0.9972798,1.9975128,0.49926078
2025-02-14 12:00:00,1,0.2609323,0.9997298,1.9978509,0.5004026
2025-03-16 00:00:00,0,0.21281476,0.9973531,1.9968472,0.49946392
2025-03-16 00:00:00,1,0.088023216,0.99981,1.9972596,0.5005909
2025-04-15 12:00:00,0,0.44227535,0.99975395,2.003566,0.4989873
2025-04-15 12:00:00,1,0.39475092,1.0032048,2.0002444,0.50154114
2025-05-16 00:00:00,0,0.24660134,1.0024234,2.0117774,0.4982775
2025-05-16 00:00:00,1,0.1445064,1.0050458,2.0079417,0.5005353
2025-06-15 12:00:00,0,2.095523,0.9988035,1.9998978,0.49942726
2025-06-15 12:00:00,1,0.38598317,1.0000353,2.0003822,0.4999221
