time,PC1,PC2,PC3,PC4
1940-01-16 00:00:00,1.2813055374208489,0.19846553391695465,0.0292816557372274,-0.31483102776395827
1940-02-15 00:00:00,0.11685289429369905,-0.01000674963213899,-0.29572219966910834,-0.47305553953762713
1940-03-16 00:00:00,-0.2543572322747054,-0.4993367928339742,-0.05284033255766995,-0.20675619210412935
1940-04-15 12:00:00,-0.09679436714130765,-0.24478120167057893,-0.2778024369499404,0.1173634638572042
1940-05-16 00:00:00,-0.09444572918186192,-0.41089462296297313,-0.07888505117935969,0.8542743047238052
1940-06-15 12:00:00,1.0838649749946032,0.09451076321251162,-0.14674579643275643,-0.5916071263091922
1940-07-16 00:00:00,-0.11138298636930277,-0.6631342131714186,-0.037350605960801996,-0.1981325827146146
1940-08-16 00:00:00,-0.2357476682697669,0.11210178676694105,0.7021681166798872,-0.5284449102642035
1940-09-15 12:00:00,0.8055631430270769,-0.14744843003014463,-0.6278001522106266,-0.31367708995657756
1940-10-16 00:00:00,0.21760707100487225,-0.18509533252187393,0.6315505965101372,-0.5357892050161454
1940-11-15 12:00:00,0.7189632258340788,-0.15727482490685085,0.12902840416573735,-0.511596379326891
1940-12-16 00:00:00,0.9278804954802682,0.42092539337042767,1.019249769305799,0.03656636387110862
1941-01-16 00:00:00,-0.19999057149809016,-0.33415854204439066,-0.07818057187411356,-0.10868871112466938
1941-02-14 12:00:00,-0.4497012077959317,0.275023276419747,0.06800117814919082,0.08306831721247798
1941-03-16 00:00:00,-1.1386494875106095,0.6234473681398925,-0.608047392180035,-0.2102286818021526
1941-04-15 12:00:00,0.06784779107660927,-0.45678854158559407,0.3108256145777489,-0.08893498185850834
1941-05-16 00:00:00,-0.1728186376310464,-0.4715729894076948,0.10123110418110329,0.9208253201154936
1941-06-15 12:00:00,0.08264753881552112,-0.3619727021763297,-0.08801893133876963,-0.28300552742269236
1941-07-16 00:00:00,-0.0991118722494731,-0.5398317236940666,0.03932542707478784,-0.001053627166923643
1941-08-16 00:00:00,0.13921207446953104,-0.2747404379237177,0.07006576130879705,0.5577144117227784
1941-09-15 12:00:00,-0.7982795976566943,0.16423200525494652,-0.4841919590617855,-0.3546909752079605
1941-10-16 00:00:00,-0.05811612590268089,-0.4249652302875791,0.11497496335396842,-0.33238413436601816
1941-11-15 12:00:00,0.35243091361183493,0.18555052794057836,0.9921137604152431,-0.6004044696674208
1941-12-16 00:00:00,-0.6605348355621519,0.9386298162351149,-0.8486809880542335,-0.24587929685930088
1942-01-16 00:00:00,-0.37158933628338014,-0.46460405502987934,0.06572830049736454,-0.023774005561590206
1942-02-14 12:00:00,-0.44719953400612245,-0.160529449848974,-0.09535321783019185,-0.043700788729876594
1942-03-16 00:00:00,-0.06993546517006838,0.29101988249813904,-0.022144485871910376,0.7404969854654945
1942-04-15 12:00:00,-0.36277090560259834,0.25923923740107113,0.4125365108936379,0.5943481905209859
1942-05-16 00:00:00,0.477254045528587,0.13919415464207952,0.5717688936276487,-0.07608393541482106
1942-06-15 12:00:00,-0.07546818935683577,-0.5196219057982567,-0.14997041004664105,0.43337275436170486
1942-07-16 00:00:00,0.03735945245977096,0.037262203498057755,-0.13677958173222132,0.008751985291591602
1942-08-16 00:00:00,-0.7049247917188763,0.3461514900967141,0.05556745976842552,-0.29547871046150553
1942-09-15 12:00:00,-0.22250663551013916,-0.5584541566746485,0.034741170942155224,0.47113218646960675
1942-10-16 00:00:00,-0.548218842147601,-0.295265603778858,-0.2742486804448081,-0.3580476883411027
1942-11-15 12:00:00,-0.3699337279065189,-0.25906852450270756,-0.21198272390098635,-0.36031447070797773
1942-12-16 00:00:00,-0.19724161100356769,0.23071915087052475,0.26866022921854993,0.45874108058434204
1943-01-16 00:00:00,1.3957170262238425,0.4486978838110053,-0.7695973009783825,-0.4004054591912267
1943-02-14 12:00:00,-0.010909862165536022,-0.3551978513159789,-0.10455870254284536,-0.024813335988664087
1943-03-16 00:00:00,-1.0894391041081006,0.9765470497505057,-0.5242778968206041,-0.10507370680184
1943-04-15 12:00:00,-0.2265759018313922,0.1162627235952225,-0.3539721359217837,0.2827870021860197
1943-05-16 00:00:00,-1.3286606951292317,2.053407338427402,-0.9204349660614457,0.16972828825459868
1943-06-15 12:00:00,0.08918918710020718,0.33232233489879726,1.0941414589333815,0.40618281678993784
1943-07-16 00:00:00,0.5808784252404418,0.36091595722459024,-0.09498495398131789,-0.48954530142052
1943-08-16 00:00:00,0.270978082379077,0.5178372990603733,0.9742554985061748,0.004538201066150993
1943-09-15 12:00:00,-0.04054792718734068,0.4477044482612519,-0.17786227548485228,0.7870808682643945
1943-10-16 00:00:00,0.042793882666807115,-0.5774859761485729,-0.03637051054564826,-0.20230670150252172
1943-11-15 12:00:00,0.005240921208714111,-0.4859320578607829,-0.3374041347250582,-0.26935441476488214
1943-12-16 00:00:00,-0.40456408214669803,0.11306291556319537,0.10111874356331599,1.2736631210724059
1944-01-16 00:00:00,0.15873766897552982,0.029900441818017875,-0.6181313078851254,-0.005605410527292742
1944-02-15 00:00:00,0.42517628136801494,-0.23644392490604038,-0.2278834782777178,-0.32313249662286936
1944-03-16 00:00:00,0.3609126591494141,0.0803131476617942,0.7728720265063458,-0.2103027538522195
1944-04-15 12:00:00,0.0035402150239108865,-0.0728754409988851,-0.15188283019084142,1.0956536235962413
1944-05-16 00:00:00,-0.16672264879729762,0.503113507904731,-0.8374083306884371,-0.1731639541241351
1944-06-15 12:00:00,-0.08167569010909217,-0.48656622003694616,-0.22253351942151953,-0.16412449336089752
1944-07-16 00:00:00,-0.19490104292458912,-0.13393041185500265,-0.30393649133677125,-0.43870606131419954
1944-08-16 00:00:00,-0.016721560908868505,-0.48028390416915756,0.14781775419082116,-0.14607902817360705
1944-09-15 12:00:00,0.7766177250025184,0.49193596305500475,0.33261653138172,1.000625340360858
1944-10-16 00:00:00,1.0181692716090598,0.24295131295935002,-0.17472838050686582,-0.07806014958322813
1944-11-15 12:00:00,-0.34897327209515533,-0.029795670906964444,0.4919068498247061,-0.4819241120098784
1944-12-16 00:00:00,0.6887623276282826,0.011195932619476046,0.30089484616816314,0.025329502412053173
1945-01-16 00:00:00,0.14838304889771775,0.12184738112552529,0.33856475192445606,-0.3164405573172416
1945-02-14 12:00:00,0.726915647427659,-0.2933078082104328,-0.26717827140992995,-0.39175847634475147
1945-03-16 00:00:00,-0.39043780449008386,-0.19384436521418147,-0.31033229697427867,-0.03996312518212436
1945-04-15 12:00:00,-0.14530209178511433,-0.20014944613087815,-0.0065784137589509385,-0.42355641528186394
1945-05-16 00:00:00,0.45504734808132435,0.4505201960472828,0.5836272539182041,0.0019056852345795128
1945-06-15 12:00:00,0.34757653333908617,0.44419142495272246,0.2603843006223128,0.22756298824063537
1945-07-16 00:00:00,0.0852052195555058,1.050612252721196,0.11620565822295517,2.3312754273471
1945-08-16 00:00:00,-0.30806679889796873,0.1440520683955514,-0.10606345083671419,-0.31305410242187115
1945-09-15 12:00:00,-0.7873141688361666,-0.004573974386972157,-0.30242879733531064,0.0023451120352990795
1945-10-16 00:00:00,2.6026119640082994,0.4111895962679738,-1.8688323527344526,-0.6269739200749848
1945-11-15 12:00:00,0.13676766651096323,-0.2980864785583992,-0.18603102402588848,-0.3739694661669187
1945-12-16 00:00:00,-0.3408196398364707,-0.3202973504763459,-0.05420478020080493,-0.3567675060413092
1946-01-16 00:00:00,0.08754228468639669,1.0279496694119632,0.7667089083744095,-0.44611104494886444
1946-02-14 12:00:00,0.1192806950343171,-0.5433469178496102,-0.16882020461678232,-0.22140257236726651
1946-03-16 00:00:00,-1.0723192750391979,2.2613278203911786,0.6318087488982428,0.4403483722168361
1946-04-15 12:00:00,1.1277098969152481,2.065974054263883,2.36849912766412,-0.6086134863383506
1946-05-16 00:00:00,0.1641664516780147,-0.34229475716262747,0.06437977790210196,-0.1357921200803373
1946-06-15 12:00:00,0.3855542431314671,0.11962009251650485,-0.05301675195616441,-0.5554010430249705
1946-07-16 00:00:00,-0.29581207700192447,-0.2946814922785671,-0.23298756833841952,-0.38738360709055164
1946-08-16 00:00:00,0.8082683557517361,0.21510740921148275,-0.8068950348680158,-0.28614982378494713
1946-09-15 12:00:00,0.22492375781073387,-0.42496097809801914,0.002560818243552778,0.03870862779897266
1946-10-16 00:00:00,0.12635427912203184,-0.5455099118427689,-0.1081054611958937,-0.21276864455856226
1946-11-15 12:00:00,-0.09531084936243606,-0.37004518115713747,-0.2546114909608326,-0.37940921570114067
1946-12-16 00:00:00,-0.20262202045153582,-0.6831067436090473,-0.0524412588354813,-0.027543406971156925
1947-01-16 00:00:00,-0.20139965384290082,-0.2434746611599674,-0.4268535958300741,-0.3776228443260348
1947-02-14 12:00:00,-0.13235196767091478,0.24457428368215284,0.11241075582686935,1.9803240751238276
1947-03-16 00:00:00,0.2561622898322296,0.46606554228001673,0.9530292720192921,-0.28674150299286943
1947-04-15 12:00:00,-0.26465501732092783,-0.7215294429884593,0.043919137378098425,-0.16500779972545335
1947-05-16 00:00:00,-0.13320983793021396,-0.3139826896592345,0.13291368478579674,0.2270428145661929
1947-06-15 12:00:00,0.11216852743310396,-0.2145632651358914,0.7063746629884122,-0.30565979971723894
1947-07-16 00:00:00,-0.23248905357494304,-0.08779674985607122,0.07415787365386398,-0.16976154176502015
1947-08-16 00:00:00,-0.5610690023846377,0.8016486817313245,-0.12265071780848923,1.391996984127342
1947-09-15 12:00:00,0.04324757961580317,-0.31047036249150384,0.1255355615829212,0.2937281022849726
1947-10-16 00:00:00,0.11916970598389537,0.04149194658833222,0.14868285180265473,-0.5014161730456349
1947-11-15 12:00:00,-0.280837250767699,-0.5376061832405004,0.2047090246142207,-0.14102538772156858
1947-12-16 00:00:00,0.21711272567750445,1.6319359193702874,-1.213725567577812,-0.24558218543810117
1948-01-16 00:00:00,0.1256293260125423,-0.3642310499227599,-0.21421095652956793,0.45626398982358185
1948-02-15 00:00:00,-0.21043572205165714,-0.20844486472424528,-0.4160521282787202,-0.3726285820083903
1948-03-16 00:00:00,-0.23490770031620084,-0.5263039900984849,-0.04214695164711066,-0.032055926603948015
1948-04-15 12:00:00,-0.09948041323879714,-0.09050164748959211,0.11133275933250286,0.6433085389828785
1948-05-16 00:00:00,-0.1097265046097323,-0.4959883031194268,0.04271583718254776,-0.2995456568497182
1948-06-15 12:00:00,-0.2289153781990864,-0.6060369266688754,0.01063858086500867,-0.12358363851445808
1948-07-16 00:00:00,-0.18742186469289238,-0.1874635105168435,-0.06289909703261518,0.2956050626857788
1948-08-16 00:00:00,-0.7612145611472059,0.019480371359971493,-0.32006742255041915,-0.1433791214673648
1948-09-15 12:00:00,-0.1814677542497854,-0.3861393662551449,0.37151128365810004,0.08648081046591832
1948-10-16 00:00:00,0.4955217985876775,0.17636853832155974,1.1665484212539439,0.21981374744872595
1948-11-15 12:00:00,0.016370251519617462,-0.3441972306186587,0.4991608188969737,-0.003004325484817494
1948-12-16 00:00:00,-0.2203887900756062,-0.4602088675395032,0.3187728259548319,-0.4123615255925034
1949-01-16 00:00:00,-0.06478968486055114,-0.4385884850350171,0.11594644062298082,0.44581525328978233
1949-02-14 12:00:00,-0.18640048655735594,-0.6675525492706884,-0.017668085758569353,-0.3506445304452415
1949-03-16 00:00:00,-0.21078340714531407,-0.33664170362909107,0.051506559991536666,0.7442618235085653
1949-04-15 12:00:00,0.003099748635175703,-0.4926612559570438,0.37326464920044056,-0.2892861855747366
1949-05-16 00:00:00,0.27750073749786947,-0.0661328713725019,-0.10278101606633407,0.32072760247553345
1949-06-15 12:00:00,-0.2854716057702529,0.03814379045481486,-0.2640229732152398,0.37600865252436755
1949-07-16 00:00:00,-0.6600587920185932,0.6844439865701945,0.2805863571940614,0.28615951413266827
1949-08-16 00:00:00,0.36560464487378347,-0.5205483234483854,-0.36198756316817604,-0.3446641569332934
1949-09-15 12:00:00,0.3097965127644498,-0.27802616147145,0.22855104862289605,0.013291592773854333
1949-10-16 00:00:00,-0.3988805194999928,1.5883224504779467,-0.2301322140125217,-0.6237245802809832
1949-11-15 12:00:00,-0.23029067956323862,0.010493217458471094,-0.4449130546358335,-0.4304379957889404
1949-12-16 00:00:00,0.9425187178353092,0.10768647296334066,0.010512644878745488,0.2113845629472989
1950-01-16 00:00:00,-0.5083432418237188,0.030139328751722094,-0.24910342285718204,-0.3461347267615634
1950-02-14 12:00:00,-0.1878282667321777,0.23928451958491104,-0.3782666419531273,0.9485660869778901
1950-03-16 00:00:00,0.025939154122919528,-0.08648093642085342,0.07062332216415673,-0.419972287969635
1950-04-15 12:00:00,-0.15531203735971183,-0.2239997324294588,-0.03685254063213245,1.346781630786741
1950-05-16 00:00:00,-0.40799658163637265,0.18146405601424476,-0.39361389214538667,0.17399378167620977
1950-06-15 12:00:00,-0.17905251972439232,-0.562040239133105,0.08058602660299095,-0.34729392880328097
1950-07-16 00:00:00,0.2569296946378486,0.7059490799734808,-0.3774114193299991,1.3467187577757276
1950-08-16 00:00:00,-0.05186865833681692,-0.6535894395181627,-0.13521716076335483,-0.03661042529069741
1950-09-15 12:00:00,0.36344240253446364,-0.18508271788703679,-0.14428619822056182,-0.34447210553322644
1950-10-16 00:00:00,-0.5210949953688151,0.16987496076142838,0.2780164576386409,-0.47592915844644323
1950-11-15 12:00:00,-0.0887725712094535,-0.20907337813945437,-0.2717414286036759,-0.03247368712421844
1950-12-16 00:00:00,1.0106074533485065,-0.05444931600250036,-0.8054173593933249,-0.2928069562224616
1951-01-16 00:00:00,-0.2855419243639248,-0.47821017630554447,-0.03775443780152879,-0.02983192013425917
1951-02-14 12:00:00,-0.6583815368547019,0.37471081875195444,0.06334520612645002,-0.3657223171867664
1951-03-16 00:00:00,-0.6595844253483509,-0.0828185649918528,-0.24868011563411785,-0.1506135129215073
1951-04-15 12:00:00,0.005056254231980695,-0.09332250591818869,0.7456873827544853,-0.41681970441809624
1951-05-16 00:00:00,0.5803406509032909,-0.10144887306965844,0.15489540987782002,0.11294763278459491
1951-06-15 12:00:00,0.0632839593113213,-0.0811543092210898,-0.1995942359798951,0.04983430649538845
1951-07-16 00:00:00,0.6645247091857502,0.020546131740544205,-0.022552387581525574,0.10400092801989153
1951-08-16 00:00:00,-0.5493142375194091,1.2441077868390473,-0.6009352406426398,-0.5304605494740697
1951-09-15 12:00:00,-0.9882590411373466,0.885897812492139,-0.6169772935692343,0.07096519231475706
1951-10-16 00:00:00,0.000946719716653277,-0.0056336356591749626,-0.46882983068874906,-0.2793266043200232
1951-11-15 12:00:00,0.5271933711441914,1.2638366490131285,1.208816401783508,-0.7126888385704809
1951-12-16 00:00:00,0.2827379713826263,0.24481156230416456,0.20830554852189923,-0.25457836662244204
1952-01-16 00:00:00,-0.03011125155674832,-0.5865203560950163,-0.06601585044575775,-0.2829646893307467
1952-02-15 00:00:00,0.7670335135222399,0.08119333018723174,-0.21623562280134528,-0.40363100049391537
1952-03-16 00:00:00,-0.6309066046994889,0.6535478159258833,-0.6112182641712777,0.035251331014559406
1952-04-15 12:00:00,-0.423477313634286,0.04875265552942243,0.19148310944380434,0.27963835960206673
1952-05-16 00:00:00,0.785242541223713,-0.16072287246473338,-0.46814825205866234,0.07221142068702363
1952-06-15 12:00:00,0.2886137018008382,0.8757691798436503,0.14918891560100736,-0.48110338691575183
1952-07-16 00:00:00,-0.033099689493487794,-0.12917119097465346,-0.12407901917470941,0.36496794076798045
1952-08-16 00:00:00,-0.042298996793495025,-0.03147041921532867,-0.12289920814720195,-0.24459629300939195
1952-09-15 12:00:00,0.16635618344276604,-0.06896391496096499,0.6831038642485041,-0.13815436014206403
1952-10-16 00:00:00,0.6841637954402451,0.12450099235366141,0.47348473239936806,-0.07260728443872108
1952-11-15 12:00:00,0.6644997472359411,-0.35439293228319635,-0.46815030080051623,0.13847692330132666
1952-12-16 00:00:00,-0.5575156012186742,0.12122864070054729,-0.4772183275453915,-0.22648209438646869
1953-01-16 00:00:00,0.11199520529463985,-0.5761347952187992,-0.07778961155688574,0.070911661280051
1953-02-14 12:00:00,-0.25169254124750134,-0.3466286068304635,0.2568721043566235,0.1000580404482676
1953-03-16 00:00:00,-0.3293639382807681,-0.4923137766975161,0.05840906230139439,-0.31484870968624573
1953-04-15 12:00:00,0.3481357246630516,0.08916279514562575,0.1081246510543104,0.3273764992173459
1953-05-16 00:00:00,-0.30545215420035315,-0.44821198744809004,0.08691329373466113,-0.07742692932950473
1953-06-15 12:00:00,-0.9994107942161361,1.6069555855140814,-0.05865685814000064,-0.007124087815485736
1953-07-16 00:00:00,1.2554162444183468,-0.06378469169842294,-1.0751947627479996,-0.5179867663669764
1953-08-16 00:00:00,-0.01979355274114447,-0.4011178956359226,0.3540873385151171,1.008106322533438
1953-09-15 12:00:00,0.17469896112249222,0.11724653953856456,-0.6889069453772879,0.04891357817898112
1953-10-16 00:00:00,-0.2979391274527835,-0.09193941774158987,0.19104926146626328,-0.38697365488943486
1953-11-15 12:00:00,-0.3083492214961119,0.4753649637346514,-0.6604444130801055,-0.15534383540147523
1953-12-16 00:00:00,-0.1231255371513523,-0.4589568477903682,-0.016036570845372758,0.0662593679004263
1954-01-16 00:00:00,0.012617362279082611,0.04386966681760229,0.7668383087881696,-0.22321407755791986
1954-02-14 12:00:00,-0.41406258614196095,0.524773089526826,-0.16742573123008653,0.2735385145277067
1954-03-16 00:00:00,0.4383566558664544,0.8201184714759909,2.211377487704168,-0.33763581798045694
1954-04-15 12:00:00,-0.1603979283202221,0.26833570412745,-0.7075379299878574,-0.19076497412380206
1954-05-16 00:00:00,-0.2440074508581653,-0.7824616179402966,-0.049413314431882405,-0.2801539526000799
1954-06-15 12:00:00,-0.3077855032436552,0.06599855726063886,-0.3178521091527679,-0.31014836677445745
1954-07-16 00:00:00,1.0758764586466971,0.06499814690932626,-1.0043543968318067,-0.5217619596708278
1954-08-16 00:00:00,0.5049349186914578,-0.08795775234188363,-0.33259959280366563,0.06380783405069368
1954-09-15 12:00:00,0.4986854605908129,0.14440041930814507,0.3938594051143133,2.3385425303035685
1954-10-16 00:00:00,0.5936826672952937,0.7502864777219406,-0.2560421905054793,-0.2847207905704254
1954-11-15 12:00:00,0.6460337565100722,0.2658643573169198,0.2900156446991219,0.4704085449504032
1954-12-16 00:00:00,-0.02326405386203073,-0.4475601589082362,0.3939289921925831,-0.15889483382431135
1955-01-16 00:00:00,-0.22083234571290217,0.456768133989938,-0.026643120168177395,-0.4218000957698339
1955-02-14 12:00:00,0.37487591185846564,0.3212898759292332,-0.4663213386644776,0.5779260010234809
1955-03-16 00:00:00,-0.3885962615643629,0.47053036046274144,-0.5927387261887682,0.09363646455808794
1955-04-15 12:00:00,-0.36723559887453455,0.6704306828888454,-0.44352879445115206,0.35559899880031276
1955-05-16 00:00:00,0.025914490543409385,0.0513432600264182,-0.47427732861829563,-0.43087795714750504
1955-06-15 12:00:00,-0.6704519166464378,0.23327901528808515,0.07636584603278958,-0.22573612052641637
1955-07-16 00:00:00,-0.19358509369114427,-0.40150420078113147,-0.016315440440834137,0.36942534843308805
1955-08-16 00:00:00,-0.13076431098593755,-0.3561690950107713,0.22139062722438946,0.5291391117976496
1955-09-15 12:00:00,-0.058939286264105384,-0.42758622825321635,0.27701814280151277,-0.20477785129777726
1955-10-16 00:00:00,-0.03370473985260575,-0.4425075864980004,-0.13520551296862626,0.5666577602330907
1955-11-15 12:00:00,1.1950019057334105,0.13184304826888715,-0.6533712291352052,0.5918524388813977
1955-12-16 00:00:00,-0.1297119351474173,-0.5916271774780149,0.10484626253059201,-0.04474973253459086
1956-01-16 00:00:00,0.23625406587452719,-0.06747026611143803,-0.5432085398638868,0.3905707749347911
1956-02-15 00:00:00,-0.2060699703715484,-0.5046426995852553,0.278115597829629,0.2171341366367735
1956-03-16 00:00:00,-0.3258184773431221,-0.40538292425028793,0.03805360693666829,0.031207814357329278
1956-04-15 12:00:00,0.9515073395020845,0.34661281170595737,-0.08390223618397893,-0.06639015760033828
1956-05-16 00:00:00,0.03927594033560722,0.6797451044393267,1.1202851208236528,-0.5720077439528373
1956-06-15 12:00:00,-0.17386333403392512,-0.4460454383971099,0.03382348146440783,-0.185384178008796
1956-07-16 00:00:00,-0.26849773515268804,-0.4916017086291637,0.011265161067321235,-0.11542840609074148
1956-08-16 00:00:00,0.7455527230527668,-0.09219039830632558,-0.08461087360948713,-0.2991009596185219
1956-09-15 12:00:00,1.1004067345011403,0.17304684044878427,-0.6539333337263038,-0.5790426106509362
1956-10-16 00:00:00,-0.1989057340496077,-0.5024331384208292,0.295205267734077,-0.2173019645444555
1956-11-15 12:00:00,-0.300655229288377,-0.38937418376325217,0.005279136495771837,0.3663110598119982
1956-12-16 00:00:00,-0.39491737124797943,-0.40057358039203317,-0.07661414997599944,0.003962541124463315
1957-01-16 00:00:00,-0.7353832297362486,-0.0051042077742388114,-0.21268242002781484,-0.1966264405802126
1957-02-14 12:00:00,0.23053941027635466,0.0715436121592955,-0.3822625378836864,-0.4653313494153159
1957-03-16 00:00:00,0.49373430049004524,-0.10975824687641633,-0.0480299358404437,-0.025340159779644822
1957-04-15 12:00:00,-0.42990303917399086,-0.4506679838663536,-0.13999754170948445,0.12413652353846927
1957-05-16 00:00:00,-0.16662770289873277,-0.5043624095693569,-0.07411467557350963,0.07876331817173415
1957-06-15 12:00:00,-0.48294802233248885,-0.08874435915269407,-0.33716160670570977,-0.12021203170119465
1957-07-16 00:00:00,0.10809116722137097,-0.22535548246032655,0.23641903442801487,1.922671699610686
1957-08-16 00:00:00,0.032219310140993884,-0.5549501208485892,0.038246389497203215,0.036361495353102624
1957-09-15 12:00:00,-0.21074434682191603,-0.748278694631017,-0.01282397012676151,-0.20748910992042496
1957-10-16 00:00:00,1.1062305840899007,-0.07807222799938607,-0.4526375751315874,-0.3772272817184384
1957-11-15 12:00:00,0.4265372479992177,-0.06003050781267627,0.1329052335530982,1.0427898471375863
1957-12-16 00:00:00,-0.14955114462243937,0.7162328059819504,-0.37134755282322274,0.03263094415567014
1958-01-16 00:00:00,0.20550115603915547,-0.3853200462317958,-0.030439013158747204,0.1954140073412458
1958-02-14 12:00:00,0.3004960198601883,-0.23885325592654194,-0.23248044214567812,1.1670014224641738
1958-03-16 00:00:00,-0.04394189701322654,-0.16498882251402358,-0.2686584412143331,-0.021990941071237446
1958-04-15 12:00:00,-0.37791297291203274,-0.3674678629554462,0.12290101108402954,-0.2239598134517618
1958-05-16 00:00:00,-0.08364596165066568,-0.2484690540648129,-0.3789011147141681,-0.13503504356874846
1958-06-15 12:00:00,0.026139474458778234,-0.08060121182136692,-0.3160024973205821,0.08700407970758373
1958-07-16 00:00:00,0.8988300171747767,0.0641737962340656,-0.6749306764542381,-0.4766166287089842
1958-08-16 00:00:00,0.020953978537861462,0.35024329444027325,1.1811714010272878,0.23361022953326516
1958-09-15 12:00:00,1.3002644753803614,0.3787895828688347,-0.8323510286001854,-0.3712644276142203
1958-10-16 00:00:00,-0.2589249766102268,-0.8357762714026882,-0.028404663076769525,-0.30576460693791163
1958-11-15 12:00:00,0.9792369413191135,-0.17031400585274137,-0.56417598049604,0.042351500919773355
1958-12-16 00:00:00,-0.005424437770633617,-0.1821578734906889,-0.19312027323394565,1.0342626272831024
1959-01-16 00:00:00,1.0106663948674641,0.09771403317710226,-0.16269113878728808,-0.020837966877671366
1959-02-14 12:00:00,0.3922546162964427,-0.4810552679896859,-0.481851689475676,-0.3181017534970803
1959-03-16 00:00:00,-0.039670723821201404,-0.14433394263062205,0.4208135530790744,-0.11865475197992631
1959-04-15 12:00:00,0.017528496076699485,-0.1657718718939345,0.3256891230917179,1.046611781183128
1959-05-16 00:00:00,-0.08122399238582842,-0.5216712917378811,0.3957714071870142,-0.27742109206623605
1959-06-15 12:00:00,-0.3360367062838846,-0.5703384528942348,-0.10052423047752712,-0.15256848437277323
1959-07-16 00:00:00,-0.07346953378138671,0.6174473707305498,-0.41057853749547013,1.8587667308144695
1959-08-16 00:00:00,1.1416578958359915,1.2423968949057334,-0.7751542997455515,-0.2432045352557276
1959-09-15 12:00:00,0.7396874630773225,0.1981637815783871,-0.39342899941408666,-0.1680160418125952
1959-10-16 00:00:00,-0.30500837214966603,-0.43639516046854887,0.12315796713892185,-0.3321921133168696
1959-11-15 12:00:00,0.2782633707578955,-0.2685647915398408,0.13140729833330778,-0.38133555904524497
1959-12-16 00:00:00,0.3105045646374343,-0.17795237842399036,-0.17772943351371945,0.4270727936815092
1960-01-16 00:00:00,-0.13760523010978032,-0.17914130012466567,0.16503334476761564,0.8394715804957532
1960-02-15 00:00:00,-0.1070050430998351,-0.4720915295115715,0.27641605851734447,-0.100868392693932
1960-03-16 00:00:00,-0.06759812846166269,-0.34276958208015507,-0.18794698172674834,-0.35681519163202313
1960-04-15 12:00:00,-0.20278705826377136,-0.13289136364358178,-0.08204569168912096,0.6268035382003402
1960-05-16 00:00:00,-0.5962694295867893,0.10371423300996374,-0.40956455074979803,-0.34345109662896595
1960-06-15 12:00:00,-0.4491310657540832,-0.23078803622963817,0.03861873166627447,-0.207133970459301
1960-07-16 00:00:00,1.549819768212046,0.7985058492131182,-0.6070362190303837,-0.5703106012821961
1960-08-16 00:00:00,-0.04269446673460131,-0.5613860659960773,-0.05318528868224025,0.4146551944459844
1960-09-15 12:00:00,0.8937521027923934,0.02910880809521843,-0.6728825642556557,0.1821821386010587
1960-10-16 00:00:00,0.1014715531326969,-0.3244527976796493,-0.23477766737717445,0.6913964063484827
1960-11-15 12:00:00,0.5522175264042986,0.6714249296743625,0.8694605960459669,0.1062278601351615
1960-12-16 00:00:00,-0.4844232736979609,0.3882467002255595,-0.40464870362885114,-0.1162260183781258
1961-01-16 00:00:00,-0.02821571274351581,-0.45866453837638166,0.2242399363512837,0.06309283403750199
1961-02-14 12:00:00,0.5241360648554065,-0.017122992300325546,0.41364963585880105,-0.023732955516206966
1961-03-16 00:00:00,0.45881680266237895,-0.03644918921948648,0.655480964808067,-0.05324490552524613
1961-04-15 12:00:00,-0.5933539234051659,0.10541956875966307,-0.1550336628330949,-0.41051741368617267
1961-05-16 00:00:00,-0.5436459543967541,0.32426449710716765,-0.397969585452683,0.4369718699419922
1961-06-15 12:00:00,0.21743048015281458,-0.13793372875533116,-0.4967854721940974,-0.07573665627906018
1961-07-16 00:00:00,-0.16861346232562993,-0.7144588446739367,-0.08303094644101806,-0.010452676155701723
1961-08-16 00:00:00,0.23655254173612933,-0.17730973795619587,0.4704400349464692,-0.10878336297477906
1961-09-15 12:00:00,0.5384315559935364,-0.4140674500220619,-0.3555653053778118,0.0618105420744694
1961-10-16 00:00:00,-0.04771496181948204,-0.004958135385635165,-0.22973567899459396,0.18522692495880627
1961-11-15 12:00:00,-0.23806434990297387,-0.6810219705472429,0.08658587461561428,-0.3473846478690031
1961-12-16 00:00:00,0.9983540538908326,-0.02622756204220711,-0.5021030026858232,-0.4808344013706991
1962-01-16 00:00:00,-0.490691425328661,0.5158339066762659,0.39362675752967347,-0.23814480204054522
1962-02-14 12:00:00,1.7094443104984438,0.5157294996813112,-1.176310844297543,-0.660665878541999
1962-03-16 00:00:00,-0.0900823793782827,-0.2804208370995749,0.2409547909959151,1.602229781810781
1962-04-15 12:00:00,-0.29327898624394416,-0.7061326700014774,0.07992862541289708,-0.2933503705262408
1962-05-16 00:00:00,-0.1442873606249787,-0.5230113966767131,0.4656675279108131,-0.2876007288164453
1962-06-15 12:00:00,-0.6929946903291926,0.8172520927824943,0.15566585668184887,-0.4473603338623877
1962-07-16 00:00:00,0.2497045515351774,-0.13831935580547483,0.08465583163821977,-0.22989546693607144
1962-08-16 00:00:00,-0.6722854798026707,0.21657476204549442,-0.01746074747589557,-0.3544549649486189
1962-09-15 12:00:00,-0.06945785854302089,-0.22217099623256542,-0.3613857143394896,-0.29834632360012914
1962-10-16 00:00:00,0.15227648943040617,-0.00011431536621209215,0.31327369287561624,-0.37360894451381155
1962-11-15 12:00:00,-1.0035368393174768,0.5001576576817778,-0.5278425734431744,-0.2219263526042426
1962-12-16 00:00:00,0.5923790922797236,0.2690014084747737,0.48493341743425733,-0.6022665221529346
1963-01-16 00:00:00,0.5325413046100238,0.5098101351044838,2.2241184289878952,-0.7410778115339505
1963-02-14 12:00:00,-0.07705227884349702,-0.5636067401670846,0.35803636531088623,-0.2391524337007
1963-03-16 00:00:00,0.30457023396068467,0.12440364084021571,0.03349326472306411,0.08715138732600458
1963-04-15 12:00:00,-0.19928539726296124,-0.23980070692476052,0.05051238880543853,-0.26045271208851317
1963-05-16 00:00:00,-0.4174136221578274,0.2076379530971192,0.37487370847357954,-0.030641919010352625
1963-06-15 12:00:00,-0.5049051878657508,0.21084294799216863,0.3117309902915,-0.4254729374371458
1963-07-16 00:00:00,-0.26291219276313516,-0.5970438066775402,0.008232599858226455,0.3068768407596739
1963-08-16 00:00:00,-0.5235220898270816,0.05308129025604946,0.04800688639981805,-0.4300645978525902
1963-09-15 12:00:00,0.11642529697913406,-0.5780667785046776,-0.08496801048563832,-0.08503899614446683
1963-10-16 00:00:00,0.7855031211994885,0.3042264758840344,0.19268086197961887,-0.24917302947806025
1963-11-15 12:00:00,0.6047421584382309,0.09936398612875308,0.9722370115282933,-0.3507839506517093
1963-12-16 00:00:00,0.06791341479019747,1.2453380359167188,1.8814812617219268,0.07033770469834344
1964-01-16 00:00:00,-0.308234742558218,-0.29969067698715024,-0.17356352525185428,-0.21046318601378977
1964-02-15 00:00:00,0.912951470861658,0.5592178185575801,0.2459410271626728,-0.34117273732339876
1964-03-16 00:00:00,-0.18761217408234818,-0.5411194950484033,0.13377830284692235,0.49918488747701106
1964-04-15 12:00:00,0.41714500814039696,0.08494199507679046,0.7108895844356191,0.8547932807180222
1964-05-16 00:00:00,-0.5090883124231902,0.11855226508581296,-0.24548888800569407,-0.25083650047049355
1964-06-15 12:00:00,-0.23142507682048602,-0.049267228219760706,-0.29823819407764235,-0.3460556476255593
1964-07-16 00:00:00,0.026334575966011797,-0.250024457001497,0.21384340874345764,-0.20954402128982225
1964-08-16 00:00:00,-0.03348360414594109,0.3388416738042891,-0.28160331948195944,-0.3393850716199597
1964-09-15 12:00:00,-0.5426260786947312,-0.3751910530573275,-0.15180882288247285,-0.09354728080627392
1964-10-16 00:00:00,0.15197270030612398,0.1267972049458913,0.8713198934476581,-0.3053730094597675
1964-11-15 12:00:00,0.03249987742206334,0.34990865786030223,0.8918979956457344,-0.4731440225487956
1964-12-16 00:00:00,-0.18538138924488512,-0.4206808979042152,0.19579448006181474,-0.25366144078050423
1965-01-16 00:00:00,-0.14827289194401588,0.011825013887931224,-0.03966601084633621,0.04335097448084768
1965-02-14 12:00:00,-0.31300250117323825,-0.033271150473680455,0.12704006643596397,0.00020720194598639052
1965-03-16 00:00:00,-0.16322602208278053,-0.5101563283053123,0.10670948194671984,-0.29877955894761427
1965-04-15 12:00:00,-0.19136691637869063,-0.16028399274717942,-0.1758349189562358,-0.4386099805961165
1965-05-16 00:00:00,-0.32802692259356586,-0.4669013245435722,0.13232821696204672,-0.36078852305582837
1965-06-15 12:00:00,0.2959652293134393,-0.03364151922823111,0.44371700084999205,0.6671535308482622
1965-07-16 00:00:00,-0.09963930580507266,-0.2971030313430201,0.17793923280482923,-0.18173463829395126
1965-08-16 00:00:00,0.6847039724738688,0.8083321796389914,0.4536876190477399,2.444045577212176
1965-09-15 12:00:00,-0.20037094346118267,0.11745853144017682,0.2681913708136756,-0.13182774148679016
1965-10-16 00:00:00,0.13022297860365795,-0.04248617260358456,-0.5164070477468157,-0.40356801102833795
1965-11-15 12:00:00,0.7585008140127898,0.026886522709616112,-0.01034086738282762,-0.5730026724465879
1965-12-16 00:00:00,0.0769956663945463,0.9638602782596634,-0.7029187979113427,0.8068573009592847
1966-01-16 00:00:00,0.1478952876694442,-0.3847891852576522,0.3430586783278126,0.04877633858454061
1966-02-14 12:00:00,-0.32379303346851973,0.09016746215444926,-0.05337407361514564,0.5013189800068204
1966-03-16 00:00:00,0.0990709264236117,0.21315010572488557,-0.11507462638278342,0.18900622122367017
1966-04-15 12:00:00,-0.04462792185293091,-0.022089232407932924,-0.17996935145206414,0.6282900323944028
1966-05-16 00:00:00,1.128878991824662,0.5359529085588409,1.0624378768515998,-0.07443903958256984
1966-06-15 12:00:00,-0.2914347149567323,0.3741927235304793,-0.2562929177960175,0.5986607771650534
1966-07-16 00:00:00,0.24915579843340102,-0.20832936489380327,0.39667568840099543,-0.3503703269672766
1966-08-16 00:00:00,1.323046445508164,0.6753435599692529,-1.0043477385078265,2.0895729443732316
1966-09-15 12:00:00,-0.18667132847533024,-0.20094513337660191,0.10418111260694546,-0.26518648154964175
1966-10-16 00:00:00,-0.09557603038504275,-0.2651140368031072,0.5680161530550986,-0.4568816228089472
1966-11-15 12:00:00,-0.29559024018984453,-0.3033781139988002,-0.057373654150599356,0.04519356295889132
1966-12-16 00:00:00,0.41126414708677045,-0.23611097659371127,0.30205169269129295,-0.22018045138234577
1967-01-16 00:00:00,0.6266213163995369,-0.17393504574462837,-0.6041343376378291,0.2883119651248378
1967-02-14 12:00:00,0.5047925427848698,0.7253202637338837,-0.034017391240806404,0.9004978202191679
1967-03-16 00:00:00,0.07820565628469694,-0.23426654059390328,0.3523583031273926,-0.22980461017259762
1967-04-15 12:00:00,-0.2536101475241353,-0.37692224626529014,0.16114179440561344,-0.07853546738747494
1967-05-16 00:00:00,0.5935815197414556,0.3318997466172998,-0.48059423804133844,-0.38911123214560606
1967-06-15 12:00:00,0.05004107506055999,-0.3652342571163192,-0.04437258015704512,1.0080060868204117
1967-07-16 00:00:00,1.835758039874579,0.6798743888292996,-0.7924583720880307,-0.3839319600725032
1967-08-16 00:00:00,0.17796330488298706,0.16059657175555853,1.276459178927528,0.540992591725624
1967-09-15 12:00:00,0.07020433498340578,-0.3216627382170275,0.1366748513724264,-0.2848489850540563
1967-10-16 00:00:00,-0.7710542273714696,0.2604602149655467,-0.13243429380577515,-0.394088153828499
1967-11-15 12:00:00,-0.8547769106468259,0.14498074460465948,-0.3529649964040873,-0.13794544177185128
1967-12-16 00:00:00,-0.07078446433859653,-0.6781341881309444,-0.19621886381454748,-0.29807986559739286
1968-01-16 00:00:00,0.3579899524976297,-0.1932157107626602,-0.5651134179889695,0.07582832823294433
1968-02-15 00:00:00,-0.30010942784588707,0.7871654694111984,-0.07279324182079458,-0.24990702941055432
1968-03-16 00:00:00,0.03902392365794205,-0.49545588536357554,-0.06422952380363858,-0.3171274035485002
1968-04-15 12:00:00,-0.5882732672464852,0.15240136431354923,-0.3637028360987014,-0.34219433683278255
1968-05-16 00:00:00,-0.6107681848697366,0.17859751325821727,-0.03318900916607587,-0.45195905936107716
1968-06-15 12:00:00,0.5668461326933345,-0.35465536254283225,-0.29965905727274356,-0.3843905740273809
1968-07-16 00:00:00,0.3456551886399239,0.11580131075560951,0.4459524389411606,-0.5491494569500197
1968-08-16 00:00:00,0.219956065551224,-0.13615524072566154,0.23178307565008727,-0.18383839058701465
1968-09-15 12:00:00,0.01535263971034495,-0.5719721768060484,-0.07052862114073587,-0.06818752335004974
1968-10-16 00:00:00,0.4100406908510635,0.02484872228724222,0.5652895400507889,0.18764670019143026
1968-11-15 12:00:00,0.014568520689600406,0.2716842128418516,0.21078284954076199,0.5674734611858487
1968-12-16 00:00:00,0.016587020696524124,0.3234489609044916,0.7689829818953422,0.39465652594572365
1969-01-16 00:00:00,1.0090028821630481,0.5758826028863958,1.4634934069038477,-0.45837453220436636
1969-02-14 12:00:00,-0.3639742478858575,-0.6260927768896782,-0.12320736954634552,-0.2901515723720591
1969-03-16 00:00:00,0.006181826725348838,-0.10557981308285269,0.2653144006462424,0.056714692285197155
1969-04-15 12:00:00,-0.21434060098494523,-0.3990674013756175,-0.023832724065244767,0.6047750624137563
1969-05-16 00:00:00,0.21455587807900928,-0.38273076363223063,-0.3535501129568293,-0.23210458574224554
1969-06-15 12:00:00,-0.758142292775619,0.3946081876566906,-0.19947239481531762,0.7659362935768997
1969-07-16 00:00:00,-0.20180278625879655,-0.3421923817786946,0.2294253004508352,-0.03212444703494843
1969-08-16 00:00:00,-0.34660975904739183,0.0248866291642188,-0.24045958933234007,-0.27021138292887137
1969-09-15 12:00:00,-0.6299202634389105,-0.15199983849396426,-0.06006663886088039,-0.3673688906803535
1969-10-16 00:00:00,-0.017934488575101937,0.5948278109175663,0.8449007387168515,-0.5787374582245562
1969-11-15 12:00:00,-0.529508446042138,0.05655349536257448,-0.3141972469404212,0.35158188825565584
1969-12-16 00:00:00,0.00044789441745113345,0.09236107435269436,-0.15334073331830955,-0.47045230049244036
1970-01-16 00:00:00,0.20761130458293614,0.06366548070033395,-0.3336714751820425,-0.2058281373795618
1970-02-14 12:00:00,-0.15318280934192474,-0.5276116683198764,0.2982148666013778,-0.1276372081194792
1970-03-16 00:00:00,0.11913658399305305,-0.29922092986541715,0.3086247643021701,-0.43392336638143975
1970-04-15 12:00:00,-0.032803684605184014,-0.6320041886101938,-0.07775197402349521,-0.11773573946487945
1970-05-16 00:00:00,-0.11015692131760946,-0.4807811705833292,0.29189457306578664,0.569594998514173
1970-06-15 12:00:00,0.16073161547505516,-0.2341932408022548,0.37680628736010385,1.4462113783037704
1970-07-16 00:00:00,-0.2802202138210039,-0.3191910227590061,-0.020673338461225134,1.0396401164551952
1970-08-16 00:00:00,-0.07131167294765106,-0.5985166520111753,-0.2315595075081136,-0.16797317202942855
1970-09-15 12:00:00,-0.4380530516148837,-0.3485721423853857,-0.026835553934536693,0.24694136151344093
1970-10-16 00:00:00,-0.12274458974755714,-0.3870625882210965,0.48097284143718144,-0.10316766384537165
1970-11-15 12:00:00,0.1610682589811055,-0.3386213144643123,0.06782402325985788,-0.2303281594384302
1970-12-16 00:00:00,-0.24566150715830704,-0.14030221064079706,-0.26971450911067574,-0.41011758238544516
1971-01-16 00:00:00,-0.8471517564786277,0.2445656578408214,-0.45332820609381974,-0.2593602650633452
1971-02-14 12:00:00,1.177360021285367,0.32180145840539087,-0.9156211674580921,-0.42320238393836485
1971-03-16 00:00:00,-0.16739371846154635,-0.7231642371193755,0.0016065205283518347,0.07232196349278291
1971-04-15 12:00:00,-0.3059764660857164,0.7033593179551217,-0.7354771399339927,-0.24740710251005704
1971-05-16 00:00:00,-0.20921729225247435,-0.5076519652332876,0.14348381540132335,-0.38379718911856014
1971-06-15 12:00:00,-0.027761765764328483,-0.2735566304240944,-0.11404477446047291,0.3371461989712179
1971-07-16 00:00:00,-0.23475678299420727,-0.5868588121161122,0.055669141767736074,0.02561253728582802
1971-08-16 00:00:00,1.1871621747923118,0.5424609464987059,-0.5150292988867133,0.5208961452358065
1971-09-15 12:00:00,0.4379863252925352,-0.4505194318621055,-0.3273600736673342,-0.10299005697184974
1971-10-16 00:00:00,0.6231677307394901,0.47055294376573575,-0.418822040470248,0.06027708892855593
1971-11-15 12:00:00,0.2701759030592184,-0.5721946200146951,-0.29270339599928097,-0.20290950798331686
1971-12-16 00:00:00,0.09240699305142314,0.05845563150898403,0.4092316233072662,0.06251052654810146
1972-01-16 00:00:00,0.024603634688143805,-0.32828988113649826,0.634235036476312,-0.42462669464367314
1972-02-15 00:00:00,1.4134314533562553,1.004291935101632,0.9118121805690629,-0.6226758703844364
1972-03-16 00:00:00,-0.5493238963792597,-0.1873298296694631,0.025624826601397123,-0.363984435722157
1972-04-15 12:00:00,-0.5569665371611168,-0.13554086884158345,-0.10897346925821567,-0.09474185668106319
1972-05-16 00:00:00,0.006235320421620838,-0.24849947629150493,0.10893693046140462,0.6352233511249724
1972-06-15 12:00:00,-0.40796356383241306,-0.049709700258935396,0.14441774694910423,-0.4182450646929111
1972-07-16 00:00:00,-0.12566410255874727,0.2188399882015416,-0.2795003455661473,-0.18004966479107193
1972-08-16 00:00:00,-0.16554215848651624,-0.047827145385062164,0.16602147134621936,-0.06326361962336827
1972-09-15 12:00:00,-0.2336561685957934,-0.38308389627900713,0.1885805776669437,-0.42391838093824197
1972-10-16 00:00:00,0.1857111643395894,-0.40183335196338954,-0.35605809233483293,-0.2774152961050761
1972-11-15 12:00:00,-0.2045869158455477,0.6167122115124192,0.07139636840871914,-0.531415877031389
1972-12-16 00:00:00,0.14181954630885057,0.15166487930397377,1.0015129118506394,0.6681167601969996
1973-01-16 00:00:00,0.27630628489210834,-0.42109089989351467,-0.3960469707063215,-0.051835253605391596
1973-02-14 12:00:00,-0.08402867164793643,-0.12636445544475228,-0.4568747937423854,0.08354209322390377
1973-03-16 00:00:00,1.1942649777309247,-0.06895765653508168,-0.7052248330804269,-0.1888804774923351
1973-04-15 12:00:00,-0.06478880949275234,1.1061552567754371,0.7353307643476404,-0.4851456399910552
1973-05-16 00:00:00,-0.31809444121062724,0.4210781312748634,0.4883391199252005,-0.5679283003118945
1973-06-15 12:00:00,0.36823145235863014,0.500667009332319,0.8621139539305283,0.72643458562055
1973-07-16 00:00:00,0.1309444482955997,-0.36366983037804335,-0.0337318305029629,-0.23744053047814195
1973-08-16 00:00:00,-0.10345865179675923,-0.5251253973446288,0.3545923499314429,0.2395504301203054
1973-09-15 12:00:00,1.417184881727532,0.48196957428912957,-1.444272817444836,-0.3806771881098556
1973-10-16 00:00:00,1.2081552057545308,0.5085097669267632,1.073602854554534,-0.6002142920398821
1973-11-15 12:00:00,0.12643649340597524,0.037641628532467664,-0.4217792224081202,-0.30307368524352235
1973-12-16 00:00:00,0.3046539752878921,-0.1118148844033654,-0.1858980379099615,-0.19449723260644092
1974-01-16 00:00:00,0.20976689979146007,-0.024667904900564253,0.05212337182043868,0.1663124901969753
1974-02-14 12:00:00,0.3876678091107411,0.15540264622003475,0.331688193246338,1.165494084837778
1974-03-16 00:00:00,-0.045961449325446546,-0.04327640903498364,0.30238018384030163,0.27188010034305354
1974-04-15 12:00:00,-0.14716772430659594,-0.12346851480453513,0.5320632330100917,0.739518562692642
1974-05-16 00:00:00,-0.13495122840384485,-0.4697140403750517,0.4351856262588634,0.07182471030449261
1974-06-15 12:00:00,-0.9242945174514821,2.038931314315237,0.2408425697164039,-0.7962991567990672
1974-07-16 00:00:00,0.23868603962127194,0.1251285783291619,0.26566873050079737,-0.11509995646171581
1974-08-16 00:00:00,-0.5809135500862204,0.2119063307902339,-0.312359064512822,0.02023024259606704
1974-09-15 12:00:00,-0.22844521942078372,-0.7013529360711128,-0.13984188181975987,-0.3439970314658176
1974-10-16 00:00:00,-0.43376231858382974,-0.17429908762944601,-0.3113583341534192,-0.012303336767471085
1974-11-15 12:00:00,1.3385546809984465,0.23632900836551973,-0.1651679854330892,-0.2778728835074616
1974-12-16 00:00:00,-0.4045696695052262,-0.360793087138511,-0.13403128908221454,-0.25936256406941227
1975-01-16 00:00:00,0.03965127933632984,-0.5412672139207517,-0.03027620194743018,0.04068678182417751
1975-02-14 12:00:00,0.29358977310086404,-0.11710229140634865,-0.06464047744212958,-0.16240455063284864
1975-03-16 00:00:00,-0.24867961223157442,-0.10797294544614455,-0.3592038995799484,0.29671424069835395
1975-04-15 12:00:00,0.22941996017976013,-0.4258322297387132,-0.33208563199679336,0.11169010998953416
1975-05-16 00:00:00,-0.949322635839791,0.6576239908208356,-0.27275913324742357,-0.29385002713485675
1975-06-15 12:00:00,-0.034994451495366896,0.8258267119349357,1.5148999000917884,-0.7566441008460545
1975-07-16 00:00:00,-0.47382138023989306,-0.2925513829216757,-0.1567864515360727,-0.07898975231379146
1975-08-16 00:00:00,0.21007478161523446,-0.5323921220826693,-0.32040907830156046,-0.28371755232875073
1975-09-15 12:00:00,0.03409592726442556,0.4330818244620792,-0.16193678436918577,-0.30830828240609204
1975-10-16 00:00:00,0.20596374448371674,0.4584724602699416,0.915249573285516,0.05836215045300869
1975-11-15 12:00:00,-0.1465130118585105,-0.2497485864612511,0.12368123255932711,0.10196684348224366
1975-12-16 00:00:00,0.33168691773588027,0.15189597099210894,0.19939423052965446,0.7659595788375638
1976-01-16 00:00:00,-0.24973072115383302,-0.38295754726703973,-0.1966737143078327,0.20135108398536816
1976-02-15 00:00:00,-0.30487946497101714,-0.4686736350379043,-0.24077042440651847,-0.3356955898784992
1976-03-16 00:00:00,-0.06540422948744151,-0.16693028992062475,0.07582198608228331,0.07136937770660773
1976-04-15 12:00:00,-0.24786410614309518,-0.5391188336349769,-0.017358002454279924,-0.2880743157158735
1976-05-16 00:00:00,-0.08335496083774294,-0.5436880663522318,-0.022906649385749312,-0.27718204786358314
1976-06-15 12:00:00,-0.5392874300577817,0.36374504740724534,-0.08985061576882658,-0.1899794733850953
1976-07-16 00:00:00,0.11538650741578121,-0.19539220042544336,0.2129641680562484,1.1173192036853616
1976-08-16 00:00:00,0.4689422566487715,-0.08823989475638971,-0.7289769619591134,-0.23628469308733674
1976-09-15 12:00:00,0.2735393644337844,0.2818283174794277,-0.3067287236816137,-0.38431376110010523
1976-10-16 00:00:00,-0.6859590246182037,0.4326583123872315,-0.06725433420642926,0.879512180476835
1976-11-15 12:00:00,0.010675374097866563,-0.2695408738145626,-0.37857461910639517,-0.3948122605737271
1976-12-16 00:00:00,0.35296857567195,-0.2872318229035925,-0.20323639684076583,0.6378315967734589
1977-01-16 00:00:00,-0.03500803359957044,-0.4420390696515068,0.2221533837670876,0.09487512297599565
1977-02-14 12:00:00,-0.27296475123064623,-0.16987252082611026,0.3118525344175819,-0.46520213299862323
1977-03-16 00:00:00,2.6631783767162807,1.0742281872063164,0.012391250532898641,-0.3582825261307666
1977-04-15 12:00:00,-0.13258832548312527,-0.5632699731145014,-0.05519808842173316,0.03991497132660504
1977-05-16 00:00:00,0.23772321363944054,-0.34209521932464104,-0.05744167096754561,0.48664013491735136
1977-06-15 12:00:00,-0.18614717702472847,-0.5161865700616324,0.21475257750797377,0.45718246049934186
1977-07-16 00:00:00,-0.5684474613471608,0.06241462975494161,-0.08599714568440903,-0.443852621505185
1977-08-16 00:00:00,0.42451970451568594,-0.2566025555603658,-0.08067106789706535,0.46353695862719724
1977-09-15 12:00:00,-0.29269538374559056,-0.7555843400170982,-0.0007520436600070846,0.028523820198327887
1977-10-16 00:00:00,0.5183131515809558,0.4590373420479116,0.46128107721625733,-0.5739963765608848
1977-11-15 12:00:00,-0.03040582093085692,0.3993650863646815,-0.24981105016519572,0.8611362127149699
1977-12-16 00:00:00,0.05138550806053521,-0.045634708806637225,0.1411586595567252,0.8623233331917203
1978-01-16 00:00:00,-1.6156153423785664,1.4836010550136778,-0.9450154076685549,-0.3575913687557149
1978-02-14 12:00:00,0.03214870785803947,2.1493870747515946,-1.6260923376964005,-0.5804866206559499
1978-03-16 00:00:00,0.5125298526162636,-0.0808705902045852,-0.7167845017032999,-0.20902243857355854
1978-04-15 12:00:00,0.9214055564345327,0.1393900301876344,0.009885540330568439,-0.3309542146507554
1978-05-16 00:00:00,-0.24238299490336424,-0.5006287204024003,0.05660332797819645,1.1467962555442557
1978-06-15 12:00:00,-0.40539362306586213,-0.08529219230282747,0.03573737348715581,-0.367031463968667
1978-07-16 00:00:00,-0.3573702817983965,0.17386334312565233,-0.226327134777364,-0.2546924353568511
1978-08-16 00:00:00,0.33412786534753675,0.2427473748451826,-0.37410476361998907,-0.07829007722801531
1978-09-15 12:00:00,0.2743172132223342,2.0921632012327316,2.044990510417155,-0.22330930514492947
1978-10-16 00:00:00,-0.218950399498825,-0.36006934507712174,0.27045106489699827,-0.0714500457246331
1978-11-15 12:00:00,0.48302429867084123,-0.3479010244026226,-0.33389875261152463,-0.4612785984904418
1978-12-16 00:00:00,0.01510695714370841,0.3893579922800453,0.7180248050151264,-0.47618618360774445
1979-01-16 00:00:00,-0.42303630605651615,0.5159587682782275,-0.05889950584603111,-0.4512597124235007
1979-02-14 12:00:00,-0.27811685502766315,-0.8507453746001783,-0.044498544668420494,-0.25633686526742455
1979-03-16 00:00:00,0.5275131743507064,-0.22166752744003382,-0.3277648582348906,-0.36459662423637
1979-04-15 12:00:00,-0.42534824283067374,-0.30647491380550995,0.11852388612760023,-0.08501284781457263
1979-05-16 00:00:00,-0.23573568887948515,0.5566358665199213,0.901312087933267,0.026174740437051758
1979-06-15 12:00:00,1.2093841285841997,0.1974420591204883,-0.93106179405243,0.007689611657943796
1979-07-16 00:00:00,1.3306889257833514,0.27718255761809674,-0.8773546720738555,-0.42941799822712684
1979-08-16 00:00:00,-0.2710329567363363,-0.12233240650119703,0.2304186255977863,0.6238308053860429
1979-09-15 12:00:00,-0.608526182354441,-0.011859572237066796,0.030203819081136223,-0.34136024958024436
1979-10-16 00:00:00,-0.0598557191603627,-0.6991031842709311,-0.09196117111662735,0.009271770532594759
1979-11-15 12:00:00,0.47330497954171497,-0.33201062504786905,-0.0058201019827663555,-0.23327612477084322
1979-12-16 00:00:00,-0.8455388891583635,0.6156777642383023,-0.13469515992530606,-0.38028029190507157
1980-01-16 00:00:00,0.04720630169376322,-0.03944157187483899,0.6049004509548035,-0.5342117086046508
1980-02-15 00:00:00,-0.2737353679492065,-0.1943664856219368,0.07168331816130419,0.1878189172903954
1980-03-16 00:00:00,-0.5110815790971975,0.41191536515045446,-0.614444990186003,-0.4815578327139644
1980-04-15 12:00:00,-0.5082372730601494,0.06443705217469942,0.0083231026639329,0.48092389464888274
1980-05-16 00:00:00,0.44206970031710485,0.020027247619251898,-0.22606368984787173,1.187881169921551
1980-06-15 12:00:00,-0.0211972917349304,-0.4954531809692905,-0.3413895182634087,-0.336735247378698
1980-07-16 00:00:00,-0.040833785835131975,-0.616292544150832,-0.24928397616840875,-0.2176831767315353
1980-08-16 00:00:00,-0.3185798185383414,-0.17282873404567956,-0.15020165285669987,-0.26892124873429113
1980-09-15 12:00:00,0.23973394501349982,-0.3560723456567152,-0.23964632133699018,0.008450213850200505
1980-10-16 00:00:00,0.5952848266728468,0.2781245553633459,1.2750241437480385,-0.20464909250293117
1980-11-15 12:00:00,0.1634357839194236,-0.5000789583160835,-0.044593845680580925,-0.25281683801562277
1980-12-16 00:00:00,-0.36188746746751915,-0.003972204143110281,0.244454317840275,0.06164404743296564
1981-01-16 00:00:00,-0.19913372940876672,-0.040722215423902974,0.3163525547041794,0.19081314213990974
1981-02-14 12:00:00,0.23469065629380442,0.3639074536362178,0.6691233863404598,-0.13985118733581636
1981-03-16 00:00:00,-0.3128209573768652,-0.48449191240764394,-0.1685077375604471,-0.08347434202808546
1981-04-15 12:00:00,-0.002941576776103738,-0.35793272836305334,0.4496959351166201,0.5666931299019631
1981-05-16 00:00:00,-0.15528848370812554,-0.39398264675493244,0.49733676842454566,-0.022602813905312935
1981-06-15 12:00:00,-0.12195326627603958,0.7039655809888111,-0.8377467442264752,0.534675039870098
1981-07-16 00:00:00,-0.33946483309705844,-0.6207229012668938,-0.021225024815124054,-0.24173017722598877
1981-08-16 00:00:00,0.16672698627638083,0.14443364118054058,0.9424762078553083,-0.598729192830918
1981-09-15 12:00:00,-0.13474732069868264,1.458530986463637,0.8906871758037553,0.6418578952117752
1981-10-16 00:00:00,0.17644371429885009,-0.1269012684230798,0.393970199250671,0.12763721467001504
1981-11-15 12:00:00,-0.6517513307795039,0.019041861319600395,-0.10835380690799244,-0.013946399591959646
1981-12-16 00:00:00,-0.31694258710787787,-0.2998560055532611,0.04363768375399785,0.47528283893020484
1982-01-16 00:00:00,-0.13405309298944285,-0.5406890134775697,-0.24548816028735337,-0.11754415720984726
1982-02-14 12:00:00,0.13644412262047712,0.002382347768835502,0.2422008793143401,0.11631370119065582
1982-03-16 00:00:00,-0.3563258329439322,-0.14605181633897457,0.3163374473858528,-0.4634666344740605
1982-04-15 12:00:00,0.35532812574905076,0.16595800721568044,-0.7699241429712207,-0.5105967327788923
1982-05-16 00:00:00,-0.597282176902304,1.6948928058482924,-1.1014895491984524,-0.6619497210488294
1982-06-15 12:00:00,-0.15950156466020116,0.3814117496332009,0.7483443855484774,-0.4598572215310279
1982-07-16 00:00:00,0.26526707160291535,0.04505790177547575,-0.37848502015900587,-0.4833874249718202
1982-08-16 00:00:00,-0.050169106043777945,-0.11526375561159263,0.13804185226180313,-0.43468109874063354
1982-09-15 12:00:00,0.5573365245607296,-0.17628582532372028,-0.6185283407771923,-0.44492121264845386
1982-10-16 00:00:00,0.3759890671818487,-0.17738167840599695,0.0721662982906387,0.09979143747633007
1982-11-15 12:00:00,-2.271899184755224,2.533905311684352,-1.3948203093505516,-0.5613638912659915
1982-12-16 00:00:00,-0.34338142318649145,-0.3071114608542429,0.016922257567962964,-0.15659395948625754
1983-01-16 00:00:00,-0.7492613278104856,0.5776030236324244,-0.3367046353206732,0.8681375468106759
1983-02-14 12:00:00,0.28397275500966607,-0.36943414943006214,-0.30476688564898924,-0.17576128028732946
1983-03-16 00:00:00,-0.3189354072019816,-0.37525666204367936,0.00613937322717472,0.04282443949255538
1983-04-15 12:00:00,0.8914719860645299,0.8146346839111084,0.3010944520038874,-0.003276869920539882
1983-05-16 00:00:00,0.5367517360538081,-0.31087286327268104,-0.4466778423551032,-0.2157227036169036
1983-06-15 12:00:00,0.24135163359078332,-0.10917083604706623,-0.5039100942274828,-0.32994387839872297
1983-07-16 00:00:00,0.05995794411116362,-0.4815970244284291,0.3522089643117973,-0.3386018061353329
1983-08-16 00:00:00,-0.6563514131134547,0.5779066936179952,-0.15340448162094036,-0.3633863771933611
1983-09-15 12:00:00,0.02787160129133387,0.2652894842684398,-0.17434154321207504,0.39334782000861446
1983-10-16 00:00:00,0.2510259730058922,-0.46939049378531317,-0.3349595350282317,-0.2859497827422548
1983-11-15 12:00:00,-0.3565501798087172,-0.5855411019308842,-0.006250382268191468,0.19136820564628731
1983-12-16 00:00:00,-0.12438015766592148,-0.44621393158996575,0.3627336460846093,-0.2193347076321192
1984-01-16 00:00:00,0.3538378799211716,0.6877345368661841,-0.5129557233407696,0.07729482657726855
1984-02-15 00:00:00,-0.27533344232988477,-0.04917551465473857,-0.0908147782529052,-0.36277119811438996
1984-03-16 00:00:00,-0.3727272027763818,-0.2484623213091277,0.008069624446810676,1.125335596989541
1984-04-15 12:00:00,0.8308595363137035,0.6168912341461527,0.6707583927716537,-0.5173264375139869
1984-05-16 00:00:00,0.27306490507134656,0.8651368289327611,1.9210058598257458,-0.472293784891136
1984-06-15 12:00:00,-0.4393817732807281,1.322031520981815,-1.030944543204373,0.13348981321968773
1984-07-16 00:00:00,-0.33661663708962253,1.2697624485271506,0.5515568148101625,-0.6733926755283969
1984-08-16 00:00:00,-0.1369738260776555,-0.16144536097140827,0.549549518443032,0.4374362476617356
1984-09-15 12:00:00,-0.29819264605059476,-0.818015899168061,0.032354041326961853,-0.23870158890152823
1984-10-16 00:00:00,0.24396027244541646,0.3968563723243489,0.8068984679377741,-0.3797424498756815
1984-11-15 12:00:00,0.48535963852552105,-0.0953421943269277,-0.0187016629181257,0.5031666876634562
1984-12-16 00:00:00,0.6765801403556948,-0.06608220299212608,-0.7133640245286832,-0.31071424098030825
1985-01-16 00:00:00,-0.6182456663997606,0.013713341266726076,-0.3554401580084712,0.06198064042426782
1985-02-14 12:00:00,-0.7340372356480201,-0.16312739693620104,-0.2521124524862792,-0.38421301150793163
1985-03-16 00:00:00,-0.8194543169419213,0.6977985014520499,-0.2932947783720768,0.29789565130947004
1985-04-15 12:00:00,-0.11623584375335153,-0.40211499576637044,0.3064574503240408,0.3563064074513007
1985-05-16 00:00:00,-0.1733778883723445,-0.3353303041332314,0.5468700366495837,-0.27707849301269893
1985-06-15 12:00:00,-0.22886100518949065,-0.21696794835578015,-0.1639738677951633,0.267173294764257
1985-07-16 00:00:00,0.42112329645261587,0.42823937634583775,-0.5853247503032597,0.6220707647604923
1985-08-16 00:00:00,-0.21531417005400344,-0.5767537807916632,0.11592071236661003,-0.37084189919324284
1985-09-15 12:00:00,1.0412740528880715,0.5833266755673966,0.8245733455041633,1.8598720762614098
1985-10-16 00:00:00,0.5336674514954967,0.15325325346915963,-0.5689971035630278,0.19517095747947633
1985-11-15 12:00:00,-0.4422451929428791,-0.35984795924999313,-0.15147385934168306,-0.04659472661737607
1985-12-16 00:00:00,0.1360428395238189,0.035847678851967824,-0.6371375393969072,-0.3619199731379731
1986-01-16 00:00:00,0.563056723515565,0.4548339934378597,0.36674166445394374,0.6068588238407899
1986-02-14 12:00:00,-0.8655311128651397,0.36099921973680715,-0.4313175682384253,-0.22085155783462557
1986-03-16 00:00:00,0.6685097382687901,1.3242104681897833,-1.488260255912694,-0.0991558129979726
1986-04-15 12:00:00,-0.25163904565345313,-0.07760315845463628,0.4611362862193676,0.4243157819161686
1986-05-16 00:00:00,-0.1281135454956125,0.0860375292797173,0.34609847602478594,-0.2249691414738325
1986-06-15 12:00:00,-0.0930532197151078,-0.04895903586123629,0.029145763843080513,0.11883275239495789
1986-07-16 00:00:00,0.38707286655492296,-0.3800780518432444,-0.06967129095310592,0.253643351790126
1986-08-16 00:00:00,0.4681510434332295,-0.20878605540909578,-0.22051788549480475,0.03755162225533648
1986-09-15 12:00:00,-0.16013952072184792,-0.6402006564732797,0.19853355011757787,-0.21075180755159478
1986-10-16 00:00:00,0.8091439023575093,0.7440124763138581,0.5500768429833789,-0.042571554279863255
1986-11-15 12:00:00,-0.13368785519165663,-0.1509808100797203,0.4175462605428409,0.26130973616406483
1986-12-16 00:00:00,-0.13923220629640265,-0.4493357111033478,0.3371741263073701,0.4015101262252593
1987-01-16 00:00:00,0.00301960078955793,-0.3561562604209686,-0.2853101879211916,-0.01328609192062058
1987-02-14 12:00:00,0.11742968065428344,-0.17081005150778272,-0.1810761177348488,0.04871131503206594
1987-03-16 00:00:00,0.32539761824466124,-0.4901559237631092,-0.23492478543575762,0.13542905849852804
1987-04-15 12:00:00,-0.04146819820412484,-0.5417173767200893,-0.12250905673296851,0.34256813964993127
1987-05-16 00:00:00,-0.09009164254623708,-0.3103356011028453,-0.031706776928216336,1.2529093416626846
1987-06-15 12:00:00,-0.37317343424878435,-0.16999269025516628,0.11693579804009627,-0.05139937681618906
1987-07-16 00:00:00,0.3395418382092434,-0.11107012789811843,-0.6643251479924164,-0.2370309854545937
1987-08-16 00:00:00,-0.27228848774238656,-0.20779932124022205,-0.17757331494121087,-0.352776131907719
1987-09-15 12:00:00,0.17336684669786395,-0.05445579453725957,0.72809077094389,-0.46877882332993237
1987-10-16 00:00:00,0.20373941247806732,-0.21354743960979217,0.5863865223523917,-0.457167724648356
1987-11-15 12:00:00,-0.14984940238581557,-0.4769241109901349,0.4147696177123232,-0.0927197154985007
1987-12-16 00:00:00,-0.2456016930270568,-0.4893779984126228,-0.059286666022692565,-0.117423142841561
1988-01-16 00:00:00,0.6409921577098161,0.1741101499497978,-0.6977870744286995,-0.08013727775738591
1988-02-15 00:00:00,-0.11252736046599082,-0.3095813689096917,0.33233910638793673,-0.2544657210438197
1988-03-16 00:00:00,-0.3135859604469041,1.0199945984818442,0.39073301824888307,-0.328371056346636
1988-04-15 12:00:00,0.05396355125159813,-0.39081619221407154,0.08407479701604713,0.5121352097209766
1988-05-16 00:00:00,0.07963227998605049,-0.39041409922851916,0.028280990211630157,-0.1799151774122163
1988-06-15 12:00:00,0.7221978849803674,-0.20714687485881345,-0.2986091796589488,-0.422583750128696
1988-07-16 00:00:00,-0.049535343415707866,1.312614688149671,-0.5128383442244372,0.6770622734765198
1988-08-16 00:00:00,-0.8198424306969471,0.40781969717883026,-0.17636012015129754,0.5059899471853269
1988-09-15 12:00:00,-0.459991942498852,0.5246445813185757,0.5542084256641642,0.1302562048714933
1988-10-16 00:00:00,0.5663106408550687,-0.1627546520548404,-0.12674176824761213,-0.41008791380451837
1988-11-15 12:00:00,1.0932170196268653,0.18879330408324957,0.0028148687698800537,-0.6372468308630834
1988-12-16 00:00:00,-0.30933611917695714,-0.24858096847761657,0.2863613542298781,-0.3387641248465049
1989-01-16 00:00:00,0.21007633509289275,0.13499587199417717,0.3811043257696601,0.7251092571224341
1989-02-14 12:00:00,0.7574526570711815,0.4309093374015255,1.4965252132656044,-0.24629835830615768
1989-03-16 00:00:00,-0.06217634204732825,-0.19164064824288674,0.2747796301262082,1.1898473597688204
1989-04-15 12:00:00,-0.18574520179647416,0.044389497865494065,-0.09089987660139313,-0.12380231873419423
1989-05-16 00:00:00,0.10625796265066567,-0.16059943177039193,0.22616674572155726,0.0755974067926764
1989-06-15 12:00:00,-0.43338027511005733,0.1380440964676003,0.2630403552287995,-0.38685843016509674
1989-07-16 00:00:00,-0.30563449115099917,-0.6238146114999716,-0.01826459047408359,-0.031176682109438303
1989-08-16 00:00:00,-0.0866873307800888,-0.5138483234396618,0.020603635268867618,-0.14894570015957098
1989-09-15 12:00:00,0.8912719284543595,0.043176006644576326,-0.593623058429792,0.15219386492513692
1989-10-16 00:00:00,0.1189741955062415,0.3728394390653126,-0.621345442925515,0.011220875752156578
1989-11-15 12:00:00,-0.043399496567104734,0.2718839161624934,0.8927633480884051,-0.21731450760352355
1989-12-16 00:00:00,-0.03641295122037447,0.8997886522958923,-0.8169800213471906,0.6864056458365783
1990-01-16 00:00:00,0.8050587002701426,-0.14711229430309214,-0.7134365303172534,-0.1413652405218514
1990-02-14 12:00:00,-0.1470545449979581,-0.3138336281686386,0.5604494368007678,-0.4649032699360902
1990-03-16 00:00:00,0.1697398605156522,-0.13442724416540885,0.08030828463485037,-0.3537710119731595
1990-04-15 12:00:00,0.7744846609821601,-0.2038480006439054,-0.3189698666682194,0.15771634058633527
1990-05-16 00:00:00,0.04239666610798465,0.12813824610268998,-0.2994014682135989,0.9483924503976137
1990-06-15 12:00:00,-0.16099421660130553,-0.5461918273424129,0.03039624298467882,1.0542742331587287
1990-07-16 00:00:00,0.23709372231026044,-0.05379716067340923,0.5967608226062355,-0.07353071541663611
1990-08-16 00:00:00,0.2064969955061215,-0.34087220100708704,-0.00812749514999471,-0.11988882786204996
1990-09-15 12:00:00,0.4551936330236355,0.10140332168159438,0.48478656378236884,-0.02314327090335433
1990-10-16 00:00:00,0.36039731392381885,-0.3856916628280067,-0.20405362351619005,0.276857848501873
1990-11-15 12:00:00,-0.016862549034657504,-0.4159995066046521,-0.1717753041286685,0.0704367120178076
1990-12-16 00:00:00,-0.08885295272644861,-0.5115278770540139,-0.10169776911071525,-0.3503632503862368
1991-01-16 00:00:00,1.248014792780818,0.3467883602404519,0.11340844405787101,0.010056473164920143
1991-02-14 12:00:00,-0.1348832996103437,0.29963641876096936,0.8817031862632562,0.4832210583606462
1991-03-16 00:00:00,1.109163995437451,0.24096563632961343,-0.3660976672348492,0.8020317009419832
1991-04-15 12:00:00,0.2484437915031637,-0.0007962785267678907,-0.31624899875078516,0.29969222702718556
1991-05-16 00:00:00,0.5723783417319688,-0.09460090606577987,-0.7991266845056811,-0.3874905583367597
1991-06-15 12:00:00,0.09032033893788116,-0.3859243498260524,-0.3321666902053273,-0.1078866571059118
1991-07-16 00:00:00,-0.7653221688724727,0.4326107802885025,-0.25421353035465766,-0.12837887672823295
1991-08-16 00:00:00,-0.6617322238139353,0.2809431876653584,0.10865100691134352,-0.048924319932482696
1991-09-15 12:00:00,0.3757154575544455,-0.3385115137340604,-0.3154447746118933,0.1472989552102737
1991-10-16 00:00:00,-0.6942276019232185,-0.11634220496786019,-0.21879482123614358,-0.2981850771596052
1991-11-15 12:00:00,1.0266296804771964,0.7923669261362837,-1.004538949176405,0.1778858369861091
1991-12-16 00:00:00,0.542840594303944,0.5958063701729727,1.799972764147018,0.001548957865118994
1992-01-16 00:00:00,-0.6782450045981884,-0.15678138429778543,-0.2539572530596879,0.00013921125256072253
1992-02-15 00:00:00,0.41483090623074254,-0.21371768055511076,0.042386105897878126,0.9164854935531704
1992-03-16 00:00:00,-0.05723626648004365,-0.6029296340978626,0.08750669374097395,0.15755750314603573
1992-04-15 12:00:00,0.4072229232122923,0.7837494724630368,1.6084024303374105,-0.35422676238368345
1992-05-16 00:00:00,0.39650607151081046,-0.006634337821858072,-0.737145016567036,-0.16616878181426237
1992-06-15 12:00:00,0.8831222648160255,-0.12880425657781647,-0.44573001298647097,-0.4583993114010551
1992-07-16 00:00:00,0.9423118738950984,0.8882611665904053,-1.509412376099601,-0.598717909524111
1992-08-16 00:00:00,-0.0004894014281549564,-0.4697377041722576,-0.2299459530189672,-0.14091687822067914
1992-09-15 12:00:00,0.028866618806105915,-0.07857717804002284,-0.09339896687891903,-0.4323644241342416
1992-10-16 00:00:00,0.03046442820160622,-0.4525298710037068,-0.11631079859483852,-0.2368391632918142
1992-11-15 12:00:00,-0.06656190513352145,0.5771875336112363,-0.19833112667739727,0.22584300706279725
1992-12-16 00:00:00,-0.2662820176737582,-0.2171318972950076,0.15262816141387991,0.020934739101648003
1993-01-16 00:00:00,0.6523518540178177,-0.31567472415837794,-0.4413933283116103,0.3326456365315562
1993-02-14 12:00:00,0.20987532687279215,-0.1249775960037125,-0.0662714322707196,0.2818945936963225
1993-03-16 00:00:00,-0.49827459706655935,0.3861865825409455,0.3702726634760625,0.07320586575099136
1993-04-15 12:00:00,0.24167009909510623,-0.31295042627359715,-0.4860172876015092,0.009900768387878234
1993-05-16 00:00:00,-0.9925735508012437,1.2558028898378844,-0.7750345836318308,-0.21227635501804554
1993-06-15 12:00:00,0.2293202863349985,-0.07950298822985724,-0.44715485160779306,-0.4093382415351673
1993-07-16 00:00:00,-0.12858458808875162,-0.29526598864126274,-0.30925520351096447,0.1584583807210576
1993-08-16 00:00:00,0.583054876741949,-0.061237196448943654,-0.6530724214305328,-0.31052551419564434
1993-09-15 12:00:00,-0.37115676341273407,0.18455120855507123,-0.037245952556589385,0.6277552935056911
1993-10-16 00:00:00,-0.001921719668189048,-0.33605801766301857,-0.2169120819864507,-0.3802918555116621
1993-11-15 12:00:00,-0.9433087366763522,1.2156938377093667,0.18237610072047372,-0.4862632653744317
1993-12-16 00:00:00,0.22348007966210842,-0.11254461313381336,0.431490966958844,0.11037944756249829
1994-01-16 00:00:00,-0.6537984187069603,-0.140800965575668,-0.13811021881291946,-0.13443555235528162
1994-02-14 12:00:00,0.10046011675630157,-0.2146342971932309,0.6707424149530313,0.29365549052742557
1994-03-16 00:00:00,0.19872071763847748,-0.021787097350852602,1.2271628965455048,-0.6044198593042378
1994-04-15 12:00:00,-0.47175373666070797,-0.3238546769846026,-0.24475958532563494,-0.27963204138926484
1994-05-16 00:00:00,-1.0557343858401393,0.6962117412987129,-0.5303437831808185,-0.25838967930820084
1994-06-15 12:00:00,0.8859781238161641,0.05833810223728564,0.14787345872802266,-0.022473413815835952
1994-07-16 00:00:00,-0.3787781714106247,-0.42239394660960844,-0.0795692511289111,0.5397115777825223
1994-08-16 00:00:00,-0.08780373779422013,-0.33120162946944776,0.22204812870987306,-0.24076420104301943
1994-09-15 12:00:00,2.2921215077867636,0.4557396792701217,-1.0696243180144305,-0.5314640655044173
1994-10-16 00:00:00,-0.12314485466042707,0.43674244184172106,-0.26149736400879786,0.8016639066894163
1994-11-15 12:00:00,-0.12443139281056545,-0.45021072627889147,0.3451963718075777,-0.01172307969255576
1994-12-16 00:00:00,-0.35367240245363735,-0.00798029243772036,0.05696719941139773,-0.33022890417694845
1995-01-16 00:00:00,-0.31552335291856265,-0.2304734028979648,0.3775276002954934,-0.17643195527194427
1995-02-14 12:00:00,-0.0721542983308135,-0.46903188222246145,0.09642077236364235,0.2020249325173591
1995-03-16 00:00:00,-0.2945810764343086,-0.3063682211258809,-0.24333855829391451,-0.05684830730777435
1995-04-15 12:00:00,0.07974627101779685,0.3336401830435979,1.3299393556204113,-0.41517721771410715
1995-05-16 00:00:00,0.6066479450019848,0.1959473410066005,0.3166844094431458,-0.22845612809693366
1995-06-15 12:00:00,-0.2782306500025395,0.9610801455556645,0.9563165968710221,0.44033260303266364
1995-07-16 00:00:00,-0.349972930236391,0.5470088951593263,0.6898330180158576,0.34463980517588877
1995-08-16 00:00:00,0.2825310629000613,1.1882885711217535,1.1572181441754221,-0.452321347329235
1995-09-15 12:00:00,-0.6257053926392775,0.41705817742202445,-0.563948319626772,-0.05882887483031196
1995-10-16 00:00:00,0.1423374258788359,-0.4549695448141983,-0.3417903493992878,-0.39391074989236985
1995-11-15 12:00:00,0.007701007912886804,-0.035399238892047546,-0.2912171981750872,0.09042873370732823
1995-12-16 00:00:00,-0.28149041979203326,-0.4563342293661212,0.05145740258324398,0.9742241879009145
1996-01-16 00:00:00,0.27035663291031103,-0.012435698133637874,0.8019745194913027,0.6919091582411144
1996-02-15 00:00:00,-0.6299728686842276,-0.12269059562182671,-0.19035695250854945,-0.09429120298225457
1996-03-16 00:00:00,-0.5069465759324365,-0.2628140534501875,-0.12244591721558293,-0.05366946782910259
1996-04-15 12:00:00,-0.01785845274152298,0.13556138653394767,0.19832087444144522,-0.25722060740958097
1996-05-16 00:00:00,-0.19883018588535412,0.019108324615245476,0.5179334446817516,0.23807628401902192
1996-06-15 12:00:00,-0.4457701804276353,0.5868277430282595,-0.29382826280081936,-0.4098246257009096
1996-07-16 00:00:00,-0.14812191570033373,-0.5294475613775544,0.1572996382801213,0.03630644859262422
1996-08-16 00:00:00,0.313481301151936,0.25178407230074396,-0.41886253200850126,0.7649574974656609
1996-09-15 12:00:00,-0.1957987600007659,-0.43572288083387845,0.13737399443411263,0.5028715397354951
1996-10-16 00:00:00,-0.49664970774485695,0.24488690766664833,-0.3561589413873247,-0.13606854571993937
1996-11-15 12:00:00,-0.33533235925041677,-0.4918893387010647,0.1074620998520224,-0.36952216035828794
1996-12-16 00:00:00,-0.055126655589293416,-0.3809653057985602,0.5539852499491922,-0.4252653575563661
1997-01-16 00:00:00,-0.22072893740182653,-0.5608037995137586,0.24794392203625848,-0.20421367830020615
1997-02-14 12:00:00,-0.5740153028545236,-0.22900934950591856,-0.11327450477151042,-0.3600140509035216
1997-03-16 00:00:00,0.8975926574801296,-0.20287412461095322,-0.5174505521137923,-0.18613346060456817
1997-04-15 12:00:00,-0.4105456307853097,1.5610363344071119,0.2028945448774389,-0.25522213055155485
1997-05-16 00:00:00,-0.1777087714193505,-0.5754444746274918,0.1322371439534129,-0.31982498513231344
1997-06-15 12:00:00,0.31767914945617465,-0.16354701443409692,0.3764566897457448,1.1247378263590972
1997-07-16 00:00:00,-0.5638145282540686,0.22866083087507738,0.17205093343469133,0.30273885943870404
1997-08-16 00:00:00,0.5075461112511259,0.26233628137605713,-0.6092437023024685,-0.1272358476936798
1997-09-15 12:00:00,-0.6027492758616411,0.09882605349422657,-0.18822991061085906,0.6128273506924641
1997-10-16 00:00:00,-0.1565926086972769,0.2659872660132857,-0.3991338743588271,-0.46154365879198445
1997-11-15 12:00:00,0.030410176023411062,-0.3905290541985384,-0.013338739629278468,0.9709064728703573
1997-12-16 00:00:00,0.21348588689184184,-0.2227276225178091,-0.06846567614083217,0.8392063506532889
1998-01-16 00:00:00,-0.3918068806953231,1.6681862503166438,-0.8105689363444202,-0.4406289125261228
1998-02-14 12:00:00,-0.1923625479756179,-0.5754161053896828,-0.11470211296071832,-0.028327148147006487
1998-03-16 00:00:00,0.19717766190967684,-0.3441147098451781,0.17702455779598741,-0.40413411461521337
1998-04-15 12:00:00,0.06594945337638758,-0.3905835949184831,0.07503315134425198,0.8365751241308815
1998-05-16 00:00:00,-0.08039916065271077,0.28349186213441413,0.1238243094276055,-0.16481937535938465
1998-06-15 12:00:00,0.036834252978279636,-0.3776360148633868,0.584841330860733,0.04353492973032547
1998-07-16 00:00:00,0.015299639253314734,-0.04420309448488979,0.9700844070688854,-0.4946787493578536
1998-08-16 00:00:00,-0.28941722150883514,-0.05135375957597155,0.4261369742485687,0.2472539928843679
1998-09-15 12:00:00,-0.17843759024765496,-0.5601590364688591,0.008313974281785222,0.09492132340971193
1998-10-16 00:00:00,-0.9879239446154306,0.5103539888789764,-0.21113216746171118,-0.3400805222240695
1998-11-15 12:00:00,-0.07821215898332376,-0.2882530354107141,0.3640122366744456,0.3248966732242936
1998-12-16 00:00:00,-0.18222585523124823,0.6969852345157251,1.2173286096019722,-0.5911243579128052
1999-01-16 00:00:00,0.29055528046816753,-0.13240186330192694,0.13525965950996532,-0.2560173645417942
1999-02-14 12:00:00,-0.011720316627211624,0.28090055204668596,-0.029922779631417675,0.5050713130750438
1999-03-16 00:00:00,1.2408203002746545,0.19078011765664027,-0.7957248612872712,0.8986746358843788
1999-04-15 12:00:00,-0.6815761076542268,0.8115802097997055,-0.8839156826545183,-0.29679603583723385
1999-05-16 00:00:00,-0.27377132905920415,-0.3103192151730443,-0.16200173734517612,0.11789945148910008
1999-06-15 12:00:00,-0.19544289957965488,-0.28452766566177756,-0.1632617065076698,-0.20698371211939717
1999-07-16 00:00:00,0.25918195974703956,0.017087754662149512,-0.4427243251470754,-0.3778359502238219
1999-08-16 00:00:00,0.9792997159820234,0.08895015212865531,-0.19493509405688317,0.5281280657221428
1999-09-15 12:00:00,0.020985040710809755,-0.33860857179512227,0.7270974884327305,-0.24367663614139218
1999-10-16 00:00:00,-0.4673258960411293,0.23124046811900467,-0.11230097105313287,0.1141928799420851
1999-11-15 12:00:00,0.1797705325791738,-0.339147782437093,0.30792016421111484,0.0009237969058181195
1999-12-16 00:00:00,-0.3356460130147611,0.6879970603799267,-0.2627241351322205,0.7522964137244376
2000-01-16 00:00:00,-0.08352712186305244,-0.20741402462824543,0.15905719955827832,0.30547377107652607
2000-02-15 00:00:00,-0.25952902909914854,-0.7003098181862437,-0.0937585698497552,-0.08196819168675148
2000-03-16 00:00:00,-0.7719009673820605,0.31938806814770715,-0.3714153416229001,-0.4308666177425733
2000-04-15 12:00:00,-0.22408762848475478,-0.43439514579741156,0.11850650793066883,-0.21913720266927358
2000-05-16 00:00:00,-0.018762772788827542,0.2242751511393234,-0.11245736949856877,-0.5294273587947713
2000-06-15 12:00:00,-0.35607883631523857,-0.6052862041102389,-0.008198827743411328,-0.35194177445460906
2000-07-16 00:00:00,-0.704960772238272,0.23911701779274386,-0.14756131462975888,-0.39357605753603175
2000-08-16 00:00:00,-0.684936998680806,-0.03702530742125254,-0.11363018424251706,-0.1214248721488572
2000-09-15 12:00:00,-0.26663859431744186,-0.5390977663428913,0.056491256311078694,0.3774121387000403
2000-10-16 00:00:00,0.10698880968158009,-0.529740971306164,0.01248530372398967,-0.08741239333695833
2000-11-15 12:00:00,0.023421384739376994,-0.2236746019246243,0.9197842492807102,-0.39627536151063913
2000-12-16 00:00:00,-0.4478580242615676,-0.22437265218765223,-0.17876388095492524,-0.12773586794739392
2001-01-16 00:00:00,-0.05625792661800788,-0.4072860942997136,0.5209872321739039,0.14388866737585226
2001-02-14 12:00:00,0.04492802191761641,-0.6475590287521682,-0.12386808779259488,-0.36367043751782996
2001-03-16 00:00:00,-0.08860965227820325,-0.1807497066441084,0.31998784535509056,0.37692668446217437
2001-04-15 12:00:00,-0.33217458849897924,-0.027469540818557237,-0.15265841148641593,0.9636949772615148
2001-05-16 00:00:00,0.7542372780211435,0.10754774746317208,-0.6795123199795252,-0.19602557240093127
2001-06-15 12:00:00,0.6298488739937158,-0.09546550756988026,-0.3748944176963545,1.6823271974838687
2001-07-16 00:00:00,0.03331587806546238,-0.2729703861867383,-0.13844195960132885,0.004419138932235056
2001-08-16 00:00:00,-0.25715338889883405,-0.770844495374549,-0.04789137580124084,-0.21460196699855472
2001-09-15 12:00:00,-0.8611589968574886,1.2226412343341018,-1.0603621802226737,-0.29811081746297396
2001-10-16 00:00:00,-0.015011491532930188,-0.6479148919857753,-0.06433684011801198,-0.25426720126315205
2001-11-15 12:00:00,0.27666992705458177,0.15940587996697586,-0.15066832282902254,0.455386742606785
2001-12-16 00:00:00,-0.525072583667596,-0.16769365433064642,-0.28370958899851906,-0.29968133702383193
2002-01-16 00:00:00,-0.44311445886288375,0.012019068436395552,-0.33641759062107446,-0.42744039825027336
2002-02-14 12:00:00,0.007795138249948985,-0.3287918610934638,-0.30440611726110695,-0.2369712141746213
2002-03-16 00:00:00,-0.05452510539922617,-0.3191271456358894,0.17296283497072037,-0.35802366106597705
2002-04-15 12:00:00,-0.6392089440741096,0.09703611846824745,-0.06030595515166355,-0.13123949013706002
2002-05-16 00:00:00,0.06123575233723377,0.14652511531591184,-0.12048900635916318,-0.30473918581852144
2002-06-15 12:00:00,0.03276316906244098,-0.280141774794474,0.4605005815983175,-0.2996668395886864
2002-07-16 00:00:00,0.25813288436326415,-0.14552463356924683,-0.2600318826305794,0.02815460972588335
2002-08-16 00:00:00,0.11623448726061275,0.2400072293834442,0.46176193095181145,-0.4179487935111309
2002-09-15 12:00:00,0.3590965261219375,0.3664468660491672,1.554516627817272,-0.6089821682492955
2002-10-16 00:00:00,-0.8630680520075711,0.5856224152912438,-0.19709489413898004,0.2363590139659526
2002-11-15 12:00:00,1.01243031434247,0.19713762049282513,0.3265701344130716,-0.5324220282554111
2002-12-16 00:00:00,-0.07485373430522865,-0.288954623906862,-0.3181274159013762,0.28605778151567296
2003-01-16 00:00:00,0.7563689836777294,-0.16273410594706217,-0.4264689578558138,-0.49265065819284093
2003-02-14 12:00:00,-0.2130397917067762,0.987546313032773,-0.033775775968680165,-0.35791595485485317
2003-03-16 00:00:00,0.3456767405083067,-0.0514088119281193,-0.024392386953901217,0.07574199187430952
2003-04-15 12:00:00,-0.17964152306236644,0.2545406193194272,0.06227568160623401,-0.19531802159452172
2003-05-16 00:00:00,-0.37571048596247747,-0.6194048248118096,-0.08388065807805584,-0.23093624551055597
2003-06-15 12:00:00,-1.0592148656837355,0.5737696083633282,-0.5360672594427075,-0.08541068070059948
2003-07-16 00:00:00,-0.3745951393418171,0.357908734269888,-0.1927132042837747,1.8386301529629776
2003-08-16 00:00:00,1.167653919621464,0.4996551546562594,-0.803350263812873,-0.34171173833431034
2003-09-15 12:00:00,0.806758852834369,-0.1070807692531841,-0.09011973339199493,0.3506416926409748
2003-10-16 00:00:00,-0.07940751526866127,-0.45387264020335805,0.1272467380466751,-0.2931484057190452
2003-11-15 12:00:00,0.23063392811112254,0.15531615424180767,1.1288814064346733,0.6939359083264175
2003-12-16 00:00:00,1.4926157772013664,0.7193674305949188,0.1167676250718106,0.6826021314005586
2004-01-16 00:00:00,-1.0601836035271788,0.4443864295993639,-0.4532194588841238,-0.12626744460582007
2004-02-15 00:00:00,-0.15409708832021407,-0.1778902518813007,0.3746500467211325,-0.013441062999270725
2004-03-16 00:00:00,-0.14991207614253957,-0.6448061601370696,-0.00627098283550306,-0.12170432505090106
2004-04-15 12:00:00,0.39016476225473057,-0.338894568772658,-0.3018125901743764,-0.2676752810901873
2004-05-16 00:00:00,-0.005387878725612361,-0.22741961013388212,0.002875294169049733,1.759867179176351
2004-06-15 12:00:00,-0.14236613917866855,-0.39121095309519166,0.1975490854385036,0.8935973253300761
2004-07-16 00:00:00,-0.15605528423718135,-0.13597281354454793,0.34830432408583417,-0.1371913738471183
2004-08-16 00:00:00,-0.2782842209682981,-0.30580586786802644,-0.05024165168502909,-0.32703373009471737
2004-09-15 12:00:00,-0.25672206791914653,-0.7180268642762444,-0.052581387538731365,-0.21902642021410423
2004-10-16 00:00:00,0.08463915017981499,0.4918700423936072,-0.9557041401422867,-0.24421934467059103
2004-11-15 12:00:00,-0.0427346541126265,-0.01432706559027952,0.1720163392048769,0.08911453460528213
2004-12-16 00:00:00,-0.49320897334953173,0.23024471051420592,0.2560985143320921,-0.1526343978780683
2005-01-16 00:00:00,0.31691724420996586,-0.24979620065671393,0.4405717307580513,-0.24166703390757893
2005-02-14 12:00:00,-0.0336678406076753,-0.6836709049356162,-0.16858402901556216,-0.3592763281939501
2005-03-16 00:00:00,0.14126199597396066,-0.07457098349718405,0.7383181940251035,-0.43716702531434326
2005-04-15 12:00:00,0.15943889232279929,0.3910780362012357,-0.09895605363364242,0.3610181245061551
2005-05-16 00:00:00,-0.09201318963459001,0.7129065949281036,-0.5713795381410212,0.4663296154522888
2005-06-15 12:00:00,-0.6080256953540291,1.0219492912405772,-0.5313102914120525,1.8663856001099561
2005-07-16 00:00:00,-0.606443886682511,-0.29662036591635266,-0.16677692028288169,-0.3135420378499398
2005-08-16 00:00:00,-0.22513597361487875,-0.40782454336642393,0.07971129813438757,-0.0805816239167857
2005-09-15 12:00:00,-0.4301533057774212,0.03309725383884732,0.14510961013183493,0.21424094550847272
2005-10-16 00:00:00,0.17914108910068977,0.2595554959865548,0.4981033117763154,0.9099072730479231
2005-11-15 12:00:00,0.014319124441449005,-0.23209224145080043,-0.036763940367886015,0.8399688772740482
2005-12-16 00:00:00,-0.014676566328945706,1.4775204866752696,1.91993822567508,0.09102921224280891
2006-01-16 00:00:00,0.05659743619470564,-0.20989171003268325,-0.16774315601763862,-0.2308787259068371
2006-02-14 12:00:00,0.06246568995045071,0.3121750497594594,-0.6381825623769466,0.01948145834259518
2006-03-16 00:00:00,-0.15618651288034277,0.7349880150485882,0.8679447583537182,0.4112514307831726
2006-04-15 12:00:00,-0.1271797563410746,-0.026466965541789955,-0.05267784298241821,0.7004752020404906
2006-05-16 00:00:00,0.16841817557888472,0.007903403282218502,-0.2875081592567953,0.41937436062267264
2006-06-15 12:00:00,0.17101443289689472,0.05678207414311909,0.9591886052808378,-0.023821424227252752
2006-07-16 00:00:00,-0.5266392844471647,0.13666857825766454,-0.18383195111193731,-0.37864780436544093
2006-08-16 00:00:00,-0.08085357379694183,-0.33805805689305657,0.05743369315830725,-0.31541194152504426
2006-09-15 12:00:00,1.083001037408086,-0.019266764127625846,-0.9124120579383902,-0.4259272204248238
2006-10-16 00:00:00,-0.3671035875840175,-0.48385187054435663,-0.01760085350834511,-0.142494436493385
2006-11-15 12:00:00,-0.2036607710785971,-0.5359932759682489,0.01631662587969704,0.275077494130176
2006-12-16 00:00:00,0.2993946768673739,-0.08921916690157483,0.5848880811040714,0.01063906460401065
2007-01-16 00:00:00,-0.14073690992805973,-0.22086599064254253,-0.3154825774234398,0.0794888905211204
2007-02-14 12:00:00,0.2927328006108351,0.06623402969244585,0.025678441027708415,0.3834137833461233
2007-03-16 00:00:00,0.8708841142991728,0.5364498849219933,-0.6122493527326992,-0.04560769426812028
2007-04-15 12:00:00,0.18918885682814895,-0.5961347733390696,-0.2064962691489642,-0.08658002916234783
2007-05-16 00:00:00,1.9623976402632581,1.2723100682651456,-0.14268594720035857,0.9102875459529888
2007-06-15 12:00:00,-0.06526297143655257,-0.5363279493789257,0.04446361914748986,0.6613982984172121
2007-07-16 00:00:00,-0.447646379982686,-0.5268097975993338,-0.1170241690073861,-0.33997309641459655
2007-08-16 00:00:00,-0.22304460358634798,-0.44233688678737143,0.14831995966497855,-0.09842323123901042
2007-09-15 12:00:00,-0.5372500716585719,0.5624192695263187,0.2106414951969605,-0.09413845364029799
2007-10-16 00:00:00,-0.3982076417631829,-0.5423229263258651,-0.0027435160573544212,-0.0958935760057667
2007-11-15 12:00:00,-0.41934832024100066,0.17357083108466564,-0.2305152242020066,-0.22438053225836263
2007-12-16 00:00:00,-0.10990467099610479,0.2674779943788764,-0.034610160498945476,0.10148530454378824
2008-01-16 00:00:00,0.03874532072103182,-0.5467044377051992,0.19018511638775926,-0.2102744022580243
2008-02-15 00:00:00,-0.18930255051740752,-0.19995760683717378,-0.23333397983179538,0.09099159747171492
2008-03-16 00:00:00,-0.6448072210354969,0.5722890958037555,-0.16119494513032492,-0.28256163719321753
2008-04-15 12:00:00,-0.10491157957587363,0.21763367539965095,-0.14997611474979766,0.1879664971631207
2008-05-16 00:00:00,0.44401307416469976,0.09708534026869353,0.9173404464618372,-0.03520816285709094
2008-06-15 12:00:00,0.39611005722586473,-0.029201005875827857,0.12502854195009158,-0.4238612078168584
2008-07-16 00:00:00,-0.04395677790688879,-0.5281267799014342,0.2997676409581777,0.03835413468470511
2008-08-16 00:00:00,-0.5805646686955187,-0.27828024660456707,-0.24980130357792193,-0.12352002966321377
2008-09-15 12:00:00,-0.18026165569474442,-0.7441817801818358,-0.06799508367941184,-0.27786204502895623
2008-10-16 00:00:00,-0.03610214843215204,-0.29205558620336924,0.6589222822096428,-0.42433055111747536
2008-11-15 12:00:00,-0.4454411355958155,0.18662169143452634,-0.14567527442199887,-0.37988720386354824
2008-12-16 00:00:00,-0.4012259179424843,-0.4134511135959802,-0.02035102722322238,0.08888533237935103
2009-01-16 00:00:00,-0.057826518786880554,-0.10244589599167542,0.1525058790143045,0.9304565144851421
2009-02-14 12:00:00,-0.3727384658169637,-0.03508306480806922,0.1931493997826849,0.43790347778430694
2009-03-16 00:00:00,0.18916835488948686,-0.32046835813544405,0.163754364523182,-0.18050840367877263
2009-04-15 12:00:00,0.010833427806190676,-0.3174089874670948,0.11679349542859216,-0.18125347326514954
2009-05-16 00:00:00,-0.5667610668780843,0.396437309657237,-0.5553273231645685,0.09420989121161927
2009-06-15 12:00:00,-0.4344542432163049,0.31533894423053643,-0.1975171065629058,-0.39515563460264214
2009-07-16 00:00:00,0.12736806744835566,-0.025481342379260363,0.35437475471847185,-0.5352846622146092
2009-08-16 00:00:00,-0.173237328285301,-0.5739438741537732,0.10880712796748368,0.3663858293470139
2009-09-15 12:00:00,-0.19432380888484607,-0.5015046336534716,0.2560871758355439,0.12116209659637239
2009-10-16 00:00:00,-0.4179021812054672,-0.09824021730621513,0.21103932943313541,-0.39381608146958713
2009-11-15 12:00:00,-0.41890252832423647,0.04582276468503166,-0.170555567970956,0.22737076460952832
2009-12-16 00:00:00,-0.28790132674598734,0.057300668109162456,-0.40964284066700735,-0.3123269970477996
2010-01-16 00:00:00,0.31479421374417876,0.04247372490075518,-0.6792118218593046,-0.4170325261205571
2010-02-14 12:00:00,-0.3393846260192429,-0.1013493910930432,-0.18683235641090687,-0.058539547183504126
2010-03-16 00:00:00,0.4832293839181742,-0.14123649815736927,-0.11592504787476207,-0.2170710176084924
2010-04-15 12:00:00,0.8679514979475671,1.0414961401909406,-1.0726604706876364,-0.23497853190983134
2010-05-16 00:00:00,-0.16312634733177825,-0.15238396045771863,0.43231327614247966,0.46478150741940283
2010-06-15 12:00:00,0.30316366357811325,0.10257868349737853,0.7436187060923742,0.44485449172498437
2010-07-16 00:00:00,0.17167733502152627,0.05475013410495366,-0.691409750211138,-0.08601155395503729
2010-08-16 00:00:00,-0.03504261355296351,0.034528307717941686,-0.08411138166646398,-0.3456407032821003
2010-09-15 12:00:00,0.18212131743679544,0.14858827053526713,-0.027808542884214187,0.016129244981234026
2010-10-16 00:00:00,0.9770891164899491,0.15852226222866717,0.01113605385912305,0.8263662699012894
2010-11-15 12:00:00,0.4355892822003607,-0.2551086593946842,-0.05182051483179707,-0.19866576167245736
2010-12-16 00:00:00,-0.28441288215200544,-0.5060525849509299,-0.11053121779683157,0.09701165952245566
2011-01-16 00:00:00,-0.2824408406624264,0.20998576745438202,-0.07775801856658753,-0.19286357029991283
2011-02-14 12:00:00,-0.271897245013608,0.1213256349104267,0.43854563337547064,-0.09171547595318416
2011-03-16 00:00:00,0.7494686622651077,0.17963471486557292,0.1849855477166726,0.41008953393581515
2011-04-15 12:00:00,0.08498584806256665,0.8673046527190941,0.4075008680781502,0.19724434520210576
2011-05-16 00:00:00,0.6619893994983501,-0.24462621869780887,-0.13538544786645068,-0.06423819507934309
2011-06-15 12:00:00,-0.3866576094410789,0.054511423125657044,0.25625640222822565,0.29089164201541295
2011-07-16 00:00:00,0.08687687622839185,1.8849537601552377,-0.9013283715731496,-0.4781002113872333
2011-08-16 00:00:00,1.0782123134333097,0.27724218656452926,-0.08182415830079384,-0.20471530526459544
2011-09-15 12:00:00,-0.49445923590934815,-0.06385708016790392,-0.14291408402455474,1.0433710422949662
2011-10-16 00:00:00,-0.012239616666096298,-0.4345807973859965,0.008345861375645858,0.83587444804679
2011-11-15 12:00:00,0.038556046372965835,-0.23362929066697646,0.1408679346766035,-0.2900021682928558
2011-12-16 00:00:00,-0.570542004712609,0.6760551695920586,-0.5214297698441775,0.7321455043883135
2012-01-16 00:00:00,-0.4423694241717849,-0.10881137670871488,0.022206494974876374,-0.12605690724052296
2012-02-15 00:00:00,-1.0174198699730423,0.3857225038898592,-0.3215550800572381,-0.40368538737680326
2012-03-16 00:00:00,-0.25811313864622415,-0.41310101937837657,-0.08290678658096233,0.10718681441629702
2012-04-15 12:00:00,-0.1293970811137697,-0.7431495815440402,-0.07890233009387737,-0.34462477710584133
2012-05-16 00:00:00,-0.7959144056206241,0.584183015635427,-0.31482322639065863,-0.10826588933354511
2012-06-15 12:00:00,-0.4792754970531242,-0.027691636669071262,-0.048443921427690495,-0.29230128170310016
2012-07-16 00:00:00,0.18698622031482232,-0.16405630094470502,0.3723098841187067,0.22702161167227053
2012-08-16 00:00:00,0.9976710009751164,0.3968994010874459,-0.189833738277127,0.29206530807526176
2012-09-15 12:00:00,-0.33978182880800956,0.07962915223331579,-0.05307277995717029,0.6074924112450241
2012-10-16 00:00:00,-0.19591445890342404,0.10327658241328941,0.2501380629329501,-0.4598922008327143
2012-11-15 12:00:00,0.35308235995493703,-0.28370184608110305,-0.013054385923884143,0.35053669169647483
2012-12-16 00:00:00,-0.03204325830719795,0.3492286476094354,0.792080039074179,0.6077216419939044
2013-01-16 00:00:00,-0.3900343510772961,-0.37123203141514516,-0.01397545704418566,0.6439098285960947
2013-02-14 12:00:00,-0.3387487645999213,0.6372155392493716,0.5192573035099689,-0.3569181810290037
2013-03-16 00:00:00,0.07072982839520281,-0.09213257061054658,-0.07245644835986001,-0.42842859954496393
2013-04-15 12:00:00,-0.868755487150594,1.102951936207071,-0.21597033874012153,-0.42404252527520425
2013-05-16 00:00:00,-0.31512033746864637,-0.4717537802630013,0.17483231552486833,-0.2732388858610879
2013-06-15 12:00:00,-0.5260398497718308,-0.1430817749725779,-0.03201577394005755,-0.011817686747540412
2013-07-16 00:00:00,-0.529476003045782,0.053954470388075104,0.19136565743968773,-0.43721672846070775
2013-08-16 00:00:00,0.9830420800044186,-0.12458984396196227,-0.5737979009621589,-0.4414374473995144
2013-09-15 12:00:00,0.22873367622823654,-0.2804522108307198,-0.3961127514473512,-0.12459925794607032
2013-10-16 00:00:00,-0.1386034659050374,-0.2356544836510409,0.11059777456401979,0.08614276181694475
2013-11-15 12:00:00,-0.271234017922618,-0.7475327021524366,0.13276990333177915,-0.3011440117048005
2013-12-16 00:00:00,-0.8305541557850635,1.2410187501830428,0.08793500780773794,-0.08518715088617221
2014-01-16 00:00:00,-0.76158086984412,0.17851809873048297,-0.2828007765493635,0.15891130246971868
2014-02-14 12:00:00,-0.10641050200315508,-0.3595151492852272,0.01300194440661305,0.11912583309365421
2014-03-16 00:00:00,0.23383233720991575,-0.5467368817272802,-0.3735329163030256,-0.11750278933154903
2014-04-15 12:00:00,-0.09314023622071796,-0.2714386809120627,-0.28032271822059734,0.4467596402746056
2014-05-16 00:00:00,-0.2505994591117569,-0.2968697157590132,-0.050067467121039454,-0.2884201189301261
2014-06-15 12:00:00,-0.014587495059262212,-0.025484682233710476,0.6084620549794876,-0.5206889764189447
2014-07-16 00:00:00,0.4138864528811021,0.4924280728283926,1.277691492383696,-0.38290690208883577
2014-08-16 00:00:00,0.3055992668838737,0.025151805721410514,-0.07438107851700576,0.3260049501171598
2014-09-15 12:00:00,1.657857597939372,0.30944816796768604,-0.8366395553299629,-0.38341846123898127
2014-10-16 00:00:00,-0.3919687293915778,-0.1957176155889171,-0.4038764655614534,-0.31084347381077526
2014-11-15 12:00:00,-0.5512615762843842,-0.0982893202492996,-0.2921740256858519,-0.07982395686488625
2014-12-16 00:00:00,-0.13421765736388405,-0.5708325521497374,0.29905859572947346,-0.08708633588334677
2015-01-16 00:00:00,-0.28381703410542314,-0.12007916519639716,0.10966159126157732,-0.0718248552443945
2015-02-14 12:00:00,0.08324403653158702,0.3516299367629435,0.018932922816602984,-0.5629273617674693
2015-03-16 00:00:00,0.28398615689936363,-0.48317861167469456,-0.15173792006261716,-0.23257314100519094
2015-04-15 12:00:00,-0.2969965922518301,-0.23968117456352023,0.286633680873622,-0.419421697555722
2015-05-16 00:00:00,-0.12283233758309076,-0.2771666391368395,-0.24439896861373642,-0.3451543345976803
2015-06-15 12:00:00,-0.4876658721751598,0.31046274173718735,-0.46420302435592087,-0.018021329213333492
2015-07-16 00:00:00,0.8429446921697279,0.019554651731816697,-0.12315430640513333,-0.2066136445400809
2015-08-16 00:00:00,0.4026276327858163,-0.18361008485484076,-0.16560038661603624,-0.1872388608335546
2015-09-15 12:00:00,-0.11589899867946149,-0.2934288560529601,-0.1490122320773022,-0.0971164173662363
2015-10-16 00:00:00,-0.3900364192741873,-0.17134163016265735,0.1873046636467932,0.12517490951823368
2015-11-15 12:00:00,0.2757719165402746,-0.08777813506655407,0.1358797786536009,-0.41967117182489
2015-12-16 00:00:00,-0.395918981785337,-0.3679768571180453,0.004255895359175182,0.5097317104592496
2016-01-16 00:00:00,-0.14465593948654432,-0.5368208838749363,0.1146956533511683,1.3270135208706906
2016-02-15 00:00:00,-0.11888442659257498,0.8436505022628392,1.2627229306946681,-0.701311505727688
2016-03-16 00:00:00,-0.6998527017398709,0.2592240123939177,-0.40905880464401817,-0.0030866217758176995
2016-04-15 12:00:00,-0.613525466239714,-0.09619646250673675,-0.11344969791083558,-0.3754706506329575
2016-05-16 00:00:00,-0.5723874578047266,-0.02525946249853417,-0.29891060828587696,-0.22640433954087807
2016-06-15 12:00:00,-0.7452490758820145,0.7149920561029056,-0.7454149339806246,-0.1904305152457033
2016-07-16 00:00:00,-0.12905768173772086,-0.6525359506922904,0.09049117787848258,-0.3404586104277645
2016-08-16 00:00:00,-0.14906370040916186,-0.46272648999629196,-0.085490918244453,0.08438755718122914
2016-09-15 12:00:00,0.1119735145659661,-0.4197232257084701,0.24883754133328317,-0.3523922691203516
2016-10-16 00:00:00,0.9617562501837174,0.4079883153642977,-0.9150680526660225,-0.3833355270599008
2016-11-15 12:00:00,-0.2870613071200113,-0.060068523759762904,-0.36736270808195426,0.27734124699670104
2016-12-16 00:00:00,0.5946375631035938,-0.16041362878418897,0.18979971142816743,-0.451812697839724
2017-01-16 00:00:00,0.33465548424863273,-0.3647691937396538,-0.18395695498543518,0.48048560574150345
2017-02-14 12:00:00,0.6250874186705904,0.687744185874745,1.973054867363444,-0.17990901928380373
2017-03-16 00:00:00,0.10396068418178328,0.29410111155613505,-0.5118351956749794,-0.22909133009176497
2017-04-15 12:00:00,-0.2103488462579614,-0.03439983642749689,0.33357078237233717,-0.4310497718456199
2017-05-16 00:00:00,-0.025858266771310423,-0.6390926480979128,-0.0646938913355843,-0.1537800393114534
2017-06-15 12:00:00,-0.37199811559904544,-0.3409534854628343,0.12831130005271696,0.045990666190189544
2017-07-16 00:00:00,0.580987119590878,-0.25614805700610344,-0.5437458949465601,-0.03565702816765948
2017-08-16 00:00:00,-1.0384769721325868,0.7971690606015583,-0.6500505074480305,0.22755233801063512
2017-09-15 12:00:00,-0.19535217214249723,-0.2457736326126423,-0.1231205730877732,0.14910477869529182
2017-10-16 00:00:00,-0.3023659269916476,-0.568535206217849,-0.04052957791246667,0.2712016614574153
2017-11-15 12:00:00,-0.2524446896243351,0.0131789886419178,-0.3541262595859407,-0.21671475965962475
2017-12-16 00:00:00,-0.19759970004503044,-0.4286107262047486,-0.16471761063690196,-0.2151835595071528
2018-01-16 00:00:00,-0.17581577130444687,-0.6804853394651086,-0.07703495706964958,-0.31133727494519353
2018-02-14 12:00:00,0.33049915873542074,0.14080523556897495,-0.12120079417013188,0.7662111107178068
2018-03-16 00:00:00,0.4957120489047037,-0.19286476450282064,-0.0717544114810145,0.5686800932788876
2018-04-15 12:00:00,-0.522940487852598,-0.20337957678538243,-0.23762089418387364,0.10182940745490643
2018-05-16 00:00:00,-0.025244099337787318,-0.5614539183180385,0.25790875813488195,-0.32413849124382144
2018-06-15 12:00:00,0.3977306369712233,0.30318327341383877,0.8196844997133425,0.1685132105423191
2018-07-16 00:00:00,0.14675787576871752,-0.22724647052707836,0.06819708584577124,-0.006658498722955375
2018-08-16 00:00:00,0.043038716731546245,-0.5067920177321799,0.31523574950805744,-0.38685954509489245
2018-09-15 12:00:00,-0.6978697615209137,0.14180716016665695,-0.4026655739308699,-0.41186773899598994
2018-10-16 00:00:00,0.09206032444290468,-0.02173844330021224,-0.5686527332046772,-0.009862043366609174
2018-11-15 12:00:00,-0.7761437397039956,1.1528722659002457,0.11654979661760517,1.1283987711226797
2018-12-16 00:00:00,-0.3320123888391875,-0.3570290756358976,0.062024961483614666,0.030670099694734665
2019-01-16 00:00:00,0.7047231455921152,-0.3100188142443109,-0.3068918175342475,-0.3233321627068466
2019-02-14 12:00:00,-0.27089810259042335,-0.6099211245532457,-0.1924492893046924,-0.29739026885365927
2019-03-16 00:00:00,-0.2908902215037152,-0.21209144615183662,0.0707191299790274,0.7843798971970696
2019-04-15 12:00:00,-0.26779150109607164,0.628438286887799,-0.6238525602495276,0.05051482904572013
2019-05-16 00:00:00,-0.10931941922624006,0.5249813232893178,-0.5172997430899413,1.4366181270455245
2019-06-15 12:00:00,0.041264720057876014,0.1842559809800658,-0.2130099154659998,0.9541867762123651
2019-07-16 00:00:00,-0.3427600419923064,0.7266862584635269,-0.21020321867693864,-0.28513213150515254
2019-08-16 00:00:00,-0.47674226700160194,0.310072347447501,0.1277349876057372,-0.3151422699478536
2019-09-15 12:00:00,0.230113139288244,-0.32361791126616757,0.3945153558724498,-0.17313241938725998
2019-10-16 00:00:00,-0.28048876342144513,-0.06524803514263344,-0.3558263802816801,0.0018219640600029563
2019-11-15 12:00:00,-0.13480005831789726,0.14714897329434617,0.28662203590358515,-0.12826273889256323
2019-12-16 00:00:00,-1.1311004044758382,1.5273180335303729,-0.3680974803822675,0.464198833836432
2020-01-16 00:00:00,-0.006587420252407994,-0.5891871010979608,-0.1860223973058527,-0.2545807684047128
2020-02-15 00:00:00,-0.2142815671143678,-0.38475983555414156,0.03796152702153256,0.12691323800841903
2020-03-16 00:00:00,-0.2629402427520299,-0.7303202774936096,0.03492309458856299,0.002321994792579163
2020-04-15 12:00:00,0.176440700697312,0.012021099624056286,0.24063566783963491,0.22617028095545222
2020-05-16 00:00:00,0.2804892926918601,-0.267531204684866,-0.0360215100057351,0.915332199030145
2020-06-15 12:00:00,-0.1872193342470217,-0.7817046846716597,-0.013270930213923032,-0.32431040581220366
2020-07-16 00:00:00,0.6251075514852944,-0.283954940478937,-0.2437015504589961,-0.4363314128716173
2020-08-16 00:00:00,-1.03011021756924,0.9586058580512334,-0.05483528867801006,-0.11485773042290476
2020-09-15 12:00:00,-0.324381035541174,-0.2001018715516446,0.1061157334614026,-0.4216656138925949
2020-10-16 00:00:00,0.27217573019959634,-0.28759784193942606,0.22401519777139545,0.13127300036872303
2020-11-15 12:00:00,-0.11481782884711453,-0.0972835422896764,-0.37038445175025514,0.08183036332894217
2020-12-16 00:00:00,-0.31811529454339665,-0.46683664634464994,0.14321310678124,-0.31198194722516814
2021-01-16 00:00:00,-0.5421619143522323,0.912085829297642,-0.16993030368244708,-0.2699496781417899
2021-02-14 12:00:00,0.5874626735273711,0.12003953178211824,-0.7339180004308187,0.1842103594424822
2021-03-16 00:00:00,0.07051885570161892,-0.07119416786375854,1.084790079568216,-0.11884003032382015
2021-04-15 12:00:00,-0.2531004409453246,0.5975780320901974,0.7262368306611262,-0.45657188466047605
2021-05-16 00:00:00,-0.30748010400394443,-0.22601381645522212,0.20624775115407512,-0.260156713959197
2021-06-15 12:00:00,0.14468796741484502,-0.3399118324366387,-0.21432577835458105,-0.0038003841591011667
2021-07-16 00:00:00,-0.5436224293587348,-0.15378367123041647,-0.06613761486643077,-0.09616922129467825
2021-08-16 00:00:00,-0.3743879875631907,-0.06538006337368463,-0.26392355180712906,-0.25027177417011104
2021-09-15 12:00:00,0.5658951246000636,0.3500018400869017,0.24092355896031975,-0.6314415001100799
2021-10-16 00:00:00,-0.36309465798083784,-0.2713645887833387,-0.13268401713524627,-0.2419490985475401
2021-11-15 12:00:00,0.0511464228361348,-0.4702409370507357,0.045409424383709665,0.22678769767704754
2021-12-16 00:00:00,-0.6967035672590554,0.5045648219870121,-0.7013603378380203,-0.3389975356580138
2022-01-16 00:00:00,-0.26126727891952334,-0.310399510145282,0.3216315412219243,-0.2956061613068857
2022-02-14 12:00:00,-0.22455083379310598,-0.7773575313747682,-0.006219190670070492,0.0008542082976023546
2022-03-16 00:00:00,0.9957641517223252,-0.22073251110455416,-0.7234608199459087,0.18948775909587268
2022-04-15 12:00:00,-0.41729725041299054,0.7134627477248118,-0.3113134352124345,-0.29522511087795994
2022-05-16 00:00:00,0.4333542044549014,0.014509548842415287,-0.4374949505491949,0.7819360663738425
2022-06-15 12:00:00,0.0845491265638551,-0.01086763980739991,0.24687446224407716,1.150270674945371
2022-07-16 00:00:00,0.04560081761737983,0.9731522747140239,0.22992681603870635,0.9325751634129537
2022-08-16 00:00:00,-0.6803795139523514,0.7269633553798206,-0.22730550271795133,0.4551787705877197
2022-09-15 12:00:00,-0.18704757948982226,-0.3990829503780752,-0.08593734491713281,-0.11359778944278529
2022-10-16 00:00:00,-0.7820679008670202,0.09427868264978934,-0.42004178004844517,-0.352320570140282
2022-11-15 12:00:00,0.2857882095160292,0.1292201719505951,0.5940584405895043,-0.5116327677063556
2022-12-16 00:00:00,0.5147796892204954,0.10498923068211807,-0.058917777587335365,-0.3739360169643771
2023-01-16 00:00:00,-0.3218303892881926,-0.4213083619342056,-0.2073541575705484,-0.21147770363428905
2023-02-14 12:00:00,0.1687461528144064,0.045644838735195314,0.024392423464889602,0.5396850152292577
2023-03-16 00:00:00,-0.006999391001504929,0.5194139793852973,0.341150137574789,-0.27103073523659227
2023-04-15 12:00:00,-0.4872626977118947,-0.21250154241073915,0.07535125261980777,-0.2818997054854597
2023-05-16 00:00:00,0.2893482058366717,-0.16183223947404923,-0.38609552645202305,0.8321832300430655
2023-06-15 12:00:00,-0.004874305992278005,-0.367072882327407,0.3019123572925029,0.5590995569735931
2023-07-16 00:00:00,-0.4797540725364091,-0.19771352770459494,-0.31344850927364454,-0.25806250205399994
2023-08-16 00:00:00,0.0803143861032744,-0.3004626114578065,0.43637075978466405,-0.00889124600618768
2023-09-15 12:00:00,0.14908993916305624,-0.1607096068322199,-0.15095172500221082,0.2007300718313626
2023-10-16 00:00:00,-0.2970948546159735,0.3724845509495457,0.38842759898299745,0.24349763598940355
2023-11-15 12:00:00,-0.04158348193811745,-0.3432941875336575,0.04687258784016553,-0.404603319898928
2023-12-16 00:00:00,-0.2728238705746705,0.29998209559064726,0.6369346918228186,-0.07675967604461464
2024-01-16 00:00:00,-0.008780678259748487,0.7343575369460856,0.7953785348534873,0.2870900243439295
2024-02-15 00:00:00,-0.2150853660063538,-0.5024127948298314,0.16822297106240855,-0.1045727487547653
2024-03-16 00:00:00,-0.4967054503044047,-0.45310343363057765,-0.13187702366399995,0.06870574429793769
2024-04-15 12:00:00,-0.14103048670036694,-0.4907761061331494,0.05121001115782883,0.6343113433405608
2024-05-16 00:00:00,-0.3558595622966115,-0.3381552351831779,0.1411674010201401,0.2782469791688479
2024-06-15 12:00:00,0.6690073999724586,-0.1409715371332676,-0.04528580348647027,-0.4948744570370618
2024-07-16 00:00:00,-0.30894980598172267,0.3650030920165209,-0.2882909186770298,-0.0016903682567175893
2024-08-16 00:00:00,0.3340339011128583,-0.2060338656858256,0.3214638280917512,-0.14126238000669844
2024-09-15 12:00:00,0.10898882445889446,-0.09377214507826603,0.6012916513989611,-0.11715182656410392
2024-10-16 00:00:00,0.329986892670496,0.5809547954106463,1.66588492288091,-0.6326133679068153
2024-11-15 12:00:00,0.02728445320891726,-0.4653625417343433,-0.3435677880019454,-0.33765205795448794
2024-12-16 00:00:00,0.8556744428236096,0.12989629458786023,-0.03400436598733905,-0.023944343094666698
2025-01-16 00:00:00,-0.016151507502054352,-0.6567598535186765,0.009053339275320406,-0.3668920990503173
2025-02-14 12:00:00,-0.23380767858037604,-0.6720522262295073,-0.036554965272426646,0.02749273939330754
2025-03-16 00:00:00,-0.8896710315509282,0.7787934517113496,-0.35401136525836624,0.2434652164787393
2025-04-15 12:00:00,-0.14483799049362273,0.24144099636893668,0.1056902451111553,-0.004087952134603778
2025-05-16 00:00:00,0.2694080785780904,-0.32075102254153354,0.22398700239487251,-0.24928248825346686
2025-06-15 12:00:00,-1.0058568601307722,1.441193034782502,-0.07111107874195022,-0.34796910139856657
