time,latent_dim,latent,alpha,beta,lambda
1940-01-16 00:00:00,0,0.55517554,1.0005779,2.0022416,0.49972886
1940-01-16 00:00:00,1,0.34809592,0.9988435,2.0055952,0.49802846
1940-01-16 00:00:00,2,0.8539427,0.99964803,1.9996245,0.49991786
1940-01-16 00:00:00,3,0.3058913,1.0027255,2.0072277,0.49955744
1940-01-16 00:00:00,4,1.8912715,1.000483,2.0064993,0.49862117
1940-01-16 00:00:00,5,0.15535441,0.997195,2.0042067,0.497551
1940-02-15 00:00:00,0,0.79197997,1.0006255,2.002299,0.49973828
1940-02-15 00:00:00,1,1.2900212,0.99882007,2.005554,0.49802703
1940-02-15 00:00:00,2,0.09496082,0.99958193,1.9996995,0.49986607
1940-02-15 00:00:00,3,0.16647942,1.0026178,2.0071983,0.4995111
1940-02-15 00:00:00,4,0.20089035,1.0005145,2.0065825,0.4986162
1940-02-15 00:00:00,5,0.066820085,0.9973122,2.0042696,0.49759382
1940-03-16 00:00:00,0,0.14490297,1.000524,2.002191,0.49971455
1940-03-16 00:00:00,1,0.9087047,0.99887836,2.005647,0.498033
1940-03-16 00:00:00,2,0.636604,0.9997336,1.9995563,0.49997774
1940-03-16 00:00:00,3,0.36515126,1.0028431,2.007262,0.4996075
1940-03-16 00:00:00,4,1.190888,1.0004575,2.0064123,0.49863008
1940-03-16 00:00:00,5,0.29260978,0.9970686,2.0041456,0.49750307
1940-04-15 12:00:00,0,0.15988551,0.99999577,2.0034556,0.49913546
1940-04-15 12:00:00,1,0.7896146,1.000147,2.007324,0.4982489
1940-04-15 12:00:00,2,0.883087,1.0016352,2.0013678,0.50047535
1940-04-15 12:00:00,3,0.7987903,1.0033991,2.0082915,0.49962825
1940-04-15 12:00:00,4,0.23573726,1.0011605,2.0065155,0.49895477
1940-04-15 12:00:00,5,0.8660777,0.99650484,2.0050175,0.49700555
1940-05-16 00:00:00,0,2.651456,0.9994399,2.005959,0.49823543
1940-05-16 00:00:00,1,0.08540451,1.0017881,2.0106504,0.49824083
1940-05-16 00:00:00,2,0.25482783,1.0034604,2.0078454,0.49976975
1940-05-16 00:00:00,3,0.52489346,1.0014917,2.0105574,0.49811643
1940-05-16 00:00:00,4,0.006020386,1.0020598,2.0073924,0.49918482
1940-05-16 00:00:00,5,0.48356572,0.9973096,2.0078444,0.4967066
1940-06-15 12:00:00,0,0.6009132,0.99958086,2.0057096,0.49836767
1940-06-15 12:00:00,1,0.07993813,1.0016806,2.0097885,0.49840102
1940-06-15 12:00:00,2,0.03960567,1.0034997,2.005908,0.5002721
1940-06-15 12:00:00,3,1.4662925,1.0024319,2.0098805,0.49875197
1940-06-15 12:00:00,4,0.109684035,1.0022054,2.0073304,0.49927273
1940-06-15 12:00:00,5,0.23732391,0.9970124,2.0071976,0.4967186
1940-07-16 00:00:00,0,0.4872138,0.9971646,1.9966469,0.4994196
1940-07-16 00:00:00,1,1.5032005,0.99867,2.0035706,0.49844512
1940-07-16 00:00:00,2,0.024569103,1.0014505,2.007297,0.498905
1940-07-16 00:00:00,3,0.79980314,0.99593407,2.0036008,0.4970721
1940-07-16 00:00:00,4,0.08479193,0.9990997,1.9987603,0.49985966
1940-07-16 00:00:00,5,0.051078644,0.99681276,2.0018978,0.4979339
1940-08-16 00:00:00,0,0.35709473,0.99440485,1.983687,0.5012912
1940-08-16 00:00:00,1,0.92436117,0.99427146,1.9936216,0.49872628
1940-08-16 00:00:00,2,0.46650478,0.99925655,1.9989289,0.499896
1940-08-16 00:00:00,3,0.010659582,0.9945085,1.9945714,0.4986076
1940-08-16 00:00:00,4,2.122782,0.9948091,1.9874343,0.50054944
1940-08-16 00:00:00,5,0.39809272,0.9927557,1.9914956,0.49849758
1940-09-15 12:00:00,0,0.8320988,1.0000677,2.004392,0.4989382
1940-09-15 12:00:00,1,0.5696032,1.0005698,2.00779,0.49834383
1940-09-15 12:00:00,2,0.13059829,1.0020499,2.0027654,0.50033313
1940-09-15 12:00:00,3,0.1247992,1.0028569,2.008535,0.4992977
1940-09-15 12:00:00,4,0.57537127,1.0016979,2.0070953,0.4990784
1940-09-15 12:00:00,5,0.11829702,0.9970761,2.0058618,0.49708116
1940-10-16 00:00:00,0,0.5730218,1.0000781,2.002786,0.49934348
1940-10-16 00:00:00,1,0.32033712,0.99970055,2.0067415,0.49817106
1940-10-16 00:00:00,2,0.0073064608,1.001062,2.00038,0.50043595
1940-10-16 00:00:00,3,0.00029286937,1.0035033,2.0079396,0.4997677
1940-10-16 00:00:00,4,0.24772821,1.0007964,2.0062413,0.4988415
1940-10-16 00:00:00,5,0.105683684,0.9963931,2.00447,0.49708554
1940-11-15 12:00:00,0,0.41674212,0.99991196,2.0044882,0.49883655
1940-11-15 12:00:00,1,0.66253984,1.0007284,2.0084305,0.4982639
1940-11-15 12:00:00,2,0.08876091,1.0022666,2.0031898,0.50033534
1940-11-15 12:00:00,3,0.022256369,1.0030552,2.0090804,0.49926087
1940-11-15 12:00:00,4,0.4349356,1.0015627,2.0070379,0.49902532
1940-11-15 12:00:00,5,0.036684074,0.9967416,2.0059824,0.49688452
1940-12-16 00:00:00,0,0.27613136,1.0006146,2.0022857,0.4997362
1940-12-16 00:00:00,1,0.17466207,0.99882555,2.0055637,0.49802732
1940-12-16 00:00:00,2,0.08162579,0.9995973,1.9996827,0.49987796
1940-12-16 00:00:00,3,0.089712024,1.0026428,2.007205,0.49952185
1940-12-16 00:00:00,4,0.22927429,1.0005075,2.0065634,0.4986174
1940-12-16 00:00:00,5,0.004038535,0.9972852,2.0042553,0.4975839
1941-01-16 00:00:00,0,0.38447046,1.0005416,2.0022044,0.49971998
1941-01-16 00:00:00,1,0.23502836,0.9988651,2.0056303,0.49803054
1941-01-16 00:00:00,2,0.00092642946,0.99970305,1.999575,0.49995777
1941-01-16 00:00:00,3,0.37005013,1.0028062,2.0072517,0.49959165
1941-01-16 00:00:00,4,0.18189278,1.0004629,2.0064392,0.49862605
1941-01-16 00:00:00,5,0.052882873,0.9971076,2.0041633,0.49751815
1941-02-14 12:00:00,0,0.1816202,1.0006064,2.0022752,0.4997347
1941-02-14 12:00:00,1,0.69130486,0.9988293,2.0055707,0.49802747
1941-02-14 12:00:00,2,0.3704926,0.9996083,1.9996687,0.49988693
1941-02-14 12:00:00,3,0.4932089,1.0026616,2.0072103,0.49952993
1941-02-14 12:00:00,4,0.82045346,1.0005015,2.0065486,0.49861813
1941-02-14 12:00:00,5,1.7379038,0.9972646,2.0042439,0.4975765
1941-03-16 00:00:00,0,1.4240245,1.0004203,2.0021148,0.4996818
1941-03-16 00:00:00,1,0.6821412,0.99895656,2.00576,0.49804392
1941-03-16 00:00:00,2,0.6749721,0.9999117,1.9994524,0.5000928
1941-03-16 00:00:00,3,1.1199621,1.0030638,2.0073357,0.4996991
1941-03-16 00:00:00,4,2.5331607,1.00042,2.0062556,0.4986503
1941-03-16 00:00:00,5,0.52104896,0.9968324,2.0040452,0.49741012
1941-04-15 12:00:00,0,0.215876,1.0004116,2.0021343,0.4996726
1941-04-15 12:00:00,1,0.749955,0.9989785,2.005779,0.49805012
1941-04-15 12:00:00,2,0.3260073,0.9999464,1.9994743,0.50010467
1941-04-15 12:00:00,3,0.90290797,1.003074,2.0073433,0.4997023
1941-04-15 12:00:00,4,0.07382641,1.0004355,2.0062551,0.49865815
1941-04-15 12:00:00,5,0.23556823,0.9968246,2.0040562,0.49740353
1941-05-16 00:00:00,0,0.65894115,1.0001633,2.0026252,0.4994261
1941-05-16 00:00:00,1,0.25668097,0.9995206,2.006491,0.49814358
1941-05-16 00:00:00,2,0.08037137,1.000786,2.000142,0.50035745
1941-05-16 00:00:00,3,0.68186826,1.0033994,2.007781,0.49975538
1941-05-16 00:00:00,4,0.6335892,1.0007117,2.0062466,0.49879795
1941-05-16 00:00:00,5,0.20917383,0.9965029,2.0043633,0.49716678
1941-06-15 12:00:00,0,1.3555235,0.99975306,2.0057611,0.49844074
1941-06-15 12:00:00,1,0.29817015,1.0015503,2.0095005,0.4984076
1941-06-15 12:00:00,2,0.5177623,1.003228,2.0057993,0.5001637
1941-06-15 12:00:00,3,0.77454424,1.0022087,2.0096695,0.4986933
1941-06-15 12:00:00,4,0.07413318,1.0022794,2.0075414,0.49925715
1941-06-15 12:00:00,5,0.5187283,0.9973354,2.0072699,0.49686164
1941-07-16 00:00:00,0,0.17674331,0.9992925,2.006011,0.49814907
1941-07-16 00:00:00,1,0.70161647,1.001958,2.010143,0.4984511
1941-07-16 00:00:00,2,0.25408864,1.0037315,2.0094223,0.49951246
1941-07-16 00:00:00,3,0.008131217,1.0000966,2.0098073,0.49760818
1941-07-16 00:00:00,4,0.85422707,1.0024792,2.0070777,0.49947205
1941-07-16 00:00:00,5,0.21156085,0.998097,2.0082083,0.4970087
1941-08-16 00:00:00,0,0.90096694,0.99992466,2.004726,0.4987837
1941-08-16 00:00:00,1,0.09436474,1.0009003,2.0082228,0.49840102
1941-08-16 00:00:00,2,0.008707569,1.002535,2.0033593,0.50042695
1941-08-16 00:00:00,3,0.30047506,1.0029061,2.0087929,0.49925807
1941-08-16 00:00:00,4,0.12522897,1.0018839,2.007113,0.49916664
1941-08-16 00:00:00,5,0.09338144,0.9969825,2.006124,0.49696952
1941-09-15 12:00:00,0,0.028413776,0.9942759,1.9828422,0.50143975
1941-09-15 12:00:00,1,0.01124439,0.9938331,1.9931266,0.4986302
1941-09-15 12:00:00,2,0.6486543,0.99884534,1.9985733,0.4997792
1941-09-15 12:00:00,3,0.3768233,0.99434847,1.9942342,0.4986117
1941-09-15 12:00:00,4,0.000483936,0.9943495,1.9868066,0.50047624
1941-09-15 12:00:00,5,0.73748386,0.99247676,1.9908841,0.49851057
1941-10-16 00:00:00,0,0.19639665,0.99973863,2.0048456,0.49866116
1941-10-16 00:00:00,1,0.35171464,1.0011146,2.0088787,0.498345
1941-10-16 00:00:00,2,0.9814757,1.0028415,2.00389,0.50044733
1941-10-16 00:00:00,3,0.36483717,1.0030409,2.0093145,0.49919558
1941-10-16 00:00:00,4,0.43121794,1.0017953,2.007026,0.49914417
1941-10-16 00:00:00,5,0.15052195,0.9966885,2.0062795,0.49678448
1941-11-15 12:00:00,0,0.13857803,1.0001725,2.0025427,0.49945125
1941-11-15 12:00:00,1,0.43953118,0.9994643,2.0064342,0.4981296
1941-11-15 12:00:00,2,0.07028975,1.0007099,2.000036,0.50034595
1941-11-15 12:00:00,3,0.48228425,1.0034082,2.0077524,0.4997669
1941-11-15 12:00:00,4,0.6232525,1.0006597,2.0062141,0.4987801
1941-11-15 12:00:00,5,0.53124654,0.9964871,2.0043015,0.49717423
1941-12-16 00:00:00,0,0.72732586,1.0006126,2.0022845,0.49973547
1941-12-16 00:00:00,1,0.43641093,0.9988272,2.0055656,0.49802768
1941-12-16 00:00:00,2,1.10622,0.9996009,1.9996805,0.49988028
1941-12-16 00:00:00,3,0.35520932,1.0026467,2.0072064,0.49952346
1941-12-16 00:00:00,4,0.19324528,1.0005069,2.0065606,0.49861783
1941-12-16 00:00:00,5,0.71513975,0.997281,2.0042536,0.49758226
1942-01-16 00:00:00,0,0.17337285,1.0005206,2.0021863,0.49971402
1942-01-16 00:00:00,1,0.47955608,0.99887955,2.0056515,0.49803248
1942-01-16 00:00:00,2,0.6719707,0.9997375,1.9995508,0.49998105
1942-01-16 00:00:00,3,0.06133599,1.0028515,2.0072656,0.49961075
1942-01-16 00:00:00,4,0.557134,1.0004538,2.006406,0.49862978
1942-01-16 00:00:00,5,0.2127094,0.99705905,2.0041409,0.4974995
1942-02-14 12:00:00,0,0.26102972,1.0004796,2.002158,0.49970064
1942-02-14 12:00:00,1,0.057673737,0.9989118,2.005696,0.4980375
1942-02-14 12:00:00,2,0.38886473,0.99980974,1.9995115,0.500027
1942-02-14 12:00:00,3,0.7774886,1.002938,2.007294,0.4996468
1942-02-14 12:00:00,4,0.17941242,1.000441,2.0063453,0.49863848
1942-02-14 12:00:00,5,0.23839033,0.99696696,2.0041025,0.49746308
1942-03-16 00:00:00,0,0.034080498,1.0001464,2.0026183,0.4994194
1942-03-16 00:00:00,1,0.21517526,0.9995305,2.00654,0.4981363
1942-03-16 00:00:00,2,0.18725225,1.000805,2.0001476,0.5003656
1942-03-16 00:00:00,3,0.30596283,1.0034357,2.0078244,0.49976268
1942-03-16 00:00:00,4,0.21995558,1.0006924,2.0062292,0.49879265
1942-03-16 00:00:00,5,0.2724194,0.99645686,2.0043557,0.49714574
1942-04-15 12:00:00,0,0.037431072,1.0004376,2.0021508,0.49968144
1942-04-15 12:00:00,1,1.1093544,0.9989556,2.0057569,0.49804422
1942-04-15 12:00:00,2,0.23721312,0.9998964,1.9995005,0.5000731
1942-04-15 12:00:00,3,0.45570433,1.003021,2.0073328,0.4996785
1942-04-15 12:00:00,4,0.08622488,1.0004385,2.0062947,0.4986498
1942-04-15 12:00:00,5,0.40663135,0.99687934,2.00408,0.4974249
1942-05-16 00:00:00,0,1.4991454,1.0002553,2.002466,0.49951178
1942-05-16 00:00:00,1,0.0056501115,0.9993339,2.0062265,0.4981162
1942-05-16 00:00:00,2,0.3318031,1.0004964,1.999912,0.5002702
1942-05-16 00:00:00,3,0.08877728,1.0032744,2.0076113,0.49973541
1942-05-16 00:00:00,4,0.04351529,1.0006298,2.0062594,0.49875394
1942-05-16 00:00:00,5,0.38791752,0.9966331,2.004262,0.4972569
1942-06-15 12:00:00,0,0.06931345,0.99802744,2.001362,0.4986741
1942-06-15 12:00:00,1,0.26729086,1.0004565,2.0075004,0.49835926
1942-06-15 12:00:00,2,0.44851735,1.0028043,2.0091608,0.499116
1942-06-15 12:00:00,3,0.34461972,0.9979133,2.007249,0.49715468
1942-06-15 12:00:00,4,0.1268845,1.0006378,2.0027885,0.4996223
1942-06-15 12:00:00,5,0.061562374,0.9972681,2.0052803,0.49732104
1942-07-16 00:00:00,0,0.39302665,0.9936312,1.9794112,0.5019832
1942-07-16 00:00:00,1,0.1754373,0.992666,1.9900771,0.49880782
1942-07-16 00:00:00,2,0.5590405,0.9982598,1.9959084,0.5001531
1942-07-16 00:00:00,3,0.2796967,0.9938847,1.9913876,0.49909154
1942-07-16 00:00:00,4,0.4949671,0.9933469,1.9837978,0.5007299
1942-07-16 00:00:00,5,0.36680555,0.9916611,1.9879062,0.498847
1942-08-16 00:00:00,0,0.13832767,0.9941314,1.9817084,0.50165373
1942-08-16 00:00:00,1,0.025508942,0.99346256,1.9920428,0.4987155
1942-08-16 00:00:00,2,1.4077257,0.99858534,1.9976174,0.4998882
1942-08-16 00:00:00,3,0.07719067,0.9939353,1.9931358,0.49867916
1942-08-16 00:00:00,4,0.7613477,0.99407107,1.9858629,0.5005739
1942-08-16 00:00:00,5,2.6869686,0.9925189,1.9898953,0.49877945
1942-09-15 12:00:00,0,0.027102701,0.9882479,1.9515065,0.50640255
1942-09-15 12:00:00,1,0.20750615,0.9829905,1.9665865,0.49984607
1942-09-15 12:00:00,2,0.033762615,0.9935575,1.9742097,0.5032685
1942-09-15 12:00:00,3,0.3667438,0.99240154,1.9701216,0.503726
1942-09-15 12:00:00,4,0.23243791,0.98489827,1.9597888,0.5025533
1942-09-15 12:00:00,5,2.1848743,0.9826603,1.9643666,0.5002428
1942-10-16 00:00:00,0,0.7101947,0.99968857,2.0061529,0.49831125
1942-10-16 00:00:00,1,0.39126617,1.0017359,2.0100858,0.4983548
1942-10-16 00:00:00,2,0.048608713,1.003366,2.0071137,0.4999049
1942-10-16 00:00:00,3,0.23492977,1.0016571,2.010094,0.4983136
1942-10-16 00:00:00,4,0.96856594,1.0023499,2.0077171,0.49924853
1942-10-16 00:00:00,5,0.14632492,0.99758863,2.0077882,0.4968595
1942-11-15 12:00:00,0,0.5790874,1.0005744,2.0022445,0.49972636
1942-11-15 12:00:00,1,0.9358938,0.99884987,2.0056,0.49803045
1942-11-15 12:00:00,2,0.95353264,0.9996592,1.9996264,0.499923
1942-11-15 12:00:00,3,0.006611794,1.0027316,2.0072293,0.49956003
1942-11-15 12:00:00,4,0.23250636,1.0004864,2.0064962,0.4986236
1942-11-15 12:00:00,5,0.20006055,0.99718946,2.004207,0.49754816
1942-12-16 00:00:00,0,0.2253108,1.0000743,2.0031626,0.49924767
1942-12-16 00:00:00,1,0.5517785,0.9998898,2.0070736,0.49818292
1942-12-16 00:00:00,2,0.37705725,1.0012609,2.0009604,0.5003902
1942-12-16 00:00:00,3,0.43036133,1.0033815,2.0081723,0.4996491
1942-12-16 00:00:00,4,0.018206693,1.0009581,2.0064564,0.4988686
1942-12-16 00:00:00,5,0.47483522,0.99650943,2.0048015,0.4970614
1943-01-16 00:00:00,0,0.042651813,1.0006069,2.0022788,0.49973404
1943-01-16 00:00:00,1,0.06652364,0.9988308,2.005571,0.49802816
1943-01-16 00:00:00,2,0.36201388,0.9996099,1.9996728,0.49988672
1943-01-16 00:00:00,3,0.013209061,1.0026593,2.0072095,0.49952897
1943-01-16 00:00:00,4,0.7799039,1.0005041,2.006551,0.49861884
1943-01-16 00:00:00,5,0.040270664,0.9972674,2.004247,0.49757713
1943-02-14 12:00:00,0,0.30472362,1.0001818,2.002443,0.49948075
1943-02-14 12:00:00,1,0.85839885,0.99940234,2.0063465,0.49812052
1943-02-14 12:00:00,2,0.1409454,1.0006328,1.9998927,0.5003432
1943-02-14 12:00:00,3,1.602649,1.0034214,2.0076962,0.49978748
1943-02-14 12:00:00,4,0.42278582,1.0006092,2.006169,0.49876612
1943-02-14 12:00:00,5,0.16354163,0.9964718,2.0042205,0.49718672
1943-03-16 00:00:00,0,0.028213015,1.0004542,2.0021477,0.4996905
1943-03-16 00:00:00,1,0.18245393,0.99893624,2.005723,0.49804297
1943-03-16 00:00:00,2,0.020083547,0.99986106,1.9994937,0.5000571
1943-03-16 00:00:00,3,0.39155984,1.0029892,2.007309,0.49966857
1943-03-16 00:00:00,4,0.38140345,1.0004395,2.00631,0.49864653
1943-03-16 00:00:00,5,0.6772956,0.996914,2.0040834,0.49744138
1943-04-15 12:00:00,0,0.71227,1.0000947,2.0027225,0.49936756
1943-04-15 12:00:00,1,0.54233366,0.9996527,2.0066535,0.49816903
1943-04-15 12:00:00,2,0.087990195,1.0009975,2.0002809,0.5004285
1943-04-15 12:00:00,3,0.44692758,1.0034915,2.0078766,0.49977747
1943-04-15 12:00:00,4,0.25325996,1.0007737,2.0062213,0.49883515
1943-04-15 12:00:00,5,0.984408,0.99640876,2.004421,0.49710554
1943-05-16 00:00:00,0,0.36316663,0.9966619,1.9947679,0.49963802
1943-05-16 00:00:00,1,0.75724447,0.9980743,2.002589,0.498392
1943-05-16 00:00:00,2,0.10465747,1.0012376,2.0060647,0.49910536
1943-05-16 00:00:00,3,0.40295622,0.9961753,2.0027874,0.49739444
1943-05-16 00:00:00,4,1.1142056,0.9982926,1.9970891,0.49987385
1943-05-16 00:00:00,5,0.7943834,0.9957767,2.0003884,0.49779168
1943-06-15 12:00:00,0,0.331019,0.9993654,2.0060506,0.49817556
1943-06-15 12:00:00,1,0.60306305,1.0019233,2.0104587,0.4983556
1943-06-15 12:00:00,2,1.7432829,1.0036577,2.0086067,0.49967855
1943-06-15 12:00:00,3,0.021951934,1.0008911,2.0102367,0.49789712
1943-06-15 12:00:00,4,0.2463497,1.0023046,2.0072773,0.49933538
1943-06-15 12:00:00,5,0.4709004,0.9976632,2.008068,0.49682736
1943-07-16 00:00:00,0,0.978016,0.9984738,2.003185,0.49844313
1943-07-16 00:00:00,1,0.029853163,1.0010471,2.0086055,0.49837917
1943-07-16 00:00:00,2,0.4009978,1.0031068,2.0098922,0.4990849
1943-07-16 00:00:00,3,0.73672247,0.9983159,2.0082624,0.4971043
1943-07-16 00:00:00,4,0.17413893,1.0013217,2.0043893,0.49956447
1943-07-16 00:00:00,5,0.6124007,0.9977872,2.0065658,0.49726114
1943-08-16 00:00:00,0,0.914085,0.9878379,1.9491818,0.5067962
1943-08-16 00:00:00,1,0.15221193,0.9821519,1.9645622,0.49993426
1943-08-16 00:00:00,2,0.28819904,0.9931219,1.9722674,0.50354326
1943-08-16 00:00:00,3,0.33396912,0.9922761,1.968282,0.5041331
1943-08-16 00:00:00,4,0.17162278,0.98419654,1.9578168,0.50270104
1943-08-16 00:00:00,5,0.047789432,0.9819521,1.9623282,0.50040156
1943-09-15 12:00:00,0,0.43808824,0.9895526,1.9583465,0.50530005
1943-09-15 12:00:00,1,0.055728707,0.9853712,1.972519,0.49954963
1943-09-15 12:00:00,2,0.076354854,0.9946286,1.9798088,0.5023862
1943-09-15 12:00:00,3,1.0192059,0.99262667,1.9754977,0.5024692
1943-09-15 12:00:00,4,0.37511906,0.98689866,1.965683,0.502064
1943-09-15 12:00:00,5,0.10679183,0.98491514,1.9702821,0.49988535
1943-10-16 00:00:00,0,0.3055955,0.9999896,2.0037286,0.49906442
1943-10-16 00:00:00,1,0.20895277,1.0002792,2.0076163,0.49824223
1943-10-16 00:00:00,2,1.0311447,1.0017602,2.0018418,0.5004193
1943-10-16 00:00:00,3,0.04651716,1.003297,2.0085113,0.4995227
1943-10-16 00:00:00,4,0.12620676,1.0012522,2.0066767,0.49896038
1943-10-16 00:00:00,5,0.8506653,0.9965816,2.0052762,0.4969797
1943-11-15 12:00:00,0,0.50602025,0.9994368,2.0059576,0.49823424
1943-11-15 12:00:00,1,2.2773578,1.0018487,2.0104835,0.49831232
1943-11-15 12:00:00,2,0.50291324,1.0036125,2.0074654,0.49994013
1943-11-15 12:00:00,3,0.45285678,1.0017526,2.0103946,0.49828658
1943-11-15 12:00:00,4,0.5149569,1.0021676,2.0073576,0.49924716
1943-11-15 12:00:00,5,0.87692034,0.9972086,2.007732,0.49668413
1943-12-16 00:00:00,0,0.28895736,1.000235,2.0022767,0.49954882
1943-12-16 00:00:00,1,0.34282136,0.9992529,2.0061584,0.49809274
1943-12-16 00:00:00,2,0.12262194,1.0004132,1.9996681,0.5002896
1943-12-16 00:00:00,3,0.7699193,1.003372,2.007584,0.49979076
1943-12-16 00:00:00,4,0.019932805,1.0005138,2.006138,0.49872628
1943-12-16 00:00:00,5,0.86394745,0.99651563,2.0041053,0.49723715
1944-01-16 00:00:00,0,0.014237595,1.0003848,2.0021732,0.4996495
1944-01-16 00:00:00,1,0.430281,0.99902916,2.0058458,0.4980588
1944-01-16 00:00:00,2,2.34957,1.0000287,1.9995246,0.5001333
1944-01-16 00:00:00,3,0.6542886,1.0031148,2.0073848,0.4997123
1944-01-16 00:00:00,4,0.2499307,1.0004574,2.0062466,0.4986712
1944-01-16 00:00:00,5,0.043988086,0.996784,2.0040765,0.4973782
1944-02-15 00:00:00,0,1.1342213,1.0005169,2.0021827,0.4997131
1944-02-15 00:00:00,1,0.5538835,0.998882,2.0056539,0.4980331
1944-02-15 00:00:00,2,0.365303,0.99974364,1.9995453,0.4999855
1944-02-15 00:00:00,3,0.29068866,1.0028596,2.007267,0.49961445
1944-02-15 00:00:00,4,0.084974386,1.0004526,2.0063999,0.49863073
1944-02-15 00:00:00,5,0.101721294,0.9970506,2.0041363,0.4974964
1944-03-16 00:00:00,0,0.34300774,1.0002896,2.0023239,0.49956432
1944-03-16 00:00:00,1,0.3589904,0.99922,2.0060806,0.49809563
1944-03-16 00:00:00,2,0.5811847,1.0003349,1.999719,0.5002377
1944-03-16 00:00:00,3,0.6981755,1.0032521,2.007523,0.49974626
1944-03-16 00:00:00,4,0.50344557,1.0005509,2.00622,0.49872437
1944-03-16 00:00:00,5,0.29240534,0.9966502,2.0041595,0.49729088
1944-04-15 12:00:00,0,2.2586455,1.000255,2.0023813,0.49953273
1944-04-15 12:00:00,1,0.251411,0.9992887,2.0061772,0.49810588
1944-04-15 12:00:00,2,0.26430708,1.0004424,1.9998001,0.5002712
1944-04-15 12:00:00,3,0.1920046,1.0033005,2.0075848,0.499755
1944-04-15 12:00:00,4,0.4410305,1.0005805,2.006214,0.4987407
1944-04-15 12:00:00,5,0.22494641,0.99660033,2.0041943,0.49725735
1944-05-16 00:00:00,0,0.7328718,0.9998702,2.0043967,0.49883848
1944-05-16 00:00:00,1,0.058638096,1.0007541,2.0082989,0.49830934
1944-05-16 00:00:00,2,1.0952011,1.0023679,2.0029776,0.50043887
1944-05-16 00:00:00,3,0.16934898,1.0031608,2.00894,0.49934834
1944-05-16 00:00:00,4,0.09381527,1.001593,2.0069158,0.49907076
1944-05-16 00:00:00,5,0.11121373,0.9966658,2.005862,0.49687654
1944-06-15 12:00:00,0,1.3947847,0.9996386,2.0059617,0.49833387
1944-06-15 12:00:00,1,0.40095598,1.0017222,2.0099733,0.4983759
1944-06-15 12:00:00,2,0.3818286,1.0034207,2.006679,0.5000405
1944-06-15 12:00:00,3,0.8098331,1.0019299,2.0100076,0.4984707
1944-06-15 12:00:00,4,0.032699097,1.0022956,2.0075488,0.49926338
1944-06-15 12:00:00,5,0.33393165,0.9973764,2.007578,0.49680582
1944-07-16 00:00:00,0,1.1191347,0.9918008,1.9696206,0.50354916
1944-07-16 00:00:00,1,0.09866131,0.9892341,1.9819683,0.49911702
1944-07-16 00:00:00,2,0.38327235,0.9964025,1.9887193,0.5010272
1944-07-16 00:00:00,3,0.047595467,0.993021,1.9840536,0.5005011
1944-07-16 00:00:00,4,0.3370931,0.99035126,1.975482,0.5013213
1944-07-16 00:00:00,5,0.23934941,0.9887371,1.9799182,0.4993828
1944-08-16 00:00:00,0,0.39190805,0.98711276,1.9454334,0.5073999
1944-08-16 00:00:00,1,0.34169924,0.98086923,1.9613824,0.5000908
1944-08-16 00:00:00,2,0.04336767,0.992551,1.9691592,0.5040481
1944-08-16 00:00:00,3,0.17229688,0.9922362,1.965401,0.50485176
1944-08-16 00:00:00,4,0.117095046,0.98308307,1.9545845,0.5029627
1944-08-16 00:00:00,5,0.539242,0.98065126,1.9590899,0.5005647
1944-09-15 12:00:00,0,0.10847669,0.9942232,1.9824777,0.5015054
1944-09-15 12:00:00,1,0.43548095,0.9938078,1.9925761,0.49875525
1944-09-15 12:00:00,2,0.4348885,0.9989387,1.9981372,0.49993497
1944-09-15 12:00:00,3,0.077378325,0.9942977,1.9936427,0.49873415
1944-09-15 12:00:00,4,0.02385876,0.99446476,1.9864714,0.5006187
1944-09-15 12:00:00,5,0.75896174,0.99247783,1.9905988,0.49858254
1944-10-16 00:00:00,0,0.48297465,0.99972063,2.0044935,0.49873978
1944-10-16 00:00:00,1,0.1791686,1.0008966,2.0089912,0.49820852
1944-10-16 00:00:00,2,0.05076463,1.002537,2.0034852,0.5003965
1944-10-16 00:00:00,3,0.6933236,1.0033145,2.009542,0.4992752
1944-10-16 00:00:00,4,0.10301257,1.0014292,2.0068784,0.49899846
1944-10-16 00:00:00,5,0.06555202,0.9963456,2.0060217,0.49667737
1944-11-15 12:00:00,0,0.18871662,1.0004698,2.0021534,0.49969688
1944-11-15 12:00:00,1,0.3835778,0.9989198,2.005711,0.49803773
1944-11-15 12:00:00,2,0.16461365,0.99982667,1.999506,0.50003684
1944-11-15 12:00:00,3,0.123427406,1.0029587,2.007305,0.49965435
1944-11-15 12:00:00,4,0.17687884,1.0004369,2.0063322,0.49863973
1944-11-15 12:00:00,5,0.03231106,0.99694425,2.004095,0.49745357
1944-12-16 00:00:00,0,0.2701666,1.0003526,2.0021918,0.49962878
1944-12-16 00:00:00,1,0.6807689,0.9990745,2.0059144,0.49806437
1944-12-16 00:00:00,2,1.1869508,1.0001073,1.9995518,0.50016576
1944-12-16 00:00:00,3,0.2633893,1.0031722,2.0074303,0.4997295
1944-12-16 00:00:00,4,0.5624963,1.0004653,2.006222,0.49868125
1944-12-16 00:00:00,5,0.26068866,0.9967232,2.0040798,0.49734706
1945-01-16 00:00:00,0,0.19008543,0.99959314,2.005827,0.49834466
1945-01-16 00:00:00,1,0.40152746,1.0016457,2.0102744,0.49826315
1945-01-16 00:00:00,2,0.16258729,1.0033115,2.0065699,0.50001323
1945-01-16 00:00:00,3,1.0682647,1.0021619,2.010345,0.49850243
1945-01-16 00:00:00,4,1.132651,1.002043,2.00749,0.4991522
1945-01-16 00:00:00,5,0.49649215,0.99708396,2.007475,0.49668565
1945-02-14 12:00:00,0,1.2623035,1.0005214,2.0021992,0.49971125
1945-02-14 12:00:00,1,0.5745873,0.9988866,2.005652,0.49803585
1945-02-14 12:00:00,2,0.45778558,0.99974656,1.9995648,0.4999821
1945-02-14 12:00:00,3,0.06274047,1.0028455,2.007263,0.49960846
1945-02-14 12:00:00,4,0.12205304,1.0004647,2.006413,0.49863347
1945-02-14 12:00:00,5,0.30284348,0.9970677,2.0041506,0.49750137
1945-03-16 00:00:00,0,0.22096734,1.0004911,2.002166,0.4997044
1945-03-16 00:00:00,1,0.32072186,0.99890316,2.0056803,0.49803707
1945-03-16 00:00:00,2,2.2421403,0.99979067,1.9995209,0.50001514
1945-03-16 00:00:00,3,0.21221302,1.0029132,2.0072825,0.4996373
1945-03-16 00:00:00,4,0.36346242,1.0004463,2.0063615,0.4986371
1945-03-16 00:00:00,5,0.9022119,0.996994,2.0041127,0.497474
1945-04-15 12:00:00,0,0.079696976,0.9998436,2.0047119,0.49874678
1945-04-15 12:00:00,1,1.2136352,1.0009402,2.0085835,0.49833137
1945-04-15 12:00:00,2,0.319726,1.0025795,2.0035381,0.5004045
1945-04-15 12:00:00,3,0.62124705,1.003026,2.0091233,0.49923566
1945-04-15 12:00:00,4,0.021609599,1.001746,2.0070634,0.4991103
1945-04-15 12:00:00,5,0.01091253,0.99676853,2.006158,0.49685442
1945-05-16 00:00:00,0,1.1380618,1.0002124,2.0028112,0.49940425
1945-05-16 00:00:00,1,1.1596906,0.9995714,2.0064917,0.4981687
1945-05-16 00:00:00,2,0.095003374,1.0008141,2.0003755,0.5003131
1945-05-16 00:00:00,3,0.0037551112,1.0032414,2.0077562,0.49968287
1945-05-16 00:00:00,4,0.9900537,1.0008368,2.0063932,0.49882388
1945-05-16 00:00:00,5,0.5109198,0.9966875,2.0045266,0.49721837
1945-06-15 12:00:00,0,0.41472223,0.9994144,2.0060732,0.49819437
1945-06-15 12:00:00,1,0.45992404,1.0019511,2.010265,0.4984174
1945-06-15 12:00:00,2,0.64959264,1.0037527,2.008024,0.49987087
1945-06-15 12:00:00,3,0.2817847,1.0012568,2.0100822,0.49811733
1945-06-15 12:00:00,4,0.16416539,1.0024056,2.0073218,0.49937466
1945-06-15 12:00:00,5,0.13458711,0.99755865,2.0079222,0.49681142
1945-07-16 00:00:00,0,0.92671704,0.9933738,1.978255,0.5021465
1945-07-16 00:00:00,1,0.7658864,0.99231404,1.9890424,0.49889034
1945-07-16 00:00:00,2,0.016433528,0.99810666,1.9951595,0.5002641
1945-07-16 00:00:00,3,1.7317111,0.9937158,1.990418,0.49924982
1945-07-16 00:00:00,4,0.21494722,0.99304813,1.982739,0.5008466
1945-07-16 00:00:00,5,0.17526898,0.99133533,1.9869943,0.49891204
1945-08-16 00:00:00,0,0.15123436,0.9962766,1.9932318,0.4998298
1945-08-16 00:00:00,1,0.58071166,0.99762195,2.0012245,0.49850577
1945-08-16 00:00:00,2,1.2785959,1.0010947,2.0052416,0.49923894
1945-08-16 00:00:00,3,0.33676296,0.99583656,2.001469,0.49755284
1945-08-16 00:00:00,4,0.060234178,0.9978833,1.9956021,0.50004125
1945-08-16 00:00:00,5,0.26334202,0.99537104,1.9991246,0.49790344
1945-09-15 12:00:00,0,0.7012426,0.9932595,1.9778682,0.5021869
1945-09-15 12:00:00,1,0.4259042,0.99217814,1.9888176,0.49887842
1945-09-15 12:00:00,2,0.6504083,0.99812096,1.9947203,0.5003814
1945-09-15 12:00:00,3,0.3250375,0.9939114,1.990257,0.49938846
1945-09-15 12:00:00,4,1.7478085,0.9928686,1.9823893,0.5008444
1945-09-15 12:00:00,5,1.2566805,0.99104017,1.986587,0.49886572
1945-10-16 00:00:00,0,1.7264836,1.000393,2.0021996,0.499647
1945-10-16 00:00:00,1,0.15956132,0.99903536,2.0058434,0.4980625
1945-10-16 00:00:00,2,0.20415193,1.0000308,1.9995571,0.5001261
1945-10-16 00:00:00,3,0.26003432,1.0030906,2.0073793,0.4997016
1945-10-16 00:00:00,4,0.19329943,1.0004758,2.0062687,0.49867484
1945-10-16 00:00:00,5,2.656995,0.9968125,2.0040998,0.49738666
1945-11-15 12:00:00,0,0.87434477,1.0003791,2.0022008,0.49963972
1945-11-15 12:00:00,1,1.7236611,0.99904877,2.0058799,0.4980601
1945-11-15 12:00:00,2,0.45142758,1.0000548,1.9995645,0.5001363
1945-11-15 12:00:00,3,0.1338913,1.003119,2.0074084,0.49970847
1945-11-15 12:00:00,4,0.0726322,1.0004686,2.0062566,0.4986743
1945-11-15 12:00:00,5,0.7362404,0.99677944,2.004097,0.49737087
1945-12-16 00:00:00,0,0.02391888,1.0005676,2.002234,0.49972558
1945-12-16 00:00:00,1,0.045906335,0.99885166,2.0056062,0.4980298
1945-12-16 00:00:00,2,0.05015838,0.99966633,1.9996136,0.49992976
1945-12-16 00:00:00,3,0.0761071,1.0027479,2.0072343,0.49956694
1945-12-16 00:00:00,4,1.0048923,1.0004797,2.0064836,0.49862343
1945-12-16 00:00:00,5,0.6814409,0.99717134,2.0041964,0.49754173
1946-01-16 00:00:00,0,0.1258131,1.0001293,2.0028017,0.49936515
1946-01-16 00:00:00,1,0.15809186,0.99964935,2.0066786,0.49816117
1946-01-16 00:00:00,2,0.080864236,1.0009581,2.0004003,0.5003789
1946-01-16 00:00:00,3,0.17116815,1.0034049,2.0079026,0.49972785
1946-01-16 00:00:00,4,1.0849186,1.0007988,2.006308,0.4988261
1946-01-16 00:00:00,5,0.13436227,0.9964973,2.004501,0.49712983
1946-02-14 12:00:00,0,0.08622513,1.0001734,2.0026784,0.4994179
1946-02-14 12:00:00,1,0.0014827485,0.9995323,2.0065355,0.49813834
1946-02-14 12:00:00,2,0.6385486,1.0007845,2.0002298,0.50033474
1946-02-14 12:00:00,3,0.3766184,1.0033638,2.0078182,0.49972844
1946-02-14 12:00:00,4,0.1700696,1.0007257,2.0062916,0.49879375
1946-02-14 12:00:00,5,0.41947576,0.9965356,2.0044153,0.49717024
1946-03-16 00:00:00,0,0.45303208,1.0004642,2.002161,0.49969217
1946-03-16 00:00:00,1,0.17685893,0.9989331,2.0057108,0.4980444
1946-03-16 00:00:00,2,0.36290124,0.9998503,1.9995099,0.5000477
1946-03-16 00:00:00,3,0.17071207,1.0029652,2.0072982,0.4996593
1946-03-16 00:00:00,4,0.5073087,1.0004498,2.0063274,0.49864733
1946-03-16 00:00:00,5,2.8971388,0.99694115,2.0040972,0.49745148
1946-04-15 12:00:00,0,0.0010466902,0.9989098,2.0051823,0.4981641
1946-04-15 12:00:00,1,0.6219737,1.0018793,2.0106373,0.49828944
1946-04-15 12:00:00,2,0.4427236,1.0039167,2.0083017,0.4998834
1946-04-15 12:00:00,3,0.90689677,1.0012743,2.0103564,0.4980581
1946-04-15 12:00:00,4,0.54299223,1.0017986,2.0063076,0.49932453
1946-04-15 12:00:00,5,1.6791945,0.99681324,2.0074098,0.4965669
1946-05-16 00:00:00,0,0.23008011,0.9995756,2.0057995,0.49834272
1946-05-16 00:00:00,1,1.1968199,1.0016795,2.0100703,0.4983306
1946-05-16 00:00:00,2,2.0835648,1.0034125,2.0064452,0.50009465
1946-05-16 00:00:00,3,1.3880141,1.0021551,2.0101266,0.49855322
1946-05-16 00:00:00,4,0.11364811,1.0021341,2.007411,0.49921718
1946-05-16 00:00:00,5,1.6081563,0.99712735,2.0074003,0.49672574
1946-06-15 12:00:00,0,0.66407216,0.9903429,1.9621117,0.5047332
1946-06-15 12:00:00,1,0.24241877,0.98661226,1.9755553,0.4994101
1946-06-15 12:00:00,2,0.26040807,0.9951605,1.9827851,0.5019003
1946-06-15 12:00:00,3,0.05127722,0.9926402,1.978249,0.5017772
1946-06-15 12:00:00,4,0.54563856,0.9880672,1.9689804,0.5018167
1946-06-15 12:00:00,5,0.79332703,0.9863139,1.9734701,0.4997866
1946-07-16 00:00:00,0,2.7687938,0.99897283,2.005279,0.49817148
1946-07-16 00:00:00,1,0.019474695,1.001825,2.0099878,0.4984234
1946-07-16 00:00:00,2,0.6906289,1.0037811,2.009499,0.49951807
1946-07-16 00:00:00,3,0.02948191,0.9999045,2.0096097,0.49756154
1946-07-16 00:00:00,4,0.088924535,1.002119,2.006273,0.4994928
1946-07-16 00:00:00,5,0.30522773,0.99776137,2.0077085,0.49696523
1946-08-16 00:00:00,0,1.1266686,0.99290204,1.9757574,0.5025425
1946-08-16 00:00:00,1,2.8486807,0.9914307,1.9870925,0.49893534
1946-08-16 00:00:00,2,0.58073133,0.9976902,1.9931308,0.50056434
1946-08-16 00:00:00,3,1.0831525,0.9936538,1.9886632,0.49965915
1946-08-16 00:00:00,4,0.1530618,0.99224544,1.9806557,0.50096816
1946-08-16 00:00:00,5,0.05229345,0.99048996,1.9848772,0.49901825
1946-09-15 12:00:00,0,0.9459372,0.9897863,1.9598072,0.50504273
1946-09-15 12:00:00,1,0.7386407,0.98582745,1.9738436,0.4994456
1946-09-15 12:00:00,2,0.3611015,0.9948993,1.9808466,0.5022596
1946-09-15 12:00:00,3,0.15128823,0.99288636,1.9767693,0.5022773
1946-09-15 12:00:00,4,0.0432486,0.9872111,1.9669068,0.50191045
1946-09-15 12:00:00,5,0.33296838,0.9852115,1.9713861,0.49975574
1946-10-16 00:00:00,0,0.4035167,0.99988353,2.0038128,0.4989905
1946-10-16 00:00:00,1,0.1796677,1.0004442,2.00783,0.49827138
1946-10-16 00:00:00,2,0.5120711,1.0020366,2.0020003,0.50051767
1946-10-16 00:00:00,3,0.39987198,1.0034285,2.0086381,0.4995566
1946-10-16 00:00:00,4,0.38098225,1.0013062,2.0066025,0.49900573
1946-10-16 00:00:00,5,0.6396926,0.99643004,2.0053198,0.49689332
1946-11-15 12:00:00,0,0.064476706,1.0005345,2.0022075,0.49971572
1946-11-15 12:00:00,1,0.7544764,0.9988756,2.0056384,0.49803376
1946-11-15 12:00:00,2,0.16654198,0.9997226,1.9995763,0.49996722
1946-11-15 12:00:00,3,0.10696274,1.0028185,2.0072546,0.49959704
1946-11-15 12:00:00,4,0.35567325,1.0004677,2.0064318,0.4986303
1946-11-15 12:00:00,5,0.16648643,0.9970962,2.004162,0.49751276
1946-12-16 00:00:00,0,0.35435462,1.0002439,2.0022051,0.49957114
1946-12-16 00:00:00,1,1.3260456,0.9992068,2.0060902,0.49808666
1946-12-16 00:00:00,2,0.15792212,1.0003535,1.9995683,0.50028473
1946-12-16 00:00:00,3,0.120231666,1.0033748,2.0075393,0.49980333
1946-12-16 00:00:00,4,0.46530676,1.0004793,2.006108,0.4987166
1946-12-16 00:00:00,5,0.47799727,0.99651104,2.0040503,0.49724853
1947-01-16 00:00:00,0,0.22040555,0.9998674,2.0041351,0.49890217
1947-01-16 00:00:00,1,0.28012305,1.0005981,2.0082533,0.49824294
1947-01-16 00:00:00,2,0.33203918,1.0021684,2.002623,0.5004279
1947-01-16 00:00:00,3,0.13674755,1.0033135,2.0089757,0.49941546
1947-01-16 00:00:00,4,0.45237082,1.0013803,2.0067952,0.4989948
1947-01-16 00:00:00,5,0.14177667,0.9964881,2.0056477,0.49684104
1947-02-14 12:00:00,0,0.12635136,1.0003103,2.00218,0.49961054
1947-02-14 12:00:00,1,0.9634924,0.99911565,2.0059788,0.4980689
1947-02-14 12:00:00,2,0.51536655,1.0001895,1.9995384,0.5002102
1947-02-14 12:00:00,3,0.34334582,1.0032569,2.0074737,0.49976093
1947-02-14 12:00:00,4,0.12651877,1.0004573,2.0061698,0.49869025
1947-02-14 12:00:00,5,0.19046018,0.9966319,2.0040553,0.4973076
1947-03-16 00:00:00,0,0.058214452,1.0004296,2.0021598,0.4996752
1947-03-16 00:00:00,1,0.15304595,0.9989705,2.0057702,0.49804834
1947-03-16 00:00:00,2,0.60039824,0.99992156,1.9995097,0.5000834
1947-03-16 00:00:00,3,0.5152941,1.0030328,2.0073385,0.49968293
1947-03-16 00:00:00,4,0.5942969,1.0004467,2.0062897,0.49865514
1947-03-16 00:00:00,5,0.19453107,0.99686855,2.0040836,0.49741864
1947-04-15 12:00:00,0,1.752366,0.9998503,2.0040638,0.49891138
1947-04-15 12:00:00,1,0.0035126612,1.0005913,2.0081656,0.49826133
1947-04-15 12:00:00,2,0.56158435,1.0021945,2.0024767,0.5004775
1947-04-15 12:00:00,3,0.8383492,1.0033661,2.0088923,0.49946237
1947-04-15 12:00:00,4,1.2450918,1.001378,2.0067244,0.49901128
1947-04-15 12:00:00,5,0.23854387,0.99645007,2.0055623,0.49684325
1947-05-16 00:00:00,0,1.0336868,0.9999595,2.0044067,0.49888057
1947-05-16 00:00:00,1,0.42135173,1.0006741,2.008086,0.49832237
1947-05-16 00:00:00,2,0.18060014,1.0022256,2.0029068,0.5003856
1947-05-16 00:00:00,3,0.17713352,1.0030174,2.008772,0.49931872
1947-05-16 00:00:00,4,0.0062216627,1.00164,2.0070047,0.49907205
1947-05-16 00:00:00,5,1.1938001,0.99685425,2.0058722,0.49696797
1947-06-15 12:00:00,0,0.7037312,1.0000104,2.0036147,0.49910313
1947-06-15 12:00:00,1,0.24552488,1.0002106,2.0074317,0.49825388
1947-06-15 12:00:00,2,0.23069659,1.0016872,2.0016162,0.50043917
1947-06-15 12:00:00,3,0.43136856,1.0033107,2.0083654,0.4995658
1947-06-15 12:00:00,4,0.26927537,1.0012333,2.006623,0.49896434
1947-06-15 12:00:00,5,0.58464426,0.99659294,2.005166,0.49701267
1947-07-16 00:00:00,0,0.87819296,0.989671,1.9587203,0.50526404
1947-07-16 00:00:00,1,0.6836057,0.98546606,1.9726722,0.49955896
1947-07-16 00:00:00,2,0.394016,0.9946614,1.9800411,0.5023438
1947-07-16 00:00:00,3,0.39241496,0.99252456,1.9756179,0.5023869
1947-07-16 00:00:00,4,0.9065339,0.98707056,1.9660349,0.50206155
1947-07-16 00:00:00,5,0.4500383,0.98518085,1.9705592,0.49994987
1947-08-16 00:00:00,0,0.43671125,0.99869037,2.0038245,0.49839213
1947-08-16 00:00:00,1,0.22071321,1.0011808,2.0090952,0.49832422
1947-08-16 00:00:00,2,0.2236396,1.0030715,2.0100398,0.49903068
1947-08-16 00:00:00,3,0.23385529,0.9985071,2.008762,0.4970759
1947-08-16 00:00:00,4,2.23044,1.001485,2.0050714,0.499476
1947-08-16 00:00:00,5,0.009776431,0.9979656,2.0070388,0.49723282
1947-09-15 12:00:00,0,0.057667527,0.9962929,1.992932,0.49991316
1947-09-15 12:00:00,1,0.09817702,0.9974589,2.001107,0.49845356
1947-09-15 12:00:00,2,0.15102796,1.0009178,2.0049436,0.4992249
1947-09-15 12:00:00,3,0.030084308,0.99573374,2.001391,0.49752086
1947-09-15 12:00:00,4,0.062974826,0.9977334,1.9954957,0.49999276
1947-09-15 12:00:00,5,0.35179505,0.99542934,1.998938,0.4979791
1947-10-16 00:00:00,0,0.036270186,1.0003507,2.0022337,0.49961734
1947-10-16 00:00:00,1,1.1221718,0.9991,2.005938,0.49807122
1947-10-16 00:00:00,2,0.12694936,1.0001404,1.9996045,0.50016916
1947-10-16 00:00:00,3,0.23278114,1.0031629,2.007441,0.4997222
1947-10-16 00:00:00,4,0.046707995,1.000492,2.0062416,0.49868968
1947-10-16 00:00:00,5,0.06707173,0.9967368,2.0041118,0.49734592
1947-11-15 12:00:00,0,0.4575399,0.99992377,2.0038855,0.49899247
1947-11-15 12:00:00,1,2.046254,1.0004318,2.0078375,0.4982633
1947-11-15 12:00:00,2,0.8338286,1.0019841,2.0020964,0.5004675
1947-11-15 12:00:00,3,0.7159675,1.0033507,2.0086536,0.49951407
1947-11-15 12:00:00,4,1.1992462,1.00133,2.0066912,0.49899557
1947-11-15 12:00:00,5,0.10303373,0.9965147,2.0053933,0.49691734
1947-12-16 00:00:00,0,1.5241194,1.0001626,2.0027652,0.49939084
1947-12-16 00:00:00,1,1.8532519,0.9995909,2.006605,0.49815032
1947-12-16 00:00:00,2,0.9187802,1.0008627,2.000347,0.5003446
1947-12-16 00:00:00,3,0.22502261,1.0033567,2.007858,0.49971497
1947-12-16 00:00:00,4,0.6755609,1.0007755,2.0063257,0.49881005
1947-12-16 00:00:00,5,0.2801714,0.9965474,2.0044813,0.49715975
1948-01-16 00:00:00,0,0.0027817271,1.0003078,2.0023978,0.499555
1948-01-16 00:00:00,1,1.6614465,0.9992341,2.006119,0.49809313
1948-01-16 00:00:00,2,0.47946426,1.0003318,1.9998275,0.50020903
1948-01-16 00:00:00,3,0.86168736,1.0031985,2.0075538,0.4997119
1948-01-16 00:00:00,4,0.016117962,1.0005789,2.0062842,0.4987224
1948-01-16 00:00:00,5,0.104798205,0.9967058,2.0042284,0.4973015
1948-02-15 00:00:00,0,1.9113677,1.0002277,2.0023854,0.49951807
1948-02-15 00:00:00,1,0.22564267,0.99932194,2.0062246,0.49811068
1948-02-15 00:00:00,2,0.7983347,1.0005035,1.9998074,0.50029993
1948-02-15 00:00:00,3,0.6986979,1.0033512,2.0076156,0.49977258
1948-02-15 00:00:00,4,0.30892968,1.0005829,2.006186,0.49874884
1948-02-15 00:00:00,5,0.5022867,0.99654657,2.0041885,0.49723196
1948-03-16 00:00:00,0,0.5344094,1.0005325,2.0021982,0.499717
1948-03-16 00:00:00,1,0.638064,0.9988728,2.0056381,0.49803242
1948-03-16 00:00:00,2,0.17705768,0.99972034,1.9995656,0.49996877
1948-03-16 00:00:00,3,0.5003763,1.002825,2.0072556,0.49960008
1948-03-16 00:00:00,4,0.1045503,1.0004615,2.0064254,0.4986288
1948-03-16 00:00:00,5,0.5887108,0.9970881,2.0041547,0.49751055
1948-04-15 12:00:00,0,0.54747826,1.0005852,2.002252,0.49972987
1948-04-15 12:00:00,1,0.4422653,0.9988411,2.005589,0.4980288
1948-04-15 12:00:00,2,0.14763345,0.9996395,1.9996371,0.49991044
1948-04-15 12:00:00,3,0.47654447,1.0027088,2.0072227,0.49955034
1948-04-15 12:00:00,4,0.09202686,1.0004894,2.0065126,0.49862102
1948-04-15 12:00:00,5,0.05916342,0.99721354,2.0042174,0.49755758
1948-05-16 00:00:00,0,0.0596079,1.0002996,2.0022948,0.49957657
1948-05-16 00:00:00,1,0.021689082,0.9991967,2.0060282,0.49809703
1948-05-16 00:00:00,2,0.5133317,1.0003033,1.9996711,0.5002339
1948-05-16 00:00:00,3,1.0767262,1.0032392,2.007483,0.49974975
1948-05-16 00:00:00,4,1.4452659,1.0005449,2.006212,0.49872342
1948-05-16 00:00:00,5,0.1895779,0.9966668,2.0041373,0.49730465
1948-06-15 12:00:00,0,1.4239739,0.9998693,2.0047543,0.49874905
1948-06-15 12:00:00,1,0.20388554,1.0009413,2.0085306,0.49834505
1948-06-15 12:00:00,2,0.0071027447,1.0025682,2.0035906,0.50038576
1948-06-15 12:00:00,3,0.65677315,1.0029396,2.009068,0.4992064
1948-06-15 12:00:00,4,0.00548626,1.0017914,2.007106,0.4991223
1948-06-15 12:00:00,5,0.92670846,0.9968668,2.006197,0.4968938
1948-07-16 00:00:00,0,0.011159149,0.99210656,1.9710605,0.5033364
1948-07-16 00:00:00,1,1.287561,0.9897084,1.9831147,0.49906766
1948-07-16 00:00:00,2,0.5178142,0.99664193,1.9897739,0.500882
1948-07-16 00:00:00,3,0.48687318,0.99308765,1.9850981,0.5002713
1948-07-16 00:00:00,4,0.23379764,0.99083203,1.9767703,0.5012378
1948-07-16 00:00:00,5,3.1895187,0.9892362,1.9811423,0.49932617
1948-08-16 00:00:00,0,0.10224004,0.98979133,1.9591298,0.5052199
1948-08-16 00:00:00,1,1.1845063,0.98557425,1.9730915,0.49950764
1948-08-16 00:00:00,2,0.1050586,0.99465454,1.9804083,0.5022472
1948-08-16 00:00:00,3,0.044678517,0.9925359,1.9760149,0.50229174
1948-08-16 00:00:00,4,0.29174197,0.9871818,1.9664665,0.5020079
1948-08-16 00:00:00,5,0.47707343,0.98531836,1.9709702,0.49991542
1948-09-15 12:00:00,0,0.8039733,0.99670696,1.9949749,0.49960878
1948-09-15 12:00:00,1,0.17098667,0.9981243,2.0028462,0.49835294
1948-09-15 12:00:00,2,0.31609163,1.001247,2.0062256,0.49907002
1948-09-15 12:00:00,3,0.8151862,0.9961882,2.0030248,0.49734193
1948-09-15 12:00:00,4,1.7031524,0.99831164,1.9972954,0.49983174
1948-09-15 12:00:00,5,0.48826188,0.9958312,2.0005512,0.49777842
1948-10-16 00:00:00,0,1.0302917,0.9997198,2.0051115,0.49858564
1948-10-16 00:00:00,1,0.85455936,1.001255,2.0091944,0.49833658
1948-10-16 00:00:00,2,1.2322351,1.0029621,2.0045059,0.5003538
1948-10-16 00:00:00,3,1.2643594,1.0028702,2.0095477,0.4990527
1948-10-16 00:00:00,4,0.693558,1.0018909,2.0071702,0.49915594
1948-10-16 00:00:00,5,0.4853161,0.99677765,2.0065932,0.49675122
1948-11-15 12:00:00,0,0.11751216,1.0001366,2.0031865,0.49927285
1948-11-15 12:00:00,1,0.85130495,0.9998344,2.0069695,0.4981812
1948-11-15 12:00:00,2,0.045505866,1.0011519,2.0009682,0.5003337
1948-11-15 12:00:00,3,0.061664395,1.003266,2.0080972,0.49961028
1948-11-15 12:00:00,4,0.15357424,1.0009798,2.0065343,0.49886003
1948-11-15 12:00:00,5,0.38935637,0.9966417,2.0048335,0.49711946
1948-12-16 00:00:00,0,0.11737136,1.0005212,2.002188,0.49971393
1948-12-16 00:00:00,1,0.031454276,0.99887997,2.0056496,0.49803314
1948-12-16 00:00:00,2,0.109908864,0.99973786,1.9995517,0.49998102
1948-12-16 00:00:00,3,0.4467429,1.0028497,2.0072637,0.49961033
1948-12-16 00:00:00,4,0.17082497,1.0004556,2.006407,0.49863043
1948-12-16 00:00:00,5,0.44947943,0.9970614,2.004142,0.49750036
1949-01-16 00:00:00,0,0.6878113,1.0002435,2.0023432,0.4995365
1949-01-16 00:00:00,1,0.40529215,0.99928474,2.0061562,0.49810913
1949-01-16 00:00:00,2,1.1221889,1.0004507,1.999742,0.5002899
1949-01-16 00:00:00,3,0.09096619,1.0033319,2.0075665,0.4997752
1949-01-16 00:00:00,4,0.011339233,1.0005686,2.006178,0.4987437
1949-01-16 00:00:00,5,0.6025351,0.99656904,2.0041573,0.4972509
1949-02-14 12:00:00,0,0.12286048,1.0004297,2.0021708,0.49967253
1949-02-14 12:00:00,1,0.20887315,0.9989764,2.0057764,0.49804974
1949-02-14 12:00:00,2,0.25702304,0.9999287,1.9995239,0.5000834
1949-02-14 12:00:00,3,0.18801981,1.0030296,2.007342,0.49968043
1949-02-14 12:00:00,4,0.16516973,1.0004531,2.0062954,0.49865693
1949-02-14 12:00:00,5,0.50176543,0.9968728,2.0040922,0.4974186
1949-03-16 00:00:00,0,0.62421477,1.0005846,2.0022511,0.4997298
1949-03-16 00:00:00,1,0.25699446,0.9988413,2.00559,0.49802867
1949-03-16 00:00:00,2,0.57473946,0.9996403,1.9996364,0.499911
1949-03-16 00:00:00,3,0.40847775,1.0027102,2.0072234,0.49955088
1949-03-16 00:00:00,4,0.15195918,1.0004886,2.0065114,0.49862096
1949-03-16 00:00:00,5,0.03404439,0.99721193,2.0042164,0.497557
1949-04-15 12:00:00,0,0.90451115,0.99968517,2.0048974,0.4986216
1949-04-15 12:00:00,1,1.9355708,1.001195,2.009046,0.49834344
1949-04-15 12:00:00,2,0.74311954,1.0029554,2.0040505,0.50046414
1949-04-15 12:00:00,3,0.076641895,1.0030979,2.0094404,0.49919266
1949-04-15 12:00:00,4,0.10773281,1.0018044,2.007005,0.49915388
1949-04-15 12:00:00,5,0.070268296,0.9965948,2.0063448,0.4967216
1949-05-16 00:00:00,0,0.024946146,1.0002996,2.0023105,0.49957266
1949-05-16 00:00:00,1,0.07839021,0.9992094,2.006018,0.4981059
1949-05-16 00:00:00,2,0.5420146,1.0003228,1.9996831,0.5002407
1949-05-16 00:00:00,3,1.3908302,1.003231,2.0074668,0.49974975
1949-05-16 00:00:00,4,0.22995771,1.000566,2.0062168,0.49873275
1949-05-16 00:00:00,5,0.51759154,0.9966809,2.0041475,0.49730915
1949-06-15 12:00:00,0,0.15912072,0.99330825,1.9780641,0.5021618
1949-06-15 12:00:00,1,0.27415693,0.9922694,1.9889896,0.49888113
1949-06-15 12:00:00,2,0.14522573,0.9981826,1.9948845,0.5003711
1949-06-15 12:00:00,3,1.69066,0.99396026,1.9903983,0.49937758
1949-06-15 12:00:00,4,0.33485582,0.9929963,1.9825925,0.5008575
1949-06-15 12:00:00,5,1.2909989,0.99106187,1.9868274,0.49881628
1949-07-16 00:00:00,0,0.07575628,0.9918707,1.9702375,0.50342697
1949-07-16 00:00:00,1,0.3137331,0.9894652,1.9824878,0.49910277
1949-07-16 00:00:00,2,0.14039764,0.9965869,1.9891479,0.50101197
1949-07-16 00:00:00,3,0.4109479,0.99315095,1.9845248,0.50044775
1949-07-16 00:00:00,4,0.46124166,0.990519,1.9759458,0.50128853
1949-07-16 00:00:00,5,0.68643665,0.98882866,1.9803582,0.49931806
1949-08-16 00:00:00,0,1.4350301,0.9968436,1.9954977,0.49954635
1949-08-16 00:00:00,1,0.14706044,0.9982948,2.0027888,0.49845234
1949-08-16 00:00:00,2,0.16961378,1.0013354,2.006667,0.49900427
1949-08-16 00:00:00,3,0.28013277,0.99586755,2.0028932,0.4972145
1949-08-16 00:00:00,4,0.0024038584,0.99864477,1.9976574,0.4999079
1949-08-16 00:00:00,5,0.40043744,0.99631435,2.0008974,0.49793375
1949-09-15 12:00:00,0,0.2932393,0.99644154,1.9934199,0.49986535
1949-09-15 12:00:00,1,0.5200675,0.9975833,2.001421,0.49843752
1949-09-15 12:00:00,2,0.9537914,1.0009042,2.0054042,0.49910346
1949-09-15 12:00:00,3,0.39652443,0.99573773,2.001703,0.4974453
1949-09-15 12:00:00,4,0.62889206,0.9979341,1.9959761,0.49997297
1949-09-15 12:00:00,5,1.3779576,0.995589,1.9994351,0.49793515
1949-10-16 00:00:00,0,0.113515906,0.99884266,2.0046976,0.49825105
1949-10-16 00:00:00,1,0.04308102,1.0015264,2.0099254,0.49829033
1949-10-16 00:00:00,2,0.9926465,1.0033969,2.0099723,0.49920928
1949-10-16 00:00:00,3,0.16537696,0.9993368,2.0095787,0.4972867
1949-10-16 00:00:00,4,0.15865773,1.0017331,2.005843,0.49940753
1949-10-16 00:00:00,5,0.42309618,0.9977313,2.0075517,0.4969891
1949-11-15 12:00:00,0,0.512743,1.00026,2.002377,0.49953628
1949-11-15 12:00:00,1,0.32360882,0.99928105,2.0061653,0.49810505
1949-11-15 12:00:00,2,0.9257101,1.0004297,1.9997936,0.5002665
1949-11-15 12:00:00,3,0.29171386,1.0032924,2.0075767,0.49975297
1949-11-15 12:00:00,4,0.6567059,1.0005789,2.006217,0.49873912
1949-11-15 12:00:00,5,0.2978135,0.9966091,2.0041926,0.49726215
1949-12-16 00:00:00,0,0.2243539,1.0002813,2.0022595,0.49957627
1949-12-16 00:00:00,1,1.3865047,0.9991939,2.00606,0.49808776
1949-12-16 00:00:00,2,0.075487845,1.0003086,1.9996374,0.50024503
1949-12-16 00:00:00,3,0.07169626,1.003287,2.0075154,0.49976552
1949-12-16 00:00:00,4,0.03679227,1.0005113,2.006178,0.49871513
1949-12-16 00:00:00,5,0.61251754,0.99660796,2.0041068,0.49728286
1950-01-16 00:00:00,0,0.044403266,1.0006002,2.0022717,0.4997325
1950-01-16 00:00:00,1,0.3108105,0.9988346,2.0055773,0.49802846
1950-01-16 00:00:00,2,0.04819709,0.9996197,1.9996635,0.49989396
1950-01-16 00:00:00,3,0.06779721,1.0026742,2.0072143,0.4995352
1950-01-16 00:00:00,4,0.5939732,1.0005002,2.0065398,0.49861965
1950-01-16 00:00:00,5,0.35244498,0.99725115,2.0042386,0.49757108
1950-02-14 12:00:00,0,0.14941365,1.0003538,2.0022035,0.49962646
1950-02-14 12:00:00,1,0.16076468,0.9990808,2.0059135,0.49806774
1950-02-14 12:00:00,2,1.9036103,1.0001154,1.999564,0.5001667
1950-02-14 12:00:00,3,0.1500392,1.0031657,2.0074263,0.4997273
1950-02-14 12:00:00,4,0.0014158512,1.0004756,2.0062284,0.4986848
1950-02-14 12:00:00,5,0.23158798,0.99673223,2.0040886,0.49734938
1950-03-16 00:00:00,0,0.38366786,1.0003822,2.0022016,0.4996411
1950-03-16 00:00:00,1,1.6399062,0.9990491,2.0058599,0.49806526
1950-03-16 00:00:00,2,0.24755542,1.0000563,1.9995586,0.5001385
1950-03-16 00:00:00,3,0.47988886,1.0031106,2.007389,0.49970913
1950-03-16 00:00:00,4,0.06461465,1.0004783,2.0062573,0.49867895
1950-03-16 00:00:00,5,0.35756338,0.9967919,2.0040972,0.497377
1950-04-15 12:00:00,0,0.4338868,1.000215,2.0024679,0.49949118
1950-04-15 12:00:00,1,0.04356745,0.9993821,2.0062878,0.498125
1950-04-15 12:00:00,2,0.24660687,1.0005865,1.9999151,0.5003145
1950-04-15 12:00:00,3,0.45939475,1.0033487,2.0076485,0.49976313
1950-04-15 12:00:00,4,1.1775563,1.0006349,2.0062149,0.49876758
1950-04-15 12:00:00,5,0.033698402,0.9965551,2.0042496,0.49722105
1950-05-16 00:00:00,0,0.20362324,0.999983,2.003722,0.49906278
1950-05-16 00:00:00,1,0.88198423,1.0002933,2.007571,0.49826047
1950-05-16 00:00:00,2,0.17138092,1.0017946,2.001802,0.5004464
1950-05-16 00:00:00,3,0.00898678,1.0033103,2.0084608,0.4995419
1950-05-16 00:00:00,4,0.30323377,1.0012782,2.0066557,0.49897856
1950-05-16 00:00:00,5,0.876562,0.9965814,2.0052583,0.49698403
1950-06-15 12:00:00,0,0.23888525,0.99963456,2.0060704,0.49830484
1950-06-15 12:00:00,1,1.0879662,1.0018048,2.0098836,0.49843922
1950-06-15 12:00:00,2,0.491516,1.0035346,2.0069218,0.5000367
1950-06-15 12:00:00,3,0.018148016,1.0017357,2.0098648,0.49840948
1950-06-15 12:00:00,4,0.09799979,1.0024514,2.0075698,0.49933577
1950-06-15 12:00:00,5,0.4465911,0.9975466,2.0076962,0.49686134
1950-07-16 00:00:00,0,0.28851488,0.9961685,1.992342,0.49999875
1950-07-16 00:00:00,1,1.1308877,0.9972045,2.0005758,0.49845874
1950-07-16 00:00:00,2,0.41136825,1.0007352,2.0046582,0.49920487
1950-07-16 00:00:00,3,0.0150999185,0.9955498,2.0009139,0.49754757
1950-07-16 00:00:00,4,0.5431888,0.99746627,1.994922,0.5000026
1950-07-16 00:00:00,5,0.5076529,0.9953087,1.9983585,0.49806315
1950-08-16 00:00:00,0,0.10644648,0.99468213,1.9846218,0.50119483
1950-08-16 00:00:00,1,0.6887689,0.994512,1.9944128,0.49864903
1950-08-16 00:00:00,2,0.1638011,0.9991819,1.999701,0.49966565
1950-08-16 00:00:00,3,0.7525824,0.9944222,1.9953095,0.49837995
1950-08-16 00:00:00,4,0.020015514,0.9950583,1.9883648,0.5004405
1950-08-16 00:00:00,5,0.12828772,0.9931841,1.9923667,0.49849463
1950-09-15 12:00:00,0,0.51485103,0.9999033,2.0046449,0.49879324
1950-09-15 12:00:00,1,0.03213488,1.0008669,2.0082977,0.4983658
1950-09-15 12:00:00,2,0.9024141,1.0024903,2.0033028,0.5004187
1950-09-15 12:00:00,3,0.16889718,1.0029782,2.0088825,0.49927172
1950-09-15 12:00:00,4,0.38469702,1.0017911,2.0070646,0.49913248
1950-09-15 12:00:00,5,0.3434885,0.9968789,2.0060737,0.49693036
1950-10-16 00:00:00,0,1.8616217,1.0004436,2.002167,0.4996804
1950-10-16 00:00:00,1,0.42347142,0.9989585,2.0057526,0.49804676
1950-10-16 00:00:00,2,0.05364167,0.9998959,1.9995196,0.50006807
1950-10-16 00:00:00,3,0.68160987,1.0030038,2.007327,0.49967134
1950-10-16 00:00:00,4,0.44616464,1.0004504,2.0063088,0.49865225
1950-10-16 00:00:00,5,0.3812431,0.9968996,2.0040946,0.4974314
1950-11-15 12:00:00,0,1.4245902,1.0005598,2.0022292,0.4997229
1950-11-15 12:00:00,1,0.119120225,0.99885786,2.0056145,0.4980308
1950-11-15 12:00:00,2,0.057884503,0.9996803,1.9996066,0.4999385
1950-11-15 12:00:00,3,0.18633296,1.0027639,2.0072393,0.49957365
1950-11-15 12:00:00,4,0.114180036,1.0004776,2.0064723,0.49862513
1950-11-15 12:00:00,5,1.1664454,0.99715424,2.0041895,0.4975349
1950-12-16 00:00:00,0,0.38191977,1.0005388,2.002215,0.499716
1950-12-16 00:00:00,1,0.030923948,0.99887437,2.005637,0.4980335
1950-12-16 00:00:00,2,0.3276492,0.99971735,1.9995865,0.49996206
1950-12-16 00:00:00,3,0.20947105,1.0028081,2.007254,0.49959207
1950-12-16 00:00:00,4,0.53637433,1.000471,2.0064409,0.4986297
1950-12-16 00:00:00,5,0.31863117,0.99710715,2.0041695,0.4975164
1951-01-16 00:00:00,0,0.7947962,1.000557,2.0022302,0.49972123
1951-01-16 00:00:00,1,0.031166928,0.99886185,2.005619,0.4980317
1951-01-16 00:00:00,2,0.24244179,0.9996875,1.9996077,0.49994183
1951-01-16 00:00:00,3,1.2348673,1.002769,2.0072424,0.49957544
1951-01-16 00:00:00,4,1.4052901,1.0004785,2.0064695,0.49862632
1951-01-16 00:00:00,5,0.33566672,0.99714905,2.004189,0.49753243
1951-02-14 12:00:00,0,0.0007876873,1.000365,2.0021946,0.49963424
1951-02-14 12:00:00,1,0.8383797,0.99906343,2.00589,0.49806494
1951-02-14 12:00:00,2,0.0836445,1.0000856,1.9995524,0.50015473
1951-02-14 12:00:00,3,0.09919566,1.0031465,2.0074112,0.4997215
1951-02-14 12:00:00,4,0.055332754,1.0004705,2.006236,0.49868035
1951-02-14 12:00:00,5,0.08319668,0.996752,2.004086,0.4973599
1951-03-16 00:00:00,0,0.027173666,1.0001973,2.0026834,0.49942857
1951-03-16 00:00:00,1,0.19042292,0.9995104,2.0064855,0.49813986
1951-03-16 00:00:00,2,0.38580787,1.0007433,2.000226,0.50031507
1951-03-16 00:00:00,3,0.10155951,1.0033178,2.00778,0.499715
1951-03-16 00:00:00,4,0.19731314,1.0007361,2.0063179,0.4987924
1951-03-16 00:00:00,5,0.50165236,0.99658895,2.0044243,0.4971946
1951-04-15 12:00:00,0,0.47312984,1.000283,2.0023017,0.49956658
1951-04-15 12:00:00,1,0.7518869,0.999221,2.0060515,0.49810338
1951-04-15 12:00:00,2,0.710413,1.0003471,1.9996781,0.5002541
1951-04-15 12:00:00,3,0.21517079,1.0032668,2.007494,0.4997608
1951-04-15 12:00:00,4,0.01496939,1.000554,2.0061963,0.49873185
1951-04-15 12:00:00,5,0.29513222,0.99663955,2.0041363,0.4972913
1951-05-16 00:00:00,0,0.1297783,1.0001453,2.003118,0.49929425
1951-05-16 00:00:00,1,0.20555907,0.999799,2.0068572,0.49819142
1951-05-16 00:00:00,2,0.68343115,1.0011175,2.0008426,0.500348
1951-05-16 00:00:00,3,0.29067913,1.003267,2.0080042,0.49963394
1951-05-16 00:00:00,4,0.16637872,1.0009735,2.0064967,0.49886626
1951-05-16 00:00:00,5,0.6409501,0.9966526,2.0047698,0.49714068
1951-06-15 12:00:00,0,0.051543728,0.9984011,2.0030322,0.49844486
1951-06-15 12:00:00,1,0.340971,1.0010294,2.008582,0.49837613
1951-06-15 12:00:00,2,0.8550419,1.0031377,2.009839,0.49911344
1951-06-15 12:00:00,3,0.0021913652,0.9983283,2.0082219,0.49712053
1951-06-15 12:00:00,4,0.26709098,1.0012459,2.0042145,0.4995702
1951-06-15 12:00:00,5,0.14171447,0.99767864,2.0064316,0.4972403
1951-07-16 00:00:00,0,0.090022184,0.99468356,1.9849349,0.50111645
1951-07-16 00:00:00,1,0.58947986,0.9946473,1.9946314,0.49866223
1951-07-16 00:00:00,2,0.89874494,0.9993874,1.9997871,0.4997469
1951-07-16 00:00:00,3,0.80455273,0.9945375,1.995501,0.49838984
1951-07-16 00:00:00,4,0.6705939,0.9951304,1.9885323,0.50043464
1951-07-16 00:00:00,5,1.8575188,0.9932423,1.9924477,0.49850357
1951-08-16 00:00:00,0,0.3802857,0.99904084,2.0052578,0.49821067
1951-08-16 00:00:00,1,0.15506312,1.0017275,2.0099423,0.49838617
1951-08-16 00:00:00,2,0.47164515,1.0035715,2.0096593,0.49937394
1951-08-16 00:00:00,3,0.62711877,0.9996266,2.0095859,0.49742913
1951-08-16 00:00:00,4,1.1472411,1.0020835,2.0063546,0.49945486
1951-08-16 00:00:00,5,0.74787295,0.99796784,2.0077927,0.49704725
1951-09-15 12:00:00,0,0.34875113,0.99519044,1.9869268,0.5008692
1951-09-15 12:00:00,1,0.11937708,0.9952159,1.9964439,0.4984943
1951-09-15 12:00:00,2,0.09815652,0.9994662,2.0013335,0.4994001
1951-09-15 12:00:00,3,0.27310413,0.9947172,1.9972382,0.49804634
1951-09-15 12:00:00,4,0.21628745,0.9956881,1.9904833,0.5002243
1951-09-15 12:00:00,5,0.3962646,0.99383354,1.9943042,0.498336
1951-10-16 00:00:00,0,0.37766308,1.0002193,2.002586,0.4994639
1951-10-16 00:00:00,1,0.47933194,0.9994403,2.0063539,0.49813762
1951-10-16 00:00:00,2,0.104278974,1.0006517,2.0000737,0.50030744
1951-10-16 00:00:00,3,0.31849772,1.0033038,2.0076847,0.49973175
1951-10-16 00:00:00,4,0.37479463,1.0007015,2.006283,0.49878383
1951-10-16 00:00:00,5,0.6151984,0.99660856,2.0043466,0.49722365
1951-11-15 12:00:00,0,0.4303301,1.0004435,2.0021708,0.4996794
1951-11-15 12:00:00,1,0.091762155,0.99896085,2.0057545,0.49804744
1951-11-15 12:00:00,2,0.6050744,0.9998991,1.9995242,0.5000685
1951-11-15 12:00:00,3,0.038346346,1.0030031,2.0073278,0.4996708
1951-11-15 12:00:00,4,0.028823797,1.0004529,2.0063107,0.49865302
1951-11-15 12:00:00,5,0.57078785,0.99690086,2.0040977,0.49743128
1951-12-16 00:00:00,0,0.3683731,1.0006123,2.0022871,0.49973464
1951-12-16 00:00:00,1,0.06808791,0.99882907,2.0055673,0.4980282
1951-12-16 00:00:00,2,0.5275039,0.9996036,1.9996835,0.4998809
1951-12-16 00:00:00,3,0.074634135,1.0026468,2.007207,0.4995234
1951-12-16 00:00:00,4,0.026042448,1.0005087,2.0065613,0.49861854
1951-12-16 00:00:00,5,0.0884561,0.9972811,2.0042553,0.49758187
1952-01-16 00:00:00,0,0.46484485,1.0006262,2.0023022,0.49973786
1952-01-16 00:00:00,1,0.14775887,0.9988213,2.0055544,0.49802753
1952-01-16 00:00:00,2,0.12720802,0.99958324,1.9997034,0.49986574
1952-01-16 00:00:00,3,0.26880297,1.0026159,2.007198,0.4995102
1952-01-16 00:00:00,4,0.0072862566,1.0005168,2.006585,0.49861673
1952-01-16 00:00:00,5,0.6531389,0.99731475,2.0042725,0.4975944
1952-02-15 00:00:00,0,1.4829417,1.0004212,2.0021756,0.49966705
1952-02-15 00:00:00,1,0.42887244,0.99898934,2.0057893,0.49805298
1952-02-15 00:00:00,2,0.3952904,0.99995166,1.999528,0.5000938
1952-02-15 00:00:00,3,0.48631236,1.0030441,2.0073485,0.4996861
1952-02-15 00:00:00,4,0.63087666,1.0004581,2.006288,0.49866125
1952-02-15 00:00:00,5,0.15971945,0.9968587,2.0040925,0.49741155
1952-03-16 00:00:00,0,0.11298111,1.0005785,2.002246,0.49972808
1952-03-16 00:00:00,1,0.5368574,0.998846,2.005594,0.49803
1952-03-16 00:00:00,2,0.30515337,0.9996512,1.9996285,0.49991843
1952-03-16 00:00:00,3,0.45212275,1.0027229,2.0072253,0.49955672
1952-03-16 00:00:00,4,0.053341553,1.0004873,2.0065017,0.49862272
1952-03-16 00:00:00,5,0.95753926,0.99719876,2.00421,0.49755204
1952-04-15 12:00:00,0,0.39701146,1.0002316,2.0022328,0.49955812
1952-04-15 12:00:00,1,0.24033958,0.999239,2.00611,0.49809784
1952-04-15 12:00:00,2,0.03222176,1.0004053,1.9995973,0.5003034
1952-04-15 12:00:00,3,0.053279106,1.0033876,2.007543,0.49980873
1952-04-15 12:00:00,4,0.15068945,1.0005053,2.0061061,0.49873
1952-04-15 12:00:00,5,0.2424007,0.99650306,2.004066,0.49724063
1952-05-16 00:00:00,0,0.01297469,0.99963605,2.0052352,0.49851313
1952-05-16 00:00:00,1,0.093823,1.0013473,2.0096698,0.4982646
1952-05-16 00:00:00,2,0.17892414,1.0030514,2.0049791,0.5002802
1952-05-16 00:00:00,3,0.158661,1.0028722,2.00996,0.49895135
1952-05-16 00:00:00,4,0.099728756,1.0017973,2.0071943,0.4991033
1952-05-16 00:00:00,5,0.40995565,0.9966417,2.006758,0.4966427
1952-06-15 12:00:00,0,0.6228107,1.0000317,2.003528,0.49913535
1952-06-15 12:00:00,1,0.28660384,1.0001415,2.007329,0.49824494
1952-06-15 12:00:00,2,0.16357128,1.0015951,2.001473,0.50042903
1952-06-15 12:00:00,3,0.037522152,1.0033104,2.0082989,0.49958223
1952-06-15 12:00:00,4,0.55118966,1.0011902,2.0065975,0.49894917
1952-06-15 12:00:00,5,0.1653578,0.99659854,2.0050917,0.4970339
1952-07-16 00:00:00,0,0.39589033,0.99986565,2.0052671,0.49861968
1952-07-16 00:00:00,1,0.30392566,1.0012268,2.0087671,0.4984285
1952-07-16 00:00:00,2,2.4375741,1.0028977,2.0044155,0.5003442
1952-07-16 00:00:00,3,0.10980308,1.0026401,2.0091517,0.49903655
1952-07-16 00:00:00,4,0.27228534,1.0021284,2.0073557,0.4992281
1952-07-16 00:00:00,5,0.2572456,0.9971564,2.0066571,0.49692416
1952-08-16 00:00:00,0,0.2297875,0.99273384,1.9746686,0.5027344
1952-08-16 00:00:00,1,0.26974675,0.9910018,1.9860867,0.49897206
1952-08-16 00:00:00,2,0.12756157,0.9973681,1.992487,0.50056446
1952-08-16 00:00:00,3,0.03620455,0.99340665,1.9877661,0.49976033
1952-08-16 00:00:00,4,0.21706083,0.9919238,1.9797478,0.50103545
1952-08-16 00:00:00,5,0.43032038,0.9902563,1.9840436,0.49911016
1952-09-15 12:00:00,0,0.8345856,0.9994209,2.005708,0.49828833
1952-09-15 12:00:00,1,0.0570306,1.0018771,2.0098917,0.49847314
1952-09-15 12:00:00,2,0.055410475,1.0038605,2.0061429,0.50039333
1952-09-15 12:00:00,3,0.15653962,1.0024583,2.0098627,0.49876958
1952-09-15 12:00:00,4,0.15139586,1.0023047,2.007123,0.49937382
1952-09-15 12:00:00,5,0.0040866854,0.9968892,2.00722,0.49665168
1952-10-16 00:00:00,0,0.2683046,0.99095577,1.9651924,0.5042538
1952-10-16 00:00:00,1,0.60057485,0.9876672,1.9783173,0.49924612
1952-10-16 00:00:00,2,1.1304325,0.9956433,1.9852234,0.5015271
1952-10-16 00:00:00,3,1.0109032,0.992864,1.980764,0.50125307
1952-10-16 00:00:00,4,0.02834515,0.9889736,1.9717084,0.5015821
1952-10-16 00:00:00,5,0.22716175,0.9872312,1.9761462,0.49957395
1952-11-15 12:00:00,0,0.00706565,1.000301,2.0022297,0.49959353
1952-11-15 12:00:00,1,0.43053186,0.9991549,2.006014,0.49807972
1952-11-15 12:00:00,2,0.038735066,1.0002458,1.9995993,0.5002231
1952-11-15 12:00:00,3,0.41790596,1.0032591,2.0074892,0.49975812
1952-11-15 12:00:00,4,0.00572393,1.0004917,2.006184,0.49870384
1952-11-15 12:00:00,5,0.28866196,0.9966352,2.0040905,0.49730048
1952-12-16 00:00:00,0,0.23263097,1.0006324,2.002309,0.49973923
1952-12-16 00:00:00,1,0.029057182,0.9988178,2.0055492,0.4980271
1952-12-16 00:00:00,2,0.46570358,0.9995739,1.9997131,0.49985865
1952-12-16 00:00:00,3,0.096321054,1.0026019,2.0071945,0.4995041
1952-12-16 00:00:00,4,0.78505707,1.0005203,2.0065956,0.49861583
1952-12-16 00:00:00,5,1.5243388,0.99732995,2.0042803,0.49760002
1953-01-16 00:00:00,0,0.01313024,1.0005269,2.002204,0.4997128
1953-01-16 00:00:00,1,0.020763362,0.998882,2.00565,0.49803403
1953-01-16 00:00:00,2,0.6826441,0.99973583,1.9995724,0.49997482
1953-01-16 00:00:00,3,0.1710488,1.0028341,2.0072632,0.49960268
1953-01-16 00:00:00,4,0.021601606,1.0004648,2.0064223,0.4986312
1953-01-16 00:00:00,5,0.11733332,0.99707896,2.0041566,0.49750552
1953-02-14 12:00:00,0,0.6671741,0.9995087,2.0059507,0.49827182
1953-02-14 12:00:00,1,0.75726557,1.0018145,2.010245,0.4983544
1953-02-14 12:00:00,2,0.1251023,1.0035775,2.0070403,0.50002855
1953-02-14 12:00:00,3,0.64945173,1.0019019,2.010205,0.4984078
1953-02-14 12:00:00,4,0.64226013,1.0022335,2.007411,0.4992667
1953-02-14 12:00:00,5,1.5170288,0.9972345,2.007627,0.496723
1953-03-16 00:00:00,0,0.66973025,1.0003513,2.002222,0.49962056
1953-03-16 00:00:00,1,0.022908976,0.9990941,2.005926,0.4980713
1953-03-16 00:00:00,2,0.37917322,1.0001336,1.9995874,0.50017
1953-03-16 00:00:00,3,0.13615921,1.0031643,2.007432,0.49972516
1953-03-16 00:00:00,4,0.025656445,1.0004879,2.0062351,0.49868926
1953-03-16 00:00:00,5,0.22943756,0.9967355,2.0041025,0.4973476
1953-04-15 12:00:00,0,0.48360628,1.0002888,2.0022767,0.49957573
1953-04-15 12:00:00,1,0.74232507,0.9991943,2.0060592,0.49808815
1953-04-15 12:00:00,2,0.2830167,1.0003031,1.9996604,0.5002365
1953-04-15 12:00:00,3,0.2765985,1.0032678,2.0075147,0.49975613
1953-04-15 12:00:00,4,0.610287,1.0005202,2.0061953,0.49871528
1953-04-15 12:00:00,5,1.01976,0.99662936,2.004123,0.4972895
1953-05-16 00:00:00,0,1.2218704,1.0003381,2.002297,0.49959528
1953-05-16 00:00:00,1,0.70044476,0.9991542,2.0059679,0.49809083
1953-05-16 00:00:00,2,0.88698286,1.0002218,1.9996737,0.5001925
1953-05-16 00:00:00,3,0.021036081,1.003165,2.0074441,0.4997225
1953-05-16 00:00:00,4,0.1682193,1.0005455,2.0062559,0.4987128
1953-05-16 00:00:00,5,0.858986,0.99674535,2.0041535,0.49733981
1953-06-15 12:00:00,0,0.41689897,0.99984175,2.0044134,0.49882013
1953-06-15 12:00:00,1,0.6692381,1.0007958,2.008333,0.49832168
1953-06-15 12:00:00,2,0.11990516,1.0024443,2.003007,0.5004697
1953-06-15 12:00:00,3,0.07811839,1.0031917,2.008953,0.49936044
1953-06-15 12:00:00,4,0.7165281,1.0016118,2.0068886,0.49908692
1953-06-15 12:00:00,5,0.57630414,0.99663186,2.005864,0.49685916
1953-07-16 00:00:00,0,0.51012295,0.99535817,1.9884093,0.50058013
1953-07-16 00:00:00,1,0.52855134,0.9958653,1.9976007,0.49853072
1953-07-16 00:00:00,2,0.4845824,0.9999915,2.002168,0.49945435
1953-07-16 00:00:00,3,1.3065721,0.99500155,1.9981966,0.49794978
1953-07-16 00:00:00,4,1.2209897,0.99615836,1.9915347,0.50019634
1953-07-16 00:00:00,5,0.010132733,0.9941765,1.9952773,0.49826485
1953-08-16 00:00:00,0,1.0754014,0.99866617,2.00373,0.49840355
1953-08-16 00:00:00,1,0.010168733,1.0011692,2.009168,0.4983004
1953-08-16 00:00:00,2,2.0371397,1.0031049,2.0097713,0.49911395
1953-08-16 00:00:00,3,0.44062907,0.9987497,2.0088553,0.49717352
1953-08-16 00:00:00,4,0.6184143,1.0014098,2.0050185,0.49945164
1953-08-16 00:00:00,5,0.8445959,0.9977834,2.0069234,0.49717066
1953-09-15 12:00:00,0,0.8986309,0.9966125,1.994081,0.49978536
1953-09-15 12:00:00,1,0.85779464,0.99773437,2.0020535,0.4983555
1953-09-15 12:00:00,2,0.033939447,1.0008556,2.005936,0.49894693
1953-09-15 12:00:00,3,0.08645798,0.9957094,2.0022986,0.4972832
1953-09-15 12:00:00,4,0.200824,0.9980318,1.9966035,0.4998648
1953-09-15 12:00:00,5,0.07063967,0.99583817,1.9999622,0.4979285
1953-10-16 00:00:00,0,1.5341346,0.9999948,2.0037093,0.4990718
1953-10-16 00:00:00,1,0.55653584,1.0002837,2.0074875,0.49827644
1953-10-16 00:00:00,2,0.4979911,1.0017898,2.0017428,0.5004588
1953-10-16 00:00:00,3,0.4351595,1.003298,2.0083842,0.49955484
1953-10-16 00:00:00,4,0.14707573,1.0013032,2.0066514,0.4989921
1953-10-16 00:00:00,5,0.41465563,0.99661213,2.0052378,0.49700445
1953-11-15 12:00:00,0,0.27356875,1.0003035,2.0023537,0.49956384
1953-11-15 12:00:00,1,0.00010294578,0.99921757,2.0060885,0.49809247
1953-11-15 12:00:00,2,0.3281078,1.0003177,1.9997643,0.5002178
1953-11-15 12:00:00,3,0.10122822,1.0032179,2.0075321,0.49972698
1953-11-15 12:00:00,4,0.1860319,1.0005602,2.0062537,0.49872065
1953-11-15 12:00:00,5,0.1493337,0.9966851,2.0041904,0.4973006
1953-12-16 00:00:00,0,0.13097842,0.9998509,2.0045938,0.4987798
1953-12-16 00:00:00,1,0.33748904,1.0008616,2.0085406,0.4983029
1953-12-16 00:00:00,2,0.3933317,1.0024738,2.003376,0.50039226
1953-12-16 00:00:00,3,0.19263826,1.0030696,2.0091205,0.4992581
1953-12-16 00:00:00,4,1.7293024,1.0016536,2.0070167,0.49907586
1953-12-16 00:00:00,5,0.4244892,0.9967167,2.0060635,0.496852
1954-01-16 00:00:00,0,0.16342446,1.0005584,2.002239,0.49971977
1954-01-16 00:00:00,1,0.0032590912,0.998865,2.0056212,0.49803275
1954-01-16 00:00:00,2,0.052829813,0.9996903,1.9996186,0.49994048
1954-01-16 00:00:00,3,0.73548746,1.0027636,2.007243,0.49957263
1954-01-16 00:00:00,4,0.32448584,1.000484,2.0064754,0.49862757
1954-01-16 00:00:00,5,1.1619864,0.9971556,2.0041964,0.4975339
1954-02-14 12:00:00,0,0.73310673,1.0003742,2.0022063,0.4996359
1954-02-14 12:00:00,1,0.32308057,0.9990608,2.0058746,0.4980674
1954-02-14 12:00:00,2,1.9154996,1.0000769,1.9995642,0.50014746
1954-02-14 12:00:00,3,1.0402774,1.0031247,2.0073977,0.499714
1954-02-14 12:00:00,4,1.2711253,1.0004816,2.0062509,0.4986822
1954-02-14 12:00:00,5,0.28576687,0.99677765,2.0040977,0.4973698
1954-03-16 00:00:00,0,0.41351232,1.0005308,2.0022058,0.4997143
1954-03-16 00:00:00,1,0.38061443,0.9988794,2.0056412,0.49803492
1954-03-16 00:00:00,2,0.26776513,0.9997305,1.9995733,0.49997193
1954-03-16 00:00:00,3,1.5295885,1.0028256,2.0072556,0.49960038
1954-03-16 00:00:00,4,0.6123574,1.000468,2.0064266,0.49863178
1954-03-16 00:00:00,5,0.10941369,0.99708897,2.0041592,0.49750987
1954-04-15 12:00:00,0,0.023238871,1.0001084,2.0031886,0.49925822
1954-04-15 12:00:00,1,0.20156033,0.9998714,2.0070007,0.49819183
1954-04-15 12:00:00,2,0.0047965916,1.001221,2.000971,0.5003675
1954-04-15 12:00:00,3,0.09785497,1.003308,2.0081093,0.49962822
1954-04-15 12:00:00,4,0.28180358,1.0009913,2.0065014,0.49887398
1954-04-15 12:00:00,5,0.026214978,0.996599,2.0048258,0.49710006
1954-05-16 00:00:00,0,0.5842117,0.9991133,2.0054433,0.4982007
1954-05-16 00:00:00,1,1.1058061,1.001721,2.0107453,0.49818394
1954-05-16 00:00:00,2,1.0676435,1.0034784,2.0089884,0.49949437
1954-05-16 00:00:00,3,0.45552737,1.0007105,2.0105226,0.4977365
1954-05-16 00:00:00,4,0.7229883,1.0017878,2.0067196,0.49921662
1954-05-16 00:00:00,5,0.031139955,0.9972682,2.0077953,0.49669814
1954-06-15 12:00:00,0,0.53545016,0.99968183,2.0054946,0.49847147
1954-06-15 12:00:00,1,0.019054526,1.0014349,2.0097322,0.4982927
1954-06-15 12:00:00,2,0.92547953,1.0030996,2.0055158,0.50017035
1954-06-15 12:00:00,3,0.052419294,1.0025218,2.00996,0.49877697
1954-06-15 12:00:00,4,0.55279064,1.0019672,2.0073776,0.49914235
1954-06-15 12:00:00,5,0.8565253,0.996952,2.0070508,0.49672484
1954-07-16 00:00:00,0,1.0984406,0.99658155,1.9944203,0.4996848
1954-07-16 00:00:00,1,0.33489907,0.9980087,2.0022967,0.49843198
1954-07-16 00:00:00,2,0.16900049,1.0012103,2.0059073,0.4991309
1954-07-16 00:00:00,3,0.2504341,0.9959553,2.0024421,0.49737033
1954-07-16 00:00:00,4,0.83329487,0.9982176,1.9967455,0.4999223
1954-07-16 00:00:00,5,0.24753079,0.9958278,2.0001101,0.49788648
1954-08-16 00:00:00,0,1.4486144,0.99230474,1.9723313,0.5031126
1954-08-16 00:00:00,1,0.79891163,0.9901644,1.9843822,0.49897867
1954-08-16 00:00:00,2,0.120151,0.99689335,1.9907312,0.5007674
1954-08-16 00:00:00,3,0.808861,0.9933441,1.9862714,0.50010496
1954-08-16 00:00:00,4,0.47080526,0.9911129,1.9778305,0.50111115
1954-08-16 00:00:00,5,1.2094351,0.9894583,1.9821637,0.49918094
1954-09-15 12:00:00,0,0.31071785,0.98979056,1.9594642,0.5051333
1954-09-15 12:00:00,1,0.63223124,0.98572713,1.973375,0.49951336
1954-09-15 12:00:00,2,0.23673388,0.99481773,1.9806067,0.5022793
1954-09-15 12:00:00,3,0.47386947,0.99261254,1.9762657,0.50226676
1954-09-15 12:00:00,4,1.2438917,0.98725325,1.966663,0.50199413
1954-09-15 12:00:00,5,1.5127186,0.98537654,1.9711628,0.49989608
1954-10-16 00:00:00,0,0.23310314,0.99470603,1.9848821,0.50114113
1954-10-16 00:00:00,1,0.2353262,0.994559,1.9948605,0.49856067
1954-10-16 00:00:00,2,0.49284673,0.9991765,1.9999062,0.49961168
1954-10-16 00:00:00,3,0.50414217,0.9945537,1.9957911,0.49832556
1954-10-16 00:00:00,4,0.34223425,0.99498415,1.988621,0.50033873
1954-10-16 00:00:00,5,0.53713924,0.99314594,1.9925911,0.49841934
1954-11-15 12:00:00,0,0.091972165,1.0003308,2.0022547,0.49960217
1954-11-15 12:00:00,1,0.31429353,0.99913293,2.0059874,0.49807537
1954-11-15 12:00:00,2,0.117927946,1.0001947,1.9996343,0.5001888
1954-11-15 12:00:00,3,0.20847271,1.0031959,2.0074737,0.49973053
1954-11-15 12:00:00,4,0.3870259,1.0005016,2.0062318,0.49869692
1954-11-15 12:00:00,5,0.059937984,0.99670213,2.0041218,0.49732614
1954-12-16 00:00:00,0,0.21333387,1.000472,2.0021815,0.49969092
1954-12-16 00:00:00,1,0.70559233,0.9989339,2.0057173,0.49804324
1954-12-16 00:00:00,2,0.3144967,0.99984366,1.9995391,0.5000371
1954-12-16 00:00:00,3,0.14058578,1.0029455,2.0073042,0.499648
1954-12-16 00:00:00,4,0.15441722,1.0004574,2.0063481,0.49864596
1954-12-16 00:00:00,5,0.21886681,0.99696183,2.004117,0.4974569
1955-01-16 00:00:00,0,0.030582277,1.0004231,2.0021584,0.4996723
1955-01-16 00:00:00,1,0.8275901,0.99897784,2.0057771,0.49805027
1955-01-16 00:00:00,2,0.54282534,0.9999362,1.9995067,0.50009143
1955-01-16 00:00:00,3,0.17536624,1.0030454,2.0073419,0.4996884
1955-01-16 00:00:00,4,1.2832909,1.0004478,2.0062811,0.4986578
1955-01-16 00:00:00,5,0.35389346,0.9968558,2.0040798,0.49741322
1955-02-14 12:00:00,0,0.4247162,1.0002261,2.0024905,0.49949107
1955-02-14 12:00:00,1,1.3260367,0.9993805,2.006288,0.49812415
1955-02-14 12:00:00,2,0.01870365,1.0005752,1.999946,0.5003011
1955-02-14 12:00:00,3,0.073062696,1.0033214,2.0076492,0.49974936
1955-02-14 12:00:00,4,0.2649968,1.0006447,2.00624,0.4987662
1955-02-14 12:00:00,5,0.02037907,0.9965844,2.0042717,0.4972302
1955-03-16 00:00:00,0,1.5038327,0.9997098,2.0054135,0.49850556
1955-03-16 00:00:00,1,0.93912876,1.0014125,2.009421,0.4983587
1955-03-16 00:00:00,2,0.69377345,1.0031205,2.0051312,0.50027674
1955-03-16 00:00:00,3,0.7505228,1.0026175,2.0096796,0.4988942
1955-03-16 00:00:00,4,0.42740643,1.0020459,2.0073228,0.4991952
1955-03-16 00:00:00,5,0.180202,0.99696964,2.0069065,0.49676934
1955-04-15 12:00:00,0,1.218062,1.0003936,2.0021656,0.4996558
1955-04-15 12:00:00,1,0.66546196,0.9990152,2.0058267,0.4980566
1955-04-15 12:00:00,2,0.5954393,1.0000049,1.9995147,0.5001238
1955-04-15 12:00:00,3,0.15388118,1.0030999,2.0073726,0.49970788
1955-04-15 12:00:00,4,0.17768243,1.0004532,2.006252,0.49866778
1955-04-15 12:00:00,5,0.085111596,0.99679923,2.0040739,0.4973865
1955-05-16 00:00:00,0,0.24388032,1.0000778,2.0029814,0.4992946
1955-05-16 00:00:00,1,0.31498018,0.9998084,2.0068529,0.49819714
1955-05-16 00:00:00,2,0.70304424,1.0011889,2.0006497,0.5004319
1955-05-16 00:00:00,3,0.4170969,1.0034347,2.0079963,0.49971938
1955-05-16 00:00:00,4,0.37765217,1.0009147,2.0063438,0.49887496
1955-05-16 00:00:00,5,0.5146928,0.9964739,2.004633,0.49708548
1955-06-15 12:00:00,0,0.17623483,0.9991653,2.0057168,0.49815872
1955-06-15 12:00:00,1,0.25108108,1.00192,2.0101254,0.49843657
1955-06-15 12:00:00,2,0.60221624,1.003757,2.0094225,0.4995251
1955-06-15 12:00:00,3,0.102023624,1.00008,2.0097716,0.49760878
1955-06-15 12:00:00,4,0.6655224,1.0023402,2.0067725,0.49947873
1955-06-15 12:00:00,5,1.1912649,0.99791795,2.0080414,0.49696085
1955-07-16 00:00:00,0,0.9638931,0.9978761,2.0005257,0.49880695
1955-07-16 00:00:00,1,0.725616,1.0000954,2.006705,0.49837688
1955-07-16 00:00:00,2,1.3203595,1.002475,2.0090268,0.4989854
1955-07-16 00:00:00,3,0.3997323,0.9973371,2.0064964,0.497054
1955-07-16 00:00:00,4,0.2536468,1.0003502,2.0020394,0.4996656
1955-07-16 00:00:00,5,0.07826219,0.9972951,2.0046744,0.4974848
1955-08-16 00:00:00,0,0.6199589,0.9909839,1.9659302,0.50407887
1955-08-16 00:00:00,1,0.0030722718,0.9880275,1.9789821,0.49926046
1955-08-16 00:00:00,2,0.6716508,0.9959648,1.985717,0.5015643
1955-08-16 00:00:00,3,0.003657518,0.99304855,1.9813353,0.5012017
1955-08-16 00:00:00,4,0.21816187,0.98917675,1.972186,0.5015636
1955-08-16 00:00:00,5,0.004979559,0.9873347,1.9766732,0.49949315
1955-09-15 12:00:00,0,0.13270894,0.99928415,2.0059164,0.4981684
1955-09-15 12:00:00,1,0.04568618,1.0019544,2.0104754,0.49836692
1955-09-15 12:00:00,2,0.4859434,1.0038049,2.0081604,0.49986294
1955-09-15 12:00:00,3,1.8430176,1.001265,2.0102558,0.49807844
1955-09-15 12:00:00,4,1.3071465,1.0022277,2.0071082,0.49933913
1955-09-15 12:00:00,5,0.26896363,0.997377,2.0078213,0.49674588
1955-10-16 00:00:00,0,0.10638226,0.999076,2.0053592,0.49820304
1955-10-16 00:00:00,1,0.58181566,1.0016955,2.0104475,0.49824506
1955-10-16 00:00:00,2,0.2678679,1.0034282,2.0095968,0.49931818
1955-10-16 00:00:00,3,0.38815692,1.000037,2.0101674,0.4974894
1955-10-16 00:00:00,4,0.24366109,1.001882,2.006561,0.499303
1955-10-16 00:00:00,5,0.46500498,0.99764156,2.0079062,0.49685666
1955-11-15 12:00:00,0,0.73665357,1.0003283,2.0022955,0.49959075
1955-11-15 12:00:00,1,0.26011312,0.99916226,2.0060024,0.49808627
1955-11-15 12:00:00,2,0.18710534,1.0002332,1.9996817,0.5001962
1955-11-15 12:00:00,3,0.045921445,1.0031854,2.007472,0.4997257
1955-11-15 12:00:00,4,0.33741304,1.0005344,2.0062466,0.4987096
1955-11-15 12:00:00,5,0.51483667,0.99671775,2.0041504,0.49732682
1955-12-16 00:00:00,0,1.0200641,1.0006452,2.0023255,0.4997415
1955-12-16 00:00:00,1,0.15010816,0.99881244,2.0055385,0.49802706
1955-12-16 00:00:00,2,0.06848694,0.99955714,1.9997343,0.49984497
1955-12-16 00:00:00,3,0.4370567,1.0025727,2.0071864,0.49949154
1955-12-16 00:00:00,4,0.17833602,1.0005298,2.0066183,0.4986149
1955-12-16 00:00:00,5,0.0057322984,0.99736184,2.004298,0.49761155
1956-01-16 00:00:00,0,0.24847452,1.0005744,2.002246,0.499726
1956-01-16 00:00:00,1,0.07046,0.99885046,2.0056012,0.49803045
1956-01-16 00:00:00,2,0.1991403,0.9996599,1.9996285,0.4999228
1956-01-16 00:00:00,3,0.06581499,1.0027313,2.0072303,0.49955967
1956-01-16 00:00:00,4,0.18201199,1.000487,2.0064974,0.4986236
1956-01-16 00:00:00,5,0.3622309,0.9971898,2.0042083,0.49754798
1956-02-15 00:00:00,0,0.28004605,1.0004232,2.0022228,0.4996563
1956-02-15 00:00:00,1,0.5770883,0.9990115,2.0058184,0.49805683
1956-02-15 00:00:00,2,1.429102,0.999976,1.9995914,0.5000902
1956-02-15 00:00:00,3,0.29774073,1.0030274,2.007366,0.49967343
1956-02-15 00:00:00,4,0.37123686,1.0004827,2.0063162,0.4986665
1956-02-15 00:00:00,5,0.117683426,0.99687856,2.0041308,0.4974119
1956-03-16 00:00:00,0,2.013799,0.9994588,2.0059104,0.49825695
1956-03-16 00:00:00,1,1.0520658,1.001795,2.010474,0.498288
1956-03-16 00:00:00,2,0.2306492,1.0035168,2.0073771,0.49991444
1956-03-16 00:00:00,3,0.6567224,1.0017579,2.0104146,0.49828422
1956-03-16 00:00:00,4,0.23843208,1.0021082,2.007368,0.49921498
1956-03-16 00:00:00,5,0.03335417,0.9972125,2.0077024,0.4966934
1956-04-15 12:00:00,0,0.35387853,1.0003222,2.0022085,0.4996094
1956-04-15 12:00:00,1,0.81969994,0.9991215,2.0059557,0.49807754
1956-04-15 12:00:00,2,0.0027518948,1.0001918,1.9995651,0.5002047
1956-04-15 12:00:00,3,0.17637122,1.0032232,2.007448,0.49975052
1956-04-15 12:00:00,4,0.23664837,1.0004858,2.0061939,0.49869844
1956-04-15 12:00:00,5,0.57159436,0.99667454,2.0040793,0.4973229
1956-05-16 00:00:00,0,0.07429477,1.0001159,2.0027018,0.49938333
1956-05-16 00:00:00,1,0.32654414,0.99961925,2.0065978,0.49816623
1956-05-16 00:00:00,2,1.0284356,1.0009434,2.0002458,0.5004102
1956-05-16 00:00:00,3,0.26698104,1.0034573,2.007838,0.49977005
1956-05-16 00:00:00,4,0.3521453,1.0007664,2.0062318,0.4988289
1956-05-16 00:00:00,5,1.5103103,0.9964469,2.004409,0.4971275
1956-06-15 12:00:00,0,0.81416047,0.99174595,1.9695263,0.5035454
1956-06-15 12:00:00,1,0.43086296,0.9891965,1.9818773,0.49912095
1956-06-15 12:00:00,2,0.037395265,0.99649715,1.9886205,0.5010997
1956-06-15 12:00:00,3,0.21004827,0.99322987,1.9840258,0.5006134
1956-06-15 12:00:00,4,0.03738859,0.99035555,1.9753877,0.5013474
1956-06-15 12:00:00,5,0.19259568,0.9884946,1.9798352,0.49928126
1956-07-16 00:00:00,0,0.41609648,0.9989297,2.0050757,0.49820048
1956-07-16 00:00:00,1,0.2536728,1.0017107,2.009976,0.4983695
1956-07-16 00:00:00,2,0.17406017,1.0035774,2.0098803,0.49932194
1956-07-16 00:00:00,3,0.97125643,0.9995056,2.0095856,0.497369
1956-07-16 00:00:00,4,0.5497815,1.0019714,2.0061157,0.49945843
1956-07-16 00:00:00,5,0.30379254,0.99785966,2.0077186,0.49701172
1956-08-16 00:00:00,0,0.602441,0.9927802,1.9746621,0.5027596
1956-08-16 00:00:00,1,0.7717526,0.99097246,1.9861127,0.49895078
1956-08-16 00:00:00,2,0.27552184,0.997268,1.9925741,0.50049233
1956-08-16 00:00:00,3,0.11585401,0.99330807,1.9878008,0.499702
1956-08-16 00:00:00,4,0.37802014,0.9919187,1.9798135,0.50101626
1956-08-16 00:00:00,5,1.7918757,0.99035,1.9841319,0.49913517
1956-09-15 12:00:00,0,0.11063701,0.9985217,2.003458,0.4983991
1956-09-15 12:00:00,1,0.20684241,1.001178,2.008963,0.4983556
1956-09-15 12:00:00,2,0.9040676,1.0032499,2.0097837,0.499183
1956-09-15 12:00:00,3,0.4525213,0.99869484,2.008611,0.49720672
1956-09-15 12:00:00,4,0.79433846,1.0014048,2.0046687,0.49953628
1956-09-15 12:00:00,5,0.13581249,0.99764043,2.0067542,0.49714133
1956-10-16 00:00:00,0,0.31442568,1.0003021,2.0023835,0.4995557
1956-10-16 00:00:00,1,0.28852502,0.9992382,2.0060947,0.4981012
1956-10-16 00:00:00,2,0.030259676,1.0003469,1.9997972,0.5002242
1956-10-16 00:00:00,3,0.05478741,1.0032097,2.007528,0.49972388
1956-10-16 00:00:00,4,0.68528765,1.0005859,2.0062654,0.49873057
1956-10-16 00:00:00,5,2.2521923,0.9966991,2.004212,0.49730226
1956-11-15 12:00:00,0,0.23957367,0.995295,1.9881727,0.5006079
1956-11-15 12:00:00,1,0.5886991,0.99576616,1.9975905,0.49848363
1956-11-15 12:00:00,2,0.6562701,0.9999402,2.002143,0.49943498
1956-11-15 12:00:00,3,0.10920305,0.9951074,1.9982502,0.4979894
1956-11-15 12:00:00,4,0.52271134,0.99605113,1.9913899,0.5001789
1956-11-15 12:00:00,5,0.98465014,0.9939239,1.9952232,0.49815175
1956-12-16 00:00:00,0,0.017144768,0.9997582,2.0050879,0.49861068
1956-12-16 00:00:00,1,0.12855044,1.0011735,2.0092485,0.49828255
1956-12-16 00:00:00,2,0.120699674,1.0028079,2.0045073,0.5002765
1956-12-16 00:00:00,3,0.15925658,1.0028205,2.0096376,0.49900565
1956-12-16 00:00:00,4,0.092111304,1.0017964,2.007225,0.4990952
1956-12-16 00:00:00,5,0.10430317,0.996809,2.0065935,0.4967668
1957-01-16 00:00:00,0,0.37856957,1.0004345,2.0021527,0.49967945
1957-01-16 00:00:00,1,0.72468185,0.99896234,2.0057526,0.49804863
1957-01-16 00:00:00,2,1.577146,0.9999091,1.9994981,0.50008005
1957-01-16 00:00:00,3,0.10597124,1.0030245,2.007325,0.49968216
1957-01-16 00:00:00,4,0.69514453,1.0004461,2.0062902,0.49865472
1957-01-16 00:00:00,5,0.15357836,0.99687815,2.0040793,0.49742448
1957-02-14 12:00:00,0,1.7124698,1.0004014,2.00217,0.49965852
1957-02-14 12:00:00,1,0.2965662,0.9990091,2.0058167,0.49805602
1957-02-14 12:00:00,2,0.052128382,0.9999914,1.9995207,0.5001156
1957-02-14 12:00:00,3,0.4597276,1.0030833,2.007366,0.4997013
1957-02-14 12:00:00,4,0.16008323,1.000456,2.006263,0.4986664
1957-02-14 12:00:00,5,0.5643898,0.9968171,2.0040805,0.49739373
1957-03-16 00:00:00,0,0.06649519,1.000409,2.0021908,0.49965718
1957-03-16 00:00:00,1,0.3041947,0.9990117,2.0058157,0.49805757
1957-03-16 00:00:00,2,0.12741387,0.99998885,1.999547,0.5001077
1957-03-16 00:00:00,3,1.6653699,1.003063,2.0073636,0.49969172
1957-03-16 00:00:00,4,0.42000917,1.0004684,2.0062823,0.49866778
1957-03-16 00:00:00,5,1.3789364,0.9968403,2.0040996,0.49740058
1957-04-15 12:00:00,0,0.04080398,1.0002267,2.0024207,0.4995088
1957-04-15 12:00:00,1,0.21918972,0.99934417,2.0062375,0.49811858
1957-04-15 12:00:00,2,0.18850714,1.0005329,1.9998499,0.500304
1957-04-15 12:00:00,3,0.024181115,1.0033408,2.0076172,0.499767
1957-04-15 12:00:00,4,0.699069,1.0006095,2.0062022,0.49875805
1957-04-15 12:00:00,5,0.91649425,0.99656177,2.0042157,0.4972328
1957-05-16 00:00:00,0,0.92480445,1.0004804,2.0021827,0.49969485
1957-05-16 00:00:00,1,0.100549914,0.9989255,2.0057015,0.49804294
1957-05-16 00:00:00,2,0.4351376,0.99982744,1.9995396,0.50002885
1957-05-16 00:00:00,3,0.40035686,1.0029284,2.007293,0.49964225
1957-05-16 00:00:00,4,0.38426885,1.0004597,2.006358,0.49864468
1957-05-16 00:00:00,5,0.8919184,0.9969806,2.004121,0.49746525
1957-06-15 12:00:00,0,0.29968587,0.99707854,1.9969974,0.49928886
1957-06-15 12:00:00,1,0.737983,0.9988716,2.0044005,0.49833935
1957-06-15 12:00:00,2,1.5085561,1.0017561,2.0073154,0.49905264
1957-06-15 12:00:00,3,0.17212573,0.9967211,2.004435,0.49725786
1957-06-15 12:00:00,4,2.4537218,0.99899733,1.9989761,0.49975452
1957-06-15 12:00:00,5,0.13760242,0.9962149,2.0020485,0.4975978
1957-07-16 00:00:00,0,0.7940933,0.9957523,1.9903706,0.50028485
1957-07-16 00:00:00,1,0.78986406,0.99659646,1.9990104,0.4985449
1957-07-16 00:00:00,2,0.6239715,1.0004702,2.0034072,0.4993843
1957-07-16 00:00:00,3,0.28965902,0.99530023,1.9994482,0.49778748
1957-07-16 00:00:00,4,0.41662458,0.99694794,1.9932255,0.5001682
1957-07-16 00:00:00,5,0.17645097,0.9947197,1.9969049,0.49813074
1957-08-16 00:00:00,0,0.041304592,0.99332637,1.9781295,0.50215435
1957-08-16 00:00:00,1,0.065607585,0.99229807,1.9889983,0.49889338
1957-08-16 00:00:00,2,0.18010128,0.9981829,1.9949517,0.5003544
1957-08-16 00:00:00,3,0.6641184,0.993867,1.9903839,0.49933434
1957-08-16 00:00:00,4,0.57888,0.99303496,1.982644,0.50086397
1957-08-16 00:00:00,5,0.28779554,0.99117255,1.9868901,0.49885625
1957-09-15 12:00:00,0,3.1123261,1.000048,2.0034254,0.4991691
1957-09-15 12:00:00,1,0.27661386,1.000075,2.0072029,0.4982431
1957-09-15 12:00:00,2,0.11228679,1.0015141,2.001303,0.500431
1957-09-15 12:00:00,3,1.0302558,1.003321,2.0082085,0.49961
1957-09-15 12:00:00,4,1.2447009,1.0011524,2.0065536,0.49894124
1957-09-15 12:00:00,5,0.55221623,0.99659574,2.0050037,0.4970543
1957-10-16 00:00:00,0,1.2148353,1.0003604,2.0021622,0.49964002
1957-10-16 00:00:00,1,1.1710154,0.9990537,2.0058665,0.4980659
1957-10-16 00:00:00,2,0.045379523,1.0000802,1.9995047,0.500164
1957-10-16 00:00:00,3,0.0070873373,1.0031635,2.0073934,0.49973437
1957-10-16 00:00:00,4,0.07002792,1.000459,2.0062113,0.49868074
1957-10-16 00:00:00,5,1.4003218,0.9967348,2.0040574,0.4973584
1957-11-15 12:00:00,0,0.39726344,1.0002223,2.0026815,0.49944153
1957-11-15 12:00:00,1,0.15500039,0.999488,2.0064063,0.49814835
1957-11-15 12:00:00,2,1.1889317,1.0007064,2.0001998,0.5003032
1957-11-15 12:00:00,3,1.007912,1.0032679,2.007713,0.4997068
1957-11-15 12:00:00,4,0.27662063,1.0007558,2.006337,0.49879748
1957-11-15 12:00:00,5,0.4841521,0.99665207,2.0044234,0.49722633
1957-12-16 00:00:00,0,1.0025297,1.0004433,2.002176,0.49967802
1957-12-16 00:00:00,1,0.28676292,0.99896383,2.0057578,0.4980481
1957-12-16 00:00:00,2,0.16738102,0.99990267,1.9995308,0.50006866
1957-12-16 00:00:00,3,0.79652786,1.0030017,2.0073295,0.4996697
1957-12-16 00:00:00,4,0.36489898,1.000456,2.0063133,0.49865392
1957-12-16 00:00:00,5,0.0631287,0.9969026,2.0041018,0.49743113
1958-01-16 00:00:00,0,0.061883334,1.000428,2.0021775,0.49966997
1958-01-16 00:00:00,1,0.5355371,0.99898237,2.005781,0.49805158
1958-01-16 00:00:00,2,0.3443215,0.9999377,1.9995314,0.500086
1958-01-16 00:00:00,3,0.006284404,1.0030308,2.0073435,0.49968067
1958-01-16 00:00:00,4,0.6343822,1.0004581,2.0062966,0.49865913
1958-01-16 00:00:00,5,0.27141997,0.9968725,2.0040965,0.4974174
1958-02-14 12:00:00,0,0.06656696,1.0006244,2.0022984,0.49973792
1958-02-14 12:00:00,1,1.0361129,0.99882114,2.0055554,0.4980272
1958-02-14 12:00:00,2,0.3573014,0.99958414,1.9996986,0.49986738
1958-02-14 12:00:00,3,0.967944,1.0026203,2.0071988,0.49951223
1958-02-14 12:00:00,4,0.14780271,1.0005143,2.0065808,0.4986165
1958-02-14 12:00:00,5,0.3169771,0.9973096,2.0042686,0.49759278
1958-03-16 00:00:00,0,0.0060391384,1.0006026,2.0022724,0.4997335
1958-03-16 00:00:00,1,0.019165223,0.9988323,2.0055742,0.49802807
1958-03-16 00:00:00,2,0.24904038,0.9996151,1.9996643,0.49989143
1958-03-16 00:00:00,3,0.53445786,1.0026696,2.0072124,0.49953336
1958-03-16 00:00:00,4,0.58085483,1.0005004,2.006543,0.49861902
1958-03-16 00:00:00,5,0.11730919,0.99725604,2.0042403,0.4975731
1958-04-15 12:00:00,0,0.196997,1.0005214,2.0021906,0.4997134
1958-04-15 12:00:00,1,0.08551138,0.99888134,2.00565,0.4980337
1958-04-15 12:00:00,2,0.078840785,0.9997396,1.9995549,0.49998108
1958-04-15 12:00:00,3,0.6654746,1.0028483,2.0072632,0.49960977
1958-04-15 12:00:00,4,0.014230971,1.0004578,2.0064087,0.4986311
1958-04-15 12:00:00,5,0.48588398,0.9970633,2.004144,0.49750084
1958-05-16 00:00:00,0,0.05542797,0.99994266,2.0033116,0.49914485
1958-05-16 00:00:00,1,0.15624101,1.0001054,2.0074534,0.49819607
1958-05-16 00:00:00,2,1.4130871,1.0015963,2.0012481,0.50048584
1958-05-16 00:00:00,3,0.09656345,1.0035547,2.0084386,0.4996691
1958-05-16 00:00:00,4,1.9242812,1.0010035,2.0064058,0.4989038
1958-05-16 00:00:00,5,0.27515522,0.9962991,2.0049064,0.49693048
1958-06-15 12:00:00,0,0.46728,0.9998071,2.0051525,0.498619
1958-06-15 12:00:00,1,0.061684392,1.0012133,2.0088942,0.49839026
1958-06-15 12:00:00,2,0.6861638,1.0028993,2.0043745,0.50035524
1958-06-15 12:00:00,3,0.45097315,1.0027373,2.0092778,0.49905357
1958-06-15 12:00:00,4,0.54497117,1.0020118,2.0072522,0.49919575
1958-06-15 12:00:00,5,0.48891252,0.997001,2.006588,0.49686384
1958-07-16 00:00:00,0,0.5310811,0.999647,2.006195,0.49828008
1958-07-16 00:00:00,1,0.6241968,1.0018742,2.0098865,0.49847302
1958-07-16 00:00:00,2,0.9484892,1.0036118,2.0070505,0.5000431
1958-07-16 00:00:00,3,0.1529574,1.0017061,2.009841,0.4984007
1958-07-16 00:00:00,4,1.713643,1.0025578,2.0076375,0.4993719
1958-07-16 00:00:00,5,0.23117857,0.9976056,2.0077994,0.49686518
1958-08-16 00:00:00,0,1.4004757,0.9992987,2.0060833,0.4981342
1958-08-16 00:00:00,1,0.22336316,1.0020428,2.010318,0.49844986
1958-08-16 00:00:00,2,0.48544022,1.0039277,2.0084562,0.49985042
1958-08-16 00:00:00,3,1.4699472,1.0010262,2.010045,0.4980118
1958-08-16 00:00:00,4,0.17948887,1.0024407,2.007164,0.49943137
1958-08-16 00:00:00,5,0.33186972,0.9975961,2.0079634,0.49681985
1958-09-15 12:00:00,0,0.80392224,0.999164,2.00556,0.49819702
1958-09-15 12:00:00,1,0.58668435,1.001799,2.0106518,0.49824587
1958-09-15 12:00:00,2,0.6056602,1.0036004,2.0084958,0.4996776
1958-09-15 12:00:00,3,0.07145691,1.0010303,2.0104377,0.4979166
1958-09-15 12:00:00,4,0.32538995,1.0019038,2.0068207,0.49924928
1958-09-15 12:00:00,5,1.5872592,0.9972291,2.0077188,0.4966976
1958-10-16 00:00:00,0,0.1376267,0.9910808,1.9663036,0.50403243
1958-10-16 00:00:00,1,0.7327619,0.98812187,1.9792264,0.4992465
1958-10-16 00:00:00,2,0.47073698,0.99599016,1.9860702,0.5014879
1958-10-16 00:00:00,3,0.8162928,0.9930276,1.9815956,0.5011253
1958-10-16 00:00:00,4,0.5376376,0.98931944,1.9725472,0.5015441
1958-10-16 00:00:00,5,0.45895594,0.9874957,1.9770538,0.49947843
1958-11-15 12:00:00,0,1.13319,0.9998707,2.004301,0.49886253
1958-11-15 12:00:00,1,0.59318596,1.000707,2.0082242,0.49830443
1958-11-15 12:00:00,2,0.031039476,1.0023181,2.002818,0.5004539
1958-11-15 12:00:00,3,0.2169156,1.0032034,2.0088906,0.49938178
1958-11-15 12:00:00,4,0.20632163,1.0015473,2.0068622,0.49906135
1958-11-15 12:00:00,5,0.30369705,0.99662954,2.0057745,0.49688014
1958-12-16 00:00:00,0,0.07086877,1.0000159,2.0037637,0.49906877
1958-12-16 00:00:00,1,0.22134629,1.0002431,2.0077128,0.49820027
1958-12-16 00:00:00,2,0.22387004,1.0016686,2.0019462,0.5003474
1958-12-16 00:00:00,3,1.162366,1.0032524,2.0086238,0.4994725
1958-12-16 00:00:00,4,0.37725583,1.0012007,2.0067465,0.49891737
1958-12-16 00:00:00,5,0.7119351,0.9966013,2.0053303,0.4969761
1959-01-16 00:00:00,0,0.12710989,1.0004861,2.0021555,0.4997045
1959-01-16 00:00:00,1,0.035500288,0.9989023,2.0056875,0.4980349
1959-01-16 00:00:00,2,0.21729606,0.9997923,1.99951,0.50001866
1959-01-16 00:00:00,3,0.77153885,1.0029265,2.0072901,0.499642
1959-01-16 00:00:00,4,0.02168741,1.0004374,2.0063515,0.49863514
1959-01-16 00:00:00,5,0.27016366,0.99697804,2.0041034,0.49746835
1959-02-14 12:00:00,0,0.5855488,1.0005906,2.002259,0.49973083
1959-02-14 12:00:00,1,0.06964498,0.9988389,2.0055847,0.49802878
1959-02-14 12:00:00,2,0.2771538,0.9996327,1.9996465,0.4999047
1959-02-14 12:00:00,3,0.30226335,1.0026964,2.0072196,0.49954495
1959-02-14 12:00:00,4,0.7269029,1.0004934,2.0065224,0.4986206
1959-02-14 12:00:00,5,1.8106084,0.99722695,2.004225,0.49756238
1959-03-16 00:00:00,0,0.1386933,0.9999883,2.0038543,0.49903247
1959-03-16 00:00:00,1,0.7607185,1.0003344,2.0077598,0.4982341
1959-03-16 00:00:00,2,1.5638583,1.0018079,2.00206,0.50038856
1959-03-16 00:00:00,3,0.43574682,1.0032566,2.0086253,0.49947423
1959-03-16 00:00:00,4,0.118879765,1.001286,2.0067549,0.4989578
1959-03-16 00:00:00,5,0.24857186,0.99660844,2.0053947,0.49696374
1959-04-15 12:00:00,0,0.55154556,0.99949455,2.0053663,0.49840996
1959-04-15 12:00:00,1,0.891929,1.0015172,2.0101254,0.49823618
1959-04-15 12:00:00,2,0.60030717,1.0032746,2.0056686,0.5002195
1959-04-15 12:00:00,3,0.23670708,1.0027426,2.0102913,0.49880463
1959-04-15 12:00:00,4,0.20173839,1.001782,2.0071356,0.49911025
1959-04-15 12:00:00,5,0.11048942,0.9965583,2.0069757,0.49654728
1959-05-16 00:00:00,0,0.59112585,1.0000743,2.003677,0.49911952
1959-05-16 00:00:00,1,0.79711294,1.0001967,2.0072339,0.49829605
1959-05-16 00:00:00,2,0.081006385,1.001652,2.0016212,0.50042033
1959-05-16 00:00:00,3,0.17896193,1.0031627,2.0081785,0.49953863
1959-05-16 00:00:00,4,0.8243639,1.0013435,2.006701,0.49899983
1959-05-16 00:00:00,5,0.55830693,0.99678856,2.0052123,0.49709877
1959-06-15 12:00:00,0,0.12447605,0.9965585,1.9941677,0.49973655
1959-06-15 12:00:00,1,1.3667256,0.9979009,2.001847,0.4984901
1959-06-15 12:00:00,2,1.2725465,1.0011456,2.0058591,0.4991106
1959-06-15 12:00:00,3,0.9584963,0.9958169,2.002053,0.49739787
1959-06-15 12:00:00,4,0.22912137,0.9982699,1.9965405,0.49999982
1959-06-15 12:00:00,5,1.7673492,0.9958254,2.0000143,0.49790916
1959-07-16 00:00:00,0,0.17551143,0.997416,1.998678,0.4990379
1959-07-16 00:00:00,1,0.86792403,0.99954027,2.005361,0.49843407
1959-07-16 00:00:00,2,0.512394,1.0022584,2.0081255,0.49910146
1959-07-16 00:00:00,3,1.087457,0.9969576,2.005224,0.49718016
1959-07-16 00:00:00,4,0.98824584,0.9997515,2.0003378,0.49979132
1959-07-16 00:00:00,5,1.2043449,0.9967959,2.0032659,0.49758542
1959-08-16 00:00:00,0,1.7537701,0.9993198,2.0060196,0.49816054
1959-08-16 00:00:00,1,0.11327508,1.0020019,2.0103753,0.49841535
1959-08-16 00:00:00,2,0.21647882,1.003865,2.0082176,0.49987862
1959-08-16 00:00:00,3,0.56985795,1.0011691,2.0101337,0.49806094
1959-08-16 00:00:00,4,0.41302368,1.0023637,2.0071852,0.49938774
1959-08-16 00:00:00,5,0.49793467,0.99752593,2.0079029,0.4967999
1959-09-15 12:00:00,0,0.013540851,1.0000904,2.0031652,0.49925506
1959-09-15 12:00:00,1,0.21442853,0.9998841,2.00699,0.49820086
1959-09-15 12:00:00,2,0.82463324,1.0012562,2.0009289,0.5003957
1959-09-15 12:00:00,3,0.1915426,1.0033467,2.0080929,0.49965152
1959-09-15 12:00:00,4,0.2602669,1.0009931,2.0064645,0.49888405
1959-09-15 12:00:00,5,0.062928535,0.9965626,2.004797,0.49708903
1959-10-16 00:00:00,0,0.35329196,0.9912376,1.9668937,0.50396097
1959-10-16 00:00:00,1,0.099040896,0.988271,1.9796118,0.49922466
1959-10-16 00:00:00,2,0.038893633,0.9960154,1.9864799,0.5013972
1959-10-16 00:00:00,3,0.08254307,0.99296576,1.9819435,0.50100607
1959-10-16 00:00:00,4,1.6379076,0.9894949,1.9730769,0.5014984
1959-10-16 00:00:00,5,1.1496129,0.9877889,1.9774811,0.49951875
1959-11-15 12:00:00,0,0.14830798,0.9872512,1.9464129,0.50721574
1959-11-15 12:00:00,1,0.26387343,0.98123,1.9623284,0.50003356
1959-11-15 12:00:00,2,0.20807351,0.9927629,1.9699888,0.50394344
1959-11-15 12:00:00,3,0.23525913,0.9923541,1.9662796,0.5046862
1959-11-15 12:00:00,4,0.83789593,0.98333055,1.9553983,0.5028799
1959-11-15 12:00:00,5,0.045366935,0.98087335,1.9599488,0.50045866
1959-12-16 00:00:00,0,0.4380403,1.000174,2.002808,0.49938586
1959-12-16 00:00:00,1,1.1139523,0.9996014,2.0066118,0.49815387
1959-12-16 00:00:00,2,0.6472868,1.0008659,2.0004044,0.5003318
1959-12-16 00:00:00,3,0.079176,1.0033207,2.0078597,0.4996966
1959-12-16 00:00:00,4,2.1214411,1.0008005,2.006361,0.49881378
1959-12-16 00:00:00,5,0.66475886,0.99658793,2.0045202,0.49717033
1960-01-16 00:00:00,0,0.3937951,1.0005196,2.0021906,0.4997125
1960-01-16 00:00:00,1,0.644356,0.9988832,2.0056543,0.49803358
1960-01-16 00:00:00,2,2.4989665,0.99974304,1.9995553,0.49998268
1960-01-16 00:00:00,3,0.5195933,1.0028522,2.0072665,0.49961087
1960-01-16 00:00:00,4,0.59689206,1.0004572,2.006407,0.4986312
1960-01-16 00:00:00,5,1.2211547,0.997059,2.0041435,0.4974988
1960-02-15 00:00:00,0,0.6001968,1.0005635,2.0022318,0.4997241
1960-02-15 00:00:00,1,0.26308367,0.99885523,2.0056098,0.4980307
1960-02-15 00:00:00,2,0.986641,0.99967414,1.9996101,0.49993455
1960-02-15 00:00:00,3,2.052101,1.002756,2.0072365,0.49957043
1960-02-15 00:00:00,4,0.2545632,1.0004792,2.0064778,0.4986246
1960-02-15 00:00:00,5,0.9136787,0.9971629,2.004193,0.49753833
1960-03-16 00:00:00,0,1.0416222,1.0003337,2.0022478,0.49960533
1960-03-16 00:00:00,1,0.32045132,0.99912614,2.0059793,0.498074
1960-03-16 00:00:00,2,0.91765654,1.0001839,1.9996258,0.50018555
1960-03-16 00:00:00,3,0.27941188,1.0031922,2.007469,0.49972987
1960-03-16 00:00:00,4,1.0558949,1.0004973,2.006231,0.49869496
1960-03-16 00:00:00,5,0.53762585,0.9967054,2.0041175,0.49732885
1960-04-15 12:00:00,0,0.11648494,1.0001413,2.0025554,0.4994325
1960-04-15 12:00:00,1,0.3625549,0.9995058,2.0064962,0.4981349
1960-04-15 12:00:00,2,0.14659283,1.0007827,2.000058,0.5003769
1960-04-15 12:00:00,3,1.12142,1.0034623,2.0077934,0.49978364
1960-04-15 12:00:00,4,0.67265296,1.0006652,2.0061874,0.4987895
1960-04-15 12:00:00,5,0.24453637,0.99642855,2.0043023,0.49714485
1960-05-16 00:00:00,0,0.5781072,0.9998585,2.0053895,0.4985857
1960-05-16 00:00:00,1,0.031970944,1.0012134,2.0092916,0.49829173
1960-05-16 00:00:00,2,0.7358398,1.0027539,2.0050218,0.5001212
1960-05-16 00:00:00,3,0.26328245,1.0024707,2.0096567,0.49882686
1960-05-16 00:00:00,4,0.021966962,1.0019577,2.0074997,0.49910724
1960-05-16 00:00:00,5,0.8691179,0.99714977,2.0069156,0.49685687
1960-06-15 12:00:00,0,0.6137239,0.9944568,1.9838196,0.5012839
1960-06-15 12:00:00,1,0.48067454,0.99425936,1.9937959,0.4986766
1960-06-15 12:00:00,2,0.14979747,0.9991509,1.9990592,0.49981055
1960-06-15 12:00:00,3,0.9776312,0.99442846,1.9947498,0.4985229
1960-06-15 12:00:00,4,0.5190649,0.9947501,1.9875824,0.50048244
1960-06-15 12:00:00,5,0.3006162,0.9928716,1.9915843,0.49853355
1960-07-16 00:00:00,0,0.40812406,0.99988025,2.0051033,0.4986677
1960-07-16 00:00:00,1,0.36757776,1.0011384,2.0085928,0.49842778
1960-07-16 00:00:00,2,2.1234448,1.0028081,2.0040767,0.5003841
1960-07-16 00:00:00,3,0.4248879,1.0027292,2.0090284,0.4991115
1960-07-16 00:00:00,4,2.1520264,1.002067,2.0072765,0.4992172
1960-07-16 00:00:00,5,0.29523963,0.9971048,2.006492,0.49693936
1960-08-16 00:00:00,0,0.38769668,0.9901941,1.961582,0.50479364
1960-08-16 00:00:00,1,1.1381721,0.9864755,1.9751724,0.4994377
1960-08-16 00:00:00,2,0.08345173,0.9951729,1.9823043,0.50202835
1960-08-16 00:00:00,3,0.0432926,0.9927017,1.9778837,0.501901
1960-08-16 00:00:00,4,0.21505575,0.98790044,1.9684778,0.5018601
1960-08-16 00:00:00,5,0.66794753,0.9860648,1.9729805,0.49978435
1960-09-15 12:00:00,0,0.44335008,0.99726313,1.9978676,0.49916378
1960-09-15 12:00:00,1,0.8385793,0.99924386,2.00484,0.4984158
1960-09-15 12:00:00,2,0.08180962,1.0020384,2.0077288,0.4990905
1960-09-15 12:00:00,3,0.0144018885,0.9967715,2.0047626,0.49720177
1960-09-15 12:00:00,4,0.08574696,0.99944264,1.999683,0.49980053
1960-09-15 12:00:00,5,0.48677343,0.9966068,2.0027056,0.49763024
1960-10-16 00:00:00,0,1.9528826,0.99957055,2.00551,0.49841213
1960-10-16 00:00:00,1,2.3899128,1.0016001,2.0097246,0.49837682
1960-10-16 00:00:00,2,1.081771,1.003417,2.0055428,0.5003219
1960-10-16 00:00:00,3,0.034299023,1.0025913,2.009861,0.49883613
1960-10-16 00:00:00,4,0.1537199,1.0020851,2.0072234,0.49923944
1960-10-16 00:00:00,5,0.39341706,0.9968821,2.0070176,0.49669823
1960-11-15 12:00:00,0,1.2069066,1.000511,2.0021882,0.4997088
1960-11-15 12:00:00,1,0.044237573,0.99889266,2.005662,0.4980364
1960-11-15 12:00:00,2,2.7876432,0.99976236,1.9995502,0.49999362
1960-11-15 12:00:00,3,0.23620203,1.0028688,2.0072694,0.49961844
1960-11-15 12:00:00,4,0.06016689,1.0004588,2.0063956,0.49863487
1960-11-15 12:00:00,5,0.5891578,0.9970424,2.004138,0.4974919
1960-12-16 00:00:00,0,0.12274649,1.0002103,2.0025582,0.49946627
1960-12-16 00:00:00,1,0.12023059,0.99942863,2.0063853,0.49812397
1960-12-16 00:00:00,2,0.5430247,1.0006374,2.0000534,0.50030535
1960-12-16 00:00:00,3,0.34079638,1.0033333,2.0077214,0.49973732
1960-12-16 00:00:00,4,0.57340777,1.0006655,2.0062644,0.4987705
1960-12-16 00:00:00,5,0.072668046,0.99656755,2.0043256,0.49720842
1961-01-16 00:00:00,0,0.25086147,1.000199,2.0024605,0.499485
1961-01-16 00:00:00,1,0.058766786,0.99938637,2.0063562,0.49811015
1961-01-16 00:00:00,2,0.6333073,1.0005939,1.9999282,0.5003149
1961-01-16 00:00:00,3,0.32381555,1.003388,2.0077133,0.4997666
1961-01-16 00:00:00,4,0.6552784,1.0006026,2.0062022,0.49875462
1961-01-16 00:00:00,5,0.45986193,0.99650156,2.004244,0.49719572
1961-02-14 12:00:00,0,0.2885743,1.0002831,2.0024345,0.4995335
1961-02-14 12:00:00,1,0.37860885,0.9992815,2.0061822,0.4981011
1961-02-14 12:00:00,2,1.3964901,1.0004075,1.9998783,0.5002342
1961-02-14 12:00:00,3,1.2281253,1.0032338,2.0075932,0.49971968
1961-02-14 12:00:00,4,0.31376895,1.0005996,2.0062768,0.49873456
1961-02-14 12:00:00,5,0.33181936,0.99666995,2.0042493,0.49727842
1961-03-16 00:00:00,0,0.6721307,1.0004275,2.0021582,0.49967456
1961-03-16 00:00:00,1,0.43055844,0.9989724,2.0057714,0.498049
1961-03-16 00:00:00,2,0.018440876,0.9999258,1.999507,0.5000862
1961-03-16 00:00:00,3,0.20247088,1.0030372,2.0073388,0.49968508
1961-03-16 00:00:00,4,0.40241212,1.0004466,2.0062861,0.49865597
1961-03-16 00:00:00,5,0.6627637,0.99686414,2.0040815,0.49741697
1961-04-15 12:00:00,0,0.45104083,1.0000757,2.0033875,0.49919236
1961-04-15 12:00:00,1,0.39438903,1.000015,2.007177,0.4982196
1961-04-15 12:00:00,2,0.14580542,1.0014119,2.0012643,0.50038964
1961-04-15 12:00:00,3,0.7431499,1.0032907,2.0082123,0.4995939
1961-04-15 12:00:00,4,0.18800068,1.0011055,2.0065722,0.4989133
1961-04-15 12:00:00,5,0.051665336,0.9966184,2.0049868,0.4970698
1961-05-16 00:00:00,0,0.5686305,1.0001986,2.0025442,0.49946395
1961-05-16 00:00:00,1,0.13970457,0.9994458,2.0063422,0.49814326
1961-05-16 00:00:00,2,0.66482186,1.0006788,2.0000114,0.5003365
1961-05-16 00:00:00,3,0.5341867,1.0033518,2.007671,0.49975905
1961-05-16 00:00:00,4,0.5899839,1.0006901,2.006234,0.49879035
1961-05-16 00:00:00,5,0.24780549,0.99655944,2.0043046,0.49720958
1961-06-15 12:00:00,0,0.25195172,0.99946475,2.0060875,0.4982159
1961-06-15 12:00:00,1,0.8280402,1.001981,2.0100725,0.49848005
1961-06-15 12:00:00,2,0.30209905,1.0038631,2.0072281,0.50012404
1961-06-15 12:00:00,3,0.1876239,1.0017859,2.009944,0.4984148
1961-06-15 12:00:00,4,0.19170359,1.0024906,2.0073686,0.49940538
1961-06-15 12:00:00,5,0.22273396,0.9973622,2.0077105,0.49676594
1961-07-16 00:00:00,0,0.28137773,0.9993692,2.0062275,0.49813354
1961-07-16 00:00:00,1,3.4703038,1.0020615,2.0103073,0.49846184
1961-07-16 00:00:00,2,0.13641754,1.003917,2.0084567,0.49984497
1961-07-16 00:00:00,3,0.028706156,1.000992,2.0100377,0.4979966
1961-07-16 00:00:00,4,1.1583179,1.0025204,2.00732,0.49943233
1961-07-16 00:00:00,5,0.8240376,0.9977367,2.0080457,0.49686953
1961-08-16 00:00:00,0,0.06316829,1.0002192,2.0027823,0.49941483
1961-08-16 00:00:00,1,0.726231,0.99956685,2.0063684,0.49819708
1961-08-16 00:00:00,2,0.02194218,1.0008265,2.0002854,0.50034183
1961-08-16 00:00:00,3,0.74836254,1.00323,2.007638,0.49970663
1961-08-16 00:00:00,4,0.61224157,1.0008757,2.0063672,0.49884972
1961-08-16 00:00:00,5,0.7243724,0.99672246,2.0044892,0.4972451
1961-09-15 12:00:00,0,0.10258311,0.9996816,2.0054631,0.49847916
1961-09-15 12:00:00,1,0.025453676,1.0014715,2.0094666,0.4983768
1961-09-15 12:00:00,2,0.636331,1.0032227,2.00519,0.50031304
1961-09-15 12:00:00,3,0.41723228,1.002628,2.00969,0.4988968
1961-09-15 12:00:00,4,0.96020824,1.0020865,2.0073128,0.49921793
1961-09-15 12:00:00,5,0.36200675,0.9969606,2.006924,0.49676052
1961-10-16 00:00:00,0,1.0067097,0.9995379,2.0059814,0.49827874
1961-10-16 00:00:00,1,0.2748205,1.0018082,2.0101933,0.4983641
1961-10-16 00:00:00,2,0.04256848,1.0035526,2.0070608,0.500011
1961-10-16 00:00:00,3,0.0029450639,1.0018222,2.0101542,0.49838078
1961-10-16 00:00:00,4,0.19126005,1.0022669,2.0074537,0.49927273
1961-10-16 00:00:00,5,0.7109197,0.9973338,2.0076559,0.49676532
1961-11-15 12:00:00,0,0.12839684,1.0004244,2.0021555,0.49967366
1961-11-15 12:00:00,1,0.6474261,0.9989741,2.0057771,0.4980484
1961-11-15 12:00:00,2,0.22631139,0.99992985,1.9995046,0.5000888
1961-11-15 12:00:00,3,0.19737558,1.0030445,2.0073435,0.49968752
1961-11-15 12:00:00,4,0.90433484,1.0004438,2.0062816,0.49865574
1961-11-15 12:00:00,5,0.60689104,0.9968558,2.0040784,0.49741358
1961-12-16 00:00:00,0,0.34667355,1.0003322,2.0021932,0.49961823
1961-12-16 00:00:00,1,0.7947422,0.99909973,2.0059423,0.49807
1961-12-16 00:00:00,2,0.11735162,1.0001551,1.999551,0.50018984
1961-12-16 00:00:00,3,0.5692575,1.0032102,2.0074456,0.49974465
1961-12-16 00:00:00,4,3.2109823,1.0004699,2.0061991,0.49868923
1961-12-16 00:00:00,5,0.12630275,0.9966846,2.0040727,0.49732956
1962-01-16 00:00:00,0,0.14035639,1.0002621,2.002376,0.4995376
1962-01-16 00:00:00,1,0.15327954,0.9992774,2.006164,0.49810353
1962-01-16 00:00:00,2,2.2834127,1.0004232,1.9997929,0.5002634
1962-01-16 00:00:00,3,1.5413771,1.0032893,2.0075774,0.49975127
1962-01-16 00:00:00,4,0.6914635,1.0005765,2.0062191,0.4987374
1962-01-16 00:00:00,5,0.52498627,0.99661165,2.0041926,0.4972634
1962-02-14 12:00:00,0,0.5144057,1.0006347,2.0023122,0.4997396
1962-02-14 12:00:00,1,0.03192752,0.998817,2.0055468,0.4980273
1962-02-14 12:00:00,2,0.31107092,0.9995712,1.9997165,0.49985644
1962-02-14 12:00:00,3,0.29727364,1.0025965,2.0071929,0.49950182
1962-02-14 12:00:00,4,0.11285513,1.0005224,2.0065994,0.4986159
1962-02-14 12:00:00,5,0.5985565,0.99733585,2.0042834,0.4976022
1962-03-16 00:00:00,0,0.804671,1.0004159,2.0021527,0.49967015
1962-03-16 00:00:00,1,1.0786637,0.998984,2.0057802,0.49805257
1962-03-16 00:00:00,2,0.29759726,0.99995035,1.9994968,0.500101
1962-03-16 00:00:00,3,0.089862324,1.0030602,2.007342,0.4996957
1962-03-16 00:00:00,4,1.0611329,1.0004475,2.0062692,0.49866065
1962-03-16 00:00:00,5,0.89327866,0.99684095,2.004072,0.49740776
1962-04-15 12:00:00,0,1.5899473,0.9993634,2.0059574,0.49819773
1962-04-15 12:00:00,1,0.43979174,1.0018592,2.010637,0.49827948
1962-04-15 12:00:00,2,0.002765652,1.0035751,2.0082798,0.49971876
1962-04-15 12:00:00,3,0.20055656,1.0011969,2.0104673,0.49799213
1962-04-15 12:00:00,4,1.2266971,1.0021284,2.0072763,0.49924785
1962-04-15 12:00:00,5,0.026728313,0.9974261,2.00794,0.49674097
1962-05-16 00:00:00,0,1.0717099,1.0001079,2.0030487,0.49929285
1962-05-16 00:00:00,1,0.058771916,0.99983644,2.0067132,0.49824584
1962-05-16 00:00:00,2,0.15181983,1.0012302,2.0006695,0.5004476
1962-05-16 00:00:00,3,0.18917178,1.0033402,2.0078454,0.4997099
1962-05-16 00:00:00,4,0.88925374,1.0010294,2.0063875,0.49892128
1962-05-16 00:00:00,5,0.7146246,0.9966112,2.0046754,0.49714342
1962-06-15 12:00:00,0,0.08319271,0.9994115,2.0060096,0.49820876
1962-06-15 12:00:00,1,0.28277975,1.001958,2.0101662,0.49844536
1962-06-15 12:00:00,2,0.43525884,1.0038416,2.0074134,0.50006723
1962-06-15 12:00:00,3,0.015315985,1.0016336,2.010014,0.4983217
1962-06-15 12:00:00,4,0.071057364,1.0023909,2.0072742,0.49937916
1962-06-15 12:00:00,5,0.32981053,0.99738616,2.0076861,0.4967839
1962-07-16 00:00:00,0,1.0057364,0.99947673,2.0061657,0.49820247
1962-07-16 00:00:00,1,0.12367097,1.0019866,2.01013,0.49846858
1962-07-16 00:00:00,2,0.568335,1.0038286,2.0075254,0.50003284
1962-07-16 00:00:00,3,0.19189776,1.001561,2.009977,0.49829474
1962-07-16 00:00:00,4,0.293901,1.0025036,2.0074236,0.49939814
1962-07-16 00:00:00,5,0.20622978,0.997517,2.007822,0.49681544
1962-08-16 00:00:00,0,0.008580474,0.99611336,1.9916371,0.500148
1962-08-16 00:00:00,1,0.29488832,0.99689364,2.0000393,0.49843702
1962-08-16 00:00:00,2,0.22988266,1.000432,2.0043924,0.49911985
1962-08-16 00:00:00,3,0.21327525,0.9953122,2.0004668,0.49753997
1962-08-16 00:00:00,4,0.0014086401,0.9972827,1.9944769,0.5000222
1962-08-16 00:00:00,5,0.35304195,0.99520826,1.9980303,0.49809468
1962-09-15 12:00:00,0,0.93267554,0.9972749,1.9973795,0.49929163
1962-09-15 12:00:00,1,1.5610257,0.9989139,2.004572,0.4983178
1962-09-15 12:00:00,2,0.19000836,1.0015912,2.00765,0.4988874
1962-09-15 12:00:00,3,1.3985018,0.99644613,2.0045912,0.49708197
1962-09-15 12:00:00,4,0.078352734,0.99914503,1.999437,0.49971318
1962-09-15 12:00:00,5,0.15333888,0.9966482,2.0024505,0.49771428
1962-10-16 00:00:00,0,0.06677643,1.0004916,2.0021808,0.49970093
1962-10-16 00:00:00,1,0.31036413,0.9989096,2.0056927,0.4980372
1962-10-16 00:00:00,2,0.1794773,0.99979717,1.9995418,0.5000132
1962-10-16 00:00:00,3,0.6221278,1.0029088,2.0072918,0.4996328
1962-10-16 00:00:00,4,0.22725782,1.0004522,2.0063708,0.49863774
1962-10-16 00:00:00,5,0.6816562,0.99699867,2.0041249,0.49747333
1962-11-15 12:00:00,0,0.044676892,0.9998366,2.0049279,0.49868956
1962-11-15 12:00:00,1,0.21811156,1.0010352,2.0088532,0.4983118
1962-11-15 12:00:00,2,0.26945633,1.0026506,2.003996,0.5003257
1962-11-15 12:00:00,3,0.41517955,1.002904,2.0093362,0.49912208
1962-11-15 12:00:00,4,0.675883,1.0017964,2.0071945,0.49910277
1962-11-15 12:00:00,5,0.0038706288,0.9968369,2.0063894,0.49683124
1962-12-16 00:00:00,0,1.8847599,1.000187,2.0022488,0.49953187
1962-12-16 00:00:00,1,0.1346223,0.9992963,2.006201,0.49810377
1962-12-16 00:00:00,2,0.31554338,1.0005068,1.9996248,0.50034726
1962-12-16 00:00:00,3,0.28771216,1.00347,2.0076053,0.49983427
1962-12-16 00:00:00,4,1.5534726,1.0005099,2.0060673,0.49874192
1962-12-16 00:00:00,5,0.7748182,0.9964142,2.0040648,0.49719658
1963-01-16 00:00:00,0,0.028074723,1.0005518,2.0022204,0.4997211
1963-01-16 00:00:00,1,0.47036627,0.998863,2.0056183,0.49803242
1963-01-16 00:00:00,2,0.4488651,0.9996935,1.9995935,0.49994838
1963-01-16 00:00:00,3,0.15807039,1.0027812,2.007241,0.49958184
1963-01-16 00:00:00,4,0.3373741,1.0004749,2.006458,0.4986274
1963-01-16 00:00:00,5,0.15610029,0.99713635,2.004179,0.49752858
1963-02-14 12:00:00,0,0.7336119,1.0003456,2.0021317,0.49964026
1963-02-14 12:00:00,1,0.06689885,0.99905187,2.005883,0.49806088
1963-02-14 12:00:00,2,0.2402622,1.000087,1.9994705,0.50017595
1963-02-14 12:00:00,3,0.20211259,1.0032015,2.0074103,0.4997491
1963-02-14 12:00:00,4,0.21078488,1.0004352,2.0061812,0.4986764
1963-02-14 12:00:00,5,0.18580818,0.99668986,2.0040295,0.4973429
1963-03-16 00:00:00,0,0.5213836,1.0005167,2.002193,0.4997104
1963-03-16 00:00:00,1,0.123190165,0.9988883,2.005658,0.49803525
1963-03-16 00:00:00,2,0.3765691,0.99975204,1.9995571,0.49998674
1963-03-16 00:00:00,3,0.55299115,1.0028569,2.0072675,0.49961296
1963-03-16 00:00:00,4,0.15323031,1.00046,2.0064044,0.4986333
1963-03-16 00:00:00,5,0.4613084,0.9970548,2.004144,0.4974966
1963-04-15 12:00:00,0,0.6784523,1.0005392,2.0022075,0.499718
1963-04-15 12:00:00,1,1.8296657,0.9988702,2.0056322,0.4980326
1963-04-15 12:00:00,2,0.37188506,0.999712,1.9995774,0.49996164
1963-04-15 12:00:00,3,0.22821134,1.0028092,2.007251,0.4995933
1963-04-15 12:00:00,4,0.0550734,1.0004671,2.0064375,0.49862856
1963-04-15 12:00:00,5,0.59754235,0.99710554,2.0041645,0.4975168
1963-05-16 00:00:00,0,3.1634746,1.0002432,2.0025463,0.49948567
1963-05-16 00:00:00,1,0.32840982,0.9993996,2.0062532,0.4981423
1963-05-16 00:00:00,2,0.32219723,1.0005937,2.0,0.50029683
1963-05-16 00:00:00,3,0.09848297,1.0032662,2.0076058,0.49973267
1963-05-16 00:00:00,4,1.254816,1.0007008,2.0062807,0.49878407
1963-05-16 00:00:00,5,0.54067284,0.99665606,2.004317,0.4972547
1963-06-15 12:00:00,0,0.51678747,1.0000013,2.0035763,0.4991082
1963-06-15 12:00:00,1,0.3574823,1.0002354,2.0072312,0.498316
1963-06-15 12:00:00,2,0.12287371,1.001772,2.0014553,0.50052184
1963-06-15 12:00:00,3,0.37834823,1.0033287,2.0081575,0.4996265
1963-06-15 12:00:00,4,1.0981297,1.0013199,2.0065558,0.49902418
1963-06-15 12:00:00,5,0.015343649,0.99662226,2.0050924,0.49704555
1963-07-16 00:00:00,0,1.292982,0.98906255,1.9557292,0.5057257
1963-07-16 00:00:00,1,0.0067092036,0.98446417,1.9702381,0.4996676
1963-07-16 00:00:00,2,0.14412759,0.99422354,1.9776243,0.50273633
1963-07-16 00:00:00,3,1.4387754,0.99252564,1.9734206,0.50294685
1963-07-16 00:00:00,4,0.43100983,0.98614097,1.9634359,0.5022527
1963-07-16 00:00:00,5,0.37658995,0.9840932,1.9680066,0.50004566
1963-08-16 00:00:00,0,2.174692,0.99840033,2.002945,0.4984662
1963-08-16 00:00:00,1,0.14804703,1.0009873,2.008373,0.49840707
1963-08-16 00:00:00,2,0.5832517,1.0031298,2.0097735,0.4991258
1963-08-16 00:00:00,3,1.006191,0.9982765,2.0080376,0.49714035
1963-08-16 00:00:00,4,0.14899378,1.0012857,2.0041468,0.49960694
1963-08-16 00:00:00,5,1.1435585,0.9977039,2.0063767,0.49726647
1963-09-15 12:00:00,0,0.037788104,0.99925315,2.0058076,0.49817994
1963-09-15 12:00:00,1,0.1381694,1.0019349,2.0105476,0.4983393
1963-09-15 12:00:00,2,0.56937397,1.0038122,2.007852,0.4999433
1963-09-15 12:00:00,3,0.18369323,1.0016094,2.0103652,0.49822262
1963-09-15 12:00:00,4,0.06209324,1.0021296,2.0070338,0.49930876
1963-09-15 12:00:00,5,0.51707566,0.9970826,2.0076864,0.49663264
1963-10-16 00:00:00,0,1.8918005,1.000064,2.0026562,0.4993688
1963-10-16 00:00:00,1,0.48975614,0.99964553,2.0066924,0.49815583
1963-10-16 00:00:00,2,1.2070998,1.001007,2.000207,0.5004517
1963-10-16 00:00:00,3,0.48419935,1.003573,2.0079181,0.49980772
1963-10-16 00:00:00,4,0.9883503,1.0007181,2.006158,0.49882317
1963-10-16 00:00:00,5,0.36884394,0.9963118,2.00436,0.49707228
1963-11-15 12:00:00,0,0.0418248,1.0005056,2.00218,0.4997081
1963-11-15 12:00:00,1,0.20450413,0.998894,2.0056682,0.49803552
1963-11-15 12:00:00,2,0.11199506,0.9997676,1.9995406,0.49999866
1963-11-15 12:00:00,3,0.8693092,1.0028819,2.0072753,0.49962348
1963-11-15 12:00:00,4,0.074335314,1.0004526,2.0063853,0.49863434
1963-11-15 12:00:00,5,0.36725637,0.9970274,2.0041296,0.49748647
1963-12-16 00:00:00,0,1.132996,0.99903953,2.0054014,0.49817434
1963-12-16 00:00:00,1,0.030130584,1.0018001,2.0106351,0.49825054
1963-12-16 00:00:00,2,1.0769069,1.0036385,2.009066,0.49955475
1963-12-16 00:00:00,3,0.30555183,1.0005949,2.010351,0.4977215
1963-12-16 00:00:00,4,0.16897501,1.0018654,2.0065732,0.49929172
1963-12-16 00:00:00,5,0.19253989,0.99732643,2.0077667,0.49673423
1964-01-16 00:00:00,0,0.14877339,1.0004469,2.0021744,0.49968022
1964-01-16 00:00:00,1,0.39744142,0.99895936,2.0057492,0.49804798
1964-01-16 00:00:00,2,0.55571556,0.99989504,1.9995279,0.50006557
1964-01-16 00:00:00,3,1.7817364,1.0029951,2.0073235,0.4996679
1964-01-16 00:00:00,4,0.5113452,1.0004562,2.006316,0.49865338
1964-01-16 00:00:00,5,0.036397234,0.99690986,2.0041015,0.49743482
1964-02-15 00:00:00,0,0.014096287,0.99873257,2.0043807,0.4982749
1964-02-15 00:00:00,1,0.05165619,1.0014436,2.0100594,0.49821594
1964-02-15 00:00:00,2,0.28139868,1.0033491,2.0097158,0.49924922
1964-02-15 00:00:00,3,0.44246104,0.99953055,2.0097365,0.49734408
1964-02-15 00:00:00,4,0.26307315,1.0014611,2.005583,0.49933666
1964-02-15 00:00:00,5,0.68166924,0.9974348,2.0073006,0.49690354
1964-03-16 00:00:00,0,0.9479453,1.000338,2.0021772,0.4996251
1964-03-16 00:00:00,1,0.06613858,0.99908537,2.0059202,0.49806836
1964-03-16 00:00:00,2,0.26147145,1.000134,1.9995285,0.5001849
1964-03-16 00:00:00,3,1.0438213,1.0032032,2.0074308,0.49974483
1964-03-16 00:00:00,4,1.8711429,1.0004628,2.0061963,0.4986864
1964-03-16 00:00:00,5,0.92369425,0.9966917,2.004062,0.4973358
1964-04-15 12:00:00,0,0.88079834,0.9998634,2.0039496,0.49894637
1964-04-15 12:00:00,1,1.7642428,1.0005484,2.0079017,0.49830547
1964-04-15 12:00:00,2,0.968672,1.002182,2.002186,0.5005439
1964-04-15 12:00:00,3,0.47917536,1.0034019,2.008658,0.49953845
1964-04-15 12:00:00,4,0.27517542,1.0014105,2.0066445,0.49904728
1964-04-15 12:00:00,5,0.6209438,0.99646705,2.0054262,0.49688545
1964-05-16 00:00:00,0,1.1015725,1.000091,2.0030305,0.49928892
1964-05-16 00:00:00,1,0.31514424,0.99983066,2.0068052,0.4982201
1964-05-16 00:00:00,2,0.36183318,1.0012192,2.0006835,0.5004385
1964-05-16 00:00:00,3,0.115359664,1.0033876,2.0079386,0.4997103
1964-05-16 00:00:00,4,0.55096626,1.0009747,2.0063736,0.49889743
1964-05-16 00:00:00,5,0.5304493,0.9965415,2.0046663,0.4971109
1964-06-15 12:00:00,0,0.21498415,0.9998792,2.0043445,0.49885595
1964-06-15 12:00:00,1,0.12425172,1.0007228,2.0082197,0.4983134
1964-06-15 12:00:00,2,0.84512657,1.0023367,2.002855,0.50045395
1964-06-15 12:00:00,3,0.12617141,1.0031936,2.008881,0.49937928
1964-06-15 12:00:00,4,0.05055011,1.0015819,2.006892,0.49907115
1964-06-15 12:00:00,5,0.5630539,0.99665004,2.0058055,0.4968827
1964-07-16 00:00:00,0,0.33784062,0.99550915,1.989046,0.5004958
1964-07-16 00:00:00,1,0.19772875,0.9960879,1.9978337,0.498584
1964-07-16 00:00:00,2,0.6475581,1.0001413,2.0026176,0.499417
1964-07-16 00:00:00,3,1.5381701,0.9949549,1.9983875,0.49787888
1964-07-16 00:00:00,4,0.782542,0.9965089,1.9920721,0.50023735
1964-07-16 00:00:00,5,0.31373468,0.9944831,1.9958183,0.49828342
1964-08-16 00:00:00,0,0.1633069,0.9981883,2.002214,0.49854228
1964-08-16 00:00:00,1,2.330344,1.0007653,2.0083203,0.4983096
1964-08-16 00:00:00,2,0.33969992,1.003046,2.009262,0.49921116
1964-08-16 00:00:00,3,1.1528634,0.9984752,2.0080328,0.49724048
1964-08-16 00:00:00,4,0.120623685,1.0008345,2.0035393,0.49953324
1964-08-16 00:00:00,5,0.12865981,0.9972313,2.0057857,0.4971774
1964-09-15 12:00:00,0,0.172845,0.9929057,1.9756712,0.5025663
1964-09-15 12:00:00,1,0.49369496,0.9913572,1.987123,0.4988907
1964-09-15 12:00:00,2,0.7567265,0.9975959,1.9931719,0.5005067
1964-09-15 12:00:00,3,0.061611507,0.99364257,1.9887539,0.49963072
1964-09-15 12:00:00,4,0.7573418,0.9921625,1.9806483,0.50092816
1964-09-15 12:00:00,5,0.9804788,0.9904664,1.9848998,0.49900073
1964-10-16 00:00:00,0,0.37888724,1.0000482,2.0030284,0.49926808
1964-10-16 00:00:00,1,1.4148992,0.99985176,2.0070035,0.49818137
1964-10-16 00:00:00,2,0.26870817,1.0012465,2.0007563,0.500434
1964-10-16 00:00:00,3,0.67327887,1.0034783,2.0081224,0.49970973
1964-10-16 00:00:00,4,0.6484991,1.0008974,2.0063505,0.49886468
1964-10-16 00:00:00,5,0.2737359,0.9964098,2.0046725,0.49704367
1964-11-15 12:00:00,0,0.13793519,1.0004534,2.002149,0.49968973
1964-11-15 12:00:00,1,1.1199993,0.99893713,2.0057302,0.49804163
1964-11-15 12:00:00,2,2.632577,0.9998618,1.9994981,0.5000564
1964-11-15 12:00:00,3,0.91620004,1.002991,2.0073154,0.49966785
1964-11-15 12:00:00,4,0.30203426,1.0004377,2.0063107,0.49864545
1964-11-15 12:00:00,5,0.39448276,0.996911,2.0040848,0.4974395
1964-12-16 00:00:00,0,0.08412459,1.0006369,2.0023146,0.49974012
1964-12-16 00:00:00,1,2.1568305,0.99881595,2.0055451,0.49802718
1964-12-16 00:00:00,2,0.46722543,0.99956805,1.9997201,0.49985397
1964-12-16 00:00:00,3,0.48400936,1.0025915,2.0071914,0.49949968
1964-12-16 00:00:00,4,0.17407016,1.0005237,2.0066032,0.4986156
1964-12-16 00:00:00,5,0.19829436,0.9973412,2.0042865,0.4976041
1965-01-16 00:00:00,0,0.33659637,1.0005311,2.0022097,0.49971345
1965-01-16 00:00:00,1,0.9379912,0.9988807,2.005646,0.4980344
1965-01-16 00:00:00,2,0.9978206,0.9997312,1.9995798,0.49997064
1965-01-16 00:00:00,3,1.8008502,1.0028244,2.0072596,0.49959877
1965-01-16 00:00:00,4,0.4167816,1.0004687,2.0064294,0.49863142
1965-01-16 00:00:00,5,0.5369469,0.99708986,2.0041625,0.49750948
1965-02-14 12:00:00,0,1.1603266,0.99975806,2.0045357,0.49874794
1965-02-14 12:00:00,1,0.24247593,1.0008858,2.0088782,0.4982312
1965-02-14 12:00:00,2,0.095026776,1.0025219,2.003458,0.5003958
1965-02-14 12:00:00,3,0.3668049,1.0032501,2.0094361,0.4992695
1965-02-14 12:00:00,4,0.18387744,1.0014875,2.0069256,0.49901575
1965-02-14 12:00:00,5,0.055775672,0.9964476,2.0060263,0.4967271
1965-03-16 00:00:00,0,0.31295115,1.0002631,2.0022848,0.49956086
1965-03-16 00:00:00,1,0.2408308,0.99922955,2.0060978,0.49809614
1965-03-16 00:00:00,2,0.086784184,1.0003676,1.9996682,0.5002668
1965-03-16 00:00:00,3,1.9470278,1.0033135,2.0075357,0.4997737
1965-03-16 00:00:00,4,0.07383453,1.0005301,2.0061698,0.49872655
1965-03-16 00:00:00,5,1.0700562,0.9965832,2.0041192,0.49726745
1965-04-15 12:00:00,0,0.11319317,1.0004694,2.0021613,0.49969473
1965-04-15 12:00:00,1,0.014882203,0.9989256,2.00571,0.49804094
1965-04-15 12:00:00,2,0.5137335,0.9998355,1.9995131,0.50003946
1965-04-15 12:00:00,3,0.77161777,1.0029562,2.0073009,0.4996541
1965-04-15 12:00:00,4,0.21995118,1.0004454,2.0063345,0.49864334
1965-04-15 12:00:00,5,0.720713,0.99694896,2.0041003,0.4974546
1965-05-16 00:00:00,0,0.5797615,0.9996302,2.0055206,0.49843928
1965-05-16 00:00:00,1,0.39017722,1.0015858,2.00941,0.49844775
1965-05-16 00:00:00,2,0.24772099,1.0034255,2.0052884,0.50038964
1965-05-16 00:00:00,3,0.5766101,1.0025972,2.0095718,0.49891087
1965-05-16 00:00:00,4,0.59461707,1.0022168,2.007251,0.4992982
1965-05-16 00:00:00,5,0.8192916,0.9969914,2.0069544,0.49676833
1965-06-15 12:00:00,0,0.83673877,1.0000172,2.0037367,0.49907613
1965-06-15 12:00:00,1,0.1373326,1.000306,2.0073006,0.49833393
1965-06-15 12:00:00,2,0.9334418,1.0018393,2.0016882,0.50049716
1965-06-15 12:00:00,3,0.8912015,1.0032346,2.0081909,0.49957135
1965-06-15 12:00:00,4,0.093385145,1.001416,2.0066578,0.49904668
1965-06-15 12:00:00,5,0.30803865,0.9967245,2.0052378,0.49706048
1965-07-16 00:00:00,0,0.74871045,0.9997828,2.0057204,0.4984657
1965-07-16 00:00:00,1,0.87812597,1.0015196,2.0092824,0.4984464
1965-07-16 00:00:00,2,1.9985886,1.0032331,2.0054538,0.50025237
1965-07-16 00:00:00,3,0.26207325,1.002353,2.00949,0.49880964
1965-07-16 00:00:00,4,0.7822715,1.0023204,2.0075219,0.49928245
1965-07-16 00:00:00,5,0.71415293,0.9973006,2.0071301,0.4968789
1965-08-16 00:00:00,0,0.18010633,1.0000447,2.0039937,0.49902585
1965-08-16 00:00:00,1,0.14870372,1.0003958,2.0075045,0.49832806
1965-08-16 00:00:00,2,0.61013323,1.0018963,2.002109,0.50042045
1965-08-16 00:00:00,3,0.33862108,1.0030811,2.008344,0.49945682
1965-08-16 00:00:00,4,0.16809288,1.001511,2.0068429,0.49904802
1965-08-16 00:00:00,5,0.16108473,0.9968676,2.005483,0.4970711
1965-09-15 12:00:00,0,0.16413456,0.9991377,2.0057464,0.49813762
1965-09-15 12:00:00,1,5.6548764e-05,1.0020003,2.0103803,0.49841332
1965-09-15 12:00:00,2,0.33880156,1.00394,2.0086985,0.49979627
1965-09-15 12:00:00,3,0.038781177,1.0008327,2.0100586,0.49791217
1965-09-15 12:00:00,4,0.48650995,1.0022571,2.0068057,0.49942908
1965-09-15 12:00:00,5,0.3287832,0.99747705,2.007838,0.4967916
1965-10-16 00:00:00,0,0.048055194,0.99438965,1.9834104,0.50135344
1965-10-16 00:00:00,1,0.38584447,0.9940194,1.993877,0.49853596
1965-10-16 00:00:00,2,0.4005601,0.99887484,1.9989693,0.49969494
1965-10-16 00:00:00,3,0.38305482,0.99450463,1.9949365,0.49851444
1965-10-16 00:00:00,4,0.34451792,0.9944008,1.987357,0.50036347
1965-10-16 00:00:00,5,0.39899558,0.99254775,1.991382,0.49842158
1965-11-15 12:00:00,0,0.41237527,1.0006092,2.0022807,0.4997347
1965-11-15 12:00:00,1,0.46517196,0.9988291,2.0055685,0.49802792
1965-11-15 12:00:00,2,0.10301425,0.999606,1.9996755,0.4998841
1965-11-15 12:00:00,3,1.5303687,1.0026546,2.0072083,0.4995269
1965-11-15 12:00:00,4,0.6307843,1.000505,2.0065546,0.49861836
1965-11-15 12:00:00,5,0.056720093,0.9972726,2.0042493,0.49757913
1965-12-16 00:00:00,0,0.17972125,1.0005009,2.002184,0.4997048
1965-12-16 00:00:00,1,0.09562279,0.9989026,2.005672,0.4980389
1965-12-16 00:00:00,2,1.8763491,0.999783,1.9995426,0.50000584
1965-12-16 00:00:00,3,0.074783236,1.0028888,2.0072746,0.4996271
1965-12-16 00:00:00,4,0.22664297,1.0004586,2.0063813,0.49863833
1965-12-16 00:00:00,5,0.07279159,0.99702185,2.0041301,0.49748358
1966-01-16 00:00:00,0,0.07615608,1.0002891,2.0023208,0.49956486
1966-01-16 00:00:00,1,0.027800152,0.9992136,2.0061052,0.49808633
1966-01-16 00:00:00,2,2.008976,1.0003217,1.9997275,0.50022906
1966-01-16 00:00:00,3,0.47766376,1.0032572,2.0075505,0.49974194
1966-01-16 00:00:00,4,1.2135556,1.0005337,2.0062227,0.49871516
1966-01-16 00:00:00,5,0.029687641,0.99663854,2.0041604,0.49728483
1966-02-14 12:00:00,0,0.11508376,1.0002929,2.002263,0.49958116
1966-02-14 12:00:00,1,0.08419323,0.99918264,2.0060432,0.4980863
1966-02-14 12:00:00,2,1.9047254,1.0002865,1.9996413,0.50023293
1966-02-14 12:00:00,3,0.016223071,1.0032641,2.0075047,0.49975678
1966-02-14 12:00:00,4,0.33183083,1.0005131,2.0061922,0.49871248
1966-02-14 12:00:00,5,0.7630566,0.9966328,2.0041132,0.49729368
1966-03-16 00:00:00,0,1.1347952,0.9999549,2.0043726,0.49888673
1966-03-16 00:00:00,1,0.6424503,1.0006174,2.008294,0.49824247
1966-03-16 00:00:00,2,0.017465118,1.0021082,2.0029798,0.5003087
1966-03-16 00:00:00,3,0.12239874,1.0030565,2.0090039,0.49928054
1966-03-16 00:00:00,4,0.2178978,1.0014915,2.0070248,0.49899313
1966-03-16 00:00:00,5,0.17131571,0.99675477,2.005883,0.4969157
1966-04-15 12:00:00,0,0.47317347,0.9996135,2.0057237,0.49838048
1966-04-15 12:00:00,1,0.46038118,1.0015788,2.0101142,0.49826962
1966-04-15 12:00:00,2,0.13866274,1.0032446,2.0062337,0.5000637
1966-04-15 12:00:00,3,0.3510449,1.0022954,2.01024,0.49859485
1966-04-15 12:00:00,4,0.025035612,1.0020033,2.0074453,0.4991435
1966-04-15 12:00:00,5,0.09977313,0.9970214,2.0073316,0.49668992
1966-05-16 00:00:00,0,1.1027302,0.99946123,2.0057216,0.49830508
1966-05-16 00:00:00,1,2.5516183,1.0017643,2.0101242,0.4983594
1966-05-16 00:00:00,2,0.1597138,1.0035979,2.0064785,0.5001787
1966-05-16 00:00:00,3,0.6125077,1.0022304,2.0101266,0.49859068
1966-05-16 00:00:00,4,0.16170329,1.002129,2.0072284,0.49926007
1966-05-16 00:00:00,5,0.31596804,0.99698013,2.0073385,0.49666765
1966-06-15 12:00:00,0,0.69173324,0.99786246,2.0006442,0.49877056
1966-06-15 12:00:00,1,0.4418731,1.000147,2.0071933,0.49828133
1966-06-15 12:00:00,2,0.6015429,1.0025249,2.0089607,0.4990266
1966-06-15 12:00:00,3,0.26559883,0.9977409,2.007005,0.49712926
1966-06-15 12:00:00,4,1.5426078,1.0002222,2.0021799,0.4995666
1966-06-15 12:00:00,5,0.183195,0.9970036,2.004745,0.4973219
1966-07-16 00:00:00,0,0.710472,0.99671197,1.99531,0.4995274
1966-07-16 00:00:00,1,0.02813459,0.9982786,2.003405,0.49829096
1966-07-16 00:00:00,2,0.59535235,1.0013962,2.0062978,0.49912637
1966-07-16 00:00:00,3,0.2814353,0.99657804,2.0035582,0.4974041
1966-07-16 00:00:00,4,0.06866118,0.9982933,1.9975507,0.49975866
1966-07-16 00:00:00,5,0.23132296,0.99561805,2.0007293,0.49762756
1966-08-16 00:00:00,0,0.28443217,0.99686414,1.9957241,0.49949998
1966-08-16 00:00:00,1,0.13600178,0.9984082,2.003088,0.4984345
1966-08-16 00:00:00,2,0.58336633,1.0014104,2.0068028,0.49900785
1966-08-16 00:00:00,3,0.012440406,0.9960188,2.0031714,0.49722096
1966-08-16 00:00:00,4,0.27018186,0.99869317,1.9978464,0.49988487
1966-08-16 00:00:00,5,0.16526334,0.99626607,2.0011103,0.49785665
1966-09-15 12:00:00,0,0.51310396,0.99854475,2.0039885,0.49827868
1966-09-15 12:00:00,1,0.3989448,1.0014083,2.0097153,0.49828368
1966-09-15 12:00:00,2,1.7240105,1.003505,2.009552,0.4993675
1966-09-15 12:00:00,3,0.6471602,0.9995294,2.009372,0.49743375
1966-09-15 12:00:00,4,0.057321314,1.0013902,2.0050783,0.499427
1966-09-15 12:00:00,5,0.037469868,0.99721396,2.0069265,0.49688613
1966-10-16 00:00:00,0,0.2902029,0.98934513,1.9571,0.5055159
1966-10-16 00:00:00,1,0.049700674,0.98490286,1.9713457,0.4996094
1966-10-16 00:00:00,2,0.105797514,0.99442065,1.9787383,0.50255287
1966-10-16 00:00:00,3,1.4963064,0.99252945,1.9744362,0.5026901
1966-10-16 00:00:00,4,0.12869026,0.9865674,1.9646425,0.50216126
1966-10-16 00:00:00,5,2.0267637,0.9845804,1.9691777,0.4999957
1966-11-15 12:00:00,0,0.5536735,1.0005076,2.0021865,0.4997075
1966-11-15 12:00:00,1,0.04128411,0.9988949,2.0056696,0.4980356
1966-11-15 12:00:00,2,0.5028658,0.9997668,1.9995494,0.49999607
1966-11-15 12:00:00,3,0.03676665,1.0028763,2.0072763,0.49962044
1966-11-15 12:00:00,4,0.111747704,1.0004556,2.0063913,0.49863434
1966-11-15 12:00:00,5,0.2477612,0.9970334,2.0041356,0.497488
1966-12-16 00:00:00,0,0.101597264,1.0005277,2.0022013,0.49971387
1966-12-16 00:00:00,1,0.9098601,0.9988802,2.0056455,0.49803427
1966-12-16 00:00:00,2,0.75993663,0.9997333,1.9995686,0.49997452
1966-12-16 00:00:00,3,0.67049396,1.0028329,2.0072594,0.49960303
1966-12-16 00:00:00,4,1.1053727,1.0004644,2.0064213,0.49863127
1966-12-16 00:00:00,5,0.026649319,0.9970805,2.004155,0.4975067
1967-01-16 00:00:00,0,0.2700597,1.0006077,2.0022805,0.49973404
1967-01-16 00:00:00,1,0.7833861,0.9988308,2.0055702,0.49802834
1967-01-16 00:00:00,2,0.95704406,0.9996093,1.9996746,0.49988598
1967-01-16 00:00:00,3,0.12211024,1.0026574,2.007209,0.49952814
1967-01-16 00:00:00,4,1.06578,1.0005051,2.0065527,0.4986189
1967-01-16 00:00:00,5,0.27451628,0.99726963,2.0042484,0.49757788
1967-02-14 12:00:00,0,0.6853905,0.999133,2.005594,0.4981731
1967-02-14 12:00:00,1,0.98853946,1.001844,2.0107172,0.4982521
1967-02-14 12:00:00,2,0.0817089,1.0036528,2.0087507,0.49964032
1967-02-14 12:00:00,3,1.1312662,1.0009007,2.0104666,0.497845
1967-02-14 12:00:00,4,0.23001984,1.0019375,2.00681,0.49926877
1967-02-14 12:00:00,5,0.37559208,0.9972787,2.0078225,0.49669665
1967-03-16 00:00:00,0,0.442898,1.0005721,2.0022407,0.49972618
1967-03-16 00:00:00,1,1.9014655,0.9988503,2.0056016,0.49803025
1967-03-16 00:00:00,2,0.1123665,0.9996613,1.999622,0.49992517
1967-03-16 00:00:00,3,0.86821675,1.0027367,2.0072305,0.4995623
1967-03-16 00:00:00,4,0.15896867,1.0004842,2.006492,0.4986236
1967-03-16 00:00:00,5,0.059542824,0.9971837,2.0042033,0.49754617
1967-04-15 12:00:00,0,0.86262596,1.000558,2.0022235,0.49972343
1967-04-15 12:00:00,1,1.0598434,0.99885714,2.005613,0.4980308
1967-04-15 12:00:00,2,0.48654467,0.99968094,1.9995991,0.4999407
1967-04-15 12:00:00,3,0.5924079,1.0027688,2.0072389,0.49957618
1967-04-15 12:00:00,4,0.21114817,1.0004749,2.006467,0.49862513
1967-04-15 12:00:00,5,0.80950564,0.99714893,2.0041842,0.49753356
1967-05-16 00:00:00,0,1.582092,0.9998185,2.004499,0.49878725
1967-05-16 00:00:00,1,0.46867058,1.0008795,2.0083897,0.49834925
1967-05-16 00:00:00,2,0.14169566,1.0025615,2.003149,0.5004927
1967-05-16 00:00:00,3,0.08922545,1.0031682,2.0089653,0.49934572
1967-05-16 00:00:00,4,0.88481814,1.0016881,2.0069025,0.4991215
1967-05-16 00:00:00,5,0.4411521,0.9966552,2.0059428,0.49685127
1967-06-15 12:00:00,0,0.1921582,1.000064,2.0033445,0.4991972
1967-06-15 12:00:00,1,0.09948415,1.0000218,2.0070868,0.49824545
1967-06-15 12:00:00,2,0.24664071,1.00145,2.001163,0.500434
1967-06-15 12:00:00,3,0.3544385,1.0033207,2.0081208,0.49963164
1967-06-15 12:00:00,4,0.90724033,1.0011302,2.0065205,0.49893844
1967-06-15 12:00:00,5,0.00097535393,0.9966055,2.0049336,0.49707657
1967-07-16 00:00:00,0,0.48808318,0.99806017,2.0019255,0.49855012
1967-07-16 00:00:00,1,0.7268364,1.0007508,2.0078673,0.49841478
1967-07-16 00:00:00,2,0.48650974,1.0031551,2.00919,0.4992833
1967-07-16 00:00:00,3,0.9618035,0.9983235,2.007541,0.49728674
1967-07-16 00:00:00,4,0.12234004,1.0008748,2.0031335,0.49965453
1967-07-16 00:00:00,5,2.696578,0.99718016,2.0055213,0.49721745
1967-08-16 00:00:00,0,0.041940514,0.9989073,2.0049472,0.49822128
1967-08-16 00:00:00,1,0.09068977,1.0016727,2.0096657,0.49842754
1967-08-16 00:00:00,2,0.16031155,1.0035492,2.010169,0.49923623
1967-08-16 00:00:00,3,0.43264756,0.9990503,2.0092432,0.49722716
1967-08-16 00:00:00,4,0.6636483,1.002046,2.0059621,0.49953386
1967-08-16 00:00:00,5,0.89839023,0.99813294,2.007725,0.49714625
1967-09-15 12:00:00,0,0.5618521,0.99926424,2.005907,0.49816078
1967-09-15 12:00:00,1,1.0310696,1.0019695,2.0105233,0.4983625
1967-09-15 12:00:00,2,0.16452765,1.0038167,2.008288,0.49983707
1967-09-15 12:00:00,3,2.3743658,1.0012586,2.0102913,0.49806643
1967-09-15 12:00:00,4,0.6626466,1.0022281,2.0070825,0.49934578
1967-09-15 12:00:00,5,0.17061909,0.9973247,2.0078628,0.4967096
1967-10-16 00:00:00,0,0.30909312,0.9995099,2.0059419,0.4982746
1967-10-16 00:00:00,1,0.72694254,1.00176,2.010544,0.4982532
1967-10-16 00:00:00,2,0.22405516,1.0034236,2.007238,0.49990267
1967-10-16 00:00:00,3,0.77620107,1.0019002,2.0105228,0.49832818
1967-10-16 00:00:00,4,0.53770286,1.0020719,2.007472,0.49917102
1967-10-16 00:00:00,5,0.6669777,0.99714106,2.0077207,0.4966533
1967-11-15 12:00:00,0,0.13256568,1.0002819,2.002215,0.49958768
1967-11-15 12:00:00,1,0.35312608,0.99916863,2.0060349,0.4980814
1967-11-15 12:00:00,2,0.14370468,1.0002776,1.9995801,0.50024384
1967-11-15 12:00:00,3,0.9546362,1.0032996,2.007503,0.49977487
1967-11-15 12:00:00,4,0.31411514,1.0004841,2.006155,0.49870726
1967-11-15 12:00:00,5,0.011895652,0.9965914,2.0040717,0.4972833
1967-12-16 00:00:00,0,0.68848735,1.0003905,2.0021927,0.49964747
1967-12-16 00:00:00,1,0.12925665,0.9990343,2.0058444,0.49806172
1967-12-16 00:00:00,2,1.4123023,1.000031,1.9995488,0.5001283
1967-12-16 00:00:00,3,3.2295177,1.0030975,2.007381,0.49970463
1967-12-16 00:00:00,4,0.5827797,1.0004712,2.0062625,0.49867412
1967-12-16 00:00:00,5,0.15347336,0.9968044,2.004094,0.4973841
1968-01-16 00:00:00,0,0.18884407,1.0005187,2.002199,0.49970993
1968-01-16 00:00:00,1,0.44980347,0.99888915,2.0056589,0.49803543
1968-01-16 00:00:00,2,0.0072624306,0.99975127,1.9995652,0.49998432
1968-01-16 00:00:00,3,0.37317854,1.0028515,2.0072684,0.49961007
1968-01-16 00:00:00,4,1.3810518,1.000463,2.0064101,0.49863335
1968-01-16 00:00:00,5,1.1032782,0.99706066,2.0041494,0.49749815
1968-02-15 00:00:00,0,2.143065,1.0002942,2.0022318,0.4995896
1968-02-15 00:00:00,1,0.7960911,0.99916536,2.0060177,0.498084
1968-02-15 00:00:00,2,0.5661551,1.0002658,1.9995979,0.5002335
1968-02-15 00:00:00,3,0.11519938,1.0032701,2.0074875,0.49976408
1968-02-15 00:00:00,4,0.0015896151,1.0004979,2.006176,0.49870896
1968-02-15 00:00:00,5,0.20959327,0.9966254,2.0040882,0.49729618
1968-03-16 00:00:00,0,1.1327075,1.0003302,2.002154,0.49962696
1968-03-16 00:00:00,1,1.2523226,0.99908036,2.0059247,0.49806473
1968-03-16 00:00:00,2,0.26234832,1.0001328,1.9995016,0.50019103
1968-03-16 00:00:00,3,0.63245326,1.0032253,2.0074377,0.49975416
1968-03-16 00:00:00,4,0.47442168,1.000446,2.0061767,0.49868286
1968-03-16 00:00:00,5,0.6103642,0.9966651,2.0040417,0.49732754
1968-04-15 12:00:00,0,1.0707064,0.99955356,2.005404,0.49843
1968-04-15 12:00:00,1,0.2552695,1.0015101,2.0099084,0.49828646
1968-04-15 12:00:00,2,0.1413163,1.0032682,2.0055606,0.5002433
1968-04-15 12:00:00,3,1.479597,1.0026587,2.0100832,0.49881455
1968-04-15 12:00:00,4,0.28556374,1.0018928,2.0071912,0.49915165
1968-04-15 12:00:00,5,0.45853138,0.9967253,2.0069728,0.4966312
1968-05-16 00:00:00,0,0.15501398,0.9998278,2.0044956,0.4987927
1968-05-16 00:00:00,1,0.6066115,1.0008448,2.0084682,0.49831253
1968-05-16 00:00:00,2,0.099841066,1.0024902,2.0031958,0.5004454
1968-05-16 00:00:00,3,0.09982511,1.0031517,2.009057,0.49931467
1968-05-16 00:00:00,4,0.2158685,1.001626,2.0069294,0.49908385
1968-05-16 00:00:00,5,0.3828179,0.99664515,2.0059557,0.49684304
1968-06-15 12:00:00,0,0.6607851,0.99925035,2.0059175,0.49815127
1968-06-15 12:00:00,1,0.7459205,1.0019674,2.0102715,0.49842393
1968-06-15 12:00:00,2,0.44921568,1.0038148,2.0089276,0.49967694
1968-06-15 12:00:00,3,0.604057,1.0005702,2.0099685,0.4978039
1968-06-15 12:00:00,4,0.66649103,1.002371,2.0070138,0.49943402
1968-06-15 12:00:00,5,0.9731524,0.9977632,2.0080159,0.4968901
1968-07-16 00:00:00,0,0.0010474598,0.99836475,2.0026727,0.4985162
1968-07-16 00:00:00,1,0.676178,1.0008298,2.0084934,0.49829876
1968-07-16 00:00:00,2,0.5640688,1.0028888,2.009702,0.49902365
1968-07-16 00:00:00,3,0.5672596,0.9982078,2.0081816,0.4970705
1968-07-16 00:00:00,4,0.12880193,1.0009886,2.0039923,0.49949723
1968-07-16 00:00:00,5,0.363605,0.9976095,2.006196,0.4972642
1968-08-16 00:00:00,0,0.94050336,0.99955636,2.0063155,0.49820498
1968-08-16 00:00:00,1,0.2761356,1.0018727,2.0104384,0.49833542
1968-08-16 00:00:00,2,0.10742979,1.0034554,2.00867,0.49956208
1968-08-16 00:00:00,3,0.1168048,1.0007646,2.0102694,0.49782613
1968-08-16 00:00:00,4,0.46033132,1.0024153,2.0076602,0.49929532
1968-08-16 00:00:00,5,0.2701164,0.99794835,2.008297,0.49691275
1968-09-15 12:00:00,0,0.58099425,0.99408597,1.9820539,0.50154334
1968-09-15 12:00:00,1,0.9207702,0.9936891,1.9923477,0.49875286
1968-09-15 12:00:00,2,0.113389745,0.99894285,1.9977233,0.50004065
1968-09-15 12:00:00,3,0.44714993,0.9942758,1.9934111,0.4987811
1968-09-15 12:00:00,4,0.41650647,0.99425894,1.9860619,0.5006183
1968-09-15 12:00:00,5,0.12404701,0.992346,1.9901541,0.4986277
1968-10-16 00:00:00,0,0.4236822,0.9999418,2.003411,0.49911964
1968-10-16 00:00:00,1,0.44436964,1.0001451,2.0075727,0.49818623
1968-10-16 00:00:00,2,0.72149086,1.0016308,2.001415,0.50046134
1968-10-16 00:00:00,3,0.5794867,1.0035267,2.0085356,0.49963102
1968-10-16 00:00:00,4,1.8392843,1.001023,2.0064685,0.49889797
1968-10-16 00:00:00,5,1.306358,0.99631655,2.004993,0.49691772
1968-11-15 12:00:00,0,1.0577332,1.0003166,2.0022368,0.49959955
1968-11-15 12:00:00,1,0.3495989,0.9991439,2.0059793,0.49808285
1968-11-15 12:00:00,2,0.0019204144,1.0002235,1.9996018,0.50021136
1968-11-15 12:00:00,3,0.078232825,1.0032252,2.0074604,0.49974844
1968-11-15 12:00:00,4,0.43415028,1.0005038,2.0062025,0.4987053
1968-11-15 12:00:00,5,1.0048522,0.9966747,2.0040998,0.49731788
1968-12-16 00:00:00,0,0.23822512,1.0005485,2.0022216,0.49971914
1968-12-16 00:00:00,1,0.38706112,0.998867,2.0056264,0.49803242
1968-12-16 00:00:00,2,0.08105425,0.99970067,1.9995961,0.4999513
1968-12-16 00:00:00,3,0.18550274,1.0027875,2.0072474,0.4995834
1968-12-16 00:00:00,4,1.8126649,1.0004745,2.0064554,0.4986278
1968-12-16 00:00:00,5,0.027620457,0.99712914,2.004179,0.497525
1969-01-16 00:00:00,0,0.39995167,1.000648,2.0023289,0.4997421
1969-01-16 00:00:00,1,0.101700604,0.9988107,2.0055356,0.4980269
1969-01-16 00:00:00,2,0.084422864,0.9995531,1.9997382,0.49984196
1969-01-16 00:00:00,3,0.25992957,1.0025662,2.0071847,0.49948877
1969-01-16 00:00:00,4,0.5157554,1.0005316,2.006623,0.4986146
1969-01-16 00:00:00,5,1.0239416,0.99736893,2.0043018,0.49761415
1969-02-14 12:00:00,0,0.18647934,1.0006207,2.0022933,0.49973732
1969-02-14 12:00:00,1,0.2934481,0.9988228,2.0055583,0.49802732
1969-02-14 12:00:00,2,2.138928,0.99958915,1.9996922,0.4998715
1969-02-14 12:00:00,3,0.2454167,1.0026288,2.007201,0.4995159
1969-02-14 12:00:00,4,0.47769788,1.0005118,2.0065742,0.4986169
1969-02-14 12:00:00,5,0.7505706,0.99730045,2.0042636,0.49758944
1969-03-16 00:00:00,0,0.98525834,1.0001113,2.0028872,0.4993348
1969-03-16 00:00:00,1,0.57851493,0.9997128,2.0067742,0.49816906
1969-03-16 00:00:00,2,0.6770773,1.0010434,2.0005283,0.5003895
1969-03-16 00:00:00,3,0.101891115,1.0034083,2.0079648,0.49971408
1969-03-16 00:00:00,4,0.06441832,1.0008397,2.006337,0.4988393
1969-03-16 00:00:00,5,0.50639457,0.99649274,2.004568,0.49711093
1969-04-15 12:00:00,0,0.50385356,1.0002754,2.0023081,0.49956116
1969-04-15 12:00:00,1,0.11602205,0.99922657,2.0061002,0.49809405
1969-04-15 12:00:00,2,0.2343849,1.0003524,1.9997023,0.50025064
1969-04-15 12:00:00,3,0.6136784,1.0032843,2.0075395,0.4997582
1969-04-15 12:00:00,4,0.5125326,1.0005386,2.0061975,0.4987239
1969-04-15 12:00:00,5,0.39525446,0.9966137,2.0041435,0.4972766
1969-05-16 00:00:00,0,0.027667247,0.99823445,2.0025795,0.49847433
1969-05-16 00:00:00,1,0.4239821,1.0009433,2.0086007,0.49832866
1969-05-16 00:00:00,2,1.021942,1.0032121,2.0092354,0.49930042
1969-05-16 00:00:00,3,0.90606165,0.9987551,2.0082798,0.49731869
1969-05-16 00:00:00,4,0.05330152,1.0009643,2.0038114,0.4995302
1969-05-16 00:00:00,5,0.56329745,0.99719375,2.0059817,0.4971101
1969-06-15 12:00:00,0,0.60095936,1.0002245,2.0027356,0.4994291
1969-06-15 12:00:00,1,0.46411622,0.9995379,2.006323,0.4981939
1969-06-15 12:00:00,2,0.14126568,1.0007894,2.0002196,0.50033975
1969-06-15 12:00:00,3,0.518829,1.0032326,2.0076075,0.4997155
1969-06-15 12:00:00,4,0.5500612,1.0008544,2.0063467,0.49884418
1969-06-15 12:00:00,5,0.49326086,0.99671906,2.0044534,0.4972523
1969-07-16 00:00:00,0,0.33107048,0.9970188,1.996755,0.49931955
1969-07-16 00:00:00,1,0.26746938,0.9988468,2.0040667,0.49840996
1969-07-16 00:00:00,2,0.45305747,1.0017779,2.0072122,0.49908918
1969-07-16 00:00:00,3,0.89748454,0.9965347,2.0040627,0.49725726
1969-07-16 00:00:00,4,0.08148517,0.99901634,1.9987046,0.49983191
1969-07-16 00:00:00,5,0.7948322,0.9962857,2.0018604,0.4976799
1969-08-16 00:00:00,0,0.22412,0.9894884,1.9579575,0.5053677
1969-08-16 00:00:00,1,0.029801592,0.98520994,1.972113,0.49957073
1969-08-16 00:00:00,2,0.021063777,0.99456215,1.9793937,0.502458
1969-08-16 00:00:00,3,0.17729998,0.99252766,1.9751072,0.50251836
1969-08-16 00:00:00,4,1.1931776,0.98676634,1.965336,0.5020853
1969-08-16 00:00:00,5,0.14198366,0.984894,1.9698323,0.49998873
1969-09-15 12:00:00,0,0.27384666,0.9923506,1.9730115,0.5029624
1969-09-15 12:00:00,1,0.7913584,0.99045527,1.9847986,0.49902055
1969-09-15 12:00:00,2,0.3543717,0.9971884,1.991176,0.5008037
1969-09-15 12:00:00,3,0.9390269,0.9934245,1.986627,0.50005585
1969-09-15 12:00:00,4,1.6330622,0.99136037,1.9782693,0.5011251
1969-09-15 12:00:00,5,0.8595371,0.989638,1.982611,0.49915895
1969-10-16 00:00:00,0,0.02308307,1.0000588,2.0032303,0.49922305
1969-10-16 00:00:00,1,0.5712477,0.99995905,2.0070636,0.4982199
1969-10-16 00:00:00,2,0.49912876,1.0013723,2.0010178,0.5004315
1969-10-16 00:00:00,3,0.35449687,1.0033779,2.008129,0.49965814
1969-10-16 00:00:00,4,0.3366078,1.0010422,2.0064611,0.49890935
1969-10-16 00:00:00,5,0.8632367,0.9965339,2.004841,0.49706376
1969-11-15 12:00:00,0,0.5407436,1.000099,2.0027416,0.49936494
1969-11-15 12:00:00,1,0.22779642,0.9996481,2.006706,0.49815375
1969-11-15 12:00:00,2,0.14415002,1.0009775,2.0003302,0.50040615
1969-11-15 12:00:00,3,0.73163426,1.0034809,2.0079298,0.49975896
1969-11-15 12:00:00,4,0.77248245,1.0007558,2.0062454,0.49882025
1969-11-15 12:00:00,5,1.0045091,0.99640894,2.0044444,0.49709982
1969-12-16 00:00:00,0,0.59054285,1.000492,2.002184,0.49970034
1969-12-16 00:00:00,1,0.036708504,0.9989115,2.005691,0.49803856
1969-12-16 00:00:00,2,0.5677242,0.99979967,1.9995444,0.50001377
1969-12-16 00:00:00,3,0.7496937,1.0029066,2.0072894,0.49963227
1969-12-16 00:00:00,4,0.1905063,1.0004556,2.0063725,0.49863905
1969-12-16 00:00:00,5,0.10417339,0.99700177,2.004127,0.49747434
1970-01-16 00:00:00,0,1.4001663,1.0006217,2.0022955,0.49973726
1970-01-16 00:00:00,1,0.7683577,0.99882257,2.005558,0.49802727
1970-01-16 00:00:00,2,0.68638074,0.9995881,1.9996951,0.49987024
1970-01-16 00:00:00,3,0.62853897,1.0026263,2.0072012,0.4995146
1970-01-16 00:00:00,4,0.37691477,1.0005127,2.0065763,0.49861684
1970-01-16 00:00:00,5,0.537951,0.9973031,2.0042655,0.4975903
1970-02-14 12:00:00,0,0.0294976,1.000267,2.0023298,0.4995516
1970-02-14 12:00:00,1,1.9362301,0.99924624,2.006133,0.4980957
1970-02-14 12:00:00,2,0.535786,1.0003811,1.9997343,0.500257
1970-02-14 12:00:00,3,0.37303114,1.0032945,2.007562,0.49975768
1970-02-14 12:00:00,4,0.3173174,1.0005473,2.0062008,0.49872738
1970-02-14 12:00:00,5,3.4700146,0.9966024,2.0041583,0.49726734
1970-03-16 00:00:00,0,0.046219975,1.0001296,2.0025363,0.49943143
1970-03-16 00:00:00,1,0.20112127,0.99950963,2.0064988,0.49813616
1970-03-16 00:00:00,2,0.29841274,1.000798,2.0000303,0.5003914
1970-03-16 00:00:00,3,0.48847157,1.0034901,2.007794,0.49979734
1970-03-16 00:00:00,4,0.45796436,1.0006571,2.0061634,0.49879143
1970-03-16 00:00:00,5,0.082248755,0.9963993,2.0042818,0.49713534
1970-04-15 12:00:00,0,0.27543753,0.99989235,2.0041633,0.49890763
1970-04-15 12:00:00,1,0.20104007,1.0006144,2.0080752,0.49829528
1970-04-15 12:00:00,2,0.2880217,1.0022063,2.0025663,0.500461
1970-04-15 12:00:00,3,0.6434999,1.0032517,2.0087936,0.49942994
1970-04-15 12:00:00,4,0.9335162,1.0014843,2.0068073,0.49904355
1970-04-15 12:00:00,5,0.39033535,0.9965979,2.0056467,0.49689603
1970-05-16 00:00:00,0,0.5056999,0.9958002,1.9902295,0.5003444
1970-05-16 00:00:00,1,0.003367517,0.99642116,1.9988648,0.49849352
1970-05-16 00:00:00,2,0.027861629,1.0002317,2.0034573,0.49925283
1970-05-16 00:00:00,3,0.14955044,0.9951767,1.999401,0.4977374
1970-05-16 00:00:00,4,0.20537497,0.99684924,1.9932103,0.5001224
1970-05-16 00:00:00,5,0.22246723,0.9947462,1.9968678,0.49815327
1970-06-15 12:00:00,0,0.20696741,1.0000122,2.003712,0.4990798
1970-06-15 12:00:00,1,0.29971522,1.0002936,2.0073152,0.49832416
1970-06-15 12:00:00,2,0.023809848,1.0018244,2.0016625,0.50049615
1970-06-15 12:00:00,3,1.1109225,1.003257,2.0082114,0.4995774
1970-06-15 12:00:00,4,0.09403293,1.0013887,2.0066435,0.49903664
1970-06-15 12:00:00,5,0.14166808,0.9966954,2.0052176,0.497051
1970-07-16 00:00:00,0,1.0316193,0.9977168,2.0001142,0.4988299
1970-07-16 00:00:00,1,0.35913026,1.0000421,2.0065606,0.4983862
1970-07-16 00:00:00,2,1.809614,1.0025675,2.0086756,0.4991187
1970-07-16 00:00:00,3,0.7724797,0.9974586,2.0063343,0.4971547
1970-07-16 00:00:00,4,1.0083307,1.0001751,2.0016048,0.4996866
1970-07-16 00:00:00,5,0.8987803,0.99703985,2.0042741,0.49745682
1970-08-16 00:00:00,0,0.4775704,0.99161065,1.9689821,0.50361586
1970-08-16 00:00:00,1,0.24470401,0.98907155,1.9814321,0.49917004
1970-08-16 00:00:00,2,0.26366204,0.99645096,1.9881155,0.5012038
1970-08-16 00:00:00,3,1.8984894,0.9931062,1.983543,0.5006729
1970-08-16 00:00:00,4,0.052582882,0.99017256,1.9748466,0.5013921
1970-08-16 00:00:00,5,0.10846772,0.9884278,1.9792918,0.49938458
1970-09-15 12:00:00,0,0.2853016,0.98989624,1.9600787,0.50502884
1970-09-15 12:00:00,1,0.06788985,0.98598516,1.9738635,0.49952045
1970-09-15 12:00:00,2,0.088837765,0.9949687,1.9810423,0.50224507
1970-09-15 12:00:00,3,0.751157,0.99265176,1.9766883,0.5021792
1970-09-15 12:00:00,4,0.1005847,0.9874832,1.9671758,0.5019801
1970-09-15 12:00:00,5,0.28980651,0.98559463,1.971715,0.4998667
1970-10-16 00:00:00,0,0.37648922,0.9998999,2.0044973,0.49882826
1970-10-16 00:00:00,1,0.0393614,1.0007582,2.0084045,0.49828517
1970-10-16 00:00:00,2,0.07400279,1.0023227,2.0031743,0.50036716
1970-10-16 00:00:00,3,0.40110913,1.0030736,2.0090415,0.49927965
1970-10-16 00:00:00,4,1.3061447,1.0015993,2.00702,0.499048
1970-10-16 00:00:00,5,0.34667063,0.99673575,2.0059793,0.49688238
1970-11-15 12:00:00,0,0.4596496,1.0005864,2.0022552,0.4997297
1970-11-15 12:00:00,1,0.50466704,0.9988415,2.0055892,0.49802896
1970-11-15 12:00:00,2,0.17478079,0.9996392,1.9996417,0.49990916
1970-11-15 12:00:00,3,1.9526061,1.0027055,2.0072227,0.4995487
1970-11-15 12:00:00,4,0.54675525,1.0004911,2.0065157,0.49862114
1970-11-15 12:00:00,5,0.07332482,0.99721724,2.0042202,0.4975587
1970-12-16 00:00:00,0,0.47401428,1.0005805,2.0022519,0.4997276
1970-12-16 00:00:00,1,0.05709024,0.99884635,2.0055954,0.49802983
1970-12-16 00:00:00,2,0.3397788,0.9996497,1.9996364,0.49991572
1970-12-16 00:00:00,3,0.105548725,1.0027176,2.0072265,0.4995538
1970-12-16 00:00:00,4,0.5490534,1.0004898,2.0065072,0.4986226
1970-12-16 00:00:00,5,0.24038157,0.9972045,2.0042155,0.49755353
1971-01-16 00:00:00,0,0.6821826,1.0002781,2.0023963,0.4995405
1971-01-16 00:00:00,1,0.17266405,0.9992751,2.0061274,0.4981115
1971-01-16 00:00:00,2,1.8460239,1.0004127,1.9998083,0.5002543
1971-01-16 00:00:00,3,0.21806851,1.0032493,2.0075424,0.49974003
1971-01-16 00:00:00,4,0.05951093,1.0006018,2.0062432,0.498744
1971-01-16 00:00:00,5,0.2718282,0.9966609,2.0042117,0.49728325
1971-02-14 12:00:00,0,0.8133509,0.9999238,2.0036254,0.49905726
1971-02-14 12:00:00,1,1.3367636,1.0003052,2.007615,0.49825546
1971-02-14 12:00:00,2,1.3527626,1.0018563,2.0016751,0.50050896
1971-02-14 12:00:00,3,0.097976446,1.0034574,2.0084991,0.4996056
1971-02-14 12:00:00,4,0.38243544,1.0012176,2.0065405,0.498977
1971-02-14 12:00:00,5,0.91581774,0.996419,2.0051568,0.49692824
1971-03-16 00:00:00,0,0.22711597,1.0004389,2.0021896,0.4996724
1971-03-16 00:00:00,1,1.0235765,0.9989774,2.005767,0.49805254
1971-03-16 00:00:00,2,0.5975147,0.999924,1.9995457,0.5000756
1971-03-16 00:00:00,3,0.05415493,1.0030057,2.0073323,0.49967098
1971-03-16 00:00:00,4,1.790317,1.0004674,2.0063145,0.4986593
1971-03-16 00:00:00,5,1.8435681,0.9969008,2.0041096,0.49742827
1971-04-15 12:00:00,0,0.11353918,1.0000519,2.003358,0.49918783
1971-04-15 12:00:00,1,0.37020794,1.0000397,2.0071328,0.4982429
1971-04-15 12:00:00,2,0.37667108,1.0014755,2.0011942,0.5004389
1971-04-15 12:00:00,3,0.13884439,1.0033376,2.008157,0.49963105
1971-04-15 12:00:00,4,0.22618431,1.001128,2.0065174,0.49893808
1971-04-15 12:00:00,5,1.5867413,0.9965828,2.0049453,0.49706236
1971-05-16 00:00:00,0,0.42347527,1.0003129,2.0022862,0.4995854
1971-05-16 00:00:00,1,0.21374822,0.999181,2.0059817,0.49810076
1971-05-16 00:00:00,2,0.20153056,1.0002784,1.9996504,0.5002266
1971-05-16 00:00:00,3,0.74900204,1.0032129,2.0074449,0.4997462
1971-05-16 00:00:00,4,0.06932548,1.0005516,2.0062184,0.49872515
1971-05-16 00:00:00,5,0.25483876,0.99669874,2.0041327,0.49732172
1971-06-15 12:00:00,0,0.44508865,0.9992546,2.005787,0.4981858
1971-06-15 12:00:00,1,0.42051136,1.0018367,2.0102513,0.49836388
1971-06-15 12:00:00,2,0.1662285,1.0035727,2.00938,0.49944395
1971-06-15 12:00:00,3,0.14045611,1.000148,2.0099678,0.49759406
1971-06-15 12:00:00,4,0.1357333,1.0022612,2.0069582,0.49939314
1971-06-15 12:00:00,5,0.40657493,0.99792284,2.0081086,0.49694663
1971-07-16 00:00:00,0,0.6725635,0.9981454,2.0016074,0.49867192
1971-07-16 00:00:00,1,0.54768944,1.0004615,2.0074365,0.49837762
1971-07-16 00:00:00,2,0.30926892,1.0026618,2.009476,0.4989668
1971-07-16 00:00:00,3,0.60877794,0.99759334,2.0071697,0.49701494
1971-07-16 00:00:00,4,0.74607354,1.000753,2.003016,0.4996231
1971-07-16 00:00:00,5,0.3034228,0.99760765,2.0054872,0.49743906
1971-08-16 00:00:00,0,0.70007986,0.99678934,1.9954176,0.49953923
1971-08-16 00:00:00,1,0.5749311,0.99831116,2.0028973,0.49843353
1971-08-16 00:00:00,2,0.080646396,1.0013872,2.0065484,0.4990596
1971-08-16 00:00:00,3,0.2264485,0.9959978,2.0029876,0.4972561
1971-08-16 00:00:00,4,0.2790388,0.9985627,1.997567,0.49988943
1971-08-16 00:00:00,5,1.5234789,0.9961809,2.0008087,0.49788913
1971-09-15 12:00:00,0,0.682433,0.9985236,2.003341,0.49842918
1971-09-15 12:00:00,1,0.16731189,1.0010428,2.0091636,0.4982386
1971-09-15 12:00:00,2,0.6685774,1.0030202,2.0097396,0.49907964
1971-09-15 12:00:00,3,1.5941381,0.9987568,2.0088825,0.49717036
1971-09-15 12:00:00,4,0.015294118,1.0011473,2.0046623,0.49940944
1971-09-15 12:00:00,5,0.9522073,0.9975117,2.0066864,0.49709395
1971-10-16 00:00:00,0,0.17059654,0.9997068,2.0053186,0.49852765
1971-10-16 00:00:00,1,0.718713,1.0013845,2.009272,0.49838173
1971-10-16 00:00:00,2,0.71279275,1.0031351,2.0048168,0.50036246
1971-10-16 00:00:00,3,0.51660055,1.0027529,2.0095541,0.4989927
1971-10-16 00:00:00,4,0.5953478,1.0020412,2.007252,0.49921048
1971-10-16 00:00:00,5,0.007955224,0.9968972,2.0067568,0.49677032
1971-11-15 12:00:00,0,0.317231,1.0002878,2.002357,0.49955517
1971-11-15 12:00:00,1,0.7445503,0.9992397,2.0061035,0.49809977
1971-11-15 12:00:00,2,0.36379683,1.0003597,1.9997629,0.50023913
1971-11-15 12:00:00,3,0.7196552,1.0032458,2.0075364,0.4997398
1971-11-15 12:00:00,4,0.012718187,1.0005696,2.0062356,0.49872985
1971-11-15 12:00:00,5,0.7939622,0.99665886,2.0041854,0.49728873
1971-12-16 00:00:00,0,0.17475055,1.000584,2.0022552,0.4997285
1971-12-16 00:00:00,1,0.25897762,0.9988443,2.0055912,0.4980299
1971-12-16 00:00:00,2,0.059318338,0.99964464,1.9996407,0.4999121
1971-12-16 00:00:00,3,0.31591836,1.0027099,2.0072231,0.49955076
1971-12-16 00:00:00,4,0.06702004,1.000492,2.0065129,0.49862227
1971-12-16 00:00:00,5,1.3250715,0.997213,2.0042193,0.49755684
1972-01-16 00:00:00,0,1.059719,1.0001135,2.0031712,0.4992651
1972-01-16 00:00:00,1,0.22115543,0.9998531,2.0069964,0.4981838
1972-01-16 00:00:00,2,0.9661551,1.0011913,2.0009568,0.50035626
1972-01-16 00:00:00,3,0.48190007,1.0033064,2.0081143,0.49962613
1972-01-16 00:00:00,4,0.67677283,1.0009726,2.0065007,0.49886483
1972-01-16 00:00:00,5,1.3267623,0.9965957,2.0048168,0.49710062
1972-02-15 00:00:00,0,0.43618557,1.0002,2.0027785,0.49940622
1972-02-15 00:00:00,1,0.03082966,0.9995592,2.0065382,0.49815112
1972-02-15 00:00:00,2,0.2273724,1.0007982,2.0003572,0.50030977
1972-02-15 00:00:00,3,0.29610914,1.0032792,2.007808,0.49968883
1972-02-15 00:00:00,4,0.7754451,1.0007917,2.0063713,0.49880683
1972-02-15 00:00:00,5,0.35657588,0.99663395,2.0045044,0.49719718
1972-03-16 00:00:00,0,0.72015774,0.99960816,2.006057,0.49829498
1972-03-16 00:00:00,1,0.6447165,1.0016626,2.0105865,0.49819425
1972-03-16 00:00:00,2,0.39990047,1.0031763,2.0077057,0.49966305
1972-03-16 00:00:00,3,0.2098537,1.0014648,2.0105844,0.4980964
1972-03-16 00:00:00,4,1.2866356,1.0020489,2.007659,0.49911308
1972-03-16 00:00:00,5,0.18915333,0.99746835,2.007922,0.4967665
1972-04-15 12:00:00,0,1.8965977,1.0001032,2.0030851,0.49928144
1972-04-15 12:00:00,1,0.6126263,0.9998236,2.0069363,0.498184
1972-04-15 12:00:00,2,0.28307843,1.0011716,2.0008218,0.50038016
1972-04-15 12:00:00,3,0.3375308,1.0033565,2.00807,0.4996621
1972-04-15 12:00:00,4,0.18730986,1.0009378,2.0064387,0.4988629
1972-04-15 12:00:00,5,0.65789807,0.9965465,2.004737,0.4970959
1972-05-16 00:00:00,0,0.5210488,0.99953806,2.006096,0.4982504
1972-05-16 00:00:00,1,0.44844195,1.001848,2.0102692,0.4983651
1972-05-16 00:00:00,2,0.31366566,1.003583,2.0073853,0.49994537
1972-05-16 00:00:00,3,0.07381267,1.0016725,2.0102005,0.49829483
1972-05-16 00:00:00,4,0.36734644,1.0023221,2.007515,0.49928498
1972-05-16 00:00:00,5,0.7809477,0.9974202,2.0077941,0.49677414
1972-06-15 12:00:00,0,0.12942296,0.99974823,2.004973,0.49863428
1972-06-15 12:00:00,1,1.0213078,1.0012054,2.008776,0.49841568
1972-06-15 12:00:00,2,1.3030956,1.0029788,2.0039737,0.500495
1972-06-15 12:00:00,3,0.03976733,1.00299,2.0091743,0.49920505
1972-06-15 12:00:00,4,0.18801077,1.0019658,2.007072,0.49921766
1972-06-15 12:00:00,5,0.0042599067,0.9967921,2.006362,0.49681568
1972-07-16 00:00:00,0,0.018591732,0.99658006,1.9944336,0.49968073
1972-07-16 00:00:00,1,0.18719405,0.99800634,2.0021122,0.49847674
1972-07-16 00:00:00,2,0.44136626,1.0012603,2.0058942,0.49915907
1972-07-16 00:00:00,3,0.4550283,0.9958853,2.0022612,0.49738032
1972-07-16 00:00:00,4,0.05980658,0.9982916,1.9967154,0.4999669
1972-07-16 00:00:00,5,0.27219743,0.995898,2.0000656,0.49793267
1972-08-16 00:00:00,0,0.7496289,0.99778134,2.0003757,0.49879697
1972-08-16 00:00:00,1,0.31511375,1.0001727,2.0067105,0.49841407
1972-08-16 00:00:00,2,0.4142537,1.0026556,2.0088534,0.49911836
1972-08-16 00:00:00,3,0.0036072154,0.9974869,2.0064547,0.497139
1972-08-16 00:00:00,4,0.19497961,1.0003511,2.0018468,0.4997141
1972-08-16 00:00:00,5,0.058421843,0.9971456,2.004568,0.4974366
1972-09-15 12:00:00,0,0.02827901,0.99979395,2.0050926,0.4986273
1972-09-15 12:00:00,1,1.8689855,1.0011681,2.0090108,0.49833885
1972-09-15 12:00:00,2,0.04455127,1.0028276,2.0043452,0.5003268
1972-09-15 12:00:00,3,0.07967222,1.0028168,2.0094163,0.49905875
1972-09-15 12:00:00,4,0.13837352,1.0018984,2.0072315,0.49914443
1972-09-15 12:00:00,5,0.5385776,0.99688584,2.0065484,0.49681625
1972-10-16 00:00:00,0,0.14480597,1.0003465,2.0022194,0.49961883
1972-10-16 00:00:00,1,0.5978026,0.999101,2.005918,0.49807668
1972-10-16 00:00:00,2,0.040278383,1.0001493,1.9995768,0.5001805
1972-10-16 00:00:00,3,1.008032,1.0031728,2.007421,0.4997321
1972-10-16 00:00:00,4,0.49589866,1.000495,2.0062258,0.49869508
1972-10-16 00:00:00,5,1.2948282,0.99672985,2.0040965,0.49734622
1972-11-15 12:00:00,0,0.009850267,1.0005064,2.0021734,0.49971017
1972-11-15 12:00:00,1,0.22035202,0.99888897,2.0056646,0.4980339
1972-11-15 12:00:00,2,0.3284755,0.9997604,1.9995327,0.49999702
1972-11-15 12:00:00,3,0.5257735,1.0028824,2.0072742,0.499624
1972-11-15 12:00:00,4,0.12223569,1.0004476,2.0063832,0.49863237
1972-11-15 12:00:00,5,0.27706373,0.997026,2.0041249,0.49748698
1972-12-16 00:00:00,0,0.75852233,1.0004042,2.0021899,0.49965504
1972-12-16 00:00:00,1,0.6864378,0.99901676,2.005823,0.49805832
1972-12-16 00:00:00,2,0.4492547,0.9999987,1.9995457,0.50011295
1972-12-16 00:00:00,3,0.0040465454,1.0030725,2.007368,0.49969536
1972-12-16 00:00:00,4,0.058148965,1.0004679,2.0062764,0.49866903
1972-12-16 00:00:00,5,0.3272876,0.99683017,2.0040967,0.49739623
1973-01-16 00:00:00,0,0.09528985,1.0005716,2.0022385,0.49972647
1973-01-16 00:00:00,1,0.08980091,0.99884903,2.0056024,0.49802944
1973-01-16 00:00:00,2,0.021975728,0.99965996,1.9996194,0.49992514
1973-01-16 00:00:00,3,0.28653172,1.0027387,2.007232,0.49956295
1973-01-16 00:00:00,4,0.04680613,1.0004818,2.0064905,0.49862278
1973-01-16 00:00:00,5,0.20130871,0.9971811,2.0042014,0.49754536
1973-02-14 12:00:00,0,1.9029645,1.0005827,2.0022469,0.49972993
1973-02-14 12:00:00,1,0.94701576,0.99884117,2.005591,0.49802837
1973-02-14 12:00:00,2,0.15786709,0.9996416,1.9996313,0.49991295
1973-02-14 12:00:00,3,0.28301984,1.0027151,2.0072246,0.49955302
1973-02-14 12:00:00,4,0.13788243,1.0004861,2.0065074,0.49862072
1973-02-14 12:00:00,5,0.26692227,0.99720633,2.0042126,0.49755517
1973-03-16 00:00:00,0,0.123834506,1.0004209,2.002132,0.49967784
1973-03-16 00:00:00,1,0.5366516,0.9989656,2.0057669,0.49804673
1973-03-16 00:00:00,2,0.7580067,0.99992275,1.9994735,0.50009304
1973-03-16 00:00:00,3,1.2179955,1.0030575,2.0073378,0.4996954
1973-03-16 00:00:00,4,1.231029,1.0004312,2.0062652,0.49865353
1973-03-16 00:00:00,5,0.27454296,0.99684083,2.0040584,0.49741107
1973-04-15 12:00:00,0,0.013967884,0.9995392,2.005562,0.49838358
1973-04-15 12:00:00,1,0.41006228,1.001654,2.0098252,0.49837866
1973-04-15 12:00:00,2,0.2547629,1.0034953,2.005662,0.5003312
1973-04-15 12:00:00,3,0.016556825,1.0026252,2.009934,0.4988349
1973-04-15 12:00:00,4,0.11807803,1.0021037,2.0072212,0.49924925
1973-04-15 12:00:00,5,0.20911969,0.99682266,2.0070662,0.49665657
1973-05-16 00:00:00,0,0.3174285,0.99962246,2.0054228,0.4984597
1973-05-16 00:00:00,1,0.6838028,1.0015209,2.0094843,0.49839696
1973-05-16 00:00:00,2,0.3219807,1.0033197,2.005245,0.50034773
1973-05-16 00:00:00,3,0.64109665,1.002633,2.0096755,0.49890292
1973-05-16 00:00:00,4,0.56939787,1.0020934,2.0072136,0.49924603
1973-05-16 00:00:00,5,1.3842493,0.9969115,2.0069072,0.49674022
1973-06-15 12:00:00,0,0.43059814,0.9955655,1.9892726,0.5004671
1973-06-15 12:00:00,1,0.86476225,0.99615604,1.9980282,0.49856958
1973-06-15 12:00:00,2,0.47847143,1.000157,2.002793,0.4993811
1973-06-15 12:00:00,3,0.024672195,0.99498445,1.9985814,0.49784535
1973-06-15 12:00:00,4,0.62289226,0.9965697,1.9922832,0.5002149
1973-06-15 12:00:00,5,0.8907257,0.9945575,1.9960227,0.49826965
1973-07-16 00:00:00,0,0.025824673,0.99788207,2.0008638,0.49872562
1973-07-16 00:00:00,1,0.14396809,1.0003126,2.007002,0.49841133
1973-07-16 00:00:00,2,0.30283538,1.0027337,2.0091465,0.4990844
1973-07-16 00:00:00,3,0.52929765,0.9976033,2.0067375,0.49712697
1973-07-16 00:00:00,4,0.29411396,1.000517,2.0022469,0.49969712
1973-07-16 00:00:00,5,0.2951582,0.9972169,2.0049028,0.49738914
1973-08-16 00:00:00,0,0.006410859,0.9994377,2.0063074,0.49814785
1973-08-16 00:00:00,1,0.024392143,1.0020051,2.010286,0.49843904
1973-08-16 00:00:00,2,0.5267096,1.0037365,2.0089233,0.49963903
1973-08-16 00:00:00,3,0.5891756,1.000547,2.0100098,0.49778217
1973-08-16 00:00:00,4,0.2618134,1.0025463,2.0074382,0.49941579
1973-08-16 00:00:00,5,0.31097367,0.99805456,2.0082471,0.49697796
1973-09-15 12:00:00,0,0.43391868,0.99681973,1.9952807,0.4995887
1973-09-15 12:00:00,1,0.27761656,0.99806136,2.0034807,0.4981637
1973-09-15 12:00:00,2,0.6880981,1.0009241,2.0067213,0.49878582
1973-09-15 12:00:00,3,1.1124527,0.9961567,2.0037265,0.49715203
1973-09-15 12:00:00,4,1.0610065,0.9980972,1.9976983,0.49962357
1973-09-15 12:00:00,5,1.3979397,0.9958625,2.0008996,0.4977074
1973-10-16 00:00:00,0,0.005047066,1.0002918,2.0023425,0.4995608
1973-10-16 00:00:00,1,0.5944176,0.9992234,2.0061054,0.4980912
1973-10-16 00:00:00,2,0.17368732,1.0003333,1.9997516,0.50022876
1973-10-16 00:00:00,3,0.078503646,1.0032451,2.007546,0.49973705
1973-10-16 00:00:00,4,0.26401922,1.0005507,2.0062358,0.4987204
1973-10-16 00:00:00,5,0.24458213,0.9966545,2.0041773,0.49728858
1973-11-15 12:00:00,0,0.91547626,1.0006077,2.0022793,0.49973434
1973-11-15 12:00:00,1,0.48210695,0.99882996,2.0055714,0.49802762
1973-11-15 12:00:00,2,0.77858543,0.9996078,1.9996741,0.49988535
1973-11-15 12:00:00,3,0.99116045,1.0026578,2.0072105,0.49952796
1973-11-15 12:00:00,4,0.03436204,1.0005035,2.0065525,0.4986182
1973-11-15 12:00:00,5,0.015819123,0.9972686,2.0042477,0.49757755
1973-12-16 00:00:00,0,0.9225478,1.0004941,2.002185,0.4997011
1973-12-16 00:00:00,1,0.07717481,0.99891067,2.0056856,0.4980395
1973-12-16 00:00:00,2,0.075267516,0.9997974,1.999545,0.50001246
1973-12-16 00:00:00,3,0.9761834,1.0029017,2.007284,0.4996312
1973-12-16 00:00:00,4,0.06850303,1.0004584,2.0063746,0.49863985
1973-12-16 00:00:00,5,0.8047442,0.9970077,2.0041285,0.49747697
1974-01-16 00:00:00,0,0.41509092,1.0005167,2.0021708,0.49971592
1974-01-16 00:00:00,1,0.07294289,0.99888617,2.0056493,0.4980363
1974-01-16 00:00:00,2,0.2793468,0.99974,1.9995325,0.4999869
1974-01-16 00:00:00,3,0.06366313,1.0028576,2.007248,0.49961817
1974-01-16 00:00:00,4,0.9944323,1.0004532,2.0063865,0.49863434
1974-01-16 00:00:00,5,1.5873101,0.99704504,2.004122,0.49749717
1974-02-14 12:00:00,0,0.3872034,1.0002133,2.002735,0.49942368
1974-02-14 12:00:00,1,0.88743216,0.9995151,2.0065145,0.498135
1974-02-14 12:00:00,2,0.49982595,1.0007304,2.0003064,0.50028855
1974-02-14 12:00:00,3,0.029347543,1.0032738,2.0078063,0.49968657
1974-02-14 12:00:00,4,0.4514134,1.0007514,2.0063672,0.49878773
1974-02-14 12:00:00,5,0.28731683,0.99663246,2.0044754,0.49720365
1974-03-16 00:00:00,0,0.18438068,1.0005957,2.0022657,0.49973172
1974-03-16 00:00:00,1,1.132941,0.9988366,2.0055807,0.49802864
1974-03-16 00:00:00,2,0.012742358,0.9996259,1.9996552,0.49989912
1974-03-16 00:00:00,3,0.72129256,1.0026847,2.0072165,0.4995399
1974-03-16 00:00:00,4,1.466557,1.0004971,2.0065317,0.49862012
1974-03-16 00:00:00,5,0.1019943,0.9972399,2.0042322,0.49756706
1974-04-15 12:00:00,0,0.11431248,1.0002929,2.0023396,0.49956205
1974-04-15 12:00:00,1,0.4743066,0.99922556,2.0060813,0.49809822
1974-04-15 12:00:00,2,0.34995008,1.0003395,1.999738,0.5002353
1974-04-15 12:00:00,3,0.48334312,1.003241,2.007521,0.49974123
1974-04-15 12:00:00,4,0.09566008,1.0005621,2.0062315,0.4987271
1974-04-15 12:00:00,5,1.0296715,0.99666387,2.004173,0.4972943
1974-05-16 00:00:00,0,0.2676298,0.9975121,1.998828,0.49904847
1974-05-16 00:00:00,1,2.1326323,0.9994381,2.0056648,0.49830765
1974-05-16 00:00:00,2,0.099719904,1.0020093,2.008374,0.49891567
1974-05-16 00:00:00,3,0.46908903,0.9969787,2.0056057,0.49709606
1974-05-16 00:00:00,4,0.730707,0.99963254,2.0006073,0.49966455
1974-05-16 00:00:00,5,0.41344017,0.9967554,2.0034566,0.49751785
1974-06-15 12:00:00,0,0.28663412,0.99791604,2.0005155,0.49882945
1974-06-15 12:00:00,1,0.35531676,1.000045,2.0070827,0.49825796
1974-06-15 12:00:00,2,0.46253672,1.0023581,2.0090199,0.4989289
1974-06-15 12:00:00,3,0.06028758,0.99757135,2.0069313,0.49706304
1974-06-15 12:00:00,4,0.24548398,1.000224,2.0022044,0.49956137
1974-06-15 12:00:00,5,0.17633796,0.9970947,2.0048194,0.49734887
1974-07-16 00:00:00,0,0.754518,0.99984556,2.0041955,0.49887627
1974-07-16 00:00:00,1,0.5983024,1.0006887,2.0081477,0.49831426
1974-07-16 00:00:00,2,1.7578901,1.002336,2.0026097,0.5005149
1974-07-16 00:00:00,3,0.19795161,1.0033205,2.0088289,0.49945542
1974-07-16 00:00:00,4,0.032991115,1.0015165,2.006769,0.49906915
1974-07-16 00:00:00,5,0.380382,0.9965283,2.0056565,0.49685892
1974-08-16 00:00:00,0,0.049217094,0.99745494,1.9986321,0.49906883
1974-08-16 00:00:00,1,0.35664055,0.99949336,2.005357,0.4984117
1974-08-16 00:00:00,2,0.7252095,1.0021821,2.0080361,0.4990857
1974-08-16 00:00:00,3,0.30143788,0.9969356,2.0052361,0.4971662
1974-08-16 00:00:00,4,0.24500164,0.9997311,2.000384,0.49976957
1974-08-16 00:00:00,5,0.41017053,0.9968437,2.0032692,0.49760845
1974-09-15 12:00:00,0,0.14904882,0.9883593,1.9519801,0.50633675
1974-09-15 12:00:00,1,0.12552421,0.9831418,1.9670734,0.49979922
1974-09-15 12:00:00,2,0.66095275,0.99357957,1.9745792,0.50318545
1974-09-15 12:00:00,3,0.7793884,0.9923983,1.9705589,0.50361264
1974-09-15 12:00:00,4,0.45619953,0.984992,1.9602278,0.50248855
1974-09-15 12:00:00,5,0.14790122,0.9828489,1.9647646,0.50023746
1974-10-16 00:00:00,0,0.0020181385,1.0001658,2.0024693,0.49946624
1974-10-16 00:00:00,1,0.43298706,0.99944043,2.0063598,0.4981362
1974-10-16 00:00:00,2,0.7245136,1.000697,1.9999161,0.5003695
1974-10-16 00:00:00,3,1.4646618,1.0034399,2.007691,0.499798
1974-10-16 00:00:00,4,0.1886136,1.0006415,2.0061598,0.49878454
1974-10-16 00:00:00,5,0.42828393,0.9964599,2.0042326,0.49717775
1974-11-15 12:00:00,0,0.14409423,1.0001097,2.003034,0.49929738
1974-11-15 12:00:00,1,0.13273686,0.9997893,2.006887,0.49817917
1974-11-15 12:00:00,2,1.1051404,1.0011293,2.0007424,0.5003789
1974-11-15 12:00:00,3,0.039665204,1.0033647,2.0080388,0.49967396
1974-11-15 12:00:00,4,0.21966968,1.0009117,2.006417,0.49885526
1974-11-15 12:00:00,5,0.89317,0.99653894,2.0046923,0.49710318
1974-12-16 00:00:00,0,0.27791598,1.0004491,2.0021572,0.49968556
1974-12-16 00:00:00,1,0.34065446,0.99894667,2.0057402,0.4980439
1974-12-16 00:00:00,2,0.44661558,0.9998769,1.9995078,0.5000615
1974-12-16 00:00:00,3,0.061953984,1.0029966,2.0073204,0.4996694
1974-12-16 00:00:00,4,0.6947762,1.0004433,2.0063102,0.49864838
1974-12-16 00:00:00,5,0.742553,0.9969062,2.0040894,0.49743602
1975-01-16 00:00:00,0,0.0032572697,1.0002546,2.0024855,0.49950656
1975-01-16 00:00:00,1,0.84896797,0.9993447,2.0062437,0.4981173
1975-01-16 00:00:00,2,1.3812369,1.0005087,1.9999403,0.5002693
1975-01-16 00:00:00,3,0.17210768,1.0032703,2.0076232,0.49973035
1975-01-16 00:00:00,4,1.1323712,1.0006388,2.0062697,0.4987559
1975-01-16 00:00:00,5,0.7818344,0.9966377,2.0042787,0.49725506
1975-02-14 12:00:00,0,0.12990238,1.0006055,2.0022774,0.4997337
1975-02-14 12:00:00,1,1.6316818,0.9988315,2.005572,0.49802822
1975-02-14 12:00:00,2,0.29730645,0.999612,1.9996707,0.49988827
1975-02-14 12:00:00,3,0.9484652,1.0026625,2.0072107,0.4995303
1975-02-14 12:00:00,4,0.4850168,1.0005033,2.0065484,0.49861908
1975-02-14 12:00:00,5,0.79272115,0.997264,2.004245,0.4975759
1975-03-16 00:00:00,0,0.453108,1.0005983,2.0022693,0.49973214
1975-03-16 00:00:00,1,0.6383089,0.99883527,2.0055788,0.49802846
1975-03-16 00:00:00,2,0.028042551,0.99962205,1.9996601,0.49989596
1975-03-16 00:00:00,3,0.16064548,1.0026785,2.0072155,0.49953705
1975-03-16 00:00:00,4,0.95245135,1.0004985,2.0065365,0.49861965
1975-03-16 00:00:00,5,0.8441313,0.99724644,2.004236,0.49756938
1975-04-15 12:00:00,0,1.1202471,1.0003357,2.0022209,0.49961305
1975-04-15 12:00:00,1,0.7484455,0.9991143,2.0059357,0.4980789
1975-04-15 12:00:00,2,0.47597432,1.0001734,1.9995791,0.500192
1975-04-15 12:00:00,3,0.53787076,1.0031925,2.007432,0.49973926
1975-04-15 12:00:00,4,0.6384854,1.0004963,2.0062144,0.4986986
1975-04-15 12:00:00,5,0.09308446,0.99670917,2.0040936,0.49733663
1975-05-16 00:00:00,0,1.1877376,0.99954104,2.0061588,0.49823624
1975-05-16 00:00:00,1,0.10916207,1.0018865,2.0102177,0.49839702
1975-05-16 00:00:00,2,0.573563,1.0036329,2.0074654,0.4999503
1975-05-16 00:00:00,3,0.061130196,1.0015879,2.0101254,0.49827135
1975-05-16 00:00:00,4,0.15180816,1.0023929,2.0075321,0.49931598
1975-05-16 00:00:00,5,0.35222673,0.99751186,2.0078347,0.49680975
1975-06-15 12:00:00,0,0.2510237,0.99900186,2.0054634,0.49814016
1975-06-15 12:00:00,1,0.027251411,1.0019654,2.0101707,0.49844792
1975-06-15 12:00:00,2,0.3446812,1.0039744,2.0090907,0.49971583
1975-06-15 12:00:00,3,0.1485337,1.0004197,2.0097923,0.4977727
1975-06-15 12:00:00,4,0.043610405,1.0022256,2.0064492,0.49950212
1975-06-15 12:00:00,5,0.34862965,0.99754274,2.0077615,0.49684325
1975-07-16 00:00:00,0,0.087733015,0.99620205,1.9924467,0.49998933
1975-07-16 00:00:00,1,0.4211521,0.99723214,2.0006564,0.49845248
1975-07-16 00:00:00,2,0.26661158,1.0007468,2.0047839,0.49917942
1975-07-16 00:00:00,3,1.9846759,0.9955723,2.0010002,0.49753734
1975-07-16 00:00:00,4,0.84361345,0.99754095,1.9950528,0.5000073
1975-07-16 00:00:00,5,0.47948217,0.99530727,1.9985214,0.4980218
1975-08-16 00:00:00,0,0.41742542,0.99976104,2.005567,0.49849296
1975-08-16 00:00:00,1,1.1440406,1.0014528,2.009289,0.49841154
1975-08-16 00:00:00,2,0.14827704,1.0031648,2.0052516,0.50026876
1975-08-16 00:00:00,3,0.4655668,1.0024681,2.00953,0.498857
1975-08-16 00:00:00,4,0.47456935,1.002201,2.0074317,0.49924535
1975-08-16 00:00:00,5,0.2757769,0.99716836,2.0070038,0.4968443
1975-09-15 12:00:00,0,0.35177794,0.9997425,2.0058842,0.4984049
1975-09-15 12:00:00,1,2.3969126,1.001641,2.0094583,0.4984632
1975-09-15 12:00:00,2,0.6528287,1.0033754,2.005908,0.5002101
1975-09-15 12:00:00,3,1.7150432,1.002179,2.0095856,0.49869934
1975-09-15 12:00:00,4,0.11359608,1.0024111,2.0075657,0.49931672
1975-09-15 12:00:00,5,0.100190416,0.9973952,2.0073283,0.49687698
1975-10-16 00:00:00,0,0.4609105,1.000388,2.0022078,0.49964246
1975-10-16 00:00:00,1,0.11008513,0.9990451,2.0058577,0.49806377
1975-10-16 00:00:00,2,0.1820458,1.000046,1.9995681,0.500131
1975-10-16 00:00:00,3,0.7288033,1.0030982,2.0073886,0.49970308
1975-10-16 00:00:00,4,0.07736053,1.0004797,2.0062678,0.49867705
1975-10-16 00:00:00,5,0.6816463,0.99680465,2.0041046,0.49738154
1975-11-15 12:00:00,0,1.9064478,0.99991554,2.0040493,0.49894756
1975-11-15 12:00:00,1,0.08647614,1.0005149,2.0080278,0.4982575
1975-11-15 12:00:00,2,0.8926502,1.0020627,2.0024037,0.50042987
1975-11-15 12:00:00,3,0.038192537,1.0032783,2.0087965,0.49944246
1975-11-15 12:00:00,4,0.71090204,1.0013812,2.0067837,0.49899805
1975-11-15 12:00:00,5,0.01246478,0.99656385,2.005555,0.4969018
1975-12-16 00:00:00,0,1.0188621,0.9994362,2.0058422,0.4982626
1975-12-16 00:00:00,1,0.32070988,1.0017699,2.0105853,0.4982479
1975-12-16 00:00:00,2,0.2105124,1.0034964,2.0072174,0.49994406
1975-12-16 00:00:00,3,0.3465202,1.0019556,2.0105455,0.49835014
1975-12-16 00:00:00,4,0.38054883,1.0020062,2.0073297,0.4991737
1975-12-16 00:00:00,5,0.09634705,0.997023,2.0076158,0.49662042
1976-01-16 00:00:00,0,0.46083486,0.9991203,2.0055609,0.498175
1976-01-16 00:00:00,1,1.1691521,1.0018202,2.0104754,0.49830016
1976-01-16 00:00:00,2,0.10370691,1.0035949,2.0093777,0.49945557
1976-01-16 00:00:00,3,0.19222082,1.000263,2.010163,0.4976029
1976-01-16 00:00:00,4,0.21227443,1.0020427,2.0067155,0.49934465
1976-01-16 00:00:00,5,0.15698214,0.99763864,2.007959,0.49684218
1976-02-15 00:00:00,0,0.024469953,1.000402,2.0021605,0.4996612
1976-02-15 00:00:00,1,0.08641925,0.9990034,2.0058105,0.49805474
1976-02-15 00:00:00,2,0.47567123,0.9999841,1.9995089,0.50011486
1976-02-15 00:00:00,3,0.0015535313,1.0030851,2.0073624,0.49970308
1976-02-15 00:00:00,4,0.3582746,1.0004506,2.0062587,0.4986648
1976-02-15 00:00:00,5,0.124246076,0.99681455,2.0040734,0.49739423
1976-03-16 00:00:00,0,0.687844,0.9999851,2.003397,0.49914476
1976-03-16 00:00:00,1,0.14739309,1.0001163,2.0073645,0.49822357
1976-03-16 00:00:00,2,0.948004,1.0015929,2.001322,0.50046563
1976-03-16 00:00:00,3,0.11468836,1.003442,2.0083463,0.49963596
1976-03-16 00:00:00,4,1.1838706,1.0010927,2.006484,0.49892882
1976-03-16 00:00:00,5,0.11251844,0.99644136,2.004977,0.49698395
1976-04-15 12:00:00,0,0.9584541,1.0002238,2.0022478,0.49955043
1976-04-15 12:00:00,1,0.01159074,0.99925196,2.0061493,0.49809453
1976-04-15 12:00:00,2,0.40612736,1.0004232,1.9996256,0.50030524
1976-04-15 12:00:00,3,0.94142425,1.0034003,2.0075755,0.49980703
1976-04-15 12:00:00,4,1.4331446,1.0005031,2.0061088,0.49872822
1976-04-15 12:00:00,5,0.3190131,0.9964861,2.004077,0.4972295
1976-05-16 00:00:00,0,0.19216686,0.9992519,2.005878,0.49816185
1976-05-16 00:00:00,1,1.9009442,1.001925,2.0103035,0.49839488
1976-05-16 00:00:00,2,0.10261215,1.0037495,2.0088596,0.49966133
1976-05-16 00:00:00,3,0.28677624,1.0006107,2.010023,0.49781054
1976-05-16 00:00:00,4,0.41161957,1.002289,2.0069973,0.4993973
1976-05-16 00:00:00,5,0.31265247,0.9977213,2.0079541,0.49688452
1976-06-15 12:00:00,0,0.071967974,0.9992267,2.0058424,0.49815813
1976-06-15 12:00:00,1,0.61080825,1.0020133,2.0104213,0.49840963
1976-06-15 12:00:00,2,0.1478892,1.0039722,2.0078728,0.5000178
1976-06-15 12:00:00,3,2.0210905,1.0015585,2.010196,0.49823925
1976-06-15 12:00:00,4,0.40869462,1.0022634,2.0069911,0.49938607
1976-06-15 12:00:00,5,0.123912044,0.9971526,2.0076962,0.49666512
1976-07-16 00:00:00,0,0.8118838,0.9997609,2.0051184,0.49860445
1976-07-16 00:00:00,1,0.4027697,1.0012724,2.0087812,0.49844775
1976-07-16 00:00:00,2,0.8963205,1.003057,2.0041769,0.5004833
1976-07-16 00:00:00,3,0.6333153,1.0028685,2.009142,0.49915266
1976-07-16 00:00:00,4,1.4978584,1.0020748,2.0071497,0.49925268
1976-07-16 00:00:00,5,1.3554509,0.9969228,2.0064762,0.49685255
1976-08-16 00:00:00,0,0.72380376,1.0002812,2.0024683,0.49952412
1976-08-16 00:00:00,1,0.39106995,0.99931085,2.0061626,0.49812055
1976-08-16 00:00:00,2,0.7841409,1.0004537,1.9999024,0.5002513
1976-08-16 00:00:00,3,0.12015596,1.0032214,2.0075595,0.49972185
1976-08-16 00:00:00,4,0.15630434,1.0006449,2.0062845,0.49875525
1976-08-16 00:00:00,5,0.22335213,0.9966954,2.0042698,0.49728602
1976-09-15 12:00:00,0,0.8482566,1.0001202,2.0025377,0.49942636
1976-09-15 12:00:00,1,0.97747517,0.99953306,2.006455,0.49815872
1976-09-15 12:00:00,2,0.20699954,1.0008475,2.0000036,0.50042284
1976-09-15 12:00:00,3,0.08734867,1.0034986,2.0077395,0.4998151
1976-09-15 12:00:00,4,0.15223469,1.0006932,2.0061421,0.4988147
1976-09-15 12:00:00,5,0.14274731,0.9964048,2.00427,0.497141
1976-10-16 00:00:00,0,0.24322124,0.9993733,2.005397,0.49834186
1976-10-16 00:00:00,1,2.6181192,1.0016853,2.0101569,0.498312
1976-10-16 00:00:00,2,0.9418494,1.0035945,2.0058491,0.500334
1976-10-16 00:00:00,3,0.5792389,1.0027492,2.010223,0.4988249
1976-10-16 00:00:00,4,1.077477,1.0018995,2.00698,0.49920753
1976-10-16 00:00:00,5,0.082983784,0.99649715,2.0069847,0.49651456
1976-11-15 12:00:00,0,0.30773142,0.9997589,2.0044465,0.49877056
1976-11-15 12:00:00,1,0.5231639,1.000843,2.008821,0.4982241
1976-11-15 12:00:00,2,0.016408984,1.002472,2.003323,0.5004046
1976-11-15 12:00:00,3,0.27672648,1.0033062,2.009405,0.49930513
1976-11-15 12:00:00,4,0.36705095,1.001446,2.0068796,0.49900654
1976-11-15 12:00:00,5,0.5485228,0.9963925,2.0059595,0.49671614
1976-12-16 00:00:00,0,0.1312154,0.999573,2.0052323,0.49848238
1976-12-16 00:00:00,1,0.27858222,1.00137,2.0099669,0.49820223
1976-12-16 00:00:00,2,0.7455501,1.0030543,2.0053313,0.5001938
1976-12-16 00:00:00,3,0.5042939,1.0027915,2.0102172,0.49884737
1976-12-16 00:00:00,4,0.10599092,1.0016925,2.007161,0.4990594
1976-12-16 00:00:00,5,0.924349,0.9965723,2.006852,0.4965849
1977-01-16 00:00:00,0,0.16254374,1.0002133,2.0024295,0.49949986
1977-01-16 00:00:00,1,0.5905338,0.9993608,2.0062802,0.49811625
1977-01-16 00:00:00,2,0.15107104,1.0005597,1.9998698,0.5003124
1977-01-16 00:00:00,3,0.019761447,1.0033656,2.007651,0.4997709
1977-01-16 00:00:00,4,0.2526699,1.0006052,2.006195,0.4987577
1977-01-16 00:00:00,5,0.066244885,0.9965321,2.0042198,0.49721697
1977-02-14 12:00:00,0,0.03971677,1.0001067,2.0032265,0.49924794
1977-02-14 12:00:00,1,1.1255189,0.9998973,2.0070078,0.49820298
1977-02-14 12:00:00,2,0.19240478,1.0012571,2.0010135,0.500375
1977-02-14 12:00:00,3,1.108159,1.0032969,2.0081038,0.49962398
1977-02-14 12:00:00,4,0.36721337,1.0010241,2.0065162,0.49888664
1977-02-14 12:00:00,5,1.3285425,0.99661684,2.0048537,0.49710202
1977-03-16 00:00:00,0,0.45900407,1.0002089,2.0024076,0.49950314
1977-03-16 00:00:00,1,1.3394383,0.9993518,2.006285,0.4981106
1977-03-16 00:00:00,2,0.17051296,1.0005502,1.9998459,0.50031364
1977-03-16 00:00:00,3,0.04765582,1.0033823,2.0076602,0.499777
1977-03-16 00:00:00,4,0.049391188,1.0005862,2.0061803,0.49875185
1977-03-16 00:00:00,5,0.247435,0.9965105,2.0042021,0.4972106
1977-04-15 12:00:00,0,0.056074716,0.99946046,2.0059233,0.49825457
1977-04-15 12:00:00,1,0.51929677,1.0017692,2.010631,0.4982362
1977-04-15 12:00:00,2,0.11776736,1.0034552,2.00746,0.49986306
1977-04-15 12:00:00,3,0.025558438,1.0017916,2.0105813,0.4982597
1977-04-15 12:00:00,4,3.0445204,1.002027,2.0074034,0.49916577
1977-04-15 12:00:00,5,0.649786,0.9971433,2.0077255,0.49665323
1977-05-16 00:00:00,0,0.42663604,1.0003449,2.0022066,0.4996212
1977-05-16 00:00:00,1,0.023374682,0.9990987,2.0059006,0.49807987
1977-05-16 00:00:00,2,0.64123774,1.0001503,1.9995548,0.5001865
1977-05-16 00:00:00,3,0.16178764,1.0031775,2.0074048,0.4997385
1977-05-16 00:00:00,4,0.1149549,1.0004952,2.0062149,0.49869794
1977-05-16 00:00:00,5,0.100627184,0.9967268,2.0040846,0.49734768
1977-06-15 12:00:00,0,1.2803303,1.000055,2.0031917,0.49923077
1977-06-15 12:00:00,1,0.41000602,0.9999835,2.006834,0.49828908
1977-06-15 12:00:00,2,0.031223422,1.0014569,2.0008483,0.5005161
1977-06-15 12:00:00,3,0.32538286,1.0033847,2.007893,0.4997202
1977-06-15 12:00:00,4,0.08356687,1.0011431,2.0063953,0.498976
1977-06-15 12:00:00,5,0.2015315,0.99657977,2.0047693,0.49710447
1977-07-16 00:00:00,0,2.1438508,0.9955136,1.989307,0.5004324
1977-07-16 00:00:00,1,0.3154498,0.9962348,1.9980443,0.49860495
1977-07-16 00:00:00,2,0.8686783,1.0003508,2.0026944,0.49950248
1977-07-16 00:00:00,3,0.5517628,0.9951604,1.9985758,0.4979348
1977-07-16 00:00:00,4,0.06471308,0.99664325,1.9922515,0.50025976
1977-07-16 00:00:00,5,0.050317343,0.99442565,1.9959991,0.49820948
1977-08-16 00:00:00,0,0.3007292,0.9985813,2.0035095,0.49841604
1977-08-16 00:00:00,1,0.17473462,1.0010964,2.0088246,0.4983493
1977-08-16 00:00:00,2,0.12751326,1.0031102,2.0098352,0.4991007
1977-08-16 00:00:00,3,0.069495454,0.9984844,2.0085008,0.49712917
1977-08-16 00:00:00,4,0.4359049,1.0013832,2.0047255,0.4995114
1977-08-16 00:00:00,5,0.3919473,0.9978442,2.0067105,0.4972537
1977-09-15 12:00:00,0,0.6095911,0.99977523,2.0055318,0.49850878
1977-09-15 12:00:00,1,0.26983225,1.0013387,2.0097015,0.49825245
1977-09-15 12:00:00,2,0.00572456,1.0028992,2.0055118,0.50007147
1977-09-15 12:00:00,3,0.28860566,1.0024159,2.0099797,0.4987194
1977-09-15 12:00:00,4,0.25908193,1.0019314,2.0075183,0.49908957
1977-09-15 12:00:00,5,1.7783527,0.9970857,2.0070953,0.49678043
1977-10-16 00:00:00,0,0.17623514,0.9993374,2.0058153,0.49822006
1977-10-16 00:00:00,1,0.106696784,1.0018125,2.0107346,0.49823207
1977-10-16 00:00:00,2,1.449153,1.0035341,2.0079403,0.49978283
1977-10-16 00:00:00,3,0.59275395,1.001524,2.0106075,0.4981201
1977-10-16 00:00:00,4,0.008492952,1.001983,2.0071995,0.49919453
1977-10-16 00:00:00,5,0.096313685,0.99714255,2.0077841,0.49663833
1977-11-15 12:00:00,0,0.09329305,1.0002387,2.0024977,0.49949554
1977-11-15 12:00:00,1,0.23443657,0.9993667,2.0062914,0.49811643
1977-11-15 12:00:00,2,0.39616564,1.000544,1.9999653,0.5002807
1977-11-15 12:00:00,3,0.25576288,1.0032974,2.0076592,0.49973494
1977-11-15 12:00:00,4,0.2689935,1.0006378,2.0062613,0.49875745
1977-11-15 12:00:00,5,0.16255261,0.99660563,2.0042856,0.49723735
1977-12-16 00:00:00,0,0.060820885,1.0005758,2.0022438,0.49972725
1977-12-16 00:00:00,1,1.2340766,0.9988473,2.0055985,0.49802953
1977-12-16 00:00:00,2,0.3176113,0.9996546,1.9996265,0.49992067
1977-12-16 00:00:00,3,0.8681918,1.0027289,2.0072293,0.49955875
1977-12-16 00:00:00,4,0.33223557,1.0004851,2.0064979,0.49862254
1977-12-16 00:00:00,5,0.019114304,0.9971917,2.0042074,0.49754918
1978-01-16 00:00:00,0,0.087023705,1.0006247,2.0022986,0.49973798
1978-01-16 00:00:00,1,0.83781195,0.9988209,2.005555,0.4980272
1978-01-16 00:00:00,2,0.18174988,0.99958366,1.9996991,0.49986702
1978-01-16 00:00:00,3,0.5395285,1.0026196,2.0071988,0.49951187
1978-01-16 00:00:00,4,0.4833364,1.0005145,2.0065815,0.49861643
1978-01-16 00:00:00,5,1.9643384,0.99731046,2.0042694,0.49759302
1978-02-14 12:00:00,0,0.038572233,1.0005503,2.002215,0.4997217
1978-02-14 12:00:00,1,0.03474915,0.99886113,2.0056212,0.4980308
1978-02-14 12:00:00,2,0.09553904,0.9996917,1.9995883,0.4999488
1978-02-14 12:00:00,3,0.29170153,1.0027863,2.007245,0.4995834
1978-02-14 12:00:00,4,0.18438964,1.0004696,2.006454,0.49862573
1978-02-14 12:00:00,5,0.6713778,0.9971296,2.0041747,0.4975263
1978-03-16 00:00:00,0,0.44213742,1.0005869,2.0022538,0.4997303
1978-03-16 00:00:00,1,0.48867607,0.99884003,2.0055876,0.49802864
1978-03-16 00:00:00,2,0.060687046,0.999637,1.99964,0.49990848
1978-03-16 00:00:00,3,0.45342472,1.002705,2.007222,0.49954864
1978-03-16 00:00:00,4,0.04715042,1.0004903,2.0065155,0.49862078
1978-03-16 00:00:00,5,0.0032414338,0.9972177,2.0042195,0.49755913
1978-04-15 12:00:00,0,0.48079613,1.0004933,2.002174,0.4997035
1978-04-15 12:00:00,1,3.269663,0.9989053,2.0056798,0.49803826
1978-04-15 12:00:00,2,0.23039697,0.99979204,1.9995306,0.5000134
1978-04-15 12:00:00,3,0.589901,1.0029066,2.0072813,0.4996343
1978-04-15 12:00:00,4,1.0343546,1.0004518,2.0063677,0.4986383
1978-04-15 12:00:00,5,0.7642685,0.99700195,2.0041194,0.4974763
1978-05-16 00:00:00,0,0.51784813,0.9987667,2.0044398,0.49827722
1978-05-16 00:00:00,1,0.9114182,1.0014988,2.009836,0.4982988
1978-05-16 00:00:00,2,0.10437232,1.0034295,2.0096202,0.49931303
1978-05-16 00:00:00,3,0.30878368,0.9994799,2.0094965,0.4973783
1978-05-16 00:00:00,4,0.14253382,1.0016266,2.0056105,0.49941233
1978-05-16 00:00:00,5,0.65452653,0.9975821,2.0073254,0.49697077
1978-06-15 12:00:00,0,1.7649667,0.99744767,1.9984277,0.4991162
1978-06-15 12:00:00,1,1.0839988,0.999386,2.0050974,0.49842268
1978-06-15 12:00:00,2,0.75683314,1.002041,2.008141,0.49898934
1978-06-15 12:00:00,3,0.98645526,0.9966973,2.005011,0.49710315
1978-06-15 12:00:00,4,0.91380966,0.99970204,2.0002341,0.49979252
1978-06-15 12:00:00,5,0.43679303,0.99692243,2.0032237,0.4976591
1978-07-16 00:00:00,0,0.013373736,0.9932547,1.9773582,0.50231403
1978-07-16 00:00:00,1,0.070548594,0.991979,1.9883726,0.4988899
1978-07-16 00:00:00,2,0.31508464,0.9978882,1.9944496,0.5003326
1978-07-16 00:00:00,3,0.0978684,0.99366045,1.9898254,0.4993707
1978-07-16 00:00:00,4,0.05258368,0.99279636,1.9820924,0.500883
1978-07-16 00:00:00,5,0.010014474,0.9910786,1.9863558,0.49894315
1978-08-16 00:00:00,0,0.18096621,0.9947729,1.9850553,0.50113106
1978-08-16 00:00:00,1,0.42489606,0.9946304,1.9947064,0.498635
1978-08-16 00:00:00,2,0.09919929,0.9992138,2.0000331,0.49959862
1978-08-16 00:00:00,3,0.24841607,0.99438506,1.995591,0.49829102
1978-08-16 00:00:00,4,0.22759049,0.99516666,1.9887263,0.50040406
1978-08-16 00:00:00,5,0.2363844,0.9933841,1.9926924,0.49851355
1978-09-15 12:00:00,0,0.41415977,1.0002272,2.002279,0.49954435
1978-09-15 12:00:00,1,0.53164047,0.9992755,2.0061116,0.4981156
1978-09-15 12:00:00,2,0.014829033,1.0004604,1.9996419,0.5003198
1978-09-15 12:00:00,3,0.17496048,1.0033778,2.007527,0.49980783
1978-09-15 12:00:00,4,0.2695947,1.0005516,2.0061193,0.4987498
1978-09-15 12:00:00,5,0.06781022,0.99652433,2.0040958,0.49724385
1978-10-16 00:00:00,0,2.2953403,0.9956602,1.9901237,0.50030065
1978-10-16 00:00:00,1,0.09609573,0.99653375,1.9988679,0.49854907
1978-10-16 00:00:00,2,0.7152063,1.0005064,2.0031567,0.49946487
1978-10-16 00:00:00,3,0.6520253,0.99537957,1.9993263,0.49785748
1978-10-16 00:00:00,4,0.38156995,0.99682134,1.9929565,0.50017214
1978-10-16 00:00:00,5,0.6495917,0.99457335,1.9966154,0.49812967
1978-11-15 12:00:00,0,0.89134914,1.0002154,2.0022547,0.49954453
1978-11-15 12:00:00,1,0.26333448,0.9992677,2.0061564,0.49810058
1978-11-15 12:00:00,2,0.0020419434,1.0004507,1.9996301,0.5003179
1978-11-15 12:00:00,3,0.30817536,1.0034136,2.007575,0.49981374
1978-11-15 12:00:00,4,0.43655446,1.0005141,2.0061014,0.49873558
1978-11-15 12:00:00,5,0.754473,0.99647504,2.0040784,0.4972236
1978-12-16 00:00:00,0,0.04944029,1.0001081,2.002764,0.49936393
1978-12-16 00:00:00,1,0.36007956,0.99965924,2.0066566,0.49817154
1978-12-16 00:00:00,2,0.7681574,1.0009949,2.000334,0.5004139
1978-12-16 00:00:00,3,1.331655,1.0034512,2.0078757,0.49975765
1978-12-16 00:00:00,4,0.7582672,1.0007964,2.006258,0.49883735
1978-12-16 00:00:00,5,0.05206205,0.996454,2.0044572,0.4971191
1979-01-16 00:00:00,0,0.3657552,1.0005428,2.0022087,0.4997195
1979-01-16 00:00:00,1,1.2904162,0.99886626,2.00563,0.49803117
1979-01-16 00:00:00,2,4.652419,0.9997037,1.9995803,0.4999568
1979-01-16 00:00:00,3,0.2851702,1.0028025,2.007251,0.49958998
1979-01-16 00:00:00,4,0.063692585,1.000466,2.0064428,0.4986267
1979-01-16 00:00:00,5,0.21065187,0.9971121,2.004167,0.49751943
1979-02-14 12:00:00,0,0.5106854,1.0005102,2.0021796,0.49971053
1979-02-14 12:00:00,1,0.91169715,0.99888813,2.0056615,0.49803427
1979-02-14 12:00:00,2,0.5038106,0.9997567,1.9995407,0.49999318
1979-02-14 12:00:00,3,0.47263715,1.0028733,2.0072715,0.49962014
1979-02-14 12:00:00,4,1.0264908,1.0004517,2.0063906,0.49863258
1979-02-14 12:00:00,5,0.083654486,0.99703616,2.004131,0.4974905
1979-03-16 00:00:00,0,0.016941564,1.0004082,2.0021179,0.49967498
1979-03-16 00:00:00,1,0.37715173,0.998973,2.0057762,0.4980481
1979-03-16 00:00:00,2,0.9234809,0.9999421,1.9994537,0.50010765
1979-03-16 00:00:00,3,1.7115083,1.0030855,2.0073435,0.49970794
1979-03-16 00:00:00,4,0.2958911,1.0004249,2.006243,0.4986559
1979-03-16 00:00:00,5,0.13268226,0.99681085,2.0040424,0.49740008
1979-04-15 12:00:00,0,0.6078371,1.0000037,2.0036368,0.49909428
1979-04-15 12:00:00,1,0.34004405,1.0002147,2.0075285,0.49823186
1979-04-15 12:00:00,2,0.9404464,1.0016795,2.0016842,0.50041837
1979-04-15 12:00:00,3,0.82448244,1.003324,2.0084586,0.49954927
1979-04-15 12:00:00,4,0.9856714,1.0012025,2.0066416,0.49894434
1979-04-15 12:00:00,5,0.5304975,0.9965608,2.005193,0.49698997
1979-05-16 00:00:00,0,0.21114215,0.9997277,2.0054677,0.49850106
1979-05-16 00:00:00,1,0.30139077,1.0013984,2.0095406,0.4983221
1979-05-16 00:00:00,2,0.4866868,1.0030537,2.0053077,0.5001994
1979-05-16 00:00:00,3,0.18540376,1.0025355,2.0097995,0.4988236
1979-05-16 00:00:00,4,0.20153068,1.0020117,2.0073943,0.49916035
1979-05-16 00:00:00,5,0.20202677,0.9970126,2.0069952,0.4967688
1979-06-15 12:00:00,0,0.11194634,0.9941773,1.982157,0.5015633
1979-06-15 12:00:00,1,0.054724343,0.9936615,1.9922943,0.4987524
1979-06-15 12:00:00,2,0.65303,0.9987972,1.998007,0.49989673
1979-06-15 12:00:00,3,0.22954494,0.9941359,1.9933966,0.49871457
1979-06-15 12:00:00,4,0.1168011,0.9943408,1.9862137,0.50062126
1979-06-15 12:00:00,5,0.5730119,0.99247164,1.9903711,0.49863648
1979-07-16 00:00:00,0,0.54664415,0.9990573,2.005585,0.49813762
1979-07-16 00:00:00,1,1.8861442,1.0019493,2.0101302,0.49844995
1979-07-16 00:00:00,2,0.147154,1.0039045,2.0092955,0.4996301
1979-07-16 00:00:00,3,0.6059582,1.0001724,2.009743,0.49766183
1979-07-16 00:00:00,4,0.38875383,1.0022724,2.0065618,0.49949738
1979-07-16 00:00:00,5,0.40414575,0.9977786,2.007852,0.4969383
1979-08-16 00:00:00,0,0.7595288,0.9995637,2.006017,0.49828276
1979-08-16 00:00:00,1,0.45912638,1.0018766,2.0098171,0.4984914
1979-08-16 00:00:00,2,0.3718374,1.0037352,2.006633,0.5002086
1979-08-16 00:00:00,3,0.23422657,1.0019978,2.009778,0.49856144
1979-08-16 00:00:00,4,0.34632513,1.0024868,2.0074337,0.49938726
1979-08-16 00:00:00,5,0.021726515,0.99735576,2.007533,0.49680665
1979-09-15 12:00:00,0,1.7074889,0.9934587,1.9784504,0.5021398
1979-09-15 12:00:00,1,0.36956695,0.9923295,1.9895387,0.49877366
1979-09-15 12:00:00,2,0.2912981,0.99801975,1.9953115,0.50018245
1979-09-15 12:00:00,3,0.5539478,0.99385256,1.990937,0.49918836
1979-09-15 12:00:00,4,0.9442544,0.9930061,1.9830846,0.50073814
1979-09-15 12:00:00,5,0.94358784,0.9912957,1.9873075,0.49881342
1979-10-16 00:00:00,0,0.020839078,1.0002583,2.0024948,0.4995061
1979-10-16 00:00:00,1,0.20536394,0.9993419,2.006261,0.49811158
1979-10-16 00:00:00,2,0.3895109,1.0004983,1.9999614,0.5002588
1979-10-16 00:00:00,3,0.5343587,1.0032626,2.0076413,0.49972206
1979-10-16 00:00:00,4,0.12785661,1.0006334,2.0062819,0.49875015
1979-10-16 00:00:00,5,1.4596767,0.99664193,2.0042899,0.4972544
1979-11-15 12:00:00,0,0.32546273,1.0003418,2.0022097,0.4996189
1979-11-15 12:00:00,1,0.0055538565,0.99909645,2.0059423,0.4980684
1979-11-15 12:00:00,2,0.51129603,1.0001422,1.9995748,0.50017744
1979-11-15 12:00:00,3,0.1564302,1.0031877,2.007447,0.49973306
1979-11-15 12:00:00,4,0.99900067,1.0004758,2.0062196,0.49868706
1979-11-15 12:00:00,5,1.1781565,0.996708,2.0040898,0.49733698
1979-12-16 00:00:00,0,1.4654175,1.0005149,2.0021875,0.4997109
1979-12-16 00:00:00,1,0.1505251,0.9988872,2.0056584,0.49803457
1979-12-16 00:00:00,2,0.09207394,0.99975204,1.9995506,0.49998838
1979-12-16 00:00:00,3,5.206227,1.0028621,2.0072691,0.49961516
1979-12-16 00:00:00,4,0.027589325,1.0004562,2.0063996,0.49863258
1979-12-16 00:00:00,5,0.6426359,0.9970486,2.004139,0.49749476
1980-01-16 00:00:00,0,1.1712468,1.0005693,2.0022345,0.49972636
1980-01-16 00:00:00,1,0.23931363,0.99885,2.005603,0.49802974
1980-01-16 00:00:00,2,0.8858188,0.999663,1.9996144,0.4999279
1980-01-16 00:00:00,3,0.44295627,1.0027441,2.0072324,0.4995655
1980-01-16 00:00:00,4,0.31640992,1.0004802,2.0064857,0.49862313
1980-01-16 00:00:00,5,0.8541785,0.99717546,2.0041976,0.49754348
1980-02-15 00:00:00,0,1.1184946,1.0005913,2.0022573,0.4997316
1980-02-15 00:00:00,1,0.29574066,0.9988369,2.0055833,0.49802813
1980-02-15 00:00:00,2,0.8271541,0.99962944,1.9996451,0.4999034
1980-02-15 00:00:00,3,0.5157878,1.0026954,2.007219,0.4995446
1980-02-15 00:00:00,4,2.0525358,1.0004919,2.0065224,0.49861982
1980-02-15 00:00:00,5,0.5103526,0.9972277,2.004224,0.497563
1980-03-16 00:00:00,0,0.17407987,1.0003419,2.0022407,0.49961123
1980-03-16 00:00:00,1,0.8220417,0.99911463,2.0059528,0.49807483
1980-03-16 00:00:00,2,0.01766098,1.0001656,1.9996121,0.5001798
1980-03-16 00:00:00,3,0.37166336,1.0031772,2.0074484,0.4997275
1980-03-16 00:00:00,4,0.030921215,1.0004984,2.006235,0.49869457
1980-03-16 00:00:00,5,0.24916328,0.99672294,2.0041137,0.49733853
1980-04-15 12:00:00,0,0.82524234,1.000225,2.0024252,0.49950677
1980-04-15 12:00:00,1,0.08712052,0.99934757,2.0062468,0.49811795
1980-04-15 12:00:00,2,0.17326482,1.0005378,1.9998577,0.50030446
1980-04-15 12:00:00,3,0.23397425,1.0033433,2.0076249,0.49976635
1980-04-15 12:00:00,4,0.19448847,1.0006094,2.0062032,0.49875775
1980-04-15 12:00:00,5,0.27403817,0.9965586,2.0042183,0.49723056
1980-05-16 00:00:00,0,0.05015626,1.0002004,2.0026774,0.4994316
1980-05-16 00:00:00,1,0.31439212,0.99952257,2.0063827,0.49817145
1980-05-16 00:00:00,2,0.18395506,1.0007776,2.0001705,0.5003462
1980-05-16 00:00:00,3,0.49416354,1.003302,2.0076735,0.49973363
1980-05-16 00:00:00,4,0.19909915,1.000788,2.0062997,0.49882275
1980-05-16 00:00:00,5,0.4980971,0.99662864,2.004406,0.49721897
1980-06-15 12:00:00,0,0.18590419,0.99924356,2.005888,0.4981552
1980-06-15 12:00:00,1,0.2530845,1.0019969,2.0102534,0.49844307
1980-06-15 12:00:00,2,0.39964008,1.0038837,2.0086553,0.499779
1980-06-15 12:00:00,3,0.11402693,1.0008057,2.0099642,0.49792215
1980-06-15 12:00:00,4,0.005696061,1.0023891,2.006995,0.49944773
1980-06-15 12:00:00,5,0.4972694,0.99763054,2.007954,0.49683937
1980-07-16 00:00:00,0,0.10767986,0.9996148,2.0052638,0.4984954
1980-07-16 00:00:00,1,0.11461683,1.0014284,2.009498,0.49834755
1980-07-16 00:00:00,2,0.7148684,1.00322,2.0049043,0.50038296
1980-07-16 00:00:00,3,0.24363856,1.0028831,2.009752,0.49900836
1980-07-16 00:00:00,4,0.6476985,1.0019428,2.0071428,0.49918857
1980-07-16 00:00:00,5,0.08455516,0.9966856,2.006733,0.49667078
1980-08-16 00:00:00,0,1.9845951,0.99681497,1.9955226,0.49952576
1980-08-16 00:00:00,1,0.9501891,0.99834555,2.002919,0.4984453
1980-08-16 00:00:00,2,0.25506958,1.0014418,2.00663,0.49906653
1980-08-16 00:00:00,3,0.51444167,0.99608517,2.0030284,0.4972896
1980-08-16 00:00:00,4,0.14770553,0.998654,1.9976659,0.4999104
1980-08-16 00:00:00,5,1.1256626,0.9961408,2.000923,0.49784064
1980-09-15 12:00:00,0,0.04698215,0.9992786,2.0059917,0.49814692
1980-09-15 12:00:00,1,0.496395,1.0020115,2.0103006,0.49843866
1980-09-15 12:00:00,2,0.2524091,1.0038646,2.0087035,0.4997575
1980-09-15 12:00:00,3,0.35804382,1.0007861,2.0100083,0.49790144
1980-09-15 12:00:00,4,0.6591362,1.0024105,2.0070899,0.4994348
1980-09-15 12:00:00,5,0.1845436,0.9976955,2.0080104,0.49685773
1980-10-16 00:00:00,0,1.1025282,0.9992242,2.005792,0.49816942
1980-10-16 00:00:00,1,0.51020247,1.0018721,2.0106492,0.49828288
1980-10-16 00:00:00,2,0.5785051,1.00364,2.0088124,0.4996186
1980-10-16 00:00:00,3,0.2011814,1.0008308,2.0104055,0.49782532
1980-10-16 00:00:00,4,0.14485891,1.0020745,2.007005,0.4992885
1980-10-16 00:00:00,5,0.7880933,0.99746203,2.0079553,0.4967551
1980-11-15 12:00:00,0,1.1404448,0.9995988,2.0059235,0.4983235
1980-11-15 12:00:00,1,0.119267195,1.0017239,2.0100522,0.49835715
1980-11-15 12:00:00,2,0.17984232,1.0034512,2.006613,0.5000721
1980-11-15 12:00:00,3,0.05203128,1.0020603,2.0100915,0.49851474
1980-11-15 12:00:00,4,0.27786914,1.0022304,2.0074916,0.49924514
1980-11-15 12:00:00,5,0.109343566,0.9972346,2.0075114,0.49675164
1980-12-16 00:00:00,0,0.05379203,1.000323,2.002242,0.49960145
1980-12-16 00:00:00,1,0.19117907,0.9991343,2.0059943,0.49807435
1980-12-16 00:00:00,2,0.35722622,1.000202,1.9996189,0.5001963
1980-12-16 00:00:00,3,0.054535802,1.0032145,2.00748,0.49973825
1980-12-16 00:00:00,4,0.53482085,1.000493,2.0062168,0.4986964
1980-12-16 00:00:00,5,1.2286897,0.99668103,2.004109,0.4973188
1981-01-16 00:00:00,0,0.13722825,1.0005418,2.0022092,0.4997189
1981-01-16 00:00:00,1,0.03769779,0.9988675,2.0056314,0.49803144
1981-01-16 00:00:00,2,0.30124658,0.99970603,1.9995806,0.49995786
1981-01-16 00:00:00,3,0.4628322,1.002804,2.0072515,0.49959064
1981-01-16 00:00:00,4,0.7945348,1.0004663,2.0064418,0.49862713
1981-01-16 00:00:00,5,0.4748686,0.99711037,2.0041668,0.49751863
1981-02-14 12:00:00,0,0.37866303,1.0002418,2.0023396,0.4995365
1981-02-14 12:00:00,1,0.7078609,0.99928004,2.0061812,0.49810058
1981-02-14 12:00:00,2,0.38915682,1.0004408,1.9997497,0.50028306
1981-02-14 12:00:00,3,0.06654687,1.0033393,2.0075934,0.49977216
1981-02-14 12:00:00,4,0.28860462,1.0005524,2.0061786,0.49873546
1981-02-14 12:00:00,5,1.2391208,0.9965551,2.0041578,0.49724382
1981-03-16 00:00:00,0,0.07864531,1.0005168,2.002185,0.49971244
1981-03-16 00:00:00,1,0.77722543,0.9988838,2.0056531,0.49803415
1981-03-16 00:00:00,2,1.2520938,0.9997464,1.9995471,0.4999864
1981-03-16 00:00:00,3,0.53026706,1.0028588,2.007265,0.4996145
1981-03-16 00:00:00,4,0.11459438,1.0004553,2.0064003,0.49863192
1981-03-16 00:00:00,5,0.05078262,0.9970521,2.0041378,0.49749678
1981-04-15 12:00:00,0,0.12945667,0.99981487,2.003823,0.49895367
1981-04-15 12:00:00,1,1.0017256,1.0005199,2.007981,0.49827155
1981-04-15 12:00:00,2,1.5183036,1.0021695,2.002057,0.5005699
1981-04-15 12:00:00,3,0.028385283,1.0035374,2.0087492,0.4995832
1981-04-15 12:00:00,4,0.9004999,1.001293,2.006539,0.4990149
1981-04-15 12:00:00,5,0.3203734,0.9962975,2.005319,0.4968274
1981-05-16 00:00:00,0,0.2012387,1.0001253,2.0029728,0.49932045
1981-05-16 00:00:00,1,0.48020136,0.9997648,2.006691,0.49821562
1981-05-16 00:00:00,2,0.8267342,1.0011206,2.0005863,0.5004136
1981-05-16 00:00:00,3,0.6282791,1.0033439,2.0078585,0.49970847
1981-05-16 00:00:00,4,0.34152943,1.0009543,2.0063763,0.49888662
1981-05-16 00:00:00,5,0.8064416,0.9965928,2.0046246,0.49714684
1981-06-15 12:00:00,0,1.103446,0.99177146,1.9699755,0.50344354
1981-06-15 12:00:00,1,0.056622457,0.98944706,1.9822935,0.49914256
1981-06-15 12:00:00,2,0.7157657,0.99664795,1.9889375,0.50109565
1981-06-15 12:00:00,3,1.0033519,0.99319345,1.9843267,0.5005191
1981-06-15 12:00:00,4,1.9978389,0.9904547,1.975648,0.50133157
1981-06-15 12:00:00,5,0.26833075,0.9887069,1.9801314,0.49931377
1981-07-16 00:00:00,0,0.6107805,0.99202025,1.9710928,0.5032844
1981-07-16 00:00:00,1,0.017742947,0.9897592,1.9831997,0.49907187
1981-07-16 00:00:00,2,0.17260574,0.9967436,1.9897815,0.5009312
1981-07-16 00:00:00,3,0.117502764,0.9931919,1.9851748,0.5003045
1981-07-16 00:00:00,4,0.6833877,0.9907627,1.9766679,0.5012287
1981-07-16 00:00:00,5,0.2116491,0.9891091,1.9810581,0.49928322
1981-08-16 00:00:00,0,0.1155627,0.9936153,1.9792237,0.50202274
1981-08-16 00:00:00,1,0.7301412,0.9926158,1.9900157,0.49879798
1981-08-16 00:00:00,2,0.24750014,0.9981933,1.9958243,0.50014085
1981-08-16 00:00:00,3,0.051448304,0.99385357,1.9913272,0.49909106
1981-08-16 00:00:00,4,0.636458,0.993307,1.9837009,0.50073427
1981-08-16 00:00:00,5,0.22144091,0.9916155,1.9878721,0.4988326
1981-09-15 12:00:00,0,0.038036395,0.9984236,2.0028431,0.49850312
1981-09-15 12:00:00,1,0.14539967,1.0008554,2.008824,0.4982295
1981-09-15 12:00:00,2,0.4565558,1.0028306,2.009774,0.49897683
1981-09-15 12:00:00,3,0.3032744,0.99839956,2.008549,0.49707505
1981-09-15 12:00:00,4,1.4194385,1.0009563,2.0042267,0.4994227
1981-09-15 12:00:00,5,3.8120997,0.9975219,2.0063996,0.4971701
1981-10-16 00:00:00,0,0.023408776,1.0003618,2.0022132,0.499628
1981-10-16 00:00:00,1,0.3861212,0.9990787,2.0058982,0.49807048
1981-10-16 00:00:00,2,0.18042234,1.0001082,1.9995729,0.50016093
1981-10-16 00:00:00,3,0.44048294,1.0031462,2.0074122,0.49972108
1981-10-16 00:00:00,4,0.8367479,1.000486,2.0062408,0.49868688
1981-10-16 00:00:00,5,0.28765342,0.9967553,2.0040984,0.49735847
1981-11-15 12:00:00,0,0.85938317,1.0005649,2.002235,0.49972403
1981-11-15 12:00:00,1,0.2024787,0.9988552,2.0056095,0.49803072
1981-11-15 12:00:00,2,0.21069281,0.9996729,1.999614,0.49993294
1981-11-15 12:00:00,3,0.87702507,1.0027523,2.007236,0.4995687
1981-11-15 12:00:00,4,0.45643884,1.0004807,2.006481,0.49862456
1981-11-15 12:00:00,5,0.42727342,0.99716675,2.0041957,0.4975396
1981-12-16 00:00:00,0,0.15008664,1.0005213,2.0022001,0.49971095
1981-12-16 00:00:00,1,1.2419758,0.9988864,2.0056567,0.4980346
1981-12-16 00:00:00,2,0.10393336,0.99974555,1.9995676,0.49998087
1981-12-16 00:00:00,3,0.08988281,1.0028459,2.0072675,0.4996075
1981-12-16 00:00:00,4,0.29844853,1.0004629,2.006414,0.49863234
1981-12-16 00:00:00,5,0.12109569,0.9970664,2.0041518,0.49750042
1982-01-16 00:00:00,0,0.87539595,1.0005466,2.0022132,0.49972028
1982-01-16 00:00:00,1,0.7881094,0.99886465,2.0056243,0.4980318
1982-01-16 00:00:00,2,0.5022739,0.9996992,1.999585,0.49995333
1982-01-16 00:00:00,3,0.4388609,1.0027936,2.0072463,0.4995867
1982-01-16 00:00:00,4,0.47223735,1.0004697,2.0064487,0.4986271
1982-01-16 00:00:00,5,0.12639666,0.9971224,2.0041716,0.49752346
1982-02-14 12:00:00,0,0.8330282,1.0004014,2.0021358,0.4996671
1982-02-14 12:00:00,1,0.09225887,0.9989893,2.0058033,0.49804947
1982-02-14 12:00:00,2,0.1467054,0.99996597,1.9994793,0.5001132
1982-02-14 12:00:00,3,0.010600661,1.0030943,2.007362,0.49970776
1982-02-14 12:00:00,4,0.052938625,1.0004321,2.006246,0.49865875
1982-02-14 12:00:00,5,0.02426334,0.99680156,2.0040543,0.49739248
1982-03-16 00:00:00,0,1.1205877,1.0006157,2.0022876,0.49973625
1982-03-16 00:00:00,1,0.17946726,0.9988252,2.0055623,0.4980275
1982-03-16 00:00:00,2,0.23801087,0.99959606,1.9996846,0.49987686
1982-03-16 00:00:00,3,0.10057567,1.00264,2.0072043,0.49952066
1982-03-16 00:00:00,4,0.431231,1.0005085,2.0065656,0.4986174
1982-03-16 00:00:00,5,0.56289184,0.9972882,2.0042572,0.49758494
1982-04-15 12:00:00,0,0.8220159,1.0004724,2.0021553,0.49969772
1982-04-15 12:00:00,1,0.11551207,0.9989185,2.0057054,0.4980385
1982-04-15 12:00:00,2,0.27249694,0.99982345,1.9995075,0.50003487
1982-04-15 12:00:00,3,0.36208388,1.0029525,2.0073001,0.49965248
1982-04-15 12:00:00,4,1.5607246,1.0004398,2.0063357,0.49864027
1982-04-15 12:00:00,5,0.8663158,0.9969515,2.0040975,0.4974566
1982-05-16 00:00:00,0,0.101277195,0.9993051,2.005979,0.49816328
1982-05-16 00:00:00,1,0.06917971,1.0019816,2.0102687,0.49843168
1982-05-16 00:00:00,2,0.8323241,1.0038192,2.0085742,0.49976707
1982-05-16 00:00:00,3,0.36781716,1.0008018,2.0099945,0.4979127
1982-05-16 00:00:00,4,0.015443802,1.0023925,2.007118,0.49941882
1982-05-16 00:00:00,5,0.7562833,0.9977271,2.007974,0.4968825
1982-06-15 12:00:00,0,0.7323006,1.000196,2.0026698,0.49943128
1982-06-15 12:00:00,1,0.03716533,0.99952346,2.0063846,0.49817142
1982-06-15 12:00:00,2,0.097380064,1.0007823,2.0001605,0.500351
1982-06-15 12:00:00,3,0.101495124,1.0033134,2.0076752,0.49973893
1982-06-15 12:00:00,4,0.10100223,1.000784,2.0062907,0.49882305
1982-06-15 12:00:00,5,1.0228347,0.9966161,2.0043983,0.49721462
1982-07-16 00:00:00,0,0.06281969,0.99868613,2.0041409,0.49831134
1982-07-16 00:00:00,1,0.76416516,1.0014089,2.0091033,0.49843577
1982-07-16 00:00:00,2,0.42142344,1.0034465,2.0099049,0.49925074
1982-07-16 00:00:00,3,0.80089295,0.9987975,2.0087101,0.49723324
1982-07-16 00:00:00,4,0.04377293,1.0017545,2.005201,0.4995781
1982-07-16 00:00:00,5,0.87775636,0.99792904,2.0071092,0.49719718
1982-08-16 00:00:00,0,0.17423388,0.9989812,2.005271,0.49817765
1982-08-16 00:00:00,1,0.14992517,1.0018091,2.0100434,0.49840173
1982-08-16 00:00:00,2,0.5379129,1.0037082,2.0096407,0.49944663
1982-08-16 00:00:00,3,0.18618093,0.99979216,2.0096564,0.49749407
1982-08-16 00:00:00,4,0.393764,1.0020945,2.0062935,0.4994755
1982-08-16 00:00:00,5,0.33368155,0.9978102,2.0077822,0.4969713
1982-09-15 12:00:00,0,0.09352516,1.0003788,2.0022135,0.49963647
1982-09-15 12:00:00,1,0.061727606,0.99906254,2.0058558,0.49807295
1982-09-15 12:00:00,2,0.17759576,1.0000788,1.9995656,0.50014806
1982-09-15 12:00:00,3,0.14816506,1.0031115,2.0073786,0.49971217
1982-09-15 12:00:00,4,0.5715636,1.0004948,2.0062568,0.49868733
1982-09-15 12:00:00,5,0.31182894,0.99679595,2.0041027,0.49737766
1982-10-16 00:00:00,0,0.07981995,1.0003915,2.0021906,0.49964848
1982-10-16 00:00:00,1,0.35500434,0.99903214,2.005841,0.49806148
1982-10-16 00:00:00,2,0.06812226,1.0000279,1.9995453,0.5001276
1982-10-16 00:00:00,3,0.19205111,1.0030962,2.0073786,0.49970457
1982-10-16 00:00:00,4,0.01788162,1.0004703,2.0062625,0.49867365
1982-10-16 00:00:00,5,0.45130533,0.99680585,2.0040922,0.49738523
1982-11-15 12:00:00,0,1.4831218,1.0005664,2.0022328,0.49972528
1982-11-15 12:00:00,1,1.789755,0.99885243,2.0056067,0.49803007
1982-11-15 12:00:00,2,0.2758374,0.9996683,1.9996116,0.49993125
1982-11-15 12:00:00,3,1.1843141,1.0027503,2.0072346,0.49956805
1982-11-15 12:00:00,4,0.29337418,1.0004793,2.0064814,0.4986238
1982-11-15 12:00:00,5,0.5266749,0.9971687,2.0041947,0.49754083
1982-12-16 00:00:00,0,0.199067,1.0005312,2.002208,0.49971393
1982-12-16 00:00:00,1,0.5884076,0.9988797,2.0056443,0.4980343
1982-12-16 00:00:00,2,0.040319894,0.9997298,1.9995775,0.49997053
1982-12-16 00:00:00,3,0.4196954,1.0028244,2.0072587,0.499599
1982-12-16 00:00:00,4,0.03386735,1.0004678,2.0064287,0.49863112
1982-12-16 00:00:00,5,2.1765895,0.99708974,2.0041614,0.49750972
1983-01-16 00:00:00,0,0.26449487,1.0005867,2.0022535,0.4997303
1983-01-16 00:00:00,1,0.10248561,0.99884003,2.0055878,0.49802858
1983-01-16 00:00:00,2,0.004233324,0.9996369,1.9996396,0.4999085
1983-01-16 00:00:00,3,0.18074128,1.0027055,2.0072222,0.49954882
1983-01-16 00:00:00,4,1.9147421,1.00049,2.0065153,0.49862066
1983-01-16 00:00:00,5,0.29181588,0.99721706,2.0042193,0.49755886
1983-02-14 12:00:00,0,0.46320528,1.0006204,2.0022929,0.49973726
1983-02-14 12:00:00,1,0.28074014,0.9988227,2.0055585,0.4980272
1983-02-14 12:00:00,2,0.111845024,0.9995892,1.9996917,0.49987164
1983-02-14 12:00:00,3,0.74717265,1.0026296,2.0072017,0.49951613
1983-02-14 12:00:00,4,0.19720706,1.0005113,2.0065737,0.49861678
1983-02-14 12:00:00,5,0.60311306,0.9972995,2.004263,0.49758914
1983-03-16 00:00:00,0,0.06886516,1.0006185,2.0022902,0.49973696
1983-03-16 00:00:00,1,1.0890796,0.9988237,2.0055602,0.4980273
1983-03-16 00:00:00,2,0.31917298,0.999592,1.9996883,0.4998739
1983-03-16 00:00:00,3,0.16553007,1.0026339,2.0072026,0.49951804
1983-03-16 00:00:00,4,0.12501495,1.00051,2.0065699,0.49861705
1983-03-16 00:00:00,5,1.6219839,0.9972948,2.0042603,0.49758744
1983-04-15 12:00:00,0,0.58348167,1.0005201,2.002186,0.49971384
1983-04-15 12:00:00,1,0.47110617,0.99888015,2.0056505,0.498033
1983-04-15 12:00:00,2,0.07450655,0.99973893,1.9995495,0.4999821
1983-04-15 12:00:00,3,1.1216462,1.0028524,2.0072646,0.49961147
1983-04-15 12:00:00,4,0.97118527,1.0004545,2.0064049,0.49863043
1983-04-15 12:00:00,5,0.020212917,0.99705833,2.00414,0.49749938
1983-05-16 00:00:00,0,0.8487966,0.9996678,2.0055165,0.49845904
1983-05-16 00:00:00,1,1.2275306,1.0014814,2.0096786,0.49832913
1983-05-16 00:00:00,2,0.9077728,1.0031836,2.0055063,0.50021464
1983-05-16 00:00:00,3,0.5861132,1.002519,2.0098817,0.49879503
1983-05-16 00:00:00,4,0.693026,1.0020326,2.007356,0.49918035
1983-05-16 00:00:00,5,0.18672718,0.99697334,2.007051,0.49673542
1983-06-15 12:00:00,0,0.42456424,0.99964994,2.0061743,0.49828666
1983-06-15 12:00:00,1,0.07512113,1.0018165,2.0100024,0.4984156
1983-06-15 12:00:00,2,0.052839153,1.0034993,2.0072129,0.4999466
1983-06-15 12:00:00,3,0.5300062,1.001606,2.0099716,0.49831846
1983-06-15 12:00:00,4,0.90947783,1.0024539,2.0076523,0.4993165
1983-06-15 12:00:00,5,0.8965988,0.99762434,2.0078268,0.49686772
1983-07-16 00:00:00,0,0.47810465,0.9941813,1.9823978,0.5015044
1983-07-16 00:00:00,1,1.1719939,0.99375814,1.9925952,0.49872556
1983-07-16 00:00:00,2,0.557688,0.99891835,1.9979897,0.49996173
1983-07-16 00:00:00,3,2.1787815,0.994362,1.9936856,0.49875566
1983-07-16 00:00:00,4,0.25078464,0.99433553,1.9863774,0.50057733
1983-07-16 00:00:00,5,0.4403431,0.99239624,1.9904327,0.49858317
1983-08-16 00:00:00,0,1.2808753,1.0003432,2.0024061,0.49957058
1983-08-16 00:00:00,1,0.061424524,0.9992155,2.0059817,0.49811795
1983-08-16 00:00:00,2,0.020771917,1.0003011,1.9997956,0.5002017
1983-08-16 00:00:00,3,0.34036052,1.0031176,2.007428,0.4997029
1983-08-16 00:00:00,4,0.17882366,1.0006335,2.0063112,0.4987429
1983-08-16 00:00:00,5,0.13681458,0.9968129,2.0042353,0.49735323
1983-09-15 12:00:00,0,0.34577602,1.0001532,2.002764,0.49938643
1983-09-15 12:00:00,1,0.04513779,0.9996184,2.0065322,0.4981821
1983-09-15 12:00:00,2,0.3266698,1.000923,2.000304,0.50038546
1983-09-15 12:00:00,3,0.08523994,1.0033649,2.0077739,0.49974
1983-09-15 12:00:00,4,1.4245421,1.0008264,2.0062978,0.49884236
1983-09-15 12:00:00,5,0.42889413,0.9965593,2.0044646,0.49716982
1983-10-16 00:00:00,0,0.68360037,0.99991494,2.0035796,0.49906424
1983-10-16 00:00:00,1,0.153024,1.0002865,2.0076241,0.4982439
1983-10-16 00:00:00,2,0.40601048,1.001836,2.0016222,0.500512
1983-10-16 00:00:00,3,0.060111523,1.0034994,2.0085182,0.49962175
1983-10-16 00:00:00,4,1.6324503,1.001179,2.0065107,0.49896517
1983-10-16 00:00:00,5,0.5963971,0.9963678,2.0051203,0.49691173
1983-11-15 12:00:00,0,0.33891565,1.0006226,2.0022972,0.49973732
1983-11-15 12:00:00,1,0.13892038,0.99882257,2.005557,0.4980275
1983-11-15 12:00:00,2,0.27602345,0.9995875,1.999697,0.49986947
1983-11-15 12:00:00,3,0.011575957,1.0026243,2.0072005,0.49951378
1983-11-15 12:00:00,4,0.09493758,1.0005139,2.0065782,0.49861696
1983-11-15 12:00:00,5,0.8246346,0.99730563,2.0042672,0.49759114
1983-12-16 00:00:00,0,0.729452,1.0006142,2.0022871,0.4997356
1983-12-16 00:00:00,1,0.122925945,0.9988268,2.005565,0.49802765
1983-12-16 00:00:00,2,0.14431298,0.99959904,1.9996843,0.4998784
1983-12-16 00:00:00,3,1.89037,1.0026431,2.007206,0.4995218
1983-12-16 00:00:00,4,1.1157197,1.0005082,2.0065637,0.4986177
1983-12-16 00:00:00,5,0.05062879,0.99728495,2.0042562,0.49758357
1984-01-16 00:00:00,0,0.29433274,0.99935836,2.005905,0.49820825
1984-01-16 00:00:00,1,0.28993538,1.0018471,2.0106604,0.4982677
1984-01-16 00:00:00,2,0.4440256,1.0035977,2.0079455,0.49981323
1984-01-16 00:00:00,3,0.6911413,1.0014693,2.010518,0.49811503
1984-01-16 00:00:00,4,0.013332643,1.002074,2.0072534,0.49922645
1984-01-16 00:00:00,5,0.3065515,0.9972526,2.007808,0.49668723
1984-02-15 00:00:00,0,0.26553696,1.000337,2.002284,0.49959794
1984-02-15 00:00:00,1,0.33079067,0.99914336,2.0059874,0.49808058
1984-02-15 00:00:00,2,0.49683014,1.0002036,1.9996693,0.50018454
1984-02-15 00:00:00,3,0.2863815,1.0031738,2.0074687,0.49972078
1984-02-15 00:00:00,4,1.0785197,1.0005229,2.0062525,0.49870235
1984-02-15 00:00:00,5,0.13776116,0.9967289,2.0041463,0.49733338
1984-03-16 00:00:00,0,0.052401233,1.0002406,2.0025299,0.49948847
1984-03-16 00:00:00,1,0.2529494,0.9993826,2.0063024,0.49812165
1984-03-16 00:00:00,2,0.5355081,1.0005628,2.0000048,0.5002802
1984-03-16 00:00:00,3,0.048486784,1.0032845,2.0076623,0.4997277
1984-03-16 00:00:00,4,1.1884526,1.0006589,2.0062795,0.49876344
1984-03-16 00:00:00,5,0.5050082,0.99662256,2.0043104,0.49723965
1984-04-15 12:00:00,0,0.5160479,1.0000743,2.003204,0.49923733
1984-04-15 12:00:00,1,1.2245703,0.99992865,2.0070143,0.49821702
1984-04-15 12:00:00,2,0.58029354,1.0013273,2.0009723,0.5004204
1984-04-15 12:00:00,3,0.16172169,1.0033597,2.008095,0.49965748
1984-04-15 12:00:00,4,0.2924912,1.001031,2.0064623,0.49890348
1984-04-15 12:00:00,5,0.081821755,0.9965558,2.0048206,0.4970798
1984-05-16 00:00:00,0,0.040372506,0.9991177,2.00553,0.49818134
1984-05-16 00:00:00,1,0.21639346,1.0017941,2.0106232,0.49825054
1984-05-16 00:00:00,2,1.6027251,1.0035675,2.0091248,0.4995048
1984-05-16 00:00:00,3,0.083406,1.0005211,2.0103512,0.49768472
1984-05-16 00:00:00,4,0.31833538,1.0019286,2.0067348,0.499283
1984-05-16 00:00:00,5,1.3132507,0.9974644,2.0078778,0.49677545
1984-06-15 12:00:00,0,0.5050127,0.9997734,2.0055132,0.4985125
1984-06-15 12:00:00,1,0.4510877,1.0014161,2.00929,0.498393
1984-06-15 12:00:00,2,0.25424594,1.0031059,2.005121,0.500272
1984-06-15 12:00:00,3,0.31181347,1.0025359,2.0095549,0.4988846
1984-06-15 12:00:00,4,0.63217175,1.0021521,2.0074286,0.49922177
1984-06-15 12:00:00,5,0.534112,0.99712294,2.006961,0.49683222
1984-07-16 00:00:00,0,0.10873744,0.999744,2.0056403,0.49846625
1984-07-16 00:00:00,1,0.038672574,1.001529,2.0093122,0.4984437
1984-07-16 00:00:00,2,0.779321,1.0032662,2.0053823,0.50028676
1984-07-16 00:00:00,3,0.46583545,1.0024081,2.0095077,0.4988327
1984-07-16 00:00:00,4,0.18287516,1.0022801,2.0074408,0.49928254
1984-07-16 00:00:00,5,0.63498384,0.99722767,2.0070755,0.49685606
1984-08-16 00:00:00,0,0.8285743,0.99926424,2.005954,0.49814913
1984-08-16 00:00:00,1,0.08841978,1.0019532,2.010296,0.4984108
1984-08-16 00:00:00,2,0.008255788,1.0037311,2.00931,0.4995402
1984-08-16 00:00:00,3,0.03573691,1.0002304,2.0099602,0.49763694
1984-08-16 00:00:00,4,1.2863473,1.0023797,2.0070465,0.4994302
1984-08-16 00:00:00,5,0.26485267,0.99797297,2.0081518,0.49696094
1984-09-15 12:00:00,0,0.014666622,0.99878573,2.004717,0.4982178
1984-09-15 12:00:00,1,0.18878637,1.0016754,2.0100226,0.49834034
1984-09-15 12:00:00,2,0.36998197,1.0036803,2.0094383,0.49948305
1984-09-15 12:00:00,3,1.3957021,0.99989974,2.0096602,0.49754667
1984-09-15 12:00:00,4,0.120801054,1.0017809,2.0057943,0.49944347
1984-09-15 12:00:00,5,0.5724076,0.9974207,2.0074208,0.4968668
1984-10-16 00:00:00,0,0.02279447,1.0002617,2.002383,0.49953565
1984-10-16 00:00:00,1,1.4451423,0.99928755,2.00614,0.49811456
1984-10-16 00:00:00,2,0.8804137,1.0004424,1.9997877,0.5002743
1984-10-16 00:00:00,3,0.15943502,1.0032848,2.007549,0.49975607
1984-10-16 00:00:00,4,0.04995502,1.0005976,2.006217,0.49874845
1984-10-16 00:00:00,5,0.10440214,0.9966241,2.0041938,0.49726933
1984-11-15 12:00:00,0,0.57673025,1.0005949,2.0022633,0.4997319
1984-11-15 12:00:00,1,0.45373097,0.99883604,2.0055816,0.49802813
1984-11-15 12:00:00,2,2.5401847,0.99962556,1.9996527,0.49989957
1984-11-15 12:00:00,3,1.3333789,1.0026871,2.007218,0.49954075
1984-11-15 12:00:00,4,0.14011405,1.0004948,2.0065293,0.4986196
1984-11-15 12:00:00,5,0.3497998,0.9972368,2.00423,0.49756604
1984-12-16 00:00:00,0,0.3134372,1.0003631,2.0021439,0.49964598
1984-12-16 00:00:00,1,0.09969723,0.9990379,2.0058634,0.4980588
1984-12-16 00:00:00,2,0.14008892,1.0000561,1.9994869,0.5001564
1984-12-16 00:00:00,3,0.078446046,1.0031648,2.0073981,0.49973384
1984-12-16 00:00:00,4,1.2871989,1.0004406,2.006207,0.49867266
1984-12-16 00:00:00,5,0.3755236,0.9967291,2.0040452,0.49735856
1985-01-16 00:00:00,0,0.024808237,0.9998838,2.003801,0.49899352
1985-01-16 00:00:00,1,0.12257253,1.0004269,2.0078714,0.49825248
1985-01-16 00:00:00,2,0.32133073,1.0020069,2.0019956,0.5005041
1985-01-16 00:00:00,3,0.04482554,1.0034512,2.0086887,0.49955538
1985-01-16 00:00:00,4,0.17271145,1.0012696,2.006606,0.4989866
1985-01-16 00:00:00,5,1.2371594,0.9963979,2.0053127,0.49687907
1985-02-14 12:00:00,0,0.33703583,1.0002862,2.0023603,0.49955356
1985-02-14 12:00:00,1,0.30956513,0.9992432,2.006108,0.4981004
1985-02-14 12:00:00,2,0.42176166,1.0003649,1.9997677,0.50024056
1985-02-14 12:00:00,3,0.11647197,1.0032474,2.007539,0.49973992
1985-02-14 12:00:00,4,0.21921442,1.0005716,2.006236,0.49873075
1985-02-14 12:00:00,5,0.12027776,0.9966572,2.0041878,0.49728733
1985-03-16 00:00:00,0,0.5791741,1.0005199,2.0021973,0.49971095
1985-03-16 00:00:00,1,0.26016223,0.99888766,2.0056527,0.4980362
1985-03-16 00:00:00,2,0.28989634,0.9997492,1.9995618,0.49998415
1985-03-16 00:00:00,3,0.057390656,1.0028487,2.007263,0.49961007
1985-03-16 00:00:00,4,0.3835719,1.0004641,2.00641,0.49863395
1985-03-16 00:00:00,5,0.007958101,0.9970642,2.0041482,0.4975002
1985-04-15 12:00:00,0,0.35102916,0.99959856,2.005379,0.49845868
1985-04-15 12:00:00,1,0.7528034,1.0014874,2.0097015,0.49832642
1985-04-15 12:00:00,2,0.144546,1.0032469,2.0053437,0.50028676
1985-04-15 12:00:00,3,0.029299337,1.0026655,2.009899,0.49886367
1985-04-15 12:00:00,4,0.3460186,1.001959,2.007205,0.49918118
1985-04-15 12:00:00,5,0.55143994,0.9968049,2.0069208,0.49668372
1985-05-16 00:00:00,0,0.5331711,0.9979299,2.0008485,0.49875334
1985-05-16 00:00:00,1,0.31646016,1.0002397,2.0070865,0.49835408
1985-05-16 00:00:00,2,0.18446453,1.002609,2.0090365,0.49904966
1985-05-16 00:00:00,3,0.43880656,0.99764043,2.0068638,0.49711415
1985-05-16 00:00:00,4,0.83310616,1.0004295,2.0023344,0.49963158
1985-05-16 00:00:00,5,0.19218607,0.9972251,2.0048943,0.49739537
1985-06-15 12:00:00,0,0.16682678,0.99847794,2.0033517,0.49840373
1985-06-15 12:00:00,1,0.38057783,1.0011215,2.0091376,0.4982842
1985-06-15 12:00:00,2,0.6093382,1.003153,2.0097668,0.49913898
1985-06-15 12:00:00,3,0.6370493,0.9987896,2.008807,0.49720538
1985-06-15 12:00:00,4,0.5255751,1.0012113,2.0045834,0.49946102
1985-06-15 12:00:00,5,0.9528901,0.99746734,2.0066648,0.49707723
1985-07-16 00:00:00,0,0.40645814,0.9996668,2.005916,0.49835923
1985-07-16 00:00:00,1,0.3455707,1.0017086,2.0097046,0.49843577
1985-07-16 00:00:00,2,0.33141932,1.0034624,2.0062153,0.50017685
1985-07-16 00:00:00,3,0.001069628,1.0021392,2.0097764,0.4986322
1985-07-16 00:00:00,4,1.0424501,1.002363,2.0075157,0.4993052
1985-07-16 00:00:00,5,0.54279923,0.9973212,2.007404,0.49682134
1985-08-16 00:00:00,0,0.4197426,0.9925876,1.97393,0.50284845
1985-08-16 00:00:00,1,1.0697131,0.99076647,1.9854655,0.49900967
1985-08-16 00:00:00,2,0.34788457,0.99725485,1.9920218,0.5006245
1985-08-16 00:00:00,3,0.023313655,0.9933581,1.9872149,0.4998745
1985-08-16 00:00:00,4,1.6572843,0.9917374,1.9791179,0.5011007
1985-08-16 00:00:00,5,0.41943362,0.9900154,1.9835223,0.49911988
1985-09-15 12:00:00,0,0.39079702,1.0001601,2.002945,0.49934477
1985-09-15 12:00:00,1,0.59276116,0.99970627,2.0066364,0.4982
1985-09-15 12:00:00,2,1.0983788,1.0010201,2.000552,0.50037193
1985-09-15 12:00:00,3,1.9568889,1.0032907,2.007833,0.4996883
1985-09-15 12:00:00,4,0.036034387,1.000926,2.0064032,0.49886584
1985-09-15 12:00:00,5,0.29884607,0.9966451,2.0046144,0.49717548
1985-10-16 00:00:00,0,0.48764482,1.0000467,2.0032063,0.49922305
1985-10-16 00:00:00,1,0.2848316,0.99995524,2.007092,0.49821097
1985-10-16 00:00:00,2,0.05053118,1.0013722,2.0009983,0.5004363
1985-10-16 00:00:00,3,0.10829805,1.0034088,2.008158,0.49966627
1985-10-16 00:00:00,4,0.08333838,1.0010147,2.0064394,0.49890104
1985-10-16 00:00:00,5,1.0436059,0.99649376,2.0048206,0.49704885
1985-11-15 12:00:00,0,0.05995194,1.0005211,2.0021913,0.49971303
1985-11-15 12:00:00,1,0.68169355,0.9988825,2.005649,0.4980345
1985-11-15 12:00:00,2,0.012367621,0.9997416,1.9995548,0.49998212
1985-11-15 12:00:00,3,0.611774,1.0028486,2.007262,0.49961022
1985-11-15 12:00:00,4,0.17725028,1.0004593,2.0064085,0.49863192
1985-11-15 12:00:00,5,0.34462473,0.99706346,2.0041442,0.49750087
1985-12-16 00:00:00,0,0.13874818,1.0003685,2.0021856,0.49963823
1985-12-16 00:00:00,1,0.03885535,0.9990547,2.0058775,0.49806365
1985-12-16 00:00:00,2,0.06723942,1.0000726,1.9995397,0.5001514
1985-12-16 00:00:00,3,1.1798908,1.0031422,2.0074034,0.49972132
1985-12-16 00:00:00,4,0.37257227,1.0004659,2.006235,0.49867833
1985-12-16 00:00:00,5,0.009496535,0.9967562,2.0040798,0.4973635
1986-01-16 00:00:00,0,0.17770818,1.0004976,2.0021687,0.49970695
1986-01-16 00:00:00,1,0.14805748,0.9988958,2.0056791,0.4980337
1986-01-16 00:00:00,2,0.35566887,0.9997751,1.9995277,0.50000566
1986-01-16 00:00:00,3,0.11164008,1.0029012,2.0072849,0.49963072
1986-01-16 00:00:00,4,0.9199345,1.0004433,2.0063715,0.49863315
1986-01-16 00:00:00,5,0.38010222,0.9970051,2.0041182,0.4974782
1986-02-14 12:00:00,0,0.078678645,1.0006529,2.002335,0.49974298
1986-02-14 12:00:00,1,0.80556107,0.9988088,2.0055313,0.49802703
1986-02-14 12:00:00,2,0.025002645,0.9995468,1.9997466,0.49983674
1986-02-14 12:00:00,3,0.1503934,1.002555,2.0071814,0.499484
1986-02-14 12:00:00,4,0.022386888,1.0005352,2.0066319,0.49861425
1986-02-14 12:00:00,5,0.42696896,0.99738127,2.0043087,0.4976186
1986-03-16 00:00:00,0,0.24503902,1.0005461,2.00221,0.49972087
1986-03-16 00:00:00,1,0.56522566,0.99886316,2.0056245,0.498031
1986-03-16 00:00:00,2,1.1142552,0.99969745,1.9995812,0.49995342
1986-03-16 00:00:00,3,0.6701078,1.0027956,2.0072472,0.49958748
1986-03-16 00:00:00,4,0.5466233,1.0004668,2.0064466,0.4986262
1986-03-16 00:00:00,5,0.5151238,0.9971194,2.004169,0.49752262
1986-04-15 12:00:00,0,0.6929971,1.0000443,2.0030148,0.49926957
1986-04-15 12:00:00,1,0.21626133,0.99986756,2.0069144,0.49821135
1986-04-15 12:00:00,2,0.37908146,1.0012882,2.0006962,0.50046986
1986-04-15 12:00:00,3,0.09602734,1.0034794,2.0080278,0.4997338
1986-04-15 12:00:00,4,0.12559088,1.0009427,2.0063221,0.4988943
1986-04-15 12:00:00,5,0.2043708,0.99642956,2.0046494,0.49705926
1986-05-16 00:00:00,0,0.3748579,0.9995412,2.0057673,0.49833357
1986-05-16 00:00:00,1,0.04528718,1.0016829,2.0102167,0.49829596
1986-05-16 00:00:00,2,0.22546555,1.0034049,2.006494,0.5000787
1986-05-16 00:00:00,3,0.97320205,1.0022339,2.010274,0.49855587
1986-05-16 00:00:00,4,0.20527218,1.0020605,2.0073817,0.49918786
1986-05-16 00:00:00,5,0.42504627,0.9970025,2.0074155,0.49665976
1986-06-15 12:00:00,0,0.25962093,0.9959737,1.9915708,0.50009453
1986-06-15 12:00:00,1,0.066127285,0.99702317,1.9999338,0.49852806
1986-06-15 12:00:00,2,0.35181293,1.0007347,2.004192,0.49932075
1986-06-15 12:00:00,3,0.6774928,0.99555033,2.0003068,0.4976988
1986-06-15 12:00:00,4,0.83048564,0.9973413,1.9942224,0.5001154
1986-06-15 12:00:00,5,0.3674078,0.99497646,1.9978441,0.4980251
1986-07-16 00:00:00,0,0.1434351,0.9991019,2.0055616,0.49816564
1986-07-16 00:00:00,1,0.2847806,1.0018599,2.0101027,0.49841228
1986-07-16 00:00:00,2,0.038468283,1.0037069,2.009577,0.49946177
1986-07-16 00:00:00,3,1.1691537,0.9999595,2.0097556,0.4975528
1986-07-16 00:00:00,4,0.43566948,1.0022367,2.0066085,0.499468
1986-07-16 00:00:00,5,2.8400533,0.9978685,2.0079722,0.4969533
1986-08-16 00:00:00,0,0.53662133,0.9961637,1.992595,0.4999329
1986-08-16 00:00:00,1,0.5406359,0.99737763,2.0007622,0.49849883
1986-08-16 00:00:00,2,2.5091035,1.0009705,2.0047574,0.49929756
1986-08-16 00:00:00,3,0.17653139,0.99576485,2.0010526,0.49762052
1986-08-16 00:00:00,4,0.2564141,0.99764645,1.9950804,0.5000533
1986-08-16 00:00:00,5,0.25057316,0.9952072,1.9985619,0.49796167
1986-09-15 12:00:00,0,0.054047845,1.0002304,2.00264,0.49945593
1986-09-15 12:00:00,1,0.032147296,0.99945164,2.0063946,0.49813312
1986-09-15 12:00:00,2,0.6660869,1.00065,2.000159,0.50028527
1986-09-15 12:00:00,3,0.11371783,1.0032692,2.0077195,0.49970585
1986-09-15 12:00:00,4,0.22259457,1.000717,2.0063288,0.4987802
1986-09-15 12:00:00,5,0.19623312,0.99664164,2.0043986,0.49722728
1986-10-16 00:00:00,0,0.06792885,0.99917525,2.0056734,0.49817446
1986-10-16 00:00:00,1,0.10103612,1.0018517,2.0105999,0.49828497
1986-10-16 00:00:00,2,0.8134512,1.0036751,2.0086575,0.4996746
1986-10-16 00:00:00,3,0.36628518,1.0009313,2.0103614,0.4978862
1986-10-16 00:00:00,4,0.010307118,1.0020204,2.0068762,0.49929354
1986-10-16 00:00:00,5,0.21528871,0.9973328,2.0078125,0.49672607
1986-11-15 12:00:00,0,0.48013666,0.99782056,2.0004785,0.49879095
1986-11-15 12:00:00,1,0.06550421,1.000018,2.0076401,0.4981062
1986-11-15 12:00:00,2,0.06183147,1.0023013,2.008977,0.49891132
1986-11-15 12:00:00,3,0.19439103,0.9980299,2.0075297,0.49714327
1986-11-15 12:00:00,4,0.61243016,0.99986786,2.0021396,0.4993997
1986-11-15 12:00:00,5,0.28216612,0.9965871,2.0046937,0.49712685
1986-12-16 00:00:00,0,0.20360976,1.0001028,2.0030541,0.49928892
1986-12-16 00:00:00,1,0.011215762,0.99980086,2.0069506,0.49816915
1986-12-16 00:00:00,2,0.65267426,1.0011379,2.0007951,0.50037
1986-12-16 00:00:00,3,0.81022483,1.0033702,2.0080948,0.49966276
1986-12-16 00:00:00,4,0.14613383,1.0009007,2.0064278,0.49884713
1986-12-16 00:00:00,5,0.6559234,0.9965227,2.0047152,0.49708942
1987-01-16 00:00:00,0,0.11652215,1.0004598,2.0021644,0.49968913
1987-01-16 00:00:00,1,0.051522873,0.998938,2.0057268,0.4980429
1987-01-16 00:00:00,2,0.38142836,0.9998581,1.9995168,0.5000498
1987-01-16 00:00:00,3,0.22364663,1.0029739,2.0073118,0.49966025
1987-01-16 00:00:00,4,0.023714095,1.000447,2.0063257,0.49864638
1987-01-16 00:00:00,5,1.7824444,0.9969305,2.0040987,0.49744582
1987-02-14 12:00:00,0,1.3713478,1.0004437,2.0021446,0.49968603
1987-02-14 12:00:00,1,0.19674619,0.9989461,2.0057402,0.4980436
1987-02-14 12:00:00,2,0.5956802,0.9998807,1.9994909,0.50006765
1987-02-14 12:00:00,3,0.81922334,1.0030103,2.007321,0.4996761
1987-02-14 12:00:00,4,0.932755,1.0004368,2.0062973,0.49864832
1987-02-14 12:00:00,5,0.4710697,0.99689096,2.0040774,0.49743137
1987-03-16 00:00:00,0,0.90242904,1.0004436,2.0021446,0.49968597
1987-03-16 00:00:00,1,0.055334073,0.9989465,2.00574,0.49804386
1987-03-16 00:00:00,2,0.20517685,0.9998815,1.9994907,0.50006807
1987-03-16 00:00:00,3,0.83187467,1.0030104,2.0073204,0.4996763
1987-03-16 00:00:00,4,0.019086378,1.0004374,2.006297,0.49864867
1987-03-16 00:00:00,5,0.007499419,0.996891,2.0040774,0.4974314
1987-04-15 12:00:00,0,1.599754,0.9998722,2.004154,0.4988999
1987-04-15 12:00:00,1,0.15021089,1.0006343,2.008085,0.49830276
1987-04-15 12:00:00,2,1.3900038,1.0022506,2.0025542,0.50048614
1987-04-15 12:00:00,3,0.50553364,1.0032835,2.008793,0.49944592
1987-04-15 12:00:00,4,0.03351942,1.0014883,2.0067768,0.49905318
1987-04-15 12:00:00,5,0.96519506,0.9965643,2.0056303,0.49688336
1987-05-16 00:00:00,0,0.21685567,1.000254,2.002539,0.49949294
1987-05-16 00:00:00,1,0.14680202,0.9993932,2.0061822,0.49815676
1987-05-16 00:00:00,2,0.031512324,1.000589,1.9999652,0.5003032
1987-05-16 00:00:00,3,2.27263,1.003243,2.0075393,0.49973765
1987-05-16 00:00:00,4,0.20541953,1.0007255,2.0062792,0.49879673
1987-05-16 00:00:00,5,0.43699738,0.99669254,2.0043073,0.49727532
1987-06-15 12:00:00,0,0.3551051,0.99977964,2.0048997,0.49866813
1987-06-15 12:00:00,1,0.041403674,1.001143,2.00864,0.4984183
1987-06-15 12:00:00,2,0.31750727,1.0028917,2.0038152,0.5004911
1987-06-15 12:00:00,3,0.09838286,1.002988,2.009074,0.49922898
1987-06-15 12:00:00,4,0.54630667,1.0019506,2.0070598,0.49921313
1987-06-15 12:00:00,5,0.47018015,0.99681574,2.0062988,0.49684313
1987-07-16 00:00:00,0,0.13238198,0.998281,2.0023313,0.49855936
1987-07-16 00:00:00,1,0.024546813,1.0007648,2.0079885,0.49839175
1987-07-16 00:00:00,2,0.11268998,1.0029597,2.009533,0.49910092
1987-07-16 00:00:00,3,0.34136403,0.9980975,2.0076978,0.4971353
1987-07-16 00:00:00,4,0.23687062,1.001051,2.0036485,0.49961406
1987-07-16 00:00:00,5,0.17801106,0.9975828,2.0059793,0.49730462
1987-08-16 00:00:00,0,0.0010887157,0.9930602,1.976521,0.50242835
1987-08-16 00:00:00,1,0.66156036,0.99167067,1.9879113,0.49885055
1987-08-16 00:00:00,2,0.7239552,0.99770707,1.9938986,0.50038004
1987-08-16 00:00:00,3,0.15245932,0.99372953,1.9894518,0.49949917
1987-08-16 00:00:00,4,0.2003684,0.9923989,1.9813625,0.50086695
1987-08-16 00:00:00,5,0.245329,0.99064964,1.9856427,0.4989063
1987-09-15 12:00:00,0,1.296829,0.9950689,1.986856,0.5008259
1987-09-15 12:00:00,1,0.831141,0.995333,1.9962641,0.49859786
1987-09-15 12:00:00,2,0.62624186,0.9996887,2.0012486,0.4995325
1987-09-15 12:00:00,3,0.05879866,0.99479777,1.996998,0.49814662
1987-09-15 12:00:00,4,0.6834945,0.9957461,1.9902112,0.5003218
1987-09-15 12:00:00,5,0.5425098,0.99372077,1.9941424,0.49831986
1987-10-16 00:00:00,0,0.66348666,1.0000457,2.0025659,0.49938217
1987-10-16 00:00:00,1,0.6381143,0.99961674,2.006673,0.4981463
1987-10-16 00:00:00,2,0.57068646,1.0009863,2.000091,0.5004704
1987-10-16 00:00:00,3,0.591766,1.0036352,2.007913,0.49983993
1987-10-16 00:00:00,4,0.8384866,1.0006635,2.0060906,0.4988127
1987-10-16 00:00:00,5,0.68771124,0.9962392,2.004282,0.4970554
1987-11-15 12:00:00,0,0.27893582,1.00026,2.0023873,0.49953374
1987-11-15 12:00:00,1,0.062156487,0.99928397,2.0061834,0.498102
1987-11-15 12:00:00,2,0.69796276,1.0004307,1.9998122,0.5002623
1987-11-15 12:00:00,3,0.4710251,1.0032912,2.0075932,0.4997483
1987-11-15 12:00:00,4,0.4150797,1.0005774,2.0062246,0.4987365
1987-11-15 12:00:00,5,0.2673721,0.99660826,2.004202,0.4972594
1987-12-16 00:00:00,0,0.55525714,1.0005145,2.0021882,0.49971053
1987-12-16 00:00:00,1,0.29308218,0.99888766,2.005661,0.49803415
1987-12-16 00:00:00,2,0.1178902,0.99975234,1.9995524,0.49998808
1987-12-16 00:00:00,3,0.29092485,1.0028626,2.007271,0.49961492
1987-12-16 00:00:00,4,0.91161555,1.000456,2.0064,0.49863234
1987-12-16 00:00:00,5,0.21707058,0.9970479,2.00414,0.49749416
1988-01-16 00:00:00,0,1.0904318,1.0005107,2.0021822,0.4997101
1988-01-16 00:00:00,1,0.035408754,0.99888915,2.0056612,0.49803483
1988-01-16 00:00:00,2,0.1879815,0.99975765,1.9995432,0.49999303
1988-01-16 00:00:00,3,0.10838005,1.0028712,2.0072706,0.4996193
1988-01-16 00:00:00,4,0.22804587,1.0004537,2.0063922,0.49863318
1988-01-16 00:00:00,5,1.5538056,0.99703884,2.0041332,0.4974913
1988-02-15 00:00:00,0,0.017369004,0.9996548,2.0042884,0.49875796
1988-02-15 00:00:00,1,0.0044096014,1.0008923,2.008807,0.4982521
1988-02-15 00:00:00,2,0.81361264,1.0026337,2.0030837,0.5005451
1988-02-15 00:00:00,3,0.20287712,1.0035319,2.0093672,0.49942684
1988-02-15 00:00:00,4,0.017008604,1.0014073,2.006664,0.4990408
1988-02-15 00:00:00,5,0.2851353,0.99616086,2.0057847,0.49664396
1988-03-16 00:00:00,0,0.54341227,0.99891,2.005188,0.49816278
1988-03-16 00:00:00,1,0.06130102,1.0017987,2.0106847,0.4982376
1988-03-16 00:00:00,2,0.3386342,1.0037543,2.0087955,0.49967965
1988-03-16 00:00:00,3,0.6943519,1.0008521,2.0103955,0.4978384
1988-03-16 00:00:00,4,2.2237954,1.0017166,2.0063102,0.49928302
1988-03-16 00:00:00,5,2.6178625,0.997016,2.0075042,0.49664453
1988-04-15 12:00:00,0,0.00027981686,1.0003525,2.0021703,0.49963406
1988-04-15 12:00:00,1,1.1674874,0.9990656,2.0058906,0.49806583
1988-04-15 12:00:00,2,0.13987903,1.0000993,1.9995184,0.5001701
1988-04-15 12:00:00,3,0.9470651,1.003177,2.0074112,0.4997367
1988-04-15 12:00:00,4,0.012338053,1.0004598,2.0062082,0.49868193
1988-04-15 12:00:00,5,0.051983606,0.99671936,2.0040615,0.4973497
1988-05-16 00:00:00,0,0.5983937,0.9999014,2.0041065,0.49892628
1988-05-16 00:00:00,1,0.50094664,1.0005618,2.0080738,0.49826944
1988-05-16 00:00:00,2,0.30951276,1.0021309,2.002494,0.5004414
1988-05-16 00:00:00,3,0.59882396,1.0032723,2.0088184,0.49943405
1988-05-16 00:00:00,4,0.13889192,1.0014199,2.0067964,0.4990142
1988-05-16 00:00:00,5,0.35777617,0.9965682,2.0055993,0.496893
1988-06-15 12:00:00,0,0.35078385,0.99978596,2.004572,0.49875286
1988-06-15 12:00:00,1,0.15190746,1.000945,2.0085163,0.49835044
1988-06-15 12:00:00,2,1.9511861,1.0026491,2.003324,0.5004927
1988-06-15 12:00:00,3,0.57800984,1.0031754,2.009057,0.49932647
1988-06-15 12:00:00,4,1.8569031,1.0017115,2.0069098,0.4991313
1988-06-15 12:00:00,5,0.32424957,0.996619,2.0060148,0.49681535
1988-07-16 00:00:00,0,0.33729228,0.9983073,2.0026567,0.49849147
1988-07-16 00:00:00,1,1.0701565,1.0009055,2.0084608,0.49834457
1988-07-16 00:00:00,2,0.17205492,1.0030808,2.0095267,0.49916273
1988-07-16 00:00:00,3,0.32446504,0.998413,2.0081346,0.4971843
1988-07-16 00:00:00,4,0.083628476,1.0010474,2.0039084,0.49954748
1988-07-16 00:00:00,5,0.06368604,0.997468,2.0061219,0.49721205
1988-08-16 00:00:00,0,1.2334075,0.99956983,2.0063062,0.498214
1988-08-16 00:00:00,1,1.0567657,1.0019704,2.0101588,0.49845338
1988-08-16 00:00:00,2,0.12683785,1.003713,2.007675,0.499938
1988-08-16 00:00:00,3,0.9072281,1.0014155,2.010016,0.4982127
1988-08-16 00:00:00,4,0.28574532,1.0025561,2.0076177,0.499376
1988-08-16 00:00:00,5,0.026847083,0.9977054,2.0079842,0.49686915
1988-09-15 12:00:00,0,0.794158,0.9978902,2.0012336,0.49863753
1988-09-15 12:00:00,1,0.06412281,1.0005585,2.0076919,0.49836257
1988-09-15 12:00:00,2,0.56056947,1.0030402,2.008858,0.49930868
1988-09-15 12:00:00,3,0.38682655,0.99832636,2.0073996,0.4973232
1988-09-15 12:00:00,4,0.11639317,1.0005566,2.0025861,0.49963224
1988-09-15 12:00:00,5,0.3398325,0.99688584,2.0051124,0.49717206
1988-10-16 00:00:00,0,0.2483307,0.9966923,1.9946882,0.49967325
1988-10-16 00:00:00,1,0.5815125,0.9981408,2.0028484,0.49836063
1988-10-16 00:00:00,2,0.24914017,1.0011476,2.0060124,0.49907348
1988-10-16 00:00:00,3,0.20102976,0.9962254,2.0028424,0.4974058
1988-10-16 00:00:00,4,0.46076804,0.99824816,1.99706,0.4998589
1988-10-16 00:00:00,5,0.51572233,0.99564755,2.0003254,0.49774277
1988-11-15 12:00:00,0,0.6785666,1.0004936,2.0021157,0.4997182
1988-11-15 12:00:00,1,0.28361553,0.9989343,2.0056443,0.49806157
1988-11-15 12:00:00,2,0.052064076,0.99977887,1.9994636,0.50002354
1988-11-15 12:00:00,3,0.33915424,1.0028846,2.0071604,0.49965346
1988-11-15 12:00:00,4,0.33990285,1.000467,2.0062954,0.4986638
1988-11-15 12:00:00,5,0.03253544,0.99698496,2.0040412,0.49748725
1988-12-16 00:00:00,0,0.97734517,1.0004214,2.002128,0.49967906
1988-12-16 00:00:00,1,0.57691395,0.9989753,2.0057642,0.49805218
1988-12-16 00:00:00,2,0.09064503,0.9999238,1.9994702,0.50009435
1988-12-16 00:00:00,3,0.67605734,1.00305,2.0073156,0.49969718
1988-12-16 00:00:00,4,0.4386764,1.0004387,2.006255,0.49865982
1988-12-16 00:00:00,5,1.2721486,0.9968408,2.0040493,0.4974133
1989-01-16 00:00:00,0,0.109970205,1.0000943,2.0032163,0.4992443
1989-01-16 00:00:00,1,0.008625169,0.9998977,2.0070767,0.49818608
1989-01-16 00:00:00,2,0.3695624,1.0012512,2.0010326,0.5003673
1989-01-16 00:00:00,3,0.36542773,1.0033267,2.0081673,0.49962306
1989-01-16 00:00:00,4,0.018783588,1.0009884,2.0065053,0.49887154
1989-01-16 00:00:00,5,3.0447798,0.9965672,2.0048485,0.49707857
1989-02-14 12:00:00,0,0.4105116,1.000195,2.00256,0.49945822
1989-02-14 12:00:00,1,0.10537878,0.99945337,2.0063791,0.49813783
1989-02-14 12:00:00,2,0.4868109,1.0006864,2.0000408,0.500333
1989-02-14 12:00:00,3,0.029149992,1.003357,2.0077033,0.49975365
1989-02-14 12:00:00,4,0.0027878876,1.0006856,2.0062425,0.49878594
1989-02-14 12:00:00,5,0.09193386,0.9965502,2.0043168,0.49720195
1989-03-16 00:00:00,0,1.079703,1.0005665,2.0022333,0.49972522
1989-03-16 00:00:00,1,0.021211399,0.998852,2.0056086,0.49802938
1989-03-16 00:00:00,2,0.27181584,0.9996674,1.9996129,0.49993047
1989-03-16 00:00:00,3,0.56695986,1.0027503,2.0072367,0.49956754
1989-03-16 00:00:00,4,0.2095636,1.0004784,2.0064821,0.49862313
1989-03-16 00:00:00,5,0.3114783,0.99716824,2.0041955,0.4975404
1989-04-15 12:00:00,0,0.083165444,0.9999378,2.0037947,0.49902207
1989-04-15 12:00:00,1,0.5390039,1.000361,2.0078049,0.49823615
1989-04-15 12:00:00,2,0.2785909,1.0018786,2.0019913,0.5004411
1989-04-15 12:00:00,3,0.30288324,1.0033635,2.0086563,0.49951977
1989-04-15 12:00:00,4,0.16344626,1.0012549,2.0066671,0.49896413
1989-04-15 12:00:00,5,0.9897684,0.99648863,2.005334,0.49691907
1989-05-16 00:00:00,0,1.2433089,1.0000658,2.0034552,0.49917054
1989-05-16 00:00:00,1,0.06986337,1.0000932,2.0070753,0.49828386
1989-05-16 00:00:00,2,1.5901656,1.0015504,2.0012784,0.5004553
1989-05-16 00:00:00,3,0.58870125,1.0032668,2.0080745,0.49961632
1989-05-16 00:00:00,4,0.40763515,1.0012364,2.0065665,0.49897993
1989-05-16 00:00:00,5,0.8916639,0.9966849,2.0050113,0.4970969
1989-06-15 12:00:00,0,0.23927194,0.99989015,2.0051045,0.49867234
1989-06-15 12:00:00,1,1.0147966,1.001105,2.0086875,0.4983876
1989-06-15 12:00:00,2,0.3153819,1.0027332,2.0041494,0.5003286
1989-06-15 12:00:00,3,0.39667258,1.0027028,2.009136,0.49907166
1989-06-15 12:00:00,4,0.19500858,1.0020022,2.0073094,0.49917677
1989-06-15 12:00:00,5,0.93576616,0.99710023,2.0065181,0.4969306
1989-07-16 00:00:00,0,0.15169165,0.99209034,1.9716301,0.50318277
1989-07-16 00:00:00,1,0.40913352,0.99000794,1.983578,0.49910212
1989-07-16 00:00:00,2,0.9560591,0.99699193,1.9901248,0.5009695
1989-07-16 00:00:00,3,1.1583294,0.99331355,1.98548,0.5002889
1989-07-16 00:00:00,4,0.45762524,0.99101776,1.9770733,0.5012549
1989-07-16 00:00:00,5,0.98490584,0.98921657,1.9814699,0.49923372
1989-08-16 00:00:00,0,0.9893282,0.99965364,2.0055485,0.49844402
1989-08-16 00:00:00,1,0.27083418,1.0015347,2.0095606,0.49838492
1989-08-16 00:00:00,2,0.14847557,1.0032984,2.0054379,0.50028896
1989-08-16 00:00:00,3,1.1309474,1.0025629,2.0097468,0.49885035
1989-08-16 00:00:00,4,0.51234573,1.0021278,2.007324,0.4992357
1989-08-16 00:00:00,5,0.30725366,0.99697334,2.0070214,0.49674276
1989-09-15 12:00:00,0,0.3453637,1.0002657,2.0022964,0.49955925
1989-09-15 12:00:00,1,0.39620894,0.99923104,2.0061078,0.49809438
1989-09-15 12:00:00,2,0.73424727,1.0003656,1.9996862,0.5002613
1989-09-15 12:00:00,3,0.50573474,1.0033065,2.0075445,0.499768
1989-09-15 12:00:00,4,0.24867153,1.000532,2.0061803,0.49872488
1989-09-15 12:00:00,5,0.3545045,0.9965896,2.00413,0.49726796
1989-10-16 00:00:00,0,0.7603243,1.0002882,2.0023487,0.49955747
1989-10-16 00:00:00,1,0.6914915,0.99923265,2.0061078,0.49809518
1989-10-16 00:00:00,2,0.943529,1.0003484,1.9997568,0.500235
1989-10-16 00:00:00,3,0.00027540833,1.0032486,2.0075438,0.49973932
1989-10-16 00:00:00,4,0.32521644,1.000559,2.006234,0.49872497
1989-10-16 00:00:00,5,1.7355584,0.9966529,2.0041807,0.49728695
1989-11-15 12:00:00,0,0.7900806,1.000104,2.00314,0.49926814
1989-11-15 12:00:00,1,0.35488233,0.99985975,2.0069332,0.4982028
1989-11-15 12:00:00,2,0.040576838,1.0012217,2.00088,0.50039065
1989-11-15 12:00:00,3,1.3151377,1.0033321,2.0080495,0.4996551
1989-11-15 12:00:00,4,0.38586214,1.0009907,2.006462,0.49888346
1989-11-15 12:00:00,5,0.8880548,0.9965832,2.0047774,0.49710417
1989-12-16 00:00:00,0,0.43410304,0.9903469,1.962231,0.50470454
1989-12-16 00:00:00,1,0.081121445,0.98661005,1.9757867,0.4993505
1989-12-16 00:00:00,2,0.32140368,0.9951501,1.9829044,0.50186485
1989-12-16 00:00:00,3,0.7214757,0.9927849,1.9785113,0.5017838
1989-12-16 00:00:00,4,0.21845642,0.9879955,1.969077,0.50175565
1989-12-16 00:00:00,5,0.31384298,0.98618585,1.9735157,0.49971014
1990-01-16 00:00:00,0,0.07698942,1.0004112,2.0021367,0.49967176
1990-01-16 00:00:00,1,0.15284449,0.99897844,2.0057883,0.4980478
1990-01-16 00:00:00,2,0.72069657,0.99994516,1.9994804,0.5001025
1990-01-16 00:00:00,3,0.30014488,1.0030755,2.0073526,0.4997007
1990-01-16 00:00:00,4,0.03743164,1.0004321,2.0062573,0.49865595
1990-01-16 00:00:00,5,0.24581861,0.9968214,2.0040586,0.49740133
1990-02-14 12:00:00,0,0.60388994,1.000373,2.0021863,0.49964032
1990-02-14 12:00:00,1,0.4401103,0.9990507,2.0058684,0.49806392
1990-02-14 12:00:00,2,0.5418078,1.0000647,1.9995399,0.50014746
1990-02-14 12:00:00,3,0.0054620462,1.0031332,2.0073965,0.49971852
1990-02-14 12:00:00,4,1.5033646,1.0004679,2.0062397,0.49867815
1990-02-14 12:00:00,5,0.3993146,0.9967664,2.004082,0.49736807
1990-03-16 00:00:00,0,0.77271074,1.0001131,2.0028458,0.49934605
1990-03-16 00:00:00,1,0.48046273,0.9996904,2.0067365,0.49816725
1990-03-16 00:00:00,2,1.0145975,1.0010182,2.0004656,0.50039256
1990-03-16 00:00:00,3,0.23184322,1.0034201,2.0079393,0.4997263
1990-03-16 00:00:00,4,0.06808673,1.0008216,2.0063148,0.49883577
1990-03-16 00:00:00,5,0.37841278,0.99648124,2.004533,0.49711388
1990-04-15 12:00:00,0,1.0742859,1.0001123,2.0028975,0.49933273
1990-04-15 12:00:00,1,0.12448555,0.9997383,2.0066752,0.49820632
1990-04-15 12:00:00,2,0.39777833,1.0010968,2.0004911,0.5004255
1990-04-15 12:00:00,3,0.8452825,1.0033926,2.0078561,0.4997333
1990-04-15 12:00:00,4,0.76052743,1.0009072,2.0063236,0.49887624
1990-04-15 12:00:00,5,0.9873418,0.9965351,2.0045621,0.49713355
1990-05-16 00:00:00,0,1.5466651,1.0003556,2.0021904,0.49963063
1990-05-16 00:00:00,1,0.16183698,0.9990723,2.005899,0.4980671
1990-05-16 00:00:00,2,1.168274,1.0001045,1.9995453,0.500166
1990-05-16 00:00:00,3,0.28706858,1.0031654,2.007416,0.4997297
1990-05-16 00:00:00,4,0.41888326,1.0004703,2.0062227,0.49868354
1990-05-16 00:00:00,5,0.011784577,0.9967327,2.0040784,0.49735215
1990-06-15 12:00:00,0,0.413387,0.9955901,1.9893428,0.5004618
1990-06-15 12:00:00,1,0.49544537,0.99613005,1.9984348,0.4984551
1990-06-15 12:00:00,2,0.051299974,1.00004,2.0028827,0.49930036
1990-06-15 12:00:00,3,1.2359146,0.99511355,1.9990053,0.49780434
1990-06-15 12:00:00,4,0.26373085,0.9964262,1.992444,0.50010246
1990-06-15 12:00:00,5,0.70764357,0.99442345,1.9961449,0.498172
1990-07-16 00:00:00,0,0.08725408,0.9997527,2.0060713,0.4983635
1990-07-16 00:00:00,1,0.878687,1.0017136,2.0096292,0.49845693
1990-07-16 00:00:00,2,1.9435064,1.0034,2.006438,0.5000902
1990-07-16 00:00:00,3,0.1528512,1.0018754,2.0096924,0.49852175
1990-07-16 00:00:00,4,0.18074141,1.0024847,2.0076876,0.49932304
1990-07-16 00:00:00,5,1.6245333,0.99761075,2.00758,0.49692202
1990-08-16 00:00:00,0,0.46453312,0.99933976,2.0060449,0.4981642
1990-08-16 00:00:00,1,0.26087672,1.0019894,2.0103118,0.49842486
1990-08-16 00:00:00,2,0.45133385,1.003802,2.0085218,0.4997715
1990-08-16 00:00:00,3,0.17539042,1.0009023,2.0100522,0.4979484
1990-08-16 00:00:00,4,0.30221733,1.0024157,2.0072064,0.49940836
1990-08-16 00:00:00,5,0.37565905,0.99768716,2.0080209,0.496851
1990-09-15 12:00:00,0,0.042506326,0.99962276,2.0052075,0.49851337
1990-09-15 12:00:00,1,0.43641964,1.0014071,2.0093772,0.49836692
1990-09-15 12:00:00,2,2.1957572,1.0032042,2.0048127,0.500398
1990-09-15 12:00:00,3,0.7390633,1.0028648,2.0096428,0.49902642
1990-09-15 12:00:00,4,0.35947856,1.0019577,2.0071044,0.49920556
1990-09-15 12:00:00,5,0.83845145,0.99671555,2.0066845,0.49669766
1990-10-16 00:00:00,0,0.14875174,0.9986867,2.0041652,0.49830556
1990-10-16 00:00:00,1,0.5175768,1.0013062,2.010236,0.4981038
1990-10-16 00:00:00,2,1.1606907,1.0031475,2.0097537,0.49913952
1990-10-16 00:00:00,3,0.28318286,0.99961877,2.0099807,0.49732754
1990-10-16 00:00:00,4,0.41746482,1.0012002,2.0054688,0.49923497
1990-10-16 00:00:00,5,0.116660595,0.99717766,2.007226,0.49679393
1990-11-15 12:00:00,0,0.27651978,0.9996551,2.0056067,0.4984303
1990-11-15 12:00:00,1,0.05891552,1.0015104,2.009855,0.4982998
1990-11-15 12:00:00,2,0.8170986,1.0031871,2.0058033,0.5001423
1990-11-15 12:00:00,3,0.64511913,1.0024296,2.010034,0.49871275
1990-11-15 12:00:00,4,0.18829615,1.0020163,2.0074072,0.49915946
1990-11-15 12:00:00,5,0.24555641,0.9969921,2.007169,0.49671558
1990-12-16 00:00:00,0,0.904,1.0000428,2.0034194,0.49916798
1990-12-16 00:00:00,1,0.13895428,1.0000607,2.0072975,0.4982125
1990-12-16 00:00:00,2,0.26518986,1.0014801,2.0013418,0.5004043
1990-12-16 00:00:00,3,0.44723588,1.0033395,2.0083077,0.49959454
1990-12-16 00:00:00,4,0.13497768,1.0010973,2.006562,0.49891174
1990-12-16 00:00:00,5,0.2240473,0.9965534,2.0050116,0.49703127
1991-01-16 00:00:00,0,0.6336872,0.99933463,2.0057716,0.4982295
1991-01-16 00:00:00,1,0.5749158,1.0017353,2.0108845,0.49815658
1991-01-16 00:00:00,2,0.24381375,1.0033951,2.008142,0.4996634
1991-01-16 00:00:00,3,0.40077674,1.001406,2.0107727,0.49802047
1991-01-16 00:00:00,4,0.20740728,1.0018479,2.0072048,0.4991259
1991-01-16 00:00:00,5,0.04184947,0.9971395,2.0078073,0.4966311
1991-02-14 12:00:00,0,0.36913848,1.00018,2.0023844,0.4994945
1991-02-14 12:00:00,1,0.44300824,0.99936837,2.0063357,0.49810624
1991-02-14 12:00:00,2,0.9068415,1.0005885,1.9998254,0.50033796
1991-02-14 12:00:00,3,0.09168385,1.0034463,2.0077024,0.49979836
1991-02-14 12:00:00,4,0.38612434,1.0005625,2.00614,0.49875012
1991-02-14 12:00:00,5,0.12321942,0.99643666,2.004176,0.49718025
1991-03-16 00:00:00,0,0.03764546,1.0006464,2.0023265,0.49974185
1991-03-16 00:00:00,1,0.23613088,0.9988114,2.0055366,0.49802703
1991-03-16 00:00:00,2,0.3057621,0.99955505,1.9997352,0.4998437
1991-03-16 00:00:00,3,0.17774259,1.0025702,2.0071855,0.49949053
1991-03-16 00:00:00,4,0.069761775,1.0005302,2.0066197,0.4986148
1991-03-16 00:00:00,5,0.01373606,0.9973646,2.0042992,0.49761263
1991-04-15 12:00:00,0,0.2154004,0.9999426,2.0039177,0.49899384
1991-04-15 12:00:00,1,1.4231135,1.0004301,2.0078266,0.4982652
1991-04-15 12:00:00,2,0.45719385,1.0019649,2.0021505,0.50044435
1991-04-15 12:00:00,3,0.20367566,1.0032922,2.008642,0.49948782
1991-04-15 12:00:00,4,0.5472328,1.0013516,2.0067291,0.49899688
1991-04-15 12:00:00,5,0.50159764,0.9965754,2.005433,0.49693775
1991-05-16 00:00:00,0,0.3676219,1.0000787,2.0034237,0.49918482
1991-05-16 00:00:00,1,0.41453993,1.0000508,2.0070946,0.4982579
1991-05-16 00:00:00,2,0.525453,1.0014762,2.001261,0.5004226
1991-05-16 00:00:00,3,1.3435254,1.0032634,2.008114,0.49960476
1991-05-16 00:00:00,4,1.0659475,1.0011845,2.0065753,0.49895185
1991-05-16 00:00:00,5,0.015070466,0.99667436,2.0049999,0.49709448
1991-06-15 12:00:00,0,0.24404162,0.9996335,2.0059628,0.498331
1991-06-15 12:00:00,1,1.4627234,1.0017164,2.0100565,0.49835235
1991-06-15 12:00:00,2,0.35544118,1.0034041,2.0066822,0.5000314
1991-06-15 12:00:00,3,0.72558314,1.0019715,2.010094,0.49846998
1991-06-15 12:00:00,4,0.62074727,1.0022523,2.0075586,0.4992394
1991-06-15 12:00:00,5,0.1604112,0.9973295,2.0075777,0.4967825
1991-07-16 00:00:00,0,1.2352461,0.9981317,2.0016453,0.49865562
1991-07-16 00:00:00,1,0.374509,1.0005071,2.0077858,0.49831367
1991-07-16 00:00:00,2,0.057314653,1.0026869,2.0094485,0.4989861
1991-07-16 00:00:00,3,0.19723113,0.9978009,2.0075064,0.49703497
1991-07-16 00:00:00,4,0.15098083,1.000662,2.0030875,0.4995598
1991-07-16 00:00:00,5,0.36461896,0.9974557,2.0055497,0.4973478
1991-08-16 00:00:00,0,1.7268913,0.9997124,2.0063322,0.49827862
1991-08-16 00:00:00,1,0.14924707,1.0018356,2.0099583,0.498436
1991-08-16 00:00:00,2,0.15656939,1.0034745,2.0074124,0.49988455
1991-08-16 00:00:00,3,0.6450562,1.0014133,2.009912,0.4982374
1991-08-16 00:00:00,4,0.42135268,1.0025615,2.0077953,0.49933448
1991-08-16 00:00:00,5,0.728361,0.9978347,2.0079656,0.49693814
1991-09-15 12:00:00,0,1.456317,0.9993813,2.0060027,0.4981954
1991-09-15 12:00:00,1,0.08565659,1.0020305,2.010126,0.49849135
1991-09-15 12:00:00,2,1.1886046,1.003988,2.0072174,0.500189
1991-09-15 12:00:00,3,0.7518201,1.001858,2.009961,0.49844652
1991-09-15 12:00:00,4,0.20298983,1.0024661,2.0072272,0.4994283
1991-09-15 12:00:00,5,0.8559216,0.99723876,2.0076451,0.49672064
1991-10-16 00:00:00,0,0.413231,1.0002376,2.0024443,0.49950832
1991-10-16 00:00:00,1,0.27502325,0.9993436,2.0062375,0.49811828
1991-10-16 00:00:00,2,0.5475326,1.0005227,1.9998815,0.500291
1991-10-16 00:00:00,3,0.2244546,1.0033143,2.0076177,0.49975362
1991-10-16 00:00:00,4,0.0014633437,1.0006205,2.0062273,0.4987573
1991-10-16 00:00:00,5,0.013663983,0.9965906,2.0042381,0.49724162
1991-11-15 12:00:00,0,0.19396903,1.0000492,2.0034518,0.4991631
1991-11-15 12:00:00,1,0.054548666,1.000082,2.0072465,0.49823576
1991-11-15 12:00:00,2,0.33298376,1.001514,2.0013547,0.500418
1991-11-15 12:00:00,3,0.189793,1.00331,2.0082471,0.49959487
1991-11-15 12:00:00,4,0.18473172,1.0011501,2.0065746,0.4989349
1991-11-15 12:00:00,5,0.07914112,0.99660087,2.0050304,0.49705026
1991-12-16 00:00:00,0,0.7663204,1.0003077,2.0021996,0.49960437
1991-12-16 00:00:00,1,1.0276431,0.99913013,2.0059903,0.49807328
1991-12-16 00:00:00,2,0.23095399,1.0002096,1.9995621,0.5002143
1991-12-16 00:00:00,3,1.5615569,1.0032557,2.007478,0.49975926
1991-12-16 00:00:00,4,0.63563395,1.0004712,2.0061765,0.49869552
1991-12-16 00:00:00,5,0.6182693,0.99663556,2.0040696,0.49730587
1992-01-16 00:00:00,0,0.27747592,1.0001096,2.0026815,0.49938524
1992-01-16 00:00:00,1,0.019542797,0.99960214,2.00666,0.49814227
1992-01-16 00:00:00,2,0.8620476,1.0009134,2.0002499,0.50039417
1992-01-16 00:00:00,3,0.35517058,1.0034842,2.0079072,0.49976626
1992-01-16 00:00:00,4,0.345854,1.0007166,2.0062265,0.49880537
1992-01-16 00:00:00,5,0.324725,0.9964015,2.0043993,0.4971073
1992-02-15 00:00:00,0,0.039052684,1.0005459,2.002204,0.49972224
1992-02-15 00:00:00,1,0.26075226,0.99886,2.0056229,0.49802983
1992-02-15 00:00:00,2,0.54513747,0.9996937,1.9995744,0.49995324
1992-02-15 00:00:00,3,0.7917371,1.0027982,2.007247,0.49958885
1992-02-15 00:00:00,4,0.06139462,1.0004627,2.0064435,0.4986249
1992-02-15 00:00:00,5,0.025364136,0.99711615,2.0041645,0.49752212
1992-03-16 00:00:00,0,1.0245768,1.0003778,2.0021029,0.49966353
1992-03-16 00:00:00,1,0.39324695,0.9989994,2.0058162,0.49805132
1992-03-16 00:00:00,2,0.072312854,0.99999815,1.999434,0.5001406
1992-03-16 00:00:00,3,0.6609698,1.0031484,2.00737,0.4997327
1992-03-16 00:00:00,4,0.12028946,1.0004168,2.0062015,0.49866214
1992-03-16 00:00:00,5,0.115223855,0.99674344,2.004019,0.49737224
1992-04-15 12:00:00,0,0.29220513,0.99958795,2.005479,0.4984285
1992-04-15 12:00:00,1,1.7967612,1.0014832,2.0101018,0.49822512
1992-04-15 12:00:00,2,0.34275284,1.0031619,2.0057535,0.50014216
1992-04-15 12:00:00,3,0.14728527,1.0026066,2.0102868,0.4987381
1992-04-15 12:00:00,4,0.1969438,1.0018321,2.0073097,0.49909195
1992-04-15 12:00:00,5,0.32336855,0.9967452,2.00709,0.4966121
1992-05-16 00:00:00,0,0.72066325,0.99907446,2.0054955,0.49816838
1992-05-16 00:00:00,1,0.14066061,1.0018812,2.0102887,0.4983768
1992-05-16 00:00:00,2,0.23234996,1.0037603,2.009203,0.49958137
1992-05-16 00:00:00,3,0.37854844,1.0002807,2.00994,0.49766698
1992-05-16 00:00:00,4,0.17770386,1.0021303,2.0065823,0.49942148
1992-05-16 00:00:00,5,0.32879147,0.997665,2.007843,0.49688396
1992-06-15 12:00:00,0,0.3651279,1.0001036,2.003593,0.49915507
1992-06-15 12:00:00,1,0.67256993,1.0001152,2.0071518,0.4982758
1992-06-15 12:00:00,2,0.27050316,1.0015311,2.001497,0.500391
1992-06-15 12:00:00,3,0.71756667,1.0031527,2.0081382,0.49954367
1992-06-15 12:00:00,4,0.08557986,1.0012852,2.006692,0.49897304
1992-06-15 12:00:00,5,0.006111543,0.99679756,2.0051503,0.49711862
1992-07-16 00:00:00,0,0.35661927,0.99938756,2.0051248,0.49841663
1992-07-16 00:00:00,1,1.6730934,1.0016018,2.0097668,0.4983672
1992-07-16 00:00:00,2,0.36686006,1.0035703,2.005026,0.5005273
1992-07-16 00:00:00,3,0.5383028,1.0030806,2.0099092,0.49906763
1992-07-16 00:00:00,4,0.86716765,1.0018786,2.0068138,0.49923846
1992-07-16 00:00:00,5,0.34544337,0.9963448,2.0066435,0.49652308
1992-08-16 00:00:00,0,1.0680761,0.9993067,2.00608,0.49813902
1992-08-16 00:00:00,1,0.12775409,1.0020038,2.010317,0.49843073
1992-08-16 00:00:00,2,0.014792232,1.0037756,2.0091794,0.4995948
1992-08-16 00:00:00,3,0.67297953,1.0003977,2.009991,0.49771252
1992-08-16 00:00:00,4,0.34999797,1.0024524,2.0071614,0.49943787
1992-08-16 00:00:00,5,0.19978632,0.9979443,2.0081968,0.4969355
1992-09-15 12:00:00,0,0.2510253,0.9964577,1.9941438,0.499692
1992-09-15 12:00:00,1,0.4019676,0.9979873,2.0020044,0.49849406
1992-09-15 12:00:00,2,0.49402097,1.0014143,2.0055933,0.49931076
1992-09-15 12:00:00,3,0.7963971,0.9961491,2.0021682,0.4975352
1992-09-15 12:00:00,4,1.1655914,0.99823236,1.9964249,0.50000995
1992-09-15 12:00:00,5,0.24401163,0.9955688,1.9998202,0.49782914
1992-10-16 00:00:00,0,0.13417198,1.0002319,2.0023785,0.49952188
1992-10-16 00:00:00,1,0.7915783,0.99931,2.0062299,0.49810344
1992-10-16 00:00:00,2,0.43306655,1.0004823,1.9998055,0.5002898
1992-10-16 00:00:00,3,0.018116629,1.0033473,2.007626,0.49976802
1992-10-16 00:00:00,4,0.52928287,1.0005692,2.00619,0.498741
1992-10-16 00:00:00,5,0.39944118,0.99654627,2.0041864,0.49723232
1992-11-15 12:00:00,0,1.1135974,0.99905616,2.005384,0.49818698
1992-11-15 12:00:00,1,0.771055,1.0017216,2.0107255,0.49818915
1992-11-15 12:00:00,2,0.006931659,1.0034623,2.0095346,0.4993506
1992-11-15 12:00:00,3,0.1318293,1.0002093,2.0104256,0.49751124
1992-11-15 12:00:00,4,0.4544799,1.0017892,2.006599,0.49924734
1992-11-15 12:00:00,5,0.06679294,0.9975067,2.0078897,0.49679354
1992-12-16 00:00:00,0,1.5999187,1.0006077,2.0022814,0.4997338
1992-12-16 00:00:00,1,0.25165445,0.99883103,2.005571,0.49802828
1992-12-16 00:00:00,2,0.38090277,0.9996094,1.9996759,0.4998857
1992-12-16 00:00:00,3,0.19735071,1.002657,2.0072095,0.49952784
1992-12-16 00:00:00,4,0.09227987,1.0005053,2.0065532,0.4986189
1992-12-16 00:00:00,5,1.7396406,0.9972699,2.0042489,0.4975779
1993-01-16 00:00:00,0,0.5770331,1.00063,2.0023055,0.49973893
1993-01-16 00:00:00,1,0.2754684,0.9988186,2.005551,0.498027
1993-01-16 00:00:00,2,0.6203184,0.99957657,1.9997083,0.49986118
1993-01-16 00:00:00,3,0.117272064,1.0026075,2.0071962,0.49950647
1993-01-16 00:00:00,4,0.71841544,1.0005181,2.0065908,0.4986159
1993-01-16 00:00:00,5,0.8148312,0.99732363,2.0042768,0.49759775
1993-02-14 12:00:00,0,1.1464326,1.0005648,2.0022268,0.499726
1993-02-14 12:00:00,1,0.28387466,0.9988506,2.0056071,0.49802902
1993-02-14 12:00:00,2,0.33753285,0.9996671,1.9996048,0.49993235
1993-02-14 12:00:00,3,0.35099325,1.0027553,2.007236,0.4995702
1993-02-14 12:00:00,4,0.18229572,1.000475,2.0064769,0.49862278
1993-02-14 12:00:00,5,0.075917676,0.99716264,2.00419,0.49753898
1993-03-16 00:00:00,0,0.02538938,1.000448,2.0021443,0.49968824
1993-03-16 00:00:00,1,0.46196806,0.9989412,2.0057325,0.49804306
1993-03-16 00:00:00,2,0.6069351,0.99987143,1.9994904,0.5000631
1993-03-16 00:00:00,3,0.09867559,1.0030018,2.0073156,0.4996732
1993-03-16 00:00:00,4,0.59353876,1.0004369,2.0063019,0.49864724
1993-03-16 00:00:00,5,0.048105195,0.9969,2.0040789,0.4974355
1993-04-15 12:00:00,0,0.28006712,0.9999393,2.0043242,0.498891
1993-04-15 12:00:00,1,0.6789495,1.0006288,2.0082006,0.49827135
1993-04-15 12:00:00,2,0.48540592,1.002157,2.0028594,0.5003631
1993-04-15 12:00:00,3,0.5423415,1.0030961,2.0089064,0.49932447
1993-04-15 12:00:00,4,0.10983675,1.0015181,2.006965,0.49902123
1993-04-15 12:00:00,5,0.5065599,0.99673676,2.0058217,0.49692193
1993-05-16 00:00:00,0,0.23599003,1.0000824,2.0030775,0.49927294
1993-05-16 00:00:00,1,0.39179748,0.9998398,2.0069823,0.49818066
1993-05-16 00:00:00,2,0.38000324,1.0012031,2.0008237,0.5003954
1993-05-16 00:00:00,3,0.99652517,1.0033962,2.008107,0.49967268
1993-05-16 00:00:00,4,0.52361274,1.000924,2.0064154,0.49886182
1993-05-16 00:00:00,5,0.081134796,0.996499,2.0047274,0.49707457
1993-06-15 12:00:00,0,0.04260644,1.0000713,2.003025,0.49928048
1993-06-15 12:00:00,1,0.2025897,0.99985516,2.0068076,0.4982317
1993-06-15 12:00:00,2,0.18622425,1.0012698,2.0006664,0.50046813
1993-06-15 12:00:00,3,0.8507923,1.0034207,2.0079286,0.49972928
1993-06-15 12:00:00,4,1.347702,1.0009873,2.0063438,0.49891114
1993-06-15 12:00:00,5,0.41049898,0.9965114,2.0046518,0.4970995
1993-07-16 00:00:00,0,0.71394277,0.989979,1.9604038,0.5049873
1993-07-16 00:00:00,1,0.6240747,0.9860866,1.9741813,0.49949142
1993-07-16 00:00:00,2,0.00952776,0.99499106,1.9814075,0.50216377
1993-07-16 00:00:00,3,0.40713573,0.9926781,1.9769905,0.5021158
1993-07-16 00:00:00,4,1.9327503,0.9876034,1.9675016,0.50195813
1993-07-16 00:00:00,5,0.039919734,0.98565835,1.9720806,0.4998063
1993-08-16 00:00:00,0,0.60037607,0.99730897,1.9977642,0.49921253
1993-08-16 00:00:00,1,1.9056132,0.9991516,2.004746,0.49839312
1993-08-16 00:00:00,2,0.22675858,1.0018876,2.007637,0.4990382
1993-08-16 00:00:00,3,0.33306307,0.9966822,2.0046957,0.49717385
1993-08-16 00:00:00,4,0.043119337,0.9993906,1.9996812,0.49977496
1993-08-16 00:00:00,5,0.45435482,0.99668086,2.002655,0.49767974
1993-09-15 12:00:00,0,0.30881357,0.997168,1.997082,0.4993125
1993-09-15 12:00:00,1,0.41600654,0.99888885,2.0040512,0.49843478
1993-09-15 12:00:00,2,0.0689382,1.0017272,2.0074232,0.4990115
1993-09-15 12:00:00,3,1.4038864,0.9963358,2.0040433,0.4971628
1993-09-15 12:00:00,4,0.22502188,0.99921733,1.9990555,0.49984473
1993-09-15 12:00:00,5,0.24053445,0.9966276,2.0021446,0.49778005
1993-10-16 00:00:00,0,0.15032429,0.9999918,2.003409,0.49914512
1993-10-16 00:00:00,1,2.8656385,1.0001187,2.0073364,0.49823177
1993-10-16 00:00:00,2,0.8766838,1.0015976,2.0013158,0.50046957
1993-10-16 00:00:00,3,0.34317365,1.0034322,2.0083177,0.49963814
1993-10-16 00:00:00,4,0.18957037,1.0011122,2.006493,0.4989363
1993-10-16 00:00:00,5,0.78834784,0.99646074,2.0049803,0.49699277
1993-11-15 12:00:00,0,0.9843805,1.0001719,2.0025902,0.49943912
1993-11-15 12:00:00,1,0.15490058,0.99948955,2.0064676,0.4981339
1993-11-15 12:00:00,2,0.17665386,1.0007396,2.0001004,0.5003447
1993-11-15 12:00:00,3,0.18958677,1.0033951,2.0077732,0.4997552
1993-11-15 12:00:00,4,0.09276095,1.0006844,2.0062394,0.49878612
1993-11-15 12:00:00,5,0.25542808,0.99650264,2.0043395,0.4971726
1993-12-16 00:00:00,0,0.0136142755,1.0003028,2.0022862,0.49958032
1993-12-16 00:00:00,1,0.32050902,0.9991816,2.006052,0.49808362
1993-12-16 00:00:00,2,0.54563284,1.0002748,1.9996768,0.5002182
1993-12-16 00:00:00,3,0.23360445,1.0032399,2.0075138,0.49974245
1993-12-16 00:00:00,4,1.146106,1.0005198,2.0062175,0.49870953
1993-12-16 00:00:00,5,0.38434526,0.9966571,2.0041368,0.4972999
1994-01-16 00:00:00,0,0.94331735,1.0001884,2.0024912,0.49947202
1994-01-16 00:00:00,1,0.09099562,0.9994155,2.0063915,0.4981159
1994-01-16 00:00:00,2,0.30573383,1.0006366,1.9999707,0.5003256
1994-01-16 00:00:00,3,0.22900377,1.0033969,2.0077338,0.49976587
1994-01-16 00:00:00,4,0.45136374,1.0006211,2.006207,0.49876264
1994-01-16 00:00:00,5,0.031446964,0.99649364,2.0042663,0.49718624
1994-02-14 12:00:00,0,0.88959855,1.0004921,2.002162,0.49970588
1994-02-14 12:00:00,1,0.38606882,0.9988998,2.005678,0.498036
1994-02-14 12:00:00,2,0.55458176,0.99978536,1.9995166,0.50001353
1994-02-14 12:00:00,3,1.5524985,1.0029126,2.0072818,0.4996372
1994-02-14 12:00:00,4,0.014788165,1.0004432,2.0063608,0.49863577
1994-02-14 12:00:00,5,0.26078588,0.99699396,2.0041103,0.49747458
1994-03-16 00:00:00,0,0.9571216,0.999916,2.0036612,0.49904448
1994-03-16 00:00:00,1,0.18574594,1.000316,2.0077372,0.49823058
1994-03-16 00:00:00,2,0.16216166,1.0018516,2.0017922,0.5004773
1994-03-16 00:00:00,3,1.3808122,1.0034502,2.0086114,0.49957407
1994-03-16 00:00:00,4,0.32928628,1.0011878,2.0065668,0.49895564
1994-03-16 00:00:00,5,0.23141451,0.99639857,2.0052052,0.49690604
1994-04-15 12:00:00,0,0.3980797,1.0001808,2.0024912,0.49946827
1994-04-15 12:00:00,1,0.19483207,0.99942786,2.0063837,0.498124
1994-04-15 12:00:00,2,0.5844287,1.0006621,1.9999616,0.50034064
1994-04-15 12:00:00,3,0.94671583,1.0034088,2.0077205,0.49977514
1994-04-15 12:00:00,4,0.086686194,1.0006328,2.0061948,0.4987715
1994-04-15 12:00:00,5,0.2916157,0.99648565,2.0042603,0.49718374
1994-05-16 00:00:00,0,0.018120332,1.0002278,2.0024974,0.49949017
1994-05-16 00:00:00,1,0.2646136,0.99938995,2.006252,0.49813777
1994-05-16 00:00:00,2,0.13187084,1.0005932,1.9999381,0.5003121
1994-05-16 00:00:00,3,0.090798385,1.003311,2.0076096,0.49975404
1994-05-16 00:00:00,4,0.038159307,1.000671,2.0062382,0.49877977
1994-05-16 00:00:00,5,0.084052145,0.99660456,2.0042734,0.49723983
1994-06-15 12:00:00,0,1.1935761,0.989088,1.955891,0.5056969
1994-06-15 12:00:00,1,0.31939742,0.9844762,1.9703616,0.4996424
1994-06-15 12:00:00,2,0.39156362,0.99420905,1.9777832,0.5026886
1994-06-15 12:00:00,3,0.06970221,0.9925067,1.9735682,0.5028996
1994-06-15 12:00:00,4,0.04746069,0.9861438,1.9635745,0.50221866
1994-06-15 12:00:00,5,1.3759822,0.98414516,1.9681262,0.5000417
1994-07-16 00:00:00,0,0.054435696,0.9939765,1.9812312,0.50169635
1994-07-16 00:00:00,1,0.19490254,0.99334675,1.991613,0.49876493
1994-07-16 00:00:00,2,1.0744327,0.99863553,1.9972789,0.49999803
1994-07-16 00:00:00,3,0.10803816,0.9940861,1.9927646,0.49884772
1994-07-16 00:00:00,4,0.533335,0.9939817,1.9853823,0.50065005
1994-07-16 00:00:00,5,0.14533429,0.9921612,1.9895209,0.49869353
1994-08-16 00:00:00,0,0.4488886,0.9919107,1.9706663,0.50333774
1994-08-16 00:00:00,1,0.13292047,0.98965114,1.9827507,0.4991304
1994-08-16 00:00:00,2,0.1544905,0.99682313,1.9893457,0.50108093
1994-08-16 00:00:00,3,1.3376988,0.9932486,1.984739,0.5004429
1994-08-16 00:00:00,4,0.010145098,0.9907106,1.9762496,0.50130844
1994-08-16 00:00:00,5,0.037164122,0.9889285,1.9806157,0.49930358
1994-09-15 12:00:00,0,0.5420597,0.999334,2.0056572,0.4982576
1994-09-15 12:00:00,1,0.27510715,1.0018353,2.0104065,0.49832475
1994-09-15 12:00:00,2,0.67411685,1.0036993,2.0069227,0.50011855
1994-09-15 12:00:00,3,0.08411261,1.0021348,2.0103366,0.49849105
1994-09-15 12:00:00,4,0.62929773,1.0020466,2.0070748,0.4992572
1994-09-15 12:00:00,5,0.15531148,0.996855,2.0074282,0.49658316
1994-10-16 00:00:00,0,0.17382683,0.99969083,2.0043008,0.49877286
1994-10-16 00:00:00,1,0.17917767,1.0008818,2.008634,0.49828976
1994-10-16 00:00:00,2,0.05660159,1.0026298,2.002967,0.5005723
1994-10-16 00:00:00,3,0.39899528,1.0035009,2.0092065,0.49945137
1994-10-16 00:00:00,4,0.023388991,1.0014801,2.0066876,0.49907124
1994-10-16 00:00:00,5,0.6064853,0.9962496,2.0057607,0.49669418
1994-11-15 12:00:00,0,0.06966201,1.0005379,2.0022154,0.49971542
1994-11-15 12:00:00,1,0.09825979,0.99887615,2.0056388,0.4980339
1994-11-15 12:00:00,2,0.09886043,0.9997202,1.9995873,0.49996328
1994-11-15 12:00:00,3,0.17292607,1.0028098,2.0072546,0.49959272
1994-11-15 12:00:00,4,2.2713947,1.0004717,2.0064402,0.49863023
1994-11-15 12:00:00,5,0.054573003,0.99710554,2.00417,0.49751547
1994-12-16 00:00:00,0,0.3768262,1.0003809,2.0021808,0.49964562
1994-12-16 00:00:00,1,0.31531528,0.9990362,2.0058644,0.4980577
1994-12-16 00:00:00,2,0.51665705,1.0000385,1.9995383,0.5001347
1994-12-16 00:00:00,3,2.6359031,1.0031215,2.0073998,0.49971187
1994-12-16 00:00:00,4,0.7840806,1.0004573,2.0062478,0.49867085
1994-12-16 00:00:00,5,1.3151373,0.9967756,2.004082,0.4973727
1995-01-16 00:00:00,0,0.045505915,1.0006498,2.0023308,0.4997425
1995-01-16 00:00:00,1,0.030870903,0.9988098,2.0055337,0.49802694
1995-01-16 00:00:00,2,0.76508874,0.9995505,1.9997406,0.49984008
1995-01-16 00:00:00,3,0.28288662,1.002562,2.007183,0.4994871
1995-01-16 00:00:00,4,0.34935597,1.0005327,2.0066261,0.49861443
1995-01-16 00:00:00,5,0.27714726,0.99737346,2.004304,0.49761587
1995-02-14 12:00:00,0,0.89758253,0.99976295,2.0037546,0.4989448
1995-02-14 12:00:00,1,2.086272,1.0005326,2.0080683,0.49825627
1995-02-14 12:00:00,2,0.047161065,1.0022136,2.0020075,0.50060433
1995-02-14 12:00:00,3,0.33668074,1.0036491,2.0088284,0.49961913
1995-02-14 12:00:00,4,0.13875185,1.0012282,2.0064535,0.49900395
1995-02-14 12:00:00,5,0.025263518,0.99615836,2.0052578,0.4967732
1995-03-16 00:00:00,0,0.24203648,1.0006449,2.0023246,0.4997416
1995-03-16 00:00:00,1,1.3609025,0.99881214,2.0055382,0.49802697
1995-03-16 00:00:00,2,0.70714945,0.9995572,1.9997327,0.4998454
1995-03-16 00:00:00,3,0.37664613,1.0025736,2.0071864,0.49949202
1995-03-16 00:00:00,4,0.15300937,1.0005292,2.006617,0.4986149
1995-03-16 00:00:00,5,0.49965402,0.9973608,2.0042973,0.49761122
1995-04-15 12:00:00,0,0.12856212,1.0004116,2.0021636,0.49966526
1995-04-15 12:00:00,1,0.43277705,0.9989944,2.0057952,0.49805403
1995-04-15 12:00:00,2,0.65864515,0.999966,1.9995117,0.5001051
1995-04-15 12:00:00,3,0.079903014,1.0030653,2.0073516,0.4996959
1995-04-15 12:00:00,4,0.12688698,1.000453,2.0062706,0.49866304
1995-04-15 12:00:00,5,1.0429442,0.996836,2.004079,0.49740353
1995-05-16 00:00:00,0,0.27237585,1.0003784,2.002187,0.49964282
1995-05-16 00:00:00,1,0.2407001,0.99904835,2.0058446,0.49806866
1995-05-16 00:00:00,2,0.43928686,1.0000613,1.9995333,0.50014734
1995-05-16 00:00:00,3,0.6731617,1.0031204,2.0073743,0.49971768
1995-05-16 00:00:00,4,0.081162244,1.0004777,2.006243,0.4986822
1995-05-16 00:00:00,5,0.36471838,0.99678373,2.0040824,0.49737662
1995-06-15 12:00:00,0,0.119813815,1.0000591,2.0033798,0.49918598
1995-06-15 12:00:00,1,0.251325,1.0000411,2.0071452,0.49824056
1995-06-15 12:00:00,2,2.4588087,1.0014689,2.0012279,0.50042725
1995-06-15 12:00:00,3,0.044885434,1.0033171,2.0081682,0.49961805
1995-06-15 12:00:00,4,0.1286584,1.0011338,2.006539,0.4989356
1995-06-15 12:00:00,5,0.26505798,0.99660325,2.0049663,0.49706733
1995-07-16 00:00:00,0,0.2072984,0.9980283,2.001539,0.49863043
1995-07-16 00:00:00,1,0.528288,1.0005518,2.007539,0.4983972
1995-07-16 00:00:00,2,0.07158477,1.002896,2.0092742,0.49913344
1995-07-16 00:00:00,3,1.3803207,0.9979248,2.0072434,0.49716184
1995-07-16 00:00:00,4,0.08245813,1.0007324,2.0028553,0.4996529
1995-07-16 00:00:00,5,0.44003895,0.99729025,2.0053577,0.4973129
1995-08-16 00:00:00,0,0.25371873,0.9905373,1.9634956,0.5044764
1995-08-16 00:00:00,1,0.32502088,0.9871127,1.9767467,0.49936226
1995-08-16 00:00:00,2,0.33572972,0.99546975,1.9838313,0.50179154
1995-08-16 00:00:00,3,1.009086,0.9927934,1.9793274,0.5015812
1995-08-16 00:00:00,4,0.12719192,0.98842376,1.970067,0.5017209
1995-08-16 00:00:00,5,0.087628976,0.98664737,1.9745272,0.4996879
1995-09-15 12:00:00,0,0.3955431,0.99183697,1.9700623,0.5034546
1995-09-15 12:00:00,1,0.0019974222,0.98940563,1.9823204,0.49911487
1995-09-15 12:00:00,2,0.35931435,0.9965859,1.9889408,0.50106364
1995-09-15 12:00:00,3,0.21624632,0.99312764,1.9843613,0.50047725
1995-09-15 12:00:00,4,0.1577594,0.9904758,1.9757977,0.50130427
1995-09-15 12:00:00,5,0.10876765,0.98880875,1.9801741,0.49935445
1995-10-16 00:00:00,0,0.08080253,0.98998296,1.9602414,0.5050311
1995-10-16 00:00:00,1,1.2960728,0.9859731,1.9740821,0.49945903
1995-10-16 00:00:00,2,0.18542469,0.9948566,1.9813422,0.50211245
1995-10-16 00:00:00,3,0.024355885,0.99263686,1.9769144,0.50211424
1995-10-16 00:00:00,4,0.37335822,0.98750424,1.9674013,0.50193334
1995-10-16 00:00:00,5,0.16451292,0.98559904,1.9719294,0.49981457
1995-11-15 12:00:00,0,0.14343375,0.9952422,1.9876027,0.5007249
1995-11-15 12:00:00,1,0.6627523,0.9955258,1.9970118,0.4985077
1995-11-15 12:00:00,2,0.31603146,0.99974024,2.0017278,0.49943864
1995-11-15 12:00:00,3,1.0695632,0.994964,1.9977455,0.49804342
1995-11-15 12:00:00,4,0.82360005,0.9958895,1.9909434,0.5002098
1995-11-15 12:00:00,5,1.0429322,0.9938801,1.99477,0.49824294
1995-12-16 00:00:00,0,0.35799354,1.0005677,2.0022347,0.49972546
1995-12-16 00:00:00,1,0.414852,0.99885184,2.0056062,0.4980299
1995-12-16 00:00:00,2,0.3105413,0.9996666,1.9996145,0.49992967
1995-12-16 00:00:00,3,0.4540165,1.0027472,2.007234,0.49956664
1995-12-16 00:00:00,4,0.14874169,1.0004802,2.006484,0.49862355
1995-12-16 00:00:00,5,0.08733801,0.99717206,2.0041971,0.4975419
1996-01-16 00:00:00,0,0.2044322,1.0005879,2.0022593,0.49972945
1996-01-16 00:00:00,1,1.2364745,0.9988418,2.0055888,0.49802923
1996-01-16 00:00:00,2,0.010780883,0.99963844,1.9996467,0.49990752
1996-01-16 00:00:00,3,1.7966037,1.0027015,2.007222,0.49954692
1996-01-16 00:00:00,4,0.12835808,1.0004934,2.0065196,0.4986213
1996-01-16 00:00:00,5,1.8658963,0.9972217,2.0042238,0.49756005
1996-02-15 00:00:00,0,0.42398867,1.0005934,2.002261,0.49973178
1996-02-15 00:00:00,1,0.232921,0.9988364,2.005582,0.4980282
1996-02-15 00:00:00,2,0.24326496,0.9996272,1.9996499,0.4999011
1996-02-15 00:00:00,3,0.028643707,1.0026903,2.0072184,0.4995422
1996-02-15 00:00:00,4,0.54041654,1.0004939,2.0065267,0.49861977
1996-02-15 00:00:00,5,0.41871777,0.9972335,2.0042276,0.497565
1996-03-16 00:00:00,0,0.28442106,1.0004162,2.0021536,0.49967003
1996-03-16 00:00:00,1,0.54029715,0.99898386,2.0057814,0.4980522
1996-03-16 00:00:00,2,0.02036152,0.99994963,1.9994984,0.50010026
1996-03-16 00:00:00,3,0.21607478,1.0030595,2.0073433,0.49969506
1996-03-16 00:00:00,4,0.056676175,1.0004474,2.0062702,0.49866036
1996-03-16 00:00:00,5,0.98528254,0.9968416,2.004073,0.49740785
1996-04-15 12:00:00,0,0.3514821,1.0003053,2.0023234,0.4995723
1996-04-15 12:00:00,1,0.62460166,0.9992004,2.0060623,0.49809042
1996-04-15 12:00:00,2,0.29922187,1.0002972,1.9997219,0.50021815
1996-04-15 12:00:00,3,1.8552673,1.0032233,2.0075147,0.49973398
1996-04-15 12:00:00,4,0.062958084,1.0005459,2.0062387,0.49871725
1996-04-15 12:00:00,5,0.5536316,0.9966789,2.0041664,0.49730346
1996-05-16 00:00:00,0,0.14036027,1.000333,2.0022907,0.49959427
1996-05-16 00:00:00,1,0.8760934,0.9991522,2.005994,0.49808332
1996-05-16 00:00:00,2,0.17349708,1.0002186,1.9996759,0.5001904
1996-05-16 00:00:00,3,0.33454376,1.0031798,2.0074708,0.49972323
1996-05-16 00:00:00,4,0.7199798,1.0005289,2.0062509,0.4987058
1996-05-16 00:00:00,5,0.4771967,0.9967241,2.0041494,0.49733025
1996-06-15 12:00:00,0,0.6086496,0.9994513,2.0057878,0.49828365
1996-06-15 12:00:00,1,0.58390796,1.0018681,2.0098934,0.49846828
1996-06-15 12:00:00,2,0.054921817,1.003815,2.0063055,0.50033015
1996-06-15 12:00:00,3,0.4393659,1.0023324,2.0098667,0.49870592
1996-06-15 12:00:00,4,0.44556,1.0023302,2.0071974,0.499368
1996-06-15 12:00:00,5,0.52454734,0.99699515,2.0073001,0.49668464
1996-07-16 00:00:00,0,0.27560526,0.9984299,2.0030818,0.49844688
1996-07-16 00:00:00,1,0.72685885,1.0010358,2.0086558,0.49836105
1996-07-16 00:00:00,2,0.5932102,1.0031091,2.0098643,0.49909294
1996-07-16 00:00:00,3,0.22491874,0.9983287,2.008294,0.49710283
1996-07-16 00:00:00,4,0.0779617,1.0012527,2.004294,0.4995538
1996-07-16 00:00:00,5,0.18410273,0.9977077,2.0064993,0.497238
1996-08-16 00:00:00,0,0.54601055,0.99533427,1.9884152,0.5005666
1996-08-16 00:00:00,1,0.8784277,0.9959191,1.9974916,0.49858487
1996-08-16 00:00:00,2,0.17194101,1.0001231,2.0021124,0.49953398
1996-08-16 00:00:00,3,0.5362761,0.99509656,1.9980894,0.49802405
1996-08-16 00:00:00,4,0.36234412,0.9962727,1.9915062,0.5002609
1996-08-16 00:00:00,5,0.09727599,0.9941132,1.9953055,0.49822605
1996-09-15 12:00:00,0,0.14555174,0.99579334,1.9904798,0.50027806
1996-09-15 12:00:00,1,0.9709328,0.9965243,1.9993368,0.49842742
1996-09-15 12:00:00,2,0.30588034,1.0003047,2.0035634,0.4992628
1996-09-15 12:00:00,3,0.43846998,0.9953755,1.9998537,0.49772415
1996-09-15 12:00:00,4,0.7406696,0.99677896,1.9934016,0.5000392
1996-09-15 12:00:00,5,0.4364595,0.994658,1.9970137,0.49807268
1996-10-16 00:00:00,0,0.2571396,1.0001674,2.002412,0.4994813
1996-10-16 00:00:00,1,0.541379,0.9994026,2.006348,0.49812028
1996-10-16 00:00:00,2,0.6520241,1.0006452,1.9998509,0.5003599
1996-10-16 00:00:00,3,0.45261613,1.003459,2.0076976,0.49980584
1996-10-16 00:00:00,4,0.03215825,1.0005935,2.0061357,0.49876663
1996-10-16 00:00:00,5,0.41421068,0.99643064,2.0041902,0.4971737
1996-11-15 12:00:00,0,0.7150249,1.0004528,2.0021577,0.49968728
1996-11-15 12:00:00,1,0.51593465,0.99894315,2.005732,0.49804416
1996-11-15 12:00:00,2,1.3417529,0.99987036,1.9995073,0.50005835
1996-11-15 12:00:00,3,0.15214531,1.0029889,2.0073142,0.49966714
1996-11-15 12:00:00,4,0.95372105,1.000445,2.006314,0.49864826
1996-11-15 12:00:00,5,0.33984438,0.9969147,2.004091,0.49743983
1996-12-16 00:00:00,0,0.66366714,1.0006438,2.0023234,0.49974138
1996-12-16 00:00:00,1,1.2919093,0.9988127,2.0055392,0.498027
1996-12-16 00:00:00,2,0.11954808,0.9995587,1.9997312,0.49984652
1996-12-16 00:00:00,3,0.18355936,1.0025758,2.0071874,0.49949285
1996-12-16 00:00:00,4,0.008082497,1.0005285,2.0066156,0.4986149
1996-12-16 00:00:00,5,0.6254054,0.9973584,2.0042958,0.49761036
1997-01-16 00:00:00,0,0.34861383,1.000641,2.00232,0.49974078
1997-01-16 00:00:00,1,0.7502894,0.99881387,2.0055413,0.49802706
1997-01-16 00:00:00,2,0.27557415,0.99956226,1.9997265,0.49984947
1997-01-16 00:00:00,3,0.1253317,1.0025821,2.0071888,0.49949566
1997-01-16 00:00:00,4,0.2996028,1.0005265,2.0066106,0.4986152
1997-01-16 00:00:00,5,0.4029166,0.9973515,2.0042918,0.49760795
1997-02-14 12:00:00,0,0.28533143,0.99967057,2.0048938,0.49861524
1997-02-14 12:00:00,1,1.4314109,1.0012009,2.009084,0.498337
1997-02-14 12:00:00,2,0.06324045,1.0029731,2.0040557,0.50047165
1997-02-14 12:00:00,3,0.28823245,1.003114,2.009472,0.49919283
1997-02-14 12:00:00,4,0.4085421,1.0017854,2.0069895,0.4991483
1997-02-14 12:00:00,5,1.1020805,0.9965702,2.0063293,0.4967132
1997-03-16 00:00:00,0,1.0375202,0.99957454,2.0053127,0.49846318
1997-03-16 00:00:00,1,0.19221468,1.0014285,2.0099168,0.49824375
1997-03-16 00:00:00,2,0.41398248,1.0031388,2.005402,0.5002183
1997-03-16 00:00:00,3,0.36110523,1.0027397,2.0101414,0.49884036
1997-03-16 00:00:00,4,2.5633943,1.0017885,2.0071852,0.49910116
1997-03-16 00:00:00,5,0.86297154,0.99665254,2.006905,0.4966117
1997-04-15 12:00:00,0,1.1545804,0.99961734,2.0057893,0.4983661
1997-04-15 12:00:00,1,0.58774537,1.0016133,2.0101342,0.49828178
1997-04-15 12:00:00,2,0.43364307,1.0032809,2.0063546,0.5000516
1997-04-15 12:00:00,3,0.2198905,1.0022554,2.010243,0.4985743
1997-04-15 12:00:00,4,0.85242707,1.0020565,2.007482,0.49916086
1997-04-15 12:00:00,5,0.2130273,0.99705386,2.0074031,0.4966884
1997-05-16 00:00:00,0,1.0576807,0.9992881,2.005911,0.49817166
1997-05-16 00:00:00,1,1.3988988,1.0018327,2.010548,0.49828836
1997-05-16 00:00:00,2,0.19808303,1.0034823,2.0095377,0.4993598
1997-05-16 00:00:00,3,0.47487208,1.0001651,2.0102644,0.49752915
1997-05-16 00:00:00,4,0.56535214,1.0021776,2.0071144,0.49931264
1997-05-16 00:00:00,5,0.86298734,0.9979104,2.0082293,0.4969106
1997-06-15 12:00:00,0,0.41090748,1.0000817,2.0034575,0.49917787
1997-06-15 12:00:00,1,0.49862316,1.0000782,2.0070405,0.49828503
1997-06-15 12:00:00,2,0.14046665,1.0015235,2.0012689,0.50044423
1997-06-15 12:00:00,3,1.2403464,1.0032433,2.0080485,0.4996111
1997-06-15 12:00:00,4,0.20879619,1.0012432,2.0065832,0.49897918
1997-06-15 12:00:00,5,0.28673902,0.99671483,2.0050147,0.497111
1997-07-16 00:00:00,0,0.1529916,0.9990428,2.0053065,0.49819955
1997-07-16 00:00:00,1,0.2434725,1.0017704,2.0101252,0.49836218
1997-07-16 00:00:00,2,1.1725101,1.0036191,2.0094452,0.49945083
1997-07-16 00:00:00,3,0.5453027,0.9998974,2.009771,0.49751806
1997-07-16 00:00:00,4,0.06604868,1.0020461,2.0064173,0.49942058
1997-07-16 00:00:00,5,0.433137,0.99781716,2.0077772,0.49697605
1997-08-16 00:00:00,0,0.68680495,0.99931914,2.0056248,0.49825826
1997-08-16 00:00:00,1,0.13713688,1.0015718,2.0106409,0.4981356
1997-08-16 00:00:00,2,0.024267979,1.0030746,2.0095577,0.49915195
1997-08-16 00:00:00,3,0.91886854,1.0000038,2.0104446,0.4974043
1997-08-16 00:00:00,4,0.3421922,1.0018492,2.0070548,0.49916384
1997-08-16 00:00:00,5,0.5316647,0.99788153,2.0081155,0.49692437
1997-09-15 12:00:00,0,0.010019819,0.99947137,2.0061207,0.498211
1997-09-15 12:00:00,1,0.22359288,1.0019296,2.0102997,0.49839815
1997-09-15 12:00:00,2,0.45298398,1.0037186,2.0076132,0.4999562
1997-09-15 12:00:00,3,0.16758771,1.0015969,2.0101762,0.49826327
1997-09-15 12:00:00,4,0.23576972,1.0023794,2.0074358,0.49933323
1997-09-15 12:00:00,5,0.13933215,0.9974103,2.0078485,0.49675575
1997-10-16 00:00:00,0,0.6332742,0.99981904,2.004791,0.49871483
1997-10-16 00:00:00,1,0.72298115,1.0009623,2.0089114,0.49826103
1997-10-16 00:00:00,2,0.68997836,1.0025575,2.0038445,0.50031704
1997-10-16 00:00:00,3,0.4314778,1.0030018,2.0094275,0.49914804
1997-10-16 00:00:00,4,0.66690004,1.0016543,2.007125,0.4990493
1997-10-16 00:00:00,5,1.5498147,0.9967095,2.0062811,0.49679455
1997-11-15 12:00:00,0,0.7941894,1.0004866,2.0021589,0.4997039
1997-11-15 12:00:00,1,0.15502168,0.9989039,2.0056865,0.49803588
1997-11-15 12:00:00,2,0.55097437,0.9997943,1.999513,0.5000189
1997-11-15 12:00:00,3,0.6306962,1.0029243,2.0072885,0.49964136
1997-11-15 12:00:00,4,1.591458,1.0004404,2.0063536,0.4986361
1997-11-15 12:00:00,5,1.9171642,0.996981,2.0041058,0.49746925
1997-12-16 00:00:00,0,0.010258871,1.0003839,2.0021431,0.4996565
1997-12-16 00:00:00,1,0.6209106,0.99901366,2.0058327,0.49805433
1997-12-16 00:00:00,2,0.30161676,1.0000099,1.9994874,0.50013316
1997-12-16 00:00:00,3,1.1493073,1.0031257,2.0073795,0.499719
1997-12-16 00:00:00,4,0.33619228,1.0004385,2.00623,0.49866584
1997-12-16 00:00:00,5,0.11342806,0.99676967,2.004053,0.49737686
1998-01-16 00:00:00,0,0.4247169,1.000593,2.0022588,0.49973208
1998-01-16 00:00:00,1,0.77321327,0.99883556,2.005582,0.49802777
1998-01-16 00:00:00,2,0.17558974,0.9996265,1.999647,0.49990147
1998-01-16 00:00:00,3,0.18848935,1.002692,2.0072184,0.49954304
1998-01-16 00:00:00,4,1.0898299,1.0004923,2.006525,0.4986194
1998-01-16 00:00:00,5,1.2147413,0.99723136,2.004226,0.49756435
1998-02-14 12:00:00,0,0.07881421,1.0006448,2.0023239,0.49974173
1998-02-14 12:00:00,1,0.5807193,0.9988119,2.005538,0.4980269
1998-02-14 12:00:00,2,0.76723635,0.9995569,1.9997319,0.49984545
1998-02-14 12:00:00,3,0.0672018,1.0025738,2.0071864,0.49949214
1998-02-14 12:00:00,4,0.015310605,1.0005288,2.0066168,0.4986148
1998-02-14 12:00:00,5,0.29315794,0.9973606,2.0042968,0.49761122
1998-03-16 00:00:00,0,0.7707843,1.0004984,2.0021806,0.4997044
1998-03-16 00:00:00,1,1.0437629,0.9989035,2.0056746,0.49803868
1998-03-16 00:00:00,2,0.34267607,0.9997859,1.9995385,0.50000834
1998-03-16 00:00:00,3,0.012415865,1.0028945,2.007277,0.49962935
1998-03-16 00:00:00,4,0.054124273,1.0004563,2.0063767,0.49863833
1998-03-16 00:00:00,5,0.17664555,0.9970154,2.0041265,0.49748126
1998-04-15 12:00:00,0,0.7523045,1.0003259,2.00218,0.49961835
1998-04-15 12:00:00,1,1.3488215,0.9991018,2.0059354,0.49807277
1998-04-15 12:00:00,2,1.410308,1.0001645,1.9995296,0.5001999
1998-04-15 12:00:00,3,0.25640038,1.0032245,2.0074377,0.49975374
1998-04-15 12:00:00,4,1.3655299,1.000468,2.0061836,0.49869215
1998-04-15 12:00:00,5,0.8342383,0.99667084,2.0040588,0.49732614
1998-05-16 00:00:00,0,1.2174481,1.0004959,2.0021806,0.49970314
1998-05-16 00:00:00,1,0.6560468,0.9989063,2.0056775,0.49803936
1998-05-16 00:00:00,2,0.48713207,0.9997915,1.9995381,0.50001127
1998-05-16 00:00:00,3,0.39776275,1.0028993,2.0072784,0.49963138
1998-05-16 00:00:00,4,0.23431621,1.0004568,2.006374,0.4986393
1998-05-16 00:00:00,5,0.31345922,0.99701047,2.0041254,0.49747908
1998-06-15 12:00:00,0,0.91663533,1.000149,2.0028367,0.49936622
1998-06-15 12:00:00,1,0.34447196,0.9996601,2.0065963,0.49818695
1998-06-15 12:00:00,2,0.5885592,1.0009722,2.0004117,0.5003831
1998-06-15 12:00:00,3,0.90165865,1.0033455,2.007816,0.49971983
1998-06-15 12:00:00,4,0.14218563,1.0008606,2.0063345,0.4988503
1998-06-15 12:00:00,5,0.0077164588,0.99657947,2.0045254,0.4971648
1998-07-16 00:00:00,0,0.14080222,0.99933213,2.0060136,0.49816817
1998-07-16 00:00:00,1,0.33329043,1.0019144,2.010237,0.4984061
1998-07-16 00:00:00,2,0.5560695,1.003652,2.0091562,0.49953905
1998-07-16 00:00:00,3,0.20004192,1.0002762,2.0099413,0.4976644
1998-07-16 00:00:00,4,0.90192014,1.0023855,2.0071502,0.49940732
1998-07-16 00:00:00,5,1.2817876,0.99803096,2.008133,0.49699447
1998-08-16 00:00:00,0,0.0353473,0.99021935,1.9618425,0.50473946
1998-08-16 00:00:00,1,0.71760416,0.9865929,1.9755496,0.49940175
1998-08-16 00:00:00,2,0.16291064,0.9952243,1.9825734,0.5019861
1998-08-16 00:00:00,3,0.16596152,0.9928168,1.9782358,0.5018698
1998-08-16 00:00:00,4,0.26632902,0.9879585,1.9687198,0.5018279
1998-08-16 00:00:00,5,0.021208841,0.98600906,1.9732958,0.49967626
1998-09-15 12:00:00,0,0.54188156,1.000028,2.0030382,0.4992556
1998-09-15 12:00:00,1,0.65705734,0.99992317,2.006829,0.49826026
1998-09-15 12:00:00,2,0.5074908,1.0013976,2.0006618,0.50053316
1998-09-15 12:00:00,3,0.3155163,1.0034896,2.0079172,0.49976644
1998-09-15 12:00:00,4,0.0732427,1.0010296,2.0062926,0.49894497
1998-09-15 12:00:00,5,0.70604527,0.9964515,2.004641,0.49707228
1998-10-16 00:00:00,0,0.30310723,0.9998031,2.0048015,0.49870428
1998-10-16 00:00:00,1,0.22282621,1.0009931,2.0089023,0.49827865
1998-10-16 00:00:00,2,0.013621764,1.0026163,2.0038579,0.500343
1998-10-16 00:00:00,3,1.0986233,1.0030113,2.009402,0.49915913
1998-10-16 00:00:00,4,0.13956404,1.0016859,2.0071042,0.4990702
1998-10-16 00:00:00,5,0.14455913,0.9967017,2.0062814,0.4967906
1998-11-15 12:00:00,0,1.6044495,1.0005047,2.0021927,0.4997045
1998-11-15 12:00:00,1,1.2400997,0.998902,2.0056756,0.4980377
1998-11-15 12:00:00,2,0.3766591,0.99977833,1.9995562,0.5000001
1998-11-15 12:00:00,3,0.24703647,1.0028796,2.0072784,0.49962157
1998-11-15 12:00:00,4,0.01571359,1.0004609,2.006391,0.49863702
1998-11-15 12:00:00,5,0.45003152,0.997031,2.004139,0.49748597
1998-12-16 00:00:00,0,0.3981667,1.0000993,2.0029948,0.499302
1998-12-16 00:00:00,1,0.1287307,0.99978995,2.006835,0.4981924
1998-12-16 00:00:00,2,0.33502594,1.0011486,2.0006688,0.500407
1998-12-16 00:00:00,3,0.24293554,1.0033891,2.0079868,0.49969906
1998-12-16 00:00:00,4,0.31739718,1.0009167,2.0063758,0.49886802
1998-12-16 00:00:00,5,0.4045631,0.9965219,2.0046508,0.49710497
1999-01-16 00:00:00,0,0.53441757,1.0005125,2.0021935,0.4997082
1999-01-16 00:00:00,1,0.43857846,0.998894,2.005663,0.49803683
1999-01-16 00:00:00,2,0.54719394,0.99976236,1.9995571,0.4999919
1999-01-16 00:00:00,3,0.24477383,1.0028641,2.0072696,0.49961606
1999-01-16 00:00:00,4,0.7945918,1.0004618,2.0063999,0.49863532
1999-01-16 00:00:00,5,0.0699015,0.99704754,2.0041428,0.49749327
1999-02-14 12:00:00,0,0.13314132,1.0005757,2.0022476,0.49972624
1999-02-14 12:00:00,1,0.7256465,0.99884975,2.0056007,0.49803022
1999-02-14 12:00:00,2,0.033626698,0.9996578,1.9996309,0.49992117
1999-02-14 12:00:00,3,0.2694764,1.0027283,2.00723,0.49955827
1999-02-14 12:00:00,4,1.023428,1.0004874,2.0064995,0.4986233
1999-02-14 12:00:00,5,0.82490134,0.99719286,2.00421,0.4975491
1999-03-16 00:00:00,0,2.1972563,1.0003781,2.0021605,0.49964932
1999-03-16 00:00:00,1,0.35617274,0.99902934,2.005853,0.49805713
1999-03-16 00:00:00,2,0.49865097,1.0000333,1.9995103,0.5001391
1999-03-16 00:00:00,3,1.0758567,1.0031316,2.0073915,0.499719
1999-03-16 00:00:00,4,0.1500454,1.0004482,2.0062332,0.49866995
1999-03-16 00:00:00,5,0.0506016,0.99676454,2.0040648,0.4973714
1999-04-15 12:00:00,0,0.46321246,1.0002922,2.0022395,0.4995867
1999-04-15 12:00:00,1,0.9161259,0.9991746,2.0060127,0.49808988
1999-04-15 12:00:00,2,0.0582203,1.0002815,1.9996024,0.50024015
1999-04-15 12:00:00,3,0.2970314,1.0032701,2.0074785,0.49976632
1999-04-15 12:00:00,4,0.31987593,1.0005103,2.0061755,0.49871525
1999-04-15 12:00:00,5,0.66429174,0.9966291,2.004092,0.4972971
1999-05-16 00:00:00,0,0.23020187,0.9992507,2.0058303,0.49817312
1999-05-16 00:00:00,1,0.46461,1.0018663,2.0105975,0.49829286
1999-05-16 00:00:00,2,0.13774814,1.0035827,2.0090697,0.49952608
1999-05-16 00:00:00,3,0.28900543,1.0005758,2.010336,0.4977157
1999-05-16 00:00:00,4,0.34817174,1.0021256,2.007044,0.49930423
1999-05-16 00:00:00,5,0.7746158,0.99764633,2.00807,0.4968185
1999-06-15 12:00:00,0,0.37538877,0.99940383,2.0060797,0.4981875
1999-06-15 12:00:00,1,1.4086326,1.0019666,2.010381,0.49839637
1999-06-15 12:00:00,2,3.6384504,1.0037601,2.0080693,0.4998633
1999-06-15 12:00:00,3,0.12332125,1.0012486,2.0101774,0.49808967
1999-06-15 12:00:00,4,0.2519622,1.0023751,2.0073345,0.4993563
1999-06-15 12:00:00,5,0.01900141,0.997555,2.007948,0.49680322
1999-07-16 00:00:00,0,1.9536539,0.9951589,1.9874052,0.5007328
1999-07-16 00:00:00,1,0.3279697,0.99553,1.9969175,0.49853337
1999-07-16 00:00:00,2,0.063013755,0.9998321,2.0014372,0.49955708
1999-07-16 00:00:00,3,0.49661952,0.99504054,1.9975995,0.49811813
1999-07-16 00:00:00,4,2.1018143,0.99582607,1.9907072,0.50023735
1999-07-16 00:00:00,5,0.23130997,0.9937628,1.994502,0.4982511
1999-08-16 00:00:00,0,0.16177045,0.99952966,2.0062778,0.498201
1999-08-16 00:00:00,1,0.39573923,1.0019436,2.0102608,0.49841473
1999-08-16 00:00:00,2,0.28071496,1.0036564,2.0080962,0.4998049
1999-08-16 00:00:00,3,0.17768753,1.0011755,2.0101001,0.49807248
1999-08-16 00:00:00,4,0.23112358,1.0024948,2.0075681,0.49935782
1999-08-16 00:00:00,5,0.3454571,0.9977467,2.008077,0.4968668
1999-09-15 12:00:00,0,0.016827196,0.99661666,1.9946539,0.4996439
1999-09-15 12:00:00,1,1.5944736,0.99805903,2.0023792,0.49843657
1999-09-15 12:00:00,2,0.9512869,1.00129,2.006002,0.49914706
1999-09-15 12:00:00,3,0.22629972,0.9960014,2.0025382,0.4973695
1999-09-15 12:00:00,4,0.9222215,0.99828434,1.9969074,0.4999152
1999-09-15 12:00:00,5,0.09030593,0.99589396,2.0001893,0.49789986
1999-10-16 00:00:00,0,0.17277864,0.99953324,2.0060506,0.49825925
1999-10-16 00:00:00,1,0.5204081,1.0018041,2.010466,0.49829444
1999-10-16 00:00:00,2,0.55620915,1.0034719,2.0074532,0.4998731
1999-10-16 00:00:00,3,0.8627906,1.0016922,2.0104108,0.49825248
1999-10-16 00:00:00,4,1.4290903,1.0021931,2.007532,0.49921653
1999-10-16 00:00:00,5,0.6274116,0.99734056,2.007828,0.4967261
1999-11-15 12:00:00,0,0.3413405,1.0002605,2.0024588,0.49951613
1999-11-15 12:00:00,1,0.9040699,0.9993191,2.0062397,0.49810553
1999-11-15 12:00:00,2,0.13295044,1.0004686,1.9999144,0.5002557
1999-11-15 12:00:00,3,0.5369511,1.0032697,2.0076313,0.49972805
1999-11-15 12:00:00,4,0.12180919,1.0006101,2.0062659,0.49874252
1999-11-15 12:00:00,5,0.12451804,0.9966317,2.004262,0.4972562
1999-12-16 00:00:00,0,0.7197127,0.998801,2.0044987,0.4982797
1999-12-16 00:00:00,1,0.06939156,1.0014164,2.0102057,0.49816614
1999-12-16 00:00:00,2,0.30631515,1.0032285,2.009844,0.4991574
1999-12-16 00:00:00,3,0.565397,0.9995785,2.0099247,0.49732137
1999-12-16 00:00:00,4,1.4886328,1.0014446,2.0057595,0.49928448
1999-12-16 00:00:00,5,0.10657853,0.99741656,2.0074492,0.4968577
2000-01-16 00:00:00,0,0.026797196,1.0006083,2.0022795,0.49973458
2000-01-16 00:00:00,1,0.15789929,0.9988301,2.0055695,0.49802816
2000-01-16 00:00:00,2,0.8936408,0.9996073,1.9996741,0.4998851
2000-01-16 00:00:00,3,1.060674,1.0026561,2.007208,0.49952772
2000-01-16 00:00:00,4,0.83094996,1.0005047,2.0065527,0.49861872
2000-01-16 00:00:00,5,0.22479834,0.9972704,2.004248,0.49757838
2000-02-15 00:00:00,0,0.5544673,1.0006247,2.0022986,0.49973798
2000-02-15 00:00:00,1,0.10260309,0.99882096,2.0055554,0.49802712
2000-02-15 00:00:00,2,0.8636881,0.99958366,1.9996992,0.499867
2000-02-15 00:00:00,3,0.46926448,1.0026196,2.007199,0.4995118
2000-02-15 00:00:00,4,0.4424233,1.0005144,2.0065815,0.49861637
2000-02-15 00:00:00,5,0.005285228,0.99731046,2.0042694,0.49759302
2000-03-16 00:00:00,0,0.5162291,1.0002123,2.0024066,0.4995051
2000-03-16 00:00:00,1,0.70327026,0.999349,2.00627,0.49811295
2000-03-16 00:00:00,2,0.08028744,1.0005463,1.9998398,0.5003132
2000-03-16 00:00:00,3,0.70106226,1.0033749,2.0076468,0.49977663
2000-03-16 00:00:00,4,0.2794465,1.0005906,2.006182,0.49875364
2000-03-16 00:00:00,5,0.11244896,0.9965206,2.004201,0.4972159
2000-04-15 12:00:00,0,0.34896985,1.000248,2.002303,0.49954876
2000-04-15 12:00:00,1,1.3554668,0.9992557,2.0061374,0.49809936
2000-04-15 12:00:00,2,1.1523734,1.0004097,1.9996946,0.5002813
2000-04-15 12:00:00,3,0.23168083,1.0033375,2.0075617,0.49977916
2000-04-15 12:00:00,4,0.5161969,1.0005383,2.0061636,0.49873218
2000-04-15 12:00:00,5,2.1284745,0.9965578,2.004129,0.49725232
2000-05-16 00:00:00,0,0.53459257,1.0000601,2.0031335,0.49924785
2000-05-16 00:00:00,1,0.74261296,0.99990344,2.0070097,0.49820557
2000-05-16 00:00:00,2,0.23681201,1.0013058,2.000882,0.50043225
2000-05-16 00:00:00,3,0.010796238,1.003415,2.0081034,0.49968293
2000-05-16 00:00:00,4,0.836232,1.0009815,2.0064123,0.4988912
2000-05-16 00:00:00,5,0.38962337,0.996491,2.0047593,0.49706268
2000-06-15 12:00:00,0,0.53133065,0.9990688,2.0054584,0.4981748
2000-06-15 12:00:00,1,0.065184034,1.0018348,2.0106695,0.4982593
2000-06-15 12:00:00,2,0.50083995,1.0036947,2.0087116,0.49967086
2000-06-15 12:00:00,3,0.13050619,1.0009013,2.0104046,0.49786064
2000-06-15 12:00:00,4,0.4547179,1.0018841,2.0066457,0.49928302
2000-06-15 12:00:00,5,0.6527613,0.9972041,2.0077028,0.4966891
2000-07-16 00:00:00,0,0.08730991,0.99255955,1.9731917,0.5030224
2000-07-16 00:00:00,1,0.3063968,0.9904139,1.984816,0.49899533
2000-07-16 00:00:00,2,0.22203395,0.9968983,1.9914439,0.5005907
2000-07-16 00:00:00,3,0.44116083,0.9930772,1.9866245,0.49988168
2000-07-16 00:00:00,4,1.3165284,0.9914743,1.9786149,0.5010951
2000-07-16 00:00:00,5,0.044786096,0.990038,1.9829166,0.49928373
2000-08-16 00:00:00,0,0.2436132,0.9988947,2.0050077,0.4981999
2000-08-16 00:00:00,1,0.057174373,1.0017341,2.0100121,0.49837217
2000-08-16 00:00:00,2,0.35745823,1.0036799,2.0095632,0.49945176
2000-08-16 00:00:00,3,0.28097838,0.999797,2.0096366,0.49750137
2000-08-16 00:00:00,4,1.027856,1.0019412,2.0060556,0.49945834
2000-08-16 00:00:00,5,0.17523766,0.9976662,2.0075982,0.49694514
2000-09-15 12:00:00,0,0.025255328,0.9991733,2.0057168,0.4981627
2000-09-15 12:00:00,1,0.1433993,1.001924,2.0106862,0.49829957
2000-09-15 12:00:00,2,0.013722967,1.0037872,2.0083888,0.49979725
2000-09-15 12:00:00,3,0.024796717,1.0012226,2.0104463,0.49801013
2000-09-15 12:00:00,4,0.5012193,1.0020515,2.0069158,0.4992992
2000-09-15 12:00:00,5,0.0049582617,0.9971969,2.0077956,0.49666256
2000-10-16 00:00:00,0,0.035723414,1.000313,2.0022051,0.4996057
2000-10-16 00:00:00,1,1.0041752,0.9991268,2.0059845,0.498073
2000-10-16 00:00:00,2,1.2642635,1.0002015,1.999569,0.5002085
2000-10-16 00:00:00,3,1.2506117,1.0032437,2.0074742,0.49975422
2000-10-16 00:00:00,4,0.48993477,1.0004743,2.0061853,0.49869487
2000-10-16 00:00:00,5,0.019988617,0.9966485,2.0040758,0.4973108
2000-11-15 12:00:00,0,0.28027308,0.9998359,2.0048635,0.49870524
2000-11-15 12:00:00,1,0.12322666,1.0009967,2.0088556,0.49829203
2000-11-15 12:00:00,2,0.75299454,1.0026021,2.003906,0.5003239
2000-11-15 12:00:00,3,0.08558169,1.0029364,2.0093548,0.49913353
2000-11-15 12:00:00,4,0.083762,1.0017387,2.0071676,0.49908075
2000-11-15 12:00:00,5,0.38859037,0.99679923,2.0063336,0.49682626
2000-12-16 00:00:00,0,0.039277982,0.9996361,2.0054932,0.49844903
2000-12-16 00:00:00,1,0.3505712,1.0014738,2.009854,0.49828184
2000-12-16 00:00:00,2,0.07699501,1.0031574,2.0055995,0.50017834
2000-12-16 00:00:00,3,0.5274412,1.0025797,2.010061,0.49878073
2000-12-16 00:00:00,4,0.6633465,1.001937,2.007334,0.49913818
2000-12-16 00:00:00,5,0.37839356,0.99685484,2.007065,0.4966729
2001-01-16 00:00:00,0,0.26761365,1.000416,2.0021245,0.49967724
2001-01-16 00:00:00,1,0.40025452,0.998967,2.0057714,0.49804628
2001-01-16 00:00:00,2,0.46426448,0.9999281,1.9994643,0.500098
2001-01-16 00:00:00,3,1.1796987,1.003069,2.0073416,0.49970022
2001-01-16 00:00:00,4,1.0151136,1.0004265,2.0062559,0.4986535
2001-01-16 00:00:00,5,0.23196203,0.9968279,2.004051,0.49740645
2001-02-14 12:00:00,0,0.08275149,1.0004939,2.0021634,0.49970642
2001-02-14 12:00:00,1,3.8547587,0.99889785,2.0056782,0.49803495
2001-02-14 12:00:00,2,0.36702892,0.99978113,1.9995195,0.5000107
2001-02-14 12:00:00,3,0.4944844,1.0029092,2.0072832,0.49963513
2001-02-14 12:00:00,4,0.075647436,1.0004425,2.006364,0.49863458
2001-02-14 12:00:00,5,2.3747423,0.9969972,2.0041125,0.49747565
2001-03-16 00:00:00,0,0.5987247,1.0002531,2.0022213,0.49957168
2001-03-16 00:00:00,1,0.3580507,0.99920475,2.0060856,0.49808678
2001-03-16 00:00:00,2,0.13141295,1.0003436,1.9995896,0.5002744
2001-03-16 00:00:00,3,0.78671813,1.0033528,2.007536,0.49979317
2001-03-16 00:00:00,4,0.40488628,1.0004878,2.0061266,0.49871618
2001-03-16 00:00:00,5,0.13004114,0.99653536,2.0040662,0.4972567
2001-04-15 12:00:00,0,0.26956916,1.0002878,2.0022721,0.49957633
2001-04-15 12:00:00,1,0.005431276,0.9991968,2.0060406,0.49809402
2001-04-15 12:00:00,2,0.66339505,1.0003111,1.999646,0.50024414
2001-04-15 12:00:00,3,1.21832,1.003269,2.0074952,0.49976158
2001-04-15 12:00:00,4,0.61877906,1.0005285,2.0061884,0.4987211
2001-04-15 12:00:00,5,0.49284798,0.99663216,2.0041168,0.49729246
2001-05-16 00:00:00,0,0.4270577,0.9940412,1.982048,0.50152224
2001-05-16 00:00:00,1,0.19168535,0.9937155,1.9923164,0.49877396
2001-05-16 00:00:00,2,0.20509265,0.9989997,1.9977391,0.50006515
2001-05-16 00:00:00,3,0.6300726,0.9944289,1.9933991,0.4988609
2001-05-16 00:00:00,4,0.091405265,0.9942468,1.9859645,0.5006367
2001-05-16 00:00:00,5,0.6016824,0.9921788,1.9900953,0.49855843
2001-06-15 12:00:00,0,0.11952592,0.9948729,1.9859152,0.50096446
2001-06-15 12:00:00,1,0.11795083,0.9949686,1.9959837,0.49848533
2001-06-15 12:00:00,2,0.019103087,0.99947023,2.0005658,0.4995938
2001-06-15 12:00:00,3,0.12417983,0.9949244,1.9968238,0.4982535
2001-06-15 12:00:00,4,0.53039414,0.9952687,1.9895428,0.5002499
2001-06-15 12:00:00,5,0.26492345,0.9932304,1.9934734,0.4982411
2001-07-16 00:00:00,0,0.4548947,0.99914217,2.0055137,0.49819764
2001-07-16 00:00:00,1,0.6621831,1.0017773,2.0102017,0.49834666
2001-07-16 00:00:00,2,0.33358634,1.003536,2.0095417,0.49938548
2001-07-16 00:00:00,3,0.32950965,0.99987745,2.009868,0.49748418
2001-07-16 00:00:00,4,0.060737837,1.0021122,2.0066593,0.49939328
2001-07-16 00:00:00,5,0.47072557,0.99793476,2.0079496,0.49699193
2001-08-16 00:00:00,0,0.8563098,0.9931346,1.9765687,0.50245386
2001-08-16 00:00:00,1,0.2694961,0.9916568,1.9877166,0.49889246
2001-08-16 00:00:00,2,0.63583815,0.9976646,1.9938856,0.500362
2001-08-16 00:00:00,3,0.38503572,0.9935344,1.989243,0.49945349
2001-08-16 00:00:00,4,0.1644875,0.9925076,1.9814395,0.5009023
2001-08-16 00:00:00,5,0.099342175,0.9908979,1.9856668,0.4990253
2001-09-15 12:00:00,0,0.60312194,0.999083,2.005522,0.49816605
2001-09-15 12:00:00,1,1.1961043,1.0018218,2.0107198,0.49824035
2001-09-15 12:00:00,2,0.25594115,1.0036012,2.0092795,0.4994831
2001-09-15 12:00:00,3,0.47204918,1.0005506,2.0104368,0.49767825
2001-09-15 12:00:00,4,0.24908388,1.0019208,2.0067031,0.499287
2001-09-15 12:00:00,5,0.041543666,0.9973693,2.0079389,0.49671298
2001-10-16 00:00:00,0,0.589398,0.99971783,2.0051396,0.49857768
2001-10-16 00:00:00,1,0.3158123,1.0012151,2.00947,0.49824834
2001-10-16 00:00:00,2,0.0029883822,1.0028491,2.0047216,0.50024354
2001-10-16 00:00:00,3,0.7213927,1.0028344,2.009831,0.49896458
2001-10-16 00:00:00,4,0.09796924,1.0017502,2.0072315,0.4990706
2001-10-16 00:00:00,5,0.3536886,0.9967311,2.0066652,0.4967102
2001-11-15 12:00:00,0,0.6180728,1.0004973,2.0021844,0.4997029
2001-11-15 12:00:00,1,0.4113205,0.99890566,2.0056825,0.4980378
2001-11-15 12:00:00,2,0.5010861,0.9997886,1.9995453,0.500008
2001-11-15 12:00:00,3,0.17690961,1.0028962,2.0072837,0.4996285
2001-11-15 12:00:00,4,0.097517155,1.000456,2.0063784,0.49863774
2001-11-15 12:00:00,5,0.16400553,0.997013,2.0041296,0.4974793
2001-12-16 00:00:00,0,0.571398,1.0005914,2.0022602,0.49973094
2001-12-16 00:00:00,1,0.7896905,0.99883837,2.0055842,0.49802864
2001-12-16 00:00:00,2,0.17408298,0.9996312,1.9996482,0.49990353
2001-12-16 00:00:00,3,0.124612585,1.0026944,2.0072193,0.499544
2001-12-16 00:00:00,4,0.47552657,1.0004938,2.006524,0.49862036
2001-12-16 00:00:00,5,0.72988874,0.99722916,2.0042262,0.49756318
2002-01-16 00:00:00,0,0.119944684,1.0002693,2.0023456,0.4995488
2002-01-16 00:00:00,1,0.011036107,0.99925154,2.0061412,0.49809632
2002-01-16 00:00:00,2,0.28868538,1.0003849,1.9997556,0.5002536
2002-01-16 00:00:00,3,0.018494163,1.0032858,2.0075674,0.49975196
2002-01-16 00:00:00,4,0.22220142,1.0005546,2.0062122,0.4987282
2002-01-16 00:00:00,5,0.22170837,0.9966122,2.0041716,0.4972689
2002-02-14 12:00:00,0,0.56770813,1.0001241,2.0029237,0.4993321
2002-02-14 12:00:00,1,0.123566724,0.9997213,2.006763,0.49817607
2002-02-14 12:00:00,2,0.66788316,1.0010457,2.0005715,0.50037986
2002-02-14 12:00:00,3,0.020181108,1.0033724,2.00795,0.4996999
2002-02-14 12:00:00,4,0.36078322,1.000869,2.0063677,0.49884626
2002-02-14 12:00:00,5,0.25709835,0.9965358,2.0046022,0.49712396
2002-03-16 00:00:00,0,0.09702819,1.0002962,2.0022175,0.49959418
2002-03-16 00:00:00,1,0.0993394,0.9991537,2.0060139,0.49807915
2002-03-16 00:00:00,2,0.5725061,1.0002482,1.999583,0.5002284
2002-03-16 00:00:00,3,0.8985311,1.0032718,2.00749,0.49976432
2002-03-16 00:00:00,4,0.77344173,1.0004848,2.0061724,0.4987033
2002-03-16 00:00:00,5,1.5709535,0.99662095,2.0040789,0.49729627
2002-04-15 12:00:00,0,0.05317105,1.0000638,2.0034235,0.49917743
2002-04-15 12:00:00,1,0.01984631,1.0000538,2.0071883,0.49823615
2002-04-15 12:00:00,2,0.20374852,1.0014739,2.001305,0.50041044
2002-04-15 12:00:00,3,0.64246523,1.0032899,2.0082037,0.4995957
2002-04-15 12:00:00,4,0.937324,1.0011437,2.0065722,0.4989323
2002-04-15 12:00:00,5,0.38700685,0.99662596,2.0050082,0.49706826
2002-05-16 00:00:00,0,0.44981286,0.99961865,2.0049996,0.49856302
2002-05-16 00:00:00,1,0.09499884,1.0012949,2.0093467,0.4983186
2002-05-16 00:00:00,2,0.011005987,1.0030738,2.004418,0.5004315
2002-05-16 00:00:00,3,0.12024417,1.0030682,2.0096765,0.49911925
2002-05-16 00:00:00,4,0.49083596,1.0017941,2.007013,0.49914676
2002-05-16 00:00:00,5,0.7989771,0.9965331,2.0064888,0.4966552
2002-06-15 12:00:00,0,0.6185771,0.9963858,1.9931566,0.49990344
2002-06-15 12:00:00,1,0.008102052,0.99748176,2.0009289,0.49850935
2002-06-15 12:00:00,2,0.111002505,1.0008724,2.0052588,0.49912378
2002-06-15 12:00:00,3,0.41790265,0.99550545,2.00121,0.49745178
2002-06-15 12:00:00,4,0.9805901,0.9979192,1.9956604,0.5000446
2002-06-15 12:00:00,5,0.48184085,0.9956702,1.9991165,0.4980551
2002-07-16 00:00:00,0,0.04722259,0.99788904,2.0006962,0.4987709
2002-07-16 00:00:00,1,0.19442442,1.0001891,2.0068505,0.49838743
2002-07-16 00:00:00,2,0.06724637,1.00258,2.009096,0.4990205
2002-07-16 00:00:00,3,1.6511306,0.9974497,2.0066197,0.49707958
2002-07-16 00:00:00,4,0.9578464,1.0004277,2.0021584,0.49967462
2002-07-16 00:00:00,5,0.016372059,0.99727255,2.0047932,0.49744412
2002-08-16 00:00:00,0,0.5331981,0.99226207,1.9723343,0.5030902
2002-08-16 00:00:00,1,0.22119887,0.9902088,1.9841783,0.49905232
2002-08-16 00:00:00,2,0.83282125,0.9969846,1.990716,0.5008171
2002-08-16 00:00:00,3,0.15375103,0.993282,1.986041,0.50013167
2002-08-16 00:00:00,4,0.7750818,0.9911779,1.9777092,0.50117475
2002-08-16 00:00:00,5,0.4878344,0.9895015,1.9820732,0.4992255
2002-09-15 12:00:00,0,0.22557761,0.9974947,1.999727,0.49881545
2002-09-15 12:00:00,1,0.23180783,1.0000734,2.006792,0.49834433
2002-09-15 12:00:00,2,0.045348383,1.0028062,2.0082505,0.4993432
2002-09-15 12:00:00,3,0.07119446,0.9980751,2.0065827,0.49740043
2002-09-15 12:00:00,4,0.51685256,0.9999556,2.0012114,0.49967515
2002-09-15 12:00:00,5,0.29798588,0.9963556,2.00399,0.49718592
2002-10-16 00:00:00,0,0.044514563,0.99575317,1.9899948,0.5003798
2002-10-16 00:00:00,1,0.42389578,0.9963584,1.9988638,0.49846238
2002-10-16 00:00:00,2,0.0268098,1.0001562,2.0033028,0.4992536
2002-10-16 00:00:00,3,1.7576438,0.99517083,1.9993681,0.49774268
2002-10-16 00:00:00,4,1.0302856,0.9967063,1.993024,0.5000975
2002-10-16 00:00:00,5,1.3666978,0.9946434,1.9966735,0.49815026
2002-11-15 12:00:00,0,0.42610177,1.0004256,2.0021691,0.49967086
2002-11-15 12:00:00,1,0.28179514,0.9989812,2.0057774,0.49805188
2002-11-15 12:00:00,2,0.21362166,0.9999386,1.9995192,0.5000895
2002-11-15 12:00:00,3,0.0065386365,1.0030372,2.0073402,0.49968472
2002-11-15 12:00:00,4,0.7305921,1.000455,2.006289,0.49865946
2002-11-15 12:00:00,5,0.9869872,0.9968658,2.0040889,0.49741596
2002-12-16 00:00:00,0,0.21265674,1.00062,2.0022929,0.49973708
2002-12-16 00:00:00,1,0.034753643,0.9988231,2.0055592,0.49802724
2002-12-16 00:00:00,2,0.19203857,0.99959,1.9996917,0.49987203
2002-12-16 00:00:00,3,0.02782171,1.0026302,2.0072021,0.4995163
2002-12-16 00:00:00,4,0.13391654,1.0005112,2.0065732,0.49861684
2002-12-16 00:00:00,5,0.32227555,0.9972988,2.004263,0.49758878
2003-01-16 00:00:00,0,0.81782866,1.0000583,2.0031433,0.4992445
2003-01-16 00:00:00,1,0.018160831,0.9998946,2.0071015,0.4981784
2003-01-16 00:00:00,2,1.4778645,1.0012767,2.0009406,0.50040305
2003-01-16 00:00:00,3,0.49323973,1.0034204,2.0081973,0.49966222
2003-01-16 00:00:00,4,0.43429592,1.0009391,2.0064316,0.4988653
2003-01-16 00:00:00,5,0.11746563,0.99646425,2.0047815,0.49704382
2003-02-14 12:00:00,0,0.08446355,1.0002755,2.0022945,0.49956462
2003-02-14 12:00:00,1,0.691853,0.9992174,2.0060987,0.49808982
2003-02-14 12:00:00,2,0.13110512,1.0003397,1.9996876,0.500248
2003-02-14 12:00:00,3,2.2288244,1.0032889,2.0075424,0.49975973
2003-02-14 12:00:00,4,1.2548543,1.0005263,2.0061917,0.4987192
2003-02-14 12:00:00,5,0.13889705,0.9966063,2.0041332,0.49727547
2003-03-16 00:00:00,0,0.049382463,1.0003005,2.0023232,0.49956998
2003-03-16 00:00:00,1,0.46514997,0.99920344,2.00608,0.49808756
2003-03-16 00:00:00,2,0.79366404,1.0003024,1.9997258,0.5002198
2003-03-16 00:00:00,3,0.014546968,1.003234,2.0075305,0.4997354
2003-03-16 00:00:00,4,0.017009497,1.0005397,2.0062351,0.49871504
2003-03-16 00:00:00,5,1.126693,0.9966653,2.004165,0.49729705
2003-04-15 12:00:00,0,1.147588,1.0005025,2.002185,0.49970528
2003-04-15 12:00:00,1,0.06109646,0.99890035,2.0056744,0.49803716
2003-04-15 12:00:00,2,0.094913885,0.9997781,1.9995458,0.5000026
2003-04-15 12:00:00,3,0.7353233,1.0028862,2.007278,0.49962497
2003-04-15 12:00:00,4,0.056450598,1.0004566,2.0063844,0.49863654
2003-04-15 12:00:00,5,0.09707851,0.9970237,2.004132,0.49748403
2003-05-16 00:00:00,0,0.27526715,1.0000647,2.002828,0.49932635
2003-05-16 00:00:00,1,0.16834968,0.9997327,2.0068173,0.49816826
2003-05-16 00:00:00,2,0.17574014,1.001103,2.000456,0.5004374
2003-05-16 00:00:00,3,0.26023433,1.0035148,2.007998,0.49975884
2003-05-16 00:00:00,4,0.34907812,1.0008041,2.0062547,0.498842
2003-05-16 00:00:00,5,0.07761836,0.9963743,2.0045059,0.4970673
2003-06-15 12:00:00,0,0.13794078,0.9938779,1.980836,0.50174665
2003-06-15 12:00:00,1,0.7841734,0.99321866,1.9913101,0.4987765
2003-06-15 12:00:00,2,0.08025463,0.99861866,1.9969115,0.5000816
2003-06-15 12:00:00,3,0.050851624,0.9941331,1.9925021,0.49893704
2003-06-15 12:00:00,4,0.466591,0.99382526,1.9850094,0.50066525
2003-06-15 12:00:00,5,1.1590103,0.9920052,1.9891225,0.49871498
2003-07-16 00:00:00,0,0.08623421,0.9992542,2.0059907,0.498135
2003-07-16 00:00:00,1,0.39431366,1.002044,2.010409,0.4984279
2003-07-16 00:00:00,2,0.57446814,1.0039339,2.0084436,0.49985665
2003-07-16 00:00:00,3,0.11079499,1.0010782,2.0101228,0.49801847
2003-07-16 00:00:00,4,0.01159797,1.0023675,2.0070796,0.4994159
2003-07-16 00:00:00,5,0.34240177,0.9974925,2.0079262,0.49677747
2003-08-16 00:00:00,0,0.10915279,0.9998742,2.0042996,0.49886462
2003-08-16 00:00:00,1,0.28901172,1.0007118,2.0081553,0.4983239
2003-08-16 00:00:00,2,0.17808567,1.0023404,2.0027542,0.500481
2003-08-16 00:00:00,3,0.33213565,1.003238,2.0088267,0.4994149
2003-08-16 00:00:00,4,0.05425796,1.0015801,2.0068538,0.49907976
2003-08-16 00:00:00,5,0.07566196,0.9966182,2.0057526,0.49687994
2003-09-15 12:00:00,0,0.1790697,0.9943981,1.9833903,0.5013628
2003-09-15 12:00:00,1,0.38363865,0.9941171,1.9933484,0.4987172
2003-09-15 12:00:00,2,0.96442956,0.9990635,1.9988364,0.49982256
2003-09-15 12:00:00,3,0.6750014,0.99430466,1.9943341,0.49856475
2003-09-15 12:00:00,4,0.4878285,0.9947139,1.9872489,0.50054824
2003-09-15 12:00:00,5,1.8429476,0.992803,1.991345,0.498559
2003-10-16 00:00:00,0,0.1295498,0.99827164,2.0026398,0.49847788
2003-10-16 00:00:00,1,1.8473157,1.0009104,2.0089507,0.49822545
2003-10-16 00:00:00,2,1.0584123,1.0030982,2.0091972,0.49925324
2003-10-16 00:00:00,3,0.5475491,0.9989822,2.0086706,0.49733502
2003-10-16 00:00:00,4,0.35871726,1.0008365,2.003978,0.49942487
2003-10-16 00:00:00,5,0.14723931,0.99701464,2.0060768,0.49699724
2003-11-15 12:00:00,0,0.049199373,1.0002828,2.0024188,0.49953726
2003-11-15 12:00:00,1,0.68401635,0.9992728,2.0061765,0.49809816
2003-11-15 12:00:00,2,0.9909003,1.0003971,1.999858,0.50023407
2003-11-15 12:00:00,3,1.496107,1.0032398,2.0075915,0.49972305
2003-11-15 12:00:00,4,0.40158686,1.0005887,2.0062685,0.49873117
2003-11-15 12:00:00,5,0.3574999,0.99666226,2.0042362,0.49727783
2003-12-16 00:00:00,0,0.78740895,1.0005884,2.0022569,0.4997303
2003-12-16 00:00:00,1,0.36557657,0.99884003,2.0055873,0.4980287
2003-12-16 00:00:00,2,0.0036529547,0.9996357,1.999644,0.4999068
2003-12-16 00:00:00,3,2.144383,1.0027012,2.0072215,0.49954686
2003-12-16 00:00:00,4,0.4319197,1.0004919,2.0065188,0.49862072
2003-12-16 00:00:00,5,0.5118242,0.99722177,2.0042226,0.49756038
2004-01-16 00:00:00,0,0.6423763,1.0003453,2.0022423,0.49961254
2004-01-16 00:00:00,1,0.25584486,0.99911106,2.0059505,0.49807364
2004-01-16 00:00:00,2,0.1536587,1.0001583,1.9996148,0.5001755
2004-01-16 00:00:00,3,0.6681496,1.0031707,2.007448,0.4997244
2004-01-16 00:00:00,4,0.0017895432,1.0004977,2.0062397,0.49869302
2004-01-16 00:00:00,5,0.043035716,0.9967293,2.0041165,0.497341
2004-02-15 00:00:00,0,0.35528356,1.0005667,2.0022335,0.49972528
2004-02-15 00:00:00,1,0.3096759,0.99885225,2.0056074,0.4980298
2004-02-15 00:00:00,2,0.32550773,0.99966776,1.9996133,0.49993056
2004-02-15 00:00:00,3,0.107673645,1.0027496,2.0072355,0.49956748
2004-02-15 00:00:00,4,0.049781796,1.0004793,2.0064826,0.4986235
2004-02-15 00:00:00,5,0.21109134,0.9971694,2.0041957,0.49754092
2004-03-16 00:00:00,0,0.04803726,0.99987537,2.0040493,0.49892753
2004-03-16 00:00:00,1,0.6336302,1.0005559,2.0081117,0.49825707
2004-03-16 00:00:00,2,0.27759233,1.0021356,2.002439,0.5004575
2004-03-16 00:00:00,3,0.24171144,1.0033401,2.0088584,0.49945787
2004-03-16 00:00:00,4,0.695694,1.001372,2.0067434,0.4990035
2004-03-16 00:00:00,5,0.20775104,0.9964836,2.0055535,0.49686214
2004-04-15 12:00:00,0,1.4737518,0.999477,2.0060465,0.49823222
2004-04-15 12:00:00,1,0.66230035,1.0018266,2.0105217,0.4982919
2004-04-15 12:00:00,2,1.1882714,1.003519,2.007709,0.49983293
2004-04-15 12:00:00,3,0.71366316,1.001573,2.0104356,0.49818704
2004-04-15 12:00:00,4,0.23254965,1.0021737,2.0074544,0.49922612
2004-04-15 12:00:00,5,0.31077924,0.99734116,2.0078497,0.49672103
2004-05-16 00:00:00,0,0.47175086,0.9995279,2.0061538,0.49823093
2004-05-16 00:00:00,1,0.32861578,1.001838,2.0103726,0.49833447
2004-05-16 00:00:00,2,0.34132123,1.0034671,2.0081952,0.49968603
2004-05-16 00:00:00,3,0.14094155,1.0010594,2.0102406,0.4979799
2004-05-16 00:00:00,4,1.1988689,1.0023227,2.007537,0.49927983
2004-05-16 00:00:00,5,0.5776999,0.99774456,2.0080671,0.49686813
2004-06-15 12:00:00,0,0.018207617,0.9988461,2.0047803,0.49823222
2004-06-15 12:00:00,1,1.096368,1.0016644,2.009733,0.4984067
2004-06-15 12:00:00,2,0.21087697,1.0036396,2.0096521,0.49940962
2004-06-15 12:00:00,3,0.41975138,0.9995238,2.009347,0.49743715
2004-06-15 12:00:00,4,0.32919267,1.001942,2.0058408,0.49951226
2004-06-15 12:00:00,5,0.010222343,0.99775434,2.0075076,0.49701148
2004-07-16 00:00:00,0,0.11388248,0.9980963,2.0014467,0.49868742
2004-07-16 00:00:00,1,0.31519496,1.0003994,2.0074904,0.4983333
2004-07-16 00:00:00,2,0.8923827,1.0026282,2.0093646,0.49897775
2004-07-16 00:00:00,3,0.66091824,0.9976497,2.0072324,0.49702752
2004-07-16 00:00:00,4,1.169009,1.0006127,2.0028899,0.4995845
2004-07-16 00:00:00,5,0.07992635,0.9974797,2.005335,0.49741298
2004-08-16 00:00:00,0,0.052020803,0.9982214,2.002104,0.49858618
2004-08-16 00:00:00,1,0.5456425,1.0006739,2.0077941,0.49839467
2004-08-16 00:00:00,2,0.47679165,1.0028881,2.0095718,0.49905562
2004-08-16 00:00:00,3,0.0039783786,0.9978789,2.0074873,0.49707857
2004-08-16 00:00:00,4,0.25328434,1.0009581,2.0034106,0.49962702
2004-08-16 00:00:00,5,0.41359738,0.99760795,2.0057857,0.49736518
2004-09-15 12:00:00,0,0.085291885,0.9960767,1.9918699,0.50007117
2004-09-15 12:00:00,1,0.24230328,0.997011,2.0005567,0.49836677
2004-09-15 12:00:00,2,1.0641781,1.0005269,2.0045984,0.49911588
2004-09-15 12:00:00,3,0.6042806,0.995546,2.0009532,0.49753585
2004-09-15 12:00:00,4,0.20713334,0.9972227,1.9946399,0.49995127
2004-09-15 12:00:00,5,0.106413275,0.99500567,1.9982228,0.4979453
2004-10-16 00:00:00,0,0.5616365,1.0004587,2.0021508,0.499692
2004-10-16 00:00:00,1,0.57668215,0.99893284,2.0057175,0.49804264
2004-10-16 00:00:00,2,0.1792466,0.9998533,1.999498,0.50005215
2004-10-16 00:00:00,3,0.16501422,1.0029794,2.007305,0.4996647
2004-10-16 00:00:00,4,0.06883612,1.0004413,2.006317,0.49864572
2004-10-16 00:00:00,5,0.24552584,0.9969245,2.0040877,0.49744555
2004-11-15 12:00:00,0,0.88429517,1.0002759,2.0023255,0.49955705
2004-11-15 12:00:00,1,0.077320196,0.99923754,2.006096,0.49810058
2004-11-15 12:00:00,2,0.2973727,1.0003687,1.999717,0.50025517
2004-11-15 12:00:00,3,2.3397868,1.0032773,2.00753,0.49975708
2004-11-15 12:00:00,4,0.115761444,1.0005559,2.0062044,0.49873078
2004-11-15 12:00:00,5,0.14348824,0.9966256,2.004154,0.49727997
2004-12-16 00:00:00,0,0.01887266,1.0005755,2.0022411,0.4997278
2004-12-16 00:00:00,1,0.366879,0.9988462,2.0055976,0.4980292
2004-12-16 00:00:00,2,1.3018489,0.9996534,1.9996228,0.49992096
2004-12-16 00:00:00,3,0.074996255,1.0027303,2.0072284,0.4995596
2004-12-16 00:00:00,4,0.68452805,1.0004835,2.006496,0.49862224
2004-12-16 00:00:00,5,0.09497787,0.99719024,2.004205,0.49754903
2005-01-16 00:00:00,0,0.04312168,1.0005482,2.0022147,0.49972075
2005-01-16 00:00:00,1,0.082665004,0.9988636,2.0056229,0.49803162
2005-01-16 00:00:00,2,0.9561524,0.9996964,1.999587,0.49995142
2005-01-16 00:00:00,3,0.17388399,1.0027899,2.007245,0.49958515
2005-01-16 00:00:00,4,0.6616744,1.0004703,2.0064516,0.49862668
2005-01-16 00:00:00,5,0.032720525,0.9971262,2.0041735,0.4975249
2005-02-14 12:00:00,0,0.32590014,1.0004327,2.0021214,0.49968633
2005-02-14 12:00:00,1,0.83398545,0.9989463,2.0057435,0.4980429
2005-02-14 12:00:00,2,0.16649553,0.99988973,1.9994605,0.50007975
2005-02-14 12:00:00,3,0.019864874,1.003038,2.0073242,0.4996891
2005-02-14 12:00:00,4,0.3693424,1.000424,2.0062728,0.49864805
2005-02-14 12:00:00,5,0.5548894,0.9968602,2.004055,0.49742156
2005-03-16 00:00:00,0,0.2649364,1.0004927,2.0021665,0.49970505
2005-03-16 00:00:00,1,0.12233397,0.9989013,2.0056796,0.49803632
2005-03-16 00:00:00,2,0.44980583,0.9997868,1.9995221,0.5000129
2005-03-16 00:00:00,3,2.1856368,1.0029104,2.007283,0.4996358
2005-03-16 00:00:00,4,1.4301676,1.0004456,2.0063639,0.4986362
2005-03-16 00:00:00,5,0.093300164,0.9969967,2.0041137,0.49747512
2005-04-15 12:00:00,0,0.04712109,1.0002176,2.0024183,0.4995048
2005-04-15 12:00:00,1,0.11897689,0.99935,2.0062668,0.4981142
2005-04-15 12:00:00,2,0.75677836,1.0005434,1.999855,0.5003079
2005-04-15 12:00:00,3,0.16041598,1.0033607,2.007643,0.4997705
2005-04-15 12:00:00,4,0.7864289,1.0005988,2.0061939,0.49875477
2005-04-15 12:00:00,5,0.35261866,0.9965366,2.0042126,0.497221
2005-05-16 00:00:00,0,0.2507024,1.0003821,2.002173,0.49964818
2005-05-16 00:00:00,1,1.0996842,0.9990336,2.0058446,0.4980613
2005-05-16 00:00:00,2,0.023950592,1.0000373,1.9995221,0.50013816
2005-05-16 00:00:00,3,0.17451498,1.0031192,2.0073812,0.49971536
2005-05-16 00:00:00,4,0.1615057,1.000461,2.0062425,0.498674
2005-05-16 00:00:00,5,0.032226946,0.99678063,2.0040748,0.49737695
2005-06-15 12:00:00,0,0.09456326,0.9997892,2.0055225,0.49851805
2005-06-15 12:00:00,1,0.2229673,1.0013409,2.009562,0.49828812
2005-06-15 12:00:00,2,0.0030219594,1.002926,2.0053537,0.5001242
2005-06-15 12:00:00,3,1.3541402,1.002472,2.0098517,0.49877912
2005-06-15 12:00:00,4,0.699574,1.001987,2.007508,0.4991198
2005-06-15 12:00:00,5,0.5408453,0.99708766,2.0070457,0.4967937
2005-07-16 00:00:00,0,1.3799781,0.9919161,1.9703836,0.50341266
2005-07-16 00:00:00,1,0.36454567,0.9894911,1.9825763,0.4990936
2005-07-16 00:00:00,2,0.8950522,0.9965876,1.9891483,0.5010122
2005-07-16 00:00:00,3,0.7930046,0.99310315,1.9845951,0.5004059
2005-07-16 00:00:00,4,0.83463985,0.99053144,1.9760765,0.5012617
2005-07-16 00:00:00,5,0.051885784,0.9889719,1.9803892,0.4993826
2005-08-16 00:00:00,0,0.1077142,0.9971552,1.9972435,0.4992657
2005-08-16 00:00:00,1,0.38863283,0.9990107,2.004486,0.49838743
2005-08-16 00:00:00,2,0.14250487,1.0018262,2.0073583,0.4990769
2005-08-16 00:00:00,3,0.5696352,0.99661815,2.0044389,0.49720556
2005-08-16 00:00:00,4,0.30073515,0.99914104,1.9991697,0.499778
2005-08-16 00:00:00,5,0.080316976,0.99650156,2.002204,0.49770233
2005-09-15 12:00:00,0,0.21492477,0.9985329,2.003868,0.4983027
2005-09-15 12:00:00,1,0.6869109,1.0014299,2.0095267,0.49834117
2005-09-15 12:00:00,2,0.6606653,1.0035783,2.0093858,0.4994453
2005-09-15 12:00:00,3,1.1587995,0.999602,2.0091763,0.49751833
2005-09-15 12:00:00,4,0.28598106,1.0014822,2.0049798,0.4994974
2005-09-15 12:00:00,5,0.19483691,0.9971614,2.006883,0.49687073
2005-10-16 00:00:00,0,0.00075617677,0.9994078,2.0059404,0.49822408
2005-10-16 00:00:00,1,0.098018795,1.0018123,2.0105922,0.4982673
2005-10-16 00:00:00,2,2.0511184,1.0035006,2.0080717,0.49973345
2005-10-16 00:00:00,3,0.26768515,1.0012981,2.0104609,0.49804404
2005-10-16 00:00:00,4,0.5237686,1.0021026,2.0073214,0.4992238
2005-10-16 00:00:00,5,0.29398677,0.99740237,2.007884,0.49674302
2005-11-15 12:00:00,0,0.15287551,1.0002743,2.0025291,0.4995055
2005-11-15 12:00:00,1,0.76668185,0.9993436,2.0062485,0.49811557
2005-11-15 12:00:00,2,0.119243905,1.0004897,2.0000017,0.50024444
2005-11-15 12:00:00,3,0.14023001,1.0032208,2.007628,0.49970454
2005-11-15 12:00:00,4,0.50931656,1.0006571,2.0063164,0.49875337
2005-11-15 12:00:00,5,0.17472942,0.9966903,2.004321,0.49727076
2005-12-16 00:00:00,0,0.036338914,1.0006433,2.002323,0.4997412
2005-12-16 00:00:00,1,0.029063046,0.9988131,2.00554,0.49802703
2005-12-16 00:00:00,2,2.2193897,0.9995596,1.9997306,0.4998471
2005-12-16 00:00:00,3,1.0553703,1.0025771,2.0071876,0.49949345
2005-12-16 00:00:00,4,0.8216846,1.0005282,2.0066144,0.4986151
2005-12-16 00:00:00,5,0.070868194,0.9973571,2.004295,0.49760988
2006-01-16 00:00:00,0,0.89413667,1.0005162,2.0021882,0.49971136
2006-01-16 00:00:00,1,0.11070264,0.998886,2.0056567,0.4980344
2006-01-16 00:00:00,2,1.6477857,0.9997494,1.9995517,0.4999868
2006-01-16 00:00:00,3,0.20974693,1.0028591,2.0072677,0.49961403
2006-01-16 00:00:00,4,0.14682892,1.0004567,2.0064018,0.49863228
2006-01-16 00:00:00,5,0.6330982,0.99705184,2.0041401,0.49749607
2006-02-14 12:00:00,0,1.4681386,1.0003943,2.002171,0.4996548
2006-02-14 12:00:00,1,0.8864482,0.99901766,2.0058277,0.49805757
2006-02-14 12:00:00,2,0.39458343,1.0000077,1.9995211,0.5001236
2006-02-14 12:00:00,3,1.7909812,1.003097,2.0073724,0.4997065
2006-02-14 12:00:00,4,2.8252842,1.000457,2.0062554,0.49866885
2006-02-14 12:00:00,5,0.50382966,0.996803,2.0040781,0.4973873
2006-03-16 00:00:00,0,0.15400134,1.0006008,2.0022695,0.49973333
2006-03-16 00:00:00,1,0.22098185,0.99883246,2.005576,0.49802774
2006-03-16 00:00:00,2,0.8683334,0.99961656,1.999661,0.499893
2006-03-16 00:00:00,3,0.013254652,1.0026739,2.0072138,0.49953514
2006-03-16 00:00:00,4,1.0181345,1.0004982,2.0065393,0.49861878
2006-03-16 00:00:00,5,0.07243623,0.9972512,2.0042372,0.49757147
2006-04-15 12:00:00,0,0.20259537,1.0005839,2.0022542,0.49972868
2006-04-15 12:00:00,1,0.1624364,0.99884385,2.005592,0.4980294
2006-04-15 12:00:00,2,1.4588937,0.999644,1.9996401,0.49991193
2006-04-15 12:00:00,3,0.45903677,1.0027105,2.0072243,0.49955076
2006-04-15 12:00:00,4,0.14654422,1.0004909,2.0065124,0.49862185
2006-04-15 12:00:00,5,9.528132e-05,0.99721205,2.0042186,0.49755654
2006-05-16 00:00:00,0,0.14661483,0.999968,2.0034773,0.4991162
2006-05-16 00:00:00,1,1.9254295,1.0001812,2.007432,0.49823916
2006-05-16 00:00:00,2,0.36743796,1.0016826,2.0014384,0.50048137
2006-05-16 00:00:00,3,0.4442606,1.0034451,2.0083818,0.49962866
2006-05-16 00:00:00,4,0.5916751,1.0011458,2.006506,0.49894986
2006-05-16 00:00:00,5,0.12122724,0.99644005,2.0050418,0.49696723
2006-06-15 12:00:00,0,0.03476661,0.99847096,2.0030546,0.49847415
2006-06-15 12:00:00,1,0.04268667,1.0010067,2.0086184,0.49835587
2006-06-15 12:00:00,2,0.8692833,1.0030763,2.0096726,0.49912423
2006-06-15 12:00:00,3,0.14421988,0.9984189,2.0082908,0.4971486
2006-06-15 12:00:00,4,0.4825864,1.0012621,2.0043483,0.49954495
2006-06-15 12:00:00,5,0.43177363,0.9977058,2.0064905,0.49723926
2006-07-16 00:00:00,0,0.5396696,0.996694,1.9951528,0.49955773
2006-07-16 00:00:00,1,0.163339,0.9982941,2.002948,0.4984124
2006-07-16 00:00:00,2,0.9555134,1.001439,2.006318,0.49914268
2006-07-16 00:00:00,3,0.41024137,0.9963022,2.0030634,0.49738923
2006-07-16 00:00:00,4,0.22878933,0.99845284,1.9973513,0.49988845
2006-07-16 00:00:00,5,0.05733189,0.9958176,2.0006807,0.4977394
2006-08-16 00:00:00,0,0.2895181,0.99180144,1.9697337,0.50352055
2006-08-16 00:00:00,1,0.19373384,0.98927534,1.9819877,0.49913293
2006-08-16 00:00:00,2,0.18745367,0.9964542,1.9887569,0.50104374
2006-08-16 00:00:00,3,0.35202906,0.99300575,1.9840621,0.50049126
2006-08-16 00:00:00,4,0.53998953,0.9903882,1.9755363,0.50132626
2006-08-16 00:00:00,5,0.503424,0.9887947,1.979953,0.4994031
2006-09-15 12:00:00,0,0.21691345,0.99160177,1.9689788,0.5036122
2006-09-15 12:00:00,1,0.3927649,0.98905337,1.9813963,0.4991699
2006-09-15 12:00:00,2,0.15102674,0.9964846,1.9881684,0.50120735
2006-09-15 12:00:00,3,0.2287182,0.9931973,1.9835479,0.5007176
2006-09-15 12:00:00,4,0.3398957,0.99021053,1.9748521,0.50140995
2006-09-15 12:00:00,5,0.596552,0.9883077,1.9793277,0.49931484
2006-10-16 00:00:00,0,0.13265114,0.99977547,2.0053198,0.4985616
2006-10-16 00:00:00,1,0.024563933,1.0013074,2.0092,0.4983612
2006-10-16 00:00:00,2,0.4510528,1.0029796,2.004811,0.50028634
2006-10-16 00:00:00,3,0.7251586,1.0026464,2.009521,0.49894798
2006-10-16 00:00:00,4,0.14814016,1.0020247,2.0073347,0.49918166
2006-10-16 00:00:00,5,0.31831765,0.9970138,2.0067852,0.4968214
2006-11-15 12:00:00,0,0.23662706,1.0002489,2.0025647,0.49948394
2006-11-15 12:00:00,1,0.42107922,0.99939054,2.0063167,0.49812204
2006-11-15 12:00:00,2,0.12793326,1.0005637,2.0000548,0.50026816
2006-11-15 12:00:00,3,0.28505412,1.0032579,2.007672,0.49971202
2006-11-15 12:00:00,4,0.6039141,1.000675,2.0063088,0.4987642
2006-11-15 12:00:00,5,0.23964596,0.996651,2.004343,0.49724573
2006-12-16 00:00:00,0,0.1440823,1.0003881,2.0021548,0.49965572
2006-12-16 00:00:00,1,0.1094935,0.99901456,2.005835,0.49805418
2006-12-16 00:00:00,2,0.124173276,1.0000073,1.9995034,0.50012785
2006-12-16 00:00:00,3,1.2783968,1.0031147,2.0073812,0.49971312
2006-12-16 00:00:00,4,0.37429217,1.0004438,2.0062416,0.4986657
2006-12-16 00:00:00,5,0.08930288,0.9967817,2.004064,0.49738017
2007-01-16 00:00:00,0,0.15873888,0.99984974,2.0041382,0.4988926
2007-01-16 00:00:00,1,0.66711605,1.0006357,2.008192,0.49827692
2007-01-16 00:00:00,2,0.076413885,1.0022485,2.00259,0.5004762
2007-01-16 00:00:00,3,1.7810856,1.0033299,2.008897,0.49944314
2007-01-16 00:00:00,4,0.022193333,1.0014341,2.0067592,0.49903053
2007-01-16 00:00:00,5,0.38301975,0.99648917,2.0056295,0.49684608
2007-02-14 12:00:00,0,0.009789286,1.0005251,2.0021944,0.4997143
2007-02-14 12:00:00,1,1.1674005,0.99887913,2.0056462,0.49803355
2007-02-14 12:00:00,2,0.92759454,0.99973404,1.9995599,0.49997705
2007-02-14 12:00:00,3,0.11013763,1.00284,2.0072608,0.49960625
2007-02-14 12:00:00,4,0.20120125,1.0004599,2.006415,0.4986306
2007-02-14 12:00:00,5,0.027815854,0.99707216,2.0041485,0.49750414
2007-03-16 00:00:00,0,0.26233152,0.99968123,2.0053966,0.49849552
2007-03-16 00:00:00,1,0.102270015,1.0013891,2.00964,0.4982928
2007-03-16 00:00:00,2,0.4038632,1.0030667,2.0052574,0.5002184
2007-03-16 00:00:00,3,2.2180543,1.0026354,2.0098975,0.498849
2007-03-16 00:00:00,4,0.10910073,1.0019209,2.0073178,0.49913418
2007-03-16 00:00:00,5,0.30511996,0.9968748,2.0069199,0.4967188
2007-04-15 12:00:00,0,0.079707585,1.0001533,2.0026827,0.49940678
2007-04-15 12:00:00,1,0.98682606,0.99956524,2.006532,0.49815565
2007-04-15 12:00:00,2,0.53159887,1.0008487,2.0002172,0.50036997
2007-04-15 12:00:00,3,0.25367376,1.0033973,2.0077994,0.4997498
2007-04-15 12:00:00,4,0.23881467,1.0007513,2.0062642,0.4988133
2007-04-15 12:00:00,5,0.40908545,0.9965096,2.004406,0.49715957
2007-05-16 00:00:00,0,0.8304369,0.9994474,2.0059981,0.49822947
2007-05-16 00:00:00,1,1.0101163,1.00186,2.0104856,0.49831742
2007-05-16 00:00:00,2,0.1098108,1.0035993,2.0076103,0.49989745
2007-05-16 00:00:00,3,0.38417888,1.0016278,2.010381,0.49822786
2007-05-16 00:00:00,4,0.77256644,1.0021985,2.0073893,0.49925464
2007-05-16 00:00:00,5,0.0020310036,0.99730414,2.0078065,0.49671325
2007-06-15 12:00:00,0,0.4042853,0.9957927,1.9898674,0.50043166
2007-06-15 12:00:00,1,0.25424522,0.9962754,1.9985288,0.4985044
2007-06-15 12:00:00,2,0.5228672,1.0000376,2.0032556,0.49920616
2007-06-15 12:00:00,3,0.41562194,0.9948955,1.9990687,0.4976795
2007-06-15 12:00:00,4,0.35007957,0.99674875,1.9929672,0.50013304
2007-06-15 12:00:00,5,1.1943136,0.9948924,1.9966497,0.49828088
2007-07-16 00:00:00,0,0.3583996,0.99792916,2.000614,0.49881145
2007-07-16 00:00:00,1,0.4778235,1.0000558,2.007069,0.49826676
2007-07-16 00:00:00,2,0.0071965447,1.0023384,2.009102,0.49889868
2007-07-16 00:00:00,3,0.037705444,0.9974269,2.0068905,0.49700117
2007-07-16 00:00:00,4,1.1332905,1.0002162,2.0022304,0.49955103
2007-07-16 00:00:00,5,1.2044737,0.99724543,2.0047908,0.49743116
2007-08-16 00:00:00,0,0.54905736,0.99550134,1.9888319,0.50054574
2007-08-16 00:00:00,1,0.17834756,0.99597836,1.9976413,0.49857718
2007-08-16 00:00:00,2,0.011487601,1.0000163,2.0025456,0.49937257
2007-08-16 00:00:00,3,0.121575795,0.9948824,1.9982358,0.49788037
2007-08-16 00:00:00,4,1.0282778,0.99644154,1.9919314,0.5002389
2007-08-16 00:00:00,5,0.2884821,0.9944519,1.9957042,0.49829623
2007-09-15 12:00:00,0,0.061182264,0.9995388,2.005626,0.4983675
2007-09-15 12:00:00,1,0.17931463,1.0016747,2.009881,0.4983751
2007-09-15 12:00:00,2,0.17715476,1.0034907,2.0059793,0.50024974
2007-09-15 12:00:00,3,0.5104239,1.0024282,2.0099628,0.4987297
2007-09-15 12:00:00,4,0.5116247,1.0021331,2.0072534,0.49925593
2007-09-15 12:00:00,5,0.31109875,0.9969394,2.0071888,0.49668443
2007-10-16 00:00:00,0,0.042785052,1.0000832,2.0032532,0.49922955
2007-10-16 00:00:00,1,0.23454098,0.9999285,2.0071151,0.4981919
2007-10-16 00:00:00,2,0.11045756,1.0012983,2.0010874,0.5003771
2007-10-16 00:00:00,3,0.26129118,1.0033314,2.0081935,0.4996189
2007-10-16 00:00:00,4,0.8938647,1.0010097,2.0065148,0.4988798
2007-10-16 00:00:00,5,0.19079168,0.9965652,2.0048802,0.49706972
2007-11-15 12:00:00,0,0.83183366,0.9995035,2.0058827,0.4982861
2007-11-15 12:00:00,1,0.16598491,1.0017388,2.0104377,0.498269
2007-11-15 12:00:00,2,0.7278778,1.0034461,2.0070243,0.4999671
2007-11-15 12:00:00,3,1.2169266,1.0020157,2.010437,0.49840692
2007-11-15 12:00:00,4,0.69110626,1.0020652,2.0074148,0.49918193
2007-11-15 12:00:00,5,0.33625934,0.99706864,2.0075965,0.49664792
2007-12-16 00:00:00,0,0.11254606,1.0004126,2.0021517,0.49966872
2007-12-16 00:00:00,1,0.58351195,0.998986,2.0057907,0.49805096
2007-12-16 00:00:00,2,0.053040765,0.99995404,1.9994981,0.5001025
2007-12-16 00:00:00,3,0.15210557,1.0030676,2.0073512,0.49969712
2007-12-16 00:00:00,4,1.935389,1.0004436,2.006266,0.49865946
2007-12-16 00:00:00,5,0.18162832,0.9968319,2.0040705,0.4974036
2008-01-16 00:00:00,0,0.4198902,1.0006285,2.0023034,0.4997387
2008-01-16 00:00:00,1,0.07061221,0.9988195,2.0055518,0.49802727
2008-01-16 00:00:00,2,0.0651887,0.9995789,1.9997053,0.4998631
2008-01-16 00:00:00,3,0.097955555,1.0026108,2.007196,0.49950817
2008-01-16 00:00:00,4,1.4917575,1.0005174,2.006588,0.49861625
2008-01-16 00:00:00,5,0.1455496,0.99732006,2.0042741,0.49759662
2008-02-15 00:00:00,0,0.40837312,1.0004578,2.0021584,0.4996896
2008-02-15 00:00:00,1,0.0067193904,0.998938,2.0057237,0.4980437
2008-02-15 00:00:00,2,0.78160566,0.9998602,1.9995079,0.50005317
2008-02-15 00:00:00,3,0.5245586,1.0029789,2.0073082,0.49966362
2008-02-15 00:00:00,4,0.47788805,1.0004458,2.0063195,0.4986473
2008-02-15 00:00:00,5,0.25343135,0.9969255,2.0040932,0.49744466
2008-03-16 00:00:00,0,0.09995051,0.9995102,2.0059657,0.49826884
2008-03-16 00:00:00,1,0.12190473,1.001776,2.0104523,0.4982839
2008-03-16 00:00:00,2,0.16667652,1.0034646,2.0073001,0.49990758
2008-03-16 00:00:00,3,0.7767538,1.001808,2.0104194,0.498308
2008-03-16 00:00:00,4,0.76804596,1.0021291,2.0074592,0.49920273
2008-03-16 00:00:00,5,0.40327337,0.99723047,2.0077243,0.49669692
2008-04-15 12:00:00,0,0.054742076,0.9982842,2.002437,0.49853462
2008-04-15 12:00:00,1,0.616291,1.0007399,2.0088522,0.49816504
2008-04-15 12:00:00,2,0.7318817,1.0028069,2.0096087,0.49900603
2008-04-15 12:00:00,3,1.325552,0.9986553,2.0086358,0.49718088
2008-04-15 12:00:00,4,2.280386,1.0007149,2.0038803,0.49938858
2008-04-15 12:00:00,5,0.2982386,0.99706835,2.0061429,0.49700764
2008-05-16 00:00:00,0,0.686155,1.0000154,2.0034606,0.49914402
2008-05-16 00:00:00,1,0.07874025,1.0001564,2.0071456,0.49829787
2008-05-16 00:00:00,2,0.28278947,1.0016676,2.0012896,0.50051105
2008-05-16 00:00:00,3,0.019320434,1.0033499,2.0081124,0.49964827
2008-05-16 00:00:00,4,0.11563834,1.0012492,2.006511,0.4990001
2008-05-16 00:00:00,5,0.28102696,0.99659735,2.0049999,0.49705607
2008-06-15 12:00:00,0,0.06482263,0.9928077,1.9752778,0.50261676
2008-06-15 12:00:00,1,0.060386732,0.9912734,1.9866235,0.49897397
2008-06-15 12:00:00,2,0.89525896,0.9976327,1.992863,0.5006027
2008-06-15 12:00:00,3,0.41534775,0.9935648,1.9882458,0.4997193
2008-06-15 12:00:00,4,0.63961697,0.99216247,1.9802489,0.5010292
2008-06-15 12:00:00,5,0.053034686,0.99037963,1.9845618,0.49904197
2008-07-16 00:00:00,0,0.57847416,0.99437726,1.9830317,0.5014429
2008-07-16 00:00:00,1,0.5729522,0.9938915,1.993162,0.4986506
2008-07-16 00:00:00,2,0.8018689,0.9987856,1.9985996,0.49974272
2008-07-16 00:00:00,3,0.43167338,0.9941937,1.9941975,0.49854323
2008-07-16 00:00:00,4,0.12031025,0.9944486,1.9870025,0.5004768
2008-07-16 00:00:00,5,0.20580594,0.99273515,1.9909965,0.4986122
2008-08-16 00:00:00,0,1.1739246,0.9919049,1.9704927,0.5033791
2008-08-16 00:00:00,1,0.11258377,0.98955536,1.9828457,0.4990582
2008-08-16 00:00:00,2,0.15697047,0.99667007,1.9892672,0.5010237
2008-08-16 00:00:00,3,0.8744594,0.9932889,1.9848691,0.5004304
2008-08-16 00:00:00,4,0.5352348,0.99055773,1.9762008,0.5012435
2008-08-16 00:00:00,5,0.07445633,0.9888124,1.9805746,0.4992553
2008-09-15 12:00:00,0,0.6935236,0.99179935,1.9699738,0.50345814
2008-09-15 12:00:00,1,0.40470618,0.9893982,1.9823065,0.49911463
2008-09-15 12:00:00,2,0.8372995,0.99659884,1.9889075,0.50107855
2008-09-15 12:00:00,3,0.6590432,0.99319106,1.9843514,0.5005117
2008-09-15 12:00:00,4,0.3447668,0.9904451,1.975708,0.5013115
2008-09-15 12:00:00,5,0.16178752,0.9886981,1.9801294,0.49930987
2008-10-16 00:00:00,0,0.6107728,0.99976593,2.0049667,0.49864465
2008-10-16 00:00:00,1,0.9984941,1.0011137,2.0090964,0.4982905
2008-10-16 00:00:00,2,0.06402919,1.00276,2.004219,0.5003246
2008-10-16 00:00:00,3,0.55853826,1.0029246,2.0095267,0.49908495
2008-10-16 00:00:00,4,0.2905114,1.0017614,2.0071566,0.4990948
2008-10-16 00:00:00,5,0.2835045,0.9967459,2.0064533,0.49677005
2008-11-15 12:00:00,0,0.13947234,1.0002548,2.0023415,0.49954253
2008-11-15 12:00:00,1,0.08157457,0.99926764,2.006154,0.49810115
2008-11-15 12:00:00,2,0.17150588,1.0004178,1.9997474,0.5002721
2008-11-15 12:00:00,3,0.1796052,1.0033135,2.0075727,0.4997645
2008-11-15 12:00:00,4,2.8429055,1.0005574,2.0061924,0.4987345
2008-11-15 12:00:00,5,0.14784908,0.9965843,2.0041623,0.4972573
2008-12-16 00:00:00,0,0.1599058,1.000379,2.002178,0.49964538
2008-12-16 00:00:00,1,0.14916389,0.9990397,2.0058525,0.4980624
2008-12-16 00:00:00,2,0.47072124,1.0000471,1.9995284,0.5001415
2008-12-16 00:00:00,3,0.10421239,1.003124,2.0073862,0.4997165
2008-12-16 00:00:00,4,0.6174805,1.0004637,2.0062413,0.49867567
2008-12-16 00:00:00,5,0.13044469,0.9967759,2.0040774,0.49737397
2009-01-16 00:00:00,0,0.5945666,1.0001749,2.0025008,0.49946293
2009-01-16 00:00:00,1,0.26190072,0.99944776,2.0063617,0.49813938
2009-01-16 00:00:00,2,0.44150588,1.0006989,1.9999558,0.50036055
2009-01-16 00:00:00,3,0.50393087,1.0034125,2.0076895,0.4997847
2009-01-16 00:00:00,4,0.061745618,1.0006608,2.0061862,0.49878758
2009-01-16 00:00:00,5,0.73659945,0.9964917,2.0042608,0.49718663
2009-02-14 12:00:00,0,0.24724744,1.0005405,2.0022008,0.49972034
2009-02-14 12:00:00,1,0.051975526,0.9988644,2.00563,0.49803025
2009-02-14 12:00:00,2,0.0011984933,0.99970305,1.9995707,0.49995884
2009-02-14 12:00:00,3,0.19205779,1.0028093,2.007252,0.49959314
2009-02-14 12:00:00,4,0.45826834,1.0004609,2.006436,0.49862581
2009-02-14 12:00:00,5,0.061193384,0.9971041,2.0041602,0.49751717
2009-03-16 00:00:00,0,0.07515995,1.0004237,2.0021873,0.49966538
2009-03-16 00:00:00,1,1.6535438,0.9989935,2.0057893,0.49805507
2009-03-16 00:00:00,2,1.7636576,0.9999556,1.9995419,0.5000923
2009-03-16 00:00:00,3,0.33884853,1.0030357,2.0073462,0.49968246
2009-03-16 00:00:00,4,0.3244435,1.0004667,2.0062962,0.4986635
2009-03-16 00:00:00,5,0.10799573,0.99686915,2.004102,0.49741438
2009-04-15 12:00:00,0,0.14152081,0.9999576,2.0039353,0.49899694
2009-04-15 12:00:00,1,0.5061608,1.0004226,2.007807,0.4982663
2009-04-15 12:00:00,2,2.5115776,1.001947,2.0021574,0.5004337
2009-04-15 12:00:00,3,0.10457841,1.0032711,2.0086281,0.49948075
2009-04-15 12:00:00,4,1.1392242,1.0013632,2.0067544,0.49899638
2009-04-15 12:00:00,5,0.28763637,0.9966039,2.005446,0.49694878
2009-05-16 00:00:00,0,0.28902206,1.0001236,2.003061,0.49929762
2009-05-16 00:00:00,1,0.2386868,0.99979097,2.0068681,0.49818468
2009-05-16 00:00:00,2,0.22351645,1.0011228,2.0007725,0.5003682
2009-05-16 00:00:00,3,0.09642288,1.003328,2.008019,0.4996606
2009-05-16 00:00:00,4,0.3545425,1.000935,2.0064442,0.4988601
2009-05-16 00:00:00,5,0.043972448,0.9965827,2.0047178,0.49711868
2009-06-15 12:00:00,0,0.06467249,1.0001228,2.0030575,0.4992981
2009-06-15 12:00:00,1,0.012945104,0.9998208,2.0067103,0.49823874
2009-06-15 12:00:00,2,2.4843683,1.0011961,2.0006886,0.5004258
2009-06-15 12:00:00,3,0.3374343,1.0033126,2.0078502,0.49969494
2009-06-15 12:00:00,4,0.03165788,1.0010247,2.0064113,0.49891302
2009-06-15 12:00:00,5,0.013820004,0.9966371,2.0046897,0.4971528
2009-07-16 00:00:00,0,0.43134946,0.9953506,1.9881368,0.5006449
2009-07-16 00:00:00,1,0.025851378,0.9957206,1.9972346,0.49854967
2009-07-16 00:00:00,2,0.3487268,0.9998615,2.002032,0.49942333
2009-07-16 00:00:00,3,0.03668108,0.99484634,1.9978713,0.49795318
2009-07-16 00:00:00,4,0.52386767,0.9961132,1.9913327,0.5002244
2009-07-16 00:00:00,5,0.5436111,0.9942034,1.9950731,0.4983293
2009-08-16 00:00:00,0,0.043220185,0.99819225,2.0020535,0.4985842
2009-08-16 00:00:00,1,1.3898424,1.000697,2.008053,0.49834192
2009-08-16 00:00:00,2,0.47162446,1.0029093,2.0093815,0.49911344
2009-08-16 00:00:00,3,0.15553623,0.9981258,2.0077543,0.49713543
2009-08-16 00:00:00,4,0.18209818,1.0008413,2.0034115,0.4995685
2009-08-16 00:00:00,5,0.37518504,0.9974361,2.0057688,0.4972837
2009-09-15 12:00:00,0,0.1027235,0.9954476,1.9886851,0.50055563
2009-09-15 12:00:00,1,0.8717201,0.99588,1.9980563,0.4984244
2009-09-15 12:00:00,2,1.0027759,0.9999219,2.0024562,0.49934772
2009-09-15 12:00:00,3,0.066421546,0.9952245,1.9987181,0.4979314
2009-09-15 12:00:00,4,0.025775727,0.9961688,1.9919165,0.5001057
2009-09-15 12:00:00,5,0.04218458,0.99403244,1.9956536,0.49809867
2009-10-16 00:00:00,0,0.035501987,1.0003873,2.0021567,0.49965483
2009-10-16 00:00:00,1,0.232611,0.99901795,2.0058298,0.4980572
2009-10-16 00:00:00,2,0.22537883,1.0000135,1.9995023,0.5001312
2009-10-16 00:00:00,3,0.052926775,1.0031142,2.0073745,0.49971452
2009-10-16 00:00:00,4,0.62725896,1.0004492,2.0062401,0.4986687
2009-10-16 00:00:00,5,0.5334706,0.9967839,2.0040643,0.4973812
2009-11-15 12:00:00,0,1.5037907,0.99979776,2.0050585,0.4986377
2009-11-15 12:00:00,1,0.33912525,1.0011443,2.0090013,0.49832934
2009-11-15 12:00:00,2,0.28588295,1.002796,2.0042837,0.5003264
2009-11-15 12:00:00,3,0.41338757,1.0028323,2.009419,0.49906582
2009-11-15 12:00:00,4,0.035863295,1.0018684,2.007221,0.49913207
2009-11-15 12:00:00,5,0.64804536,0.9968747,2.006516,0.49681872
2009-12-16 00:00:00,0,0.7303172,1.000439,2.002145,0.4996836
2009-12-16 00:00:00,1,0.4022514,0.99895227,2.005745,0.4980455
2009-12-16 00:00:00,2,0.35210598,0.99989235,1.9994903,0.5000736
2009-12-16 00:00:00,3,0.0009306692,1.0030186,2.0073228,0.49967977
2009-12-16 00:00:00,4,0.27617925,1.0004389,2.0062916,0.4986508
2009-12-16 00:00:00,5,0.61036414,0.9968829,2.0040755,0.49742782
2010-01-16 00:00:00,0,0.8913454,1.0005894,2.0022542,0.49973142
2010-01-16 00:00:00,1,0.62227803,0.9988374,2.0055852,0.49802792
2010-01-16 00:00:00,2,0.42953736,0.9996315,1.9996412,0.49990544
2010-01-16 00:00:00,3,0.76360095,1.0027002,2.0072207,0.49954656
2010-01-16 00:00:00,4,0.6724804,1.0004898,2.0065188,0.4986197
2010-01-16 00:00:00,5,0.21197203,0.9972224,2.004221,0.49756113
2010-02-14 12:00:00,0,0.2662657,1.0004889,2.0021646,0.49970362
2010-02-14 12:00:00,1,0.07007328,0.9989052,2.005682,0.49803767
2010-02-14 12:00:00,2,0.239119,0.999795,1.9995188,0.5000178
2010-02-14 12:00:00,3,0.44512916,1.0029178,2.0072834,0.49963933
2010-02-14 12:00:00,4,0.16123767,1.0004462,2.0063584,0.49863783
2010-02-14 12:00:00,5,0.30590287,0.9969894,2.0041108,0.4974722
2010-03-16 00:00:00,0,0.8644059,1.000333,2.0022178,0.49961245
2010-03-16 00:00:00,1,0.1774351,0.9991131,2.005951,0.49807453
2010-03-16 00:00:00,2,0.07656062,1.0001714,1.999581,0.5001905
2010-03-16 00:00:00,3,0.08416534,1.0032005,2.0074475,0.49973938
2010-03-16 00:00:00,4,0.61506796,1.0004871,2.0062122,0.49869454
2010-03-16 00:00:00,5,0.09456023,0.9966974,2.004092,0.49733117
2010-04-15 12:00:00,0,0.47853473,1.000479,2.0021646,0.49969867
2010-04-15 12:00:00,1,0.20835695,0.9989168,2.0056958,0.49804002
2010-04-15 12:00:00,2,0.5376786,0.99981725,1.9995177,0.5000292
2010-04-15 12:00:00,3,0.14544868,1.0029365,2.0072916,0.49964663
2010-04-15 12:00:00,4,0.13697581,1.0004475,2.006347,0.49864134
2010-04-15 12:00:00,5,0.26174858,0.9969701,2.0041068,0.49746358
2010-05-16 00:00:00,0,1.0649956,1.0001376,2.002887,0.49934798
2010-05-16 00:00:00,1,0.26253727,0.9996936,2.0066807,0.49818268
2010-05-16 00:00:00,2,0.33799237,1.001012,2.0004988,0.5003812
2010-05-16 00:00:00,3,0.3049423,1.0033565,2.0078828,0.49970868
2010-05-16 00:00:00,4,0.25825375,1.0008699,2.0063558,0.49884966
2010-05-16 00:00:00,5,0.21184975,0.9965614,2.0045693,0.4971449
2010-06-15 12:00:00,0,0.68005806,0.99674416,1.9951643,0.49958
2010-06-15 12:00:00,1,0.40378872,0.9982002,2.0028443,0.4983913
2010-06-15 12:00:00,2,0.88251346,1.0013309,2.0062745,0.49909964
2010-06-15 12:00:00,3,1.049114,0.9961974,2.0030115,0.49734983
2010-06-15 12:00:00,4,0.2683951,0.9984198,1.9974105,0.4998571
2010-06-15 12:00:00,5,0.6759639,0.9959377,2.000626,0.49781302
2010-07-16 00:00:00,0,1.0428203,0.99454397,1.9840858,0.5012606
2010-07-16 00:00:00,1,0.3360243,0.99432224,1.9939487,0.49866992
2010-07-16 00:00:00,2,1.3213378,0.9991192,1.99926,0.49974453
2010-07-16 00:00:00,3,0.114543125,0.99434,1.9948864,0.49844444
2010-07-16 00:00:00,4,0.49598956,0.99482876,1.9878334,0.50045884
2010-07-16 00:00:00,5,0.59223086,0.9930711,1.9918013,0.4985794
2010-08-16 00:00:00,0,0.54492426,0.9963574,1.9929613,0.49993816
2010-08-16 00:00:00,1,0.8966183,0.99738413,2.0011134,0.4984146
2010-08-16 00:00:00,2,0.31338444,1.0007367,2.005136,0.4990867
2010-08-16 00:00:00,3,0.3421407,0.9955957,2.0014157,0.49744573
2010-08-16 00:00:00,4,0.37369537,0.9977,1.9955775,0.49995553
2010-08-16 00:00:00,5,0.24541388,0.9955004,1.9990001,0.49799916
2010-09-15 12:00:00,0,0.49471888,0.9946922,1.984323,0.50127536
2010-09-15 12:00:00,1,0.13563107,0.994341,1.9943094,0.49858913
2010-09-15 12:00:00,2,1.3716031,0.9989955,1.9994806,0.4996275
2010-09-15 12:00:00,3,1.1267608,0.99436486,1.9952637,0.49836263
2010-09-15 12:00:00,4,0.7419593,0.99488276,1.9882307,0.500386
2010-09-15 12:00:00,5,0.26090392,0.9931784,1.9921639,0.49854252
2010-10-16 00:00:00,0,0.2993545,1.0004706,2.0021873,0.49968883
2010-10-16 00:00:00,1,0.030267475,0.9989402,2.005715,0.49804696
2010-10-16 00:00:00,2,0.042833313,0.9998539,1.999543,0.50004125
2010-10-16 00:00:00,3,3.232081,1.0029452,2.0072987,0.4996492
2010-10-16 00:00:00,4,0.97244495,1.0004655,2.0063484,0.49864995
2010-10-16 00:00:00,5,0.09477036,0.9969644,2.00412,0.4974574
2010-11-15 12:00:00,0,0.18690003,1.0004169,2.0021765,0.49966466
2010-11-15 12:00:00,1,0.116450794,0.9989952,2.0057948,0.49805453
2010-11-15 12:00:00,2,0.11844518,0.9999627,1.9995286,0.5000992
2010-11-15 12:00:00,3,1.277339,1.0030519,2.007351,0.49968934
2010-11-15 12:00:00,4,0.47068918,1.0004599,2.006283,0.4986634
2010-11-15 12:00:00,5,0.7955882,0.996851,2.004091,0.49740806
2010-12-16 00:00:00,0,0.3528998,1.000627,2.0023026,0.49973816
2010-12-16 00:00:00,1,0.42199704,0.9988205,2.0055537,0.4980273
2010-12-16 00:00:00,2,1.5503017,0.99958116,1.9997042,0.4998645
2010-12-16 00:00:00,3,0.18408762,1.0026139,2.0071976,0.4995093
2010-12-16 00:00:00,4,0.5677222,1.0005167,2.006586,0.49861637
2010-12-16 00:00:00,5,0.0069006556,0.9973166,2.004273,0.4975952
2011-01-16 00:00:00,0,0.16798893,1.0001034,2.002388,0.49945533
2011-01-16 00:00:00,1,0.5424363,0.9994601,2.0064511,0.49812332
2011-01-16 00:00:00,2,0.71948683,1.00076,1.9998323,0.50042194
2011-01-16 00:00:00,3,0.07503787,1.0035869,2.0077717,0.49985108
2011-01-16 00:00:00,4,0.6376044,1.0005729,2.0060554,0.49877632
2011-01-16 00:00:00,5,0.79047686,0.9962889,2.004153,0.49711218
2011-02-14 12:00:00,0,0.0063000484,1.0004997,2.0021775,0.49970582
2011-02-14 12:00:00,1,0.16041869,0.99889976,2.0056734,0.4980371
2011-02-14 12:00:00,2,2.5061612,0.9997797,1.9995358,0.5000059
2011-02-14 12:00:00,3,0.25340873,1.0028936,2.0072775,0.49962875
2011-02-14 12:00:00,4,1.3289953,1.0004529,2.006377,0.49863654
2011-02-14 12:00:00,5,0.2857061,0.9970156,2.004125,0.4974817
2011-03-16 00:00:00,0,0.22813666,1.0006243,2.0022993,0.49973762
2011-03-16 00:00:00,1,0.19870102,0.9988218,2.0055559,0.4980274
2011-03-16 00:00:00,2,0.724525,0.99958515,1.9997001,0.49986753
2011-03-16 00:00:00,3,0.076109275,1.0026203,2.0071995,0.49951205
2011-03-16 00:00:00,4,0.8585943,1.0005151,2.0065813,0.49861678
2011-03-16 00:00:00,5,0.9264743,0.9973098,2.0042696,0.49759263
2011-04-15 12:00:00,0,1.688149,1.0000777,2.0033357,0.49920624
2011-04-15 12:00:00,1,0.5358226,0.99999774,2.0070808,0.49823493
2011-04-15 12:00:00,2,0.19486703,1.0014058,2.0011575,0.5004133
2011-04-15 12:00:00,3,0.5899895,1.003301,2.0081265,0.49962044
2011-04-15 12:00:00,4,0.7010687,1.0011122,2.0065346,0.49892598
2011-04-15 12:00:00,5,0.057902563,0.99662256,2.0049329,0.49708524
2011-05-16 00:00:00,0,0.18057673,1.0002328,2.0025373,0.49948275
2011-05-16 00:00:00,1,0.33868915,0.99939954,2.0063,0.49813068
2011-05-16 00:00:00,2,0.25821537,1.0005935,2.0000057,0.50029534
2011-05-16 00:00:00,3,0.54951775,1.0032935,2.0076518,0.49973482
2011-05-16 00:00:00,4,0.28518605,1.0006752,2.0062711,0.49877366
2011-05-16 00:00:00,5,0.65312654,0.9966179,2.0043113,0.4972371
2011-06-15 12:00:00,0,0.4678334,1.0002905,2.0023613,0.49955547
2011-06-15 12:00:00,1,0.46015278,0.9992426,2.0060844,0.49810594
2011-06-15 12:00:00,2,0.10454215,1.000365,1.9997602,0.5002425
2011-06-15 12:00:00,3,0.7453905,1.0032368,2.0075161,0.49974033
2011-06-15 12:00:00,4,0.16898899,1.0005825,2.0062377,0.49873573
2011-06-15 12:00:00,5,0.42023388,0.9966729,2.0041876,0.49729523
2011-07-16 00:00:00,0,1.8407832,0.9972613,1.9975362,0.49924567
2011-07-16 00:00:00,1,0.21433301,0.99904394,2.0045059,0.4983991
2011-07-16 00:00:00,2,0.08924031,1.001792,2.0076592,0.49898505
2011-07-16 00:00:00,3,0.027427835,0.9964826,2.0044732,0.4971294
2011-07-16 00:00:00,4,0.11818725,0.9993046,1.9994577,0.4997878
2011-07-16 00:00:00,5,0.018816033,0.9967064,2.0024812,0.4977357
2011-08-16 00:00:00,0,1.4105233,0.9933711,1.9777663,0.5022692
2011-08-16 00:00:00,1,0.00365573,0.99204797,1.9887196,0.49883753
2011-08-16 00:00:00,2,0.5307002,0.9978522,1.9947671,0.50023496
2011-08-16 00:00:00,3,0.40970844,0.9936519,1.9901682,0.49928036
2011-08-16 00:00:00,4,0.45621058,0.99283916,1.9824644,0.50081056
2011-08-16 00:00:00,5,0.29398113,0.99124444,1.9866127,0.4989621
2011-09-15 12:00:00,0,0.012520516,0.99799824,2.00153,0.49861768
2011-09-15 12:00:00,1,0.56316346,1.000601,2.0079367,0.498323
2011-09-15 12:00:00,2,0.6476094,1.0029367,2.009195,0.4991734
2011-09-15 12:00:00,3,0.23214203,0.9982381,2.007647,0.49721792
2011-09-15 12:00:00,4,1.2152363,1.0006219,2.002909,0.49958432
2011-09-15 12:00:00,5,0.90494704,0.99704385,2.0054376,0.4971702
2011-10-16 00:00:00,0,0.54922885,1.000116,2.0029068,0.49933228
2011-10-16 00:00:00,1,0.39920524,0.99971515,2.0067914,0.49816597
2011-10-16 00:00:00,2,0.14311542,1.0010394,2.0005612,0.50037926
2011-10-16 00:00:00,3,0.74654377,1.0033963,2.0079808,0.49970412
2011-10-16 00:00:00,4,1.4237077,1.0008432,2.0063548,0.49883658
2011-10-16 00:00:00,5,0.0409048,0.996503,2.0045877,0.4971112
2011-11-15 12:00:00,0,1.5203292,1.000174,2.00256,0.49944776
2011-11-15 12:00:00,1,0.14459558,0.9994684,2.0064588,0.49812555
2011-11-15 12:00:00,2,0.16402952,1.0007097,2.0000668,0.50033814
2011-11-15 12:00:00,3,0.18619831,1.003402,2.0077746,0.4997583
2011-11-15 12:00:00,4,1.7350464,1.0006595,2.0062282,0.4987765
2011-11-15 12:00:00,5,0.10322194,0.99649054,2.004318,0.49717188
2011-12-16 00:00:00,0,0.3466167,0.99508077,1.9872038,0.50074416
2011-12-16 00:00:00,1,0.31535688,0.99540836,1.9972075,0.49840006
2011-12-16 00:00:00,2,0.7135945,0.99976736,2.0013905,0.4995364
2011-12-16 00:00:00,3,0.37944952,0.9955204,1.9980155,0.4982546
2011-12-16 00:00:00,4,0.54552627,0.99558794,1.9906174,0.5001403
2011-12-16 00:00:00,5,2.184644,0.9931576,1.9944413,0.49796283
2012-01-16 00:00:00,0,0.092472196,1.000418,2.0021665,0.4996677
2012-01-16 00:00:00,1,0.6998735,0.9989888,2.0057864,0.49805343
2012-01-16 00:00:00,2,0.44517356,0.9999542,1.9995153,0.5000983
2012-01-16 00:00:00,3,0.10143527,1.0030524,2.0073457,0.4996909
2012-01-16 00:00:00,4,0.2836428,1.0004548,2.0062792,0.4986618
2012-01-16 00:00:00,5,0.20670784,0.9968499,2.0040836,0.4974093
2012-02-15 00:00:00,0,0.31868201,1.0002044,2.0026157,0.499449
2012-02-15 00:00:00,1,0.17130587,0.99946904,2.006417,0.49813625
2012-02-15 00:00:00,2,0.11122709,1.0006927,2.0001252,0.50031507
2012-02-15 00:00:00,3,0.4682275,1.0033245,2.0077329,0.49973008
2012-02-15 00:00:00,4,1.2189701,1.0007064,2.0062864,0.49878544
2012-02-15 00:00:00,5,0.10443119,0.99658287,2.0043685,0.4972054
2012-03-16 00:00:00,0,0.016807117,1.0005445,2.0022142,0.49971902
2012-03-16 00:00:00,1,0.70622414,0.9988669,2.0056298,0.49803156
2012-03-16 00:00:00,2,0.78402376,0.9997033,1.9995868,0.49995494
2012-03-16 00:00:00,3,1.8147264,1.0027975,2.0072503,0.49958766
2012-03-16 00:00:00,4,0.59820765,1.0004691,2.0064476,0.4986271
2012-03-16 00:00:00,5,0.23971017,0.9971177,2.0041716,0.4975211
2012-04-15 12:00:00,0,0.26606014,1.0002933,2.0021744,0.49960345
2012-04-15 12:00:00,1,0.5238069,0.9991347,2.0059896,0.49807572
2012-04-15 12:00:00,2,0.09208856,1.0002284,1.9995252,0.50023293
2012-04-15 12:00:00,3,0.3284482,1.0032893,2.0074754,0.49977666
2012-04-15 12:00:00,4,0.43537325,1.0004622,2.0061455,0.4986987
2012-04-15 12:00:00,5,0.0031567544,0.9966004,2.004043,0.49729487
2012-05-16 00:00:00,0,0.2621661,0.99788505,2.000864,0.49872705
2012-05-16 00:00:00,1,0.005528823,1.0003346,2.0073936,0.4983251
2012-05-16 00:00:00,2,0.16156259,1.0027444,2.008879,0.49915624
2012-05-16 00:00:00,3,1.4384718,0.99797314,2.0071545,0.49720794
2012-05-16 00:00:00,4,0.81110054,1.0003927,2.0023623,0.49960625
2012-05-16 00:00:00,5,0.19061618,0.99699354,2.0049443,0.49726745
2012-06-15 12:00:00,0,0.07067836,0.9985901,2.003444,0.49843675
2012-06-15 12:00:00,1,0.106181294,1.0010413,2.0092397,0.49821895
2012-06-15 12:00:00,2,0.017943688,1.0029441,2.0098345,0.49901825
2012-06-15 12:00:00,3,0.023692893,0.9986908,2.0089605,0.49711818
2012-06-15 12:00:00,4,0.9394817,1.0011714,2.0048091,0.49938488
2012-06-15 12:00:00,5,0.3718902,0.9976235,2.006805,0.49712032
2012-07-16 00:00:00,0,1.666656,0.9944651,1.9834085,0.501392
2012-07-16 00:00:00,1,0.054438204,0.99404013,1.9933318,0.49868274
2012-07-16 00:00:00,2,0.11485375,0.99890083,1.9988328,0.49974206
2012-07-16 00:00:00,3,0.27911454,0.994177,1.9943389,0.4984995
2012-07-16 00:00:00,4,0.34627843,0.9946495,1.9873227,0.5004972
2012-07-16 00:00:00,5,1.186171,0.99294883,1.9913157,0.49863958
2012-08-16 00:00:00,0,0.5381802,0.99610543,1.992233,0.49999443
2012-08-16 00:00:00,1,0.28254235,0.9972355,2.0005083,0.49849105
2012-08-16 00:00:00,2,0.5481779,1.0008239,2.0045857,0.49926716
2012-08-16 00:00:00,3,0.035652995,0.9955884,2.000814,0.4975917
2012-08-16 00:00:00,4,2.312712,0.9974923,1.9947898,0.5000488
2012-08-16 00:00:00,5,0.07529173,0.9952068,1.9983064,0.49802512
2012-09-15 12:00:00,0,0.21336785,0.99327123,1.978183,0.5021129
2012-09-15 12:00:00,1,0.76114845,0.9923987,1.9892297,0.49888593
2012-09-15 12:00:00,2,0.8022681,0.9983322,1.9950055,0.50041574
2012-09-15 12:00:00,3,0.16983622,0.9940691,1.9905941,0.49938312
2012-09-15 12:00:00,4,0.02567254,0.99305755,1.9826635,0.50087047
2012-09-15 12:00:00,5,1.7764105,0.99099046,1.9870068,0.4987353
2012-10-16 00:00:00,0,0.69752395,0.9999747,2.003808,0.4990372
2012-10-16 00:00:00,1,1.3464633,1.0003258,2.0077536,0.49823135
2012-10-16 00:00:00,2,0.15390083,1.0018102,2.0019927,0.5004065
2012-10-16 00:00:00,3,0.1388855,1.0033009,2.0086231,0.49949685
2012-10-16 00:00:00,4,0.08703778,1.0012603,2.0067146,0.498955
2012-10-16 00:00:00,5,0.6681844,0.9965616,2.0053499,0.4969515
2012-11-15 12:00:00,0,0.6642338,1.0004984,2.0021727,0.49970636
2012-11-15 12:00:00,1,0.1713609,0.9988981,2.0056753,0.4980358
2012-11-15 12:00:00,2,0.23144963,0.99977815,1.9995309,0.5000064
2012-11-15 12:00:00,3,0.330518,1.0028976,2.00728,0.49963012
2012-11-15 12:00:00,4,0.46140042,1.0004486,2.0063736,0.49863523
2012-11-15 12:00:00,5,0.20420857,0.99701023,2.0041213,0.49747998
2012-12-16 00:00:00,0,0.33800176,1.0006051,2.0022767,0.4997337
2012-12-16 00:00:00,1,0.0014689442,0.9988316,2.0055726,0.49802816
2012-12-16 00:00:00,2,0.6044906,0.9996123,1.9996699,0.49988863
2012-12-16 00:00:00,3,0.86670434,1.0026635,2.007211,0.4995307
2012-12-16 00:00:00,4,0.6750616,1.0005028,2.006548,0.49861896
2012-12-16 00:00:00,5,0.59905726,0.9972629,2.0042443,0.49757552
2013-01-16 00:00:00,0,0.34346217,0.99995375,2.0035818,0.49908307
2013-01-16 00:00:00,1,0.28429836,1.0002398,2.0075848,0.49823043
2013-01-16 00:00:00,2,0.05736088,1.0017459,2.00163,0.5004651
2013-01-16 00:00:00,3,0.3266388,1.003426,2.0085008,0.49958953
2013-01-16 00:00:00,4,0.23592444,1.0011669,2.0065587,0.49894726
2013-01-16 00:00:00,5,0.31747994,0.9964428,2.0051365,0.4969451
2013-02-14 12:00:00,0,0.30212596,0.9993819,2.0057192,0.4982661
2013-02-14 12:00:00,1,0.07280595,1.0017394,2.0106566,0.49821505
2013-02-14 12:00:00,2,0.0030762942,1.003488,2.0071595,0.49995425
2013-02-14 12:00:00,3,0.8205717,1.0020465,2.0106246,0.4983757
2013-02-14 12:00:00,4,0.6737726,1.0018941,2.007215,0.49914637
2013-02-14 12:00:00,5,0.073510446,0.99686813,2.0075176,0.49656758
2013-03-16 00:00:00,0,0.14072183,1.0001172,2.0029235,0.4993287
2013-03-16 00:00:00,1,0.3159246,0.99972355,2.0067983,0.49816844
2013-03-16 00:00:00,2,0.28334236,1.0010483,2.0005853,0.5003777
2013-03-16 00:00:00,3,0.06804917,1.0033859,2.0079834,0.49969828
2013-03-16 00:00:00,4,0.7327829,1.000854,2.0063646,0.49883956
2013-03-16 00:00:00,5,0.38153732,0.9965148,2.004603,0.49711332
2013-04-15 12:00:00,0,0.6701678,0.9997577,2.0049982,0.49863273
2013-04-15 12:00:00,1,0.21034594,1.001151,2.0090714,0.49831527
2013-04-15 12:00:00,2,0.41223425,1.0028281,2.0042093,0.50036097
2013-04-15 12:00:00,3,1.7345397,1.0029495,2.0094857,0.49910754
2013-04-15 12:00:00,4,0.260086,1.0018127,2.007154,0.499121
2013-04-15 12:00:00,5,0.17448838,0.9967426,2.0064576,0.49676734
2013-05-16 00:00:00,0,0.39621264,0.99982125,2.0052752,0.4985955
2013-05-16 00:00:00,1,1.2378517,1.0012548,2.0089922,0.4983866
2013-05-16 00:00:00,2,0.040163305,1.0029168,2.0046089,0.5003055
2013-05-16 00:00:00,3,0.793621,1.002644,2.0093517,0.49898878
2013-05-16 00:00:00,4,0.62095374,1.0020576,2.007341,0.4991965
2013-05-16 00:00:00,5,0.24164787,0.9970773,2.0067189,0.49686944
2013-06-15 12:00:00,0,0.22485812,0.99912244,2.0056045,0.49816525
2013-06-15 12:00:00,1,0.5588541,1.001801,2.010781,0.49821487
2013-06-15 12:00:00,2,0.6344486,1.0035417,2.0092623,0.49945778
2013-06-15 12:00:00,3,0.009004277,1.0005465,2.0105133,0.4976572
2013-06-15 12:00:00,4,2.2824144,1.0018916,2.0068011,0.4992481
2013-06-15 12:00:00,5,0.06695658,0.99742365,2.007951,0.49673703
2013-07-16 00:00:00,0,0.021611474,0.99851197,2.0032952,0.49843478
2013-07-16 00:00:00,1,1.4976871,1.001086,2.0088968,0.49832624
2013-07-16 00:00:00,2,0.6284426,1.0031185,2.0096884,0.49914134
2013-07-16 00:00:00,3,0.38779065,0.99861556,2.0085676,0.497178
2013-07-16 00:00:00,4,1.8742895,1.001275,2.0045588,0.4994989
2013-07-16 00:00:00,5,0.6361654,0.99765664,2.0066206,0.4971825
2013-08-16 00:00:00,0,0.12731364,0.9986224,2.0036416,0.49840373
2013-08-16 00:00:00,1,0.25352278,1.0011637,2.0090199,0.4983344
2013-08-16 00:00:00,2,0.18491265,1.0031421,2.0098016,0.49912494
2013-08-16 00:00:00,3,0.2960411,0.9986645,2.00869,0.497172
2013-08-16 00:00:00,4,0.6064567,1.0014248,2.0048826,0.499493
2013-08-16 00:00:00,5,0.28525928,0.99778533,2.0068429,0.49719155
2013-09-15 12:00:00,0,0.25770426,0.9995546,2.006153,0.4982444
2013-09-15 12:00:00,1,0.73560673,1.0017664,2.0106537,0.49822924
2013-09-15 12:00:00,2,0.3226071,1.0033329,2.007971,0.49967495
2013-09-15 12:00:00,3,0.821312,1.001405,2.01059,0.49806523
2013-09-15 12:00:00,4,0.27336738,1.0021383,2.0076365,0.49916318
2013-09-15 12:00:00,5,1.2927378,0.99746597,2.0080197,0.49674112
2013-10-16 00:00:00,0,0.17991756,0.99911326,2.0056536,0.49814847
2013-10-16 00:00:00,1,0.45050603,1.0019865,2.010418,0.4983971
2013-10-16 00:00:00,2,1.4451842,1.0039529,2.0084493,0.49986467
2013-10-16 00:00:00,3,0.25577584,1.0010434,2.010118,0.49800232
2013-10-16 00:00:00,4,0.5800726,1.0021882,2.0067468,0.4994094
2013-10-16 00:00:00,5,0.11698196,0.9973098,2.0077348,0.49673384
2013-11-15 12:00:00,0,0.26446167,0.9998161,2.0039423,0.4989246
2013-11-15 12:00:00,1,0.20516269,1.0005713,2.008105,0.4982664
2013-11-15 12:00:00,2,1.6935334,1.0022146,2.0022595,0.5005418
2013-11-15 12:00:00,3,0.45056903,1.0034963,2.0088456,0.49953878
2013-11-15 12:00:00,4,0.18333073,1.0013305,2.006614,0.499015
2013-11-15 12:00:00,5,0.4997082,0.99632794,2.0054297,0.49681517
2013-12-16 00:00:00,0,0.12516242,0.99970675,2.0052423,0.4985466
2013-12-16 00:00:00,1,0.0033544365,1.001325,2.0093234,0.4983394
2013-12-16 00:00:00,2,0.648518,1.0030406,2.0047534,0.50033116
2013-12-16 00:00:00,3,0.15637502,1.0027928,2.009634,0.49899277
2013-12-16 00:00:00,4,0.032602046,1.0019392,2.00723,0.4991651
2013-12-16 00:00:00,5,1.1840712,0.99683136,2.0067086,0.49674943
2014-01-16 00:00:00,0,0.15099128,0.9999175,2.0041986,0.4989114
2014-01-16 00:00:00,1,1.511969,1.0006138,2.0080009,0.49831343
2014-01-16 00:00:00,2,0.0850652,1.0022025,2.0025637,0.50045973
2014-01-16 00:00:00,3,1.7760941,1.003199,2.0087209,0.4994218
2014-01-16 00:00:00,4,1.1345422,1.0015323,2.006843,0.4990586
2014-01-16 00:00:00,5,0.66145635,0.9966759,2.0056632,0.49693087
2014-02-14 12:00:00,0,0.15141845,1.0005234,2.0021882,0.49971497
2014-02-14 12:00:00,1,0.12732281,0.99887735,2.0056481,0.49803218
2014-02-14 12:00:00,2,0.113400884,0.9997326,1.9995533,0.49997798
2014-02-14 12:00:00,3,1.6851952,1.0028455,2.0072632,0.4996084
2014-02-14 12:00:00,4,0.17549482,1.000455,2.0064104,0.4986293
2014-02-14 12:00:00,5,0.5373514,0.9970654,2.0041437,0.49750197
2014-03-16 00:00:00,0,0.01644857,1.0003783,2.0021803,0.49964443
2014-03-16 00:00:00,1,0.050701637,0.9990401,2.0058627,0.49806008
2014-03-16 00:00:00,2,0.55076826,1.0000464,1.999535,0.5001395
2014-03-16 00:00:00,3,0.3086441,1.0031258,2.007396,0.49971494
2014-03-16 00:00:00,4,0.37092805,1.0004604,2.0062435,0.49867347
2014-03-16 00:00:00,5,0.7901161,0.99677235,2.00408,0.49737152
2014-04-15 12:00:00,0,1.3948891,0.99998766,2.0032654,0.49917883
2014-04-15 12:00:00,1,0.1635038,1.0000426,2.007279,0.49820808
2014-04-15 12:00:00,2,1.4254285,1.0015069,2.0011253,0.5004719
2014-04-15 12:00:00,3,0.6542118,1.0034964,2.008299,0.49967477
2014-04-15 12:00:00,4,1.9181286,1.0010175,2.0064168,0.49890804
2014-04-15 12:00:00,5,2.3146608,0.9963836,2.0048635,0.49698326
2014-05-16 00:00:00,0,0.05641358,0.99954295,2.0055473,0.49838912
2014-05-16 00:00:00,1,0.48489106,1.0016633,2.0096533,0.49842593
2014-05-16 00:00:00,2,0.14884442,1.0035449,2.0055568,0.5003822
2014-05-16 00:00:00,3,1.6698366,1.0026182,2.0097635,0.4988737
2014-05-16 00:00:00,4,0.23973726,1.0021738,2.007184,0.49929342
2014-05-16 00:00:00,5,0.7235263,0.9968685,2.0070121,0.4966928
2014-06-15 12:00:00,0,0.12964365,0.991364,1.9675475,0.50385773
2014-06-15 12:00:00,1,0.41921952,0.988505,1.980192,0.49919656
2014-06-15 12:00:00,2,0.48823103,0.99610424,1.9870577,0.5012961
2014-06-15 12:00:00,3,0.61920786,0.9929768,1.9824697,0.5008787
2014-06-15 12:00:00,4,0.3377068,0.9897053,1.9736584,0.5014573
2014-06-15 12:00:00,5,1.5894854,0.98799294,1.9781103,0.49946302
2014-07-16 00:00:00,0,1.0264113,0.9995879,2.0062203,0.49824432
2014-07-16 00:00:00,1,0.40630928,1.0019028,2.0101323,0.49842632
2014-07-16 00:00:00,2,0.20671618,1.0036137,2.0075333,0.49992383
2014-07-16 00:00:00,3,1.0795228,1.0014694,2.010028,0.49823657
2014-07-16 00:00:00,4,0.40024823,1.0024879,2.007607,0.4993447
2014-07-16 00:00:00,5,0.3537154,0.99765545,2.0079272,0.4968584
2014-08-16 00:00:00,0,1.2823479,0.999632,2.0061917,0.4982734
2014-08-16 00:00:00,1,0.0014746604,1.0018586,2.009974,0.49844354
2014-08-16 00:00:00,2,0.021667404,1.0035878,2.0071712,0.50000113
2014-08-16 00:00:00,3,0.664802,1.0016463,2.009922,0.49835083
2014-08-16 00:00:00,4,0.6702838,1.002503,2.0076296,0.4993466
2014-08-16 00:00:00,5,0.3137865,0.9976074,2.0078068,0.49686426
2014-09-15 12:00:00,0,0.0238773,0.9997216,2.0052974,0.4985403
2014-09-15 12:00:00,1,0.2306708,1.0013685,2.0091693,0.49839926
2014-09-15 12:00:00,2,0.14340591,1.0031227,2.0047412,0.50037515
2014-09-15 12:00:00,3,0.76964796,1.0027355,2.0094624,0.49900687
2014-09-15 12:00:00,4,0.41885933,1.0020659,2.0072443,0.49922466
2014-09-15 12:00:00,5,0.16825372,0.9969361,2.0067282,0.4967968
2014-10-16 00:00:00,0,0.33461353,0.9996932,2.004676,0.49868068
2014-10-16 00:00:00,1,0.6595468,1.0010142,2.009173,0.49822205
2014-10-16 00:00:00,2,0.38137046,1.0026767,2.0038555,0.5003738
2014-10-16 00:00:00,3,0.8624226,1.003227,2.0096579,0.49920288
2014-10-16 00:00:00,4,0.058670186,1.0015181,2.0069492,0.49902517
2014-10-16 00:00:00,5,0.6433406,0.9963962,2.006202,0.49665797
2014-11-15 12:00:00,0,0.21093196,1.0001985,2.0025332,0.49946663
2014-11-15 12:00:00,1,0.5421929,0.99943095,2.006378,0.49812695
2014-11-15 12:00:00,2,0.37802258,1.0006523,2.0000145,0.5003225
2014-11-15 12:00:00,3,0.38805637,1.0033627,2.007713,0.499754
2014-11-15 12:00:00,4,0.014311608,1.0006583,2.006236,0.49877393
2014-11-15 12:00:00,5,2.513806,0.9965378,2.0042999,0.49719995
2014-12-16 00:00:00,0,0.073920734,1.0005827,2.0022478,0.4997297
2014-12-16 00:00:00,1,1.401316,0.9988415,2.0055916,0.49802837
2014-12-16 00:00:00,2,0.031001784,0.9996419,1.9996325,0.4999128
2014-12-16 00:00:00,3,0.20559314,1.0027149,2.0072248,0.49955285
2014-12-16 00:00:00,4,0.18050528,1.0004865,2.0065079,0.49862078
2014-12-16 00:00:00,5,0.026381873,0.9972067,2.004213,0.49755523
2015-01-16 00:00:00,0,0.0051847654,0.9951779,1.988506,0.50046515
2015-01-16 00:00:00,1,1.8540941,0.9960934,1.9982455,0.498484
2015-01-16 00:00:00,2,1.5426035,1.0004939,2.001865,0.49978092
2015-01-16 00:00:00,3,0.18148918,0.9960912,1.9988673,0.49832782
2015-01-16 00:00:00,4,0.21885133,0.9961176,1.9915152,0.5001808
2015-01-16 00:00:00,5,0.042749703,0.9932745,1.995295,0.49780834
2015-02-14 12:00:00,0,0.42722094,1.0004103,2.0021648,0.4996643
2015-02-14 12:00:00,1,0.82688856,0.9989955,2.0058029,0.4980527
2015-02-14 12:00:00,2,0.38186464,0.99996716,1.9995157,0.50010467
2015-02-14 12:00:00,3,0.60306525,1.0030682,2.0073586,0.4996956
2015-02-14 12:00:00,4,2.1659286,1.0004508,2.006271,0.4986619
2015-02-14 12:00:00,5,0.45652822,0.9968319,2.0040803,0.49740118
2015-03-16 00:00:00,0,0.9899567,0.99873424,2.0044358,0.49826202
2015-03-16 00:00:00,1,0.51732635,1.0014956,2.0101948,0.49820822
2015-03-16 00:00:00,2,1.0826367,1.0034266,2.0094256,0.49935988
2015-03-16 00:00:00,3,0.15123318,0.99991953,2.009902,0.49749666
2015-03-16 00:00:00,4,0.246607,1.0014492,2.005641,0.4993163
2015-03-16 00:00:00,5,0.100417964,0.99721074,2.0072768,0.49679783
2015-04-15 12:00:00,0,0.2363724,1.0000386,2.0031414,0.49923515
2015-04-15 12:00:00,1,0.59886694,0.9999273,2.007076,0.498201
2015-04-15 12:00:00,2,0.7406399,1.0013434,2.000914,0.500443
2015-04-15 12:00:00,3,0.8632144,1.0034523,2.008157,0.49968818
2015-04-15 12:00:00,4,1.4477133,1.0009717,2.006398,0.4988899
2015-04-15 12:00:00,5,0.3765972,0.99644256,2.0047667,0.49703667
2015-05-16 00:00:00,0,0.46598965,1.0002768,2.002495,0.49951524
2015-05-16 00:00:00,1,1.56897,0.99933994,2.0061374,0.49814132
2015-05-16 00:00:00,2,0.98471934,1.0005031,1.9999143,0.500273
2015-05-16 00:00:00,3,0.09605682,1.0032153,2.007521,0.49972844
2015-05-16 00:00:00,4,0.13777776,1.0006889,2.0062845,0.49877718
2015-05-16 00:00:00,5,0.996955,0.99671507,2.0042827,0.49729267
2015-06-15 12:00:00,0,0.5849388,0.99951756,2.0061557,0.4982253
2015-06-15 12:00:00,1,0.11072683,1.0018607,2.0103912,0.49834117
2015-06-15 12:00:00,2,0.8626647,1.0035518,2.0078208,0.4998214
2015-06-15 12:00:00,3,0.11868999,1.0014132,2.010283,0.4981454
2015-06-15 12:00:00,4,0.11226844,1.0023012,2.0075226,0.4992727
2015-06-15 12:00:00,5,0.30932048,0.997533,2.0079198,0.49679923
2015-07-16 00:00:00,0,0.5554274,1.0001189,2.0035846,0.49916476
2015-07-16 00:00:00,1,0.30090195,1.0000978,2.0070994,0.49828014
2015-07-16 00:00:00,2,0.15046419,1.0015041,2.0014713,0.5003839
2015-07-16 00:00:00,3,0.82165,1.0031286,2.0080955,0.4995423
2015-07-16 00:00:00,4,0.4648319,1.0012937,2.0066996,0.49897537
2015-07-16 00:00:00,5,0.066138715,0.996829,2.0051446,0.4971357
2015-08-16 00:00:00,0,0.13399209,0.99698365,1.9962689,0.49942353
2015-08-16 00:00:00,1,2.05464,0.998591,2.0034983,0.4984237
2015-08-16 00:00:00,2,0.026280627,1.0015404,2.0070786,0.49900407
2015-08-16 00:00:00,3,0.08091334,0.99620044,2.0035594,0.49721533
2015-08-16 00:00:00,4,0.08518021,0.9988998,1.9983377,0.49986535
2015-08-16 00:00:00,5,0.7661168,0.9963408,2.0015328,0.4977889
2015-09-15 12:00:00,0,0.6325837,0.9980092,2.001344,0.4986695
2015-09-15 12:00:00,1,0.8721628,1.0004206,2.0078833,0.49824637
2015-09-15 12:00:00,2,0.3692123,1.0027074,2.0091596,0.49906805
2015-09-15 12:00:00,3,0.32652813,0.9981373,2.0076597,0.49716458
2015-09-15 12:00:00,4,0.087132126,1.0004407,2.0028408,0.49951085
2015-09-15 12:00:00,5,1.9489268,0.99701554,2.0053053,0.4971889
2015-10-16 00:00:00,0,0.8902365,0.9998735,2.003962,0.49894834
2015-10-16 00:00:00,1,1.6349093,1.00054,2.0079165,0.49829763
2015-10-16 00:00:00,2,1.056996,1.0021592,2.0022101,0.5005265
2015-10-16 00:00:00,3,0.0116106635,1.0033886,2.0086772,0.49952707
2015-10-16 00:00:00,4,0.3723246,1.0014055,2.0066671,0.49903914
2015-10-16 00:00:00,5,0.08990398,0.9964781,2.0054438,0.49688655
2015-11-15 12:00:00,0,0.8209692,1.0003473,2.0021942,0.4996255
2015-11-15 12:00:00,1,0.25842038,0.9990857,2.0059063,0.49807197
2015-11-15 12:00:00,2,0.4936932,1.0001291,1.9995463,0.50017804
2015-11-15 12:00:00,3,0.1407423,1.0031793,2.007417,0.4997364
2015-11-15 12:00:00,4,0.7479148,1.0004777,2.006214,0.49868944
2015-11-15 12:00:00,5,0.025841706,0.9967201,2.0040774,0.4973461
2015-12-16 00:00:00,0,0.041048497,1.000514,2.0021954,0.4997085
2015-12-16 00:00:00,1,0.40949044,0.9988928,2.0056622,0.4980364
2015-12-16 00:00:00,2,1.4190465,0.9997598,1.9995599,0.49998993
2015-12-16 00:00:00,3,0.23067844,1.002861,2.0072696,0.4996145
2015-12-16 00:00:00,4,0.6363327,1.0004623,2.0064027,0.49863485
2015-12-16 00:00:00,5,2.29413,0.9970509,2.0041447,0.49749446
2016-01-16 00:00:00,0,0.06313957,1.0006053,2.0022752,0.49973416
2016-01-16 00:00:00,1,0.17766777,0.99883056,2.0055716,0.49802786
2016-01-16 00:00:00,2,1.2326357,0.9996108,1.9996682,0.4998883
2016-01-16 00:00:00,3,1.1751432,1.0026635,2.0072107,0.49953076
2016-01-16 00:00:00,4,0.30491123,1.0005018,2.0065475,0.49861854
2016-01-16 00:00:00,5,0.020581653,0.9972627,2.0042434,0.49757567
2016-02-15 00:00:00,0,0.22464901,0.99990875,2.0042322,0.49889866
2016-02-15 00:00:00,1,1.3529335,1.0006152,2.0081832,0.4982689
2016-02-15 00:00:00,2,0.1177845,1.0021695,2.002721,0.50040394
2016-02-15 00:00:00,3,0.88337237,1.0031962,2.008898,0.4993764
2016-02-15 00:00:00,4,0.28494766,1.0014713,2.0068803,0.49901894
2016-02-15 00:00:00,5,0.12872986,0.9966317,2.0057309,0.49689204
2016-03-16 00:00:00,0,0.4801881,1.0005649,2.0022297,0.49972534
2016-03-16 00:00:00,1,0.33338237,0.99885225,2.0056083,0.49802956
2016-03-16 00:00:00,2,0.06471907,0.9996691,1.9996082,0.4999325
2016-03-16 00:00:00,3,0.2350799,1.0027542,2.0072362,0.4995696
2016-03-16 00:00:00,4,1.6762787,1.000477,2.0064783,0.49862337
2016-03-16 00:00:00,5,0.32510465,0.9971641,2.0041919,0.49753922
2016-04-15 12:00:00,0,1.0485911,1.0001997,2.0025349,0.4994668
2016-04-15 12:00:00,1,0.67920494,0.9994368,2.006346,0.4981378
2016-04-15 12:00:00,2,0.16845408,1.000665,2.0000029,0.50033176
2016-04-15 12:00:00,3,0.4246677,1.0033555,2.0076792,0.49975887
2016-04-15 12:00:00,4,0.6362196,1.0006776,2.0062325,0.49878445
2016-04-15 12:00:00,5,0.13809863,0.99655265,2.004298,0.49720782
2016-05-16 00:00:00,0,0.056191184,1.0001508,2.0028722,0.49935827
2016-05-16 00:00:00,1,0.07261325,0.99967545,2.0066211,0.49818844
2016-05-16 00:00:00,2,0.47231597,1.0009873,2.0004618,0.50037813
2016-05-16 00:00:00,3,1.5637208,1.0033334,2.007833,0.4997096
2016-05-16 00:00:00,4,0.032672238,1.000877,2.0063567,0.49885297
2016-05-16 00:00:00,5,0.14284894,0.9965925,2.0045557,0.4971638
2016-06-15 12:00:00,0,0.62042636,0.9966891,1.9948615,0.49962822
2016-06-15 12:00:00,1,0.11428061,0.9980607,2.0026739,0.49836406
2016-06-15 12:00:00,2,0.26924846,1.0011907,2.0061588,0.4990585
2016-06-15 12:00:00,3,0.014388703,0.9960853,2.0028672,0.49732965
2016-06-15 12:00:00,4,1.3599046,0.9982358,1.9971485,0.49983054
2016-06-15 12:00:00,5,0.008319766,0.9958903,2.0003614,0.4978552
2016-07-16 00:00:00,0,0.37420037,0.99175686,1.9695297,0.50355005
2016-07-16 00:00:00,1,1.0442483,0.98919594,1.9818231,0.49913433
2016-07-16 00:00:00,2,0.1043105,0.9964569,1.9885428,0.50109905
2016-07-16 00:00:00,3,0.15480685,0.9930623,1.9839139,0.5005572
2016-07-16 00:00:00,4,0.61195344,0.990324,1.9753554,0.5013397
2016-07-16 00:00:00,5,0.9061738,0.9886667,1.9797198,0.4993973
2016-08-16 00:00:00,0,0.10030779,0.99331164,1.9775362,0.5022976
2016-08-16 00:00:00,1,0.29216853,0.99202275,1.9886122,0.4988518
2016-08-16 00:00:00,2,0.9459047,0.9978622,1.9946136,0.5002785
2016-08-16 00:00:00,3,0.013431819,0.99363834,1.9900492,0.4993034
2016-08-16 00:00:00,4,0.5504763,0.99280137,1.9822828,0.5008374
2016-08-16 00:00:00,5,0.022566177,0.99117905,1.9865161,0.49895343
2016-09-15 12:00:00,0,0.20337464,0.9939099,1.9814308,0.50161225
2016-09-15 12:00:00,1,0.38200203,0.99353355,1.9918029,0.4988112
2016-09-15 12:00:00,2,0.27241233,0.9989575,1.997249,0.5001667
2016-09-15 12:00:00,3,0.09698394,0.99435306,1.992907,0.49894604
2016-09-15 12:00:00,4,1.1810033,0.9941031,1.9854382,0.5006971
2016-09-15 12:00:00,5,0.09965915,0.9920282,1.9896076,0.49860495
2016-10-16 00:00:00,0,0.25061902,1.0005201,2.0021992,0.4997106
2016-10-16 00:00:00,1,0.05393766,0.9988881,2.0056543,0.498036
2016-10-16 00:00:00,2,0.7915005,0.9997494,1.9995645,0.49998358
2016-10-16 00:00:00,3,0.6073426,1.0028483,2.0072644,0.49960947
2016-10-16 00:00:00,4,0.95086145,1.0004644,2.0064113,0.49863377
2016-10-16 00:00:00,5,0.13247254,0.99706465,2.00415,0.49750003
2016-11-15 12:00:00,0,0.69819623,1.0002269,2.0023375,0.4995296
2016-11-15 12:00:00,1,0.6518915,0.9992949,2.0062084,0.49810123
2016-11-15 12:00:00,2,0.056405973,1.0004694,1.9997492,0.5002975
2016-11-15 12:00:00,3,0.20755476,1.0033693,2.0076127,0.49978232
2016-11-15 12:00:00,4,0.16216715,1.000549,2.006162,0.49873787
2016-11-15 12:00:00,5,0.36319256,0.99652183,2.0041513,0.49722883
2016-12-16 00:00:00,0,0.33353236,1.0005203,2.0021973,0.4997112
2016-12-16 00:00:00,1,0.2366182,0.99888635,2.005655,0.49803495
2016-12-16 00:00:00,2,0.042611495,0.9997466,1.9995632,0.4999825
2016-12-16 00:00:00,3,0.7641208,1.0028484,2.0072658,0.49960917
2016-12-16 00:00:00,4,0.037235714,1.0004623,2.006411,0.49863276
2016-12-16 00:00:00,5,0.4887429,0.9970639,2.004149,0.49749988
2017-01-16 00:00:00,0,0.41515723,1.0006554,2.0023386,0.49974334
2017-01-16 00:00:00,1,0.4645345,0.9988077,2.005529,0.4980271
2017-01-16 00:00:00,2,0.13706915,0.9995436,1.9997507,0.4998341
2017-01-16 00:00:00,3,0.10912989,1.0025489,2.0071797,0.49948138
2017-01-16 00:00:00,4,1.4278182,1.0005374,2.0066364,0.4986142
2017-01-16 00:00:00,5,0.8388933,0.99738795,2.0043123,0.49762103
2017-02-14 12:00:00,0,0.42689496,1.0006452,2.002325,0.4997416
2017-02-14 12:00:00,1,0.10746624,0.99881196,2.0055377,0.498027
2017-02-14 12:00:00,2,0.5081523,0.99955666,1.9997333,0.49984497
2017-02-14 12:00:00,3,0.24631521,1.0025727,2.0071864,0.49949154
2017-02-14 12:00:00,4,0.41238746,1.0005294,2.006618,0.4986148
2017-02-14 12:00:00,5,0.3911954,0.997362,2.0042975,0.49761176
2017-03-16 00:00:00,0,0.24924612,1.0003694,2.0021799,0.49964014
2017-03-16 00:00:00,1,0.5472273,0.99905014,2.0058756,0.49806187
2017-03-16 00:00:00,2,0.97440475,1.0000656,1.9995341,0.5001493
2017-03-16 00:00:00,3,0.13281241,1.0031425,2.0074039,0.49972132
2017-03-16 00:00:00,4,0.6755581,1.0004611,2.0062332,0.49867636
2017-03-16 00:00:00,5,0.28082302,0.9967549,2.0040765,0.4973637
2017-04-15 12:00:00,0,0.07862417,1.0004189,2.0021799,0.49966484
2017-04-15 12:00:00,1,0.29046702,0.998994,2.005797,0.4980534
2017-04-15 12:00:00,2,0.58449036,0.99995893,1.9995341,0.50009596
2017-04-15 12:00:00,3,0.019028278,1.0030477,2.0073535,0.49968663
2017-04-15 12:00:00,4,0.29775387,1.0004598,2.0062878,0.49866214
2017-04-15 12:00:00,5,0.046446245,0.9968548,2.0040948,0.497409
2017-05-16 00:00:00,0,0.6781723,0.9995209,2.005942,0.49828002
2017-05-16 00:00:00,1,0.46394268,1.0017993,2.010208,0.4983561
2017-05-16 00:00:00,2,0.9303877,1.0035602,2.0069683,0.5000379
2017-05-16 00:00:00,3,0.20052339,1.0019308,2.0101812,0.4984281
2017-05-16 00:00:00,4,0.36969766,1.0022299,2.0074143,0.49926412
2017-05-16 00:00:00,5,0.19292793,0.99723136,2.0075967,0.49672893
2017-06-15 12:00:00,0,0.3867989,0.99921674,2.0058577,0.49814937
2017-06-15 12:00:00,1,0.3276024,1.0019345,2.0106843,0.49830526
2017-06-15 12:00:00,2,0.029614853,1.0037452,2.0087454,0.4996876
2017-06-15 12:00:00,3,1.7868689,1.0009677,2.0104244,0.49788877
2017-06-15 12:00:00,4,0.17672153,1.0021362,2.007033,0.49931225
2017-06-15 12:00:00,5,0.33983824,0.9973897,2.0079696,0.49671552
2017-07-16 00:00:00,0,0.01825985,0.99601054,1.9915421,0.5001203
2017-07-16 00:00:00,1,0.4471697,0.99700046,1.9997691,0.49855778
2017-07-16 00:00:00,2,0.922844,1.000691,2.0041537,0.49930853
2017-07-16 00:00:00,3,1.0183707,0.99539346,2.0001352,0.49766308
2017-07-16 00:00:00,4,1.4799603,0.9973937,1.9942266,0.5001406
2017-07-16 00:00:00,5,0.42405057,0.9951482,1.9978371,0.4981128
2017-08-16 00:00:00,0,1.172329,0.9993547,2.0060573,0.4981686
2017-08-16 00:00:00,1,0.2748962,1.0020014,2.0102823,0.49843815
2017-08-16 00:00:00,2,0.33531266,1.0038115,2.008419,0.4998018
2017-08-16 00:00:00,3,0.14415905,1.0009646,2.0100286,0.49798527
2017-08-16 00:00:00,4,0.72472227,1.0024415,2.0072281,0.49941584
2017-08-16 00:00:00,5,0.010336443,0.99768126,2.0080185,0.49684864
2017-09-15 12:00:00,0,2.1438825,0.99951077,2.0059922,0.49826255
2017-09-15 12:00:00,1,0.18898998,1.0018563,2.0101843,0.4983903
2017-09-15 12:00:00,2,0.02972985,1.0036194,2.0072067,0.50000805
2017-09-15 12:00:00,3,0.08603153,1.0017751,2.0101173,0.4983665
2017-09-15 12:00:00,4,0.14586236,1.0023239,2.0074167,0.4993103
2017-09-15 12:00:00,5,0.18204318,0.9973329,2.0077162,0.49674994
2017-10-16 00:00:00,0,0.2836989,0.9984663,2.003279,0.498416
2017-10-16 00:00:00,1,0.03532736,1.0010754,2.009295,0.4982222
2017-10-16 00:00:00,2,1.4715596,1.0030878,2.0096974,0.49912378
2017-10-16 00:00:00,3,0.74996996,0.9988903,2.008993,0.49720946
2017-10-16 00:00:00,4,0.32456246,1.001095,2.0045877,0.499402
2017-10-16 00:00:00,5,0.08064639,0.9973501,2.006655,0.49702123
2017-11-15 12:00:00,0,0.4404716,1.0004662,2.0021882,0.49968642
2017-11-15 12:00:00,1,0.121834084,0.99894446,2.0057275,0.49804595
2017-11-15 12:00:00,2,0.19032131,0.99986154,1.9995464,0.50004417
2017-11-15 12:00:00,3,0.43840677,1.0029542,2.0073092,0.4996511
2017-11-15 12:00:00,4,1.3047905,1.000463,2.006345,0.49864954
2017-11-15 12:00:00,5,0.10376221,0.9969537,2.0041196,0.4974522
2017-12-16 00:00:00,0,0.03520488,0.99816877,2.0020733,0.49856755
2017-12-16 00:00:00,1,1.8119607,1.0006561,2.0083091,0.49825802
2017-12-16 00:00:00,2,0.055259094,1.0028399,2.0094893,0.49905214
2017-12-16 00:00:00,3,0.4610713,0.9983134,2.0080638,0.49715224
2017-12-16 00:00:00,4,1.4627726,1.0007058,2.003452,0.49949077
2017-12-16 00:00:00,5,0.047620546,0.9971878,2.0058153,0.49714836
2018-01-16 00:00:00,0,0.2727241,1.0004203,2.0021396,0.49967563
2018-01-16 00:00:00,1,0.18960883,0.99897003,2.0057745,0.49804702
2018-01-16 00:00:00,2,0.056733683,0.99992794,1.9994843,0.5000929
2018-01-16 00:00:00,3,0.6059243,1.0030568,2.0073433,0.4996937
2018-01-16 00:00:00,4,0.32322106,1.0004344,2.0062687,0.49865425
2018-01-16 00:00:00,5,0.046331137,0.9968416,2.0040643,0.49741
2018-02-14 12:00:00,0,0.025258603,0.9997762,2.0048676,0.49867442
2018-02-14 12:00:00,1,1.1410654,1.0010626,2.0089478,0.49830195
2018-02-14 12:00:00,2,0.14750132,1.0027215,2.0039656,0.50036865
2018-02-14 12:00:00,3,0.97113025,1.0030103,2.0094125,0.49915597
2018-02-14 12:00:00,4,2.3328454,1.0017427,2.0071018,0.4990991
2018-02-14 12:00:00,5,0.09328303,0.9966991,2.006332,0.49677676
2018-03-16 00:00:00,0,0.15006357,1.0006087,2.0022807,0.49973446
2018-03-16 00:00:00,1,0.6121502,0.99882966,2.0055692,0.498028
2018-03-16 00:00:00,2,0.3780277,0.999607,1.9996752,0.4998847
2018-03-16 00:00:00,3,0.16764535,1.0026555,2.0072086,0.4995273
2018-03-16 00:00:00,4,0.25357217,1.000505,2.006554,0.49861854
2018-03-16 00:00:00,5,0.084818125,0.9972716,2.0042489,0.49757874
2018-04-15 12:00:00,0,1.0548958,1.0002986,2.0022926,0.49957663
2018-04-15 12:00:00,1,0.23530327,0.99919266,2.0060484,0.49809
2018-04-15 12:00:00,2,0.39924648,1.0002946,1.9996781,0.5002278
2018-04-15 12:00:00,3,0.7627272,1.0032442,2.007505,0.4997468
2018-04-15 12:00:00,4,1.3217094,1.000532,2.006214,0.49871653
2018-04-15 12:00:00,5,0.74015474,0.9966565,2.0041382,0.49729928
2018-05-16 00:00:00,0,0.06600918,1.0001699,2.0029747,0.49934223
2018-05-16 00:00:00,1,0.16784874,0.999724,2.0065842,0.49822178
2018-05-16 00:00:00,2,0.4918385,1.0010448,2.000567,0.5003805
2018-05-16 00:00:00,3,0.58902395,1.0032561,2.0077732,0.49968597
2018-05-16 00:00:00,4,0.086596176,1.0009775,2.0064194,0.49888748
2018-05-16 00:00:00,5,0.20768051,0.99669623,2.0046375,0.49719524
2018-06-15 12:00:00,0,0.65285724,0.9926392,1.9739776,0.50286245
2018-06-15 12:00:00,1,1.1245766,0.9907242,1.9853297,0.49902248
2018-06-15 12:00:00,2,0.2307215,0.9972226,1.9920123,0.50061065
2018-06-15 12:00:00,3,0.45808116,0.9933061,1.9871105,0.49987462
2018-06-15 12:00:00,4,0.63606536,0.991796,1.9791853,0.50111324
2018-06-15 12:00:00,5,1.340318,0.9900992,1.9835156,0.4991638
2018-07-16 00:00:00,0,0.69178355,0.9988945,2.0048678,0.4982346
2018-07-16 00:00:00,1,0.18139121,1.0016518,2.0096812,0.49841326
2018-07-16 00:00:00,2,2.0745058,1.0035629,2.0098157,0.49933082
2018-07-16 00:00:00,3,0.19159387,0.9992837,2.0092812,0.4973339
2018-07-16 00:00:00,4,1.7754443,1.0019773,2.0059223,0.49950954
2018-07-16 00:00:00,5,0.3196812,0.9979816,2.007579,0.497107
2018-08-16 00:00:00,0,1.153612,0.9939722,1.9811981,0.5017026
2018-08-16 00:00:00,1,0.0050771665,0.99332434,1.9916009,0.49875674
2018-08-16 00:00:00,2,0.041714124,0.99863374,1.9971726,0.5000238
2018-08-16 00:00:00,3,0.123739436,0.994093,1.992753,0.4988541
2018-08-16 00:00:00,4,1.0375844,0.99393404,1.9853493,0.5006343
2018-08-16 00:00:00,5,0.02373094,0.99217784,1.9894187,0.4987275
2018-09-15 12:00:00,0,0.6037989,0.98773116,1.948935,0.5068056
2018-09-15 12:00:00,1,0.67645496,0.9821242,1.9644544,0.49994758
2018-09-15 12:00:00,2,0.66977054,0.99318594,1.972076,0.50362456
2018-09-15 12:00:00,3,1.3351828,0.9923719,1.9681882,0.5042058
2018-09-15 12:00:00,4,1.2736057,0.9841099,1.9575589,0.502723
2018-09-15 12:00:00,5,0.3448809,0.98177207,1.9621446,0.5003566
2018-10-16 00:00:00,0,0.41370514,0.99964553,2.005633,0.49841893
2018-10-16 00:00:00,1,0.054636195,1.001519,2.0099287,0.49828583
2018-10-16 00:00:00,2,0.40837404,1.0031905,2.005931,0.5001122
2018-10-16 00:00:00,3,0.08327686,1.0023742,2.0100944,0.4986702
2018-10-16 00:00:00,4,0.6630849,1.0020025,2.0074186,0.49914974
2018-10-16 00:00:00,5,0.252174,0.9970108,2.0072086,0.4967151
2018-11-15 12:00:00,0,0.16686955,1.0003859,2.002129,0.49966103
2018-11-15 12:00:00,1,0.37000465,0.99900335,2.0058231,0.49805155
2018-11-15 12:00:00,2,0.46835577,0.9999954,1.9994702,0.5001302
2018-11-15 12:00:00,3,0.3786136,1.0031259,2.007375,0.49972025
2018-11-15 12:00:00,4,0.046148874,1.0004292,2.0062253,0.4986624
2018-11-15 12:00:00,5,1.9517977,0.9967679,2.004043,0.49737847
2018-12-16 00:00:00,0,0.34957016,1.0002927,2.002242,0.49958628
2018-12-16 00:00:00,1,0.22200021,0.9991715,2.0060315,0.49808365
2018-12-16 00:00:00,2,0.12918225,1.0002731,1.9996141,0.50023305
2018-12-16 00:00:00,3,0.81162727,1.003271,2.0074985,0.49976176
2018-12-16 00:00:00,4,0.113692656,1.0005009,2.006181,0.4987092
2018-12-16 00:00:00,5,1.0289816,0.99662405,2.0040967,0.49729338
2019-01-16 00:00:00,0,0.3473799,1.0005893,2.0022578,0.49973047
2019-01-16 00:00:00,1,0.18047434,0.99883956,2.0055864,0.4980287
2019-01-16 00:00:00,2,0.06614418,0.9996344,1.9996454,0.49990582
2019-01-16 00:00:00,3,0.13330834,1.0026993,2.0072207,0.49954608
2019-01-16 00:00:00,4,0.47205645,1.0004925,2.0065203,0.49862066
2019-01-16 00:00:00,5,0.31933603,0.997224,2.0042236,0.49756125
2019-02-14 12:00:00,0,0.06484538,1.000649,2.0023298,0.49974233
2019-02-14 12:00:00,1,0.6433062,0.9988104,2.0055344,0.49802706
2019-02-14 12:00:00,2,0.08608229,0.9995519,1.9997398,0.49984097
2019-02-14 12:00:00,3,0.046522267,1.0025641,2.0071838,0.49948794
2019-02-14 12:00:00,4,0.31385916,1.0005323,2.0066247,0.49861455
2019-02-14 12:00:00,5,0.3589889,0.9973713,2.0043027,0.4976151
2019-03-16 00:00:00,0,0.15239021,1.0005451,2.0022101,0.49972034
2019-03-16 00:00:00,1,0.78872913,0.99886465,2.0056255,0.4980315
2019-03-16 00:00:00,2,0.023158282,0.9997002,1.9995816,0.4999547
2019-03-16 00:00:00,3,1.0388569,1.0027971,2.0072472,0.49958825
2019-03-16 00:00:00,4,0.5738342,1.0004677,2.006446,0.4986268
2019-03-16 00:00:00,5,0.15050147,0.99711806,2.004169,0.49752194
2019-04-15 12:00:00,0,0.09643234,1.0000812,2.0031571,0.4992525
2019-04-15 12:00:00,1,0.13568263,0.99989384,2.0069818,0.49820772
2019-04-15 12:00:00,2,0.0074071633,1.0012794,2.0009096,0.5004121
2019-04-15 12:00:00,3,0.010967523,1.0033656,2.0080807,0.499664
2019-04-15 12:00:00,4,0.49142063,1.0009995,2.0064464,0.4988917
2019-04-15 12:00:00,5,1.0044906,0.9965462,2.0047848,0.49708387
2019-05-16 00:00:00,0,0.031861156,1.0004395,2.0021534,0.49968174
2019-05-16 00:00:00,1,0.5971285,0.99895656,2.0057473,0.49804705
2019-05-16 00:00:00,2,0.084173694,0.9998978,1.9995,0.5000739
2019-05-16 00:00:00,3,1.0104398,1.003015,2.0073228,0.49967802
2019-05-16 00:00:00,4,0.6028482,1.0004449,2.0062966,0.49865252
2019-05-16 00:00:00,5,0.05213178,0.9968878,2.0040822,0.4974286
2019-06-15 12:00:00,0,0.7261849,0.9978636,2.0007255,0.49875087
2019-06-15 12:00:00,1,0.051347688,1.0002211,2.007217,0.4983124
2019-06-15 12:00:00,2,0.21461405,1.0026226,2.0089383,0.49908084
2019-06-15 12:00:00,3,0.42701295,0.99783695,2.0070078,0.4971764
2019-06-15 12:00:00,4,0.14314544,1.0002959,2.0022116,0.4995955
2019-06-15 12:00:00,5,0.80088437,0.99698126,2.0047808,0.49730188
2019-07-16 00:00:00,0,0.16394137,0.9977313,1.9998921,0.49889258
2019-07-16 00:00:00,1,0.33640316,0.999927,2.0061836,0.49842247
2019-07-16 00:00:00,2,0.5223457,1.0024246,2.0087018,0.49904102
2019-07-16 00:00:00,3,0.259469,0.99718904,2.0059872,0.4971064
2019-07-16 00:00:00,4,0.39146024,1.0002066,2.001463,0.49973774
2019-07-16 00:00:00,5,0.020730905,0.9971635,2.0042207,0.49753177
2019-08-16 00:00:00,0,0.15406835,0.9966441,1.9942111,0.4997686
2019-08-16 00:00:00,1,0.7053231,0.99782646,2.001842,0.49845415
2019-08-16 00:00:00,2,0.36936897,1.0010024,2.0058491,0.49904174
2019-08-16 00:00:00,3,0.19119059,0.9956695,2.0020597,0.4973226
2019-08-16 00:00:00,4,0.05580863,0.99823594,1.9966615,0.4999525
2019-08-16 00:00:00,5,0.14411213,0.9960153,2.0000017,0.49800724
2019-09-15 12:00:00,0,0.09112376,0.99978566,2.005637,0.49848786
2019-09-15 12:00:00,1,0.07258272,1.0014498,2.0093877,0.49838555
2019-09-15 12:00:00,2,0.84498465,1.0031035,2.0054524,0.5001881
2019-09-15 12:00:00,3,0.07927995,1.00236,2.0096252,0.49877957
2019-09-15 12:00:00,4,0.051917225,1.0021944,2.0075154,0.49922127
2019-09-15 12:00:00,5,1.2858105,0.9972429,2.0071206,0.49685252
2019-10-16 00:00:00,0,0.27408135,0.9873189,1.9467754,0.507156
2019-10-16 00:00:00,1,1.3669678,0.9813226,1.9626253,0.50000507
2019-10-16 00:00:00,2,1.2542505,0.99276,1.9703606,0.5038468
2019-10-16 00:00:00,3,0.096939884,0.9923168,1.9665738,0.5045917
2019-10-16 00:00:00,4,0.035374116,0.9833972,1.9557025,0.50283575
2019-10-16 00:00:00,5,0.32218802,0.98100334,1.960266,0.500444
2019-11-15 12:00:00,0,1.0559393,1.0001937,2.0024536,0.4994841
2019-11-15 12:00:00,1,0.66279167,0.99939764,2.0063186,0.4981251
2019-11-15 12:00:00,2,2.9964237,1.0006208,1.9999,0.50033545
2019-11-15 12:00:00,3,0.07157373,1.0033932,2.007671,0.49977964
2019-11-15 12:00:00,4,0.5465258,1.0006241,2.0061846,0.4987697
2019-11-15 12:00:00,5,1.046453,0.9965057,2.0042315,0.4972009
2019-12-16 00:00:00,0,0.20683905,1.0005776,2.0022426,0.49972844
2019-12-16 00:00:00,1,1.8927361,0.9988448,2.0055947,0.49802923
2019-12-16 00:00:00,2,1.4984502,0.99965024,1.9996247,0.4999189
2019-12-16 00:00:00,3,0.36024112,1.0027258,2.0072265,0.4995579
2019-12-16 00:00:00,4,0.52425456,1.0004846,2.0064993,0.49862194
2019-12-16 00:00:00,5,0.015518643,0.9971951,2.004207,0.497551
2020-01-16 00:00:00,0,0.45868468,1.0001475,2.0028343,0.49936604
2020-01-16 00:00:00,1,1.8535898,0.9996423,2.0066874,0.49815547
2020-01-16 00:00:00,2,0.34741035,1.0009309,2.0004537,0.50035197
2020-01-16 00:00:00,3,0.7563905,1.0033625,2.0079145,0.4997038
2020-01-16 00:00:00,4,1.3201942,1.0008063,2.006349,0.49881965
2020-01-16 00:00:00,5,0.021685023,0.9965392,2.004537,0.4971418
2020-02-15 00:00:00,0,0.87586784,0.99628085,1.9932209,0.49983463
2020-02-15 00:00:00,1,1.3969539,0.9976092,2.001533,0.49842256
2020-02-15 00:00:00,2,0.34179935,1.0010731,2.005119,0.4992587
2020-02-15 00:00:00,3,1.3278332,0.99602926,2.001796,0.4975678
2020-02-15 00:00:00,4,0.40732285,0.99775165,1.995679,0.49995598
2020-02-15 00:00:00,5,0.3779074,0.99525595,1.9991285,0.4978449
2020-03-16 00:00:00,0,0.024414701,1.0004288,2.0021355,0.49968085
2020-03-16 00:00:00,1,1.1946685,0.99895966,2.0057516,0.49804753
2020-03-16 00:00:00,2,0.17999895,0.9999104,1.999476,0.50008625
2020-03-16 00:00:00,3,0.46233952,1.0030404,2.007326,0.49968988
2020-03-16 00:00:00,4,0.029865945,1.0004361,2.0062747,0.4986536
2020-03-16 00:00:00,5,0.02507247,0.9968602,2.0040638,0.4974194
2020-04-15 12:00:00,0,0.042188786,1.0002556,2.0022745,0.49955967
2020-04-15 12:00:00,1,0.3556855,0.99923295,2.006101,0.49809706
2020-04-15 12:00:00,2,0.24215092,1.000378,1.9996539,0.50027555
2020-04-15 12:00:00,3,1.1620123,1.0033302,2.007537,0.49978173
2020-04-15 12:00:00,4,0.28979552,1.000526,2.0061555,0.498728
2020-04-15 12:00:00,5,0.136896,0.9965653,2.004108,0.4972613
2020-05-16 00:00:00,0,0.11719185,0.9999985,2.0035598,0.49911088
2020-05-16 00:00:00,1,0.36689734,1.0001775,2.0074992,0.49822062
2020-05-16 00:00:00,2,0.14788334,1.0016379,2.0015824,0.500423
2020-05-16 00:00:00,3,0.95916224,1.0033636,2.0084484,0.49957153
2020-05-16 00:00:00,4,0.32426676,1.0011532,2.0065966,0.498931
2020-05-16 00:00:00,5,0.1041205,0.99651396,2.0051296,0.49698234
2020-06-15 12:00:00,0,0.90885794,0.99846214,2.0030532,0.4984701
2020-06-15 12:00:00,1,0.11689273,1.0010147,2.0085816,0.49836895
2020-06-15 12:00:00,2,0.16966744,1.003098,2.0096936,0.49912983
2020-06-15 12:00:00,3,0.19321123,0.99836445,2.0082433,0.4971332
2020-06-15 12:00:00,4,0.285625,1.0012752,2.0043252,0.49955726
2020-06-15 12:00:00,5,0.34976652,0.99775094,2.0064769,0.4972651
2020-07-16 00:00:00,0,0.054192137,0.996928,1.9958748,0.49949425
2020-07-16 00:00:00,1,1.3147379,0.9984677,2.0032947,0.4984128
2020-07-16 00:00:00,2,0.42292535,1.0014,2.0069053,0.49897718
2020-07-16 00:00:00,3,0.08102284,0.99608845,2.0033693,0.4972066
2020-07-16 00:00:00,4,1.3417053,0.99875706,1.9980502,0.49986586
2020-07-16 00:00:00,5,0.40351975,0.99628884,2.0013318,0.49781293
2020-08-16 00:00:00,0,0.03254978,0.99764663,1.9994248,0.4989668
2020-08-16 00:00:00,1,0.09350277,0.99977416,2.005997,0.49839267
2020-08-16 00:00:00,2,0.6773929,1.0023084,2.0084414,0.49904785
2020-08-16 00:00:00,3,0.81413174,0.99715996,2.0058398,0.4971284
2020-08-16 00:00:00,4,0.3749931,1.0000176,2.001129,0.49972674
2020-08-16 00:00:00,5,0.4784088,0.997016,2.0039601,0.4975229
2020-09-15 12:00:00,0,0.93038243,0.9907892,1.9647295,0.50428784
2020-09-15 12:00:00,1,0.45622757,0.98756486,1.9779071,0.49929792
2020-09-15 12:00:00,2,0.3641609,0.9957105,1.9848163,0.5016638
2020-09-15 12:00:00,3,0.15683842,0.9929174,1.9803718,0.5013793
2020-09-15 12:00:00,4,0.9657787,0.98883516,1.9711959,0.5016422
2020-09-15 12:00:00,5,1.1640577,0.98699933,1.9756671,0.49957776
2020-10-16 00:00:00,0,1.1288544,0.986909,1.9445633,0.50752217
2020-10-16 00:00:00,1,1.2712159,0.98057824,1.9606532,0.5001283
2020-10-16 00:00:00,2,0.2867915,0.992452,1.9684105,0.50418955
2020-10-16 00:00:00,3,0.1435175,0.9922812,1.9647564,0.50504035
2020-10-16 00:00:00,4,0.13230552,0.98277944,1.9537798,0.50301445
2020-10-16 00:00:00,5,0.072944224,0.98030245,1.9582788,0.5005939
2020-11-15 12:00:00,0,0.07148954,1.0000876,2.0032368,0.49923584
2020-11-15 12:00:00,1,0.24247466,0.99992824,2.0070248,0.4982142
2020-11-15 12:00:00,2,1.2563602,1.0013129,2.001022,0.5004007
2020-11-15 12:00:00,3,0.058459967,1.0033262,2.0081055,0.49963817
2020-11-15 12:00:00,4,0.009485943,1.001042,2.006497,0.49890035
2020-11-15 12:00:00,5,0.6774993,0.9965897,2.0048537,0.4970885
2020-12-16 00:00:00,0,0.21056913,1.0002015,2.0025933,0.49945313
2020-12-16 00:00:00,1,0.642313,0.9994608,2.006405,0.4981351
2020-12-16 00:00:00,2,0.15586764,1.0006859,2.0000942,0.5003194
2020-12-16 00:00:00,3,1.5806937,1.0033371,2.0077257,0.49973816
2020-12-16 00:00:00,4,0.0025627161,1.0006953,2.0062706,0.49878383
2020-12-16 00:00:00,5,0.10532794,0.99656874,2.0043497,0.49720302
2021-01-16 00:00:00,0,0.21154183,1.0005124,2.002183,0.49971077
2021-01-16 00:00:00,1,0.39881757,0.9988883,2.005656,0.4980357
2021-01-16 00:00:00,2,0.33364612,0.99975604,1.9995431,0.49999225
2021-01-16 00:00:00,3,0.2621038,1.0028672,2.007266,0.4996185
2021-01-16 00:00:00,4,1.0782808,1.0004561,2.006394,0.49863395
2021-01-16 00:00:00,5,0.06963289,0.99704367,2.0041342,0.49749348
2021-02-14 12:00:00,0,0.5482775,1.0000942,2.0031707,0.4992556
2021-02-14 12:00:00,1,0.1914001,0.9998788,2.0070062,0.4981942
2021-02-14 12:00:00,2,1.4484378,1.0012428,2.0009437,0.5003853
2021-02-14 12:00:00,3,0.0045535075,1.0033432,2.008112,0.49964505
2021-02-14 12:00:00,4,0.044553354,1.0009848,2.006475,0.4988773
2021-02-14 12:00:00,5,0.49595374,0.99656236,2.004805,0.4970869
2021-03-16 00:00:00,0,0.68679047,1.0002164,2.0023725,0.49951562
2021-03-16 00:00:00,1,1.1795701,0.99932826,2.006234,0.49811155
2021-03-16 00:00:00,2,0.17972298,1.0005203,1.9997907,0.50031257
2021-03-16 00:00:00,3,0.026828328,1.003376,2.0076213,0.49978352
2021-03-16 00:00:00,4,0.24671185,1.0005767,2.0061665,0.4987506
2021-03-16 00:00:00,5,1.0166271,0.99651974,2.004174,0.4972222
2021-04-15 12:00:00,0,0.2467722,0.9991655,2.005578,0.49819326
2021-04-15 12:00:00,1,0.3836229,1.0018038,2.010524,0.49827993
2021-04-15 12:00:00,2,1.0967302,1.0035915,2.0088868,0.49957594
2021-04-15 12:00:00,3,0.5249701,1.0006087,2.0102632,0.49775007
2021-04-15 12:00:00,4,0.49068928,1.0019939,2.0068023,0.49929875
2021-04-15 12:00:00,5,0.11786373,0.9975139,2.0078354,0.4968106
2021-05-16 00:00:00,0,0.52103186,0.9993438,2.0060878,0.49815556
2021-05-16 00:00:00,1,0.3980536,1.0020326,2.0102782,0.4984547
2021-05-16 00:00:00,2,0.43792027,1.0039017,2.0083022,0.4998758
2021-05-16 00:00:00,3,0.4517973,1.0010881,2.0100226,0.4980482
2021-05-16 00:00:00,4,0.51860654,1.0024698,2.0072265,0.49943033
2021-05-16 00:00:00,5,1.0949799,0.99762213,2.007967,0.49683192
2021-06-15 12:00:00,0,0.20088294,0.99675685,1.994991,0.49962977
2021-06-15 12:00:00,1,2.2506137,0.998155,2.002599,0.49842978
2021-06-15 12:00:00,2,0.020987414,1.0012267,2.0063176,0.49903697
2021-06-15 12:00:00,3,0.46915552,0.9958925,2.0027251,0.4972687
2021-06-15 12:00:00,4,0.7843569,0.9984513,1.997289,0.4999033
2021-06-15 12:00:00,5,0.062941276,0.99613106,2.0005946,0.4979175
2021-07-16 00:00:00,0,0.050850697,0.99919915,2.0057015,0.49817938
2021-07-16 00:00:00,1,1.3234316,1.0018448,2.0101576,0.49839115
2021-07-16 00:00:00,2,0.5877666,1.0035993,2.009564,0.49941146
2021-07-16 00:00:00,3,0.12939787,0.99990356,2.0098214,0.49750867
2021-07-16 00:00:00,4,0.12001773,1.0022596,2.00681,0.49942926
2021-07-16 00:00:00,5,0.91215426,0.9980307,2.008069,0.49701017
2021-08-16 00:00:00,0,0.30882534,0.99098444,1.9655714,0.5041712
2021-08-16 00:00:00,1,0.12602027,0.98782784,1.9786228,0.4992502
2021-08-16 00:00:00,2,0.7537377,0.99575853,1.9855124,0.5015121
2021-08-16 00:00:00,3,0.22673412,0.99289554,1.9810257,0.50120276
2021-08-16 00:00:00,4,0.18703508,0.98906875,1.9719576,0.50156695
2021-08-16 00:00:00,5,0.5258958,0.98732466,1.9764087,0.4995549
2021-09-15 12:00:00,0,0.6749904,0.99532855,1.98815,0.5006305
2021-09-15 12:00:00,1,0.09771918,0.99564326,1.9975947,0.49842104
2021-09-15 12:00:00,2,1.2377362,0.9997055,2.002245,0.4992923
2021-09-15 12:00:00,3,0.9658187,0.9949963,1.9983274,0.49791455
2021-09-15 12:00:00,4,0.023821985,0.9958977,1.9914075,0.5000974
2021-09-15 12:00:00,5,0.048198123,0.9939685,1.995197,0.4981806
2021-10-16 00:00:00,0,0.14357609,1.0005584,2.0022318,0.49972153
2021-10-16 00:00:00,1,0.39341417,0.9988615,2.0056155,0.4980324
2021-10-16 00:00:00,2,0.10604165,0.9996864,1.9996086,0.49994105
2021-10-16 00:00:00,3,0.24718457,1.0027654,2.0072389,0.49957454
2021-10-16 00:00:00,4,0.86579806,1.0004808,2.0064714,0.49862698
2021-10-16 00:00:00,5,3.1602364,0.9971535,2.0041904,0.4975343
2021-11-15 12:00:00,0,0.35837412,0.99985117,2.0048597,0.4987138
2021-11-15 12:00:00,1,0.7764711,1.0009471,2.0089948,0.4982328
2021-11-15 12:00:00,2,0.1728006,1.0024884,2.004009,0.50024146
2021-11-15 12:00:00,3,0.30994412,1.002905,2.0095134,0.49907854
2021-11-15 12:00:00,4,0.048692446,1.001643,2.0072138,0.49902153
2021-11-15 12:00:00,5,0.9982547,0.9967845,2.0063741,0.4968089
2021-12-16 00:00:00,0,0.30673066,1.0006303,2.0023065,0.4997388
2021-12-16 00:00:00,1,1.0917968,0.9988191,2.0055504,0.49802744
2021-12-16 00:00:00,2,0.5773994,0.9995773,1.9997092,0.4998613
2021-12-16 00:00:00,3,0.59851927,1.0026066,2.0071955,0.49950624
2021-12-16 00:00:00,4,0.032711063,1.0005193,2.0065916,0.4986163
2021-12-16 00:00:00,5,1.039186,0.9973247,2.0042775,0.4975981
2022-01-16 00:00:00,0,0.42584008,0.99726874,1.9974941,0.49925992
2022-01-16 00:00:00,1,0.060194947,0.9988843,2.0052018,0.49814653
2022-01-16 00:00:00,2,0.009029752,1.0014738,2.0077555,0.49880266
2022-01-16 00:00:00,3,0.36081335,0.9968097,2.0052981,0.49708804
2022-01-16 00:00:00,4,0.7233395,0.9988823,1.9996217,0.49953562
2022-01-16 00:00:00,5,0.36253187,0.99630976,2.0025854,0.49751174
2022-02-14 12:00:00,0,0.1413101,0.999176,2.0057616,0.49815294
2022-02-14 12:00:00,1,0.582668,1.0019699,2.0105433,0.49835777
2022-02-14 12:00:00,2,0.07413471,1.0038711,2.0083566,0.49984702
2022-02-14 12:00:00,3,0.19134393,1.0011859,2.0102801,0.49803302
2022-02-14 12:00:00,4,0.09726574,1.002157,2.0069048,0.4993545
2022-02-14 12:00:00,5,0.37476927,0.9972726,2.0077853,0.49670282
2022-03-16 00:00:00,0,0.055159193,1.0001018,2.0028567,0.49933767
2022-03-16 00:00:00,1,0.20129095,0.99969923,2.0068047,0.49815473
2022-03-16 00:00:00,2,0.6744783,1.0010281,2.000503,0.50038815
2022-03-16 00:00:00,3,0.25561354,1.0034417,2.0080016,0.49972156
2022-03-16 00:00:00,4,1.736647,1.0008011,2.0063162,0.4988252
2022-03-16 00:00:00,5,0.39246306,0.99644744,2.0045428,0.4970946
2022-04-15 12:00:00,0,0.13507578,1.0002306,2.002581,0.49947074
2022-04-15 12:00:00,1,0.21464285,0.99942267,2.0063453,0.49813095
2022-04-15 12:00:00,2,1.4466089,1.0006188,2.000073,0.50029117
2022-04-15 12:00:00,3,0.86290485,1.003286,2.007685,0.49972284
2022-04-15 12:00:00,4,0.63215667,1.0006914,2.006295,0.4987758
2022-04-15 12:00:00,5,0.85370624,0.9966243,2.004349,0.49723092
2022-05-16 00:00:00,0,0.054856945,0.99849653,2.0034857,0.49837968
2022-05-16 00:00:00,1,0.007618953,1.0012318,2.009275,0.49830502
2022-05-16 00:00:00,2,0.257333,1.0033128,2.0095735,0.49926656
2022-05-16 00:00:00,3,0.41180602,0.999066,2.0089304,0.4973124
2022-05-16 00:00:00,4,2.810609,1.0013151,2.004718,0.49947926
2022-05-16 00:00:00,5,0.35168138,0.9973806,2.0067549,0.4970117
2022-06-15 12:00:00,0,0.037249185,0.9987463,2.0044081,0.49827492
2022-06-15 12:00:00,1,0.27018434,1.0014763,2.00992,0.49826676
2022-06-15 12:00:00,2,0.68331057,1.0034035,2.0096633,0.49928936
2022-06-15 12:00:00,3,0.12268562,0.99951863,2.009593,0.49737367
2022-06-15 12:00:00,4,1.0821139,1.0015521,2.0055797,0.49938285
2022-06-15 12:00:00,5,0.26730326,0.9975027,2.0073,0.49693754
2022-07-16 00:00:00,0,0.2215164,0.9950285,1.9863019,0.50094527
2022-07-16 00:00:00,1,0.8126079,0.99505246,1.9957118,0.49859527
2022-07-16 00:00:00,2,0.8600296,0.9994446,2.000831,0.4995148
2022-07-16 00:00:00,3,0.35612562,0.99453646,1.9965007,0.4981398
2022-07-16 00:00:00,4,0.4979919,0.9955459,1.9898027,0.50032395
2022-07-16 00:00:00,5,1.0540185,0.9937665,1.9936473,0.49846655
2022-08-16 00:00:00,0,0.046928126,0.99947476,2.006129,0.4982106
2022-08-16 00:00:00,1,1.1248388,1.0019684,2.0101457,0.4984556
2022-08-16 00:00:00,2,0.301743,1.0037899,2.0076222,0.49998942
2022-08-16 00:00:00,3,0.039845932,1.0014381,2.0099795,0.49823302
2022-08-16 00:00:00,4,0.091441385,1.0024823,2.0074098,0.49939096
2022-08-16 00:00:00,5,0.70988286,0.9975837,2.0078456,0.49684283
2022-09-15 12:00:00,0,0.576,0.9999886,2.0033445,0.49915957
2022-09-15 12:00:00,1,0.32394758,1.000084,2.00733,0.49821606
2022-09-15 12:00:00,2,0.23638771,1.0015517,2.0012455,0.5004642
2022-09-15 12:00:00,3,1.3179862,1.0034617,2.008329,0.4996501
2022-09-15 12:00:00,4,0.29624027,1.0010618,2.0064604,0.49891928
2022-09-15 12:00:00,5,0.29307607,0.9964195,2.004935,0.49698344
2022-10-16 00:00:00,0,1.6711292,0.9940021,1.9815171,0.5016369
2022-10-16 00:00:00,1,0.5678413,0.9934722,1.9919907,0.49873337
2022-10-16 00:00:00,2,0.11321576,0.99874616,1.9974446,0.5000119
2022-10-16 00:00:00,3,0.1913403,0.9942272,1.9931142,0.498831
2022-10-16 00:00:00,4,0.14379121,0.99403054,1.9856257,0.5006132
2022-10-16 00:00:00,5,1.2654388,0.9921528,1.9897518,0.49863145
2022-11-15 12:00:00,0,2.1709406,1.0003006,2.002297,0.49957657
2022-11-15 12:00:00,1,0.010962639,0.9991928,2.006047,0.49809042
2022-11-15 12:00:00,2,0.20670137,1.0002933,1.9996836,0.5002258
2022-11-15 12:00:00,3,0.12903515,1.0032388,2.0075033,0.49974453
2022-11-15 12:00:00,4,0.20170867,1.0005348,2.006218,0.4987169
2022-11-15 12:00:00,5,0.6114441,0.9966625,2.0041425,0.49730122
2022-12-16 00:00:00,0,1.5782504,1.000643,2.0023224,0.4997412
2022-12-16 00:00:00,1,0.2740241,0.998813,2.0055397,0.49802703
2022-12-16 00:00:00,2,0.12403862,0.9995596,1.9997299,0.4998473
2022-12-16 00:00:00,3,1.1978971,1.0025775,2.0071874,0.49949375
2022-12-16 00:00:00,4,0.24426991,1.000528,2.006614,0.4986151
2022-12-16 00:00:00,5,0.34889704,0.9973566,2.0042946,0.49760976
2023-01-16 00:00:00,0,0.8920957,1.0006353,2.002312,0.49973994
2023-01-16 00:00:00,1,0.19062819,0.99881613,2.005546,0.49802703
2023-01-16 00:00:00,2,1.4768133,0.99956954,1.9997163,0.49985567
2023-01-16 00:00:00,3,2.465884,1.0025957,2.0071924,0.49950153
2023-01-16 00:00:00,4,0.12880144,1.0005219,2.0066001,0.49861547
2023-01-16 00:00:00,5,0.025994001,0.99733675,2.0042837,0.49760258
2023-02-14 12:00:00,0,1.0086663,1.0005059,2.0021837,0.49970737
2023-02-14 12:00:00,1,0.82660973,0.9988958,2.005668,0.4980365
2023-02-14 12:00:00,2,0.36138192,0.99976987,1.9995445,0.4999988
2023-02-14 12:00:00,3,0.116175786,1.0028799,2.0072742,0.49962276
2023-02-14 12:00:00,4,0.19100903,1.0004559,2.0063875,0.4986354
2023-02-14 12:00:00,5,0.10342112,0.9970302,2.0041325,0.49748716
2023-03-16 00:00:00,0,1.2779605,1.0006317,2.0023074,0.4997393
2023-03-16 00:00:00,1,1.6379349,0.9988177,2.0055492,0.49802703
2023-03-16 00:00:00,2,0.00670912,0.9995743,1.9997106,0.49985948
2023-03-16 00:00:00,3,0.0032376656,1.0026038,2.0071945,0.49950504
2023-03-16 00:00:00,4,1.6724082,1.0005194,2.0065937,0.49861583
2023-03-16 00:00:00,5,0.16899827,0.9973278,2.0042787,0.49759936
2023-04-15 12:00:00,0,0.30995327,0.9994381,2.00604,0.49821442
2023-04-15 12:00:00,1,0.508748,1.0018204,2.0106058,0.49826795
2023-04-15 12:00:00,2,0.05041495,1.0034531,2.0084636,0.4996123
2023-04-15 12:00:00,3,0.73247457,1.0010087,2.010452,0.49790233
2023-04-15 12:00:00,4,1.3665485,1.0021665,2.0074062,0.49923453
2023-04-15 12:00:00,5,0.3384124,0.997606,2.0080647,0.4967997
2023-05-16 00:00:00,0,0.27094433,1.0002627,2.0026026,0.4994814
2023-05-16 00:00:00,1,0.09488781,0.9994062,2.006263,0.49814317
2023-05-16 00:00:00,2,0.08765558,1.0005839,2.0000784,0.50027233
2023-05-16 00:00:00,3,1.5222552,1.003213,2.0076122,0.4997046
2023-05-16 00:00:00,4,0.023899967,1.0007286,2.0063336,0.49878475
2023-05-16 00:00:00,5,0.18956143,0.99671364,2.0043707,0.4972701
2023-06-15 12:00:00,0,0.075122654,1.000014,2.003578,0.49911407
2023-06-15 12:00:00,1,1.2684269,1.0002109,2.0072834,0.4982908
2023-06-15 12:00:00,2,1.7059605,1.0017138,2.001499,0.5004818
2023-06-15 12:00:00,3,0.19582783,1.0033082,2.0082204,0.49960062
2023-06-15 12:00:00,4,0.8670346,1.0012825,2.0065842,0.4989985
2023-06-15 12:00:00,5,1.2905045,0.9966259,2.0051155,0.49704164
2023-07-16 00:00:00,0,0.23767589,0.9943202,1.9829475,0.50143546
2023-07-16 00:00:00,1,1.4331472,0.9939058,1.9928833,0.49872753
2023-07-16 00:00:00,2,0.25939262,0.99893636,1.9984093,0.49986574
2023-07-16 00:00:00,3,0.35820702,0.99416953,1.9939152,0.4986017
2023-07-16 00:00:00,4,0.5908105,0.9944903,1.986817,0.5005445
2023-07-16 00:00:00,5,0.6503831,0.9927946,1.9907781,0.49869674
2023-08-16 00:00:00,0,0.012553394,0.9999839,2.003576,0.49909955
2023-08-16 00:00:00,1,0.94243014,1.0002418,2.007325,0.49829587
2023-08-16 00:00:00,2,0.07693412,1.0017773,2.0014942,0.50051475
2023-08-16 00:00:00,3,0.69980234,1.0033644,2.0082462,0.49962223
2023-08-16 00:00:00,4,0.82702297,1.0012811,2.0065486,0.49900666
2023-08-16 00:00:00,5,0.13096999,0.99656606,2.0050976,0.49701622
2023-09-15 12:00:00,0,0.6811703,0.99997365,2.003979,0.49899408
2023-09-15 12:00:00,1,0.55417526,1.0004605,2.0076523,0.4983236
2023-09-15 12:00:00,2,0.2166014,1.0020151,2.0021417,0.50047165
2023-09-15 12:00:00,3,0.11787448,1.003201,2.0084567,0.4994885
2023-09-15 12:00:00,4,0.27863055,1.0014806,2.0067647,0.49905235
2023-09-15 12:00:00,5,0.20165385,0.9967184,2.005465,0.49700114
2023-10-16 00:00:00,0,0.20766144,0.9990262,2.0053895,0.49817064
2023-10-16 00:00:00,1,0.34444302,1.0017557,2.0106645,0.49822122
2023-10-16 00:00:00,2,0.4006523,1.003549,2.0095587,0.49938774
2023-10-16 00:00:00,3,0.28343755,1.0002543,2.0103626,0.49754918
2023-10-16 00:00:00,4,0.06525176,1.001847,2.0065553,0.499287
2023-10-16 00:00:00,5,0.229146,0.9974486,2.0078957,0.49676317
2023-11-15 12:00:00,0,0.10979331,1.0001506,2.0026286,0.4994189
2023-11-15 12:00:00,1,0.43927827,0.9995356,2.0065212,0.49814355
2023-11-15 12:00:00,2,0.019239442,1.0008118,2.0001535,0.5003675
2023-11-15 12:00:00,3,0.017626021,1.0034214,2.0078034,0.49976078
2023-11-15 12:00:00,4,0.17988819,1.0007098,2.0062356,0.49879974
2023-11-15 12:00:00,5,1.2479597,0.9964769,2.004364,0.49715364
2023-12-16 00:00:00,0,0.012999286,1.0003312,2.0021093,0.49963865
2023-12-16 00:00:00,1,0.10514023,0.9990536,2.0059042,0.4980565
2023-12-16 00:00:00,2,0.13223965,1.000098,1.9994466,0.5001874
2023-12-16 00:00:00,3,0.53043425,1.0032375,2.0074308,0.49976194
2023-12-16 00:00:00,4,0.5857955,1.0004153,2.0061555,0.49867287
2023-12-16 00:00:00,5,1.5718281,0.99664754,2.0040076,0.49732724
2024-01-16 00:00:00,0,0.17386863,1.0005201,2.0021892,0.4997131
2024-01-16 00:00:00,1,0.818429,0.9988818,2.0056527,0.49803331
2024-01-16 00:00:00,2,0.04652507,0.9997409,1.9995534,0.4999821
2024-01-16 00:00:00,3,0.06942113,1.0028517,2.0072658,0.4996108
2024-01-16 00:00:00,4,2.3493187,1.0004562,2.0064065,0.49863085
2024-01-16 00:00:00,5,0.47728258,0.99705935,2.0041425,0.49749923
2024-02-15 00:00:00,0,0.8188359,1.0005933,2.0022604,0.49973184
2024-02-15 00:00:00,1,0.47106668,0.9988359,2.0055826,0.49802783
2024-02-15 00:00:00,2,0.64929473,0.9996266,1.999649,0.499901
2024-02-15 00:00:00,3,0.30948943,1.0026909,2.0072186,0.49954244
2024-02-15 00:00:00,4,0.7600608,1.000493,2.0065265,0.4986194
2024-02-15 00:00:00,5,0.26981708,0.9972326,2.0042274,0.4975646
2024-03-16 00:00:00,0,1.0962025,1.0005414,2.002214,0.49971753
2024-03-16 00:00:00,1,0.65466106,0.9988713,2.0056307,0.49803352
2024-03-16 00:00:00,2,0.91626155,0.9997118,1.9995849,0.49995968
2024-03-16 00:00:00,3,1.4298241,1.0028028,2.0072494,0.49959058
2024-03-16 00:00:00,4,0.008145615,1.0004715,2.006443,0.4986294
2024-03-16 00:00:00,5,0.08250827,0.997113,2.00417,0.4975192
2024-04-15 12:00:00,0,0.5656464,1.0001689,2.0024967,0.49946097
2024-04-15 12:00:00,1,0.5286616,0.9994481,2.0063894,0.49813268
2024-04-15 12:00:00,2,0.033815764,1.0006993,1.9999617,0.50035924
2024-04-15 12:00:00,3,0.028686054,1.003427,2.0077164,0.49978524
2024-04-15 12:00:00,4,0.18844654,1.0006466,2.0061812,0.49878174
2024-04-15 12:00:00,5,0.49830705,0.9964706,2.0042589,0.4971766
2024-05-16 00:00:00,0,0.630812,0.99989533,2.0046937,0.4987771
2024-05-16 00:00:00,1,0.83587086,1.0008391,2.0086627,0.49826142
2024-05-16 00:00:00,2,0.38353354,1.0023787,2.0035868,0.5002921
2024-05-16 00:00:00,3,1.2044998,1.0029598,2.0092487,0.49917158
2024-05-16 00:00:00,4,0.4318702,1.0016339,2.007144,0.4990344
2024-05-16 00:00:00,5,0.29715985,0.99680084,2.0061843,0.49686402
2024-06-15 12:00:00,0,0.9754501,0.99584717,1.9908717,0.5002066
2024-06-15 12:00:00,1,0.90490615,0.99674505,1.9993376,0.49853766
2024-06-15 12:00:00,2,0.5516593,1.0005432,2.0037515,0.499335
2024-06-15 12:00:00,3,0.7678787,0.9953339,1.9997588,0.49772698
2024-06-15 12:00:00,4,0.73854375,0.9970903,1.9936258,0.5001391
2024-06-15 12:00:00,5,0.66616654,0.9948753,1.9972548,0.49812135
2024-07-16 00:00:00,0,0.30941927,0.9975851,1.9995629,0.4989016
2024-07-16 00:00:00,1,0.96176726,0.99990475,2.0062354,0.49839854
2024-07-16 00:00:00,2,0.3718355,1.0025163,2.0084088,0.4991595
2024-07-16 00:00:00,3,0.4321321,0.9974358,2.0060284,0.49721918
2024-07-16 00:00:00,4,0.023221334,1.0000308,2.0011394,0.49973068
2024-07-16 00:00:00,5,0.19619459,0.9968108,2.0039523,0.49742243
2024-08-16 00:00:00,0,1.1289724,0.99712276,1.9967883,0.4993633
2024-08-16 00:00:00,1,0.04558178,0.9987142,2.0041103,0.49833295
2024-08-16 00:00:00,2,0.76029027,1.0015286,2.0073044,0.49894208
2024-08-16 00:00:00,3,0.6723192,0.9964123,2.0041835,0.4971662
2024-08-16 00:00:00,4,0.6917621,0.9989471,1.9988893,0.49975106
2024-08-16 00:00:00,5,0.3027459,0.9964057,2.0019636,0.4977142
2024-09-15 12:00:00,0,0.32513797,0.99904186,2.005255,0.4982119
2024-09-15 12:00:00,1,0.06076618,1.0016806,2.0099726,0.49835536
2024-09-15 12:00:00,2,0.35021818,1.003496,2.0098364,0.4992924
2024-09-15 12:00:00,3,0.15259787,0.99955964,2.0096362,0.4973834
2024-09-15 12:00:00,4,0.34806734,1.0020372,2.006355,0.49943164
2024-09-15 12:00:00,5,0.048005886,0.9979453,2.0078168,0.49703005
2024-10-16 00:00:00,0,1.8257693,0.99934757,2.005998,0.49817976
2024-10-16 00:00:00,1,0.20612407,1.0019647,2.0104265,0.49838415
2024-10-16 00:00:00,2,0.6760342,1.0037973,2.0080326,0.49989095
2024-10-16 00:00:00,3,0.12812869,1.0013555,2.0102277,0.4981304
2024-10-16 00:00:00,4,0.16146788,1.0023098,2.0072298,0.4993498
2024-10-16 00:00:00,5,0.28435725,0.9974019,2.007874,0.49674526
2024-11-15 12:00:00,0,0.79143244,1.0004725,2.002165,0.49969533
2024-11-15 12:00:00,1,0.5681417,0.9989222,2.0057168,0.49803752
2024-11-15 12:00:00,2,0.2245947,0.99982685,1.9995227,0.5000328
2024-11-15 12:00:00,3,0.013834135,1.0029504,2.0073094,0.49964914
2024-11-15 12:00:00,4,1.3790807,1.0004418,2.0063422,0.49863967
2024-11-15 12:00:00,5,0.87176716,0.996953,2.0041058,0.49745527
2024-12-16 00:00:00,0,0.3805043,1.000448,2.0021713,0.49968153
2024-12-16 00:00:00,1,1.2438232,0.99895495,2.0057518,0.49804515
2024-12-16 00:00:00,2,0.46016452,0.9998874,1.9995265,0.5000621
2024-12-16 00:00:00,3,0.19120336,1.002995,2.007328,0.49966672
2024-12-16 00:00:00,4,0.120830506,1.0004504,2.0063167,0.49865028
2024-12-16 00:00:00,5,0.7164396,0.9969083,2.0041,0.49743438
2025-01-16 00:00:00,0,0.31680676,0.99975175,2.0048265,0.49867246
2025-01-16 00:00:00,1,1.5231546,1.001053,2.009044,0.4982733
2025-01-16 00:00:00,2,0.18420292,1.002711,2.003945,0.50036854
2025-01-16 00:00:00,3,0.07139879,1.0030798,2.0095115,0.49916598
2025-01-16 00:00:00,4,0.047961887,1.001672,2.0070693,0.49907196
2025-01-16 00:00:00,5,0.22307459,0.9966063,2.0063019,0.49673796
2025-02-14 12:00:00,0,0.019054923,1.0005841,2.0022535,0.49972898
2025-02-14 12:00:00,1,0.067383096,0.99884313,2.0055916,0.49802917
2025-02-14 12:00:00,2,0.4710638,0.9996429,1.9996393,0.4999116
2025-02-14 12:00:00,3,0.12684833,1.0027102,2.0072243,0.49955064
2025-02-14 12:00:00,4,1.3471227,1.0004903,2.0065124,0.49862155
2025-02-14 12:00:00,5,0.115821175,0.9972121,2.0042183,0.49755663
2025-03-16 00:00:00,0,0.55424064,1.0005022,2.0021794,0.4997066
2025-03-16 00:00:00,1,1.3801385,0.9988977,2.0056715,0.49803653
2025-03-16 00:00:00,2,1.972344,0.99977505,1.9995389,0.5000028
2025-03-16 00:00:00,3,1.2439188,1.0028882,2.0072768,0.49962628
2025-03-16 00:00:00,4,0.06405154,1.0004534,2.0063813,0.4986357
2025-03-16 00:00:00,5,0.6015633,0.99702114,2.0041277,0.49748382
2025-04-15 12:00:00,0,0.27849615,0.99997526,2.003752,0.49905142
2025-04-15 12:00:00,1,0.16640745,1.0003171,2.0075965,0.498266
2025-04-15 12:00:00,2,1.3041435,1.0018303,2.0018463,0.5004532
2025-04-15 12:00:00,3,1.4005172,1.0033126,2.0084746,0.49953958
2025-04-15 12:00:00,4,0.35980266,1.0012966,2.0066617,0.49898627
2025-04-15 12:00:00,5,2.8579845,0.996579,2.0052788,0.49697778
2025-05-16 00:00:00,0,0.259269,0.99961203,2.0060396,0.49830124
2025-05-16 00:00:00,1,0.22557707,1.0017835,2.010011,0.49839702
2025-05-16 00:00:00,2,0.76732147,1.0035067,2.0069036,0.5000273
2025-05-16 00:00:00,3,0.011115893,1.0018269,2.010004,0.49842033
2025-05-16 00:00:00,4,1.2080634,1.0023531,2.0075467,0.49929255
2025-05-16 00:00:00,5,0.054321803,0.9974333,2.0076528,0.49681565
2025-06-15 12:00:00,0,0.73664206,0.99587935,1.9907587,0.5002512
2025-06-15 12:00:00,1,0.26443434,0.99666786,1.9993069,0.4985067
2025-06-15 12:00:00,2,0.31172028,1.0004003,2.0037613,0.49926123
2025-06-15 12:00:00,3,0.40420863,0.995205,1.9997487,0.49766502
2025-06-15 12:00:00,4,0.14880954,0.9970225,1.9936109,0.5001089
2025-06-15 12:00:00,5,0.41509086,0.99496806,1.9972495,0.49816915
