time,PC1,PC2,PC3,PC4,PC5,PC6,PC7,PC8,PC9,PC10,PC11,PC12
1940-01-16 00:00:00,1.1870888676082152,0.35224473959708386,0.015243769178995337,-0.2801172608766307,0.2478965557007557,-0.36180289419038225,0.9753416781004935,-0.4217287801066226,-0.4795478954299485,-0.6002855733553872,0.2087849159551347,0.17482451194059112
1940-02-15 00:00:00,0.3755783334494271,-0.24010552053378664,0.26021656702323437,-0.5931905079133204,-0.30059533731204435,0.19463812049385493,0.1263498878194862,0.35969602091904473,0.01472086511243954,-0.24835432228653365,-0.3629436223892646,-0.4259561825348249
1940-03-16 00:00:00,-0.3962660663337843,0.07136317587100206,-0.6172301085929714,0.7241297545719592,0.3608246517469353,-1.1165038595714756,0.6249808321577578,0.014153899825793827,-0.31830477604249535,-0.5231459628952946,0.3413924608934591,0.4366859002014921
1940-04-15 12:00:00,-0.7813388511215615,-0.41979517016370094,-0.2070883997894147,-0.5427722597298272,-0.2759264318427235,0.11386137624925874,0.009537402914381488,-0.33201929762474014,-0.03069958772559854,0.12690850795316333,-0.013408752962299264,-0.03769368680110574
1940-05-16 00:00:00,-0.08931813436730757,0.44684620666810115,0.39883825713624166,0.5130613128855804,-0.40291021849295483,-0.3858786392315344,0.23068485596113086,-0.4103489970941644,-0.9582729345040285,-0.5740219902014564,0.11450515555030916,-0.2905819203286235
1940-06-15 12:00:00,-0.14578864121138324,0.4616022172452698,-0.5130684958597627,0.11691508672028134,0.4526459431479621,-0.013693460587534845,-0.694965305405506,0.145088324978077,0.6993450018862091,0.07741455620404047,-0.1009554273790434,-0.6149131251008061
1940-07-16 00:00:00,-0.8919872376726949,-0.4521724905656519,0.332250216352063,-1.1464752036094712,0.46632362951332046,-0.22223787805678263,-0.40296187395901223,-1.0367748440300677,-0.13065629886575736,-0.5752556201554353,-0.09311197668721904,0.1044445227338332
1940-08-16 00:00:00,0.4520030389943768,0.3485156601981888,0.11590242047740174,0.13026848996753038,0.10093266860772648,-0.08460907993575761,0.10577642439001472,-0.10678903203353154,-0.9719747934044488,-0.27940274470033305,-0.019313284270461306,0.05930826242688947
1940-09-15 12:00:00,-0.5534451973898784,-0.26227457258364734,-0.520414437746151,-0.29344498327359025,-0.35956304152836516,-0.4293815456567692,-0.13074753148938992,0.3875572005844547,-0.29734799035625814,0.3524412062882334,-0.6312700652779589,0.5429464094112019
1940-10-16 00:00:00,0.06483759309905796,0.188110487139588,-0.015454523317235569,-0.3111860457878056,0.10425633863392664,0.36511904808955864,-0.046644048264960436,0.21551805260977247,0.019812804770429605,-0.0865886018980705,-0.8457243257831715,-0.028018207390369976
1940-11-15 12:00:00,0.9093378784286545,-0.25866502122910345,0.2733570759776389,-0.09516385347443296,0.6169334082830544,-0.23639684112236292,-0.3116329937489528,0.006339164455869198,0.5808040319433938,-0.10716925406238148,0.35153409905023936,-0.5077335069942277
1940-12-16 00:00:00,0.018475681438146763,0.14499763324795967,0.11907129688105322,0.03658467929743861,0.4031771435433436,0.09310379529497392,0.2608279549100758,-0.3111248983327283,0.01569667258516716,-0.11138262026489848,-0.6418277517699693,-0.35292230060159613
1941-01-16 00:00:00,0.6397041655295296,-0.6082375382357889,-0.11247730836603201,-0.040022804430476455,0.10614200845637656,-0.21069261254817795,0.19031405307482685,-0.2133055886401657,-0.46842939778831744,-0.13447290027078102,-0.2955429774705872,-0.5138066833857661
1941-02-14 12:00:00,-0.15138296135147145,-0.05629736542461036,0.9664956680318124,0.6857045689258379,-0.8278671698817679,0.34500198035003693,-0.6763558461890047,-0.5468193978970074,-0.4115675547159142,-0.2841373256843501,0.047437544180296776,0.23367510510012912
1941-03-16 00:00:00,0.25560656469150445,-0.27575484708023906,-0.16631009798172722,0.3876179011795349,-0.2283821355012808,-0.05014749613790537,-0.0009791223054324005,0.23982059221860313,-0.47096975868499574,-0.3668219606628348,-0.418032066036655,-0.05621930788899243
1941-04-15 12:00:00,0.09001797134168818,-0.11140868987415253,-0.24135567766775773,0.35449992081899284,1.5008823634238961,-0.4006830999870411,0.6699728110628991,0.6434722833374753,-0.8038968826648261,0.16811614286578036,0.016834110347827336,0.11780247424086099
1941-05-16 00:00:00,0.02774742434174038,0.2556391846788405,-0.13171342500192276,-0.3651927403554889,-0.7472226589752966,-0.3764651888689098,0.3682518662215877,-0.09060533461085579,-0.15309727401635426,-0.28035838862635754,-0.17720894898188377,-0.2101801660369097
1941-06-15 12:00:00,0.12550904676312752,-0.29536786926743763,-0.6720265178475611,0.414919948391438,0.5072247326501955,0.13829818788096992,-0.6854860919619747,-0.4456141597279952,0.5827670488378188,0.21272875957294624,0.3356601180232095,0.8906581285253156
1941-07-16 00:00:00,0.3015695143991417,-0.17601789406724588,-0.29098448674641153,0.26802972555059973,0.4495058286785725,0.36481182111204535,-0.09733953452326394,-0.47614676737698086,0.488032163650273,-0.12491052458168067,0.3873078922019535,-0.5271995491867713
1941-08-16 00:00:00,-0.34788469227808666,-0.4362231910751271,-1.1972423907001017,-0.23425227289377343,-0.4411374105867127,0.5027318286547922,0.2793364807633897,-1.1833024530671137,0.003176776537422134,0.6147309764990003,0.27800054871461244,-0.3408949951092527
1941-09-15 12:00:00,0.05593058014482105,0.6032764130215368,-0.37050090552589177,0.26843080475384495,0.007566869242958657,0.5423223032153989,0.7486282214716904,-0.23101518273134042,-0.0690537795474811,0.15100606659651228,0.17287441481206955,-0.398205089410562
1941-10-16 00:00:00,-0.43905783300124496,-0.11126882744683436,-1.1745535081614786,-0.1711776625979524,0.4876704196174671,-1.078800146024661,-1.3150890845892733,-0.6941149443480524,0.6028740257215041,-0.2574017400182957,0.2980963001533641,-0.4035081402398737
1941-11-15 12:00:00,0.9760705578819424,0.015538973509213183,-0.011414905802491437,0.17860560230206657,0.4089568474283009,-0.06968782909733762,0.823074653740733,0.04522630127294344,-0.36205496166996176,0.122945478700766,-0.13407990461552077,-0.4386895405434849
1941-12-16 00:00:00,1.0785025132084625,-1.4314170256834418,0.10465432679063574,-0.03818247846003174,0.10213368062714034,-0.03914278163117468,-0.037948276905287015,1.3447393821615787,-0.6453990155248356,0.619310453149599,0.1500356037647057,-0.030777418173194016
1942-01-16 00:00:00,0.2571029150027596,-0.023178054475029686,0.029690027057545976,-0.09671484706752503,-0.1266913022756532,0.08120899987043917,0.27495494250570973,-0.18888587168983734,0.11503683844996657,0.003117987688348811,-0.5138254570732604,-0.38675069787973915
1942-02-14 12:00:00,0.08540814188103213,0.11893337072365603,-0.09956910116174053,-0.04820397660189406,-0.28924310881161763,-0.09796211871006977,1.2325330014154063,0.3050979373843601,0.3818809512607194,-1.0198470080664515,0.6220726494271827,0.6219668409756031
1942-03-16 00:00:00,0.30226382838687976,0.7594463233848245,-0.12563830436669238,-0.4866746651446023,-0.3088165043395288,-0.4778024848254999,-0.34347189127644845,0.3070459902075515,0.5422044569541793,-0.5424089259599468,0.3915831357967021,-0.3417969231182562
1942-04-15 12:00:00,0.340836683573325,0.97279293170492,0.005492080028038804,0.459665976465364,1.129515317844174,-0.08617587919552083,1.1669361673779606,-0.07466347252732156,-0.4507643508671382,-1.3864347018324477,0.182688901314497,0.09487720689563361
1942-05-16 00:00:00,1.1490299551718597,-0.8313779700619622,0.15577749691712744,0.4218823952139332,0.14194046089379797,-0.10509704212063609,-0.12516696698800514,0.29854030057604564,-0.20369275179902174,0.29354642081689886,-0.44358374538861056,-0.6513358478696052
1942-06-15 12:00:00,1.0363786044696548,-0.9541979975955582,0.012259738973379841,0.5667974308474036,0.05480196198059811,0.03404588651560381,0.5393623390229622,-0.03987943147878497,-0.13164650110169596,0.02551738635171552,0.42058927201774265,-0.6613362544907964
1942-07-16 00:00:00,-0.03372661563833623,-0.4016069190870326,-0.5527663998968855,-0.22327409584225338,-0.48390010423973273,0.027654865815874508,0.08068234299087668,-0.009779611834793124,0.15256403698902593,-0.984959007788794,-0.3351863698240769,0.3185081045374336
1942-08-16 00:00:00,0.06728259853688057,-0.11699077855987144,-0.28363017404454555,0.7223456973246754,0.0428832898581675,0.791890476209208,0.06785726738875403,-0.6737642434530282,0.39048517934301497,-0.38806055194972555,-0.10178709588963808,1.3186492035092292
1942-09-15 12:00:00,0.009189486745482756,-0.3713251080742491,-0.5181064471605972,-0.28380516747527995,0.0758196841264499,0.8825505828762594,-0.11441808995872838,-0.1539929297598388,0.001856520186578399,0.30404830416377604,0.09896833668510197,-0.08490379268671666
1942-10-16 00:00:00,-1.3672147163219488,-0.7244920047749092,-0.5743035468783804,-0.4321408628900412,0.04795641382070534,-0.8088953639138378,0.22529758393064003,0.8746489312488622,-0.05223618823711497,1.1164067605163992,-0.9522227428456473,0.9476618533339888
1942-11-15 12:00:00,-0.25718230626221267,0.13787952405642745,-0.5619219866069446,0.6858060379115765,0.07123174616354155,0.09825543210059784,-0.40302987918011707,-0.629073074036415,0.20811236740348765,0.48528490300820715,0.012046092523062102,0.32068975495044105
1942-12-16 00:00:00,0.24070425536449447,-0.25779415704576625,-0.5556697821693823,-0.037593173298889906,0.6377124203296323,-0.32275761460270325,0.07393240557737524,1.049599591008136,-0.4011074679802906,0.12212789247406974,0.27700340002433066,0.11918374558304046
1943-01-16 00:00:00,-0.42802678286357704,-0.3873148086426771,-0.9538036792712237,-0.05016422073669852,-0.7894849328080091,0.4618538663313496,0.33296277192075785,-0.44601537798915153,-0.0823524915557124,0.04183676359717736,0.2876461381911819,-0.33913955238383026
1943-02-14 12:00:00,-0.6334045731118669,-0.2646364673551263,-0.6219115104281493,0.08177064123652053,0.32793261980898686,-0.7300330680827133,-0.3522816951501539,0.3188725667708558,1.16271910778006,0.3744145962019525,0.5807321336272431,-0.413028973196613
1943-03-16 00:00:00,-1.012317535816267,-0.5994152171975474,1.5780043116567344,0.8850231073385705,0.04121186788096254,-0.8048381514490631,-0.5431440259231559,-0.04881193674215596,0.3813256300175859,0.10278299784376044,-0.3231752945523054,0.5778338554219372
1943-04-15 12:00:00,0.2463550687538278,0.5381581394291948,0.5242506235252481,1.0482781889771484,0.10423883254989058,-0.016387061032972383,0.8244086857977662,-0.4634080415129819,0.522963041377029,0.6218106103672123,0.36942041218921573,0.40193976032493206
1943-05-16 00:00:00,0.05700167011401913,0.31089025886091903,-0.01626314536615664,-0.32244584093211537,0.09872030722712749,-0.05280976562552786,0.7950458769621922,0.41449242702773653,-0.008684836311434421,-0.3991840892003535,0.2540501585766175,-0.33452649422337644
1943-06-15 12:00:00,-0.047557095363568,-0.406336869933246,0.1292210848464589,0.320909304055646,-0.07254854786933133,-0.0598191580602635,0.35875504356373533,0.4349573726700933,0.456121091965394,0.5404030542505995,-0.1474110596483884,-0.44238228400648316
1943-07-16 00:00:00,0.13107816580784212,0.5941574460646992,0.42627576209477247,1.0972298502540427,-0.38681506142052513,0.6601698012741593,0.7069940180831333,-0.46507807131565554,-0.8755304369309682,0.2844458368447226,0.8344888834115503,-0.25073157113783945
1943-08-16 00:00:00,-0.05571214866272245,0.3021566322770072,-0.5059930889740809,0.07836124554696253,0.5510342700737616,-0.35088366206901533,-0.8809330685258852,-0.1784651140176281,0.9742153901397573,-0.21351387531005028,-0.1010233955796338,-0.06031365009536882
1943-09-15 12:00:00,0.6576509689672196,-0.13199958190438515,0.1685813520542322,-0.13233428446218182,0.22257145357221014,0.38410682005099334,-0.1865759613105215,-0.021728357057761064,0.4145512654081497,-0.16852266482194367,-0.40661964742416523,-0.059747865467687955
1943-10-16 00:00:00,0.12277872051317074,-0.07114035900020146,-0.22362095349970798,0.3429380949849288,-0.20305858737807375,0.17753812221129717,-0.2941538103788881,0.07109511539370512,-0.289110821422788,-0.2883837436580881,-0.7273402793655999,-0.3455090036241978
1943-11-15 12:00:00,0.05466097727393321,-0.47456337061576725,0.1808135894197156,-0.13520621945717864,0.05693574746216215,0.3826560725047426,0.6333861641862724,0.20440109553374847,0.2838096709727265,-0.5489049191705812,-0.13922110761622553,-0.2907533321930458
1943-12-16 00:00:00,0.2519851199965154,-0.15079096329600977,-0.2665614342798921,0.31329787029047285,0.013351615377175302,0.09229488839171118,-0.25170063689450856,-0.3914518884848004,-0.5414489322679088,-0.4158851752293399,-0.57876777758246,-0.1659563398420858
1944-01-16 00:00:00,0.5918066872212375,0.0942490997044467,-0.2858087671452795,0.13389407730176994,0.18566436971956257,-0.8289014953544013,1.0131719452968868,-0.3351899424282645,0.35669783873620126,0.7456406326743681,0.13857717313864493,0.04595177563866315
1944-02-15 00:00:00,0.12758763207696594,-0.030384781488590556,0.7811784497781811,-0.10867011660093531,-0.3416811192919838,0.03398450604910097,-0.5406197133653308,0.09416504738905816,0.016883177555860423,-0.32509145194329186,-0.08016677406329586,-0.26425175340261914
1944-03-16 00:00:00,-0.3721316076469226,0.09747386570774075,-0.23687921438728998,0.10350126493632786,-0.42217414127011366,1.1447430963527028,0.6285350427396964,-0.05412211124493414,0.8166634881113267,0.5740238421037716,0.06092772059762619,-0.008773845488675436
1944-04-15 12:00:00,0.8092048039972388,-0.19311587620995013,-0.27935835671765097,0.18983208355150955,0.41795145620840873,0.3754953432582839,-0.32925712097587845,0.15160494199897634,0.2631384066979029,0.17151973969554324,0.3182948369598073,-0.4054348199815658
1944-05-16 00:00:00,0.6154866751170971,-0.35758791246988564,-0.10225793275486716,0.0828580059421331,-0.08555521537714865,0.3919071883518286,0.3938372017388444,0.2561856751481,0.16309222173209292,-0.45012460534493887,-0.28348178458305395,-0.22531475262314843
1944-06-15 12:00:00,-0.04772633357056366,-0.28422735702067947,-0.30122744851131483,0.06433003188681599,-0.13334982725309946,-0.03997961987374421,0.16270367684020948,0.560747404494304,0.4303513674677724,-0.12284634207588768,-0.891865441572989,0.3097413571967098
1944-07-16 00:00:00,0.11748092829874293,0.16910573793743286,-0.4996451477644966,-0.0018849792808426635,0.1686550760831535,0.2698014477509472,0.07586245114854645,-0.29615671702940344,-0.1832960704137685,-0.6035614877200347,-0.8665345037517085,-0.35354935130626863
1944-08-16 00:00:00,-0.5790195045783548,-1.1862248075602064,-0.3853473475120961,-0.7609613294770352,0.23107903724079143,0.1733145279487669,0.0746823850168501,1.0679357936747058,-0.5358939059090937,0.7517069824665703,0.5561328377194816,0.9991591416115423
1944-09-15 12:00:00,0.26235981219952326,-0.21324660266800105,0.16997464661818007,0.6184284718366764,-0.1617213696680552,-0.04634102570242349,0.7201778362640119,0.007929497757549697,-0.14015776091057036,-0.1688689534270158,-0.03027219805801029,0.05607323007163212
1944-10-16 00:00:00,1.6061839809928122,2.006279860259822,0.6082586418434883,-0.9985164138249355,-0.4547485298083059,-1.007406823962742,0.29746150042470143,0.479963729299063,-0.1694924412132125,0.8734198723204714,0.6024298070351912,0.23555135537548255
1944-11-15 12:00:00,0.09251315156744974,-0.16299249001678728,-0.5878245773863374,-0.12599286865078657,-0.26135148649576045,0.003703755258686492,0.21742778268186624,-0.06291232526942528,-0.0584952028043305,-0.40663201904139024,-0.4741425115644029,-0.4136745251743307
1944-12-16 00:00:00,-0.2150249467881315,-0.06812435592898794,-0.682883063897672,0.0830096441207421,-0.4822076581287963,0.3458476376435994,0.19767574988691894,-0.33786292697158155,0.3278611872644431,0.20157121939265565,-0.28948444885338553,-0.38760215850064544
1945-01-16 00:00:00,-0.12871764555176674,0.3444366549322936,-0.31350820670377944,-0.38973068991469934,-0.5594217444531964,-0.24669136297542404,-0.140623381147042,-0.10756359033698353,-0.26795237185547244,0.07708022779496138,-0.5935313354942677,0.1131993016259728
1945-02-14 12:00:00,0.22866786114383536,0.4112753658219005,0.0810400968614351,0.7218857497352206,-0.48602416306660645,0.27626321095820844,-0.05512714278142933,-0.657141737388853,-0.06622025575342066,-0.231083482583177,0.39734929840332733,0.2694236602625658
1945-03-16 00:00:00,0.11566642047141718,0.25056402677778944,-0.005638105586435238,-0.0018702804285197216,0.1526071060947764,0.3495728126833044,0.24092889191792088,0.00417010818721255,-0.13181572590212792,-0.15039837932229033,-0.026445215432783442,-0.1428897244180824
1945-04-15 12:00:00,-0.08473253568500372,0.27303825328483566,-0.30835889137701394,-0.5450761499747672,0.10037503563085937,0.052912528748499166,-0.6257381050737352,-0.18806842871818336,0.009883793796685268,-0.16262303099032643,-0.08300466527521655,-0.019498582357596828
1945-05-16 00:00:00,-0.8759913688948233,0.12996940638862226,-0.14883745483035282,0.6452968872087335,0.38930101352216967,-0.6597496621641777,0.07530025793657064,-0.16888696447942697,0.7284646493425392,0.19860647311557,-0.49684528496504143,0.05076363239337833
1945-06-15 12:00:00,0.09251933252359215,-0.7577885121419962,-0.7577966778572476,0.08838544029589956,0.024534430332393525,-0.28577627255736837,-0.06519000948739667,-0.3127072623546525,0.13563460964220062,0.5172357790458872,0.15565414823293855,-0.12529577649210477
1945-07-16 00:00:00,-0.7878684444754436,-0.4727404008198931,-0.1905944260497569,-0.5809601565493955,1.272415855543098,-0.550283662082451,0.40485634158428074,-0.6927885221995151,-1.2136926181002143,-0.08807654844604862,0.37983022615863193,0.11423642131478207
1945-08-16 00:00:00,0.07256247800669968,0.23429154217660875,-0.4825398452085626,-0.0746842183983224,-0.48033861784271836,0.49553167912197726,-0.026916097420457086,-0.68796269064416,0.16448977704942733,0.028011224391294443,0.545199138432447,0.6203022433940356
1945-09-15 12:00:00,0.28488645407927937,-0.3440379178683522,-0.29504975626804686,0.6771777738294857,-0.1303845221144847,-0.2914867949352481,-0.622247858710712,-0.36917209782540855,-0.5422259186623325,0.21347072598036299,0.038041310610474444,-0.2154753043335923
1945-10-16 00:00:00,0.2877130163324302,1.459267720307746,-0.1308449512749335,-0.6707073899224405,0.43476430983137265,-0.1777415285179672,-0.6828692793573029,0.8623732661891921,-0.5841964182984316,0.5840695840464596,0.4872191922660152,0.1962052227910096
1945-11-15 12:00:00,-0.06460525773841685,-0.6230969420480613,-0.951559265745826,-0.5776632262120155,0.19097502465411004,-0.5987589722391858,-0.40620628261737834,-0.8657009888188862,-0.16419621478149765,0.5781788337903966,0.1898975366441109,0.14910143622623395
1945-12-16 00:00:00,1.337672767942256,0.9190953410584456,0.2299980537999644,-0.7790245986292704,-0.53549751701765,-0.2458513601824135,0.2281650004607697,-0.16540506228045737,-0.1735032105888777,-0.04194629706594977,-0.023116153670341477,0.5065233026381889
1946-01-16 00:00:00,-0.2614865084685411,-0.5062055338702318,-0.03740156847733073,-0.034611827911685,-1.147932582178074,-0.012829803390260075,0.1539796604788226,0.35336922548770466,0.044014998252873354,-0.41716959341375015,0.10682415539439316,-0.4965771434470924
1946-02-14 12:00:00,1.1028159877389858,-0.21000943750678974,0.2823362812550372,0.09033300246374731,-0.03106404117620068,0.5860310152708677,-0.09681572487750018,-0.18023273928996736,0.46316017833946715,0.13201860501882112,0.29059658486618667,0.28522257032641496
1946-03-16 00:00:00,-0.5129157950476313,-0.45504851278161107,-0.1818398373144573,-0.03893591395088759,-0.3872943752845645,-0.22493603915517846,-0.15410073576112338,-1.0283174378171505,-0.21255468899447766,0.2652994134920671,-0.4090520290424139,0.21005181498928271
1946-04-15 12:00:00,0.24036127472791186,0.4625565092679703,-0.15528020342166318,-0.3333825539850538,0.353082970401879,0.6286797399163442,-0.20407596411751822,0.598968297935444,-0.6305590651069455,0.1614891277783831,-0.314758013859859,0.12414437680170964
1946-05-16 00:00:00,-0.44820938023221263,-0.3984900273884745,-0.3930303280242787,0.7215638065535966,-0.4639224082120727,-0.8830793606387634,-0.12460841722474991,-0.3624720820645923,-0.2422274746463381,0.4101031783253324,-0.9820112811024964,0.28994681502039255
1946-06-15 12:00:00,1.4339848819710619,-0.43934771340088885,0.6668510820556055,-0.4944488376808563,-0.2291826782287591,-1.2753144334517854,0.6986427478170563,0.5558376807575423,0.962708377705908,1.0061436421766672,0.39954937982456395,-0.08113370221015603
1946-07-16 00:00:00,0.4116860469081751,0.6376870448553333,-0.12305130496268268,-0.40680823947624467,-0.7471873296204046,-0.22648837475436767,-0.18527365558427053,-0.16629813577039837,0.10557807698566987,-0.2690072721676027,-0.4550732240369264,-0.04548388235860401
1946-08-16 00:00:00,-0.0668118688291921,-0.3923939928723875,0.10423890273256703,0.18020198117096314,0.2278685432570769,-0.045426805636318957,0.5282769704364343,-0.08397738924056147,0.9942058767813597,1.055890882123848,-0.5451617838405636,-0.3869020945731693
1946-09-15 12:00:00,0.08281449021755477,0.009298070138548192,-0.2088967991258895,-0.32534972983796084,0.144543195489103,0.7266769850227796,-0.3572577479745421,0.4171030519890676,-0.2951887696183365,-0.002421292563598798,-0.7056059073661871,-0.25401123650186475
1946-10-16 00:00:00,-1.1132209200056258,-0.3363354161801389,1.4643508404556858,-0.2998047924227215,0.438838320292868,0.4138325976345072,-0.6353107524418353,-0.2811926831348353,-0.2311752928743805,-0.04525383423422624,-0.2702554893229988,-0.10229626633127331
1946-11-15 12:00:00,-0.07059038979315996,-0.26939131568713615,-0.5041308803634121,0.1477953133113597,-0.513369462148647,0.2458193775678203,0.18645707309967408,-0.041785322142105646,0.4860920681543604,0.07832157615543311,-0.2145948642646608,0.015860921614205936
1946-12-16 00:00:00,-0.06232229699193165,0.2217034498908868,0.696747731944209,1.3042140480816204,-0.3540273421858097,0.09004776354803623,-0.015033384494927748,-0.19357687001719603,-0.9956432820980424,-0.4002093137697287,-0.11477831088696999,-0.5861758929785215
1947-01-16 00:00:00,1.0368589875415481,1.4769560745163788,0.5300960176012502,-1.6328077446752811,-0.7064155953577516,-0.41649291090150553,0.0651409102122194,-0.3409350870330841,0.010232129379151585,0.6124735222301521,0.5665922260982839,-0.05985908182679067
1947-02-14 12:00:00,-0.19186459143625317,0.09195077600251506,-0.18939291674640268,0.1164975496228162,0.028690554498089688,0.5877604585165138,-0.5836200035077429,-0.017419415651732207,-0.027024779249200284,0.15662582956443716,-0.38521414727966274,-0.4264616832555284
1947-03-16 00:00:00,0.9410253879665418,-0.8193704220759839,0.44491010687610777,0.8383658941291753,-0.20661791741034374,-0.2364687808820184,-0.1478104122138009,-0.10952432797875682,-0.33766934704722157,0.05174639239957346,-0.20553643590588833,-0.025719985113079935
1947-04-15 12:00:00,-0.4518350936855087,-0.10417726027861271,-0.36400904977322945,0.4359687302881091,-1.1111300676823173,0.5274214840498055,0.679606781580228,-0.0956388985090674,0.31409112847549164,0.22215445674878898,0.21408815332857234,-0.29143846464828993
1947-05-16 00:00:00,0.40317126577717427,-0.09934243458769718,0.09522592906478583,0.25438130153811866,0.2670882940181875,0.06729246127821353,-0.2965059428541378,-0.15890191419434757,0.004847418082649095,-0.737454797490869,-0.10886827340413863,-0.13860897344493628
1947-06-15 12:00:00,0.20076279035993233,-0.9192480107269413,0.1573327114520628,-0.1199178872766982,0.0532029241203322,0.5632012654966776,0.21323106548561932,-0.3858557293013342,-0.004206892299946564,0.7007687834608516,0.07267730121042493,-0.6199434333144945
1947-07-16 00:00:00,0.04788702763144653,0.30013110116951636,-0.29731495492107424,0.40372391272400765,0.08505292809712284,0.03187708938381251,-0.21830114081379398,0.08012425534302209,0.3010607115623743,0.04599961046616663,-0.262539174749707,-0.18382190763288025
1947-08-16 00:00:00,0.5451897969060133,-0.8574337840630014,-0.09231817926877936,0.0664730455392438,-0.25336318291237786,0.20417280093135737,-0.434041875773024,0.4040133666205125,-0.641005777672231,0.18601358279506708,-0.1712747407622479,-0.1632588186769351
1947-09-15 12:00:00,0.21643097900300118,0.8593318366689211,-0.07907595515787397,-0.5227698173412895,-0.2997554717258729,0.3095951030598844,0.5201480202141495,-0.34258642058823957,0.5427386823641096,0.7048488556104342,0.46090730275628444,0.4155342078355716
1947-10-16 00:00:00,-1.1109401673419437,-0.444321523492188,0.8880032279037209,-0.2395906587155322,0.42975605855741367,0.09902000873496208,-0.833925032197984,0.3232191104926366,0.15768050184395638,-0.25395963038248526,0.8003076761751522,-0.25070293219454653
1947-11-15 12:00:00,-0.010479127650146358,-0.14724120187914014,0.4159392430234723,-0.33507701909274923,0.5373580079022233,-0.3519028049604406,-0.11375765715532848,0.05846702339056202,0.7878228661757353,0.03558994375490743,-0.18859695503985996,-0.45283133538384823
1947-12-16 00:00:00,0.13751325626257485,0.3930932069894347,-0.1794710040325491,0.41511106239057904,0.2044503305214505,0.42436212866719636,-0.1704013014639723,-0.22592425785814585,0.6516824935985375,0.498724601090498,0.7090704958280096,-0.9269492800529509
1948-01-16 00:00:00,0.09972106211496723,-0.10845428004241409,0.008028617364390367,-0.24532890981436467,-0.17915238393921204,0.33372472916309054,0.18080295584819916,0.10276836453615969,-0.035977973025980034,-0.3998802670143227,-0.3191617615492005,-0.2041674811654669
1948-02-15 00:00:00,0.10736917648774616,-0.40761456763417103,-0.5068821907748468,0.09141617512747477,-0.4142855771877253,0.27022008042534945,0.5946329805144017,-0.4302660569122295,0.34814863487431136,0.5703397226351408,-0.20154957605173596,-0.3990376061493637
1948-03-16 00:00:00,-0.19178707410207235,0.4060861052737304,-0.8198680082598451,0.04796211612403564,0.4087728599703801,0.5222481348420219,-0.24839744155901178,0.5150553545581067,-1.1221700894354694,0.965238784739781,0.722860621767057,0.2775157779755294
1948-04-15 12:00:00,-0.16380899980009467,-0.3666963752737653,-0.633916827204589,0.129714855517857,-0.7108675311804702,-0.6647287423283111,-0.14950185502337573,-0.22884692269077062,-1.044280519458279,-0.21728764255750077,0.24047835873371892,0.05814043901187549
1948-05-16 00:00:00,-0.017572524137747236,0.10029895544528233,-0.24623129385993808,-0.1816973975735947,-0.0674756794769467,0.24207602606886675,-0.17119225431118745,0.6298873123544886,-0.6863183771933871,-0.1750685027267681,-0.023374953244275742,0.6070086804856888
1948-06-15 12:00:00,-0.6267122192587045,-0.6833542943248062,0.7294095952761357,-0.9729955772653275,-0.4878898411342857,0.06272509920097791,0.2496433265307061,0.8303859259484428,-0.25194734473881714,-0.05867508533839083,0.5160136974422675,0.6142525146342491
1948-07-16 00:00:00,0.018657134111326024,0.9611736668913292,0.1920403782566762,-0.4264576423282511,0.3983170804901292,-0.4546264395889855,-0.11033969606632427,0.09751189562346944,0.4356584904756101,0.4656324017044613,-0.29558285072686363,0.027688836831712638
1948-08-16 00:00:00,-0.09936445070510319,0.5567403226631582,-0.19140384338043187,0.3282533069211073,0.1622305450959347,-0.006620163884938246,0.05605684905214675,0.4518680717717055,-0.23374209070200985,-0.4024907195701556,0.47806385543677066,-0.20194661195459923
1948-09-15 12:00:00,0.16761943750952907,0.7772053636964059,-0.17860679585407263,0.07711552890737042,0.6191238318835561,-0.3342658384656242,1.1688940455908532,0.12148139401847159,-0.5737394543045895,-1.2724313416573731,0.19473576033643192,-0.3325087144092928
1948-10-16 00:00:00,0.17828697500873475,0.9170875444121909,-0.15792396198125216,0.6755839336597157,0.6571485386670739,0.5042189149038976,0.7146025006008627,-0.4308543492996488,-0.28904095703881727,-0.6371334468425699,0.42979026604440795,-0.10280668805751247
1948-11-15 12:00:00,0.06614840269113015,-0.10883299754122105,0.35641668669905113,1.4909781853785837,-0.08559921870997486,-0.4924217720903036,0.2613709859006623,-0.15471773622050689,-0.8123112371183815,-0.0976873225426918,0.23682220636198692,0.11544458826844461
1948-12-16 00:00:00,-0.17506249197807794,0.6105689475861509,0.07478348923171352,0.25546416173743,-0.29710075756064236,-0.17279713467149327,0.19635985497664388,0.19942103053503973,0.3921674385271195,-0.025979671388212777,-0.49700647230393014,-0.03283042706794359
1949-01-16 00:00:00,-0.3862828510517395,-0.287374186635569,-0.8901721437429564,0.027880976447112543,-0.4356370747680685,0.25756514280806675,-0.47739040340389294,-0.02524235426700641,-0.8474929458841706,0.41867766326069833,0.21447403569746326,0.05350024426596156
1949-02-14 12:00:00,-0.14711916301354405,0.5409056730953925,0.186426667130847,1.7010249889278461,0.7196115348509797,-0.4697909405937576,-1.424865458743485,0.2200256292865359,0.705489450037529,-0.46099306674209883,1.4037298201918813,0.8362629876244937
1949-03-16 00:00:00,-0.31022039478137514,0.5550860630795875,-0.4067324482671733,0.02026784306258922,0.5255506079774224,0.23795905376844434,0.30699966806756307,-0.11798354641838829,-0.3180354380412756,-0.0945412900467093,0.17207695584575022,-0.12320829280700196
1949-04-15 12:00:00,0.8882381413500418,-1.3222304175961272,1.7464035754735108,-1.0515178090291875,0.9884782260613083,-0.6167785100259203,0.39613265146730237,-0.04496462505356084,0.6111119008006022,0.42784575047403584,0.8738783632051317,-0.780708748996783
1949-05-16 00:00:00,-0.03362075410182036,0.4915766733433167,-0.1708465075369514,0.12760775213811054,-0.6454726329681699,0.453451172766124,0.5351228203158468,0.2262036041934618,0.07941437000814867,-0.16859718589369144,-0.13431195491016412,-0.20245500743209321
1949-06-15 12:00:00,-0.07652147555036815,0.012281057156265707,0.36432152025774445,0.22916979155495032,0.25831376934968503,0.3582457686059913,-0.07067074241881455,0.3509049211004563,-0.30604724062125216,0.7227673649489568,-0.49721795257709545,0.12302338504463461
1949-07-16 00:00:00,-0.15651964839849614,-0.1982271881216086,-0.03510973922477373,0.11824833474140187,0.14883874773458966,-0.2728051699224163,-0.5403113750442405,-0.33173794862073197,-0.42553584584443666,-0.3628223519909112,-0.02411201356346493,-0.4720856530081895
1949-08-16 00:00:00,0.09899538484575973,0.4330420088720972,-0.26167634461966627,0.24834684622321562,1.0147786775654228,0.4618393078717832,0.6556517559658692,-0.09267690381504075,-0.12095209274554124,-0.08002942241688293,0.4422707182319021,-0.6141006029935663
1949-09-15 12:00:00,1.091376938659025,-1.1160701948934237,0.5577786806712496,0.11079985501076278,0.3566415698925817,-0.05516492453135147,-0.22277434975022128,0.1366806065574218,0.8156046720985093,-0.551978762065711,0.33228845757911607,0.390659878969862
1949-10-16 00:00:00,0.4306650973253548,-0.6291223961613795,0.15289617746832318,0.0626312816640344,0.30807374022493783,0.06222434261947607,-0.2756313010587554,-0.3585915264730063,-0.38526036031348404,0.03200130848506266,0.1854649182470336,-0.04897240964430316
1949-11-15 12:00:00,0.3190257466034577,0.5006658831457409,-0.3131271327725813,-0.51601319659764,-0.09349420654977791,0.6171485475084945,0.357982904567714,0.07447453424354218,0.015486543727192072,1.3868802605849166,0.023046777524283524,0.019519964080989882
1949-12-16 00:00:00,-0.061180059626868455,1.033887881351826,-0.214862268309445,-0.4029405471509453,-0.9621455103513616,0.14290823787901752,0.7424215030772974,0.24391921123053378,0.8955580059954965,0.07305362360742118,0.7910073890901157,-0.22978801562171297
1950-01-16 00:00:00,-0.4844404606416212,0.08223115230063867,0.04064331480613825,-0.2647920061473576,-0.1797458795503976,0.3472634033320077,0.14821974394595827,0.0909323784133735,0.5898451979400253,-0.30504364561209485,-0.21106835818549763,-0.3747121653264667
1950-02-14 12:00:00,0.7072843449137591,-0.972667838531715,0.15223800736296855,-0.2630668203815204,0.5287809853068342,0.08626676269471856,0.13827827151479688,0.024031391565778173,-0.2607244491325004,0.36908756069948934,-0.08393308378795572,-0.6082723734799743
1950-03-16 00:00:00,0.6268772198367609,0.3847331039444196,0.17087412917823608,-0.35993310691772396,-0.2796754201416929,-0.13691178631805823,-0.07115009617866663,-0.3107647121721909,0.254950053864055,0.245175495182128,-0.47592298378425146,0.2266599285243318
1950-04-15 12:00:00,-0.39095382616715396,0.2444763305746006,-0.7544903629470319,0.533568107700348,0.4080318326983981,0.19348747203404604,-0.1772074370669101,-0.07750756666189094,-0.5752559807877536,-0.03500979423015349,0.8995789476384184,-0.20015501995060037
1950-05-16 00:00:00,0.6660498511292152,-0.54003285573797,-0.0805170190683645,0.14838634025153935,0.4816988668734093,0.09901062708885289,0.18233985074305092,0.16006049200101824,0.5328830458649374,0.03388623690350068,0.12238306565905699,-0.7582949232121504
1950-06-15 12:00:00,-0.45295878297302056,0.16652901504556947,-0.26542715664703675,0.9070599928730813,-0.2748198206651702,0.06588244121635867,-0.43927469531252766,0.07873710124268064,0.0589853876787005,0.27245922274138,-0.0342593231346211,-0.023067419881831586
1950-07-16 00:00:00,0.1585061940518321,0.24364829158751589,0.12448210190350723,0.1251113496203869,0.23458184312897146,-0.266235424484893,0.47207975051486706,0.1794114074759639,0.16626241175479534,0.05250359067535737,-0.3391170952451459,-0.37530916590234187
1950-08-16 00:00:00,-0.2253931781877288,-0.1713646477680036,-0.1785182188653231,-0.05320192102084187,-0.5884965021621871,0.3073091716704754,-0.09777161004089163,-0.03867568022261881,0.20055811958718606,-0.3012025751609811,-0.31450456999864507,-0.23558832041381683
1950-09-15 12:00:00,-0.6399848368313295,-0.3551821902895912,-1.176706094757825,-0.2815000593760548,-0.5810785518129804,0.18737666027982147,0.08599995148618478,0.24540335474450314,0.1060837488573211,-0.4695806004676465,0.37409373685111746,0.06612088680341532
1950-10-16 00:00:00,-0.10427032277100573,-0.06428045024154472,0.6579426503688828,1.8167283383615742,-0.7710106227008497,0.3141073909768581,-0.11892911604122527,-0.231376024320687,-0.28647912247741614,-0.6295766674478995,0.1637617739857442,0.8181514630396819
1950-11-15 12:00:00,-1.0305931587031245,-0.6861719765237958,-0.16282330975995,0.7511093078101156,-1.9299925063228722,-0.04384269826597531,0.29571430560031564,1.5049970617131134,-0.1248990850162661,-0.6851765541462459,0.2763316258177624,0.14384273431181793
1950-12-16 00:00:00,0.16933246983969064,-0.1165884191626575,0.505412519439872,-0.4719639602096003,0.9613108792204228,-0.00678122684747795,0.08657437444754768,0.1719519322526058,-0.25009353802361867,-0.4305813530652424,-0.1250066180777749,-0.6552300160398051
1951-01-16 00:00:00,-0.09771542136414119,-0.03513392970352203,0.4283945968338385,-0.20716956724146823,-0.8398389188451931,0.14163834749114113,0.22197909390335302,-0.6347650971743235,0.0017190905082823255,-0.04359122648959257,0.3239858406268281,0.3869734031576316
1951-02-14 12:00:00,0.15768719546062315,-0.04406912661831855,0.5020118540353601,-0.35541154505535655,0.02068841293783613,0.13707082767744572,-0.015509821812762892,0.4667884802784386,-0.3020951548550502,-0.16391394543231913,-0.1671272388912528,-0.1676384422678624
1951-03-16 00:00:00,0.04447447489371703,0.9202396827555369,0.3450296380579494,0.3067533571007744,-0.22862906662479482,-0.2804114844323119,0.2686718042641054,-0.2881292405466931,0.30304338522662255,0.24235921542343486,-0.5511182772030869,0.18905347826449836
1951-04-15 12:00:00,-0.07083491044157453,-0.3864316167320698,0.24864738142519305,-0.698459742101771,-0.2471351494828058,-0.25025532115430116,-0.01920541702333095,-0.5870325704433317,-0.18704114726075938,-0.3367290090101864,-0.16362424692037703,-0.016566070573677316
1951-05-16 00:00:00,-0.16933773220721565,0.022561717024328784,-0.3269528865543049,0.29463280645116724,0.3811249439798546,-0.20719805493150256,-0.3964142058629883,0.6079859089083959,0.4823854136765801,0.4876424975449136,-0.7052019607410477,-0.29190042142774186
1951-06-15 12:00:00,0.3761930900938891,-0.36354086301395594,-0.24032378900641121,0.1338510412284752,0.5180182689137907,0.19770812191306403,-0.27298192242115177,0.13780395356065445,0.8580824556530853,0.2730170462847459,-0.00856739830378106,-0.7249814627047872
1951-07-16 00:00:00,-0.15547674492893276,-0.06535420765582861,0.29505221061454834,0.5118972070968844,0.7286364608883849,-0.25155980219042284,-0.28010966640560414,-0.546656467997803,-0.6954231495326315,-1.0440589048102764,0.8397153959137325,1.4015061543190295
1951-08-16 00:00:00,-0.5429622076546563,0.034962126703328725,0.1805373298543672,1.0833894321891946,-0.49500080701498245,-0.02616725356853289,-0.680725036743901,0.7201672441167533,-0.023878240373708545,-0.19950822443423505,1.2381848534254822,-0.35287151926237204
1951-09-15 12:00:00,0.060656622438139574,0.014415293559966375,-0.4857548460444095,0.10113890487185531,-0.4611165936510143,0.4791514113252724,0.19522517962776786,-0.33061293405637543,0.8150910204182455,0.13438544692312793,0.12407468118779508,-0.03276970329101769
1951-10-16 00:00:00,0.24247357811561757,-0.22337571275952556,0.5533468878040442,1.2133772150955857,0.019380087888562908,-0.20062111517616854,-0.131551587042037,-0.17476947701553336,0.3731462841431172,0.029204637586243476,-0.7796140185784362,1.6419996639606156
1951-11-15 12:00:00,0.23681274683878298,0.740653986462985,-0.32537505512591147,0.22998168133984315,0.7170110596183947,-0.02777978368149836,0.040516365215629846,0.3773178274069592,-0.04582768112402914,-0.6610048450130166,0.06103715917146557,-0.29252427276235543
1951-12-16 00:00:00,0.14943295117417604,-0.15924781545933492,-0.5573769575355075,-0.31561827708724166,0.14677895520193268,0.108835507770502,-0.39970081825107323,-0.026429795202980912,-0.14738809955935656,0.38637304411469475,0.08059856643382513,0.22591045757065964
1952-01-16 00:00:00,-0.36770001749732056,0.7481145458645598,-0.17277221564498718,0.39866559795509005,0.9563734818552418,-0.6016164202660693,1.1615308796541979,-0.12995109976890393,-0.41204746320081126,-0.0030994229910131788,-1.046110774613224,0.09553640374624206
1952-02-15 00:00:00,0.04524297455740217,-0.2874082361576002,-0.904843600561111,-0.2893810537174164,-0.289975158966097,0.07333177962017912,-0.21706670125117214,-0.9062870245199728,-0.06610890207906815,-0.0013933340545058126,-0.371275918350527,0.4786678875180522
1952-03-16 00:00:00,-0.20915892784767937,0.581661397168757,1.4584420439065178,-1.554216982360542,0.11085045908301655,0.018638898862261444,0.20781561981750396,-0.4771219199798011,0.2790572079781079,0.23885170225178143,0.5847310519974966,-0.5133645932621371
1952-04-15 12:00:00,-0.13523034501668502,0.6020937630980953,0.1317250019175279,-0.5883577997955766,0.3508318759170865,0.34246210324773896,-0.9614991843611838,0.2112220647442677,0.17319749994512973,0.03467897055129954,0.14065169784912768,-0.22398914653404678
1952-05-16 00:00:00,-0.6438236018353403,0.8073920722604899,0.17001264952143147,0.2317868566110945,0.5158762501134984,-0.6773389332405136,0.36104230001523185,0.3429519222807455,0.5837010901698624,1.2752565138959038,-0.9639435062036814,0.30338210241883
1952-06-15 12:00:00,0.29756190840330543,0.724558511094919,0.24229552552228661,-0.3616461828065549,-0.7405781037758052,-0.4511240360722629,0.4130684433273386,0.0605074007911592,0.40931286977327114,-0.055096890859055114,-0.5014956019335256,0.5013801726853059
1952-07-16 00:00:00,-0.16126356677522785,-0.39827973242093784,-1.1080948764284013,-0.31511412370886993,-0.12666774305165038,-0.4937464041549565,-0.4902768068226018,-0.7783686532422315,-0.30319746084138566,-0.34017869684663876,-0.32443444663007237,0.13275884340718824
1952-08-16 00:00:00,0.15399681759987555,0.05441222437201486,-0.2210209395895802,-0.17343151779997698,-0.07691698508564106,0.25891066794629125,-0.2553820885980027,0.245582708561644,0.31855670649861456,-0.3669841550645432,-0.8074148279038793,-0.4791255566490197
1952-09-15 12:00:00,-0.7343381968777605,0.031005894751002017,0.6751317825174612,1.1768610859442274,-0.44501144182666347,-0.06135800978404249,-0.38382546815880786,0.1116430638229622,-0.2764846930883809,0.4666325695731981,-0.4551924769316489,0.2287802033270656
1952-10-16 00:00:00,0.13559529314616312,0.5280545424793018,-0.032073501715931485,-0.2697654703462216,0.5297663158356567,-0.47722547864247267,0.659726242184757,-0.3233614844233603,-0.9239672230011347,-0.03114139229147017,-0.12976756689563018,0.4744421111965843
1952-11-15 12:00:00,-0.5338469621384312,-0.18461047173163014,0.6334042472557782,0.3585795124994304,0.28041218913658844,0.3565208649201655,0.2620074335518521,-0.2862986623242002,-0.10540654514486707,0.05271972200206221,0.2341311999730371,-0.677211907260278
1952-12-16 00:00:00,-0.07490738163667277,0.30348556638804725,-0.05623036029951167,-0.04775673248580367,-1.1427684963760019,0.11526591128227992,0.304602898077611,0.9000387759418935,0.04070301537111163,-0.47950347917229386,0.11695938827802221,0.05181027427315765
1953-01-16 00:00:00,0.23946009949640362,0.3328851643013084,-0.1021967026186612,-0.4115351164265865,-0.1689148116242387,0.07616065955489904,0.07811073098279547,-0.0012671283741290257,-0.3372748373269532,-0.3400813439076639,-0.21370763432546036,-0.06157391266410017
1953-02-14 12:00:00,0.5964845932275711,0.5831085669851674,0.22695781979845608,-0.7081848696753926,-0.5578749092139611,0.0169570392309093,0.1429280320318138,-0.20310704972969745,0.5167896895738219,-0.7609008870529521,0.13672928645814553,0.8521091184903508
1953-03-16 00:00:00,-0.01159342224311688,0.5817318927155936,-0.19495439259075123,0.09809265254052868,-0.09833030059683501,0.10146147659610161,0.661386366894291,0.46559301153895366,0.04715851013463539,-0.11754680338639806,-0.32532168800730743,0.5163690119385956
1953-04-15 12:00:00,0.4767262896298698,0.5118830222534378,0.2616963093832595,-0.02009509318732898,-1.2490328497299026,-0.1793566026112713,-0.22690355194240974,0.20040229812024363,-0.2574559967324475,-0.19134465236793569,-0.0329667767942039,-0.19668569540570396
1953-05-16 00:00:00,-1.50936368711393,-0.0953784605012925,2.4756115776623373,-1.1949260343683057,0.7180455159474912,0.28549778549817895,-0.17431668384421703,-0.553602557404717,0.011850656532396787,0.11903995735307338,-0.009208987147559133,0.16966034766342564
1953-06-15 12:00:00,-0.5944533429318728,0.17502702476270582,-0.013032986103700128,0.7254788874196864,-0.22765191469524274,-0.3866868941878715,0.18464614044498617,0.12773100629596884,-0.40616088633968633,-0.916793889530918,0.539650565993981,-0.2643039397848298
1953-07-16 00:00:00,0.13076394458134796,0.2700768981650491,-0.26906861987000164,-0.16868206744145672,0.1014100082270889,-0.13457820241825058,-0.35085467081525945,-0.0924273360608372,0.2409715535020301,0.08168142714166382,-0.7466607926571764,0.13055287416187888
1953-08-16 00:00:00,0.5784801383565592,1.5761498521420503,0.253999124272865,-1.014266168531422,-0.44564383689687964,0.4445453148011409,0.30378440000987394,-0.06036170845769975,-0.19140213723532384,0.47696792046919945,0.17359465104665905,0.317555267334271
1953-09-15 12:00:00,-0.17685017264147634,-0.3377320455926379,0.4644084682274129,-0.05505766557559455,-0.0910644447475633,0.6742090934836207,0.05857594411219874,-0.4192589561798791,0.5443750895555751,-0.29236002986298715,-0.19672479254940267,0.27799714027506117
1953-10-16 00:00:00,-0.5223741583191703,0.10503213098802514,0.0007976189722230242,-0.10070036341105562,0.2240569862999801,-0.22718816623575877,-0.44379897293037934,0.19784988685444355,0.3494032670661941,0.2105486434293653,-0.7450773969945306,-0.1705309398757035
1953-11-15 12:00:00,0.4598611577043218,0.7631601972398263,-0.12923874620662745,-0.27166090575839896,0.4302263869400557,0.4981620183788449,0.4867305053180705,0.4298008603035319,-0.33721449349275545,0.7492162341599082,-0.07503615369619832,0.0639436169327472
1953-12-16 00:00:00,-0.08672175993936998,0.1440811589935344,-0.3939837809567691,-0.029056754322830877,-0.20543273454119257,0.9453865463799798,-0.14719288019406693,0.26387542803533437,-0.10503660042101189,0.35209752803728145,-0.4499797079157484,-0.2717617223346886
1954-01-16 00:00:00,-1.239888350145546,-0.39945095766370786,1.2566095025416526,-0.03258567839780857,0.181430903558498,0.5279795174381593,0.7773012902086054,-0.4086216956904259,0.34146802625874856,-0.49566751262182596,0.4038988569653703,1.0721025808429085
1954-02-14 12:00:00,0.41523364702555743,0.7271459396008598,0.1723886862234294,0.5012207731083173,1.176270094971378,-0.5372959165997243,1.6572047161280625,-0.37124317982591415,-1.2587530196386458,-0.8648863558814659,-0.007042748719913394,-0.3831252941023279
1954-03-16 00:00:00,0.6358303231769499,-0.7427012771514967,-0.21933229599707393,-0.02349641761065087,0.557379805606385,-0.7104780519139974,0.7174169806744566,1.6288592797046753,0.03846388783814728,-0.16553659049202907,0.7147633252548895,-0.3393289654929273
1954-04-15 12:00:00,-0.9100499435794955,-0.8739941435974533,2.0838359884755544,-1.9689578568482715,0.5952833996485014,-0.16051459173590066,0.20840623947647674,-0.41643550513022015,-0.09334598531996134,0.02066832018249265,0.010029796771103605,-0.22123159236639933
1954-05-16 00:00:00,-0.19350338002137818,-0.24461258874234837,-0.7225397058479257,-0.21860497767176768,-0.2754997458191084,0.40531367441054456,0.22849312629371676,0.42260935518257076,0.36758763000386047,0.6009441577943895,0.42468727489966573,-0.25985785842559733
1954-06-15 12:00:00,-0.08657757647068404,-0.04462543989090337,-0.5424896612393204,0.2546054429402234,0.1565730276672062,0.23450348123860687,0.14807675273820453,0.06789491570117405,-0.09502147961012765,0.22408801356225994,-0.8089162895032251,0.14711581064230017
1954-07-16 00:00:00,-0.11457424059346227,0.7234917508966677,-0.6238072772134504,-0.3190610458117874,0.4803054112667406,0.5162867148609565,0.24625463073130405,0.9931672042695748,-1.1162066135127342,0.23873463252346572,0.09318473792245952,0.4870120965962029
1954-08-16 00:00:00,0.052296805195285456,-0.1088042973699857,0.16652155668748925,-0.21184598821008802,0.24426033156898208,0.8425629614536733,-0.1708371275263984,-0.252478663534302,0.3797179768613991,-0.4099933663411919,-0.3214810764653123,0.30350129276859905
1954-09-15 12:00:00,0.45994188270052905,0.025844695274717347,-0.24642443828506694,-0.6395900182090719,-0.5622740744594232,-1.0981956097071892,0.23613259972851575,0.28467107766151734,-0.3120536389278888,-0.1653518479551882,0.6722312678748277,-0.17358592964852504
1954-10-16 00:00:00,-0.2600564505326917,0.3087863798739009,0.7652230561251612,-0.3609276878871612,0.7087833929827665,-0.21904878203028877,0.38757836149855074,0.26030165558573354,-0.44906818510675073,-0.37829074430852405,-0.0970206735304473,-0.3202864225544469
1954-11-15 12:00:00,-0.33653550824451434,0.23029011715595,0.05357732908760088,0.15002794412316822,0.1682156850994323,0.8088518581859272,0.034282386007430166,-0.3124841910361994,0.6959145336197047,0.605954151783709,-0.44779557661959746,0.03582030227866306
1954-12-16 00:00:00,0.04166999448920111,0.3644979953676595,-0.24814326833879438,-0.23287666447168232,0.27359021892724955,0.5313242721635879,-0.31848789706584096,0.4413713301942736,-0.5458536814281547,-0.11584164860488472,0.08900214562361741,0.4959841011204663
1955-01-16 00:00:00,0.05463849443473351,0.16610674943267337,-0.0588523919737341,0.07202154729792526,0.6009185516116189,0.5709139665375366,-0.033655848683540546,-0.07124993738469597,-0.03674977443128698,-0.5183825579118525,-0.25303236901704396,-0.19420223025762967
1955-02-14 12:00:00,-0.3975466543656289,0.22655401497534688,-0.05136008252223334,-0.09014136820423987,0.8772680787243803,-0.2924368910557861,-0.4829003882717665,-0.32454407678149605,0.14127852575896918,-0.7311923289379407,0.11126870642930675,-0.6782590753682435
1955-03-16 00:00:00,-0.19978873776249478,-0.7398521774706668,-0.5392830890203179,-0.04095219202049945,-0.046873481484922735,0.6955570762260941,0.6303903075279988,-1.0731558546625013,0.11797720261795455,0.8998030985557763,0.5332117599088966,-0.2480806629444044
1955-04-15 12:00:00,0.4806266406563654,0.20407964563204808,-0.3539241032461997,-0.22807080070633404,-0.2379581433566269,0.13762779992624463,-0.47214078041809376,-0.008546840637355724,-0.02741350967025935,-0.03227334166668083,-0.11083164785702482,-0.4611504953750222
1955-05-16 00:00:00,0.23853808051499098,0.7016837225154993,-0.008827369916211136,0.054074743486422355,0.12094037946346758,-0.08860780287405556,-0.16492584521179052,0.16432642859953356,-0.21884355304280584,-0.6405745950850726,0.2587085552808839,0.16784752378542755
1955-06-15 12:00:00,0.5638025383139438,-0.1317874906473503,-0.3041096732743706,-0.16832122143129566,0.3278692697631878,0.01061180958562058,-0.42055998522620475,-0.15635078377626233,0.26211563157638423,-0.35738955984879883,-0.10917113979561677,-0.5569335353161466
1955-07-16 00:00:00,0.09780143874751013,0.34080078513959183,-0.4942391796790301,-0.561473774329931,-0.8091568294498681,-0.4966928728082801,0.25500235443238906,0.14597182068341735,-0.05929469434223175,-0.4889422745114533,-0.1848010366933026,-0.05254276426134585
1955-08-16 00:00:00,1.9492414857973057,-1.4522152258099932,0.4110087668295789,0.28807760168716506,0.3029138100996901,0.05172783585213325,0.09166003195464495,-0.2127910062282245,0.03920706640626483,0.16268246048406754,0.3879852049441739,0.6735044007664975
1955-09-15 12:00:00,0.9292829578665842,1.661449942031103,0.936692232108493,-0.5381844187842646,-1.220694652872369,-0.5772936690310756,-0.2552386709504552,-0.14242928115227294,-0.10845626987086167,0.4496199471515696,0.1357572687632309,0.3124863505228812
1955-10-16 00:00:00,-0.43260078334966695,-0.6893803448811878,0.05660616698813892,-0.35391952486988876,-0.610700761539045,0.21796760948906135,0.044683174431655814,0.5929127905002114,0.25835787395386434,-0.6787439370337096,-0.024434858654201808,0.04487350262337486
1955-11-15 12:00:00,0.28558474154769375,-0.40541468013112136,-0.6686676768192248,0.05437440821063211,0.17115547960890398,0.016325411601000206,-0.07310973615125343,0.21990820739553107,-0.15784954664028916,-0.15727674442608358,0.21766144595501635,-0.10077626576519694
1955-12-16 00:00:00,0.20573514667793574,0.30614061910818724,0.15452783040218038,0.022577782027584453,-0.36253751001534845,0.015939934736392658,-0.12334705589819481,0.014702624469785625,-0.4697480061000873,0.6553364252324709,-0.17833367088138374,-0.025070331594925443
1956-01-16 00:00:00,-0.2531447128147937,-0.379337025105578,-0.9529598814226768,0.06384239537290062,0.12734246147611877,-1.274813010381067,-0.10122249901581476,-0.018032425387256436,0.7457489016520521,0.5699815069172076,-0.591073294673765,0.24643178970579227
1956-02-15 00:00:00,-0.7295841710650253,-0.11935940346436119,0.400327708042275,-0.38082941500663287,1.4804804910205074,-0.4498247022983123,0.031242759510592744,0.17893141823724706,0.161935841563033,-0.5347187254001108,1.1028002696378119,-0.1681002282001785
1956-03-16 00:00:00,-0.06458542933191175,0.17594779238781452,-0.08668739020372035,0.48773727539029677,0.6884441428262036,-0.18677164126299073,0.7059991424278167,0.26871599778123095,-0.221298861685029,-0.42259169283553855,-0.6193217793310775,-0.2501526076251149
1956-04-15 12:00:00,0.7653959808918096,-0.3641817142061635,0.2922928294398375,0.701621158984564,-0.36656071175815874,0.08299037270879384,-0.20908034530351277,0.0034259830489061296,0.09898033135413649,0.18415382061573482,-0.07886455321510355,-0.4727021902052343
1956-05-16 00:00:00,0.7805247398619664,1.7279671659042077,0.37200066115591457,-0.5077545713699148,-0.3263960563386621,-0.1845696620207824,0.5080314790767689,-0.19772494725085576,-0.22157868447361767,-0.0967129492356879,0.0928921559817868,-0.25167168551095115
1956-06-15 12:00:00,0.09756982578661402,-0.9898022529985672,0.8454513610939973,-0.06349350738747658,-0.14305858607371602,-0.0432145363466091,-0.10843673002790305,0.553230576670536,-0.3521175838286419,0.24294949919440756,-0.008015319666729193,-0.4314408779027334
1956-07-16 00:00:00,0.4403345569727323,-0.043327246283728305,0.25147577395952414,-0.28629087253065877,-0.06655337694090253,0.46158653357002166,-0.2780715195759861,0.1717182005008357,-0.13258513424810708,-0.17436739587352512,-0.571262428112525,-0.09730665478816936
1956-08-16 00:00:00,0.6319192305070713,0.3642196062071179,0.00940672141666743,-0.09536077689758887,-0.45558699520832013,0.3467297318918629,-0.27403764497435357,-0.299874877971626,0.0927229681033856,-0.3569613596346071,-0.6724397578435539,0.1392205750814891
1956-09-15 12:00:00,0.6785594315293124,-1.2373643888234658,-0.17017427695360607,0.05569288830756622,0.2592475562931904,-0.6420538943646968,0.3434078429761991,-0.41929373810771753,-0.6205750935078528,0.0974041005486378,0.4299963904989057,-0.5707422150024014
1956-10-16 00:00:00,0.07472386921241242,0.5160472060293106,0.18037602998502567,0.26119257289176623,-0.5998524604452132,-0.24735793013310625,0.0866433965835986,0.20121621983728327,0.21881397524715185,0.36816725228309977,-0.6969552921216222,0.2993346621174846
1956-11-15 12:00:00,0.0006338489275029557,0.02182162243692795,-0.07035264511318007,-0.4786399913453532,-0.03140483697751795,0.194443075249911,-0.455330407589021,-0.5856140679536525,0.038555377350916915,-0.37904212114320945,-0.6261277349621446,0.4307829441135934
1956-12-16 00:00:00,-0.8527337677267368,-0.3646927874254262,0.70950992416971,-0.7123931179751656,0.0817515960320348,0.27838800574492584,-0.3827843379084697,-0.045185608986949115,-0.12963663868051906,-0.18921791306934393,0.013771863775752902,-0.4080756882005012
1957-01-16 00:00:00,-0.45172093774505157,-0.5383324403340201,-0.39374456667346014,0.19071424446407254,0.41189155442085174,-1.4747589069256728,-0.1136344881570564,-0.549556831101718,0.21703387771743482,1.0603043969124335,-0.5786890531502242,0.09458408009399755
1957-02-14 12:00:00,0.20861050118839514,0.29533897631910916,0.17350647115469942,0.023547206216407546,-0.4450635349009791,-0.07525462280499617,-0.46894285918120227,0.2154776532650457,0.5400530004278293,-0.7313726747624612,-0.05424822834015908,-0.019073752169129765
1957-03-16 00:00:00,0.3333531918928756,0.037525943785724894,-0.16620050128825067,0.12744474668148703,0.16496621738690037,0.10676643959488596,-0.431260880224681,-0.18030428009340593,0.6865165215030165,-0.011295765565717208,-0.13338162973457823,-0.5559301391330048
1957-04-15 12:00:00,-0.28513682461693407,0.13580234872950436,0.04090585723252449,1.2342460748217658,-0.8372441155167911,-0.3451502080179333,-0.9688165081488208,-0.31024333090684064,-0.5807300914777078,0.17927277187037938,1.0205224880591977,-0.4680368798245177
1957-05-16 00:00:00,0.2373715669729709,0.5859639875583988,-0.09754801384129025,-0.7462733234910144,-0.4141412632818101,0.020028565830377376,-0.2451469109303393,-0.35766359971753064,0.08000838372461189,0.029059897323705508,-0.08534035495368775,0.022445178477094485
1957-06-15 12:00:00,-0.40551616116701855,0.2435225234886618,-0.6236913651894236,0.47568507513089053,0.07183141818158323,1.2366397366431845,1.3331871128334538,0.09213246627012699,-0.1500555189240254,0.053964166873651354,0.8090355234652182,-0.48155916691519424
1957-07-16 00:00:00,-0.14391784882603942,0.33353794643102197,-0.4765881437859309,0.00266702743816441,0.3220861666872161,0.0668576679363081,0.19564222010659837,-0.1600952356407986,-0.37772656601234755,-0.3834250864788051,-0.0645923708836662,-0.43971340482475385
1957-08-16 00:00:00,-0.6282664998366319,0.34529312242114296,-0.23188159424490762,-0.2697102639636506,-0.6919209438382263,0.17379962774208313,-0.29163641915013605,1.1726120411716854,-1.0375087925837823,0.42090546609517854,0.6000612968476098,0.4759105667768314
1957-09-15 12:00:00,-0.2757543833463572,0.020084221448905787,-0.4338255576980877,0.09525063205049089,-0.1399422347576479,0.9268244950042057,0.18315961352561194,-0.31986170004507675,0.42438158984318286,0.08436705536423172,-0.3284469440551153,-0.5211050595742397
1957-10-16 00:00:00,0.14863453487695194,0.24515026277941682,0.32082801285258733,-0.6864087516984662,0.12471534499199322,-0.37420254253316154,0.2311802550362717,-0.41218562405111714,-0.10821735609216969,-0.013299438182511336,-0.3285734827234972,-0.31211938334623623
1957-11-15 12:00:00,1.4055714489269517,-2.2826544398593667,1.3058191502539556,0.2621985736098743,0.38370908410377796,0.5426790437226068,0.28655100534063793,0.0530038149285169,0.3548012337529139,0.7134870027528544,0.9871013286953345,1.143420686185915
1957-12-16 00:00:00,0.3779592404798454,-0.5320441731934868,0.26751903285200895,0.3805354426625287,0.3846829984526135,-0.002956615575067767,0.2754743509860279,0.2713655843523412,0.8450441952215068,0.5526792148754389,0.26858366553588864,0.07222457305664554
1958-01-16 00:00:00,0.33723936740443033,0.3168233598837421,0.43247250386402825,-0.5301184781145687,-0.13592054940232046,0.3562860685287867,0.03342420393623252,-0.4947131856625505,0.4414310827547188,-0.8283227552353911,-0.18708837318853921,1.2920830578159195
1958-02-14 12:00:00,0.5956216181807331,-0.2764549503152478,0.1593866187339109,0.14625300851406225,0.7510389649361795,0.043985783282135316,-0.9737777376573745,-0.19727680232926487,1.1329622394464964,-0.6369484876839704,0.2675941467014593,0.5230130798561597
1958-03-16 00:00:00,-1.7207028865055167,-1.9467536889017958,3.0060186932160313,-1.6853898882132934,1.3994232995327331,-0.5585413145841714,0.4955495219389138,0.4011875544571029,0.09486097128206666,0.2516326088519013,0.07261189124312284,-0.030898884005187366
1958-04-15 12:00:00,-0.7139197287861825,0.3817782441332368,-0.1754387762546896,0.36164138419001324,0.5665208396944927,0.5706315140916073,0.2511083674189726,-0.3393899990424637,-0.029783357852293635,0.3344513190502785,1.063617892097981,-0.38367104729406165
1958-05-16 00:00:00,1.2520909605399984,-1.2123277454848242,-0.25247833969710565,-0.08006191390237415,0.2490658852811719,-0.6801618344424473,0.4125609544388599,0.16779108919508384,0.08841050832506495,0.02059314289886338,0.07326832602224886,-0.3996612182865076
1958-06-15 12:00:00,-0.46306946273316,0.0011395673427497532,0.40728848788108907,0.2700637098457719,-0.30191327634685394,-0.7086396909264642,-0.5963088036796736,-1.088644468348746,-0.9906094821184853,-0.10854891063000704,0.018464354572218067,-0.1272027323198548
1958-07-16 00:00:00,0.8645031602506679,0.03363182777013239,0.4140521691507886,-0.29058754786763746,-0.18279785422895645,0.2626415347876103,-0.10779424871597465,-0.11339978619835187,0.14828837833199748,-0.19198650866375228,-0.35848245271059753,0.042069746414409304
1958-08-16 00:00:00,0.5167798725672608,-0.2866190449421001,0.0882422651229901,0.22104820524309265,0.4239436005416268,0.009494439910950891,0.03321259935342136,-0.06973995554011998,-0.48308819901307026,-0.27051283895243033,-0.38022753865790593,-0.48215723148748013
1958-09-15 12:00:00,0.6659325208500673,-0.3087185561608724,0.6124931107887349,1.1748525033640114,0.47287704418660464,0.13484909659760536,-0.37931135411766437,0.4407261906351803,-1.1831471874620025,-0.10212977603266882,0.3235655128797408,0.052460426650351
1958-10-16 00:00:00,0.2006994950119307,-1.011609296458417,-0.44736789935287685,0.4216828131268029,-0.9919857532322911,-1.0125587791378305,0.17346084349923574,-0.1655112373925288,-0.21647150697413176,-0.048496081920246126,0.6523203804020776,0.053177503435471674
1958-11-15 12:00:00,-0.9622350942635098,-0.2216540788159379,-0.1385915798854128,-0.7271686068564018,0.1814681317517145,0.04809662828678274,-0.21605760230854854,0.8033886933296925,-0.21567021545423948,-0.042995694961915354,-0.16586285572889048,0.13020586585118354
1958-12-16 00:00:00,-0.22856846340184583,0.00668524185735031,0.5193720183351475,-0.36233929793863173,-0.002195755755408091,0.4725769703295092,0.23790489155278705,-0.6583759754667807,0.3617000418009626,-0.3196539447879141,0.4963974044962247,0.2179759968348952
1959-01-16 00:00:00,0.8867632243957551,-0.17520642555888555,0.2556959929262501,-0.09281329959906612,-0.2771060249209938,-0.4610559520023013,0.20350748900238458,0.037535663546400116,-0.6742799329295468,0.07793185196014896,0.41520559043602945,-0.1359192550037498
1959-02-14 12:00:00,0.24805900967273636,0.8389615391065187,0.04646577409228725,0.03808135353815914,0.24662642855774802,-0.7484307768066588,-0.16488677728247536,0.09929990632223733,0.8715819274757016,0.5772260928651409,-0.6522437321245781,-0.25603940814958537
1959-03-16 00:00:00,-0.04927012072711534,0.44924405435665254,-0.17904219695910406,-0.015461911453254928,0.5206705610610816,-0.10174859530154434,-0.3179500537601583,0.6140999209515563,0.6934333393423044,-0.08405976414533345,0.6876609377304823,0.027647055636894513
1959-04-15 12:00:00,-0.42904423809040276,0.3105484683891278,0.8159185892155612,-0.7558831317201157,0.2514201771840161,-0.25717632990141437,-0.6159964143315498,0.06568872027108953,0.22951056934307357,0.24513338456831057,-0.1941107050585239,0.1090918719249282
1959-05-16 00:00:00,1.0025703521746914,-0.2733563834222478,0.00269912723836363,-0.3421734632264376,0.006185156277608572,0.30877393276115006,0.4108281713460211,-0.5874006385645172,0.3181869665694371,0.5211450732867138,0.5247717115685044,-0.5909942120799162
1959-06-15 12:00:00,0.627673120311792,-0.46355676578522353,0.046957636937929426,0.12710847827926886,0.09248125201478385,-0.6408928838919467,0.9196350839052068,-0.19720470685722225,0.05331239206665285,1.139381306778099,-0.07014792008350867,0.5278791143096445
1959-07-16 00:00:00,0.2101910424856596,0.43417231855193533,-0.25632823470591926,-0.19337203464986363,-0.3730670041686477,0.3769501973205016,-0.018174254255474753,-0.3818233847427893,0.37903356431552276,0.2478084594922374,-0.258543338402104,-0.4495349743118763
1959-08-16 00:00:00,0.1360073663864806,0.4034117549004404,0.721982480971257,1.3739684221584132,-0.8368589656400727,-0.08276589407960788,-0.7356311019193141,-0.392644367967478,-0.7278553959695631,-0.14500806476004136,-0.4186902642114593,0.03496720115972385
1959-09-15 12:00:00,-0.7958056308121353,-0.2935198384146523,0.09325556267575635,0.43876294919690684,-0.9596323543738339,-0.09764085196166017,0.21070607470045688,0.2716722334818205,0.4518954639403682,-0.008238966897645694,0.42199721295746917,-0.5807591377660439
1959-10-16 00:00:00,0.475143066062155,0.060449337021177635,-0.021144251644436673,-0.04293581063012297,-0.13919830656746882,0.7521630921799788,0.4376863561043429,-0.2163566905116564,0.8011043781914365,0.4855551532244038,0.4258107593098954,0.2825921865535257
1959-11-15 12:00:00,0.2652306075842676,0.6333174666304386,-0.09375263443602347,-0.40119212923126407,-0.07539519832685063,0.5634134971979453,0.0911428210373082,-0.11422797995237711,-0.08454270194842091,0.10157689678426296,-0.02135077059809909,0.5576994513557824
1959-12-16 00:00:00,0.1938750608440138,0.5360313303195061,0.622274915284369,1.1500971945769263,-0.8465883038889168,0.0042066191941156905,-0.7470134156220499,-0.12230023508352572,-0.8195122356102402,-0.03287896283360592,-0.3078065593214643,0.19530253065741154
1960-01-16 00:00:00,0.3520994016745211,-0.21992347200155032,-0.04692414785115212,-0.24832671523145342,0.06462797444237225,0.3112203777212183,-0.22961756930536203,-0.04601489213225737,0.11617846437109304,0.08560545574215506,-0.29963415970020635,-0.4169480372519707
1960-02-15 00:00:00,-0.14601902573149061,0.04420399361240426,0.10465514230601652,0.6748855404387218,0.2511581540151424,-0.3447782760048107,0.028303244401114647,0.1737517624502864,0.7155254674402116,-0.027733788505812318,-1.1264529563665084,0.42252068311915025
1960-03-16 00:00:00,-0.9044892771867592,0.0894945051799763,-0.26757471763375074,0.5620977576053146,-0.03248910300834157,1.114020375460449,1.0903222488615347,-0.3316201993675709,1.0761525298117935,1.4464156870694416,1.1074754926937649,-0.7715334583119049
1960-04-15 12:00:00,-0.34690642414098377,0.2651236356059897,0.18298280768541464,0.5731620189377421,0.7809503428960243,-0.728419081190176,-0.554282536531918,-0.5195884247317003,-0.0015197493627300412,-0.4350725721304879,0.6285828468522867,-0.15912118731168234
1960-05-16 00:00:00,0.17022433734445977,0.45517460700208145,-0.22868176320303346,-0.2894591033099222,-0.1987975712395678,0.42698737981298795,0.1476942273215136,-0.3100254477260222,-0.03509677277906169,-0.34697584451320684,-0.4606467547661416,-0.42314547738472785
1960-06-15 12:00:00,-0.2070010371634115,-0.4024395815789299,-0.2749211350372827,0.12241045165206296,-0.010754341034621168,0.5002991140848498,-0.023888754551935232,-0.8812562002150361,0.4101637118625084,-0.25740741165337644,-0.04026323560431888,0.7637854635149929
1960-07-16 00:00:00,0.3691788839464868,0.8518791062527562,-0.07460154423930443,-0.20607787417338286,-0.18924416552610585,0.13817055439418402,0.011416364145650337,-0.16544144910163205,0.195883981439597,-0.088597857381845,-0.0841756096670152,-0.16829890366028466
1960-08-16 00:00:00,-0.30488987974614795,-0.4049577048260482,-0.0013193284144019102,0.165276088408366,-0.09654965255787883,1.2926390443952043,0.492009487083779,-0.2210744316081934,0.9104763693955749,0.43093040022265616,0.33978211302893135,-0.05973912060835318
1960-09-15 12:00:00,-0.23857159782676512,-0.18037508027732918,0.5076258662296652,-0.5698307482315109,0.35283137559817607,0.2169724589740717,-0.4162617807597511,0.11851027133896323,-0.12060265785211681,-0.24255704035579295,0.028821201278371955,-0.14817568113023583
1960-10-16 00:00:00,-0.289954291201412,-0.07293785967412472,-1.0657378760187721,-0.4400281831873343,0.056119051982166546,-0.08171137652420146,-0.30787029373629743,-0.9190387247710594,0.010662047953432542,0.32791050338829375,0.6593383604907974,-0.39602314412364126
1960-11-15 12:00:00,-0.011938671397006773,0.33683670482586003,-0.35843058275375334,0.20480488725532436,0.009943252182014556,0.868886855541475,0.6246234147840859,-0.3863913243753319,0.18731844561703465,0.26556039752773686,-0.17620137443475392,-0.4906846316613974
1960-12-16 00:00:00,0.36555630841002035,-0.5856151551970771,-0.5678471406969835,0.046241379098737434,-0.046729534431600675,-0.25656509439422803,-0.1160744225029578,-0.37105405995617513,-0.2089029884580736,0.01484710326993699,-0.6996252870001998,0.01668167376806662
1961-01-16 00:00:00,0.0918453458118837,0.37877368603817774,-0.3199898404372379,0.20590736339495003,0.08544564116334796,0.323959233931519,-0.49863048369606217,0.009058912944630772,-0.05369781425266833,-0.15325429153995002,-0.4485772983835793,-0.18222728997684212
1961-02-14 12:00:00,0.15115714450810339,0.31546494471269143,0.2095157845186767,-0.4886815047461638,-0.2748367443683022,-0.00992965359722664,0.04225917357847925,-0.09461014563690319,0.33284091869521676,-0.14988559701943588,-0.615015962974231,-0.20551974563953218
1961-03-16 00:00:00,0.55031206382854,-0.3560652079929213,-0.26350408995557834,0.24201730584908276,0.3274695900893552,-0.10526494215225313,0.2926717016889716,0.14578802341554353,0.09629782887684576,-0.08272383950469409,-0.6328658328331078,-0.5657423735714902
1961-04-15 12:00:00,-0.6150527700970263,0.042871928358482525,0.4469087157340298,-0.020482002105983305,0.1194539655287516,-0.26662048525776016,0.032183529886184614,-0.533278556276984,-0.5771518380394394,0.027567788512881553,-0.6690301256551741,-0.1866816188269388
1961-05-16 00:00:00,-0.6549800021801606,-0.3853198104990274,-1.4928439554273107,-0.3326862849379054,-0.3933453509558757,-0.7066039868642843,0.3033791827300327,-0.5676173560694495,-0.36459100911101416,-0.16034244846226736,-0.3538307955129252,0.11852008505582112
1961-06-15 12:00:00,0.5169134317657726,-0.5972204053140548,-0.09717166090313006,0.43829757145941883,-0.09410211610151466,0.021501876583898683,-0.6213263928445287,0.008775341434302933,-0.38629843040903894,0.12862698176245435,0.009948883529344865,-0.3158833671759717
1961-07-16 00:00:00,-0.5412077742903558,0.6909261037528943,-0.29246108795122167,0.5438093430674246,1.1914147498506613,-0.7407786831916608,0.5715856048557489,0.6745107565058543,0.09903347620331297,0.6228681525251949,-1.006031964306055,0.3829506225563143
1961-08-16 00:00:00,0.07730738194678394,0.18183959955129209,-0.6220106960264565,0.031173135488851256,0.6831754662804661,-0.6761003718528297,-0.9228946065349136,0.3905152214406074,0.8079617330033534,0.4737512542502029,0.722873048890504,-0.564569688322822
1961-09-15 12:00:00,0.2528301258392528,-0.4135439261780539,0.09309730836166347,-0.11309108540952993,0.2222657237861249,0.4974362895315813,-0.253338214067156,0.24249913553260538,-0.19426506940258392,0.32235127466426905,0.1405541918009645,-0.545900439494589
1961-10-16 00:00:00,-0.027763738524648862,-0.36208755134471193,-0.5875465137339659,-0.33143984680735306,-1.196818485109124,-1.0280187695235634,-0.4481927347607694,-0.05041041468642165,-0.7686039804371255,0.4249331907097187,0.9126806618499863,0.14579735767859237
1961-11-15 12:00:00,0.16142633869587777,0.08855193494271041,0.23666358452708813,-0.18083035662059402,0.20236862630792413,0.004475430521912793,0.013581094264042193,0.1236499262294813,0.13807853967346367,0.15448398970926114,-0.15835875939842714,0.569754938001391
1961-12-16 00:00:00,-0.520704683010317,0.7961813399082098,0.6514082628411126,-1.6859124125413723,-0.5315038396442535,-0.6746570676347025,0.46196439073582607,0.7211070716977407,-0.5066631966191072,0.03544777920852571,0.8970706854464501,0.37228955196117963
1962-01-16 00:00:00,-0.20334977750556255,0.8964966817197451,0.7616321143674452,-0.8423336961124575,-0.4093499572669903,-0.08059967953176617,0.18502136154555537,-0.5166732627358087,-0.3059036003095402,-0.01438468635807566,0.35001425806416253,-0.2864511193499805
1962-02-14 12:00:00,0.26018997931267684,0.46817862347645256,-0.464108497168734,-0.19961017468043535,0.15401790159941653,-0.033949773127185834,-0.5550386613284841,0.06603122473786466,0.33771814428075253,-0.12028746531849738,0.3168447139633124,-0.1872731478504956
1962-03-16 00:00:00,0.13878744167065765,0.010822939508164708,-0.02221681406539655,-0.3151257026035583,0.3935535260160489,0.09341876625680601,-0.0555517065375995,-0.30907412732606726,-0.04616419606106491,-0.21555366670325976,-0.19162772345860113,-0.5374287624600537
1962-04-15 12:00:00,-0.7689230368983813,-0.5946233137017277,-0.18886591077341047,-0.5299636081410328,-0.5091303678604082,0.18907744825654466,0.4041872839163104,0.1750274905311499,0.16018089327066393,-0.3488477365786095,-0.1176215560704823,-0.1487349728836933
1962-05-16 00:00:00,-0.541210398567679,-0.3659244860316563,0.37434249158072996,-0.08606685929863048,0.17376613097136218,-0.08601694738288101,-0.31068601796799844,-0.5981142205691344,-0.14334633382501127,-0.09916255968346893,-0.5254701848048718,-0.17118203062732057
1962-06-15 12:00:00,0.17827079852213437,0.05717494993835487,-0.23819368314759054,0.07704170012491043,0.8423541262482568,-0.2710634111165078,-0.6158640332640848,0.4775406967903901,0.1477860656632946,0.32576864320662535,-0.1753832982143534,-0.2866772030704732
1962-07-16 00:00:00,-1.8202668151213364,-0.8195002142311631,1.9317903709869537,-1.1694478729715785,-0.6390808647013008,0.26818329233371263,0.4883363644708131,0.0761656992018801,0.17713767478066716,-0.0290710803537777,0.650186612358999,-0.5865554193137673
1962-08-16 00:00:00,-0.2513620507400665,0.22208093691925201,0.5927317288964241,-0.1956449751760344,0.009221066383770515,0.5824841079291029,0.38110469219045473,-0.5192662169323677,0.43015815573352095,0.5312988998576671,-0.05929795796474835,-0.21072077972695846
1962-09-15 12:00:00,0.26619240195768407,0.9694276274092822,0.4227588632996371,0.9715125491457296,0.256285715833522,-0.4317960575126959,-0.238249634003268,-0.2019743239476342,-0.255589387019712,-0.4254970138672042,0.6600870996162245,-0.42086510234085733
1962-10-16 00:00:00,1.8110041463363635,-1.5137592520801455,-0.08364571890054318,-0.09842028641348968,0.5911560863097833,-0.17202245187869925,-0.007461929043986237,0.30053637682307915,0.15959880328816417,0.40761879304999415,0.07410300946904602,-0.11913266720909199
1962-11-15 12:00:00,0.2640369939003775,-0.31472363762606215,-0.7961056107239617,-0.47738282828884504,-0.1042710576046236,0.35748996172969644,-0.4984281181506792,-0.1675899768448569,-0.6287968679681255,0.2935712302371929,-0.036394805447319545,0.38092712251455574
1962-12-16 00:00:00,0.18752007573115084,-0.20684192128283763,-0.6056422589993147,0.04889371571062495,0.27800264964243226,0.636956778410222,-0.4655721778437424,0.05803164660433016,-0.47167984215851627,0.2079119913438091,-0.2146422700624261,0.5581563040965959
1963-01-16 00:00:00,-0.20029287571091609,0.13755379160427197,-0.33944892075240485,0.18020486329142638,-0.29870653691677773,0.01549312204996467,0.10621455020855436,0.8433702347664331,0.12974980451286222,-0.7175002223768063,-0.018447708903502225,-0.13001698046703236
1963-02-14 12:00:00,0.24050734317125178,0.2511437617278168,0.17939563319001417,0.4612211424005498,-0.4731799458459877,-0.3724204220221671,0.19959994487477717,-0.2185088218040167,-0.36898716659373404,-0.010424008459273382,-0.22443210201117003,-0.32047995516414796
1963-03-16 00:00:00,-0.45090007682450745,-0.3756957502453866,-0.009041330010261417,-0.25607484502897204,0.06935564903956445,-0.372398926787879,-0.36810217530115286,0.2554967008522064,0.9065555013497211,-0.4419618624855887,-0.0678666106851078,-0.1126816865057817
1963-04-15 12:00:00,0.7705544151904562,0.8353331617951805,0.3037102261519081,-0.7711980753573893,-0.5400730244584022,0.25098793367319683,-0.12054330559203058,-0.26941367614847495,0.20757600234751455,-0.3670553365542777,-0.5149982823894516,0.21555062876419617
1963-05-16 00:00:00,-0.27420122427314225,0.8459056784320201,0.30762425690834583,0.09801232400426346,0.21638519815914858,0.37010960902013756,1.3638865219485958,-0.46120248411773207,0.20671853705006893,-0.025107100655199055,0.11080304002893726,0.14170393201369125
1963-06-15 12:00:00,0.2189350055465494,-0.4601437040316456,-0.1195966929274514,-0.2537333229289407,-0.38110068990310153,0.2039807052712882,-0.12763800061093528,0.5744113325344534,0.08280476220388039,-0.3654935522565502,-0.2003695341440389,-0.23713827552084116
1963-07-16 00:00:00,-0.6335712622264194,-0.06119355345903327,-0.13693535168861098,-0.3564174107897793,-0.29238879298810544,0.15009833721374777,-0.7572537854338897,0.7919386890033514,-0.8736416391720607,0.1434621624936755,-0.004923807411318926,0.27856152321138217
1963-08-16 00:00:00,-0.8615619826677605,0.16652660313692985,-0.8444380082131249,0.3342411089917492,0.15767431024758943,1.154319695203691,0.23728607262770784,-0.05042316540175429,0.7793510300429621,1.0695536168295467,0.6893339942349497,-0.43825907609428366
1963-09-15 12:00:00,0.22402376280233932,0.6407223812472063,1.498266313189394,-0.5794844197827548,-0.5277155576350818,-0.3321012399524752,-0.49883789467966483,-0.5601872431289521,0.27180498308913437,-0.3471553959738008,0.6148715244816991,0.5455002120210927
1963-10-16 00:00:00,-0.5549395496527345,-0.3859943644661711,-0.4199545779169741,-0.839291568727416,-0.23849938759676187,-0.05533944096289689,-0.23203129117745497,-0.5017061025363635,-0.37677585890298465,-0.3281851445839142,-0.5978669863508856,-0.1669643196483454
1963-11-15 12:00:00,-0.9323801671466883,-0.6458585469195922,-1.284766842178536,-0.40040739769294353,-0.9560179111364924,-0.6725553238483183,0.1800031129622951,0.4735169926083666,-0.2973943108655559,-0.46911251084558947,-0.14047312755047692,0.16080894311956107
1963-12-16 00:00:00,-1.3618882025279921,-0.8692058416961671,-0.44596560915236333,-1.2798074409479803,0.010427634879593167,-1.214840559654995,-0.6887539292161519,-1.8089074136602283,-0.8500462761115638,-0.0009613176483646013,-0.10373970560864287,0.09447049658630535
1964-01-16 00:00:00,0.4342556200980322,-0.08311350019470076,0.2281265495347352,0.28787104718079465,1.0185850448769456,0.2598082098346494,-0.4155246708142989,-0.22741078341851428,0.8291697288752388,-1.0078794389360355,0.31524208221394345,0.3865890489181848
1964-02-15 00:00:00,0.3745269198022459,-0.4420911252911892,0.590616524700592,0.5352452991269662,0.33825442489229657,0.7579476832141332,-0.21311508949519367,-0.615795987249725,0.6301332459525927,-1.3654726218828452,-0.2975915167011113,2.126100484362548
1964-03-16 00:00:00,0.6025454315794281,-0.9991256196963968,-0.03212169767205669,-0.7161184880847653,0.5968195544502897,-0.10608288693314216,0.1746322156078588,0.010575749549110912,-0.693227741372002,0.3259185204829631,0.2540174698824744,-0.18532894612693113
1964-04-15 12:00:00,-0.3540739134518806,-0.9094554285799533,0.6604549029758549,-0.5518921239033298,0.10075478158786993,0.603574344343629,-0.15435231287541468,-0.19610678283236793,-0.11895515226878363,0.32456374424694867,0.08049470043859874,-0.6557789230007
1964-05-16 00:00:00,-0.1018794072395709,0.04326481923272173,-1.261949301086922,-0.6513436809947183,0.42602095572745396,-1.5833183441673122,-0.2663017507741965,-1.1210056644762152,-0.18151834487240354,-0.5408771594679993,1.1466238602059913,-0.022587107355645175
1964-06-15 12:00:00,0.5602849206751068,0.07923830455687982,0.6674671170243227,0.12692034229736032,-0.07534894236629311,-0.8252414386602688,0.2259037631055668,-0.06166277455995779,0.17986273151647297,0.13537221468373317,0.12148534512148057,-0.05949595268701213
1964-07-16 00:00:00,0.2933945004323455,-0.3894890704463462,-0.15899547093969058,-0.3842623698961754,-0.4848292339901803,0.23651319818565558,-0.048099703025411666,0.7644166032725721,-0.2346711569523956,-0.018502746877682164,-0.16304601907099414,-0.22661339588079904
1964-08-16 00:00:00,-0.7616797414745959,-0.015897217610410852,-0.9633058808802925,0.4378955034627763,-0.008366644112776628,1.5922228295765648,0.44996695465262093,-0.6342956254535845,0.815276611259122,1.8726707426363298,1.622130163709269,-0.4701857577611076
1964-09-15 12:00:00,0.14159145238635745,-0.8984870102585439,-0.0816875889130706,-0.40896089519209944,0.2002812700913476,0.29092132975860346,0.49240350385177933,-1.1682157543263634,0.3150147266419903,0.7714282852026768,0.13828843038129301,-0.08658857390666841
1964-10-16 00:00:00,0.6829726674654389,-0.1581611892424653,-0.02117104306379536,-0.13121674687996437,0.17821474815180594,0.18935908371967347,0.2641118297470988,0.1509780272879338,-0.204845129006771,-0.2845883585995477,-0.48526371945115887,-0.48916432887714256
1964-11-15 12:00:00,-0.59777638283642,0.9699678133325396,0.4750192943794288,0.9396938641108151,0.7545341560982695,-0.9829159237135053,-0.318830452611938,0.45812213746148783,-0.2403805678473917,0.35380394896706535,0.03493707687773662,-0.05098491613925249
1964-12-16 00:00:00,0.8356233132654052,0.8232071563914268,1.1435693181444595,0.38413306282229387,-0.9867258349929644,-0.7905588863095133,-0.19594941891340112,0.1448041853413633,-1.1969736023559168,1.0857432286734585,0.2641444587335564,0.2481088170853769
1965-01-16 00:00:00,0.180203361332806,0.39958044122344843,-0.5774907466525119,0.10341824728398905,0.44420684907044333,0.10516039725845883,-0.6046433607747566,0.09502907692989261,0.5712440657053499,-0.48605241953127637,0.15063246562864974,-0.7903985462778116
1965-02-14 12:00:00,-0.14013264754522692,0.07131869149538073,-0.05099715388671694,-0.32641621734251425,0.06901626415981682,0.37182548638855834,-0.4364346728968025,0.20798820503977955,-0.2988998492444586,-0.3285800172197927,-0.5572047964382705,-0.3912530746884159
1965-03-16 00:00:00,-0.36881920121643846,0.1780321129621295,-0.3614887199224205,0.3771761192126102,0.2025863093246139,0.48674500952816485,0.13246438905270175,-0.33952202979629936,0.033695554099615006,0.3724248157578497,-0.4972638725752454,0.07068758891717253
1965-04-15 12:00:00,-0.0504487664479043,-0.2129134224426767,-0.1901064859275335,-0.6921258726989657,0.7887201685200735,0.8819672877776605,-0.6688813441651976,1.0716327538403294,-0.9090713702032893,0.46283229768046263,-0.14039774603585253,0.3482029837417623
1965-05-16 00:00:00,0.6511291631752603,-0.3922174966220833,-0.07721840373013356,-0.10750453304090807,-0.16434833743407526,0.21967641972844942,-0.19544384602578665,-0.3416913210488764,0.08592980848573675,-0.2750099175506774,-0.24581235176969596,-0.17189476010324023
1965-06-15 12:00:00,0.8214707415004232,-0.17242409695947003,0.2144855434471995,0.33116181121608257,-0.14196303583644712,-0.04436139811690765,-0.14822824256770828,0.2334138308650422,0.20610226910055407,0.1276546189492206,-0.22988509858163997,0.09103507968294677
1965-07-16 00:00:00,-0.12526997352069363,0.78255276323341,0.22822221260093545,0.795460962349674,-0.39505084950089897,-0.7594213147546575,0.05534473182617844,0.3534003150739806,0.5434953933052954,-0.07138123338630542,1.1692412086597517,-0.6889097799729872
1965-08-16 00:00:00,-0.2470256454854492,0.5781484478698633,-0.1357909395125845,0.6475437475468118,1.0088681701210354,0.09145224678914665,1.0723360526293966,0.21645682322338677,-0.7564325324588518,-0.9679987390208573,-0.08859491252471785,-0.10853077022724134
1965-09-15 12:00:00,-0.012499193831722433,0.9284843452269921,1.1573691530190546,0.5392055089748209,-0.8045977787749117,-0.1584039949288003,-0.43682095157788003,-0.3870243617546508,-1.0046304263307653,0.3246010506092176,0.19752596726280447,-0.2538667220240694
1965-10-16 00:00:00,-0.123633613221028,0.4411701731769462,-0.4262922238806277,0.48076735275423776,0.42935060402987396,-0.5677361935175463,-0.6170364165698915,-0.06801569373942301,0.1961505254397754,0.06246236656570936,-0.4279154137033683,-0.32293848786339796
1965-11-15 12:00:00,0.1651752419471122,0.5003573760628861,-0.051486203416900356,0.2345406886597099,0.3499041567903199,0.5396546879044521,0.3061172129206081,0.20386393252925988,-0.6784627262411642,-0.612450302488258,-0.35288867854534356,-0.028380924926263873
1965-12-16 00:00:00,-0.19936188188798537,0.11782789844476609,-0.21409134000866897,-0.314683642868429,-0.6966708766765419,0.058675846002381626,0.39270392926045083,0.5601291641652381,-0.11873121011544192,-0.712199609581289,-0.35598888209658586,-0.2493313095888014
1966-01-16 00:00:00,0.05517279829975047,0.564594536798301,0.5658377620261645,-0.5260261322476517,-0.8127697976669865,-0.4566801118659475,0.33881620887147135,0.4616593623588467,0.0649712628842062,-0.5954670382939049,0.31501833600626683,0.07335199255390468
1966-02-14 12:00:00,-0.4856324192334555,0.6107309068244648,-0.37609190033459716,0.3640055315617235,0.4278227317436272,-0.8121362058650595,-0.22017178266536103,0.4456044481548701,1.6037334995501396,0.05508192162539449,0.29887952326505096,-0.25770975315312633
1966-03-16 00:00:00,0.9996081143661741,-0.7697100361139437,0.11410812488563199,-0.2803921964702141,0.36466259001886864,-0.3680414331795824,0.5096213372647325,0.8013011622687001,0.07170378417540377,-0.08310456274237688,0.253228185983811,-0.6318490554500693
1966-04-15 12:00:00,0.2623323084938012,-0.42091796069930076,-0.30567923473408815,0.022907115840981596,0.09787740045789728,0.003621170591855627,-0.14572698738797155,0.2837580605545982,0.19073411460043216,-0.4560687247677265,-0.10871755869670396,-0.5227603982172716
1966-05-16 00:00:00,0.4286584732606359,0.1417383041365578,0.05563478044726006,-0.2635042758657449,0.06003055125349538,0.28975076114205006,0.1300108612870181,0.1124316105439677,0.27725662326325023,0.49148201762196875,-0.6534835702884769,-0.36739188367721654
1966-06-15 12:00:00,0.7360936002306031,-1.3361390009947298,0.32728290623516654,0.6762955177816256,-1.1580850672719658,-0.6096879138839818,0.908752943196766,0.10405986708931432,0.03549245334058969,1.205187106749037,0.8106686036018202,-0.3294606185605205
1966-07-16 00:00:00,-1.32399841519993,-0.5699815760957002,-0.04551583376783469,-0.776943350388238,-0.168609128699003,1.0629464331356928,0.30990979826187004,-0.4374678313771405,0.11502063793484599,0.34659149712821913,0.4642217320891575,-0.30922509926052366
1966-08-16 00:00:00,-0.6460694383537764,-0.36623141784777835,0.677136252809396,0.6812011654739343,0.042891354382049246,-0.8443274362284993,-0.7012188359269624,-0.6007464768799013,-0.6197451790821459,0.32189775051886316,-0.08138222562617958,-0.2994037463134496
1966-09-15 12:00:00,-0.04690508407972449,0.2641225472367153,0.0576670824607472,0.6946960115511975,0.1592678815541821,-0.4445328717271565,0.24634011663212818,-0.0015488403990172456,0.40700659285736424,0.18853254907634243,-1.0844276122853864,0.760609794454996
1966-10-16 00:00:00,0.41656124897319363,-1.0465616030573561,0.5204026466089813,-0.6151061004577604,0.9262901188631316,0.12344627052093071,0.5037311441172737,0.23287422178369305,-0.4754673843218385,0.1622981600739103,0.13340852298505013,-0.10367732803868668
1966-11-15 12:00:00,-0.17800415668906616,0.0299794773093678,-0.020585184008416746,0.030739772453226732,-0.4604379296651866,0.4555391632102872,0.33321807668255843,0.3716316945302117,0.5184301291143362,-0.3160783265185634,0.1322038352063779,0.12393450032128384
1966-12-16 00:00:00,0.12024420060530125,0.3844102761663257,0.40088797674904375,0.5611912009000131,-0.1075380136307399,-0.18642893638721514,0.5273677518261017,0.04677964096836565,-0.09503852942963044,-0.21509244113207826,-0.419790441812818,-0.0307433592736146
1967-01-16 00:00:00,0.07605235597546223,0.3343012685332587,-0.14056849057440785,0.1994118149017478,0.3223260365343975,0.07037985064915264,-0.20440748927391406,-0.00544105882292624,0.23372526722631565,-0.16373932618959358,-0.22233822287211247,-0.2657799496378981
1967-02-14 12:00:00,-0.25656838129685394,0.06119455697549446,-0.035314186355443755,0.18116463338777733,0.38743296446953696,-0.17468442159745257,-0.026346966743081623,-0.5986643347483259,-0.38243268446546874,-0.7671345288298204,-0.06951260374427282,-0.148263436227619
1967-03-16 00:00:00,0.19112607844415472,0.10319278416813521,0.2589385905344034,-0.47174647635138933,0.2830654955574168,0.3512863865741336,0.18917597751272097,0.06470197153541117,-0.42253013537262596,-0.1741130560242326,-0.42958364006976024,-0.40184357220662603
1967-04-15 12:00:00,-0.26063995748678964,0.1126832123002354,-0.7757741205663181,0.20080460598743405,0.43556717784593807,1.3949024000599928,0.21654129919190235,0.7444289729068727,-0.5767234338476993,0.6817985285084598,0.7400316776037843,-0.13659485865681986
1967-05-16 00:00:00,-0.13500083632560184,-0.32661993867789807,0.28732657037823806,0.67813788061537,-0.24139125674838913,0.6366346554401616,0.16374831531131961,0.11770394141800745,0.169587399704192,-0.8264459994612776,0.21546703386858423,0.5385929312609862
1967-06-15 12:00:00,0.11970590153290872,0.1649616158775707,0.43467903798778385,-0.7505415086357987,-0.00042554615399625906,0.2120423386738544,0.18093002410536208,-0.08593030237488984,-0.12881843091803202,-0.2567391868102501,-0.3171795373430174,-0.34170987911811646
1967-07-16 00:00:00,-0.23942302593206405,0.7730428303641068,-0.4382593582384831,0.0074683756130263235,0.25961810369355426,-0.48742891208491923,-0.48869335613171083,0.4520245867982554,0.8445599115602,-0.18094340844218054,0.5499956560145913,-0.4497577419434863
1967-08-16 00:00:00,-0.01764996554009629,-0.14642261597873685,-0.055366007650200166,0.05317650928928533,0.32617862143569887,0.1224606746779262,-0.3439428488026177,-0.46984618330780153,0.6441871699379115,-0.3671978891326633,-0.5330542828791592,0.714315087851758
1967-09-15 12:00:00,-0.13003005560031394,-0.16987237983491588,-0.3556961610215057,-0.5528453217818429,-0.092300377424624,-0.8686102736368077,-0.30323695872098466,-0.40458023296841367,0.3053478706770395,0.07009067259260515,-0.3216527787528122,0.0006500760285950147
1967-10-16 00:00:00,-0.569974705353955,0.08701403583816539,0.2884561752344271,-0.8619133731555539,-0.568860743751404,0.1949660112446907,0.05747743531474697,0.13248136388469445,-0.01089814646969902,-0.04931318785181793,-0.10043891936047755,-0.1133747075498539
1967-11-15 12:00:00,-0.1798906301149384,0.3929328633099456,-0.19995261009943144,-0.3939467853767791,0.18417946107503358,0.420440957275225,-0.026741269245153076,-0.24642559598810349,0.00833069666079253,-0.1359572171586782,-0.1400416132249116,-0.3609797752891172
1967-12-16 00:00:00,0.5220759421073637,0.27918884358072726,-0.24450780787113674,-0.26981061677447926,-0.4180704595768425,0.5396572481417203,0.16097523223098975,-0.16217949416378985,0.3554247059413016,-0.029569847785247405,-0.23058177179768347,-0.39453424554504846
1968-01-16 00:00:00,0.11898035287381648,0.3328592409896098,-0.15943014359487834,0.08250851804636278,0.8024549492426789,0.16879526770412384,-0.19127123437699298,-0.05896495282522328,0.27862465291636546,-0.5104379445467537,-0.08746459455340139,-0.2603172658212539
1968-02-15 00:00:00,-0.7909102982243044,-0.700183626395233,-0.16801353725460688,-0.001431396444534272,-1.1183245480560524,-0.3493313961349037,-0.4315589423048894,-0.2479124032888549,-0.6310384366019274,-0.5489896658961566,-0.29030889218401756,-0.11717902945516079
1968-03-16 00:00:00,-0.5349752074127243,-0.03509593919177592,0.6559991226056331,0.8636821272686642,-0.3200040606803777,0.18194365364821719,-0.2759597576662418,-0.1544539745974352,0.29703672917451956,-0.0007642994076972887,-0.32743700787254426,0.19468418960254952
1968-04-15 12:00:00,-1.2318597986756996,-0.6547237939953376,-0.7259759883365535,-0.0053093856055825145,-1.1104667797379795,0.3340014005261154,1.2935078037254721,0.6740602970803345,0.6873786274176299,-0.20551767676511706,0.2341388622855769,-0.008949567615354592
1968-05-16 00:00:00,-0.33747405134342406,-0.12057227069053922,-0.5100690347558309,-1.027834056909856,-0.14396988945190214,-0.18456632749930735,-0.5123062934354501,-0.7315382940776881,-0.5676373945913832,-0.08463008040686137,-0.4422544531007243,0.03086362764786099
1968-06-15 12:00:00,-0.11827143417596947,0.46044825137452117,0.16184863618618872,0.5871055169675362,0.5805285937233298,0.1656583132068964,0.058204049239648115,-0.02461107980634655,-0.5481210224284767,-0.833406004143161,-0.21781574525184988,-0.593273612199589
1968-07-16 00:00:00,-0.07326836437020201,0.22042426246447605,-0.6723967490123146,0.09272044357212489,0.13187592264152231,-0.030089611671317074,-0.7689872240085862,0.06711944005615006,0.22867797318473437,-0.400819887768571,-0.19343924880830277,-0.5262379380201172
1968-08-16 00:00:00,0.6089861575823056,-0.08039405183080511,0.01074356037323676,0.8691136333831091,0.4419375947340583,0.5352122589673144,0.8945678828397237,-0.7157840421482319,-0.238640449267917,-0.09526706452754857,0.4312653805366815,0.6259840728863367
1968-09-15 12:00:00,-0.15535951453535463,-0.044884742127774824,-0.2920962575029759,0.533249115141451,-0.4840878825138966,0.9707079167240249,0.29981000703069194,-0.39437917686222795,0.9827334680291018,-0.27453997750066733,0.5937309001194087,0.4080035597801005
1968-10-16 00:00:00,-0.6956401236864198,0.03992710291104895,-0.28628148303617845,0.2850989045178552,-0.3786738488012309,-0.27442865338973577,1.2564954139747573,-0.13294948130673892,1.2081822686708792,1.11311387906886,-0.39942457836814826,1.239661397625262
1968-11-15 12:00:00,0.31132623631083667,-0.050225243690375704,0.5775280671611642,0.038036624772400746,-0.30584480549903936,-0.5387616904168925,-0.14190197949273947,0.06876689784785435,-0.3555352988707143,0.5647602119928761,-0.5135476840625209,-0.15107096880506315
1968-12-16 00:00:00,0.502535556326074,0.2573672225547189,0.09727505953594673,-0.3420372810976494,-0.5008717273185019,-0.05339738934714999,-0.1227900387783104,0.015013747778995522,0.08061626198669919,-0.11098756149090555,-0.6870696609943697,-0.32597883814324197
1969-01-16 00:00:00,-0.025443741942825282,0.252665189094111,-0.3374112260673584,0.07469160863220517,-0.6750843451101138,1.2073709872110314,0.44191501424515267,-0.3780857050486599,0.5384514911165932,0.33230920167451494,0.006372380322924975,-0.4833852311939145
1969-02-14 12:00:00,0.536902136793546,0.30679895723700057,0.4727183122884132,0.09595656234997552,-0.9893324786501363,-0.13009928170176666,-0.18974599668193196,-0.1660147384939596,-0.05186346462217965,-0.43048533301374825,-0.1262272355924119,0.43936028908209745
1969-03-16 00:00:00,-0.2076076317903806,-0.12166791322044856,-0.6352999741237393,-0.10676169563732935,-0.08331333358159594,0.22467809391517246,-0.24973391697585706,-0.3815605244875441,0.18615068519603406,-0.3454397056997425,0.02853818245457851,-0.5578139220515388
1969-04-15 12:00:00,0.41718388355420993,1.290168435571244,0.9181599521519961,-0.2241936537638078,-0.5318861155311811,-0.6024115966169038,-0.6777265913720969,-0.3036259966246142,0.03673532726032396,0.10553975460297926,0.5596211506567739,0.3670897664097722
1969-05-16 00:00:00,0.2003404002422518,-0.2472670726938938,-0.1941096637759185,-0.09431694254573293,0.19978566313727136,0.18370645712627226,-0.4222287816020188,0.2815593059958763,0.046468629307132615,-0.16024504030526387,-0.35946816625614475,-0.5594860364032579
1969-06-15 12:00:00,1.311000454777354,0.6402616455663097,0.5436144043166934,-0.852337521112866,-0.5146851827046506,-0.2186083078598634,0.38139572635586827,-0.2904875970072173,0.31171303927490557,0.4930231069807134,-0.12935988794588194,0.1598602496099626
1969-07-16 00:00:00,-0.9386818130342236,-0.3466022299270561,1.0447614069576268,-0.7039383929490711,0.4650767025468569,0.2515726376645779,0.4071185846306117,-0.0752672304638308,-0.16493950577929556,-0.8699013404226321,-0.3552423290230554,-0.6361845893575758
1969-08-16 00:00:00,-0.056286779639855344,0.21946736418646967,-0.3009499658268879,-0.2030142239175447,-0.0965737321165136,-0.031214873723292014,-0.20340027680822143,0.40241088887153825,0.5199952085896021,-0.5234720477220924,-0.2435862559668026,-0.3864697357180912
1969-09-15 12:00:00,-0.7682129749608047,0.10260997230427024,1.2064942302869686,-0.6080924791734583,0.0832303455637704,0.01935007622264473,0.04040588383961313,-0.005906405394615087,-0.37750742904810825,-0.427791765058534,-0.22810372660559308,-0.39129107317555795
1969-10-16 00:00:00,0.6537357100699762,-0.2202921305430905,-0.19184538038377147,0.08820211469065845,0.049349659786038946,0.6259713178795236,-0.04027019265024123,-0.15888604573715878,0.24169405532221555,-0.44796195346181167,-0.30501362749426275,0.4755348261532343
1969-11-15 12:00:00,-0.6114610850937019,0.12869832167882883,-0.5408063431558733,0.6947391482512325,-0.30234041050978055,1.2253133738072703,1.269601373732138,-0.32849422682315427,0.5604274083944518,0.1158285413955693,0.6150077479569172,-0.6225838955819221
1969-12-16 00:00:00,0.3833066489227757,-0.9548037259933652,-0.007234325983346335,-0.1650541855035941,-0.47340635844553974,0.06497332856124016,0.26528976716566166,1.190214595916788,0.14985689230303584,-0.55754501978987,-0.03258506594009014,0.02833423159204662
1970-01-16 00:00:00,0.26582872272847463,-0.05023769233018005,-0.7230928920307582,-0.5427716890467462,-0.23014420833127477,-0.09948801937871765,-0.44449628410433994,-0.1250975903711183,-0.5386596599453852,0.337717646475299,-0.10000305364676887,0.88682487044172
1970-02-14 12:00:00,0.464103747889243,-0.3877754756728715,-0.023182515143491345,0.15462682490812663,-0.26919466043401497,0.4700987230596955,-0.31822111595904173,-0.39690069961312435,0.12379199914893066,-0.38628657303054315,-0.18453887894222265,0.26697796293179477
1970-03-16 00:00:00,-0.8389335395167601,0.2530520127800221,-0.049804721431206844,0.9009159986794869,0.18938697751286643,-0.8903975557994436,-1.7414755187757696,0.16467589298475255,0.10911763151159942,0.04272796097211695,0.9089896530405155,-0.5566266489295143
1970-04-15 12:00:00,0.5466881295528201,-0.17981692458923876,0.03803474595984674,0.30469913582181085,-0.07134232236998125,-0.1350416390230521,-0.3285779197346422,0.3668716424030684,0.28141121275449527,0.07409157869370908,-0.44691297477834957,-0.16596477843774488
1970-05-16 00:00:00,0.04730727377499294,0.36440964346979565,-0.1552624697201182,-0.26084947360866034,0.09919668211158489,0.525453599972143,-0.41454052787603324,0.695262028184595,-0.43246645426251695,-0.12770749559943373,-0.3033840965960566,0.1374539718323089
1970-06-15 12:00:00,0.29059740386986166,-0.6366993528699258,-0.11928054391421111,0.007445371468022183,0.7476448293932747,-0.5859050155492825,0.7651246051795426,-1.1779351634713635,-0.8364265603287363,-0.7174538803270936,0.46026283214353003,1.0228032953445076
1970-07-16 00:00:00,-0.18813634573448063,0.08094758029331911,-0.03906549181214691,0.3973940478112262,0.12617525454268358,0.3699400402687939,0.20333639866558506,-0.24362402295499302,0.3409635494842191,0.23297155515747348,-0.422857807887002,-0.383294245365962
1970-08-16 00:00:00,0.5260433223382139,-0.9323198020359119,-0.5978987974957923,-0.3762840905053131,-0.25595538098061354,-0.4278684115963375,-0.41609952380416576,-0.5110811963211744,-0.6904261159869138,0.14892655781147823,-0.2698055308346917,0.035831055394211386
1970-09-15 12:00:00,0.32664189011806977,0.549368156195901,-0.49823245127678634,-0.18513473404493164,-0.027291797872185747,0.44908339562917055,-0.17469522991373906,-0.2780026008017336,0.4673244631550943,-0.030587896438594497,0.38039691774662154,0.13078419127602348
1970-10-16 00:00:00,-0.32105086732865445,1.030393788705848,-0.20579998589957044,0.1629673317134429,0.8097619763625497,0.1266814613333409,-0.02107885899408979,0.36033726573140473,0.41539015382267325,0.7997143108002689,0.19244713639489675,-0.0374196948373694
1970-11-15 12:00:00,-0.3509250669946105,0.31826960635980134,0.4052608192125662,0.42926682278894623,0.3243694761179218,-0.10884562825706301,0.17529381312632852,-0.2609714409512706,-0.6881792347255844,-0.8740841651092326,-0.09324241836155922,-0.4591877670868121
1970-12-16 00:00:00,-0.03575855402152861,-0.10170480873013901,0.4250650342479144,0.48311823894250194,-1.261761358844106,-0.24918892903208323,-0.24869908658005502,0.2313586699975489,-0.12392281718616023,-0.46747543858883156,0.02605213873503498,0.24482168661657422
1971-01-16 00:00:00,0.6745275234960793,0.49501587316974915,0.35049420629638073,0.421958699557625,-0.3014883837238015,-0.3940157162616985,0.08019339639431972,0.2517433193500679,0.22571909680490276,1.0676096999977465,0.3693295669159251,-0.3226619439899828
1971-02-14 12:00:00,-0.19982215184952806,0.009891689657491848,-0.34457815056164504,-0.4243290036825967,-0.7808242303534068,0.14204198313450145,0.09206776456671728,0.594291434444436,0.3304130257210865,-0.5723098127487638,-0.34995196342491264,-0.05225676955681158
1971-03-16 00:00:00,-0.21771086671242884,-0.20657000342091303,0.33382850301372313,-0.05088003061422956,-0.5837193520355598,0.142794912473018,0.16977758742766014,0.2560996446285943,0.016152591730506555,-0.25640832101913474,-0.324719004838382,-0.33435117025423267
1971-04-15 12:00:00,-0.48162638179727696,-0.1782444907354751,-0.4548415325357172,0.6122543765195315,-0.5592178058303956,-0.4844025866949683,-0.40189586014972223,-0.1565913249741691,-0.2078506477901385,0.36427837879267144,-0.6904006466165364,-0.021089364543039446
1971-05-16 00:00:00,0.12985366175115773,0.28149707898899257,0.3684102648203411,-0.04741663779370364,0.13522103779514322,-0.1250993811099287,-0.4300381296171482,-0.06377663017069572,0.49071317826552013,0.16938396709831727,-0.3785322719507088,-0.5281724112843306
1971-06-15 12:00:00,0.2717202786424766,-0.24779662127268798,0.5390713757514815,0.7975496697106552,0.22102022932980897,0.4880314456552342,0.0803249591768746,-0.26152421273965687,0.009183935043972483,-0.23148278803472327,-0.29430073789289846,0.6390178338134379
1971-07-16 00:00:00,1.2535083678672707,-1.2562486929884114,0.021428284647890317,-0.2049996740283983,0.17907298043156794,-0.4618361927999389,0.46982388098614547,-0.475854160912649,0.07665610676676521,0.4640589784173008,-0.03330861606693736,0.17435458317842123
1971-08-16 00:00:00,-0.1481676524666477,-0.14987489434052298,-0.25267044070138556,0.3488178311925197,-0.7518880246947683,-0.44556478739054295,0.17715087472934188,0.1672140508602496,-0.21967683398533405,-0.30664997857241766,-0.4904159315008968,-0.2757283537164374
1971-09-15 12:00:00,0.027287872956702763,-0.31915366328289224,0.4926351102420663,-0.20923615072358864,-0.14327825056635474,-0.06727368305848935,-0.3763319957011222,0.17671796415631952,0.019869172636301842,-0.22066477919414929,-0.2986917799582638,-0.23021058489030433
1971-10-16 00:00:00,-0.3865586470357863,0.21991527372246011,-0.9238668512716115,-0.21243443169474235,0.27501146529070025,0.021981211132758305,-0.4495800865749287,-0.5877498859570008,0.005123237952583487,0.1898866779902555,0.26716849711235713,-0.1308795736666939
1971-11-15 12:00:00,0.3283181984451919,-1.4202631391758307,-0.20901870103228704,-0.4003673387787493,-0.3749527674579173,-0.6481475974616017,0.8275778172372006,0.6159065126829943,0.24091431261421636,-0.7018798044960668,0.33655039146853727,-0.08767773026327363
1971-12-16 00:00:00,-0.39600496523540335,-0.7252596757213657,0.8591435437528026,0.3658857757519633,-0.2106971718051909,-0.37670550189558527,0.31930354399634875,-0.03273093511459866,-0.21991875209097728,-0.5665517191547712,0.236033314666654,0.21412040308171187
1972-01-16 00:00:00,-0.13670961720731212,0.1841668832099798,0.9477221544765804,0.010115107699414705,-1.0782078459899964,-0.061129994948123434,-0.21702905151845964,0.02132599242407139,0.18843317366168244,-0.4845310563560631,0.025818978022051464,0.5025817483950484
1972-02-15 00:00:00,0.017994777100051262,0.5173895625784761,-0.5462944055682775,-0.6035008411895537,0.7377025965921418,0.2848432522160445,-0.31460816617534454,0.3702566686842517,-0.7484469091982507,0.23707819901468985,0.3880440308473361,0.23857935921408413
1972-03-16 00:00:00,0.12737979670528335,-0.09595847461037293,0.17067037359514559,0.0756428633775929,-0.7784305459175478,-0.13317577645959755,-0.35484549566946444,-0.8688406992341913,-0.4221701256806232,-0.2325036499059408,0.11992615643024651,0.6621813387592995
1972-04-15 12:00:00,0.21482788366749936,0.46036126668223115,0.052509438915974316,0.592449803654803,0.08511555120281333,0.21108031410295552,0.18459208133776805,-0.35924868580356417,-0.5552166587367693,-0.3651117647456239,0.22673535077473161,0.523638303198308
1972-05-16 00:00:00,-0.094403949472252,-0.20217872310832535,0.4356517337285132,0.7370258982020128,0.08298641489016756,0.664259143704036,0.45512922102013387,-0.5317069966521675,-0.239614243364336,0.13641688713841238,0.23813321838427925,-0.6469839343331356
1972-06-15 12:00:00,0.2903151145477567,0.3461049532033267,-0.30592053770872146,0.04039618205388942,-0.5484259656595305,0.6932148713631586,-0.03950384160808501,-0.6354976573375067,-0.13025003758908016,0.4932703316285143,0.18757373562580337,0.20993049116899654
1972-07-16 00:00:00,0.42579960893281865,-0.2129445570437395,-0.6991937722851842,-0.7429606837753171,0.23694830466319305,-0.8246009702002258,-0.4368994709509161,-0.5324934652174951,-0.15566703601697074,0.23501742320239272,0.11124930437184433,0.22721841967093048
1972-08-16 00:00:00,-0.053655449249620124,-0.04253628059546333,-0.4268798343862398,-0.19137205964470339,0.4250102415665335,0.9462503050231207,-0.013636465680889942,0.8994757318557955,-0.33493576757058646,0.9140236711458993,-0.33667432194596103,0.05295767474823776
1972-09-15 12:00:00,-0.5885192163775033,1.7656807920678101,-0.7118009978425817,0.3793721310312388,0.7858036992823758,-2.9471751773896306,0.1922204812294841,-0.37709282405917594,0.7930631966121616,1.057816403411,0.13225595991041694,0.3455128998734561
1972-10-16 00:00:00,0.22703273168477273,1.3369645079057686,0.2976138195352437,-0.8012384439141705,-0.5245463219107436,0.24527594212238468,-0.09578470392381716,0.15430317702670848,0.2940364713289009,0.38389118557515134,0.5861120161649078,-0.3269332622714803
1972-11-15 12:00:00,-0.5827401746259124,0.14343149884506845,0.9900593986077286,0.11090297634004959,0.2922959187514111,-0.058012494769921874,-1.218602197921456,-0.32709826813752435,0.3939257041826795,-0.13012543992295933,0.65898850815833,-0.8736645224384589
1972-12-16 00:00:00,-0.34284401556801886,0.09813799592090654,-0.4500023468027195,-0.32614680292488507,-0.0771913233606365,0.0948743623694549,-0.559783074554166,0.6580902439619734,-0.6853687812984195,0.3623379746229922,0.16702462816638275,0.18501987192745117
1973-01-16 00:00:00,-0.3875521735948744,-0.054255260008371664,-0.4669056989751675,0.11026675551254386,-0.5181975436378939,-0.1329470268200822,0.4811380032196052,0.6206069520660061,0.4469968543989394,-0.3870397529287161,-0.8444825905954101,-0.03778269925775446
1973-02-14 12:00:00,-0.880403457037835,-0.17183038575727133,0.2208981507287222,-0.48966902055647066,0.411258686858691,0.35265708822177605,-0.9979221158261693,-0.05863060049954359,-0.7235259265790343,0.29532152605660067,0.20563969190097575,-0.026656194692189827
1973-03-16 00:00:00,-1.1554374092167239,0.1675968760593527,1.140116946739282,0.7473605776772003,-0.06173890032794434,-0.668730944152769,0.11416277260046204,-0.46724615353737103,0.8768927793095437,1.2571128792036788,-0.3819377947326035,0.3013223305157451
1973-04-15 12:00:00,-0.18717915682321978,0.020175668814876813,-0.3975377540369216,-0.05586616182875752,0.2210158949047879,0.4065602531709206,-0.27033191456258104,0.5106710777554744,0.21857900158791632,-0.007049172641976353,-0.6930761642902348,0.11851936262887885
1973-05-16 00:00:00,0.06771603016328787,-0.08672649074385202,-0.44395582802609246,-0.27897719679497696,-0.1481568580540655,0.21455268394973848,-0.5935583547598138,-0.34059990578560934,-0.11039869986511956,-0.4138953550375447,-0.5787408426428249,-0.22803103076469866
1973-06-15 12:00:00,-0.5186932040356576,-0.8413647639719114,-0.10665144949523533,-0.22346145953205207,-1.4610573669232525,-0.604865279197948,0.8576976102879317,1.3485152560010292,0.405008698608493,-1.0262083001988809,0.2962590881797955,0.3209965680388768
1973-07-16 00:00:00,0.01847150375427631,0.4211298676236228,-0.08160375710964929,0.21798270107888362,0.07093644448340478,0.3000619098683585,-0.5404331543571051,0.04443653996349958,-0.729992212695804,-0.016843923848124054,0.06391225336534889,-0.07798849484239634
1973-08-16 00:00:00,-0.8956898766422563,-0.22489556378496506,1.0872529405167384,-0.10329134990869722,-0.09118537957711755,-0.5828803902816425,-0.4690283047941619,-0.5666396805865983,-0.4548996748422339,0.5707396369816338,-0.8539136674626335,-0.019900258760070066
1973-09-15 12:00:00,0.05256201789013448,0.22025937840928717,-0.011940273121076095,0.9396294146905156,1.2565259236108444,-0.8933313066725522,1.1743858879278857,0.03756803011069766,-0.38990379708647593,-0.3490566156609024,-0.24135378666348084,-0.43540293590159296
1973-10-16 00:00:00,0.07417709530060024,0.3998321158190402,-0.6414548646042353,-0.662889199095562,-0.44023087591948346,-0.6455982907316035,0.5109077817334431,-0.555690106100966,-0.07706164884032439,0.03212239376880499,0.6579671533336431,-0.2061896098183646
1973-11-15 12:00:00,0.01584521477485973,-0.6543454293222477,-0.2041855901966718,-0.19178720415229983,-0.5026870485388881,0.16331833126657463,0.44606568949713854,0.7000976416958691,0.15059351448661673,-0.9498120421582794,-0.2784396657564282,-0.10538827469507406
1973-12-16 00:00:00,1.040371232346998,-0.4412754639765165,0.08210959083167924,-0.08916673050492877,-0.5678284951646366,-0.22987540155873354,0.029961811758696777,0.17503305113963413,0.03317616770705893,0.06780098834965753,0.06541970704398326,-0.5591153580329542
1974-01-16 00:00:00,0.06559095821218591,0.30383634041307445,-0.19450328100277597,-0.013123088973596014,0.07774409748369857,0.27527142606564775,-0.149172444301284,-0.02411193128128147,-0.000609939348735461,-0.5845315339952647,-0.270287804489316,-0.32801017561961443
1974-02-14 12:00:00,-1.0176675337022627,-0.3730163286946524,0.7394416598832692,-0.19168128879456825,-0.004654821506793555,1.2973235514527293,0.051496408562427265,0.012501542439697803,-0.21245607300345248,0.8060922688625856,0.4740573159335135,-0.5134587724596875
1974-03-16 00:00:00,-1.2075234057833388,-0.26189369343734736,0.35662261779665616,-0.22261622821752514,0.002476156212074865,-0.22052431791215488,0.7908057900618937,0.4675797170670332,0.0312700563362599,-0.22896568024967034,0.5133824867592807,-0.26574515258313663
1974-04-15 12:00:00,0.27445644135063174,1.1384281759128763,0.2382278695079979,-0.6776573093682831,-0.2714017651932369,-0.07696930801652335,0.4582950774325014,0.0986768652668965,-0.5227671254332535,-0.3141291160046365,0.2026638695883014,0.7306608805500864
1974-05-16 00:00:00,-0.4644898502426488,0.3531773360663007,0.13357554444377678,0.8410363891133502,0.34858169154771984,1.0027215622733667,-0.072828351519792,-0.19962836405943557,0.028330802701309818,0.23688706813747673,0.6633953013693987,-0.19484039518470148
1974-06-15 12:00:00,-0.2468529601861023,-0.17995462939190038,-0.42534175579426675,0.02199502207580689,-0.2577784516710503,1.2105091307025417,0.08975152360660893,-0.3509773008327417,0.4671999957854525,0.0038574656034237043,0.006354229242722109,-0.15427564487596468
1974-07-16 00:00:00,-0.17054626180271865,-0.07082599495879807,-0.12256182074890767,-0.32021057917701606,0.4553496964186378,0.21556420162963447,-0.5044194352161979,0.042068394756523256,0.059070694308584304,-0.5436002528969572,-0.357913315603153,-0.1490886161213153
1974-08-16 00:00:00,-0.03696870150090337,0.23476873594381442,-0.4044663254472412,0.13148018315263033,-0.18427196573290347,0.28077764947680645,-0.14332896294540978,0.2218478310174491,0.5104139436931374,0.1769261940473884,-0.45103134882953766,-0.2435055586591776
1974-09-15 12:00:00,0.2913432752203874,0.4479466638973697,-0.24214298678182866,0.0105897865817344,0.20243416043693258,0.4620449621544131,-0.07965802395616511,-0.14340627854088306,0.2859397475869652,-0.21912849715009441,-0.21730113794379202,-0.7624209710010802
1974-10-16 00:00:00,0.04887876624150217,-0.13189109258070458,-0.3004920416001846,0.1289580435244762,0.2624251319941221,0.021218622634656237,-0.1669957906482723,0.1091663131686033,-0.454397906971304,0.15294697947730518,-0.5007092134370246,-0.03663985054365615
1974-11-15 12:00:00,0.24146384573254168,0.1791362556643658,-0.11710274535602852,-0.2490136430720868,0.12688841618723629,0.038492646055722224,0.3994580807582947,-0.8565311460505323,-0.11573575055961706,-0.04201270861261941,0.11554034517287981,-0.04540125088866287
1974-12-16 00:00:00,-0.12866260561239334,-0.25728242024438913,-0.49675733763736357,-0.19754327313305825,-0.021747750078795203,-0.19880894846196495,-0.20423730113618263,-0.08570873761895184,0.08458967653594313,-0.5687657145905451,-0.39504354059196245,-0.3911542403110826
1975-01-16 00:00:00,1.1468044037057268,2.7993386874399486,0.647358956868127,-1.1054854572828376,-0.665640140365803,-0.6154359054377293,0.7876723019550722,0.17337576439018348,-0.1454306224035664,1.042690091317662,0.3089229132820088,0.6765620455902149
1975-02-14 12:00:00,0.4617076301523887,-0.7467587572690506,0.6531002555726846,-0.2945492502829653,0.10156676073742621,-0.056879484110973544,-0.29443144263647314,-0.23478383046121581,-0.22573371527037556,-0.1378810749039613,-0.37482944443401567,-0.6161347566980646
1975-03-16 00:00:00,0.8613579564910983,-0.30449883451113996,0.5507008183305122,0.34905324064222615,0.8163678820049525,-0.1016355643180974,-0.005040605554640809,-0.009779995077392835,-0.17683949367573776,-0.3668121254374047,0.5253473646792741,-0.020417106676872132
1975-04-15 12:00:00,-0.3596804668640214,0.4733011706293149,-0.2681933823839116,1.023339208254869,0.3368363142147875,-0.5671826593488133,-1.3658190817488038,0.09385475873714207,1.0249563338908003,0.5024060032415962,1.2917651441629099,-0.46972032004761477
1975-05-16 00:00:00,-0.5223736451507004,-0.19329538649224393,0.22972088906187116,0.04263089121620242,-0.0962433586806469,-0.13578258196269943,-0.6466175951617286,-0.38162581117979044,-0.36849966898921144,0.22962399234391384,-0.12682211514844965,-0.12615575117868083
1975-06-15 12:00:00,-0.07587130347211046,0.1169629752609796,-0.04263184092496752,0.2879632209171411,0.027649713458490266,0.06907590903854766,0.06671622058201165,-0.27463166274201667,-0.4140156738648224,-0.35762046259475383,-0.27293165219813276,-0.5179932142300382
1975-07-16 00:00:00,0.1400210012501531,-0.11129388616300723,-0.3106175434784599,0.41539319853437906,0.012920967828295549,0.15477831704922163,0.14563406127170286,0.019155742548749327,0.1300207789743703,-0.24654758695627704,-0.32548736997733185,-0.0012390237679696936
1975-08-16 00:00:00,-0.22921034103778376,0.6686304658833392,0.049647676353770875,0.16364950492685038,0.24748045540104052,-0.17445021385885295,-0.41590335916438953,-0.11899603841063684,-0.04866696117575717,-0.0015850261546921374,0.6816204270376622,0.26571733881168635
1975-09-15 12:00:00,0.14180738760722947,-0.011020016788472364,0.23276661355996175,0.808059957392246,-0.4141974326444648,0.3857297019558311,-0.482774724032944,0.11873203498011674,-0.3253460517550915,-0.0979590244629035,-0.5881022615702024,-0.10986223465002032
1975-10-16 00:00:00,-0.7308178886303129,0.10906166268865321,0.07686108863809776,-0.3624180688806137,0.6517996581810528,0.014508845071710685,-0.21232227989260616,0.3565919516540088,-0.04028940240622171,0.7732189383590786,-1.3442618046082242,0.22547380608852063
1975-11-15 12:00:00,0.2279373983024582,0.3621498754574783,0.7083594380701854,-0.36469803838550535,0.8887792681722277,-0.4599147608755808,-0.42841102031674216,0.08771758683396665,1.2646575039042849,0.8504816949763054,1.0594161147240317,-0.07687305538666755
1975-12-16 00:00:00,0.3775645751658162,-0.11460055782477097,-0.2870438696795989,0.16255049448512443,0.5007006936497607,-0.2794590047452372,-0.027326386677845815,0.10859771744187639,0.5532030724744205,-0.5152855961090799,-0.12183609262227524,-0.11802631998251545
1976-01-16 00:00:00,-0.3108022339056205,0.23611393740933587,1.2382420353917023,-0.5962546688302366,-0.02940737690300621,-0.24334919083355744,-0.5912574607003153,-0.34194054545140856,0.48502794331219706,0.02798401022383734,0.25379536489911625,-0.17085499885943756
1976-02-15 00:00:00,-0.6655493943460964,-0.20245940175890237,0.6357360204929795,0.5875139958688462,-0.25794888219946815,0.4755703808688285,-0.3507896909456612,0.09415172005331725,-0.1694950592197551,-0.18801022904993664,-0.07748365493876608,0.500247383907371
1976-03-16 00:00:00,-0.220560878249555,-0.3981591649076982,-0.932527444465651,-0.6479458051503698,-0.4542486538910934,0.19210213989497094,0.20439268859956472,1.4909489020018054,-0.6977910160712446,0.5081421551257954,0.2890365457501254,0.6661241149069964
1976-04-15 12:00:00,0.24085348833881925,0.16599714721800604,-0.2170113443256183,-0.7363407274764224,-0.42906886852168014,-0.49452532343426225,-0.20815277367583554,-0.7521395766484672,-0.39087865505377023,-0.005522445725439473,-0.2600090591362899,0.19882999885731323
1976-05-16 00:00:00,0.019938714356292353,0.5813564516544804,0.13094275090294755,0.5779776172323866,0.6646076233843992,0.07810689794836945,0.3899965951165554,0.1460686132926753,-0.2340416983213695,-0.8820614204647788,0.533545036454411,0.9709033495111526
1976-06-15 12:00:00,-0.136356581228337,0.4724549537340639,-0.3807416364019422,0.5019648853147133,0.6425043175621417,-0.45454021597841787,-0.4224633526324757,0.011643606850458045,0.291432714606038,-1.088677903651159,0.4487738906544789,-0.16139066242131955
1976-07-16 00:00:00,0.8121941642862767,0.5374447880431993,0.4698088392062547,-0.23902913390200406,-0.45569827282590164,0.01787870121507462,0.08121699495297752,-0.12023428535725211,0.05581398649215645,-0.19208147072428022,-0.178214799786528,0.06399454134726246
1976-08-16 00:00:00,0.32607206213563167,0.38891925883389733,0.30638735028433406,0.6161954794459994,0.19222530375926644,-0.5465426682450892,-1.0600528447259272,0.24970124734589072,0.3577133483880668,0.02206789234550377,0.3530319637272008,-0.06089946903562282
1976-09-15 12:00:00,0.8917020602456787,-0.6764138271648469,0.23172707770122192,-0.2088766737139548,0.28565195238251045,-0.3803559752464253,-0.6315207630479305,0.09280451348127035,0.05643804218510294,0.1810621545952913,0.3967389166547548,0.1288844993977326
1976-10-16 00:00:00,0.0979831420229978,0.3914354687678246,-0.4334879833016386,-0.02696817234230796,0.8613979356797923,0.09757770879380245,-0.9526529049324529,0.4228873082599839,0.13136706476473523,-0.12425742869922252,0.40866928451642215,-0.0790743265895455
1976-11-15 12:00:00,-0.6635171666214945,-0.5797780019133807,-0.4622015173624743,0.07775310548107017,-1.4307892151861694,0.07292762395527908,0.2399626453390281,1.389366768623329,0.3128813281956144,-1.023237094868726,-0.04305750243685358,-0.07543047898117783
1976-12-16 00:00:00,-1.1114762088670704,0.31418243120423267,0.3269776969533733,0.42652424114452636,0.602628565090775,1.2417718490714909,-0.3326444491062167,0.659992149434537,-1.263728700594493,1.2472956714184356,0.8187427711299968,0.21710336865476298
1977-01-16 00:00:00,0.005454521960622183,0.09985799483902329,-0.12339615587901787,0.8593735433135581,-0.33112220615087135,-0.10894638656764044,-0.8072754208303878,-0.5830260901914671,0.015701659755986447,-0.015177251558107452,0.47332152919168125,-0.20877159648860377
1977-02-14 12:00:00,1.254070407452426,-0.724199998674002,0.11960704421216739,0.08783667755669958,0.3292176386922039,-0.6618474414898973,0.3125060151006058,0.6739359748320874,0.4365636554219643,0.4432771502501356,-0.022074302044959415,-0.583840780111501
1977-03-16 00:00:00,-0.00965821400027389,-0.33743237250680924,0.23341383432767704,0.9622735929845833,-0.3811792970910808,-1.0443458735034281,-0.6429306275283659,0.7623796744182938,0.6108599647167161,0.28009800521508454,0.6285088740357008,-0.20277638616740978
1977-04-15 12:00:00,-0.07161100214159771,0.12527596773218697,-0.3435427403375455,-0.10292372756580245,-0.9415843845968837,-0.14286820681104162,-0.09362266362327792,0.06484987595627831,-0.12437969913607262,-0.2955596184648129,-0.2499678358222709,0.28596176328286305
1977-05-16 00:00:00,0.854388163572187,-0.9775585212933652,0.004089515898334506,0.07854183570902648,0.19504779603532918,0.8794197106539003,0.1306872941939018,0.5495252845911014,0.3228576782903691,-0.09363259573250349,0.07181588453267262,0.9558569023647606
1977-06-15 12:00:00,-0.18670767870676636,0.16552465216029624,-0.11171981477455334,0.045724886379400975,-0.02724108700241329,0.683555300898707,-0.1538371726246116,0.007620426949912711,-0.08302119618595642,-0.16983314212464629,-0.342315686832414,-0.34270785719020475
1977-07-16 00:00:00,1.3502063830415367,-1.0123196062075919,0.16843208124461972,0.35380666180406534,0.030275342405082506,0.1846655408562275,-0.027280201782480973,-0.3143090124132493,0.361822878062533,0.11639284563380281,0.12819901493484842,0.23319309641055852
1977-08-16 00:00:00,-0.20769666023087646,-1.1503486837144807,-0.8826471518015412,-0.6694598606198991,-0.2690319078284476,-0.5484999694171305,0.4554388982172788,-0.025675527328084324,-0.49919403827519054,-0.4105707416400135,0.24050760315256947,0.6070002596822933
1977-09-15 12:00:00,1.088684293053075,-0.23232476205317426,1.0087248778495042,-0.26827995468847754,-0.6400729444143172,-0.255997225957855,-0.0887993590586959,0.10345705509144403,-0.09129440955769642,0.04233188504510099,0.14966265292404723,-0.2474665594208889
1977-10-16 00:00:00,0.10894263803550974,0.05857247118856217,0.7280747232172786,0.9100571353392074,-0.6109227092422789,-0.3315277737930056,-0.32902489425043635,-0.4480374274512477,-0.4692695177139096,0.39828376678229505,-0.3291369772079993,-0.31306523884282694
1977-11-15 12:00:00,0.6107921285857418,-0.10548866707071197,0.38961479472361515,0.1844451392718977,0.5415972500388815,-0.47620512515029956,0.38898773993352653,0.795787304373606,-0.19927562407776872,0.15265575278494026,0.21614551872692167,0.2488635027765046
1977-12-16 00:00:00,-0.21563809122046002,-0.017289300504175015,0.020813549444782364,0.11836371540992258,0.07896888494212234,0.2934110320679182,-0.23222730066783862,-0.3077554650638727,0.34190673408041583,0.08494996215239337,-0.4727359088909082,-0.5900635312402576
1978-01-16 00:00:00,0.194909820609817,1.650103348118869,1.6138006776204838,-0.2669210368708942,-1.0251472531676098,-1.284439469681383,-0.9053319047797812,0.08165053358476525,0.28879307299490575,0.3117963116616286,1.2495465161839374,0.7111932215698776
1978-02-14 12:00:00,1.009222679912983,-0.9737928873439113,1.3383764429738567,0.34487052768774046,-0.1623075555273172,0.0035757305074125556,-0.47763286008644573,0.38486667497671656,-0.8021107992633877,1.1529679574066898,0.6032989066594803,-0.537242442795428
1978-03-16 00:00:00,-0.6731444476421471,-0.9075263515480209,-0.5961502292626197,-0.7900377051427908,0.8264630863227524,-0.11358413627686492,0.49269535574861634,-0.40349983135794415,-1.0739729314190025,0.1592414897407377,0.5812381221285325,0.49747550041400757
1978-04-15 12:00:00,-1.012851884828585,-0.19527237323388702,-0.9346944913405032,-0.0733456354229299,-0.6821382211931839,-0.13744554458963398,0.9878155359687972,-1.3685664343872963,0.35129439111657773,1.0492850710324098,0.2710781975330705,0.48289293830946634
1978-05-16 00:00:00,0.14116088195916635,0.7568620777973818,0.9387380469112505,-0.07117010009291472,-0.42623713955598796,-0.2563183623930452,0.4706798407150352,-0.3690393736612344,-0.6326766779800217,0.2406988081250896,0.369648362296749,-0.011708882721447766
1978-06-15 12:00:00,-0.037761087722934294,0.10074824135910895,-0.048915791175101475,-0.17800171562821254,-0.4480626733424027,0.27260648586955677,-0.12292116153551844,0.38728850915360685,0.26373760029668664,-0.5888132241421057,-0.4166051307275098,0.19640419131660813
1978-07-16 00:00:00,-0.12440971492017766,0.28554259032309093,0.4404144821303112,-0.8786307384429206,-0.03222263396975408,0.10208407150896082,0.20590090947821427,0.03733162672593229,-0.4592923782709159,-0.02103059007421515,-0.018570138440610506,0.1877285336186263
1978-08-16 00:00:00,-0.24256145090705267,1.0932611398672916,0.3262720474782487,-1.25535572592121,-1.5967406872944563,-0.6174354280563695,0.46117031164207456,0.9940125821463762,-0.21869875628158686,0.32269962135971453,0.37971816136558356,0.5238913498549974
1978-09-15 12:00:00,0.52979983777313,0.6088236526373372,-0.2274180132253158,-0.3695480924551293,-0.40504900584404424,0.02695322450697757,-0.2677924280654144,-0.22751801684675593,-0.7437982388059057,-0.14409534383082406,-0.1551623550498029,0.5162373298491986
1978-10-16 00:00:00,-1.032587568566984,-0.27934249850272164,0.2617336755860885,-0.2552833177497139,-0.3869391546179134,0.16511159856390722,0.13341336383106694,0.1967331479501726,0.40861648643495907,-0.2165581353054763,0.05098191868875679,-0.20231102188601435
1978-11-15 12:00:00,0.46713073379643594,0.20923427698212615,-0.23417565593992615,-0.4616720392389372,-0.36505986894945663,0.008990572222576043,-0.38825125068085264,-0.4683866132521213,-0.06557673278350906,-0.28042539202069094,-0.5451008424215985,0.14836219935592854
1978-12-16 00:00:00,0.4060007805139564,-0.1747184487124911,-0.13851395070045272,0.7636459063002956,0.1304583021216138,0.37602340574558046,0.0005959979057268971,-0.7043436280932357,0.31781784693226983,-0.041168707065126986,0.21440501577758342,0.5010909291777538
1979-01-16 00:00:00,-0.3037253786650557,0.7764736612761172,-0.2613625237526049,0.8141262301274795,0.8358130572954416,-0.023801213991354264,0.40754570507351784,0.2138042887171494,-0.6053707327428818,-0.3422871355351662,0.2565995241988197,-0.43676925734886557
1979-02-14 12:00:00,-0.06186281391470472,-0.06850265790734852,0.01601442595366559,-0.36496177013232045,-0.615391178490474,-0.37951907585621625,0.5439187179059463,1.1904559474641605,0.9759242670325817,-0.7680897477645874,0.7790057560903632,0.37716215214654947
1979-03-16 00:00:00,-0.14880470151326713,-0.035721964248725785,-0.04100192181495366,0.3284990841880712,-1.1127535528232946,0.09294430314226398,0.015446532804154478,-0.13463130564037767,-0.09299544933612584,-0.32458887852117846,0.3724460987932636,0.4803023673149879
1979-04-15 12:00:00,-0.43946393498579256,-0.11258894461177621,0.21431058952888948,-0.0617745855416284,0.2008343550091597,-0.2640808771473171,-0.20106428237058152,-0.1252335316022109,0.08281836483884139,-0.08493725437660982,-0.6863015888907722,-0.08712859581590293
1979-05-16 00:00:00,-0.4547025600316191,-0.29333174145087665,-1.1804637045031598,-1.2656987221445628,-1.2564687624995494,-0.6311950545127128,0.1777361090923989,-1.150327767986697,-0.5194205235013517,0.0900361115682361,0.7885545736021866,0.9462645382841232
1979-06-15 12:00:00,0.269167317174676,1.1311923072130918,-0.1760010139257626,-0.39875979373477827,-0.002216625409565326,0.4000146064073072,0.23096869275730902,0.009675026617209467,0.005229089045765183,0.282837377706775,-0.06432996497875565,-0.02362460456647264
1979-07-16 00:00:00,-0.10290168011631362,0.13721360041618938,0.2714776789701009,0.09278046500852452,-0.4420508955450721,0.1397036235409045,0.5208971427710116,0.18050162989347518,0.15811854918100987,0.414056098660734,-0.20417908087336623,-0.1665526194041571
1979-08-16 00:00:00,0.5067167142932149,-0.0323155927265216,0.22547900258897768,0.3972966118395964,-0.39418138796211877,0.4453654401271364,-0.4785596695845572,-0.2541472756581714,-0.026590887947932934,-0.05498622378353446,-0.22835843619544371,-0.28910980338401143
1979-09-15 12:00:00,-0.9199722302337612,-0.13345424425443897,0.1887323801994123,-0.04368483401313966,0.4234882201142716,0.4042389191924783,1.4520515152879538,-0.17404352232133719,-0.0002357937836752616,-0.6100042119693116,0.47740761879311755,0.10985630344990505
1979-10-16 00:00:00,0.6296933438209431,-0.08727259154437889,-0.011447868034378306,-0.2061078028259651,-0.11904431709830418,0.44044864621388446,-0.03565700093285956,-0.13295266302389103,0.27107167516929254,-0.6947608147269981,-0.4398108071363547,0.4500859722546985
1979-11-15 12:00:00,-0.5893893110112731,-1.4346240774837944,-1.3758681887957964,-0.568163055624191,-1.30452806001975,-0.8980868211213516,0.7584249826164056,0.5065310624745767,-0.20639648332589844,-0.8262867010757935,0.4368687252162562,0.6189655266506967
1979-12-16 00:00:00,-0.2789772948203905,0.2585203391958675,0.8336684398267429,1.3475378731642453,-0.4216483124173059,0.5245802224104249,-0.1796989322943582,-0.4218088082370085,-0.7220627239461845,0.5110825053030748,0.34332217729211556,-0.1855042166471189
1980-01-16 00:00:00,0.18141439350351618,-0.23543527072837217,-0.1678620201496688,0.5179762027548633,0.38292655138764514,-0.3809371721738458,-0.25916020645471605,0.7963961248445331,0.22211010706102885,0.4644471116314135,-0.26559237059221985,-0.23623875653346615
1980-02-15 00:00:00,0.7213140814172289,-0.3210788928819919,-0.036058491473124066,-0.17589117728428072,-0.08655455483512953,-0.16909316015750475,0.6181691173460314,0.7131055713882325,0.4823383160599608,0.16598917837785898,0.6890139412378897,-0.36211015850107736
1980-03-16 00:00:00,0.1868258510547299,0.46244569019963067,-0.23681954511609,-0.0069108680047774845,-0.4383252336030543,0.07168685854175316,0.05937343103605397,-0.11796273022882546,0.17480514210566167,-0.03785858092719707,0.1469975101684704,-0.0591316561987596
1980-04-15 12:00:00,-0.21211537626296134,0.7258096883474188,-0.3214860838113368,0.3124919364678081,-0.018598183436355387,0.4012330042496346,0.7508840961631742,-0.7833197679593713,1.1199481002203169,1.0362409758729143,0.2824818099152224,0.002694820778451401
1980-05-16 00:00:00,0.20444036319151015,0.03926581423757883,-0.6123119992972978,0.13786439255574445,0.269052552821418,0.5884913166392608,-0.4332313068800737,0.20371552660834674,0.2611030190133687,0.6744118410301954,0.4407802624897803,-0.5647491479607658
1980-06-15 12:00:00,-0.49535813067977136,-0.47307711507946426,-0.5283538218354475,-0.23909283151759203,-0.2543990720429835,-0.026401791429482624,-0.24108907115528333,-0.475356948657421,0.24400394675121745,-0.3478763132551589,0.040543768667734126,0.1734519372268516
1980-07-16 00:00:00,0.10714788422180926,0.24037747980356142,-0.6858019393117516,-0.010991291653796961,0.2845451576507588,0.4388607493609712,-0.30795940648796516,-0.17447652329398272,-0.09484776195102877,-0.4267654801532561,-0.37111772239991014,-0.45625456849334844
1980-08-16 00:00:00,-0.22195992698564831,-0.9725055169399776,0.08309816878325055,0.24881183759332354,-0.07577256125685634,-0.7476883969811888,1.0653469056562164,0.6617276696626468,-0.5343826271255185,0.07343275754660117,0.8879766243724561,0.022651504849834914
1980-09-15 12:00:00,0.07832431002790191,-0.13167718413581564,-0.17208530982516768,-0.042124739641888495,0.30270677877980906,0.5587557255584154,-0.40168993796495855,0.18441438292776796,-0.3528816320212734,0.03301038477585694,-0.5360615110192384,0.21079589488575912
1980-10-16 00:00:00,-0.20008422169237866,0.973253389873147,-0.10634918392419102,0.3049190001974859,0.9067750994643684,-0.6305231830644443,0.49581337718395424,0.32855597175299,0.34194151786874155,-0.16235127460542098,-0.34325721478566185,0.289671110139222
1980-11-15 12:00:00,0.20895513510558797,-0.27596690420416176,-0.1643263691227195,-0.10116360780084979,-0.46815916529147006,0.0999611733571566,0.003575467102051866,0.6522575344223148,-0.25062672507528366,0.10689764064692087,-0.28547298866109916,0.02198794961777306
1980-12-16 00:00:00,-0.5766059697410983,-0.21911762218568037,-1.1136610856831277,-0.10260850036871466,-0.4838567019532148,-0.563643756708936,0.12028556712908872,0.008095601856532103,0.2442917474889315,-0.22045420626131618,-0.031543266377529244,-0.24372352602825115
1981-01-16 00:00:00,0.8378061440142719,-0.04771834505283018,0.12104295407851245,-0.15637008105420358,0.09718599395359528,0.697393515851511,0.637755452545385,-0.31615245582745155,0.31560679045754547,0.4541266079436881,0.16655600332722997,-0.4083487704981454
1981-02-14 12:00:00,0.48555568228107543,-0.1542458636340267,-0.07775759981739377,-0.03171044792536841,0.24494689422448002,-0.3653356789648051,-0.6904317019494258,-0.1844361006999362,-0.058845461997305545,-0.1549861972279381,0.12235510269476957,-0.6680861503657676
1981-03-16 00:00:00,0.2508465654109618,0.2860464721763757,-0.29852248662564584,0.37422755945191255,0.9664283915198835,0.8329217233088239,0.1473626144417829,0.5322310553379592,-0.7855379303312405,-0.3027556335164271,0.047835967931670886,0.6611365875203049
1981-04-15 12:00:00,-0.39317067231902875,-0.15331664023320873,0.11355445660162361,-0.17672468696046573,-0.24767657632829196,0.4542926650727929,-0.4068651341823137,0.32119365347512746,-0.49787826326411827,-0.19905243688049168,-0.2825791819857326,-0.2491457653087884
1981-05-16 00:00:00,-0.029115747939671033,1.2629666818875993,0.0017605829223436564,-0.9679033886177234,0.09172557691340227,-0.33762232468363673,-0.12749674781077008,0.0019874176207748187,0.20389595922851478,0.8508634414221643,0.36580180279577656,0.47854832237506584
1981-06-15 12:00:00,-0.4162350146682244,-0.5240964869888184,0.5324146494229698,-0.5779918693946254,-0.3639987479947395,0.32315140950053706,0.491619625983705,0.3469284017803762,0.457954207525059,-0.31605641868277395,-0.08365314589289441,-0.18869316666863972
1981-07-16 00:00:00,0.2447949532516012,0.19032293059910202,-0.10765986149775433,-0.16865966252528922,0.028093721354220363,-0.1557720972229869,-0.04024377400016432,-0.01082552144946914,-0.2385528774387855,0.12488407289069403,-0.7745261764255504,-0.17639001350064193
1981-08-16 00:00:00,-0.1459258332243495,0.30880719660925116,-1.0198126809486256,-0.6221666320250565,0.20169871668204992,0.3096542107434125,0.11384578820244706,0.16733785030178489,-1.5394655514055522,0.6937241021415792,0.6308933532516843,0.42879618295916966
1981-09-15 12:00:00,-0.132311614568348,-0.13439880591723735,-0.6653632810347263,-0.49686364299838565,0.29022828360997294,0.6467367441354126,-0.7355339892642907,0.43145604018776396,-0.5693821941033982,0.15418681370649057,-0.1729580850015222,0.026066820239304622
1981-10-16 00:00:00,0.42263671429738436,-0.2243745676669595,0.4316253382431199,-0.2985494385598279,0.3489874385919181,0.7374611859151606,0.35715981532082686,0.024072492943395044,0.0357741712880589,0.601103925616141,-0.027346216738281193,0.0030894793702382906
1981-11-15 12:00:00,-0.13594250147566123,-0.4206180252113286,0.0023219030551622777,-0.08637771885502346,0.07000283394336446,0.055615369966807604,-0.28744648755375857,-0.0020787000379489592,-0.14909400614806728,-0.15966582093814585,-0.0992206937157003,-0.17320671738315035
1981-12-16 00:00:00,0.22823761371474416,0.044974334030280214,-0.25507390184059975,0.2512233058166613,0.06937678649679113,1.195578534307085,-0.013922018367077793,-0.3344283597626325,0.746314415919842,0.39243059297605176,0.12438471505293469,-0.19653042581229835
1982-01-16 00:00:00,-0.08147554575788607,-0.15438018375744733,-0.13584191344156935,-0.22494593399536766,-0.3893475241902076,0.044311433018976776,-0.2545268429996391,0.5545631490819087,-0.4987051705066719,0.1308391077052049,0.018755804578663993,0.6200562027970417
1982-02-14 12:00:00,0.5433092203164007,0.00317224359713017,-0.32322987831416067,-0.08691784982815545,0.30520414248779537,0.5826445537401709,-0.06402444377107169,0.23480137028458653,-0.10556472581518463,-0.15303233080102996,-0.4416588948320711,-0.2768964963509304
1982-03-16 00:00:00,0.2328045099649773,-0.1972867202229554,-0.013907592495246313,0.14341959612614547,0.20900218299908707,0.057101916040807166,-0.07792719290744143,0.05990261214786731,-0.2137452241401676,-0.13541354135085626,-0.36729888758164153,-0.5093413657128906
1982-04-15 12:00:00,0.9258593157573307,-0.5104308544727415,-0.1675415301737891,0.2829282370254471,0.32149701153056465,-0.15146974322098183,0.6031384696255737,-0.3597458744918168,-0.1918067066589147,-0.43000738856693466,0.02640646279563197,0.18974558269416886
1982-05-16 00:00:00,-0.601836908151794,-0.21320642054953048,-0.7369260895771412,0.09771252220829268,-0.20692343796204288,-0.5701077101895512,-0.004185502018256071,-0.3062167037667609,0.2982108740886718,0.205991425864814,-0.7009952714361671,0.009945069141238938
1982-06-15 12:00:00,0.29502174075449406,0.7739597613920941,-0.10438287013471556,-0.23166845756971116,-0.13808443278932175,-0.49514215363911795,0.701007433143856,0.1235884631097376,0.1517678976095676,0.4971952522753733,-0.4684287920389206,-0.033495360450448874
1982-07-16 00:00:00,-0.31342069239666964,0.27117335476997945,-0.7384451666084131,-0.4451711520782065,0.12839346216784947,-0.09383765473572625,0.3988308518864295,-0.9356985654041733,-0.7493561513667844,0.48371345026359647,0.38641956896169427,0.05598158542309106
1982-08-16 00:00:00,-0.4451492472795651,0.05117918468649141,-0.0657026726084794,0.36306707858010967,0.7391310755790572,-0.17407240236045318,0.6829397159197927,-0.2448922865054129,-0.06776445183474436,-0.07151691940576388,-0.8310963249991761,0.31355017778307814
1982-09-15 12:00:00,-0.02079325381201802,-0.5835194271742215,-0.7656647955681657,-0.5863127215185091,-0.9922924606573134,-0.5352681084388821,0.7611071860097351,0.5483901638556535,0.05989801276581727,-0.42277749127608033,0.5195146414240353,-0.23630327120673478
1982-10-16 00:00:00,-0.9601866285068328,0.10039461869317795,0.28239157150404315,-0.7784216638423739,-0.06282059435283392,-0.1013995032912689,0.4551586471745538,-0.18322179512429015,-0.08417895502091473,0.4073134895251299,-0.1887302223779025,-0.0006811020448037608
1982-11-15 12:00:00,-0.5928128102904131,0.04412388838871942,-0.12492831514295497,0.06994416395339623,0.5426606827045999,0.4942523895174002,-0.4157388583103297,0.08718626377214565,0.4925509410983348,0.41840936724300826,-0.13247835596066393,0.03883590628607958
1982-12-16 00:00:00,-0.4651034459227625,0.490276013845986,-0.17481363016166965,0.6489265526545268,0.33837846456920634,-0.14744229626335714,0.801185172663085,0.5963708014235484,-0.6276606680678771,-0.6407699357162714,-0.31593011867068843,-0.16071696364679683
1983-01-16 00:00:00,0.33423646169963295,-0.3515387118239831,-0.08861868315031324,0.25036835223358117,0.14226378440342158,0.8236965936883639,0.22826437744171335,-0.37925675910800943,0.8227098359826567,0.15510202349274682,0.28291940197586674,0.07965981611493678
1983-02-14 12:00:00,0.23548507672049357,-0.3931146523737008,-0.2823438852330498,-0.21670741830482054,0.11515619124375287,0.7025860818784405,-0.33628413512744626,1.4920516881513903,-0.6388099545232064,0.04470066292069108,0.14447012009349747,0.6464823600827573
1983-03-16 00:00:00,-1.3109689044911372,-0.9253086057002761,1.9597993801190177,-1.413598660341294,0.5683916238846147,0.5560258130083049,0.10486616465352722,-0.3661978816956201,0.22774219224180492,-0.6865141109892177,-0.1843187041923846,-0.22190889092978905
1983-04-15 12:00:00,-0.09973890896322446,-0.5668262087563233,0.3329920742226947,-0.8878370978390848,-0.06341408634560965,-0.2784559216021639,0.2377130044948046,0.6333284142045293,-0.005733180013377269,0.38731701123973894,-0.25262991136309676,-0.05494405135033875
1983-05-16 00:00:00,0.21526735256591104,0.368863585168719,0.4861763589863466,-0.4765181861288771,-0.4007078548946127,-0.2595561567276071,-0.5752559469812,-0.37245077081049044,-0.27132645721759296,-0.071455621358542,-0.004089701367218979,-0.3517464185382348
1983-06-15 12:00:00,0.7927612982287207,-0.2614293560434303,0.06510662164914299,0.04102746528314455,-0.24626661277915915,0.07701237652102344,-0.12885918782145034,-0.0677249721316173,-0.06720479439337805,-0.3888491630787966,-0.4184833021931601,-0.29833295887276046
1983-07-16 00:00:00,0.25391789007070575,-0.10836716987023637,-0.03160042095134186,0.5996313411360726,1.073802390549967,-0.13220132498767823,-0.7321930888968093,-0.3203967992843521,1.099258021862697,-1.0010341532546672,1.076233859982037,0.7580646838068444
1983-08-16 00:00:00,-1.2311176471814103,-1.0292308583451217,0.39146411239734435,-0.9483419190983828,-0.8291346668359076,-0.3352125505312654,0.7155629638993806,0.6882975529342725,0.23822934768798731,-0.7537386937248506,0.48833068870006024,-0.0949703043246285
1983-09-15 12:00:00,-0.12367037574746337,0.6399194173472647,0.4974361357847392,-0.7132110426517442,0.883753767255208,-0.4234384368906158,-0.373196320443382,0.3538244742475532,0.2967870838816005,-0.16880807867399572,0.734906339288653,-0.5318152501935047
1983-10-16 00:00:00,0.26513576624640023,0.6340954583225177,-0.11162919428155196,-0.04714439812745222,0.213475720201803,0.38674568863938963,-0.4664606746864281,-0.19492080764069086,0.7246340975955451,-0.4164512821005626,0.07991614834246108,0.27342277773595713
1983-11-15 12:00:00,-0.7524721292577308,-0.21343761305812492,1.283519528733713,-0.47139451482191164,0.2639001669614327,0.4072996879124756,-0.5819879616269464,-0.4241498629741694,0.06622556264975324,-0.41315045417060947,-0.2485955723258324,0.035137084643297234
1983-12-16 00:00:00,1.2880918223433395,-3.1839839165077937,0.8689043628289261,-0.9371597871348026,0.3483935025910326,-1.1367622862731102,0.20776072194576312,-0.16103467032254876,-0.1882142939086166,0.34742989609254427,0.8174548473139787,-0.013459514127189265
1984-01-16 00:00:00,-0.8963508664085478,-0.4106875973921075,-0.29231428629932626,-0.2781858377826042,0.57428032238041,-0.3184447385580951,0.3091621717554234,-1.3824561672416154,-0.0005851169752041502,0.052592161217438704,-0.5476277503623166,0.7259004057002384
1984-02-15 00:00:00,-0.4067345251176668,-0.3709098412836743,0.1538229364926874,-0.31727105032690717,-0.047647165887689025,-0.07998947026137271,0.09922773009264851,-0.10833760366775572,0.1586332541177058,0.09184568618900091,-0.4192569934639193,-0.1139517882416421
1984-03-16 00:00:00,0.3890194002558858,0.5257390542087199,-0.2874793481418172,-0.02583397276630936,0.17035861556933685,0.3256018164676105,0.7509661980587488,-0.6532612670238721,-0.18339571804809462,0.055236433636002946,0.5745026087351144,-0.28560995098308517
1984-04-15 12:00:00,-0.2312896171029501,0.020494569461492362,-0.12236356195762241,0.4084769517398872,-0.7914573741199817,0.1155771712348832,0.3238529752306656,0.7695501798341888,-0.07682589871453632,-0.4175139372544936,0.28700561260820545,-0.24854391063118975
1984-05-16 00:00:00,0.0378556721867892,-0.019839614518627452,-0.8734101453778318,-0.18794595208068157,-0.45205212686462026,0.38560176977127564,-0.15022093760032632,-0.952466378359629,-0.19277003077067578,-0.018796257868319843,-0.08768757393035886,0.11885130346788697
1984-06-15 12:00:00,0.125704427198926,-0.788455549986838,-0.31910578734697204,-0.17433136321547643,-0.6621617180617426,0.28075830565018167,0.36328320435076644,0.4507426958303874,0.2852544516927824,-0.31072168419641794,-0.23174292478765324,-0.36468483567369747
1984-07-16 00:00:00,0.050504487250825625,0.5019878166607714,-0.281253278456536,0.5162474262260055,0.6059331468016138,0.5906122624719417,0.9612521810238868,-0.016480594582557948,-0.057068912161234484,0.375375285518746,0.29022363098837745,0.5879974171825239
1984-08-16 00:00:00,0.10246866549739161,-0.45489054303424825,0.19757450993341275,-0.42850591488342393,-0.24933409918775754,-0.011860816286440534,0.39720270148715775,0.32088387643301564,0.0837499301298824,-0.06829169272148261,-0.37706432585092164,-0.28652203823721606
1984-09-15 12:00:00,-0.35229129716387036,0.06631550483682934,0.06645149980612691,-0.09496259967722863,-0.7314978944917494,-0.09094565331957238,0.6369741034981296,0.7253189849760615,0.12439863529620498,-1.0792788311020407,0.01209956359851061,-0.13514519096536903
1984-10-16 00:00:00,0.15804690588008338,0.12638940275263066,-0.6393101437835074,-0.08110818210309008,0.05885509908257483,0.2785339198076516,-0.01639930419479685,-0.4265054813688516,-0.4755320358588943,-0.39996557756683115,-0.539851972490209,-0.15531683220438852
1984-11-15 12:00:00,0.8025778248906354,0.7480345520850153,0.36045260017790315,-0.07387072226492769,-0.14048323195137943,-0.09755810024290723,-0.07903747809272216,0.5876145501443468,-0.6255212283818896,0.8236125180186691,0.012536257810640272,0.7189015111505347
1984-12-16 00:00:00,0.9909673020855734,-0.12859256170249467,0.47980605985499536,0.6605398574089425,0.11419311274168498,-0.782156853186705,0.0711490486104091,0.149682758838947,0.037916775211126776,0.5069899217238598,-0.2959144307877224,-0.49258037106889335
1985-01-16 00:00:00,-0.05014945415087313,1.0830601424731907,-0.2826006179317909,0.1960836223884877,0.2540360008852402,-0.9129397458860221,0.0452238115265674,-0.02502474878886867,0.012457564926928087,0.7247066998701559,-0.07103200462717818,0.35760819082384077
1985-02-14 12:00:00,0.8722659365127612,0.6876842814098747,0.051966714057583074,-0.39433078076489014,-0.2661382725183101,0.27736435929634135,0.08873510274849727,-0.10215607504961167,0.15767390531114078,-0.2925847186482092,-0.547440792349515,0.0765938217805412
1985-03-16 00:00:00,1.9948450152490274,-0.9014071475921,0.7011597703899175,0.2501337037280454,0.3281212963677931,0.1737409829761034,0.11805427399978768,0.13175945223649027,0.4989365564508961,0.35456348613009725,0.7387592617180618,1.126741108207264
1985-04-15 12:00:00,0.3864632409930186,-0.47495419093317315,0.14264097035562734,0.1296335883369178,0.0840562581830196,0.6378102746023615,0.2959998822900537,-0.07570780468319349,0.23394804336704228,-0.37860317325785,-0.0812476754049467,-0.08316417064196169
1985-05-16 00:00:00,0.8885504454094457,0.6761873070458198,0.4129991777006099,-0.8895374146604067,0.09993149489659542,-0.2808358870776938,0.5090678302553621,-0.09883768812228025,-0.2885862767363281,0.3543450563063696,0.15360942548257017,0.14805278450631787
1985-06-15 12:00:00,-0.6198353526989457,-0.21670766156293603,-0.12093483624753965,0.15821396562391232,0.03353825913863334,0.34976923053776626,0.5548863636892694,0.501070233985655,0.052024425729113796,0.16460750597023976,-0.04825212729652151,0.5103194242060151
1985-07-16 00:00:00,-0.04341348063834932,0.2777249546293208,-0.04751161449837199,-0.043694554502778524,0.03398868840969113,0.4363486535644443,-0.2142024457401916,0.381175790754963,-0.15537587244310952,-0.5333716805877387,-0.23035924386827278,-0.010497870661470676
1985-08-16 00:00:00,-0.23894975070888197,0.13928989934261055,0.03887381975836235,-0.25540208987989205,0.33390899287668124,0.7384750578378696,-0.25789046558883066,0.18336021944560726,-0.1463337190916285,0.31217207058024,0.43229508371157377,-0.08865703315583251
1985-09-15 12:00:00,0.9266551028340344,-0.7413212454626776,-0.42534246444116586,0.052881710003982396,0.49261390353706674,-0.38516025694522205,-0.5292041271993919,0.17455276026808886,0.7468048268388154,-0.14074803729983765,0.2748116855195113,-0.38671226956814764
1985-10-16 00:00:00,0.548065741112996,0.5785419196877828,-0.17038732944635557,-0.2953464294225616,0.11986371849363903,0.16079315504530756,-0.11489042955695744,0.0371946886551356,0.022054884834304858,0.09042347406947182,-0.24036567374216677,0.11981002338967128
1985-11-15 12:00:00,-0.3768801529959293,0.23133848673156626,0.1998656481190384,0.24660381632632306,0.0476587334998701,-0.8287626695680997,-0.6759982851968064,0.3274687755604985,1.0448192550653717,-0.01744076895035529,0.2689920898722262,-0.5833414843991965
1985-12-16 00:00:00,0.12524640145171684,0.48580124069396874,0.24518471240963713,0.871816468510416,-0.1020430737559119,-0.13769126142628318,-0.43662125537899044,0.2027631616251862,-0.28331537376763344,0.020896660047926674,-0.39625353244887784,0.529250319357604
1986-01-16 00:00:00,-0.13196417795220067,-0.16462118530917735,-0.2278603416741639,0.5018467728231083,-0.5584734598258217,0.6503385389557479,0.2859949257058114,0.2621119967273442,0.20156362111378606,-0.590129671706218,-0.006026379369583168,-0.17456967361304593
1986-02-14 12:00:00,0.978803444528574,-0.1401419274384091,-0.04351107075948607,-0.05488063819581136,0.47839151692067144,0.0465914631709029,-0.01783926900750521,0.2781849192661744,0.13993254040805755,-0.2818477109345605,-0.2870306964859308,-0.3463312962503842
1986-03-16 00:00:00,0.03400701716341692,-0.25195109571458635,0.5735028412604743,0.48022528573884804,-0.7319206315030427,-0.3441049977999052,-0.20576699350075678,0.22118460030995746,0.07020267397134015,0.0322823779922734,0.0013433656037824537,-0.5261540670518279
1986-04-15 12:00:00,-1.1489585281563024,-0.5073087741602977,0.1377218753234294,1.0015215814370517,-1.3921591714167556,0.1673810599207765,-0.04595202071940535,0.14152111514888926,0.3057975284730259,-0.020937360825260876,1.5016981232536106,-0.27812597481072615
1986-05-16 00:00:00,0.2513019120149867,0.5948506608267298,-0.23478870487953796,-0.1076708270211137,-0.35155232477027254,0.6341520160647343,0.4216656212960259,-0.04478911423144328,0.2570015316500478,0.47341932207783555,-0.3725258231428282,-0.2838371331594802
1986-06-15 12:00:00,0.018373807602326264,-0.09222773025370776,0.23304436674513396,-0.34293637771881313,0.3074938472415498,0.36446518132369277,-0.0852126898196795,0.07901732436380096,0.17646701393621234,-0.09224192953122407,-0.36196436532233245,0.09734254933450093
1986-07-16 00:00:00,0.17340532720740362,0.2729849305465697,-0.08296788456364917,0.5415409111432754,0.784388404450967,0.6767030551796586,0.7303126799639303,-0.10525346193824472,-0.2969027030562896,-0.5842892625238459,0.251361678109268,-0.18635584239971653
1986-08-16 00:00:00,-0.3540350757278901,0.5193706221444485,0.18108260621891004,-0.15565271596418254,0.542463338393532,0.0947067054955355,0.02269913960058445,0.6078314743000827,-0.6234825638122564,-0.007582992183966297,-0.29972078069408836,0.45227161812974914
1986-09-15 12:00:00,-0.43098825382872447,0.2663418446052872,-0.10182458267632272,-0.43558833067125724,0.10867141715911838,-0.7461074937759039,-0.8831356737581323,0.5249894400272777,0.9386933190214384,-0.40195701292719466,0.5920859114518806,-0.1541877029852181
1986-10-16 00:00:00,-0.2637294395478393,-0.5107393525758261,-0.9162930684550427,-0.25629466405862167,-0.2923196078961745,-0.38579894186942065,-0.7516512368829773,-0.5207515567144367,-0.5010985871282576,0.117790855312919,0.35479025009078957,0.33732525880969433
1986-11-15 12:00:00,-0.8309006672108967,-0.6009919945542366,0.8708262919508489,-0.04292850263041231,-0.7042024617797975,-0.5340812276424286,-0.5685048969379952,-0.2613768383740746,-0.7171831068957438,0.028640338199876547,0.23237318525256767,0.02037158542063444
1986-12-16 00:00:00,-0.18977645401310966,0.8604005380946921,-0.4293063116867209,0.5255088393027233,1.0404648535783727,-0.18475809082625172,0.7663440575387683,0.2122074863282966,-0.7132832575476727,-0.4890934004856139,0.2052276022533115,-0.07756332327359827
1987-01-16 00:00:00,-0.10474222874144695,0.362603838956634,0.29150972964476685,0.5076960380608092,-0.1621342278107522,0.20621528128529548,0.7731427961421364,-0.2090020391832519,-0.33650091304088187,-0.07360333751713133,0.31578674566044596,0.2431588552431212
1987-02-14 12:00:00,-0.2655302748263046,0.19745976420407713,0.11416270309103677,-0.15003886696051127,0.04773788242107255,0.13975192245797674,-0.3153159078027465,-0.2310894837272171,-0.03238556125696791,-0.03625629450127987,-0.5464064816680382,-0.11525631217363885
1987-03-16 00:00:00,-0.7221173012111775,-0.3595709512746694,0.4047981851802903,-0.4992000319178175,-0.15650930366179958,0.31434985207096905,0.28012926264276006,0.2517099860994081,0.3053216987500927,-0.5484954721510918,-0.3097450379014516,0.43770561836220645
1987-04-15 12:00:00,0.3570457186377601,0.6270870200088228,-0.28916581330350444,0.1284905773688907,0.43039664891229695,-0.12075346998295244,0.15433670180723746,-0.24264758723230795,-0.35468765386355644,-0.29138448615369716,0.019589879298618662,0.028249934861496517
1987-05-16 00:00:00,-0.5182961495008565,0.11065491118763804,0.31218378409825576,0.2627191367090248,0.18534088037981705,0.3794186561725474,-0.8174925688205407,0.42254503003793675,-0.27200361641938037,0.005760497924846231,-0.0156828458533651,-0.35308065040136943
1987-06-15 12:00:00,-0.8288005701617991,0.0745396788569408,-0.7825355903786413,0.0962159983248525,0.3633615573688476,-0.7176312965116048,-0.4592856408467267,1.136076620013584,1.2565029819787752,-0.08207566567173474,0.9384236040484435,-0.21540426687854936
1987-07-16 00:00:00,1.327929137466069,0.6245930080195998,0.7452286062371496,0.08942647948326085,-0.6510100128525721,-0.1464252602743481,-0.21259805762041328,-0.024028047314003112,-0.3444376424501462,0.21138802063471085,0.22620724249998192,0.3021429415685817
1987-08-16 00:00:00,0.204698746488589,-0.26700906764498056,-0.29092846347802914,-0.11562020985725074,0.3612012474097323,-0.12198355292437801,-0.15136988120827852,0.2080896437712822,0.31653315585386926,0.32294288939288773,-0.468717063899862,0.3217419509330668
1987-09-15 12:00:00,0.5735765207910937,-0.1547110422686292,-0.2719525561326802,0.11632785422661837,0.4537122358355567,0.7765901503202547,-0.37155815704114487,0.6407936534937786,-0.36808968010560833,0.07068270821139366,0.15384533798120992,0.4890780064454857
1987-10-16 00:00:00,-1.2345420594877647,0.014130983688916743,0.1348900486249,1.31269679011071,0.13418799996774738,-1.0667040941528692,0.6267330133995173,0.5693676528810997,1.3352005786701517,0.44106597601903785,-0.8269096391746971,0.8203919653118209
1987-11-15 12:00:00,-0.28487604559601426,-0.3214186512432712,-0.7769664890177448,-0.07781120784181982,-0.04090984879385093,-0.49742333558703955,-0.054722041720784764,-0.14249791682239354,0.24842063631555872,0.1321514439387701,-0.32017556983439976,0.1637756736507049
1987-12-16 00:00:00,-0.8000156670291234,-0.43631261466511806,0.1457224929385056,1.3113479314260186,-1.5153752947165415,-0.45900629619387956,-0.22974300812529894,0.8675831858322756,-0.9593676635507417,-0.5250085878152424,0.40177978929355085,0.06755396130891389
1988-01-16 00:00:00,0.7133058187256779,-0.40687601440186705,0.509918885629461,0.05058828532541218,0.6430086553254784,0.1929391568526475,0.11533502081470443,-0.5289113360457167,0.3566395590152096,-0.356435140901874,0.5635389618758606,0.2757491360089678
1988-02-15 00:00:00,0.2861465877394242,0.41902308179194997,0.0730757881117357,-0.034229998456869234,-0.3074379599730078,0.6976061824701493,-0.6258959659553982,0.583398631938988,-0.6604321763453377,0.27877813858286016,-0.2745163227223736,0.16157256122098373
1988-03-16 00:00:00,-0.38244261740779045,-0.01321420414688837,0.450938643699332,0.7481653035942141,-0.43328627580567713,0.982318164624143,0.23566439452024146,-0.8585937523997935,-0.3433335743763128,1.035412107631679,0.5790714135199941,-0.4860272469920538
1988-04-15 12:00:00,0.027757181753370164,-0.23552516387147293,-0.42574320301743573,-0.12213684843455577,-0.5188982563625599,0.03443739471011309,0.17705307684100924,-0.06606497925587605,0.005965713465272915,-0.09919522057718133,-0.31357000319636896,-0.39179258673376594
1988-05-16 00:00:00,0.16909727753582807,0.5853601930876993,0.1484323405172786,-0.10330477977060529,-0.1328585237934968,-0.6946464884449072,-0.03232590825074888,-0.23659433464344354,-0.43151730888256884,0.515309489983871,-0.09074791645692315,0.5971397760954854
1988-06-15 12:00:00,0.0703489132849508,-1.9021030934296412,-1.6763717866537065,-0.940922817727063,-0.3680720773092543,-1.2499934908811046,-0.39363773152766435,-1.4926077270559912,-0.7488714998428777,0.08118390978969725,0.6262362027340505,0.3668115356944971
1988-07-16 00:00:00,0.2779201790661025,-0.25187576133570305,0.12352441551975246,-0.11472196374934598,-0.3028731046952945,0.24490508577151165,0.11432739263506664,0.12365390883396445,0.3717292440808653,-0.05384931430357931,-0.6281380540406588,-0.19707118596028644
1988-08-16 00:00:00,-1.0776668575755637,-0.22201669231462118,0.787427875494072,-0.47075593233051377,0.8197270395694549,0.17877864081928513,-0.09887359507990529,0.007333878847661887,-0.19344223252008813,-0.13047795931911088,-0.4397841936859731,0.39194594876577116
1988-09-15 12:00:00,-0.306459718704892,0.17320427718630765,0.13390458112922943,0.28070498834984997,0.5059769793949056,-0.04819099977466024,0.11701522560290378,-0.11029050405489076,0.039134122029600385,0.1334599279524733,-0.9816376989847917,0.28509087398692634
1988-10-16 00:00:00,-0.5898346498395528,-0.29846646377341757,-0.14237638677811162,0.2705593789592755,-0.515858525561655,1.3077461102331012,0.4144110003249457,-0.5013841893248876,0.5528817638095146,0.25028827152481925,0.4122796152240693,0.16094808452402298
1988-11-15 12:00:00,-0.37374372987230003,0.1053127420484505,-0.47280895644230947,0.28980920458822523,-0.7217174918969724,0.4747809643798263,0.0012942811908469576,-0.5612311350017315,-0.07543644103543361,0.13158141214448016,0.33787977998964114,-0.5629204314874087
1988-12-16 00:00:00,-0.46432272874209995,0.3284111989928502,1.067447626429281,-0.5641049481674338,-0.11861052037491188,0.6372499804561627,-0.8556263662585488,0.42490481837539856,-1.2576272383849811,0.6882939661750651,0.5284266450332133,0.6856712393341279
1989-01-16 00:00:00,-0.2743681517569088,0.007919496038261059,0.1191183490847606,-0.40738577610332816,0.16249760611670933,0.8017281142309848,0.07957278763782155,0.026939407527955678,0.11940244835748896,0.5359565789074936,-0.3812304974562196,-0.321829057413643
1989-02-14 12:00:00,0.07363816327070333,0.08026425859794965,-0.24888406341678287,-0.313016805373642,-0.20253034981632606,0.33079518493844223,-0.39070276369016343,0.011109196329538544,-0.5351413825800306,0.22545812571915147,-0.45274793691464366,0.06964784907644872
1989-03-16 00:00:00,-0.19399434778700603,-0.0783184792920662,-0.5647920465352501,-0.18309244508667036,-0.21696558522244588,0.11094396309633892,-0.18028628626822404,0.2569849230340675,-0.09475546406912123,-0.02306985159811681,-0.8940674616268993,0.04675592450495125
1989-04-15 12:00:00,-0.07406861716985685,-0.5598471328198845,-0.6816419078900569,0.05914617608870246,-0.1323430301306947,-0.7293825167638074,0.5674092746895626,0.4641751352110685,-0.3162540824361552,0.18151273164887738,-0.159553545766405,0.31875126298564305
1989-05-16 00:00:00,-0.4080214599161392,-0.3007916268284497,-0.013079869157585133,-0.40110637099085217,0.41577486760642085,-0.1309456170369716,-0.5298298906569099,-0.7112889838125677,-0.511982396531577,-0.336518996961397,0.05383057432385141,0.3023470002262886
1989-06-15 12:00:00,-0.6875947232484814,-0.12536362699497622,-0.751536481813665,0.16774881492384885,-0.43002195152658845,-0.2253033725687008,0.39840015697775855,0.6628513212748441,0.5384548305144168,-0.48232257525178196,-0.1135088136712783,-0.36596348618598784
1989-07-16 00:00:00,-0.6781485780140513,0.32606916410738473,0.64000380418972,0.8612879413627998,-0.3256041902669832,0.006239316542985707,0.7098032211773138,-0.3247926948557661,-0.009169461494766426,0.9773059665699018,0.034022925375523094,-0.3225726970899405
1989-08-16 00:00:00,0.25937012675959414,-0.5456430454212885,0.9544975313970858,-0.38100092975368055,0.6450995615445747,-0.3136080242640862,-0.5467798269402981,-0.09341663441598849,0.6046762146414378,0.03409309694253737,-0.08397210889673867,-0.021622160773730026
1989-09-15 12:00:00,-0.41786836040342584,-0.048239525266564026,0.5694809554679966,0.6950404136655524,-0.8374797023902172,-0.004075729717786247,-0.8309662038697225,0.38399107828333906,-0.7663833603918679,0.013687361736832382,0.28352826021145305,0.0828154925430512
1989-10-16 00:00:00,1.1853179879591575,-0.45830793090498934,0.29221704320486164,-0.5396051762240157,-0.5371318364294639,-0.5774601494045973,0.23260956033699798,-0.18769539547586228,-0.4785811654266858,0.4722090236407077,0.5127929162671354,-0.24337663030787737
1989-11-15 12:00:00,-0.6239951071962966,-0.2364021123757044,-0.034431363708921414,-0.12897943116026736,0.3040900663822253,-0.20435823227708338,-0.1391769476962098,-0.15879993894874733,0.7325314945070363,0.12948811286966377,0.0005724732665632892,-0.35525152499213747
1989-12-16 00:00:00,0.38402035285439906,0.6081250490066002,0.22813867983044767,-0.3299137071061966,-0.15676908305762116,0.26689097507361187,-0.34433508835833315,-0.05058019407512011,0.5426110662311929,-0.2867350518764758,0.04021220224563771,0.479002289400175
1990-01-16 00:00:00,0.47820135440579886,-0.7752887136620722,-0.4024494600996302,-0.5279253648065412,-0.12305484560802377,-0.31938860113676293,0.25287852886487705,1.2352448102819213,0.033776675891037784,-0.07379821302364087,0.5180025238641068,0.27421480640328555
1990-02-14 12:00:00,0.9562065150098322,-0.9775657887048136,0.49940309590548515,0.061565815250992,-0.03192030842010729,0.2734003116098741,0.14021809934144358,0.1406054391329044,-0.06145149881315527,-0.014671739690052421,0.19419187831432105,-0.013328296900556258
1990-03-16 00:00:00,-0.06696121491129398,-0.19087023905751588,-0.3130394085933929,0.454383602657802,-0.7117330568806504,0.05768627495142853,-0.28548882136130427,-0.6805510267308554,-0.40943237606261246,0.21285964569826998,-0.2514276749380864,-0.21938325199624192
1990-04-15 12:00:00,-1.0214471110565095,-0.20416796387840103,0.9531733569506164,-0.44662102731937625,0.06097933871147865,0.18681386083569684,0.09867198660086912,-0.29908472367960326,0.05406900763672,0.01758392683988752,-0.2262273458136116,0.6078486723018798
1990-05-16 00:00:00,-0.4640814426869729,-0.22616869794431127,0.6088264335452407,-0.6176018704488535,0.7187556983340677,-0.3194888903736002,-0.22194321826690133,-0.393145052193752,0.03329373153450156,0.2021091228626254,-0.14578921396469036,-0.2390334464976523
1990-06-15 12:00:00,-0.012423956414586046,0.30170840571272906,0.1537895981084344,1.0715301728649993,-0.018586704904819035,0.1852000103983501,-0.13363442822889468,0.1467319146216049,-0.9255848935009929,-0.047707352896395494,-0.397151895938325,-0.17907901007555177
1990-07-16 00:00:00,-0.8411844397289738,-0.015583604096924414,0.3050674829441372,-0.44009043051458724,0.7532578378726107,-0.03756558780339081,-0.18356882147313944,0.05489928106389119,0.22773171330108555,-0.7542873619728646,0.21497398498323284,-0.38523317911742333
1990-08-16 00:00:00,-0.3441871260888049,0.05660697968009454,-0.19762250101974393,0.4021717365814692,-0.32841056572238914,-0.25563441437630674,0.2754152126579945,0.5318066975935883,0.29457561989438374,-0.7577179682592746,0.30393007516430304,-0.0976665680465778
1990-09-15 12:00:00,-0.5547396974904928,0.568313472497616,0.9324604477073228,-1.288384062899257,0.2342364161349742,-0.3361353412491316,-0.5909871584423214,-1.0189704452815165,0.8190054844497023,0.06531574810359653,0.6321724754731406,0.008847143212219244
1990-10-16 00:00:00,-1.520227865737861,-0.607641126846458,2.0740563230696205,-1.483096687931463,0.7451530787888325,0.7163071920873011,0.2663125767356771,-0.8550958605174591,0.23663820276666092,-0.1621178433315002,0.14670353972624461,-0.6796063324306876
1990-11-15 12:00:00,-0.5546821146303726,-0.6157731594133836,-0.2535533136509459,-0.4316399873394692,-0.14174252185328987,0.31239407095467603,0.11848243246935208,-1.0692639869223117,-0.17455454180026408,1.1393977415888916,0.2609350549474525,-0.2617142848551248
1990-12-16 00:00:00,0.14330367158753887,-0.5023420993066492,-0.2463071160070495,-0.25839239809133197,-0.033347706393066,-0.016724054217253204,-0.5374737770528114,-0.45329157988368063,0.0012183987276775249,-0.30749788963364094,-0.2556566461975991,-0.21684246269220714
1991-01-16 00:00:00,-0.3963946504133495,-0.38485188774367407,0.0882420334604837,-0.23352012668943525,0.3680305906525619,0.31873769257160645,-0.3125812719646793,0.6144932353307238,-0.41689457109929573,0.19896059423819312,0.16822007775896286,-0.182658521000025
1991-02-14 12:00:00,-0.7552603689605439,-0.5670133878108282,0.5139818261522248,-0.769684796569095,0.1139373687586871,-0.3589741591932737,0.12174582927493338,-0.6281828319621955,0.2158750153359545,0.41827472498048124,-0.8031356162976073,-0.17788639754747726
1991-03-16 00:00:00,0.3828700074058991,0.18332143474441032,-0.3821338017999171,-0.2043261688789522,0.34969892582235756,1.097278698623359,-0.5817799966660688,0.46391263274665534,-0.2768249197922303,0.13897523119301736,-0.040542745259387614,1.069690460748693
1991-04-15 12:00:00,0.2737992845353308,0.40459907462595335,-0.37152647915147535,-0.0791250272792329,-0.02973433301438899,-0.07227303709451227,-0.6746949949882767,0.2612354790656604,0.7033099584857921,-0.6262618872759653,-0.15358538499972774,-0.540460060668047
1991-05-16 00:00:00,-0.7108545688874701,0.08437990612545773,0.40639224432134213,0.2793620748570399,0.4930641296678611,-0.20206611189237866,-0.1971084095116551,0.30725274963082355,0.2024955402726264,0.023821705845525787,0.0945111840718742,0.0896766427922745
1991-06-15 12:00:00,-1.3543631520530268,-0.023832238126586386,-0.5416166520172495,0.21943584654624965,0.6981857220364489,0.33089726624786187,0.8149160652501615,-0.4498906583706087,0.2893712328366701,0.7216707589754636,1.299603469285413,-0.3397476315292116
1991-07-16 00:00:00,-0.10708424556525331,0.2670695805812614,-0.36460622094275263,-0.21631119055910103,0.6312524898127496,0.1832237492676677,-0.8656252582791686,0.34013336677946726,0.2521171273667684,-0.18947634772159927,-0.1383155568422767,-0.574475637929126
1991-08-16 00:00:00,-0.7512634303172818,0.2556582588405514,0.839345850338338,0.732887124592766,-0.6504005780284747,-0.7117832939250849,-0.6398734863741486,0.5352960289328511,0.03214106351568516,0.3556007518848654,-0.3798595367864519,-0.17947600779256834
1991-09-15 12:00:00,0.6650783179206121,0.3877837779471041,0.9041108682965722,0.02265366743869962,-0.25889341895322066,-0.5645706359080981,0.0046279300798159895,-0.05822856121343642,0.0960055958647259,0.17702963265642968,-0.3343610314079757,-0.004683448725399608
1991-10-16 00:00:00,-0.12156230503230397,-0.24137838858445715,0.9182919777894365,-0.7686654670221073,0.11247558737378816,0.10507218418450792,0.41214411104781723,-0.7872069673277904,0.5247892650227785,0.06544721889012994,-0.04711690000157254,0.5443030245044335
1991-11-15 12:00:00,0.24139691428784937,0.0374724438073013,-0.14410576975887002,-0.1568269228845048,-0.031032137989932235,0.5704941605266844,-0.28469728401477673,0.08651825544050991,0.09073687699145022,-0.2869838726907414,-0.8361886765346602,-0.45824764306554755
1991-12-16 00:00:00,-0.028567286893012633,0.31576360752550564,0.28562965899695747,-0.5314070475162744,-0.45009103279827406,0.700469595782013,0.13451708726782874,-0.06122327103213701,0.2042884921294087,0.22903544303782697,-0.019383139656925508,-0.046389568874244724
1992-01-16 00:00:00,-1.1209626022413988,0.24752296545224906,-0.09592695611320234,0.7385314381893222,1.635543321763807,-1.3915934290938181,0.7502657302011604,1.0332436422200582,0.556256444530639,1.9342761885243267,-1.837119869128828,0.8769151386171176
1992-02-15 00:00:00,-0.019198986959512276,0.14581456806823978,0.20478569312790584,0.041282327564955285,0.03528876889595414,0.19380299127458828,-0.11307468015245403,-0.0795482560413057,0.018792619021882045,-0.28791644944446626,-0.893331430664005,0.17960281732467953
1992-03-16 00:00:00,0.07312089294375068,-0.038185754987622555,-0.12072308257800768,0.4004128103941892,0.25539889168715596,0.4853859336598274,0.42742271237717877,-0.3551893654397304,-0.186325109612126,0.7847070854085743,0.14857214457712975,-0.33123869861123184
1992-04-15 12:00:00,0.7141608743916547,-0.044954709593711145,0.3160131765150438,0.20958417907471966,-0.1344157814285164,0.20193008215849573,0.18910147027703317,-0.0202716098095159,-0.22801235195558894,0.3126122010373297,-0.15015807407062276,-0.5730726923164036
1992-05-16 00:00:00,-1.1656769015658488,-0.36651198230453985,0.11872701854811624,0.17687619322717524,-0.7772523386898702,0.4892708347090935,0.06320921891349929,0.5638234967629007,0.5870464540369495,-0.18297863132214437,0.859723053157742,-0.539275535692723
1992-06-15 12:00:00,-0.5410317758366932,0.29815987986947956,0.37321439771518883,-0.30182582720345896,0.28601193308308076,-0.3390555153266829,-0.5679191623967421,-0.09516367981774583,0.7310194598442772,-0.368798152298041,-0.09849364706765718,-0.2926304745961619
1992-07-16 00:00:00,0.4613462010951457,0.2415734598200984,-0.1759988239467071,0.6661505053361323,1.105801309090141,0.15254808265291553,-0.04461022550556287,-0.022376502650703473,0.977247370076938,-0.2966206349834659,0.40445207297442076,1.0986269974635037
1992-08-16 00:00:00,0.8273851385154103,0.6362243261062088,0.9909168216761919,0.9839732053128786,-1.2256717056318243,-0.7657547325373458,-1.0402179744631783,0.019993718552803103,-0.5170525367296506,0.1602089814009312,0.6296611741799143,-0.5331043309379409
1992-09-15 12:00:00,0.8154841910677139,-0.25630255682741643,-0.09054077883680561,-0.4540225638584061,-0.026041001127450614,0.1764393701970785,0.27947701943050907,1.1467418974723422,-0.29827452765836426,-0.04924491248145968,-0.010229276223230999,0.16627003729585754
1992-10-16 00:00:00,-0.06616575298063188,0.38875994707062456,0.3344085422808313,-0.09724028218663915,0.02093818741895348,0.336756552524352,0.7132449479454863,-0.18283406674649016,-0.09651428723505619,-0.26464783134210795,-0.17049193964675957,-0.2508787104993972
1992-11-15 12:00:00,-0.32506055058109645,-0.4322113374866836,-0.006470273193732334,0.2642423317642943,-0.5316693769020427,-0.31797116741035714,0.7597619869280761,0.6017858350458313,0.3229701854886689,-0.4196429837178667,-0.5134637264210434,0.12850552000511462
1992-12-16 00:00:00,1.6298646216122852,0.5249556137330088,0.44850836761157364,-0.8032235422977062,-0.709820898001106,-0.5341614757159884,0.3577052459074269,-0.025852201579256672,-0.008599110687613536,0.3849186174200543,-0.021639618484978973,-0.24032877944438608
1993-01-16 00:00:00,-0.972551728116041,0.4262532521868457,-0.19596803490301443,0.7554813738629045,0.9845550454863965,-0.516600554629575,1.1808435518829534,0.7646404007366412,-0.3995742129118265,0.34330902970614796,-0.9524089290300919,0.678391990643655
1993-02-14 12:00:00,0.0024764508591213485,-0.04445476759590458,0.45997592974774293,0.6329390592089451,0.6202605699879489,0.18074942025410656,0.5331875350935749,-0.4723936592695183,-0.47543882005119514,-0.4876091489092023,0.005617596029095395,-0.4061531668094641
1993-03-16 00:00:00,-0.899492553854425,-0.029120431331546015,0.3548589886417497,-0.3408965200169489,0.6487594823924665,0.2921834918497448,0.17455155526252053,-0.15630765534686003,-0.36148115666904745,0.4126847716801887,-0.20352967294042623,-0.15876942289324664
1993-04-15 12:00:00,0.5590422185351511,0.1837836597851762,0.28790001133890497,0.8173487650206821,0.32396775182771564,-0.13338537309633702,-0.21442331769848003,-0.02953674398623741,0.071366947822643,-0.08463827907217969,0.3953802319876356,-0.35548535497868783
1993-05-16 00:00:00,0.5931024796541333,-0.3534688492349465,0.18109558993236752,0.3957800109277224,0.29107706299691666,0.07756631132011294,0.7735332015430769,0.0038831095969466753,-0.1698512128898974,-0.29186861144801646,0.32441462286258815,-0.5349849110468812
1993-06-15 12:00:00,0.5296014880781632,-0.8309677524405028,0.5207569426842297,1.4572966956231195,-0.4485201642344855,1.0166113457476755,0.49113738981068444,-0.27881853992448175,0.26240079401926114,0.31196168432441396,0.8529081865641075,0.8798312144690191
1993-07-16 00:00:00,0.09909136361684709,1.749063610920377,0.41612743241911043,-0.252787083843824,0.5921751656313841,-0.08938744314943747,0.9324096737032475,-0.03836319364803847,-0.6855668981443953,-0.29567975493326926,1.112737325837914,0.02018427940305978
1993-08-16 00:00:00,0.4365003511422933,-0.6277613326975948,0.96744040679776,-0.31650372728487136,0.5956075825225788,-0.21942778845006394,0.18840280523648445,-0.14038354733553854,0.08813714296511051,0.037899105423857105,-0.2866008916579015,0.39640445302866445
1993-09-15 12:00:00,0.3690918374094224,0.9547162974024093,-0.058485195562633596,-0.14139988556783717,-0.687670856817646,0.7335420551336639,0.5311483581073734,-0.4763718258987398,0.6639870767173708,0.37372975454319557,0.1718226656224957,-0.2510252141419825
1993-10-16 00:00:00,-0.7600741522346421,-0.13130793194605928,-0.3663008289739462,-0.3167238072506423,-0.8717687574663044,0.02086609844549958,0.09131147575023629,1.3857305286683308,0.3460179539104783,-0.7549578760236573,0.338504827755838,-0.3673131191921665
1993-11-15 12:00:00,-0.8096978419805549,-0.3135667605216892,0.14539905978715362,1.6933123846934222,-1.2533833492765738,0.09915366032011985,-0.03140589116175696,-0.7639047945188873,-1.1799333185487564,0.27210133674404613,0.6866811237663828,-0.1589979564424262
1993-12-16 00:00:00,0.5526858499135434,-0.7482260021060896,-0.19439173845081356,-0.15212278583420225,-0.158478182011246,-0.22844806228655856,-0.1841514410195232,0.13543480127644825,0.16688390748536802,-0.222917764245258,-0.34998002875450407,-0.3463181329755008
1994-01-16 00:00:00,0.2358706396423221,-0.4408517341714745,0.39477460180434,0.008464066443734986,0.8533253334174202,-0.22418933272200048,0.29141646735961435,-0.07019657119930298,0.29003924599111686,-0.6164386047371155,0.4941124522400555,-0.04594834451791663
1994-02-14 12:00:00,-0.13218665193993057,0.8930184747902861,0.4146478627963025,0.6621081506367815,-0.03007087412996387,-0.835787719081086,-0.543800731632604,-0.08019864933552488,-0.018623772183549603,-0.01754651007872532,0.09809576888350646,-0.2656962143408302
1994-03-16 00:00:00,-0.6395345333726312,0.036336310737157124,0.4330043333134018,-0.06274970618858346,0.38574976844617453,-0.13297993791615692,0.029029455121493852,-0.33054355365482213,0.05313958727433174,0.05109327798147412,-1.0146495461037996,-0.2464096092734161
1994-04-15 12:00:00,0.49381176913147895,-0.163841293747359,-0.587192385421178,-0.3522697201587507,0.37712422489556346,0.3672165214126106,-0.35246031031142405,0.584147800461956,-0.3936950193198825,0.2434593632685792,-0.19504304379926518,-0.15349844842799132
1994-05-16 00:00:00,-0.007483201108773929,0.34108927696368685,0.03336029823805203,-0.11164757145969695,0.5656668872247257,-0.15462971440571427,0.8400140892440517,1.1733581862040363,-0.36521852557327206,0.9002731055234854,-0.23096961311106068,0.9786803947658437
1994-06-15 12:00:00,-0.20806122300890867,-0.05250561382892971,0.67138996084731,0.30697733308947633,-0.25858740172276423,0.11902316301306382,-0.8768791442633203,-0.3894380227158924,-0.21201481890854967,-0.4703745666549342,-0.20582507081572843,-0.10233310352437341
1994-07-16 00:00:00,0.08179328864570173,-0.21906924617428847,-0.299886279592112,-0.19245312941189835,-0.4152289472474251,-0.1790063580553657,-0.43535707478911345,-0.35615518752386127,-0.09156059513928737,-0.31440956105915924,-0.3624190724929294,0.34038498843303056
1994-08-16 00:00:00,-0.5433501186990248,0.4917129231362991,0.6277412195922458,0.46456802475846837,0.14190799541615956,0.4486423355150716,0.017071583510120003,0.16052938454030358,-0.46265666103382314,0.07142995529459739,1.011026236676349,-0.3364796746066338
1994-09-15 12:00:00,0.2455966232951342,-0.11735886058743017,-0.012222051408884604,-0.4709568041855826,0.06001852726086307,0.2822851920642178,-0.4099033636103405,0.5894660734318404,-0.5390121175447123,0.2998478866997477,-0.24679754291355505,0.2093566894364578
1994-10-16 00:00:00,-0.6393679788206945,0.12821046115258403,0.2460884006945554,0.7552879247170533,-1.2336724792756963,-0.1551235205401581,0.3511643253918846,1.3640762790199317,-0.3801520524328218,-0.13655903778760148,0.9390151380546037,0.21522621962030197
1994-11-15 12:00:00,0.08757082142947342,0.4000001824376252,0.08140028152597678,-0.044610090866197716,0.22917948529376797,0.04878856532622455,-0.28156267526101036,-0.12344890447101484,0.0673528959137195,-0.4259981962169263,-0.32725938000729493,-0.1838912434784839
1994-12-16 00:00:00,-0.6635092543775118,0.33593508142512446,0.2516453385025277,0.9677844294175496,-0.46997899025611456,-0.9542977346713305,-0.6341731097242324,1.2466033171643005,0.09810589248093657,0.7652589255283939,0.13568204979519716,0.10570894161750855
1995-01-16 00:00:00,-0.5545821977681391,-0.24229661868580238,0.45913024738200015,-0.19531195121242462,0.5512465777431401,0.15934956095007824,-0.5534324007287521,0.2660869809121039,-0.07301341118213402,0.34676353683029937,-0.21571540000910117,0.6084680848651437
1995-02-14 12:00:00,0.28329652854917653,-0.15745028253276877,-0.6908356073010459,-0.15667994766403648,0.12429685667425078,-0.22181457469448573,-0.34577362007405654,-0.3513677490588276,-0.14820321303760936,0.24070638690882362,-0.6512326638879976,0.6713771270810113
1995-03-16 00:00:00,0.13001095505165822,0.5846316405822105,-0.5654211263102669,-0.5256669771188878,0.6408920849842821,0.740879362258163,-1.086103656063896,1.5545698729112125,-0.6219273251233906,0.6578623074309573,0.15939298520786083,0.32547596283853875
1995-04-15 12:00:00,0.7258656730580718,1.577559115259871,0.1824997704031206,-0.1353105140035291,0.3432802874564214,-0.33960069387804026,0.6388704704821853,-0.15077959128400586,0.2495393175131771,-0.34018538944180843,0.6557084460303688,-0.26823341719187993
1995-05-16 00:00:00,-0.4476984237635306,0.6947056505367987,-0.15391732483638623,-0.1795063774005805,0.41935269845527373,-0.43135672406620695,-0.9416886933093606,1.0626529107380014,0.5353550779205313,0.28578643429881456,0.4223795729046791,0.10626814859971556
1995-06-15 12:00:00,0.83297387312705,1.0631938499865656,0.48432577701877877,-0.36734409792241257,-0.7514448262803202,-0.08825038455223044,-0.23053867277357948,-0.0011579054536337147,-0.16311079814625323,0.38902981403142467,-0.0755224011822595,-0.12321961625584499
1995-07-16 00:00:00,-1.3605827038437066,-0.24511271029727383,0.5676513433862305,0.3991151222825299,0.2747758198693629,-0.5333488868937654,0.5837574000193855,-0.31654778810284734,0.9547021196423431,1.6088971703831787,-1.5665834047096898,0.09834443530468073
1995-08-16 00:00:00,0.2030948278121458,0.13128025686980424,-0.4081331612666823,-0.13026529150520566,0.2873527897098166,0.5729586216434002,-0.3476787125377484,-0.12892587397462263,-0.35602441961154335,-0.4195167820129626,-0.3095421019242185,0.33029392773050825
1995-09-15 12:00:00,0.056394750274764704,-0.03532930683755878,-0.6477167233404393,0.33266842554073384,-0.12048596849438356,0.7199170690568195,0.10326226183554804,-0.7567707214207899,0.530886913144163,0.45109808983015265,0.35362919431215745,-0.5313840970781012
1995-10-16 00:00:00,-0.44275806691833713,0.6012840157158938,-0.14822728988253744,0.38532041453749877,0.4791024553459157,-0.5904145551553798,-0.5598119178506078,0.283312821385726,0.7509930252725153,-0.15815944716428548,0.2461482407105302,-0.6607139188775234
1995-11-15 12:00:00,-0.3927842934342283,-0.4120845399594357,-0.9371572333668317,0.31897706800811026,0.09168306214965471,-0.16176234095335973,-0.01540647145371088,-0.2668339868840057,-0.4712990074284192,0.47163256735429804,0.30304536414440064,0.5989778904533928
1995-12-16 00:00:00,0.03919953179563268,-0.26137145709751697,-0.5766870895590421,0.18037644672955566,-0.671018874228811,-0.5249111287416336,-0.4296297528110194,-0.5876215730992047,-0.4365701402073561,-0.1731194882926782,0.062228546542977714,-0.36895786415646836
1996-01-16 00:00:00,-0.2709313620995189,-0.3941113198349302,0.2769066781804037,0.8914382476274206,-0.784887458718236,1.1162558026836047,0.03318613320780772,-0.3326899432159594,0.2898907359882807,0.05769848625555152,0.459488475782023,-0.1602510676839552
1996-02-15 00:00:00,0.20326907670453423,0.2673706952055427,0.5036760476991553,-0.9050932879337009,-0.2253735971215819,-0.22709951596420774,0.3286508313505432,0.2719745795264188,0.10057411045516951,-0.1880016124955992,-0.26573113596683373,-0.14653811278577777
1996-03-16 00:00:00,1.1186787033742682,-0.8381241221852325,0.23272052826284573,0.032952446815011194,-0.20605333381462762,-0.038580669450242855,0.8765910572712252,0.507358079592464,0.3052559036845895,-0.3918276616631355,0.15315874917169903,0.23969160524062472
1996-04-15 12:00:00,-0.6638604228568148,-0.31064351026071696,-0.4152781734752935,-0.6277554098084821,-0.25770330974496175,0.15263825395993857,0.03974618225172277,0.6638851616872635,-0.34640020243927144,-0.6479020968614148,-0.186881106397505,-0.09767991548372701
1996-05-16 00:00:00,0.08508831079078846,-0.5102829927773135,1.5318837214161858,1.6336381105566766,-1.1461645949896568,-0.3337341575208874,-0.9528514179705011,-0.013054914635595452,-1.0666825949215262,0.43244128871530196,0.07667135587934348,-0.49763822679246766
1996-06-15 12:00:00,0.49648461549355266,0.06119474844275763,-0.008044239158633892,-0.24859312349376406,-0.15452392783913294,0.4563488942994365,0.0758039500818185,0.166748453502633,0.2152293855495414,0.020087213642911328,-0.29177229455751885,0.13090490745801664
1996-07-16 00:00:00,0.5451882994822096,-1.362820005797925,-0.5850679465656919,-0.42973743799271763,0.22271543647971626,-0.41936462160732646,0.1471361773602582,-1.0467006530751373,-0.5633586601942635,0.3183732769023694,0.12928363140130017,-0.3633329627501828
1996-08-16 00:00:00,-0.47661837433472304,-0.5748553607947328,0.01478360985106586,0.3121007305639795,-0.3375766382113329,0.6248006802767873,0.3029681071704491,0.2831952560486817,0.5797268611211289,0.5387773183195046,0.2522224827820623,-0.10685955737779096
1996-09-15 12:00:00,0.057374591738848346,-0.3339932128562443,0.24680887266653673,1.2679658634877131,-0.831431052229358,0.6604193212148186,-0.2818729687949464,-0.8394085546060324,-0.31261751780881747,0.5457647919396031,0.20453307660951658,0.0701872575145297
1996-10-16 00:00:00,-0.012404828510195753,-1.3175089287755668,0.6761612596646327,-0.9717360905158857,0.9551089033575733,0.08811629635963625,-0.34714762271954575,0.07385023110878859,-0.6341739928238678,0.36661156874122125,0.6295121587816632,0.13149907534762173
1996-11-15 12:00:00,0.2760771506098586,-0.11681613854104111,-0.030198135746495935,0.20227742897434609,0.31844400849076937,0.16288880492243635,0.10636545631085048,-0.06768649217196568,0.4461950617068671,0.1906115008393663,-0.6868059748891024,-0.393281612606468
1996-12-16 00:00:00,-0.14572841358436145,0.2533929629140195,-0.26184949443055694,-0.24249829997438874,-0.17852870973622592,0.1974366746927816,0.4076795375679525,-0.04124132263741372,0.08906246378406091,-0.5252119683254968,0.02213252999818116,-0.17968202643646014
1997-01-16 00:00:00,1.173420920119599,-0.4321927889172723,-0.0556036608100578,-0.1591595969833217,0.24201124792793116,-0.2654172720257777,0.10248741833996933,0.4254879023451516,0.0433170935979058,0.9743144572180351,-0.6024124214449078,-0.17342772820232888
1997-02-14 12:00:00,-0.4503755527718883,0.2766454060393552,0.27439507465542645,1.2455759344484787,-0.29488204411135305,-0.37332893251243393,-0.2320302908393015,0.16451063426032847,-0.699724658909491,0.23146988781663214,-0.7894944650903539,-0.025347677648924094
1997-03-16 00:00:00,-0.01348978154343844,0.24460100554181075,0.17992565764365487,-0.16316115288265182,0.4593629405404496,0.10329111426355309,0.420846039726114,0.18610536879746714,-0.4139140061255801,-0.48550806319209205,-0.5285982702477411,-0.43592022335523783
1997-04-15 12:00:00,-0.4543908497239772,-0.2886984674060753,-0.1829443454854799,-0.37503714835149415,-0.9265941461849767,-0.7534734331055043,0.00653033102189271,-0.408208139199901,-0.12875723014493368,0.024586877967892162,-0.2830773719643711,0.3424765652803675
1997-05-16 00:00:00,-1.0584200123766887,0.20779222067214342,-0.6701772505423123,0.11176098028885445,0.97578776174329,-1.198653618674848,-0.05079983519378256,-0.021618829268217014,0.3827040246187989,0.10909809560685535,0.043891849309317,0.13701437238188563
1997-06-15 12:00:00,-0.39844639496160555,-0.20831179050470605,-0.2173494882249642,-0.22550043762292926,0.14805557250435164,-0.4102646976006409,-0.3384695611170102,0.10531135052943845,0.5480754123347696,-0.48367517669093374,0.0953192047373157,-0.44671687333019666
1997-07-16 00:00:00,0.043287358202056536,0.42037815747224394,-0.4140337074463052,0.07448684522632026,0.06199394386043375,0.3297712342042809,-0.008885831661180343,0.4496932036846932,-0.13177599588277006,-0.43047183509423154,0.06731912790973382,-0.10644364772857018
1997-08-16 00:00:00,-0.001919292251582605,0.6648998367699164,-0.006945509927705873,0.13462280055560139,0.048579159531577765,0.04753165937809545,0.1815058181367638,-0.05029768551581985,-0.17245655247540853,0.387665986833134,-0.7951247116712175,0.07369695175048696
1997-09-15 12:00:00,-0.06656744285001537,0.1858697832823799,0.26750585943880056,0.7497751809290141,0.29548629155310374,0.056928162950609096,-0.23268135954347188,0.06043317005213447,-0.29377886647318324,-0.4973983691261484,-0.18382787498075615,0.3478804152003503
1997-10-16 00:00:00,0.6182556110337157,0.7143655695814771,0.36506395207602726,-0.35500254877982895,-0.28377911068016226,0.14480448011752922,0.6801598917133707,-0.295143665020562,-0.12713058614474304,-0.05488822344132327,0.10182684502538808,-0.18291011435951976
1997-11-15 12:00:00,-0.84668759599999,-0.2722985544170764,0.3121319270008074,0.7321050921308748,-0.08182548413917713,0.021450493788750746,0.3982970806538725,-0.26361201417234925,0.9241972802798725,0.9956060224632279,-0.7342156615618265,0.2841774547617024
1997-12-16 00:00:00,0.48044449688060303,0.5453575124315864,-0.10455870994383037,-0.6174238565690708,-0.284078251359435,0.3413249929038944,-0.1748514367953407,0.5636312143234803,-0.37595329543758377,-0.09402098266589098,-0.36268857633116613,-0.02047814021422434
1998-01-16 00:00:00,-0.203942579217041,0.42534799561095177,0.35158196557903887,-0.3900496111598291,0.48074552995557246,-0.07103063686065703,-0.5600504843908009,0.05238368306697398,0.6981968000818234,-0.4907135523842073,0.03681909722840104,-0.11024531725422204
1998-02-14 12:00:00,0.017285475322453447,0.13329637702374428,-0.08219970641970958,0.9248287172024013,0.273279974507662,-0.12517049168627092,-0.0796820989721278,0.25707027934416543,0.009654022712044553,-0.22609287786407695,0.194777217169408,-0.6132840196699261
1998-03-16 00:00:00,-0.010201837906979039,-0.10305026079403956,-0.6230543642007038,-0.06946444025970208,0.13522878321375126,0.4631081354167747,0.07912293330242282,-0.7887773995466556,-0.6114772866199846,-0.1750823433448005,-0.017639277053499436,0.33315043572955827
1998-04-15 12:00:00,-0.3784121674530417,-0.13339498839112546,-0.07399192084944528,0.25648746765270036,-0.4746547724275354,0.6025524041097521,-0.3396344322718821,0.6061596750394208,-0.4023069179369229,0.0900353584439697,-0.23050272833761476,-0.272106318387435
1998-05-16 00:00:00,0.2549065302571768,0.4125305515790289,-0.3836199439978689,-0.6115997145269578,-0.44930212465544167,0.3976582452837678,0.042110972951380055,0.1887836399456851,0.09148822519508804,0.34893468940794303,-0.032347963780277045,-0.23130699273614536
1998-06-15 12:00:00,-0.3562874482504628,0.6838324719149653,-0.6390468289873197,-1.3244864869099926,0.04686668632362351,0.6460254285201982,-0.4696130815640332,0.49868909640857245,-1.4086443416571037,1.209257107257695,0.8359146674240043,1.248124446000586
1998-07-16 00:00:00,0.9093246838849385,-0.3037134463476262,0.27285845162343403,-0.2264154007147571,-0.022943482813668287,0.14761432130709584,-0.17461429156438416,-0.003824000461540973,0.06676632252701019,-0.16379905427363667,-0.4682376281618281,-0.6819114926780854
1998-08-16 00:00:00,0.004576778446577723,0.10320364066727472,-0.9841487435561813,-0.3595423571884103,-0.2315691683058818,-0.02301618973866215,0.04375852537098218,-0.8992700794896574,-0.3361432131240327,-0.0023584894131926104,-0.43186158870695146,-0.15404160430565822
1998-09-15 12:00:00,-0.12883279412873977,0.0808277737408376,0.6313539657682634,-0.346761484150346,-0.6059827858182101,-0.361812348825998,0.7541390641987202,0.43922691722562374,0.050731138551878135,-0.7066074152260108,0.09927796852809889,0.15229218366594788
1998-10-16 00:00:00,-0.30727856462789177,0.09575758649530822,0.4953477758028405,0.053638837214391444,0.21316339256846772,0.015085592842473128,0.301491191411127,0.10078570377832712,0.14434591561997334,-0.6422139185714513,-0.33656226624363816,0.16429492597836604
1998-11-15 12:00:00,2.0920528416135635,-0.9557502320128638,0.5741784962378023,0.010750850368500597,0.6174729306603046,-0.31934607207001087,0.573423979646867,0.2999267492886814,-0.3582382824470242,0.20643894085510495,0.2791771879931977,-0.4825186196714977
1998-12-16 00:00:00,0.7125602628239037,0.12865239643034537,-0.04407946286990816,-0.7785537151200667,-0.015779315259642906,-0.014747538187512177,-0.0030267013411778287,0.17932818473484646,-0.1755847618684595,0.7781459341393395,-0.20509009797072109,0.13063487686173292
1999-01-16 00:00:00,-0.6048377256359672,0.13890083490313576,-0.9764359380773119,0.105871614921179,0.06788741362434864,-0.17546922577576052,0.03700762606081087,0.2698309363904707,0.6533586071474581,-0.46910579197973384,0.9355652860533925,-0.523992386910391
1999-02-14 12:00:00,0.27142002067685267,-0.49502575437898966,-0.628045065601557,0.10910188301204568,0.1788041825638324,0.42596166232732624,0.0719266092833023,-0.11247801851351455,0.18143674781252606,-0.6083170198823137,0.4028944856545196,1.3523734463569856
1999-03-16 00:00:00,0.11658067350516393,0.42609221821346804,-0.5902020416992969,0.18477755539186907,1.141503224098089,-0.2652964817316711,-1.4453637021624133,0.7845806503148193,0.7264610122828963,-0.28756504130764104,0.6327480291386307,-0.737794038324991
1999-04-15 12:00:00,-1.2840056128390855,-0.29781888690734987,0.5743963912023878,-0.8864162189554082,-0.10691499045015405,0.6170726171342862,0.11952418340850113,0.8613388726581639,-0.4444033757265152,0.15152236158173027,0.19117861226964594,0.024959363208558072
1999-05-16 00:00:00,-0.9014546687687135,-0.6425273154678909,0.31005377278340707,1.0031538530558373,-1.2598876400964458,0.30804738324449915,-0.04991564224486833,0.07758012962102963,0.044808772834350634,-0.04739083636195229,0.28219947175875815,0.6220322551219951
1999-06-15 12:00:00,0.1669726005499759,-0.9445557649357282,0.5755013078667894,-0.22555589086517663,-0.045992231094168584,-0.2885165638490377,0.19463880448503657,0.12118337408688497,-0.45538017576638185,-0.1329389111385179,-0.07769890015520975,-0.2508257040135105
1999-07-16 00:00:00,-0.005745930697939106,-0.48202891426385763,-0.2789655304206915,0.3642596737223571,-0.5309183796325168,0.5188283336802925,0.883792754124874,0.3855372642577352,0.5780602356409728,-0.34506975044947846,0.2100875057267253,-0.3238332509796701
1999-08-16 00:00:00,-0.19058186202248434,-0.06938895590450031,-0.18123222788693988,0.03952563571028361,-0.9175329051668899,-0.028226776414602583,0.05056154539667318,0.49145735630065507,0.24465528643728612,-0.5388964506768412,-0.7163218583255451,-0.2391353161909454
1999-09-15 12:00:00,-0.4391866027225933,-0.14811848659450205,-0.3850864757896234,0.3630531069441592,0.36974533543514027,-0.6759364671031544,-0.14621836286265616,-0.4374684011007243,-0.07688512913249643,0.20293427971032962,-0.8019389498513922,0.20604201615335194
1999-10-16 00:00:00,-0.07850305753082559,0.5809075638228398,-0.07532482444438232,0.01810801847952051,-0.3610184474110824,0.09772521539352752,0.2654389088231194,0.0341019802312391,0.3082107469823203,0.12492714732526311,-0.4094344117724088,0.33046750992091
1999-11-15 12:00:00,0.8581398240204288,-0.9824132431700047,0.29426073104293304,0.07466182163779114,0.5006000705173721,-0.04749599835211327,-0.153837155940254,-0.8005456911950732,0.4440722827975836,-0.4911889640544575,0.015173403565601928,1.1161311746725069
1999-12-16 00:00:00,-0.22067474225703215,0.02597880895955826,0.13460597170571242,-0.6338622294233073,0.5850577650616895,-0.10332976282248574,-0.7801949072387316,-0.3851368797040781,0.3038221795172767,-0.4449311968389119,-0.030693091132725003,-0.48949158700281087
2000-01-16 00:00:00,-0.5341890715998214,0.19084495921702557,0.39142659716459827,-0.09752670356367518,0.5762571376741257,0.29959733477778866,0.1184915796731783,0.11948805908986097,-0.4144330534019919,-0.6953937650327737,0.020338454443682208,-0.09386788941765756
2000-02-15 00:00:00,-0.4190890271133813,0.48704061964090595,-0.00524135734953346,0.5143934885491783,0.6968658579546976,0.5747887568415769,0.6712762588297403,-0.37547920976941934,-1.3735515843445154,-0.12404050129493704,0.41373905135140476,0.10028403057461288
2000-03-16 00:00:00,0.33376670016016785,0.1675056866820622,-0.05158491489418049,0.49076949173454176,0.3297832979864376,0.3223796752887561,-0.1179682516460307,-0.1302149740667184,0.28358971010024603,-0.5569531368109589,-0.6732741937960431,0.23282033515156864
2000-04-15 12:00:00,0.1579512324969593,-0.1570436918464565,-0.2979899473288308,-0.11244746369644455,0.32630317252166213,0.6345829233530078,-0.27612429620155077,0.563886160978097,-0.06506454914528921,0.2837447810599769,-0.6350734053556698,0.2002855121594983
2000-05-16 00:00:00,-0.3142747217195539,-0.3967209656614059,-0.5451740019191772,-0.4599827839027803,-0.7254012195921442,-0.024208734981543634,0.00631127787038771,0.17120615790090116,0.0758022496827993,-0.587245440904587,-0.2925310604199788,-0.036158780389231815
2000-06-15 12:00:00,-0.27924047982127126,-0.24458816847519937,0.1519327091572964,-0.05458432063197147,-0.45733075097229237,0.36546652729258666,0.072081787796065,0.20273587321740122,-0.005881445443893608,-0.500933183325247,-0.21992800160485848,0.17313339295539654
2000-07-16 00:00:00,-0.9894759833145188,0.13241974110436056,0.31475491345355944,-0.24716051076902967,0.3360394962308039,-0.06262554818382882,0.125733997321127,0.5234652852497357,0.0758045554632563,1.6126689474814164,-0.7607561225598557,0.9685193848022179
2000-08-16 00:00:00,0.26418478381084787,0.07483889991983421,-0.218728016734481,0.16537949464674145,0.42952926868166336,0.06526090462100842,-0.37760474312255826,0.10427536801586297,0.48128861665989287,0.06276491152214769,-0.4191275980290895,-0.4819269221474102
2000-09-15 12:00:00,-0.11880333889570777,0.022081514726705276,-0.4732189183378339,0.08033389030743607,0.449715060980401,0.6222569292735136,-0.6722656650877532,-0.5286948596299288,0.7836868809720147,-0.17406817372826572,0.20596010193389902,0.6101011532083717
2000-10-16 00:00:00,0.5183676548599245,-0.21174011697812406,0.0014586792720363007,0.7603880983657629,0.09696299399241343,-0.1435369756407644,-0.3079094687912017,-0.15433814731390388,0.10061591208823299,0.11356157574503667,-0.04545680646015904,-0.6292225153636977
2000-11-15 12:00:00,0.3080835244422965,0.923589598953838,0.119767573584381,-0.13502458272949527,0.14981736946530327,-1.245338366976109,1.4491864094196483,0.2147589432051124,-0.09749120369021301,0.3284186308023521,-0.20957422231387313,0.26641033004457604
2000-12-16 00:00:00,0.08296903543153727,0.02188142742417798,-0.3123301810904091,-0.07612568192285332,-0.07112732735933193,0.6085793882627123,-0.6600937430349535,-0.06775851821615697,-0.4279919280292705,0.03858104702649856,-0.24164506048555812,0.2482341773816349
2001-01-16 00:00:00,-0.24189855678460365,0.15859398030101945,0.394522701724882,-0.7169551639962065,-0.0014269601238620644,0.4299997562463794,-0.1266354822186071,-0.3127317491769426,0.05463320767400777,-0.25469062900075723,-0.4876834104652953,0.007120055025829353
2001-02-14 12:00:00,-0.8750564873424405,0.8595902954770817,0.8309833026987916,-0.6888261792780839,0.017370391432385418,-0.44802791937927033,1.3867505895571859,-0.18078392365770302,-0.08050341508643506,-0.4839393774947263,0.7366894181665404,-0.20298634569028357
2001-03-16 00:00:00,0.49437602123988666,0.010092775791889719,0.08501563458876404,0.06590807047470668,0.11861752703143752,0.5489235108739213,-0.22693469281409656,-0.13611348513359117,0.20537247181263002,-0.5587157536480162,-0.6476445311796521,0.16899225859136058
2001-04-15 12:00:00,-0.3613789092412329,-0.44958182299688,-0.008716412409988439,1.0954537091654921,-0.7166346511296395,-0.4163257594685633,-0.6000841453916594,1.1950874207864228,-0.3979120935838965,-0.37628231486323116,0.9576752012735921,0.10055270552699092
2001-05-16 00:00:00,1.64820674263681,-1.5773371537495406,0.5209644114946274,0.43145866737370553,-0.15566251270296783,-0.3142207192692844,-0.36029012515872477,0.2626636039774792,-1.1203893723061868,0.8700257493535708,0.31624971484962017,-0.29542865646525485
2001-06-15 12:00:00,0.8470547025254627,-1.229153344925321,-0.37272819763724835,0.3560803362107259,0.7667750319694533,-1.250596031661781,-0.24560629293757186,-0.3929389667467761,0.6074237307514598,0.48292695464369806,0.30340843726945965,0.8369992560337479
2001-07-16 00:00:00,-0.07685494539115384,0.34809880261066967,0.5928835564824727,-0.8011821582472858,-0.0519705397881184,-0.5040475329098765,0.8375047566694465,0.6838478369824779,-0.026716023079643603,-0.5874133355424398,0.42708120289379115,-0.23121312275309952
2001-08-16 00:00:00,-0.8817429609700507,-0.13429422865881446,-0.08178543300697405,1.7471149750032682,0.142814159027787,-1.7992765859049165,0.7172762235023993,-0.10509042833514759,-0.36277381620293825,0.5536462564955562,-0.1410754180538787,0.16661117107551338
2001-09-15 12:00:00,0.7072183563582726,-1.2987881817015445,-0.3931228041074363,-0.43748986153002833,-0.28899568196816144,-0.39217075744409235,0.48369325866622437,-0.7093221974564029,-0.16752917271752632,0.3174161557339408,0.3165824425046271,-0.1709751271139473
2001-10-16 00:00:00,-0.13210643450237441,-0.2627576254722836,-0.5774990872397481,0.009936620935440676,0.0359887232906112,0.499068907395856,-0.708553388692448,-0.3906003411303386,-0.5020032764406902,0.18931446624382742,-0.09653618825670574,0.8080251511267756
2001-11-15 12:00:00,0.1229513209783937,-0.6337679839265479,-0.6994812820222596,-0.41471137188919655,-0.1648155049983044,-0.8579218525654054,0.19209992086980454,-1.0566176295903154,-0.6501531288556323,0.05942912876907458,0.041781256252688914,0.08095097506735627
2001-12-16 00:00:00,-0.8699362115684324,-0.2512662110489148,-0.5794999662314265,-0.4985194966759705,0.40714424375303043,1.039285579950879,-0.7748026087474004,1.0653461619489355,-1.5064781615506224,1.1100814031121484,0.5706408538806016,0.972000120537834
2002-01-16 00:00:00,0.14613712563267883,0.06386592537410056,-0.029895208864080425,0.44486986757972535,0.7509589836184807,-0.22497374182544716,0.4182300893597901,-0.21686577127108753,-0.5848763768710263,-0.15627351815703705,0.016306550506174133,0.12650297398192034
2002-02-14 12:00:00,1.338644719829329,-1.0805680145620484,0.29430427580195695,0.41524579459260436,0.2686307501725983,-0.5972381167031354,0.37467291595551555,0.49632656616005616,0.26224666685757114,0.9052392846737076,-0.7556023864611943,0.06198795015435199
2002-03-16 00:00:00,-0.3397950997522056,0.03455099088911083,-0.30301969393181516,0.13613236885456725,0.6868150235676156,-0.49258522959028983,-0.8382740972876462,0.17234715490775754,0.6913692016001635,-0.10164228466719505,-0.12026515299895602,0.03746140848001245
2002-04-15 12:00:00,-0.43346603860809035,-0.33822214242710563,-0.5609736011914532,0.3273076481963995,-0.02544240751265958,-0.9285487454570597,-0.8919092441642513,-0.9882713010165686,-0.5714365965192713,-0.31223028764615907,0.2272114764805413,-0.3239263639993194
2002-05-16 00:00:00,0.36597478081806145,0.26780471300063463,-0.06032861371278492,-0.04513875538587227,-0.2537264616972972,0.3836706882231008,-0.47273812366154516,-0.46391588137305,0.24030070081035548,-0.4464645305472354,-0.30486579988956175,0.30716756833035475
2002-06-15 12:00:00,-0.7607109071976832,-0.23628668020262922,-0.8514053708685134,0.35932775658620075,-0.1512810919199925,1.092049033324977,0.42268394129398834,-0.847867938384148,-0.20082692481340259,1.531471468244831,0.768019819713949,0.03354165239275442
2002-07-16 00:00:00,0.29694950174757584,-0.41349678178087323,-0.19101648837496166,-0.32058219678549704,-0.13906515770626404,0.5626944537081735,-0.02822764180896531,0.7338351900123519,0.10883755683071222,-0.2728094001250732,-0.2667327319543561,0.055319939522192496
2002-08-16 00:00:00,0.0006728937256575973,-0.5694571727296215,0.18812777625367916,0.34061781096126736,-0.07486147607072269,1.3512018744654852,0.12256408360187648,-0.591234498725145,0.730345859336284,0.08360613397188976,0.3149440388816107,0.7405646720836881
2002-09-15 12:00:00,-0.13098839909971727,0.06989894611001612,-0.5444016164772416,0.12400296363091534,0.0691954945705634,0.5486476934127817,0.07561884660627088,0.8305171970825079,-0.07905371640311284,-0.43400474866635586,0.041644930203357244,-0.3157664804042923
2002-10-16 00:00:00,0.7284414407871693,-0.06969238248549395,-0.34457699022855875,0.0033618873215327527,0.9255604512589612,0.06755816156025773,-0.9998993377217714,1.3096625371261335,0.47796216839489203,0.3211725775392844,1.10001218625963,0.7471543625905807
2002-11-15 12:00:00,0.23261332921044675,1.403477098966924,0.1570418303199198,-0.5291411235233062,-0.7260834792623703,-0.9210110877256866,0.8586074690601555,0.18452559695471293,0.5164841929114025,0.5665520572558531,-0.6433731414914664,0.23586142959821388
2002-12-16 00:00:00,0.08215208104127847,0.08567289692536426,-0.28765971261530004,0.032042049569436265,-0.30435082250506823,0.43017296116566006,-0.42898537653151825,0.1742663679966162,-0.0917584385831939,-0.4849164505870521,-0.6317756485360994,-0.1575013345132552
2003-01-16 00:00:00,-0.11318677198528665,0.19225978873607832,-0.008682024214482775,0.3424563036873444,0.22578055291254367,-0.30868473265900176,0.05344249226734182,0.36444064011518007,0.2929569788925545,0.6830734117436073,-1.4044841436267683,0.11400140715248541
2003-02-14 12:00:00,0.03393920896501046,-0.452536196686559,0.9517745517305038,1.4905701685249224,0.10501117240213681,-0.6402025194247135,-1.029555053216182,0.09579384122559685,-0.021648177137986252,0.5563257727064195,-0.0905151660886887,0.11138539876688847
2003-03-16 00:00:00,0.6265173250714491,-0.03456333794445696,0.03816949929506086,0.23652037813772098,0.2851477285364474,0.5114723158163736,-0.4137608341121284,-0.34782518156307085,1.1077063247845795,-0.8908494727219338,0.1302202488895876,1.1473572034300599
2003-04-15 12:00:00,0.7683403201798682,-0.43546862631310956,0.17292709517028804,0.6254314155621382,0.0247041517134661,0.11221507201722891,-0.5531141046735092,0.04597605728215988,0.2935579683936142,-0.29431265260910916,-0.307740962652411,0.20840261327706056
2003-05-16 00:00:00,0.16144287235799773,0.014797333423137521,-0.10697081910914402,0.3877529641661711,0.8956876257764557,0.27866916935000674,-0.37287077266366486,0.695361381709825,-1.0008361720577843,-0.13386974349770958,0.33407087617693887,0.6783777998610842
2003-06-15 12:00:00,-0.49767666207091393,-0.6564956995803584,0.3386883311340052,-0.01720992363279683,1.3161123799444747,-0.796836625004505,1.7004076402008927,-0.13102375276569617,-0.5288678366234627,-0.2001355153222144,-0.12161230430029146,-0.16738033629049026
2003-07-16 00:00:00,-1.572391644556665,-0.4913780059503712,0.9729935032921031,0.3196371707952585,0.8595925504401674,-0.6012755532598942,1.4278422069105274,-0.12233985903801782,1.093696769915126,1.0290416992984235,-0.3524019761026792,0.08457055294925542
2003-08-16 00:00:00,-0.19850900143984646,0.4107756994835976,0.6569979829970773,1.1615301344031943,-0.5088785778507019,-0.023709817997927818,-0.7268819666262398,0.07788020303619542,-0.42916347842709585,0.7344097717965374,-0.11076139368161986,-0.07400016707555712
2003-09-15 12:00:00,0.9826162255778568,0.8291573070958388,0.08725879910708367,-0.40718680577516575,-0.7853690609390171,-0.46950891058117683,-0.10441125888833286,-0.4810172777355031,0.14770858129297043,0.5541514799583924,0.4428480723548964,-0.019177621492170394
2003-10-16 00:00:00,0.6137185698664251,0.03534646207890543,0.06378073134896817,-0.22531482442266523,-0.4055413774337986,-0.797735779131543,0.5573101034615616,-0.10865676781836947,-0.21609066348051398,0.8335280451483436,-0.18230716121846402,0.14245125615390797
2003-11-15 12:00:00,-0.024450871270623564,-0.025256648240686547,-0.14136312972124393,0.7477491904083748,-0.3015833171036403,1.0704129639411786,0.8360063631792722,-0.5467797534778869,0.2280535559019854,0.2559681312642146,0.3711515227889344,-0.38022626534187526
2003-12-16 00:00:00,1.0066249228123831,-1.0951742160442808,-0.07658044751563797,0.3737611957029521,0.08352511999961093,-0.8954807499397578,0.066951647860304,0.740331723767978,1.0223571754702292,-0.4182709522962392,1.4205689630386336,1.1539628189602942
2004-01-16 00:00:00,-0.4877792916260864,0.5077286250602254,-0.3800508030659129,0.7783540298000156,1.0105596003600128,-0.4396112051876696,0.28134763366720394,-0.23839342844129768,0.13767976503381651,-0.7433070985792068,0.5212218070600985,-0.32431446133104286
2004-02-15 00:00:00,-0.30758235284151664,-0.40621599595774804,-0.6140390402561742,0.13123186436949896,-0.20048031082759613,-0.4429850518147008,-0.34258155645146726,-0.27839293755842903,-0.38015576229828363,0.1529564048550306,-0.7393231781629972,0.41318506467244964
2004-03-16 00:00:00,0.1422230743560585,0.61327866645446,0.8330878825616923,0.9321023873778177,-0.8930835066145633,0.0235369099616326,-0.7604604408439877,-0.09471805638181385,-0.8267244320825969,0.1870839174508866,-0.02939811457421948,0.2536741487234814
2004-04-15 12:00:00,0.4598479054519566,0.8050732977337586,0.0020767453645461065,-0.561798653123947,-0.588320764820607,-0.1225024767738504,0.3488540992886703,0.2047914736144515,0.07406374748075505,-0.20379402169662275,-0.3112693872888145,0.4549541558651301
2004-05-16 00:00:00,-0.4406711396009621,0.5038294660674585,0.057213082056297826,0.15432582140306356,1.2780843536968534,0.4784079638838461,1.1887879992095591,0.19212546797265423,-1.09440341228465,-0.7603713691326928,0.383803310966798,-0.14793044259379862
2004-06-15 12:00:00,1.3154489889795011,-0.6777074080141361,-0.06947582994308515,-0.12966973773193063,0.1253589024448431,0.18493556482297513,0.0720119759516698,0.16163937512311038,0.004370685551872554,0.35055222637478445,-0.16816854661788994,-0.6547685061773695
2004-07-16 00:00:00,0.02149128015786994,0.11166055787357891,-1.029088381068901,-0.755754033867347,-0.44014442769657613,-1.1498123752964133,-0.3371233993331181,-1.2249988699434873,-1.0772540613593693,0.17286715525666174,0.40860078973810343,0.49371116267279
2004-08-16 00:00:00,0.05205941334859926,-0.33638893517364343,0.03355676833975613,0.09119303444913357,0.5790732053131502,-0.02576836975609431,0.36877875715219455,0.12768807993491033,-0.2643152557429757,0.10569930600063648,-0.4665746106604056,0.2740430798682708
2004-09-15 12:00:00,-0.2617031715870081,0.37423224152129686,-0.027978526690712102,0.9272837643637467,-0.12118171546049664,-0.8525512734013133,0.19139873402091856,0.08480891017859778,0.8399879782506946,1.0539800007372233,-0.3924911348787886,0.40237264509360393
2004-10-16 00:00:00,0.5099429621073319,-0.5834255941419229,-0.365885606827408,-0.2934038520876434,-0.29018958699715075,-0.005672151703451478,-0.22295502109863627,-0.5039227412022755,-0.040330455298446324,-0.20171689071517646,-0.24015914043016307,0.8102092609400654
2004-11-15 12:00:00,-0.2617406776303513,0.17990295031323747,-0.5324376946811369,0.0549569998899066,0.3795216329517184,0.8481126237633927,0.17996350694730845,0.25652668728660705,-0.44268258860425025,0.18327384702725869,-0.3115611544912411,-0.005235821191118983
2004-12-16 00:00:00,-0.3504444104195758,0.06172157856167641,-0.46754326562965143,-0.1403433353837049,-0.5931769148366959,-0.01801958377757029,0.16311498388049428,-0.1173350401524397,0.6150559853491631,0.0391998494823238,-0.0006162238990365942,-0.29881715165729444
2005-01-16 00:00:00,-1.016849839162652,-0.6399757141612673,-1.8066457867962855,-0.6001855270327404,-0.5594328406333748,-1.4122500141422951,0.023600028584097876,-0.19891530714903943,0.123758391670986,-0.7359435151398219,1.2401787493036225,-0.10366648346242868
2005-02-14 12:00:00,-0.10549658053493516,-0.02758163364812291,0.27524015768811105,-0.07212953417222541,0.25097680789490706,0.6941808945086756,-0.3779876924677808,-0.09057555135265331,-0.49766872472606055,-0.3297870703491458,-0.008379707288885596,0.7251246375492205
2005-03-16 00:00:00,0.32331744564540615,0.5433380458469812,-0.46785727214445405,-0.21859532603106452,-0.220430743401819,-0.22964026159237694,-0.5326016181146109,-0.46885055981391577,0.2943362929283758,-0.2543464942874579,0.09158387946092583,0.287468978623463
2005-04-15 12:00:00,0.11131265886386105,0.08444524180119908,-0.30001263203336104,0.13516516232527592,-0.18876954224492878,0.2692587296613521,-0.12339722777899567,0.005043282490603811,-0.0028728070720491425,-0.5522478544422804,-0.6708669355886665,0.28962965163097687
2005-05-16 00:00:00,-0.11410743441090948,-0.23537472723860725,0.721124279345962,-0.5587884355586654,0.2224725526809515,-0.26493846638780905,-0.40865325176051176,-0.7484326230534207,0.5190307203661105,-0.2583494080970617,-0.04923651050679645,0.887691503351549
2005-06-15 12:00:00,-0.010017130560060816,-0.22500296470506342,-0.3275664945849788,-0.22353559175109,0.10866416640433402,0.5131530947473508,-0.003939513429529695,-0.3379997284438349,-0.031183767914717858,-0.12201193700691709,-0.25879246351290974,-0.624301922134633
2005-07-16 00:00:00,-0.06081033931333463,-0.3629537685412153,-0.25160775811589875,-0.17430592859681915,-0.30407331932252907,0.3014635878697151,-0.12314246336530796,-0.1760641481465095,0.05828826144394933,-0.7978061403553123,-0.5298605572418722,0.17630616536522836
2005-08-16 00:00:00,0.3371021831549075,0.7660209539541554,-0.405876199017542,0.004308291040985346,0.871602911646413,-0.14351275340797753,0.49477690610786107,-0.14257573051339972,-0.14684618263716337,0.31377197744674024,0.7994337848661763,0.18837989012225553
2005-09-15 12:00:00,0.23311604757055848,0.05982736461534191,-0.09719402309330594,-0.27956977994484233,0.02108166303573719,0.05007604535194865,-0.16695529771244072,-0.3517879183640077,0.08838828757503256,-0.40893015622858414,-0.4391718962118173,-0.2610267589577449
2005-10-16 00:00:00,-0.03341788067823398,0.7860121319153772,-0.1698249185881794,0.39440738586558854,0.549430099611387,0.6096307859032668,0.9440584972490105,-0.32886247171450816,0.12548181039751194,-0.08096979873575194,0.054955452222053225,-0.03451543020474235
2005-11-15 12:00:00,-1.1940863444984822,-0.7589873876516264,-0.17307317337585754,-0.04518379716914481,-0.45739561432683756,-0.7640576872860906,1.4883923610004068,0.9711049507672972,0.38132918335645133,-0.12261757794969153,0.3586484568579318,-0.03899454980677686
2005-12-16 00:00:00,-0.4636131985964654,-0.17782890374365107,2.1366278687300904,-0.38575627033581317,-0.11292075144843736,0.2425439146540383,-0.5998032297439937,-0.6475102716459976,-0.21925028538032487,-0.4921910448799571,-0.06563487201811191,0.2513473655279218
2006-01-16 00:00:00,-0.2949740534987089,0.1662525704573095,-1.3415727701753726,-0.4005624708171862,0.06289404689735012,-0.37298670809122114,-0.4503295664893747,-0.6001498360603356,-0.22574356917751365,0.2587412858899457,0.035687265647627475,0.016413228330417806
2006-02-14 12:00:00,0.45226155084109165,-0.42972849563602744,-0.3912268187009655,0.01332743352515281,0.15652488100468753,0.1742383081040773,-0.5173069309807499,-0.0005617352446459986,0.47985571327032,-0.44802795573087256,0.06373971120050248,0.09809073674611957
2006-03-16 00:00:00,-0.7101293925394285,0.15295016130674574,0.13433197470154995,0.32906945465495624,0.3383063032514047,-0.21888307807651575,0.262970862591544,0.8994776095254187,-0.2924557481242058,0.5605429147578669,-0.5896722424637972,0.24187839780794929
2006-04-15 12:00:00,-0.4976194845896971,0.4551768269929054,0.7382232942602853,-0.11437689753635757,0.2838692448643934,-0.32267439296258116,0.16063767310433585,-0.2505185110935212,-0.4225135480538534,0.09904301173928143,-0.8737125529754277,-0.1345027658149366
2006-05-16 00:00:00,0.4905973936887016,0.30156529327040166,-0.18991249709789018,-0.3056606751851133,-0.8535749830240655,-0.12567716989294064,0.45122334812712905,-0.4383684212203983,0.1790206414824002,0.6528664027102253,-0.03261312982037423,0.0707202383870632
2006-06-15 12:00:00,-0.13097930900941973,0.3272681480436853,0.21536316273482792,0.9414549715337067,0.40526182494605495,-0.39664693299441145,0.37884501648753766,0.028836005997221803,-0.3200311354466894,0.1458896310028701,-0.5193238752576916,-0.17278970772924457
2006-07-16 00:00:00,0.42800440225401565,0.9475420364764223,-0.1983714269306638,-0.40883437908824344,0.15136364500334681,0.259995888317317,-0.31251578309803296,0.5426983251003472,-0.6097855361547808,0.06819717073463238,-0.12753249384791632,0.41055837556024566
2006-08-16 00:00:00,0.8055105229664788,0.08574809014876897,0.3538019845010689,-0.32344058028563916,0.15076501292358208,0.42746027930074915,0.25432060373237775,-0.11728615679595876,0.17030939426121744,0.0398746885470207,0.020990471725955473,0.025606949632081655
2006-09-15 12:00:00,0.36674152114699404,0.6713887599035198,-0.7392532827533376,-0.7283890108824609,-0.09002407248421469,-1.252221135114206,0.7214949825386179,-0.35768010328470906,-0.6035035043905124,-0.0866903285811853,0.25271024687061217,0.14508623928755537
2006-10-16 00:00:00,0.6182858629416621,-0.5824738086179072,-0.4106286733592396,-0.08775369675719899,0.12801578940344466,-0.20433182256881866,-0.03580634859154408,-0.0711511532569131,0.4775442472175218,0.3507534029850078,-0.1206543611316353,-0.18915770420069922
2006-11-15 12:00:00,0.13957170769888894,0.17714079877618202,-0.10628313865152647,-0.030395530976677257,-0.3028694353332873,0.3559681640300449,-0.2373090718484166,-0.17047621358455778,-0.16918022244382375,-0.39424167972468754,-0.7665801582806697,-0.33542301016363457
2006-12-16 00:00:00,-0.18981500792383083,0.129200934933893,-0.43381877555679216,0.319652894752256,-0.11180630470119654,0.6168396842617407,0.7348859879866605,0.2342012708427198,-0.27158328464832754,-0.5465737804082458,0.003795180150272026,-0.30224523341383563
2007-01-16 00:00:00,-0.615951831115358,-0.36901060469285185,1.2791362598096987,0.7164831842524657,-0.042135781343799444,0.2895173676908956,-0.6367752497491846,-0.328579701153633,0.8038336835142318,-0.7740588359067,0.30960273951637585,1.1451530685836873
2007-02-14 12:00:00,1.1499823587041749,-1.5545887937998382,0.013416409959960407,0.011097479771095348,0.04417772768474856,-0.465587470841358,0.07124735876558408,-0.1805385354180009,-0.1153456716305674,0.47699654657241486,0.08678205396060812,-0.6917759152416623
2007-03-16 00:00:00,0.2905000094559683,-1.2988540279403993,0.31483109073243853,0.5229673337677667,0.30171466132764624,-0.8236745561476592,0.5228635013637786,0.22731123627358124,-0.3571665054916396,0.16824572784325276,0.6363582740106211,-0.23814873806942122
2007-04-15 12:00:00,0.0389167047112301,0.3823652830320746,0.2765796875896598,0.07311966362357622,-0.2760842815217871,-0.16466117872131592,-0.6743653071552935,-0.17838758313857805,0.3897738197808964,0.009520229568429572,0.19108979908142665,-0.4999620165529174
2007-05-16 00:00:00,-0.5565611759482858,0.12815582532563896,-0.4454912112662316,0.447857920735265,0.0252130524449663,0.5435761941218853,0.8197867446207749,0.2757017699815947,0.7413025247531299,-0.02129085872136649,0.41268795704385086,-0.37472002072774707
2007-06-15 12:00:00,0.19188839985892417,0.9267481042070548,0.08670768135882295,-0.12302077224954101,0.16352069126799662,0.000734589354048687,-0.514346645750746,-0.1941940367251222,0.9256413661123318,-0.09719528867058452,0.12390353289811151,-0.10109226886738176
2007-07-16 00:00:00,0.15907962118788263,-0.04553550546249324,0.07094997607237014,0.010511952336664993,-0.44552880931681266,-0.2325256527481807,-0.0951670767565796,0.23375446723385107,0.3616702984095091,-0.2687677776497234,-0.02166368429751997,-0.23387689216763513
2007-08-16 00:00:00,-0.7697982431713855,-0.30047305344266345,-0.23656276363221113,-0.4633580205331893,-0.03338633743318001,-0.3125537691572855,-0.2950415330563858,-0.26003212566944384,0.2796777727063812,-0.2930693855235638,-0.5583504353815384,-0.3910709175725181
2007-09-15 12:00:00,0.1751470712299293,-0.043254196309256976,-0.36697871739196597,-0.27827513398056813,-0.5826633982881726,0.01062775932953064,0.07130841111290831,0.6899061468519846,0.46736972105215074,-0.5569917584953435,-0.10594349294087979,-0.07568010874074182
2007-10-16 00:00:00,0.5722429761188726,-0.050788824733949245,0.673236282893148,0.9435875435502717,-0.3698702162181181,0.11080760308807014,-0.790576365306749,0.033963781113795985,-0.49836338544217157,-0.015827492822430678,0.27033904252005336,0.14951919480066056
2007-11-15 12:00:00,-0.6186947043498285,-0.15337515622562653,0.23022638094690495,-0.6277742937897342,0.265618834908291,0.03739897128838032,-0.8230478628370137,-0.5236001261641298,0.24630035811572365,-0.3897574225642926,-0.1361701837772229,-0.3910128057927993
2007-12-16 00:00:00,-0.15533284878372433,-0.1498128970147013,-0.21374669282059203,-0.11000761480107657,-0.23003886611231733,0.20928455968030107,-0.28514343425564137,0.0035564389292223123,0.15106178122666034,-0.3156263134576845,-0.7326042484816453,0.04012292465028122
2008-01-16 00:00:00,-0.731695978075664,-0.06199059736561163,-0.1604704495838543,-0.1113997193302415,0.06482913207888516,-0.4858365036846054,0.21183172267899553,1.105028716520802,0.5597807661665979,0.7163146121176869,-0.9261112669073996,0.46114372252313063
2008-02-15 00:00:00,-0.32429598036510404,-0.013325049147430573,0.36815703973358627,-0.647829783341017,0.002608606563463789,-0.28632968770016853,-0.18952796662049673,-0.2845931710600294,0.04600974894668486,-0.006095557195800239,-0.5658911994592254,-0.03617844459315167
2008-03-16 00:00:00,0.2886108714759255,0.08457730976090969,-0.42651303836848364,0.10354216852387829,0.4348902740305714,0.5219081974572657,-0.04681862541729909,0.3515780038323637,-0.09861930566227016,-0.2643309757203286,-0.3700469674103516,-0.3647788888147344
2008-04-15 12:00:00,0.06423017204253856,-0.15346095737157733,0.16594185605905953,-0.5915679114158048,0.026292010351553957,0.2945158544819517,-0.3817329894801381,-0.2850848390889337,-0.1967557518939298,-0.3481267845546181,-0.6623671705378829,-0.46025858890962984
2008-05-16 00:00:00,-0.09767790645089941,0.11006184224146238,0.9863381789268353,0.9103810908788984,-0.2685961055929096,0.2709429406543182,-0.7093401784687867,-0.3212574062708203,-0.4713354604371019,-0.6298685747592704,-0.11984524322214929,0.029613352699659812
2008-06-15 12:00:00,0.5603628277947671,0.7882527240859348,0.6468440042764839,-0.39019394237337895,-1.2084217718774957,-0.11582488205703612,-0.15735518513824773,-0.003522315494538658,-0.0013823782982057414,-0.32090649053585535,0.049877030978964676,0.5623734552353615
2008-07-16 00:00:00,0.9051385554606122,0.45032200658983684,0.4077453822713537,-0.6575813283641048,-0.20475104858006385,-0.3817281024597846,-0.34082296562357683,-0.2737521918259136,0.5783281982042024,-0.19289565002108877,0.07269026331712314,0.31741833318097956
2008-08-16 00:00:00,0.12423283670904633,-0.1372562578717555,-0.109518687568048,0.007766307260715033,-0.8537656780543943,0.22861040786601783,0.3927071312053102,0.26836528698356865,0.7475699712123537,-0.32064386165612635,0.38681810572199904,0.06370629823456297
2008-09-15 12:00:00,-0.30776457605875757,0.32872685537267543,-0.4638868276646849,0.07588952620610931,0.5026807247113214,0.13437923621253944,-0.23203168493567994,0.7793654837558229,-0.011922646077332247,0.873884382973869,-0.27864891773368305,0.47984795977130246
2008-10-16 00:00:00,-0.26203374161002285,-0.7018448677725236,-0.5938546004795928,-0.4983531214402928,0.04667672522052729,-0.3550107702363071,-0.5062448831462694,-0.7542715901389737,-0.40717853078414284,0.07044862824439901,0.27624001750064675,-0.3463517865388069
2008-11-15 12:00:00,0.17834423937213215,0.00933141234229623,-0.3925809349521303,-0.013812415531336011,0.7591563010649853,0.4547310935421409,-0.9632614748387481,1.045662230769877,0.2032000204578978,0.25166931588471575,0.6309212489409215,0.26665171793518894
2008-12-16 00:00:00,-0.26867733184785564,0.24707459017574504,0.04904637635508957,0.22917373097372978,-0.3599272494851883,-0.3701443909334131,-0.015973457175650185,-0.3806074627760111,0.1636644782862553,0.3589156112360299,-0.22067885214416816,-0.2440142996348127
2009-01-16 00:00:00,0.30821686955465477,1.0518437653399368,-0.15166114541334938,-0.6957366562227401,-0.7734283645174933,-0.1038303896428523,-0.0974331849044387,-0.19501252172247152,0.19358986412262708,0.15363055771732537,0.13391042403870945,-0.20868610545206095
2009-02-14 12:00:00,-0.7751052147898023,-0.3200007328910314,-0.7489037379572345,0.02202799191352059,0.10470932352993523,-0.5522810386040881,0.2817802747264019,-0.422031603434491,0.2172673512777123,0.36703117603492486,-0.6562516336038657,0.16760820586499048
2009-03-16 00:00:00,-0.22365578825602966,-0.22018912434352633,-0.38431606115403033,-0.009850016416608098,0.020681331755313642,0.32357001375828925,-0.26656511242801706,-0.7197348777534343,-0.7115881293744012,-0.3117076356287874,-0.30535103929741525,0.11635688076416473
2009-04-15 12:00:00,-0.3551877720834103,0.05997228890556282,0.2714040171806875,0.1267307800057731,0.18608610046762536,0.43087404966135734,-0.8715952606548376,-0.08195950676310798,0.2145365041718491,-0.1601425279224425,0.3104513945083631,0.05416632118155329
2009-05-16 00:00:00,-0.22163087403956833,1.2257441015129023,-0.48522206310885474,0.8707679926787287,1.5868709066479,-1.1850658703461492,0.4327450729324235,-0.5745038298806989,0.36114543014989237,-1.0328452635720424,2.2876521227645377,-0.3032963217047063
2009-06-15 12:00:00,-0.08391756158926184,0.1703184645021164,-0.5557380280007951,0.23337969131607494,0.605314568369383,-0.18574698066256234,-1.064574152468576,0.9838962468348754,0.208123485983228,0.07914834715117347,0.35922522956750513,-0.4435111284417596
2009-07-16 00:00:00,-0.7210803523630194,-0.34087309276589584,0.34675973193313225,-0.41200266337727587,0.23447867875204992,-0.020340157006184634,-0.015151374418173658,0.5129367085333991,0.10247298644224999,0.29567999782257426,-0.7915420179344286,0.3007981303298076
2009-08-16 00:00:00,-0.2831922444729013,-0.3880648339694224,-0.7388722876888814,-0.007292856347570417,-0.07040773161398174,0.06674938533437325,-0.04753932719722054,0.5951283870033889,-0.06376957136346285,0.02651128388091961,-0.29725471242336643,0.8014142875788309
2009-09-15 12:00:00,0.2550618878456439,0.6411132277628994,0.08720817543908649,-0.20112992977897862,-0.463221003495185,-0.04519394852956615,0.08666877836627085,-0.019832563584686567,0.21698550321653753,-0.025786879748267655,-0.5418713480039535,-0.05340750376391157
2009-10-16 00:00:00,-0.14022665023494546,0.37611337596109495,-0.40445609030819785,-0.515466718967126,0.16302375776965633,0.5951647909341371,-0.0316722757232365,0.6202651417317875,-0.3693193241110919,0.033581569558431834,0.46042479347816245,0.8622944447836424
2009-11-15 12:00:00,-0.7726788149687658,-0.5172340371696754,-1.044523873280742,-0.39223414196163864,-0.6134175580520291,-0.5881018668329531,-0.037105543377289885,0.21530594603030917,-0.0782238482120314,-0.6033581355911513,-0.17904415166680254,-0.07123556256028596
2009-12-16 00:00:00,1.5145901870141383,-1.5670258183474894,-0.13368346304875206,0.1700272624491791,0.6311455707825429,-0.5276053952399032,0.474727454324514,0.011396835106937023,0.08435208839340727,1.083634918448899,-0.21603050804323587,-0.06011604563658146
2010-01-16 00:00:00,0.1862731276794146,0.5538663267401409,0.38711180220979957,0.10652589320314104,0.10104879609585765,-0.1890217774080314,-0.19575473998420062,-0.26858063482867267,0.23000308083825077,0.04746462972769572,-0.2744140494086874,0.10092460130313496
2010-02-14 12:00:00,0.8100368141245273,-0.4653392624666508,-0.5800973678246187,-0.19525034849687672,0.3062430837360187,-0.17503017073940663,-0.3628699897285512,-0.2027484601536077,0.049924798825126245,-0.34392629457815516,-0.26918771257763363,-0.475241672958721
2010-03-16 00:00:00,0.26092765648414673,0.8429288881587698,-0.14599056275458855,-0.2043812487918213,-0.27454372138783345,0.325117991492256,-0.31840486109348404,-0.08279373051677785,0.458831223313202,0.05840386369150108,-0.10430418619345927,-0.4452145641557037
2010-04-15 12:00:00,-0.18739222508105674,-0.03247466088049025,-0.31939326557771003,-0.11185773778178251,-0.27682024580088227,0.1723819405162927,1.1687661964146279,0.6592711785797996,-0.057410292133864615,-0.21015262448430078,0.2624720305452055,0.0967523596241131
2010-05-16 00:00:00,0.22190683587426255,-0.0784601843026431,-0.1166880051071405,0.6368532048060717,0.41946966369494626,-0.2713877587001817,-1.2340306380839552,0.16177107048230865,0.5171616271220831,-0.00984393740724876,0.2792222131314268,-0.0776107457600782
2010-06-15 12:00:00,-0.9618137720756617,-0.3205123916971772,0.09876133730897463,-0.33524985739637636,-0.20464884005686562,-0.3715832826802431,-0.2757922159593724,-0.6080000214564633,-0.04873756673004957,0.2364945092050158,-0.42600852317823446,0.11326793357887566
2010-07-16 00:00:00,-0.5169413924863897,-0.12504277562362837,-0.5465185723217376,0.5346921515571152,-0.0017094648731118267,1.0438420405736906,0.8065374424099552,-1.0237168272529265,0.2900475127262125,0.37441672272039384,0.595082461269449,0.6506531715180385
2010-08-16 00:00:00,-0.6158653530375788,0.1157654569562689,0.7303803136922573,0.3174261573613125,-0.5070937953392565,0.23183684876281607,-0.6201501611534687,0.0640486600196207,-0.6739983947262216,0.0029448247683759865,0.20914105340021605,-0.3957810468971288
2010-09-15 12:00:00,-0.0084591123498855,-0.21098194052203367,-0.001274353729177391,0.4006745650446918,-0.3932291100247449,0.4761950283980133,-0.05986050828025952,-0.5775199042350508,-0.1702372194548163,0.17712993777407204,-0.14112803294291876,-0.18535922579879793
2010-10-16 00:00:00,-0.34289413589836776,-0.14172753326647014,1.014367537033606,0.058119300183778144,0.4684698866116785,0.17582801941793852,0.22775486601030326,-0.2820178499146617,-0.5915551377555021,-0.36169976451093977,0.06422149718663106,-0.590423119133102
2010-11-15 12:00:00,0.480576026523828,0.6496029676677295,-0.2578189925587792,-0.6972243053003476,0.006137876610613102,-0.5577198350615983,-0.15662781488225389,-0.6116716247286201,-0.03365377991521308,-0.07151492602453735,0.24682150465560482,0.10710140671910684
2010-12-16 00:00:00,0.23132913893999882,-0.4640435803594264,-0.14431387106545185,0.12368064339329932,-0.2665960545643023,0.39342949987315673,0.6934376611426125,0.4516459024401642,0.16270533586194003,-0.004554931569049292,-0.11206458842994294,-0.5711176456863561
2011-01-16 00:00:00,-0.051989256651848226,0.5307766281392272,-0.15468504523716936,-0.020984698277593625,1.0421910667221261,0.09713964540247766,-0.42790680590720315,0.8066380844641861,-0.13280878029057913,-0.28145383082523606,0.18672237947952186,0.04955880797337664
2011-02-14 12:00:00,1.142501010801842,-1.0206379904610206,0.7656495759630326,0.27200784793756144,-0.08763611622881767,-0.5112754894338091,0.399843410620937,0.5912702950774579,-0.4815825178325123,0.002484439242976144,0.2134889243975191,-0.6805828814719308
2011-03-16 00:00:00,0.4887493802124604,0.11577808313188444,-0.5046466822802786,-0.27880010877361283,-0.4977795169698254,0.5371227028423902,0.11528249207627594,-1.0162199589667564,0.17930313925508562,0.11335458402554999,-0.03649953989879773,0.18214324070079124
2011-04-15 12:00:00,-1.804985797977496,-0.2439063268049239,1.2047393055896944,-1.0258336437497793,-0.04984904638393163,-1.0172900143772137,1.043739399766219,1.0658670781419397,0.28943562548065066,-0.1324086195654811,-0.06756560702791825,0.11725872894162737
2011-05-16 00:00:00,0.5856774348926767,0.45609467393700404,0.11563004019389211,-0.6297765325398397,0.039275117727136044,-0.025700987145520937,-0.12520619476631825,0.4096760895136519,0.2709149926093978,-0.12090815678915678,0.2677459907872195,0.917212523424075
2011-06-15 12:00:00,0.10613002133489699,-0.42943184792774336,-0.8076667808808938,0.38709650222749337,0.5466094901762757,-1.1603286771975294,0.4245909406513344,-0.4263986167347056,0.14273154134821803,0.578909350862246,-0.3431825188141273,-0.2218901779501954
2011-07-16 00:00:00,-0.5915076497880991,-0.3067165150389457,0.6600139093597108,-0.4081471891597076,0.06336543711546938,0.21985720585733542,-0.583369292199408,-0.30815677480443593,-0.07682100470342071,-0.36238178892976347,-0.45794353713970026,-0.38948965832439975
2011-08-16 00:00:00,0.1447113572678099,0.5297251535724031,0.05532160947776543,0.010617677426777244,-0.2006564449758679,0.31495330046484254,-0.2796841248801746,-0.19756644936366174,0.18881699786350226,-0.23020923759554274,-0.2111862378567282,-0.6479461433652932
2011-09-15 12:00:00,0.3965477979973523,0.02081429058925907,0.3442394772773192,0.32860670683682985,0.5317068753045515,0.018416267465483083,0.13530209078183486,-0.01374835244039789,0.11778787352052678,-0.35926492853277825,-0.1690216265135438,-0.015375150559306716
2011-10-16 00:00:00,-0.06467836427924206,0.6057183332588217,-0.3733214753940567,0.6019453790019609,1.0181426624313243,-0.2736082626703714,0.6623431269570557,0.21130345064050687,-0.9644441958799154,-0.39128869942857936,-0.37291123425310546,-0.2011119515217668
2011-11-15 12:00:00,-0.23618166065935814,-0.08251052538855491,0.7526688926357237,0.9017515607146162,-0.44504839620191156,-0.5200488633061168,-0.14511120377124634,0.13025248406003886,-0.5072513189297988,-0.13355158816896784,0.23768002932212884,-0.17441153077405908
2011-12-16 00:00:00,0.1288090896722984,0.09373025138005679,-0.1521041854057957,-0.10084890456666695,-0.314731434772054,0.5630293849021283,0.3349839784018087,-0.48866116422401806,0.49634854783811594,-0.023383266170331374,-0.1931463561822243,0.5303280716353241
2012-01-16 00:00:00,0.5541952152989486,1.4728560620464242,-0.035359567698074246,-0.3980440027961841,-0.25218080220806416,0.021798284761913034,-0.5206699426260225,0.2445376333701032,0.261644981536063,0.29533916066328725,0.49014319157413455,-0.21214933847238493
2012-02-15 00:00:00,0.4684502563692466,-0.2056509571726589,0.6785156894697246,0.7610513626047045,-0.680933586861026,0.24737970629071,-0.43944274812625816,0.10445328218601273,-0.6515410791713443,0.21539444341985914,-0.1042514374724981,-0.16571484529647412
2012-03-16 00:00:00,0.05909291110503834,0.5177856857469425,-0.2978579430635409,0.41922997715909904,0.6148332080600607,0.005016149599118114,1.1572678846331694,-0.2226265630813266,-0.7565635138393965,-0.722214457362597,-0.14082569702272552,-0.0967975131276152
2012-04-15 12:00:00,-0.7055652393306144,0.4338797622113477,-0.2052368097129157,0.6590979427295165,1.3519613516444433,-0.710034806164722,1.4574443976084275,-0.339372337141193,-0.9974150726100238,-0.960989622016126,0.05849533123688766,-0.3397966974985163
2012-05-16 00:00:00,-0.2829690434914666,0.06623234914753018,-0.7100433602449123,-0.13852637804395143,-0.2875825081179671,0.8565084765996491,-0.07563545293238899,0.7671358763568131,-0.05866789653080212,0.43928890514510655,0.015807184309017064,-0.11428397074051577
2012-06-15 12:00:00,-0.07924037967839248,-0.18238871365789472,-0.04915168194580882,-0.27087199308665033,0.3041750466948099,0.3614758402411407,-0.4847576594457587,0.06734658622135833,0.1523079183275598,-0.15481447412522098,-0.5062280209635742,-0.3385488877081406
2012-07-16 00:00:00,-0.027248810918050315,-0.4092325971902877,0.13173992819287494,0.577551394225977,-0.2607319254563977,-0.5593417493829004,-0.2311146385895438,-0.25440520350885315,-0.31046337881932,0.869909994954486,-0.10986061857757412,-0.17238881543263523
2012-08-16 00:00:00,-0.1086774370413135,0.5947724474462088,-0.481430965053653,0.07933050505520589,0.2343428541024951,-0.3981237495194009,-0.013846196101365615,-0.08194027557058473,0.6259236838527077,1.1693569814054974,-0.5100184151496334,0.7827036217916211
2012-09-15 12:00:00,0.07204552655742952,0.17862050816067737,-0.24703427022007915,0.19608557670238275,0.10664761070233092,0.11448584351972724,-0.4939215317908489,-0.17974216923081887,0.2752450080305922,-0.4033464331605068,-0.7049959304620368,-0.2615017962525709
2012-10-16 00:00:00,0.29152215001799053,0.126352724999809,-0.14338442748982608,-0.2619951104025744,0.1109250259543138,0.2341874388545231,0.1346884320461832,0.07439994908300888,-0.16356581538431647,-0.5265896983479289,-0.26571014209515964,0.08256125973308837
2012-11-15 12:00:00,0.697802314372727,-0.013717707653930183,0.2420652255322293,0.1791071998649345,-0.3073971338267746,0.5066348223230068,-0.3464952498678498,0.03462893590537586,0.0567258349763585,-0.4453748421577689,-0.3440070850698369,0.3854601443161342
2012-12-16 00:00:00,-0.18470450711631098,-0.3000883083401333,-0.38736451057245913,-0.442527808442605,1.0194748934736362,0.6780965983403219,-0.8951915044531458,1.9598460184850657,-0.6274891187497423,0.9396560436769801,0.9958519870058722,1.047546440480831
2013-01-16 00:00:00,-0.39381386240732014,0.12986270689983487,-0.5189139402284235,0.3754146075646334,-0.004003141022131257,-0.14860470608546816,-0.5784357176253468,-0.2024226107013688,0.10537525988927629,-0.06382803549627769,-0.02618330165340277,-0.2282206844165111
2013-02-14 12:00:00,0.21556581101153605,0.2875315473030021,-0.11219673789103324,0.3546745501895636,0.4699829328149911,0.30545950584456866,0.2089484144776319,-0.2433128224943436,-0.30709198141844585,-0.950492098665066,-0.5939145147016237,-0.26402189943633236
2013-03-16 00:00:00,-0.29306721221798365,0.006086972913829786,0.10910382293560511,-0.23699989369503155,0.1307605540872499,0.10933934043134752,-0.6081103337519126,-0.06869225197612157,0.3724145963703746,-0.5612038188819084,-0.02864389875934359,-0.47814764055053466
2013-04-15 12:00:00,0.13868056660543207,0.6699227336906223,-0.354447076802673,-0.2273781261145849,-0.010313988153456688,-0.2568005809731341,-0.08014784684437609,0.0966842772828422,0.09922727027999773,-0.16237832835854277,0.1324521266421408,-0.213075587956703
2013-05-16 00:00:00,0.1173828458953364,-0.019896993093621806,0.7080382316410594,1.3516404325069442,-0.7622263581407163,0.1590689591295481,-0.8431207715322888,-0.17354299240765098,-0.7153568744446367,-0.3102877906396183,-0.4364844222672718,-0.1982736984561363
2013-06-15 12:00:00,0.4169685956394573,-0.25269333752475925,-0.9539955104126648,-0.36009333216682504,0.06882150971219858,-0.6387210134129789,-0.4724310214060051,-0.6493509606047533,0.06537231040567096,0.13998839089848647,0.5624262495202976,-0.20588063908084786
2013-07-16 00:00:00,-1.3257061820439395,0.3146963447072506,0.3731755510072883,-1.1906352727269578,0.48151224813688104,-0.6715967500456951,-0.7095838392355638,-0.725715507159158,0.5714289413402709,-0.04001630497137054,1.9685309838739835,-0.017135143847192502
2013-08-16 00:00:00,0.6415823772499547,-0.39320704105495496,0.06710270625746995,0.5531144002739335,0.12277646998616937,-0.02990228927583849,-0.10465370413725344,0.3141927202662671,-0.12245388368694361,-0.22502608936682633,-0.3801533676000177,0.05758346664951186
2013-09-15 12:00:00,0.10084440022717622,0.5346447481251134,-0.008578813308209754,-0.5968184478250667,-0.12236351169054532,0.7061658564199388,-0.19526944924508377,-0.044409842440113104,-0.08068504846708803,0.16674145793628425,-0.08175338714145841,0.026810053395630584
2013-10-16 00:00:00,-0.823546551690032,0.8106537068902772,0.961225750940961,-0.9357493215857438,0.763938894978424,0.15533231155865057,0.3537436054072799,-0.3790310745494867,-1.0692963629756136,0.3368520670093139,0.769475516949021,0.4704654092245665
2013-11-15 12:00:00,-0.20129661471704757,0.17870895352643268,-0.16395561541399292,0.6134500673152802,0.27597661303910315,-0.06313268253145954,-0.36358349912485477,0.11607766237221313,0.6470858926622716,0.37043203319954077,-0.3700123460743602,-0.5249299239784642
2013-12-16 00:00:00,0.015518868568714594,0.044081657924066237,0.09998929756352948,0.20613171828425653,0.5018153531277381,0.24562215866506326,-0.5190151972253798,0.6212249647806998,-0.4913264875428734,-0.10225819022537425,0.14210000320070115,0.13457199453419455
2014-01-16 00:00:00,-0.5590170617678183,0.155946422773173,-0.0666120098736549,0.28890746483879687,0.08420491040937766,-0.21277561504304054,0.08387819173835342,0.25565244115651015,-0.4372891437156679,-0.27181757724499045,-0.2256845031598218,0.017929547342779628
2014-02-14 12:00:00,0.19586418584688825,0.4596189138473004,-0.15849393748735147,0.2380434625738861,0.005193507794085561,-0.08041831583765557,-0.2742468837259705,0.276656674905053,0.17790437392754865,-0.08004190092914265,-0.464457965932768,-0.3076234000230238
2014-03-16 00:00:00,-1.0557578948173791,-0.4985884396410575,1.003205732943355,1.4320333879711913,-0.48653449519766656,-0.7788413708209011,-0.006690240911382039,-0.5629519793484602,0.13843865498830493,1.1067470350065163,-0.8128869045814493,0.6692271098606585
2014-04-15 12:00:00,0.3709191937890574,0.4413647699980485,0.5613212796206499,0.20702961687981164,-0.33914407407145886,0.09000857829027742,0.13366121728923364,0.07937280409610767,-0.361020086099423,0.25320935057095595,-0.17756768887867436,-0.1667782310454365
2014-05-16 00:00:00,-0.06583177242494997,0.3264701565138909,0.35901265471065,-0.3434350971336615,0.7242714450956469,0.6698316518512605,0.16358167738441198,0.07529056550187099,-0.25544578670928186,-0.5853990695406422,-0.07149128285836936,0.19342960215766458
2014-06-15 12:00:00,-0.09177243713553318,0.6561180087649556,-0.2738053245389005,-0.06603474134936704,-0.27736294666760847,0.10150882723629429,0.47448402291540237,0.7460058517996948,-0.17134979202064848,0.29385612004367345,0.026720684375094894,0.15224399306446723
2014-07-16 00:00:00,-0.07087708364249728,-0.7309870747442992,-0.059590492369546666,-0.7775229281324937,1.1029660325914166,0.5696763741030343,-0.9281772051225825,1.2375610152045422,-1.1865832498180786,1.0128617743856236,0.5703732406746043,0.6780617757359716
2014-08-16 00:00:00,0.7634290364984846,0.0007299486193964033,-0.028561560612515413,-0.32116020052080246,0.1555066795042353,-0.4052815939622355,-0.41844950361197314,-0.12405343085969546,0.44100607148919946,-0.11849095941595583,0.19657880522753324,-0.644104685457529
2014-09-15 12:00:00,-0.0041316539736506175,-0.12786686964846022,-0.6935147231788585,0.25765307412205374,-0.5365945615292287,1.1764196381542131,0.24040447607493465,-0.935333174204288,0.14603417713452643,0.8028034238384782,0.3200944479958181,-0.6047390117201406
2014-10-16 00:00:00,0.32524176580218406,0.06505932011832243,0.057817606379395314,0.13177018522460243,-0.29723663864748234,-0.06303420662277281,0.07073204757374246,-0.025884409164842543,0.2091116136659948,0.42624434820225154,-0.8320585954143004,-0.3170461965587011
2014-11-15 12:00:00,0.8050226178970565,-0.617875743565591,0.3108730577926875,-0.10015611410526969,0.6100527166664325,0.121953791647749,0.4530780694989943,-0.0019748403336381504,-0.12885412800898316,0.06576570353871314,-0.35032559016219456,-0.5586187707635737
2014-12-16 00:00:00,-0.12102842561604693,-0.016892336859137075,-0.6709360102276949,0.009908014007017546,-0.6278051738622115,0.24861347305405618,-0.05184988908487498,-0.7498977479134391,-0.29633911009470015,-0.11574485850453159,-0.10479955565939458,0.16392862635548433
2015-01-16 00:00:00,-0.10083234908339,0.18652294333568936,-0.1869460475979445,-0.2165210830923111,0.16035874289117463,0.37803874478183935,-0.4530528569307451,0.4389808703688873,0.570213269497693,-0.19989813603334927,0.18580110821792073,-0.25510039528047695
2015-02-14 12:00:00,0.09576846631898073,0.14358199417207254,0.5847402648893958,-0.20848895952522062,-0.1368264534750247,-0.474770737524456,0.23865051241086666,-0.003398437444016307,0.5571965978463377,0.7242671615264131,-0.9332066961708922,-0.19248622441238578
2015-03-16 00:00:00,-0.5458750433844786,-0.130057990709875,0.5463968649757642,1.219683263118334,-0.4814276231155089,0.29518592427916934,0.32770226278466996,-0.4299036952421802,0.011917563741851274,0.37665751712786943,0.3031894629599625,0.34649967372537716
2015-04-15 12:00:00,0.3265069660164734,1.129831462099753,-0.3477575337916449,-0.18170935500096386,-0.07935822362486121,-0.8847753539577011,-0.3178803832204693,-0.37342862963128676,0.4054283195609174,0.00865141959095328,-0.033177029620917065,-0.130076458372687
2015-05-16 00:00:00,0.07785745601393224,-0.07034028697052039,-0.47778986945825375,-0.23853238014796224,-0.09340603237694656,0.598074933015693,-0.35486291104476364,0.5843420821524903,-0.017977102365126722,-0.2884378272013536,-0.42977275477715804,-0.3991899527087934
2015-06-15 12:00:00,-0.6638990802616933,-0.3189175624102356,-0.42075508293109987,0.5393770003883226,0.07044926062121631,-1.2007767260207274,0.16523588119645816,-0.33266559401570994,-0.08123863790785683,-0.2019981131823127,-0.22672687341623454,0.6637367122641947
2015-07-16 00:00:00,0.26426035366404893,-1.3056823800176698,0.4795843266622615,-0.040648066611927505,0.12974449734273047,0.28423930369769274,0.13431894779715092,1.0051943551642895,-0.28775818907945094,0.5010834396560941,0.9525656300558425,-0.3035228183566817
2015-08-16 00:00:00,-1.0079272824754557,-0.6494764678912184,1.6157796568484595,-0.6303469454774773,0.607313035672723,0.15007296746953125,0.06257755258879327,-0.7702313813261508,0.8473820217480372,0.41932416654707105,-0.3729680453135181,0.5807095432832802
2015-09-15 12:00:00,-0.624768983912855,0.639424300567502,0.030348409919930208,0.6777013838746893,0.04906936562541536,0.4110833012193038,1.1998133359042757,0.31245347513243416,-0.40129822699500195,-0.44688991731280403,1.0836480996763287,0.12616843807061207
2015-10-16 00:00:00,0.46519972404204407,-0.03433742389572553,0.16058322246572287,-0.43802588776745705,-0.1019660217536709,0.7071393038096454,0.29440234603550053,-0.26442382218021965,0.18275733821286433,1.3572910684385524,0.8692945831818926,-0.23657291210892462
2015-11-15 12:00:00,-0.3930701977742422,-0.0022566302662318793,-0.21825083108835058,0.7876455303029544,-0.3862681959132723,-0.594025425541706,0.07539446600677313,0.4886774367506514,0.11708022796417814,-0.03804864359964699,-0.40500490356616436,-0.1436701582465873
2015-12-16 00:00:00,-0.06729486222715869,-0.4259755288048155,-0.4069127243649551,-0.11344150115995474,-0.1949589716845253,-0.06182762451674961,0.17230894713967004,0.1452136460306816,0.2424279886454992,-0.34882064941336904,-0.7595412579705478,0.2040236957970306
2016-01-16 00:00:00,-0.2822935373298115,-0.2730323053128065,0.6859215587424865,0.498609586111294,-0.24470226741296874,-0.21811855981408268,-0.5833207096541283,0.15470903818725285,0.20116184771839035,-0.2793544683124171,-0.01038289576972895,-0.5859983815104107
2016-02-15 00:00:00,0.611897652553606,-0.2984932747211913,-8.608253197250892e-05,-0.03044137848315183,-0.28661959968824896,-0.35458091294173066,0.2902838941988184,0.3973047969206458,0.5342914894192029,0.0628691509095125,-0.47390193626214583,-0.20703597387109013
2016-03-16 00:00:00,0.9024968996443365,1.3673846100725466,0.6874923616479895,-0.5632150075598679,-1.1707777466714975,0.39276013284152533,0.43394680759010906,-0.5783087578260654,0.16319994976141738,0.9697461314926041,0.7457432468948346,-0.36479660338715053
2016-04-15 12:00:00,-0.10293511537244654,0.10902368074962834,-0.8021867447154639,-0.06104260814648188,0.032585557466127235,0.523090610391124,-0.41184886646822944,-0.6852781671397556,0.26446011526628493,0.03408688658825321,0.21330326033405056,-0.46672468981327087
2016-05-16 00:00:00,0.37909207471612644,0.16858890203296192,0.10436620430893584,0.49641275287991615,0.013379557023064897,-0.26094056201173943,0.2535307241277033,0.1575994871743685,0.5151440427320648,-0.18924661079198796,-0.5139060576665885,0.18646783240695186
2016-06-15 12:00:00,0.4847081461164079,0.4612846745386181,0.2500458993866391,0.5810175998063634,-0.22627228417692943,0.19271562520966945,-0.23503157110433667,-0.21384108129330182,0.5452741868590159,0.20623004481697127,0.020622649717118025,0.19705999144420894
2016-07-16 00:00:00,0.0876608848936066,0.8613217174642513,0.16601737083987433,0.4612356093191836,-0.13385407307606206,0.3767333066878697,0.8130552300116445,-0.40708791779068815,0.2390287795709231,0.3098653571197718,0.116726798109835,-0.11496855001526174
2016-08-16 00:00:00,-0.34087271950342785,0.015958272948421726,-0.08756708610077596,-0.3749574785389718,-0.4609260651179402,0.7911792538175472,0.5661676139108158,-0.1902641602937351,0.3341969058587423,0.16400091972344832,0.43979987663624875,-0.1236889904373506
2016-09-15 12:00:00,-0.04907047167019507,0.10079010241639247,-0.6530045541050453,-0.027149713437436232,0.44661948734462303,0.3343368028384509,-0.4810243287117052,0.5785502669151857,-0.48436838217517025,0.3641697346913164,-0.2679131631915598,0.05191853634275767
2016-10-16 00:00:00,-0.0114570245433942,-0.023961466448956636,-0.01752449164741615,0.32828924591859693,0.10154563650352916,-0.03142438800989522,0.005370649717164111,0.032339813883422996,0.2434591808706506,-0.0828489779269227,-0.7997387406499465,-0.48609138884912295
2016-11-15 12:00:00,0.20180755339403836,0.2588851222770645,-0.014770287494736689,0.8463943406522002,0.7854409419758759,0.4567882960991973,0.9102026839583115,-0.26855938769200627,0.082881923988285,-0.8991302852421823,-0.23798518686430004,1.0119124897080969
2016-12-16 00:00:00,0.15206157153897018,1.0604604966418822,0.24795345316730355,-0.5099233070448619,-0.6430920282746652,-0.422808515090768,0.12711049302722383,0.5417898992215476,0.6895427915332518,-0.3479769142470768,0.10240751595291475,0.41760326069443743
2017-01-16 00:00:00,-0.3414210460801724,0.36227238312874316,0.4876106243613344,1.5721434953375333,-0.7288409002098821,-0.728486055683537,-0.8366367517375652,-0.4686080205045338,-0.6780479723739186,0.14576166330288154,0.4753397332970033,-0.521465004366569
2017-02-14 12:00:00,0.3855540178575203,-0.5523294217359196,-0.483268799481091,0.03503524489846915,-0.145888007497412,-0.49825692453581405,-0.640211349108954,0.09184605245546852,0.2096665930135017,-0.2618378198105817,0.2572812703804368,0.08558141642822881
2017-03-16 00:00:00,0.4580232971871129,0.09447160099596692,0.11163482851513601,1.145123928285944,1.1807151008607473,-0.4160865455466235,1.17191498882044,-0.322700550730901,-0.8257248516031463,-0.7799239839691963,0.2114339244176191,-0.12215837336597835
2017-04-15 12:00:00,0.35325612017811253,-0.15798373027808615,0.4037469387687519,0.2978012853380167,0.10069686969262531,0.2749075096749145,0.26657781655869217,-0.33766711369299646,-0.1483622266559071,-0.4438548922980786,-0.06052990631886801,0.011471906419497802
2017-05-16 00:00:00,1.031641709334655,-1.341873386476264,-0.5710253680250698,-0.30825104684818133,0.16163211577623232,-0.22109440686383375,0.3199467012222492,-0.37757852166233535,-0.2924896771671588,0.1376079832571444,0.06121203585867985,0.25806823911474386
2017-06-15 12:00:00,0.5011054789480791,0.3575411341784127,0.17535052401005002,-0.2929350528506359,0.3519492199867534,0.1444105576620467,-0.43841223043703526,0.2679124461225205,0.275144685536516,-0.039783748631027516,0.0026194268513697327,0.23393288661889766
2017-07-16 00:00:00,0.15735232023621215,0.7107883275378263,0.07014640038359543,0.2146302770562894,-0.2502907210126621,-0.09312336119307829,-0.21534955289970575,0.33051678055546063,-0.38791654712739193,0.36267392457191416,-0.39809465630857166,0.03853099002416838
2017-08-16 00:00:00,-0.43235612572221155,0.19469495146736088,-0.4007412937448022,0.5338443099309665,-0.14919628352821193,0.7150777681618185,0.03705421399090475,0.22718590264988614,-0.1917015960938529,0.9145687005645469,-0.30334197867517354,0.1816145170644251
2017-09-15 12:00:00,0.43738360877451843,-0.3833425676609702,-0.13984505410776557,-0.11872505812058959,-0.2333848669328502,0.49644211295764695,0.025024370789983652,-0.0999834750610481,0.5451227500895753,-0.4584216081502992,-0.3974383634561731,0.4784188972795477
2017-10-16 00:00:00,0.3538015630470866,-0.11295157022242802,-0.5532834229080583,0.24962575137271864,0.7479154844345426,-0.04324152763498812,-0.8752794699876077,0.8675092360919564,0.9430214451642895,0.3069582220266187,1.0154032246095892,-0.7389108386845575
2017-11-15 12:00:00,0.9893036035518481,-0.29990012115722714,-0.28320223001613515,-0.403336564169807,-0.49467744123064583,-0.18579936024228771,0.16375718366122782,-0.01282061124666339,0.35767245642235646,0.16754884236707024,0.27317302779497443,-0.5671092227791594
2017-12-16 00:00:00,0.42023212696160517,-0.04219389432515078,-0.6873054936024134,-0.1894448574061366,0.04284620204555445,-0.5626032047160253,-0.016337622855626455,-0.21251739378420653,0.15937383415339126,-0.1130538540731797,0.25572691886729415,-0.1187038935891499
2018-01-16 00:00:00,-0.28039902660422805,-0.07210108015555425,0.0932466065352367,0.4652426928770148,-0.3870562850365494,1.0340189805337567,-0.09304657624317919,-0.1465750423417492,0.05727596248697539,0.504637549591743,0.22401447237508854,-0.5061114881239126
2018-02-14 12:00:00,-0.38684007244880086,0.13904143853790676,0.3923500485520923,-0.028300510336274246,-0.059286416395105124,-0.4329006254415998,0.03160157420851628,0.3930747797638219,0.994608005227154,-0.7727411530851882,0.1223922051140256,0.7297657272365262
2018-03-16 00:00:00,-0.8815692303674962,0.21127373220648268,-0.019294688011896932,-0.4364664257973352,0.7928253224133912,0.22421089395923927,-0.7731408361671539,1.0654171739433755,0.18469945173657348,0.5534100501943273,-0.1547131421069663,0.29420303453693986
2018-04-15 12:00:00,-0.28626478485462387,0.4174794682899423,-0.3377258118022155,-0.8026992827141521,-1.5149049413388935,-0.6087069218909481,0.3609518551609865,0.665329899564165,0.6345905073231043,-0.4362575264726345,0.5539801865797602,-0.2627054923081586
2018-05-16 00:00:00,0.256196002859279,-0.016861136223277146,-0.20859296805947014,0.5117134392738957,0.18959010476233595,-0.021352336962101703,0.403928272472846,-0.17956561307376878,-0.18651571032389752,-0.16409935415688376,-0.767804869868011,-0.21403586955124876
2018-06-15 12:00:00,0.0501999928081126,0.260857427725385,-0.7247892246997267,-0.20229656167339577,0.016071861270427146,-0.657356417914556,-0.8190683403115304,0.6009199428527094,-0.04378218003234616,0.5287138754866203,0.7990826354944378,-0.10554487746208874
2018-07-16 00:00:00,-0.38280190063615466,-1.479478487082556,-0.2625470612367772,0.08120336300310399,-1.5116861494175746,-0.4933517604494554,0.9877514837533803,1.2527605243298554,0.8652342086662352,-0.7280976348026289,0.2270687327219012,0.5159770376652121
2018-08-16 00:00:00,-0.29776721165909453,0.11362594901985396,-0.36381981167433775,0.4574929808563687,0.36450145878560897,0.06080479961586527,0.2969908566594205,-0.45714786337881985,0.8264128941496982,0.553760970079854,-0.5431376873190833,0.04137750949241015
2018-09-15 12:00:00,-0.27126808025473975,0.14727455518061172,-0.7663972688573167,0.1332362290501532,0.4217641848173626,-0.3573055661440646,-0.6599243124584966,0.7037945956857264,0.630579093240721,0.33598037954734794,0.3961045192372181,0.279054995863658
2018-10-16 00:00:00,0.8012750604466117,0.20298772242950885,0.20802378969908264,0.3457788199518402,0.715572833540097,-0.14838637214071115,0.48217029622688135,-0.23014000242044497,0.3152900813364236,-0.5140666522801108,-0.167932375947349,0.4995338664088099
2018-11-15 12:00:00,-0.03466652292516176,-0.15233498369720966,0.2360950290185554,-0.002484719268174951,-0.3103772568124278,0.19036352639275456,-0.09509613448579801,-0.02022181678177579,0.14013130114023267,-0.28784192765869043,-0.3494130400089571,0.40748415825417805
2018-12-16 00:00:00,0.7479400344295363,-1.3015752853531177,0.10743831172381024,0.0820142021847815,0.5681811835673742,0.2036418582949776,0.8262790452591773,-0.2691170591515119,0.07718477816599584,0.7330863261265013,0.328876339821887,-0.2667849785628954
2019-01-16 00:00:00,-0.27472241411745196,0.028732457432412803,-0.7397113194402731,-0.0993073644385731,0.3400497116303702,-0.17724291900671307,-0.6641717992735142,-0.6652045933951473,0.8015442596482322,-0.3993996782909656,0.7374973933012485,-0.025127004791663632
2019-02-14 12:00:00,-0.5144644969095324,-0.1542251412265342,0.5778057671075121,0.31966499043081803,-0.46767679244435617,-0.32634802475358615,-0.7100828448050938,-0.762708094131598,-0.6057901615369365,0.1770230531765361,0.25908104615914707,-0.3878007338105938
2019-03-16 00:00:00,-0.9534863141336212,-0.8109873838548991,1.9251797095916274,0.013316322525836144,0.39203442274167283,0.6567972125422417,0.23080787551184034,-0.7980277301300718,-0.3337313810216135,0.29679851353828024,0.3958201404265618,-0.485299756233245
2019-04-15 12:00:00,-0.413729397125935,0.7475069089247728,0.04556675568758112,0.19008383784190996,1.4127972834401454,-0.00914781794668007,1.2398076081150664,0.1682236301154424,-0.931838639104551,-1.215909160535551,0.037982854012598155,-0.2135619428554652
2019-05-16 00:00:00,-0.20633478964163648,0.3465448911633644,0.19194445212004918,-0.16624870186024793,-0.4367719399758699,-0.5567914144869025,-0.05590757061601709,0.17529873452854328,0.10462067842529313,-0.4408057322681437,-0.07959169502535257,-0.43784916508965066
2019-06-15 12:00:00,-0.11255188579770431,0.2823542816602165,-0.21677856936429044,-0.05655728158545112,0.8956170281351992,0.582602215630049,-0.46145929720371864,0.8000706092324048,-0.9523918859842115,-0.010544896298460227,-0.003916706708894324,-0.160054870695364
2019-07-16 00:00:00,0.5276614927553649,0.22493305068709235,0.20360127311245702,0.6049391702377832,-0.07494492753295219,-0.35122946327553517,0.14577521168391183,-0.0028038778631684774,-0.43127160411966853,-0.43300820809612073,-0.040758279833335465,0.0820879082891437
2019-08-16 00:00:00,0.3765606821923882,0.537568778017822,0.1055981451123077,-0.09827049003126921,-0.638130050461645,0.9521557634237754,0.1697691999071359,0.04242517174589236,0.1968142551110325,0.23357630569316745,0.2852668546302606,0.44745643140535407
2019-09-15 12:00:00,-0.3264163358144984,0.12852399094469869,-0.37822761493005735,0.6396815012994256,-0.007429443062198532,-0.6030903859613858,0.03508622592729954,-0.47906851202008593,-0.5520636748666609,-0.26396118481698594,-0.43203644146723286,-0.061402765600211295
2019-10-16 00:00:00,-0.7189170724979455,-0.11920085079535708,0.6268486708606659,0.15675143653757628,-0.414942911396254,-0.2484697032819404,-0.32101460467343673,0.3130243782128723,0.38875180894698624,-0.2952718691119632,-0.49678012338463684,-0.3249840716783417
2019-11-15 12:00:00,0.17056325428658095,0.28596021083622847,-0.3460348517184378,0.02828424645447672,0.40628687918366985,-0.14462630529546205,-0.44943109900261136,0.10389455097521631,-0.14128841814301174,-0.04321001014356507,-0.0660990144071385,-0.1109916911923522
2019-12-16 00:00:00,-0.5082080237186994,-0.6079007184102726,-0.6271863902661567,-0.056791024154902794,-0.6808327259085039,0.3799960875621431,0.008972683819338523,-0.2231291498918852,-0.1310723107452993,0.11837419785944503,0.22562387932041394,-0.35649562789784056
2020-01-16 00:00:00,-0.21407838921516303,-0.1423095124504854,0.5516241283846024,1.0471510342236008,-0.9445262473889471,-0.009013814182409319,-1.0405502177799892,-0.33363869527876616,-0.957597302501663,-0.04025727194760553,0.23949848051529354,0.4710014021439456
2020-02-15 00:00:00,-0.07833101628761613,0.15615282145975312,-0.03365405742970784,0.6194538331241355,0.5921815435764048,-0.31778686461541816,0.6967604647113952,0.14358619982191495,0.15937408491514288,0.3008793381122459,-0.9930343161992239,-0.3215506702742868
2020-03-16 00:00:00,0.8782228213480643,0.14875300168488864,-0.03464510866295123,-0.07570803608624527,0.006666981766854541,-0.6597122621811059,0.4327681066158646,0.4199359140256725,0.23338025297559017,-0.12078275875210193,0.37032935197364325,-0.32810795569810935
2020-04-15 12:00:00,0.3501760397971175,0.06701992716719968,0.0980207900704142,0.10298413997748126,0.2597994997284409,0.16463172332172288,-0.23654930617338926,0.32146783621003433,0.010830706612833745,0.640669766973389,0.21457554563142356,-0.08322496812053137
2020-05-16 00:00:00,0.08715655068979897,-0.9191352565430261,1.5117570121210178,-0.11500229436335846,0.7695491750485479,0.38012432697221055,-0.41517151855350487,-0.415678901764108,1.0763317453103476,-0.38671141317700775,0.8158545346530286,0.8169325317794779
2020-06-15 12:00:00,-0.3921586124054172,0.20544549378420654,-0.31929268578269493,0.4084654404454383,0.3480080884318924,0.853861325331895,0.6201662003576542,-0.06462616646216235,-0.6611196632989337,0.5129287555128079,0.1161696529600964,-0.2787197913497739
2020-07-16 00:00:00,-0.03899770031814853,0.8976871000836968,0.33802498604078546,-0.31838170775741237,0.38429869252375876,-0.10683888470014069,-0.2788349683386249,-0.3722161039991682,0.32873616996361227,-0.34921736838230333,0.31330237895337243,-0.7504679229128703
2020-08-16 00:00:00,1.2107018894482389,0.22640395641467065,0.8313172604623478,-0.3239774955559836,-0.18564120897972297,0.9155192983437865,0.04265080874195226,-0.691083269735027,1.232568693682113,-0.7622533026766797,0.3643211211350459,2.4429933406782953
2020-09-15 12:00:00,-0.2862394161806732,-0.14615176129055807,-0.18395103885682945,-0.3916129664844752,0.10088456140706314,0.26337261516768756,-0.353532778636897,0.930826910467879,0.4565712462711213,-0.10022992888797422,0.27538303638987705,-0.42504984874349083
2020-10-16 00:00:00,-0.6780991067827256,-0.17522582862109753,0.6320429284779193,-0.605948226868751,0.029656076294226452,-0.26670613056657055,0.02352895299666058,-0.6479276678847841,-0.5740946290568132,-0.7187438284996643,0.0789719269047926,0.11793651259082305
2020-11-15 12:00:00,0.20618406122928978,0.13808674813399102,0.13641792204070025,-0.0749556936283775,-0.10905739571947168,0.39357196375480785,0.2774528552652602,-0.11890340169881053,0.09633664115290763,0.3657971198804184,0.17478865991121473,0.6426327831121298
2020-12-16 00:00:00,0.03371195820658024,0.6808829987866375,-0.26071414016480166,-0.19397853856888142,-0.3523691885072048,0.252324179396056,0.44287509213920395,-0.29418922295505867,0.27346027246772797,0.34390872086292057,-0.029855859857661482,-0.2295931488557158
2021-01-16 00:00:00,-0.0631806617067947,0.505447133742895,-0.818098163563306,-0.09381833770064371,0.4714442292268594,-0.9458267764560243,0.9796304347784168,-0.6657102161281181,-1.4088441661440345,-0.8916148745480287,0.4817197876813617,-0.1410959266698732
2021-02-14 12:00:00,-1.3746904985335722,-1.0384252035495378,-0.14640585103647452,0.05074420377371733,-1.1311632368432945,-0.49857217436337875,0.15736157872694645,0.6881478928301036,-0.08424221111035841,0.15345502735688055,0.6831723361003612,0.8371661562714555
2021-03-16 00:00:00,0.1566016829599882,0.5412756634479294,-0.005721126017850464,-0.06783173591870925,0.33688102541714754,0.30266072140585504,-0.33956407312532894,0.45237513584569516,-0.13268680741191596,-0.0397816325341257,0.25510013425477895,-0.16153620899855825
2021-04-15 12:00:00,0.15707716720859902,-0.2531410417901458,-0.9434919051657394,-0.2808588602657288,-0.06881050972051428,-0.23959986138408573,-0.5756839899487551,-0.666309465110695,-0.6761469039229008,-0.2317693156005297,-0.31249411781804737,0.06345747427029891
2021-05-16 00:00:00,0.4650737657287842,0.7581596056908062,-0.08538749525717271,-0.20469589138485889,0.1790596653228999,-0.014975268232944927,-0.30311061631015074,0.3794653823065153,0.32230069080737167,0.4720983179236462,-0.3640406862787108,0.5117779207576191
2021-06-15 12:00:00,0.11365527293678401,-0.004055368349446392,-0.34807587697065173,-0.16349719645067728,-0.11202689846132874,0.847154559463333,0.2157664667648599,-0.08425652499104809,0.08486238166475031,0.03354135980661066,-0.1878498559544154,-0.16580638288615623
2021-07-16 00:00:00,0.31427250581153704,0.48671649535616884,0.38578510074025785,-0.9106542596040808,-0.27797620248607235,-0.1889772775439701,-0.03283939590036694,-0.20509543311293277,-0.4084080709886848,0.013217004863628756,-0.022680093695420123,-0.21588560496960202
2021-08-16 00:00:00,0.23782644473994557,0.7275426573092941,0.2537962049084217,-0.5380260333017926,-1.0749361682462528,-0.19631363492306197,0.7110563162974171,0.286236788049553,0.37320162243982646,0.028824694004290885,-0.1457980496556468,-0.21624867989030638
2021-09-15 12:00:00,-0.8945995006866019,-0.06539247012609858,-0.05453756389028247,-0.48235986267853403,0.37095756090050797,0.6380493347295766,-0.6958002602217075,-0.045741794985406536,0.1720523604728853,0.24736686829465793,0.49769723564686674,-0.5688274365521255
2021-10-16 00:00:00,0.4690975837758674,0.09411168444082182,0.2501075832737195,-0.3428748334374123,0.37017873501935533,-0.26176308331020437,0.3648484330047719,-0.2803043896961142,-0.240244719735553,-0.15751860088320024,-0.39952255484539645,-0.24272050234007253
2021-11-15 12:00:00,-0.0050723581390887396,-0.07677168203049387,0.26256775909726426,0.17338893781948622,1.0834224172329343,-1.218758228080978,1.197911707598544,0.7621532514678327,-0.059226610153150325,-0.3094579195833262,0.22204527968223142,-0.43959563118012823
2021-12-16 00:00:00,0.05358677328041339,-0.41971600678374643,-0.2882641068786161,0.6692899156724428,-0.21978132238267428,0.6175669681690013,0.2445947715072727,-0.9505569250113516,0.9026941453507484,0.36686375114522807,0.24558332886123369,0.8010528412973793
2022-01-16 00:00:00,0.09466093480002172,0.19248349027875233,-0.7708162704891618,-0.35191272396475304,-0.0797649745991239,0.22648247310179614,-0.2634362431790299,-0.1800444576528814,-0.35111419415767037,-0.0016319864363320002,-0.36918121332952325,-0.09996102337101342
2022-02-14 12:00:00,-0.024826852146188405,0.14051547036048512,0.9525010972050687,-1.0141308894258176,0.04366909423616547,0.46629213994134977,0.21891987377063737,-0.564684272061767,0.14294764568209062,0.21202955803160528,-0.019000447965080713,-0.6184408648744049
2022-03-16 00:00:00,-1.2544495385870724,-0.6041070409156458,-1.1419779457128518,-0.7868575799948136,0.6433783389181564,-1.343195894705488,-1.1134963358533851,-1.4003174885817646,0.3571949974368322,0.1553207127390811,0.5256589139138674,0.19537093189199262
2022-04-15 12:00:00,-0.802926487987013,-0.4616545693641142,0.5528362566547697,-0.6337028065961905,0.25351970745844965,0.1049495401735493,-0.1034748672855958,0.334094202741113,0.4766612062625522,-0.6945395054630449,0.17352662683449083,-0.5515580333717556
2022-05-16 00:00:00,0.7781366222558536,-0.7204659722131125,0.2638401788546777,-0.058683295687238776,0.4698036716494534,-0.11199824406382775,0.22878375872633583,0.1536716886460867,0.08173350649979308,0.2278367512572712,-0.581643776426294,-0.6396642614194205
2022-06-15 12:00:00,-0.08567135355743755,-0.4618617426552306,-1.1382280344659268,-0.21979729261439906,0.08204419570924903,-0.9180865906247654,-0.08993270901304429,-0.56259279486214,-0.7481398574896341,0.24001261809518093,-0.20283247506787483,0.3988700746173711
2022-07-16 00:00:00,0.21742252488789965,0.4908556344494461,-0.7361690970063861,-0.5445312615291615,-0.5695639584725574,-1.0107721600742772,-0.03819934123915664,-0.7296871713353154,0.3408028759377664,0.1729098589438498,0.6972661585135391,0.1573796501520709
2022-08-16 00:00:00,-0.31177406637912414,0.0687262837365467,0.01930260095353148,0.7928707916823934,-0.20965381756370294,-0.31905357210056207,0.03131985403004933,0.45037013510755153,0.5081274580816684,-0.718565160528342,-0.2516447325409549,0.3371894669812343
2022-09-15 12:00:00,0.30092764262652305,-0.6999606546692445,-0.13709326350493825,-0.17397937348463602,0.2986010740064526,0.09313037121667245,-0.029308263986200178,0.6730174481988985,-0.4650947668177375,0.6115819433970475,-0.21023621963474348,0.3484486648835816
2022-10-16 00:00:00,0.13201156861217855,0.1729442174515523,-0.1606326697073182,-0.6728416982202965,-0.4403234486562963,-0.0810471793921449,0.22152939504193103,-0.07868989843810345,0.03033281743231507,-0.7819149615005866,-0.07564048921910871,0.695124675426651
2022-11-15 12:00:00,0.5534697752012043,-0.8338114013644732,0.868455871935057,0.15947828898626437,0.19467566542204434,-0.3189674318167687,0.274187554081587,0.08602817681951729,-0.42716718166875967,0.38986971824504324,-0.2500845299455513,-0.3614317409225181
2022-12-16 00:00:00,-0.035901422557972185,0.41530086704126956,-0.3214133128079608,0.07550387893421345,-0.10565624065939143,0.17158812461476225,0.006399837262197949,-0.34525414811866734,0.49478120106656215,0.34388494479183174,-0.9031128740566694,-0.1945656047696558
2023-01-16 00:00:00,-0.2700084182530416,0.415618176510416,-0.5327737742762014,-0.009623656653013818,-0.006577500003047715,0.40146205009110875,0.5289005450996843,-0.3794930276935765,-0.058633827492303114,-0.25353438685630225,0.2841603854902397,-0.4382583704325699
2023-02-14 12:00:00,0.06245909521010745,-0.2633578308484887,-0.8616233545605471,-0.3324395318911707,-0.08157761175710151,0.44317907794879746,-0.09791582824331468,-0.1036977915287677,-0.5158678589529658,-0.010104366362174377,-0.3281809325234605,-0.20111540855548665
2023-03-16 00:00:00,0.4433550887396592,0.18630855578880096,-0.08566666286481228,-0.21908617146616777,0.5398711974138191,-0.1779133183433087,0.3213889710832045,-0.3695179668236045,-0.19626959745231837,-0.37682584432742683,-0.019902485225707922,-0.6606351312991413
2023-04-15 12:00:00,-0.3404839046651981,-0.4212461244455833,-0.4628980930693998,-0.029479247089826674,-0.9724969658754745,0.5762032926847521,0.6284137805803308,0.5605255899425222,0.45648317598657473,-0.5875080926883024,-0.06551612038913546,-0.3815218896333439
2023-05-16 00:00:00,-0.4028584642056982,0.052033176620325736,-0.3583521729816135,-0.5278751374150887,-0.13825643415284436,0.4855339377808522,-0.3332284287563031,-0.4518774304315103,-0.5767328717857029,0.48407971783169157,-0.18214747583583435,0.03671044849217453
2023-06-15 12:00:00,0.3042681624795107,-0.28373758965237306,0.26008616101295123,0.3011201370413949,-0.1204305316085667,0.46677786953344336,-0.04916354092347858,0.0327439134882198,-0.011207383622846859,-0.14608931114025908,-0.3925601627034849,0.26842032998487775
2023-07-16 00:00:00,0.522735761147078,0.5408686530883153,-0.1419287474552534,-0.6336069454961789,-0.3428832358998676,-0.520290335580183,-0.1294811534612788,0.06644105637902609,0.4694212129511501,-0.5764973014431779,0.26395506809533,-0.05150533296788451
2023-08-16 00:00:00,0.22844991293387718,0.9018134835317414,-0.2009154881738382,-0.00877257610594491,-0.8557200491433308,-1.283268815552331,0.6263214769244255,-1.1579242317465768,-0.9819526512901303,0.34919358532223665,0.8926457682005462,0.1450055558744463
2023-09-15 12:00:00,-0.7760980036974126,-0.1635857099306346,-0.5102433691765003,-0.5295922773956947,0.3639458557652135,-0.096755740792006,-0.8165692453252948,0.13160733173595707,-0.10090895587317734,-0.1594754871790075,0.18135368128762153,-0.2236040482303338
2023-10-16 00:00:00,0.2712115170117615,-0.10905556166256564,-0.7413061367865006,0.5488010036786695,0.8997478033209718,0.5555651419644636,0.4174592595189536,-0.5826843052422525,0.06782518115637634,0.1854416814964457,1.3645295291091455,0.045313868714889294
2023-11-15 12:00:00,0.5518251509426615,0.07586802558012153,-0.112619580470908,0.07044507124015764,-0.028038485687989778,0.260670485304788,-0.625698034347461,0.41655064536808056,0.20618245640496402,-0.018515390642230067,0.1774481493893063,-0.1402306507140712
2023-12-16 00:00:00,0.30400958857434734,0.01463517917555543,0.18241921586999388,-0.04301485481771339,-0.1322284054894662,-0.18799560739591703,-0.39925021667636096,0.10315475690729466,-0.5867972292943076,0.20537773850266317,-0.19955454191725386,0.17229932321405295
2024-01-16 00:00:00,0.09322436168476805,-0.20927712994564546,-0.25466918760472407,-0.3056879878916142,0.04628418450673197,0.2424207734797194,-0.22257451967132727,0.07151987427758276,-0.11355882172869126,-0.47684743803913143,-0.3381495267955912,0.13289407717059487
2024-02-15 00:00:00,0.20839100523546544,0.41557113174285826,0.2868256636666029,0.011456804977681145,0.4387108575698832,-0.3900158762786886,0.532583434014979,0.3996329801813428,0.12250604112144926,0.9382105952530286,-0.5217802048915942,0.223126982970977
2024-03-16 00:00:00,0.23137937454421986,-0.04659230932887762,-0.0785527307599303,0.41191563848330925,0.6510235863068441,0.19167345175155176,-0.9672230672172684,-0.49524195938667864,1.0094034028322743,-0.7988476977613541,0.5852902226553218,0.33217511667749855
2024-04-15 12:00:00,0.4867410038470214,-0.4211427163477338,-0.5497589141916744,0.060634736308863374,-0.14134499246797658,-0.03873421641691588,-0.3393314387282721,-0.5899618940932754,0.01493501896092524,0.01027084711055437,-0.11149465817630011,-0.45161952560998514
2024-05-16 00:00:00,-0.8205014795661598,0.053861837565793894,-0.3019068128274288,-0.2883401082607,-0.4685300761895831,-0.014707497932998193,0.7039048501567184,-0.08182086889740173,0.44692843185760783,0.25908776540013057,-0.0862769587219765,-0.15356910945115965
2024-06-15 12:00:00,0.20158521496527462,-0.27963712580918376,-0.4172188508766926,0.14037888954269784,0.7820559774390836,0.03364870928092778,-0.050338847654811836,-0.7263178169192601,0.13304314816768067,-0.9483838572559284,0.3052869920876178,0.9448615696830972
2024-07-16 00:00:00,-0.2715880368852774,-0.2525417177794384,0.3228571990963728,0.021684374974617865,-0.3347731073054818,0.317585415332971,-0.34474986517276607,0.752109167577651,-0.05305398738297136,-0.24609378696279322,-0.3290589062592305,0.40693285069730345
2024-08-16 00:00:00,-0.24489725961992576,0.08450714118341592,-0.3325922248122413,0.6242063175157027,0.055267457979785856,-0.047174863634726116,-0.06500636901793949,0.19662547374704809,0.8902739561968657,-0.1086453046349562,-0.028185954484684084,1.2168204018169848
2024-09-15 12:00:00,-0.9522420410795152,-0.41711921692218246,-0.5705533305967815,-0.04422469069536705,-0.11885537677760563,0.1621545055654624,0.3141557103826126,-0.5539405821387537,-0.2970048221305411,0.4518647998259764,0.0077107359973573875,0.04069279304190443
2024-10-16 00:00:00,0.5561260343682176,0.37439445819214034,0.5872036684311249,-0.697777264902938,0.16416681680055417,-0.2692173946875346,0.12787742493118087,-0.3230739738406159,-0.4062112866950937,-0.07372644878778722,0.08118767359571488,-0.3130711172378727
2024-11-15 12:00:00,0.0662857463511825,-0.6587998129213185,0.37062377727788154,0.9365723592211582,-1.0200690082109873,-0.21697185574975886,-0.11557646276925537,0.6825035396411947,-0.01657458753468441,-0.5267512935166921,0.1892440167243421,0.1736308799854629
2024-12-16 00:00:00,-0.31461006453641743,0.06339878926088223,-0.41394916394933556,-0.21443146538247054,0.2827099072668058,-0.5948539497929554,0.3500598098756629,-0.6248074221023889,-1.35743312296419,-0.48338941426490956,0.028135061864715816,-0.05005511901101667
2025-01-16 00:00:00,0.6850307059562828,-0.4223082819501799,0.15162172452735095,0.47609342987222836,0.5725603390110707,0.58173062560267,-0.1384862861051111,-0.881463719658939,1.0421810786935086,-1.4125484737741605,0.26612794236121173,3.410040089498932
2025-02-14 12:00:00,-0.5088744770240314,0.24626494714579117,0.21517611721192476,-0.8958825072316079,0.7548770394700823,0.6486250693121751,-1.1254872700449683,0.6907704619006064,-0.6266245308934278,0.3747226976150019,0.38750987377772717,0.4170404497589112
2025-03-16 00:00:00,0.020325099141605074,0.11889813044126914,-0.535024806271802,-0.01345238907203826,0.36235550924126864,0.34796499475835196,-0.4114714522777333,0.28454719423371966,0.3256331043219821,-0.2482092557769549,0.2060728409196444,0.788312987753765
2025-04-15 12:00:00,0.0439365323576657,0.03203267796593834,-0.11277196392340966,-0.4095689740963544,0.24364227837958963,0.08310233343954743,-0.33067059995031123,0.15289121564426345,0.10289666440162779,0.28576685648857136,-0.776560219832417,-0.07486553779988703
2025-05-16 00:00:00,-0.035533903559471336,-0.09447174234849612,-0.9678526049263775,-0.8717481053967715,0.36904482838094016,0.17540847923923536,-0.6771035379278392,0.2887630084979742,-0.950570814940011,0.3775501553663496,0.1048808859738739,0.4082029163224822
2025-06-15 12:00:00,-0.058614677259274495,0.031094242189266083,-0.24965853160937945,0.6087817109595673,-0.27248482945167124,-0.029618594821274713,-0.35791330487200784,-0.6169138683986438,0.12453599026347482,0.23265558695822064,-0.5520925137311983,0.7632620019218151
