time,latent_dim,latent,alpha,beta,lambda
1940-01-16 00:00:00,0,0.1743886,1.0024321,2.0006094,0.5010634
1940-01-16 00:00:00,1,1.5991282,1.0003552,2.002726,0.4994968
1940-01-16 00:00:00,2,0.0012936683,0.9951477,2.003861,0.49661514
1940-01-16 00:00:00,3,0.0527987,1.0012282,1.9933096,0.50229436
1940-01-16 00:00:00,4,0.73829097,1.0018849,2.0048428,0.49973243
1940-01-16 00:00:00,5,1.1687791,0.9988897,2.0043933,0.49835014
1940-01-16 00:00:00,6,0.10027009,1.0011207,2.0002332,0.500502
1940-01-16 00:00:00,7,0.21424079,1.0028661,2.0042417,0.5003719
1940-01-16 00:00:00,8,1.3584542,1.0039957,2.0093932,0.49965116
1940-01-16 00:00:00,9,0.044921514,0.9975156,2.0111125,0.4960019
1940-01-16 00:00:00,10,0.07164088,0.9959413,2.0003557,0.4978821
1940-01-16 00:00:00,11,0.6949763,0.9997252,2.002097,0.49933907
1940-02-15 00:00:00,0,0.15884688,1.0016123,2.0012565,0.50049174
1940-02-15 00:00:00,1,0.16252102,1.0003356,2.0036614,0.4992538
1940-02-15 00:00:00,2,0.062413484,0.99511796,2.0051813,0.4962733
1940-02-15 00:00:00,3,0.05034103,1.002132,1.9919419,0.503093
1940-02-15 00:00:00,4,0.08651585,1.0025935,2.0025525,0.5006578
1940-02-15 00:00:00,5,0.8272571,0.9998891,2.0049314,0.49871483
1940-02-15 00:00:00,6,0.11361982,1.0004632,2.0001147,0.50020295
1940-02-15 00:00:00,7,0.71269983,1.0032411,2.0034604,0.5007541
1940-02-15 00:00:00,8,0.62400633,1.0046854,2.0101864,0.49979714
1940-02-15 00:00:00,9,0.31297484,0.99693155,2.0112696,0.49567276
1940-02-15 00:00:00,10,0.63286257,0.99611795,2.000369,0.4979671
1940-02-15 00:00:00,11,0.07759679,1.0002999,2.00253,0.49951804
1940-03-16 00:00:00,0,0.16831662,1.0030988,2.0001307,0.50151664
1940-03-16 00:00:00,1,1.7694889,1.0003934,2.0020165,0.49969286
1940-03-16 00:00:00,2,1.0292546,0.99514544,2.002866,0.4968607
1940-03-16 00:00:00,3,0.9173012,1.0005494,1.9943128,0.50170135
1940-03-16 00:00:00,4,0.7002781,1.0013267,2.0066447,0.49900547
1940-03-16 00:00:00,5,0.43831113,0.9981343,2.0039973,0.49807167
1940-03-16 00:00:00,6,0.73396224,1.0016587,2.000328,0.5007472
1940-03-16 00:00:00,7,1.1142458,1.0026246,2.0048585,0.50009745
1940-03-16 00:00:00,8,0.3400729,1.0034791,2.0088577,0.49952722
1940-03-16 00:00:00,9,0.3396229,0.99797434,2.0110478,0.49624595
1940-03-16 00:00:00,10,0.030531757,0.9957939,2.0002837,0.4978263
1940-03-16 00:00:00,11,1.2447498,0.99927163,2.001765,0.49919528
1940-04-15 12:00:00,0,0.80772805,1.0021621,2.0007553,0.50089186
1940-04-15 12:00:00,1,0.14906886,0.99953675,2.0025868,0.4991228
1940-04-15 12:00:00,2,0.44720027,0.9967416,2.0019112,0.497895
1940-04-15 12:00:00,3,0.2551743,0.9990755,1.9983389,0.49995297
1940-04-15 12:00:00,4,0.23943429,1.0012,2.0086641,0.4984407
1940-04-15 12:00:00,5,0.18776186,0.99712974,2.0029871,0.49782133
1940-04-15 12:00:00,6,0.28187016,1.0008035,2.001888,0.4999298
1940-04-15 12:00:00,7,0.8305928,1.0010331,2.0054872,0.4991471
1940-04-15 12:00:00,8,0.2801305,1.0019205,2.0054953,0.49958754
1940-04-15 12:00:00,9,0.48152554,0.9989655,2.0096807,0.49707672
1940-04-15 12:00:00,10,1.0443609,0.9968863,2.0023358,0.4978617
1940-04-15 12:00:00,11,1.1287565,0.99886566,2.001451,0.49907076
1940-05-16 00:00:00,0,0.19570509,0.99734163,2.0046442,0.49751556
1940-05-16 00:00:00,1,1.3270879,0.9977009,2.007749,0.49692512
1940-05-16 00:00:00,2,0.08779286,1.0002,2.0045128,0.49897414
1940-05-16 00:00:00,3,0.18637055,0.99871904,2.0020115,0.4988578
1940-05-16 00:00:00,4,0.14085954,1.0028143,2.0064917,0.49978492
1940-05-16 00:00:00,5,0.17949063,0.99819,2.0023494,0.4985094
1940-05-16 00:00:00,6,1.4698973,0.9964689,2.0051937,0.49694395
1940-05-16 00:00:00,7,0.49466345,0.9993789,2.0044062,0.498591
1940-05-16 00:00:00,8,0.8067697,1.0004706,2.0012467,0.4999237
1940-05-16 00:00:00,9,0.02519382,0.99973345,2.0079286,0.49789292
1940-05-16 00:00:00,10,0.46311495,0.9995985,2.0058048,0.49835283
1940-05-16 00:00:00,11,0.669275,0.9992752,2.0013418,0.49930263
1940-06-15 12:00:00,0,0.51858246,0.9991781,2.003528,0.4987093
1940-06-15 12:00:00,1,0.14842099,0.9983599,2.0060115,0.49768406
1940-06-15 12:00:00,2,0.63967377,0.9990722,2.0035782,0.49864396
1940-06-15 12:00:00,3,1.5272454,0.99874014,2.0012186,0.499066
1940-06-15 12:00:00,4,0.033314798,1.0022105,2.0077844,0.4991624
1940-06-15 12:00:00,5,0.09952302,0.99776846,2.002607,0.49823475
1940-06-15 12:00:00,6,0.10372285,0.9981607,2.004351,0.497997
1940-06-15 12:00:00,7,0.1366011,0.9999563,2.005025,0.49872512
1940-06-15 12:00:00,8,0.24497564,1.0008677,2.0026731,0.49976587
1940-06-15 12:00:00,9,0.41662455,0.9996379,2.0086455,0.49766764
1940-06-15 12:00:00,10,0.19292973,0.998823,2.0046854,0.49824426
1940-06-15 12:00:00,11,0.22097352,0.9990822,2.0015235,0.49916086
1940-07-16 00:00:00,0,0.10260247,0.994335,2.00284,0.49646252
1940-07-16 00:00:00,1,0.43324274,0.9974444,2.0090106,0.49648538
1940-07-16 00:00:00,2,0.1311495,1.0003438,2.003091,0.49940005
1940-07-16 00:00:00,3,0.51742566,0.9976011,1.996262,0.49973455
1940-07-16 00:00:00,4,0.6190883,1.0006741,2.0058224,0.4988847
1940-07-16 00:00:00,5,0.056203317,0.9971202,1.9991447,0.4987734
1940-07-16 00:00:00,6,0.01766654,0.99295396,2.0030012,0.49573308
1940-07-16 00:00:00,7,0.22410184,0.999599,2.002458,0.49918598
1940-07-16 00:00:00,8,0.28123987,0.9992249,1.999687,0.49969065
1940-07-16 00:00:00,9,0.11703016,1.0002978,2.0069706,0.49841177
1940-07-16 00:00:00,10,2.0070603,0.99779665,2.0003047,0.49882233
1940-07-16 00:00:00,11,1.4803268,0.9971961,1.9954545,0.4997338
1940-08-16 00:00:00,0,0.06694736,0.9921075,1.9969014,0.4968235
1940-08-16 00:00:00,1,1.1619633,0.9972119,2.0057018,0.4971885
1940-08-16 00:00:00,2,0.085337736,0.9991661,1.9984922,0.49995995
1940-08-16 00:00:00,3,0.10986025,0.9962131,1.9890703,0.5008436
1940-08-16 00:00:00,4,0.3633738,0.9983692,2.0026846,0.49851546
1940-08-16 00:00:00,5,0.56436914,0.99488664,1.9951425,0.49865443
1940-08-16 00:00:00,6,0.87833756,0.9903924,1.9973491,0.49585342
1940-08-16 00:00:00,7,0.1063315,0.9982796,1.9995905,0.499242
1940-08-16 00:00:00,8,0.7915001,0.99873435,1.9968317,0.5001595
1940-08-16 00:00:00,9,0.6657627,0.9990908,2.0035856,0.49865142
1940-08-16 00:00:00,10,0.24975462,0.9947561,1.9950901,0.4986021
1940-08-16 00:00:00,11,0.6000395,0.9958231,1.9895549,0.5005256
1940-09-15 12:00:00,0,0.014119222,1.002456,2.0009842,0.50098145
1940-09-15 12:00:00,1,0.06491159,0.99948287,2.0026298,0.4990852
1940-09-15 12:00:00,2,1.1451051,0.99705535,2.0013943,0.4981804
1940-09-15 12:00:00,3,0.06855193,0.9984423,1.9996533,0.4993077
1940-09-15 12:00:00,4,0.2765476,1.000782,2.01052,0.49777272
1940-09-15 12:00:00,5,0.21435693,0.99660254,2.0026474,0.49764255
1940-09-15 12:00:00,6,0.40995842,1.0010272,2.0025268,0.49988207
1940-09-15 12:00:00,7,0.9899286,1.0008602,2.0061164,0.49890435
1940-09-15 12:00:00,8,0.35805073,1.0012922,2.0048573,0.49943316
1940-09-15 12:00:00,9,1.0104829,0.9996091,2.0097535,0.49737898
1940-09-15 12:00:00,10,0.38940817,0.9970885,2.002382,0.49795118
1940-09-15 12:00:00,11,1.1243525,0.9984067,2.0011923,0.49890593
1940-10-16 00:00:00,0,0.12875511,1.0031216,1.9998113,0.50160813
1940-10-16 00:00:00,1,0.2601249,0.999764,2.001422,0.49952686
1940-10-16 00:00:00,2,0.57125515,0.99629444,2.0009,0.49792314
1940-10-16 00:00:00,3,0.031575903,0.9986858,1.998389,0.49974543
1940-10-16 00:00:00,4,0.29965588,1.0006413,2.0099006,0.49785614
1940-10-16 00:00:00,5,0.20353048,0.99648917,2.0027647,0.49755678
1940-10-16 00:00:00,6,0.01053318,1.001602,2.001398,0.5004512
1940-10-16 00:00:00,7,0.23166272,1.0010351,2.0059237,0.49903944
1940-10-16 00:00:00,8,0.39238015,1.0017817,2.005624,0.49948627
1940-10-16 00:00:00,9,0.5605426,0.99910265,2.0097601,0.49712533
1940-10-16 00:00:00,10,0.4446894,0.99637336,2.001864,0.4977228
1940-10-16 00:00:00,11,0.09235486,0.9985331,2.001161,0.4989769
1940-11-15 12:00:00,0,0.3317364,1.0005951,2.001613,0.4998944
1940-11-15 12:00:00,1,0.40016347,0.9987454,2.0037339,0.49844214
1940-11-15 12:00:00,2,0.18969673,0.99806005,2.0021408,0.49849644
1940-11-15 12:00:00,3,1.2976732,0.99859023,2.0005002,0.49917027
1940-11-15 12:00:00,4,0.5089736,1.0017203,2.008156,0.49882594
1940-11-15 12:00:00,5,1.4727179,0.99708486,2.0025403,0.49791
1940-11-15 12:00:00,6,0.19958037,0.99942464,2.0029309,0.4989811
1940-11-15 12:00:00,7,0.0593401,0.99989676,2.005238,0.4986424
1940-11-15 12:00:00,8,0.5724065,1.0012016,2.0032032,0.49980035
1940-11-15 12:00:00,9,0.12745835,0.99921274,2.0084877,0.49749509
1940-11-15 12:00:00,10,0.542632,0.997871,2.0041974,0.4978906
1940-11-15 12:00:00,11,0.12611851,0.9990498,2.0014834,0.49915466
1940-12-16 00:00:00,0,0.3969116,1.0020287,2.0010262,0.5007574
1940-12-16 00:00:00,1,0.7762336,1.0004079,2.003301,0.49937975
1940-12-16 00:00:00,2,0.685274,0.9950454,2.004722,0.4963508
1940-12-16 00:00:00,3,0.22600402,1.0018387,1.9922973,0.502856
1940-12-16 00:00:00,4,0.19989164,1.0022883,2.0034952,0.5002699
1940-12-16 00:00:00,5,0.38928178,0.9995417,2.0047765,0.49858013
1940-12-16 00:00:00,6,0.20389223,1.0008054,2.0001369,0.5003685
1940-12-16 00:00:00,7,0.0032984277,1.0032221,2.0037875,0.5006629
1940-12-16 00:00:00,8,0.30082747,1.0044733,2.0100956,0.4997142
1940-12-16 00:00:00,9,0.06718073,0.9971607,2.0113509,0.49576664
1940-12-16 00:00:00,10,0.59594995,0.996001,2.0001945,0.49795207
1940-12-16 00:00:00,11,0.2606257,1.0000569,2.0023673,0.49943727
1941-01-16 00:00:00,0,0.17356509,1.0026642,2.0004845,0.5012107
1941-01-16 00:00:00,1,0.6597291,1.0003902,2.002525,0.49956435
1941-01-16 00:00:00,2,0.19085228,0.99511915,2.0035903,0.49666798
1941-01-16 00:00:00,3,0.112918265,1.001048,1.9935472,0.5021441
1941-01-16 00:00:00,4,0.02630135,1.0017086,2.0054033,0.49950483
1941-01-16 00:00:00,5,1.2798233,0.99868256,2.0042965,0.49827087
1941-01-16 00:00:00,6,0.44788134,1.0013111,2.00026,0.50059044
1941-01-16 00:00:00,7,0.23504537,1.0028433,2.0044358,0.500312
1941-01-16 00:00:00,8,0.21178706,1.0038611,2.009315,0.49960363
1941-01-16 00:00:00,9,0.13449705,0.99765617,2.0111496,0.49606264
1941-01-16 00:00:00,10,0.30890876,0.99588394,2.000271,0.4978745
1941-01-16 00:00:00,11,0.74699694,0.999582,2.0020015,0.49929133
1941-02-14 12:00:00,0,0.46803755,1.0022554,2.000886,0.5009058
1941-02-14 12:00:00,1,0.09553258,1.0004382,2.0030873,0.49944815
1941-02-14 12:00:00,2,0.012975387,0.9950185,2.004441,0.49640697
1941-02-14 12:00:00,3,0.12310966,1.0016547,1.9925402,0.5027024
1941-02-14 12:00:00,4,0.9321835,1.0021143,2.0040405,0.5000469
1941-02-14 12:00:00,5,0.10987026,0.9993291,2.0046747,0.4984994
1941-02-14 12:00:00,6,1.9410365,1.0009905,2.000154,0.5004567
1941-02-14 12:00:00,7,0.30231696,1.0031863,2.0039756,0.5005981
1941-02-14 12:00:00,8,0.5014138,1.0043379,2.0100007,0.49967042
1941-02-14 12:00:00,9,0.13064905,0.99729514,2.0113711,0.4958285
1941-02-14 12:00:00,10,0.8188382,0.9959412,2.0001245,0.49793962
1941-02-14 12:00:00,11,0.34365812,0.9999176,2.00227,0.499392
1941-03-16 00:00:00,0,0.0094324695,1.0034301,1.9999243,0.5017341
1941-03-16 00:00:00,1,0.5987307,1.0004066,2.001687,0.49978173
1941-03-16 00:00:00,2,0.32776457,0.99516755,2.0023637,0.4969964
1941-03-16 00:00:00,3,0.08393808,1.0001875,1.9948784,0.5013777
1941-03-16 00:00:00,4,0.3420727,1.0010381,2.0076153,0.49862045
1941-03-16 00:00:00,5,0.62752414,0.99774456,2.0037882,0.49792916
1941-03-16 00:00:00,6,0.7920407,1.0019261,2.0004182,0.5008583
1941-03-16 00:00:00,7,0.6266134,1.0024971,2.005191,0.4999509
1941-03-16 00:00:00,8,0.122758575,1.0031939,2.008559,0.4994595
1941-03-16 00:00:00,9,0.4155498,0.9982328,2.01102,0.49638134
1941-03-16 00:00:00,10,0.016596591,0.9957419,2.000257,0.49780697
1941-03-16 00:00:00,11,0.46021318,0.99902916,2.001595,0.49911654
1941-04-15 12:00:00,0,0.16329429,1.0034715,1.9999506,0.50174814
1941-04-15 12:00:00,1,1.9558467,1.0004379,2.0017052,0.4997928
1941-04-15 12:00:00,2,1.0292201,0.9951308,2.0024035,0.49696815
1941-04-15 12:00:00,3,0.59798914,1.00022,1.9947922,0.5014156
1941-04-15 12:00:00,4,0.26831222,1.0010272,2.0076392,0.49860913
1941-04-15 12:00:00,5,1.1624777,0.99777216,2.0038183,0.49793544
1941-04-15 12:00:00,6,0.24109226,1.0019631,2.0004168,0.5008772
1941-04-15 12:00:00,7,0.2691771,1.0025641,2.005202,0.49998158
1941-04-15 12:00:00,8,0.01639728,1.0032215,2.0086699,0.4994457
1941-04-15 12:00:00,9,1.3661443,0.9982365,2.011096,0.4963644
1941-04-15 12:00:00,10,0.39584678,0.9957245,2.0001736,0.49781904
1941-04-15 12:00:00,11,0.4819296,0.99902016,2.0016003,0.49911073
1941-05-16 00:00:00,0,0.26680163,1.0029986,1.9999055,0.501523
1941-05-16 00:00:00,1,0.49751255,0.9998885,2.001621,0.49953938
1941-05-16 00:00:00,2,0.32945377,0.99603313,2.0014677,0.49765137
1941-05-16 00:00:00,3,0.11152346,0.9992085,1.9973112,0.5002768
1941-05-16 00:00:00,4,0.04943623,1.0008935,2.0088205,0.49824932
1941-05-16 00:00:00,5,0.30839875,0.9969661,2.0030942,0.49771306
1941-05-16 00:00:00,6,0.43211558,1.001519,2.0011008,0.50048405
1941-05-16 00:00:00,7,0.9562985,1.0013953,2.005564,0.49930862
1941-05-16 00:00:00,8,1.0636289,1.0022514,2.006397,0.49952796
1941-05-16 00:00:00,9,0.026699003,0.9987491,2.0100102,0.49688756
1941-05-16 00:00:00,10,0.3109892,0.99625397,2.001558,0.49773923
1941-05-16 00:00:00,11,0.7561154,0.99878776,2.0013494,0.49905714
1941-06-15 12:00:00,0,0.8122303,0.9993349,2.003352,0.49883142
1941-06-15 12:00:00,1,0.1113176,0.9984176,2.0057988,0.49776557
1941-06-15 12:00:00,2,0.7312608,0.9989409,2.0034804,0.49860278
1941-06-15 12:00:00,3,1.1890305,0.9987675,2.001059,0.49911946
1941-06-15 12:00:00,4,1.5359815,1.0021708,2.007774,0.49914518
1941-06-15 12:00:00,5,0.5420508,0.9977369,2.0026336,0.4982124
1941-06-15 12:00:00,6,0.37974492,0.9983027,2.0041964,0.4981062
1941-06-15 12:00:00,7,0.04237375,0.9999967,2.0050309,0.4987438
1941-06-15 12:00:00,8,0.06345405,1.0009375,2.0028145,0.49976543
1941-06-15 12:00:00,9,0.7510816,0.99957883,2.008673,0.49763146
1941-06-15 12:00:00,10,0.07815697,0.99871606,2.0045888,0.4982149
1941-06-15 12:00:00,11,1.068196,0.9990907,2.001534,0.4991625
1941-07-16 00:00:00,0,1.073444,0.9978982,2.0053084,0.4976283
1941-07-16 00:00:00,1,0.55003834,0.99817836,2.0085037,0.4969761
1941-07-16 00:00:00,2,0.09818681,0.99986696,2.004892,0.4987136
1941-07-16 00:00:00,3,1.0609946,0.9987449,2.0009148,0.49914414
1941-07-16 00:00:00,4,0.50953996,1.0021179,2.008236,0.49900407
1941-07-16 00:00:00,5,0.77101314,0.9982637,2.0023654,0.49854225
1941-07-16 00:00:00,6,0.23536497,0.9968404,2.0056067,0.4970269
1941-07-16 00:00:00,7,0.058111876,1.0005239,2.0048742,0.49904573
1941-07-16 00:00:00,8,0.110015966,1.0003448,2.0026526,0.49950987
1941-07-16 00:00:00,9,0.046887986,1.0004107,2.0093143,0.4978866
1941-07-16 00:00:00,10,0.30659768,0.9993282,2.0037951,0.49871776
1941-07-16 00:00:00,11,0.4403127,0.99856,2.0006301,0.49912274
1941-08-16 00:00:00,0,1.8313254,1.0018082,2.001653,0.5004904
1941-08-16 00:00:00,1,0.11806967,0.99937534,2.0034852,0.49881843
1941-08-16 00:00:00,2,0.26061502,0.9972792,2.002227,0.498085
1941-08-16 00:00:00,3,0.18831496,0.9988316,1.9993188,0.49958596
1941-08-16 00:00:00,4,0.05836637,1.0011913,2.0094924,0.49823093
1941-08-16 00:00:00,5,0.3390303,0.9971468,2.0028794,0.49785665
1941-08-16 00:00:00,6,0.12805448,1.0004826,2.0027945,0.49954328
1941-08-16 00:00:00,7,0.33992705,1.0009899,2.0057511,0.4990599
1941-08-16 00:00:00,8,0.20334043,1.0014915,2.005015,0.49949333
1941-08-16 00:00:00,9,0.19795646,0.9994576,2.0098145,0.49728847
1941-08-16 00:00:00,10,0.17826992,0.9973818,2.0025609,0.4980532
1941-08-16 00:00:00,11,1.7700067,0.9986616,2.0013988,0.4989818
1941-09-15 12:00:00,0,1.3446406,0.99130416,1.9954295,0.49678737
1941-09-15 12:00:00,1,1.0808953,0.9968325,2.0047562,0.49723378
1941-09-15 12:00:00,2,0.36051092,0.9993033,1.9972757,0.5003332
1941-09-15 12:00:00,3,0.27495056,0.9956882,1.9886667,0.5006813
1941-09-15 12:00:00,4,0.12280826,0.99819976,2.0016284,0.49869385
1941-09-15 12:00:00,5,0.23970076,0.9942305,1.9941548,0.49857238
1941-09-15 12:00:00,6,0.29590666,0.9895601,1.9961472,0.49573505
1941-09-15 12:00:00,7,0.33407325,0.99730366,1.9989383,0.4989167
1941-09-15 12:00:00,8,0.70379525,0.9984639,1.9951658,0.50044155
1941-09-15 12:00:00,9,0.36703855,0.9986794,2.0021837,0.4987951
1941-09-15 12:00:00,10,0.0030951097,0.9943146,1.9952875,0.4983315
1941-09-15 12:00:00,11,0.28304243,0.9957505,1.9886371,0.5007201
1941-10-16 00:00:00,0,0.074331075,1.0002413,2.0024853,0.49949995
1941-10-16 00:00:00,1,0.020699922,0.9988013,2.0047095,0.49822745
1941-10-16 00:00:00,2,0.541306,0.9981532,2.0030737,0.49831077
1941-10-16 00:00:00,3,2.2021475,0.9990072,1.999982,0.4995081
1941-10-16 00:00:00,4,0.19736867,1.001964,2.007706,0.49905914
1941-10-16 00:00:00,5,0.15277469,0.9976573,2.0028532,0.49811804
1941-10-16 00:00:00,6,0.16041619,0.9991328,2.00334,0.49873352
1941-10-16 00:00:00,7,0.20746014,1.0003623,2.0050826,0.49891326
1941-10-16 00:00:00,8,0.047219053,1.0014046,2.003829,0.49974555
1941-10-16 00:00:00,9,0.03903854,0.9992377,2.008993,0.4973824
1941-10-16 00:00:00,10,0.35938025,0.99811345,2.0039015,0.49808508
1941-10-16 00:00:00,11,1.8204657,0.99914026,2.0016465,0.4991592
1941-11-15 12:00:00,0,0.5234571,1.0032169,1.9997314,0.5016758
1941-11-15 12:00:00,1,1.2402114,0.9998982,2.0013728,0.49960616
1941-11-15 12:00:00,2,0.46173456,0.9960311,2.0011292,0.49773455
1941-11-15 12:00:00,3,0.10576773,0.99898267,1.9976425,0.5000808
1941-11-15 12:00:00,4,0.08857812,1.0007108,2.009401,0.49801448
1941-11-15 12:00:00,5,1.3928071,0.9967124,2.00296,0.49761972
1941-11-15 12:00:00,6,0.2755576,1.0016946,2.0011208,0.5005668
1941-11-15 12:00:00,7,0.10985015,1.0013059,2.0057623,0.49921465
1941-11-15 12:00:00,8,0.6883217,1.0020821,2.0062094,0.4994903
1941-11-15 12:00:00,9,0.32020834,0.9988937,2.0099754,0.4969681
1941-11-15 12:00:00,10,0.00090457813,0.99620134,2.001544,0.49771643
1941-11-15 12:00:00,11,0.20194466,0.9986419,2.001239,0.4990118
1941-12-16 00:00:00,0,0.06941539,1.0024929,2.0006537,0.50108266
1941-12-16 00:00:00,1,0.1529754,1.0004185,2.0027661,0.4995184
1941-12-16 00:00:00,2,0.3050379,0.99506086,2.0039716,0.4965444
1941-12-16 00:00:00,3,0.11912497,1.001327,1.9930695,0.50240445
1941-12-16 00:00:00,4,0.21079019,1.0018877,2.0047865,0.4997478
1941-12-16 00:00:00,5,2.419048,0.9989747,2.004471,0.4983732
1941-12-16 00:00:00,6,0.69844633,1.0011775,2.0001988,0.500539
1941-12-16 00:00:00,7,0.9004134,1.0030074,2.0042279,0.5004458
1941-12-16 00:00:00,8,0.0610346,1.004084,2.009645,0.4996325
1941-12-16 00:00:00,9,1.5606937,0.9974886,2.0112581,0.49595255
1941-12-16 00:00:00,10,0.21522301,0.9958988,2.0001893,0.49790227
1941-12-16 00:00:00,11,0.2234453,0.99973303,2.0021217,0.4993368
1942-01-16 00:00:00,0,0.48987716,1.0029297,2.0002465,0.50140303
1942-01-16 00:00:00,1,0.39423928,1.0003767,2.0021882,0.4996417
1942-01-16 00:00:00,2,0.5323691,0.9951578,2.0030966,0.4968097
1942-01-16 00:00:00,3,0.10860324,1.000702,1.9941007,0.50183123
1942-01-16 00:00:00,4,0.13679443,1.0014615,2.0062191,0.49917853
1942-01-16 00:00:00,5,0.61891156,0.99830824,2.0040846,0.4981368
1942-01-16 00:00:00,6,0.24987878,1.0015213,2.0003135,0.5006822
1942-01-16 00:00:00,7,0.31762493,1.0026679,2.0047123,0.5001555
1942-01-16 00:00:00,8,0.52187085,1.0035927,2.0089586,0.4995587
1942-01-16 00:00:00,9,0.016538339,0.99786854,2.011049,0.49619305
1942-01-16 00:00:00,10,0.3874854,0.9958366,2.0003197,0.49783874
1942-01-16 00:00:00,11,0.31808174,0.99937963,2.001843,0.4992298
1942-02-14 12:00:00,0,0.62266576,1.0032003,2.0000422,0.50158954
1942-02-14 12:00:00,1,1.3835998,1.000379,2.001885,0.49971852
1942-02-14 12:00:00,2,0.19456486,0.99517953,2.002651,0.49693108
1942-02-14 12:00:00,3,0.34227055,1.0003887,1.9945893,0.5015512
1942-02-14 12:00:00,4,1.294724,1.0012217,2.0070121,0.4988618
1942-02-14 12:00:00,5,0.536905,0.99796766,2.0038984,0.4980131
1942-02-14 12:00:00,6,0.027583804,1.0017382,2.0003707,0.5007763
1942-02-14 12:00:00,7,1.7004207,1.0025357,2.0049827,0.5000221
1942-02-14 12:00:00,8,0.9738219,1.0033493,2.0086734,0.49950844
1942-02-14 12:00:00,9,0.100723825,0.9980758,2.0109935,0.49630982
1942-02-14 12:00:00,10,0.2260618,0.9957876,2.0003242,0.4978131
1942-02-14 12:00:00,11,0.36310384,0.9991816,2.0016959,0.49916756
1942-03-16 00:00:00,0,0.066834696,1.002921,1.9998671,0.5014938
1942-03-16 00:00:00,1,0.31277218,0.99979424,2.00158,0.4995025
1942-03-16 00:00:00,2,0.04317121,0.9961776,2.0012941,0.4977667
1942-03-16 00:00:00,3,1.3335733,0.99903804,1.9977244,0.50008804
1942-03-16 00:00:00,4,0.26229212,1.0008719,2.0089943,0.49819547
1942-03-16 00:00:00,5,0.26320502,0.9968238,2.0029685,0.4976732
1942-03-16 00:00:00,6,0.15933727,1.0014448,2.0011916,0.50042427
1942-03-16 00:00:00,7,0.83608764,1.0011878,2.0056157,0.49919224
1942-03-16 00:00:00,8,1.3450065,1.0020932,2.0060067,0.4995463
1942-03-16 00:00:00,9,0.16975087,0.99882257,2.0098102,0.49697357
1942-03-16 00:00:00,10,0.24515483,0.9963314,2.0017996,0.49771786
1942-03-16 00:00:00,11,0.2930548,0.9987544,2.0013046,0.49905166
1942-04-15 12:00:00,0,0.12027316,1.0032881,1.9999576,0.50165474
1942-04-15 12:00:00,1,2.6899996,1.0003542,2.0017583,0.49973774
1942-04-15 12:00:00,2,0.12544699,0.99523073,2.002426,0.49701253
1942-04-15 12:00:00,3,0.5465244,1.0002142,1.9949065,0.501384
1942-04-15 12:00:00,4,0.8883099,1.0011178,2.00739,0.49871615
1942-04-15 12:00:00,5,0.22878137,0.9977917,2.003789,0.4979525
1942-04-15 12:00:00,6,0.06393655,1.0018057,2.0004265,0.500796
1942-04-15 12:00:00,7,0.26944232,1.0024273,2.0051095,0.49993643
1942-04-15 12:00:00,8,0.66759527,1.003205,2.0084515,0.49949175
1942-04-15 12:00:00,9,0.123938575,0.9981841,2.0109203,0.49638173
1942-04-15 12:00:00,10,0.13990262,0.9957928,2.0003912,0.497799
1942-04-15 12:00:00,11,0.036077853,0.9990904,2.0016246,0.49913973
1942-05-16 00:00:00,0,0.1355985,1.0035664,1.9996709,0.5018658
1942-05-16 00:00:00,1,0.22772802,1.0001345,2.00127,0.49974987
1942-05-16 00:00:00,2,0.4332537,0.99566907,2.0012963,0.49751207
1942-05-16 00:00:00,3,0.26690745,0.9992371,1.9968599,0.50040424
1942-05-16 00:00:00,4,0.011507346,1.0006326,2.0093708,0.49798307
1942-05-16 00:00:00,5,1.8385608,0.9968719,2.0031672,0.49764788
1942-05-16 00:00:00,6,0.74565035,1.0020031,2.0008905,0.50077856
1942-05-16 00:00:00,7,0.072816834,1.0017401,2.00577,0.4994292
1942-05-16 00:00:00,8,0.036895037,1.0023519,2.007023,0.4994222
1942-05-16 00:00:00,9,0.31112334,0.99880666,2.0104249,0.4968137
1942-05-16 00:00:00,10,0.025505522,0.99596274,2.0009496,0.49774504
1942-05-16 00:00:00,11,0.09695512,0.9986236,2.0012665,0.4989958
1942-06-15 12:00:00,0,0.8762429,0.99511206,2.0047936,0.49636632
1942-06-15 12:00:00,1,0.809372,0.9974932,2.0098276,0.49630785
1942-06-15 12:00:00,2,0.04318992,1.0006701,2.0047474,0.49915022
1942-06-15 12:00:00,3,0.37155512,0.99832386,1.998826,0.4994551
1942-06-15 12:00:00,4,0.28132322,1.0018317,2.006089,0.49939543
1942-06-15 12:00:00,5,1.9688606,0.99808633,2.0007694,0.49885127
1942-06-15 12:00:00,6,0.7462871,0.9939773,2.0047536,0.4958102
1942-06-15 12:00:00,7,0.50426775,0.9998738,2.0032866,0.49911672
1942-06-15 12:00:00,8,0.11266356,0.99970734,2.0006628,0.49968806
1942-06-15 12:00:00,9,0.040132355,1.0003266,2.0078993,0.49819562
1942-06-15 12:00:00,10,0.030959481,0.9989764,2.0026662,0.49882323
1942-06-15 12:00:00,11,0.36393568,0.9980635,1.9980842,0.49951023
1942-07-16 00:00:00,0,0.020903423,0.9914061,1.9946414,0.49703473
1942-07-16 00:00:00,1,0.31764188,0.9970395,2.0042279,0.49746814
1942-07-16 00:00:00,2,0.06396803,0.998834,1.9965923,0.5002694
1942-07-16 00:00:00,3,0.1482205,0.99557155,1.9871325,0.5010091
1942-07-16 00:00:00,4,0.8605892,0.9975992,2.0016928,0.49837777
1942-07-16 00:00:00,5,0.21701019,0.99392825,1.9936881,0.49853748
1942-07-16 00:00:00,6,0.062361546,0.9895963,1.9953861,0.49594226
1942-07-16 00:00:00,7,1.1329616,0.99752164,1.9986743,0.49909166
1942-07-16 00:00:00,8,0.16018993,0.99846715,1.9954237,0.50037855
1942-07-16 00:00:00,9,0.037280973,0.998652,2.0021057,0.4988008
1942-07-16 00:00:00,10,0.14392307,0.9937718,1.9937326,0.4984479
1942-07-16 00:00:00,11,0.83545744,0.99541026,1.987637,0.50080085
1942-08-16 00:00:00,0,0.94523,0.99155253,1.9961741,0.49672648
1942-08-16 00:00:00,1,0.51303047,0.996985,2.0053213,0.49716973
1942-08-16 00:00:00,2,0.5490455,0.99926764,1.9978949,0.5001603
1942-08-16 00:00:00,3,0.11355844,0.9959663,1.9887353,0.5008038
1942-08-16 00:00:00,4,2.0750067,0.99827445,2.0019758,0.49864462
1942-08-16 00:00:00,5,0.055284303,0.9945796,1.9946076,0.49863422
1942-08-16 00:00:00,6,0.52170116,0.98984534,1.9967573,0.49572644
1942-08-16 00:00:00,7,0.22121212,0.99776167,1.9991409,0.49909523
1942-08-16 00:00:00,8,0.069334544,0.99858105,1.995932,0.50030816
1942-08-16 00:00:00,9,0.33380628,0.99887764,2.0027726,0.4987474
1942-08-16 00:00:00,10,0.0037873392,0.9945618,1.9950961,0.4985032
1942-08-16 00:00:00,11,0.63554287,0.9957991,1.9889601,0.50066316
1942-09-15 12:00:00,0,1.141876,0.98603296,1.9771682,0.4987097
1942-09-15 12:00:00,1,0.09041739,0.9960136,1.9921619,0.4999662
1942-09-15 12:00:00,2,0.06711913,0.9956746,1.9819475,0.50237185
1942-09-15 12:00:00,3,0.28039834,0.9913007,1.9707935,0.5029957
1942-09-15 12:00:00,4,0.42404872,0.9921013,1.9923564,0.49795374
1942-09-15 12:00:00,5,0.5399251,0.9871407,1.982751,0.4978642
1942-09-15 12:00:00,6,0.059139967,0.98393786,1.9794621,0.49707335
1942-09-15 12:00:00,7,0.26803768,0.99183387,1.9911488,0.4981214
1942-09-15 12:00:00,8,0.08556226,0.99733835,1.9851663,0.5023954
1942-09-15 12:00:00,9,0.8634677,0.9943749,1.9905847,0.49953908
1942-09-15 12:00:00,10,0.39393145,0.9864205,1.9826796,0.49751887
1942-09-15 12:00:00,11,0.671726,0.9928893,1.9737757,0.50304055
1942-10-16 00:00:00,0,0.11621531,0.9988055,2.0042083,0.49835414
1942-10-16 00:00:00,1,0.020487756,0.9983651,2.0068448,0.49747998
1942-10-16 00:00:00,2,2.3410387,0.99920696,2.0042882,0.49853456
1942-10-16 00:00:00,3,0.014141878,0.99901134,2.0008392,0.49929616
1942-10-16 00:00:00,4,0.20573676,1.0023725,2.0074556,0.49932486
1942-10-16 00:00:00,5,0.347058,0.998179,2.0027766,0.4983976
1942-10-16 00:00:00,6,0.09428036,0.9978215,2.0046906,0.4977434
1942-10-16 00:00:00,7,1.4535593,1.0002799,2.00488,0.4989226
1942-10-16 00:00:00,8,0.0042031202,1.0009564,2.0030413,0.4997183
1942-10-16 00:00:00,9,1.5556196,0.999699,2.0089884,0.49761313
1942-10-16 00:00:00,10,0.88553685,0.99901015,2.0044496,0.49839625
1942-10-16 00:00:00,11,1.3012528,0.9991076,2.001537,0.49917015
1942-11-15 12:00:00,0,1.0434015,1.0036948,1.9998875,0.50187564
1942-11-15 12:00:00,1,0.2761824,1.0005639,2.001608,0.49988005
1942-11-15 12:00:00,2,0.94689,0.99494,2.0024319,0.49686584
1942-11-15 12:00:00,3,0.81158304,1.0003134,1.9944386,0.50155133
1942-11-15 12:00:00,4,0.7569651,1.0009527,2.0077286,0.49854982
1942-11-15 12:00:00,5,0.098284386,0.99781036,2.0039034,0.49793336
1942-11-15 12:00:00,6,0.822908,1.0021563,2.0002992,0.50100315
1942-11-15 12:00:00,7,0.0047306474,1.0027778,2.0052416,0.5000783
1942-11-15 12:00:00,8,0.20860712,1.0033326,2.009066,0.4994025
1942-11-15 12:00:00,9,0.48735714,0.9982174,2.0113277,0.49629775
1942-11-15 12:00:00,10,0.039626703,0.99558794,1.9998578,0.49782938
1942-11-15 12:00:00,11,0.9924341,0.9989832,2.001593,0.49909404
1942-12-16 00:00:00,0,0.09183327,1.0021404,2.000266,0.50100356
1942-12-16 00:00:00,1,0.94433427,0.99938637,2.002102,0.49916857
1942-12-16 00:00:00,2,0.5808612,0.99684733,2.0013564,0.4980859
1942-12-16 00:00:00,3,0.8455396,0.9987699,1.9988806,0.4996646
1942-12-16 00:00:00,4,0.2610766,1.0011361,2.008747,0.49838832
1942-12-16 00:00:00,5,1.1243281,0.99677455,2.00273,0.49770793
1942-12-16 00:00:00,6,0.19096242,1.0007672,2.0017083,0.49995658
1942-12-16 00:00:00,7,0.8545726,1.0005699,2.0055,0.49891293
1942-12-16 00:00:00,8,0.25550982,1.0017221,2.004789,0.49966457
1942-12-16 00:00:00,9,1.4693522,0.99893886,2.0091605,0.49719217
1942-12-16 00:00:00,10,0.09244622,0.9968393,2.0027876,0.4977259
1942-12-16 00:00:00,11,0.5356853,0.9988586,2.0013409,0.49909467
1943-01-16 00:00:00,0,1.3890033,1.0034106,2.0000503,0.50169265
1943-01-16 00:00:00,1,0.24477994,1.0005234,2.0018635,0.49979603
1943-01-16 00:00:00,2,0.030765802,0.99497384,2.0027728,0.49679816
1943-01-16 00:00:00,3,0.1430669,1.000539,1.9941403,0.5017395
1943-01-16 00:00:00,4,0.08367824,1.0011698,2.0070426,0.49882835
1943-01-16 00:00:00,5,0.20998958,0.99807,2.0040264,0.49803236
1943-01-16 00:00:00,6,0.3778317,1.0019238,2.0002708,0.50089407
1943-01-16 00:00:00,7,1.0280148,1.0028137,2.0050044,0.5001553
1943-01-16 00:00:00,8,0.17412426,1.0035003,2.0091734,0.4994593
1943-01-16 00:00:00,9,0.25126764,0.9980464,2.0112917,0.4962216
1943-01-16 00:00:00,10,0.07702175,0.9956601,1.9999535,0.49784163
1943-01-16 00:00:00,11,1.2471349,0.9991583,2.0017123,0.4991518
1943-02-14 12:00:00,0,0.8637384,1.003186,1.9997655,0.5016518
1943-02-14 12:00:00,1,0.119869635,0.99995106,2.001443,0.49961507
1943-02-14 12:00:00,2,1.13426,0.99592614,2.0013387,0.49762997
1943-02-14 12:00:00,3,1.9980433,0.9991773,1.9972333,0.50028074
1943-02-14 12:00:00,4,0.1790413,1.0007969,2.00902,0.49815178
1943-02-14 12:00:00,5,0.6419471,0.99688786,2.0030847,0.49767634
1943-02-14 12:00:00,6,0.13147105,1.001676,2.00101,0.5005852
1943-02-14 12:00:00,7,1.1005908,1.0014511,2.005636,0.49931848
1943-02-14 12:00:00,8,0.1883447,1.0022575,2.0065143,0.49950176
1943-02-14 12:00:00,9,0.38671556,0.998767,2.0100825,0.49687862
1943-02-14 12:00:00,10,0.535345,0.99615103,2.0014124,0.49772403
1943-02-14 12:00:00,11,0.7776713,0.9987304,2.001306,0.49903932
1943-03-16 00:00:00,0,0.009564525,1.003554,1.9998273,0.5018203
1943-03-16 00:00:00,1,0.23816864,1.0004197,2.0015523,0.49982193
1943-03-16 00:00:00,2,1.6450461,0.9951518,2.0021954,0.49703032
1943-03-16 00:00:00,3,0.77224195,1.0000824,1.995015,0.5012906
1943-03-16 00:00:00,4,1.14168,1.0009426,2.0079033,0.4985014
1943-03-16 00:00:00,5,0.47429714,0.9976203,2.0037274,0.49788222
1943-03-16 00:00:00,6,1.8483651,1.002026,2.0004148,0.5009091
1943-03-16 00:00:00,7,0.7577953,1.0024657,2.0052896,0.4999107
1943-03-16 00:00:00,8,0.06032534,1.0031185,2.0084927,0.49943846
1943-03-16 00:00:00,9,0.09426063,0.99830073,2.011016,0.49641612
1943-03-16 00:00:00,10,1.7689685,0.99570304,2.0002303,0.4977942
1943-03-16 00:00:00,11,0.20123428,0.99895525,2.0015385,0.49909368
1943-04-15 12:00:00,0,1.4881849,1.0029855,1.999927,0.50151104
1943-04-15 12:00:00,1,1.1008824,0.99979687,2.0016012,0.49949852
1943-04-15 12:00:00,2,1.3204883,0.9962202,2.0012262,0.49780488
1943-04-15 12:00:00,3,0.5498815,0.99894303,1.997923,0.49999076
1943-04-15 12:00:00,4,1.0870149,1.0007988,2.0093243,0.4980773
1943-04-15 12:00:00,5,0.7330217,0.9967475,2.002924,0.49764618
1943-04-15 12:00:00,6,1.0401673,1.0014976,2.001308,0.5004215
1943-04-15 12:00:00,7,0.22242244,1.001185,2.0057297,0.49916252
1943-04-15 12:00:00,8,1.0716982,1.0019962,2.0059395,0.49951464
1943-04-15 12:00:00,9,0.08580993,0.9989358,2.0098546,0.49701896
1943-04-15 12:00:00,10,0.2384744,0.9963656,2.0017774,0.49774045
1943-04-15 12:00:00,11,0.050546333,0.9986733,2.0012681,0.49902025
1943-05-16 00:00:00,0,0.5307969,0.9936603,2.0019186,0.49635398
1943-05-16 00:00:00,1,1.1830039,0.9973167,2.008653,0.49651024
1943-05-16 00:00:00,2,0.23591183,1.000243,2.0025818,0.4994767
1943-05-16 00:00:00,3,0.46511745,0.99750274,1.9949336,0.500018
1943-05-16 00:00:00,4,0.15354405,1.0005075,2.0047028,0.4990802
1943-05-16 00:00:00,5,0.5935548,0.99691695,1.9985149,0.4988289
1943-05-16 00:00:00,6,0.00044398723,0.9922388,2.0019712,0.4956309
1943-05-16 00:00:00,7,1.0056924,0.99932206,2.0017738,0.49921826
1943-05-16 00:00:00,8,0.86474705,0.9992422,1.999127,0.49983928
1943-05-16 00:00:00,9,0.40844902,0.99993366,2.006325,0.49839067
1943-05-16 00:00:00,10,0.48149836,0.99731565,1.999698,0.49873313
1943-05-16 00:00:00,11,0.16919886,0.99709153,1.9945788,0.4999008
1943-06-15 12:00:00,0,0.8766699,0.99750745,2.0049458,0.4975234
1943-06-15 12:00:00,1,0.28896508,0.99784225,2.008094,0.49691013
1943-06-15 12:00:00,2,1.0428116,1.0001618,2.0046072,0.49893156
1943-06-15 12:00:00,3,0.5113898,0.99863774,2.001797,0.49887064
1943-06-15 12:00:00,4,0.060688987,1.0025171,2.0073283,0.49942857
1943-06-15 12:00:00,5,1.0248965,0.9981548,2.002289,0.49850684
1943-06-15 12:00:00,6,0.5207054,0.996561,2.0054507,0.4969262
1943-06-15 12:00:00,7,0.85342026,0.9997512,2.0046313,0.49872074
1943-06-15 12:00:00,8,0.2541943,1.0003207,2.0016153,0.49975672
1943-06-15 12:00:00,9,0.35964498,1.0000718,2.008412,0.49794158
1943-06-15 12:00:00,10,0.46219477,0.9995463,2.0051007,0.49850178
1943-06-15 12:00:00,11,0.04265053,0.99895203,2.0010173,0.49922207
1943-07-16 00:00:00,0,1.6652801,0.9958338,2.0051816,0.49663025
1943-07-16 00:00:00,1,1.4663852,0.9975446,2.009635,0.49638098
1943-07-16 00:00:00,2,0.0246427,1.0007366,2.0047703,0.4991777
1943-07-16 00:00:00,3,0.043677233,0.998243,2.000293,0.49904838
1943-07-16 00:00:00,4,0.35482743,1.001952,2.007128,0.4991969
1943-07-16 00:00:00,5,0.43804687,0.9980233,2.001181,0.49871716
1943-07-16 00:00:00,6,1.7388219,0.9947212,2.0054102,0.4960188
1943-07-16 00:00:00,7,0.2419495,0.99984276,2.0039148,0.49894473
1943-07-16 00:00:00,8,0.893902,0.99963415,2.0007765,0.4996231
1943-07-16 00:00:00,9,0.50358325,1.0005578,2.0081823,0.49824053
1943-07-16 00:00:00,10,0.14385712,0.9993095,2.0035002,0.49878183
1943-07-16 00:00:00,11,0.2112306,0.99816525,1.9988983,0.4993577
1943-08-16 00:00:00,0,0.21172984,0.985762,1.9761344,0.49883348
1943-08-16 00:00:00,1,0.07201338,0.9960065,1.9914429,0.5001431
1943-08-16 00:00:00,2,0.76037604,0.99539167,1.9811502,0.5024312
1943-08-16 00:00:00,3,1.7021484,0.9911433,1.9695506,0.5032332
1943-08-16 00:00:00,4,0.68469715,0.9917759,1.9916918,0.49795648
1943-08-16 00:00:00,5,0.13195255,0.98681295,1.9821516,0.49784938
1943-08-16 00:00:00,6,0.032932024,0.98364955,1.9784428,0.4971837
1943-08-16 00:00:00,7,0.09743369,0.9916151,1.9906497,0.49813643
1943-08-16 00:00:00,8,0.27961886,0.99736214,1.9847664,0.5025086
1943-08-16 00:00:00,9,0.16943122,0.9940737,1.9900029,0.4995338
1943-08-16 00:00:00,10,0.26428884,0.98593676,1.9818419,0.49748507
1943-08-16 00:00:00,11,0.56888944,0.99275035,1.9729625,0.5031775
1943-09-15 12:00:00,0,0.3096543,0.9873539,1.9816483,0.49824882
1943-09-15 12:00:00,1,0.13566616,0.9962465,1.9953527,0.4992834
1943-09-15 12:00:00,2,0.2931062,0.99654555,1.9857152,0.5018573
1943-09-15 12:00:00,3,0.40039948,0.99234146,1.9750224,0.50244564
1943-09-15 12:00:00,4,0.7163331,0.9934702,1.9948611,0.49801472
1943-09-15 12:00:00,5,0.8161996,0.98883486,1.9855064,0.49802652
1943-09-15 12:00:00,6,0.08326617,0.98529327,1.9835771,0.49672547
1943-09-15 12:00:00,7,0.04200582,0.99328977,1.9930888,0.49836704
1943-09-15 12:00:00,8,0.40600646,0.9975476,1.987741,0.5018499
1943-09-15 12:00:00,9,0.24095732,0.9955373,1.9935594,0.4993768
1943-09-15 12:00:00,10,0.3842156,0.98826253,1.9855192,0.49773508
1943-09-15 12:00:00,11,0.00016164644,0.9934616,1.9772056,0.5024574
1943-10-16 00:00:00,0,0.07022978,1.0014325,2.0010898,0.5004436
1943-10-16 00:00:00,1,0.30056584,0.99923325,2.0030808,0.4988482
1943-10-16 00:00:00,2,0.34491813,0.9971981,2.0021825,0.49805555
1943-10-16 00:00:00,3,0.15268198,0.9990675,1.9988562,0.4998196
1943-10-16 00:00:00,4,0.10788138,1.0015396,2.0079386,0.49878994
1943-10-16 00:00:00,5,0.27873176,0.99728185,2.0029147,0.4979153
1943-10-16 00:00:00,6,0.6734214,1.0001785,2.0021658,0.49954826
1943-10-16 00:00:00,7,0.29547086,1.0006331,2.0052145,0.4990155
1943-10-16 00:00:00,8,0.0016896776,1.0018096,2.0047574,0.49971613
1943-10-16 00:00:00,9,0.2809757,0.9988917,2.0091941,0.49716038
1943-10-16 00:00:00,10,0.039545868,0.99725556,2.0030742,0.49786252
1943-10-16 00:00:00,11,0.32187498,0.9990755,2.0015576,0.499149
1943-11-15 12:00:00,0,0.59153575,0.99779534,2.004507,0.4977759
1943-11-15 12:00:00,1,0.7111455,0.99792403,2.007491,0.49710009
1943-11-15 12:00:00,2,0.18068488,0.99985665,2.004499,0.49880627
1943-11-15 12:00:00,3,0.13783842,0.9988612,2.0015101,0.49905378
1943-11-15 12:00:00,4,0.5083559,1.0026853,2.0067055,0.49966738
1943-11-15 12:00:00,5,0.7924125,0.9982276,2.0025117,0.49848777
1943-11-15 12:00:00,6,0.01351494,0.99688214,2.005002,0.49719757
1943-11-15 12:00:00,7,0.9286696,0.99971235,2.004516,0.49873006
1943-11-15 12:00:00,8,0.13474454,1.0006626,2.0019042,0.49985537
1943-11-15 12:00:00,9,0.070170306,0.99969786,2.0083005,0.497783
1943-11-15 12:00:00,10,0.68148166,0.9993834,2.0053198,0.4983661
1943-11-15 12:00:00,11,0.022000318,0.99923176,2.001392,0.4992684
1943-12-16 00:00:00,0,0.05689442,1.003506,1.9996225,0.5018477
1943-12-16 00:00:00,1,0.58311146,1.0001128,2.0012465,0.49974492
1943-12-16 00:00:00,2,0.18911032,0.9956708,2.0013049,0.4975108
1943-12-16 00:00:00,3,0.10516171,0.9992654,1.9968123,0.5004303
1943-12-16 00:00:00,4,0.33492568,1.0006776,2.0091841,0.4980517
1943-12-16 00:00:00,5,0.38005918,0.99689335,2.0031705,0.49765778
1943-12-16 00:00:00,6,0.69797117,1.0019517,2.0008304,0.50076795
1943-12-16 00:00:00,7,0.0075962325,1.0016978,2.005704,0.49942455
1943-12-16 00:00:00,8,0.01424256,1.0023843,2.0069852,0.4994478
1943-12-16 00:00:00,9,0.19542862,0.9987452,2.0103517,0.49680126
1943-12-16 00:00:00,10,0.109628156,0.9959561,2.0010152,0.49772543
1943-12-16 00:00:00,11,0.7288571,0.9986714,2.0012815,0.49901596
1944-01-16 00:00:00,0,0.9472379,1.0036813,1.9996959,0.50191694
1944-01-16 00:00:00,1,0.9934579,1.0003655,2.0013516,0.49984497
1944-01-16 00:00:00,2,1.3895996,0.9952594,2.0018132,0.49717897
1944-01-16 00:00:00,3,0.5435634,0.9997758,1.995592,0.5009921
1944-01-16 00:00:00,4,0.35889474,1.0007732,2.008544,0.49825805
1944-01-16 00:00:00,5,1.359241,0.9973182,2.0035331,0.49777976
1944-01-16 00:00:00,6,0.19175966,1.0021219,2.0005267,0.50092906
1944-01-16 00:00:00,7,0.44754452,1.0022624,2.0055044,0.49975577
1944-01-16 00:00:00,8,1.1803994,1.0028608,2.008077,0.49941352
1944-01-16 00:00:00,9,0.088396356,0.99848974,2.010872,0.49654567
1944-01-16 00:00:00,10,0.036259934,0.9957281,2.0003726,0.4977713
1944-01-16 00:00:00,11,0.88486254,0.9988022,2.0014186,0.49904713
1944-02-15 00:00:00,0,0.067512214,1.0031667,2.000108,0.5015563
1944-02-15 00:00:00,1,0.061879184,1.0004143,2.0019753,0.49971357
1944-02-15 00:00:00,2,0.057070516,0.99512076,2.002823,0.49685904
1944-02-15 00:00:00,3,0.527243,1.0005264,1.9943204,0.5016879
1944-02-15 00:00:00,4,0.41400382,1.0012852,2.0067654,0.4989548
1944-02-15 00:00:00,5,0.5233519,0.9981017,2.0039897,0.4980573
1944-02-15 00:00:00,6,0.93221796,1.0017154,2.0003262,0.50077605
1944-02-15 00:00:00,7,0.47413552,1.002647,2.0049014,0.50009793
1944-02-15 00:00:00,8,0.66687673,1.003465,2.0088894,0.49951234
1944-02-15 00:00:00,9,0.2270051,0.9980017,2.011085,0.49625036
1944-02-15 00:00:00,10,0.92082024,0.99577075,2.0002306,0.49782798
1944-02-15 00:00:00,11,0.03523097,0.99923927,2.001747,0.49918362
1944-03-16 00:00:00,0,1.9307374,1.0037668,1.9996117,0.50198084
1944-03-16 00:00:00,1,0.075288184,1.0002613,2.0011864,0.49983415
1944-03-16 00:00:00,2,0.6798526,0.995469,2.0013602,0.4973962
1944-03-16 00:00:00,3,0.11809841,0.99936354,1.9964466,0.50057113
1944-03-16 00:00:00,4,0.58953923,1.0005822,2.0093677,0.49795875
1944-03-16 00:00:00,5,0.13914286,0.9969416,2.0032706,0.497657
1944-03-16 00:00:00,6,0.065772265,1.0021785,2.0007522,0.50090086
1944-03-16 00:00:00,7,0.7774082,1.0019636,2.0057783,0.49953857
1944-03-16 00:00:00,8,0.44868436,1.0024924,2.007449,0.49938628
1944-03-16 00:00:00,9,0.4517435,0.99875885,2.010655,0.4967331
1944-03-16 00:00:00,10,0.31832692,0.9958242,2.0006332,0.4977545
1944-03-16 00:00:00,11,0.009843452,0.9986101,2.0012743,0.4989871
1944-04-15 12:00:00,0,0.75042105,1.0034037,1.9997686,0.5017599
1944-04-15 12:00:00,1,0.30230325,1.0001215,2.001425,0.4997047
1944-04-15 12:00:00,2,0.0853431,0.9956695,2.0015225,0.49745604
1944-04-15 12:00:00,3,0.987343,0.9993965,1.9966227,0.5005435
1944-04-15 12:00:00,4,0.42274335,1.0007678,2.0089252,0.4981608
1944-04-15 12:00:00,5,1.1711731,0.9970468,2.0032578,0.4977127
1944-04-15 12:00:00,6,0.29109243,1.0018715,2.0008562,0.5007214
1944-04-15 12:00:00,7,0.030928748,1.0017864,2.005617,0.49949038
1944-04-15 12:00:00,8,0.27872318,1.0024754,2.007137,0.49945536
1944-04-15 12:00:00,9,0.626264,0.9986901,2.0104244,0.49675587
1944-04-15 12:00:00,10,0.0041444427,0.9959942,2.000979,0.49775347
1944-04-15 12:00:00,11,0.17047474,0.9987359,2.0013444,0.4990325
1944-05-16 00:00:00,0,0.42064533,1.000953,2.0018392,0.5000167
1944-05-16 00:00:00,1,0.5234436,0.9990992,2.0039167,0.4985732
1944-05-16 00:00:00,2,0.11345258,0.99757296,2.002718,0.49810955
1944-05-16 00:00:00,3,0.094967216,0.99912214,1.9991999,0.49976102
1944-05-16 00:00:00,4,0.5265066,1.0017273,2.0078707,0.49890032
1944-05-16 00:00:00,5,0.93833566,0.9975379,2.0029643,0.4980308
1944-05-16 00:00:00,6,0.13299954,0.9997633,2.0027363,0.49919868
1944-05-16 00:00:00,7,0.6547011,1.0006621,2.0051758,0.49903956
1944-05-16 00:00:00,8,0.21979478,1.0016862,2.0045764,0.49969968
1944-05-16 00:00:00,9,0.15419231,0.9990635,2.0092785,0.497225
1944-05-16 00:00:00,10,0.05721198,0.99763846,2.0032825,0.49800187
1944-05-16 00:00:00,11,0.018750193,0.9990937,2.001629,0.49914026
1944-06-15 12:00:00,0,0.056369312,0.9984895,2.0042121,0.49819553
1944-06-15 12:00:00,1,0.14234513,0.9982563,2.0069346,0.4974035
1944-06-15 12:00:00,2,1.0684961,0.9992952,2.0044515,0.49853796
1944-06-15 12:00:00,3,0.12373924,0.999142,2.0007694,0.4993789
1944-06-15 12:00:00,4,0.60140544,1.0026022,2.0067344,0.4996188
1944-06-15 12:00:00,5,0.43913436,0.99832976,2.0028226,0.4984614
1944-06-15 12:00:00,6,0.04616713,0.99756247,2.0046062,0.49763513
1944-06-15 12:00:00,7,0.9262118,1.0001274,2.0046299,0.4989088
1944-06-15 12:00:00,8,0.10021529,1.0010642,2.0028698,0.4998149
1944-06-15 12:00:00,9,0.42641398,0.99949735,2.0087404,0.49757418
1944-06-15 12:00:00,10,0.11882757,0.99908954,2.0047736,0.4983553
1944-06-15 12:00:00,11,0.20841213,0.999309,2.0016587,0.49924046
1944-07-16 00:00:00,0,0.10969298,0.9895272,1.9891039,0.49747387
1944-07-16 00:00:00,1,0.6863562,0.9966994,2.0006108,0.49819753
1944-07-16 00:00:00,2,0.26164198,0.9978427,1.9921012,0.5008996
1944-07-16 00:00:00,3,0.07411354,0.9942797,1.9816043,0.5017549
1944-07-16 00:00:00,4,0.1704454,0.995843,1.9985093,0.4982929
1944-07-16 00:00:00,5,0.047019675,0.9918438,1.9901919,0.4983659
1944-07-16 00:00:00,6,0.009674308,0.9875866,1.9902751,0.49620607
1944-07-16 00:00:00,7,0.075158514,0.9958037,1.9961374,0.4988653
1944-07-16 00:00:00,8,0.049423203,0.99811864,1.9922642,0.5009971
1944-07-16 00:00:00,9,0.030562963,0.9972892,1.998496,0.49901983
1944-07-16 00:00:00,10,0.06635079,0.9913453,1.9900506,0.4981508
1944-07-16 00:00:00,11,0.4811736,0.99456733,1.9830339,0.5015382
1944-08-16 00:00:00,0,0.64265424,0.98506063,1.9736781,0.49909893
1944-08-16 00:00:00,1,0.23244546,0.9958509,1.989648,0.5005161
1944-08-16 00:00:00,2,0.66819596,0.9949571,1.9789969,0.50275826
1944-08-16 00:00:00,3,0.19784173,0.99050933,1.967426,0.50345445
1944-08-16 00:00:00,4,0.74861205,0.99100786,1.9904567,0.49787965
1944-08-16 00:00:00,5,1.1621597,0.98582095,1.9806093,0.49773622
1944-08-16 00:00:00,6,0.16010185,0.9829383,1.9762447,0.49737683
1944-08-16 00:00:00,7,1.4598018,0.99075216,1.9896297,0.49795806
1944-08-16 00:00:00,8,0.0826965,0.99718404,1.983231,0.5028078
1944-08-16 00:00:00,9,2.278835,0.9934756,1.9883171,0.49965653
1944-08-16 00:00:00,10,1.0098931,0.9849704,1.9803674,0.4973675
1944-08-16 00:00:00,11,1.1635724,0.9924198,1.9710894,0.50348794
1944-09-15 12:00:00,0,0.6444811,0.9918495,1.9961965,0.49686965
1944-09-15 12:00:00,1,1.025958,0.9972454,2.0052826,0.49730912
1944-09-15 12:00:00,2,0.6070389,0.9989619,1.9979334,0.49999762
1944-09-15 12:00:00,3,0.05638616,0.9960666,1.9880334,0.5010311
1944-09-15 12:00:00,4,0.63321906,0.9980741,2.0022824,0.49846822
1944-09-15 12:00:00,5,0.8853512,0.99465257,1.9946523,0.49865964
1944-09-15 12:00:00,6,0.8269048,0.99011886,1.9966059,0.49590102
1944-09-15 12:00:00,7,0.76264364,0.99817,1.999264,0.49926874
1944-09-15 12:00:00,8,0.42110315,0.99873906,1.9965726,0.5002268
1944-09-15 12:00:00,9,0.13113241,0.9989133,2.0032246,0.49865267
1944-09-15 12:00:00,10,0.18074237,0.99438775,1.9942932,0.49861664
1944-09-15 12:00:00,11,0.29338503,0.9956668,1.988865,0.5006206
1944-10-16 00:00:00,0,0.06799847,0.99958134,2.0020814,0.49927106
1944-10-16 00:00:00,1,0.6738908,0.9983688,2.0044527,0.49807552
1944-10-16 00:00:00,2,0.6186056,0.99861157,2.0026414,0.4986472
1944-10-16 00:00:00,3,0.7465524,0.9986996,2.0009193,0.49912038
1944-10-16 00:00:00,4,0.082948536,1.0022293,2.0069346,0.49938315
1944-10-16 00:00:00,5,1.0474062,0.9973992,2.0025113,0.4980742
1944-10-16 00:00:00,6,0.42964372,0.9985552,2.0032244,0.49847397
1944-10-16 00:00:00,7,0.14187348,0.99945295,2.0047865,0.49853337
1944-10-16 00:00:00,8,3.5610604,1.0011601,2.0023987,0.49998042
1944-10-16 00:00:00,9,0.9889114,0.99903363,2.0079036,0.4975506
1944-10-16 00:00:00,10,0.0014873702,0.9983275,2.0050986,0.49789447
1944-10-16 00:00:00,11,0.100236356,0.9993802,2.001654,0.4992772
1944-11-15 12:00:00,0,0.294252,1.0032774,1.9999375,0.5016544
1944-11-15 12:00:00,1,0.46624702,1.0003499,2.0017447,0.499739
1944-11-15 12:00:00,2,0.26236406,0.99522746,2.0024235,0.49701148
1944-11-15 12:00:00,3,0.17104971,1.000221,1.9948899,0.5013916
1944-11-15 12:00:00,4,0.039636225,1.001127,2.0073435,0.49873227
1944-11-15 12:00:00,5,0.40451807,0.99779457,2.0037892,0.49795386
1944-11-15 12:00:00,6,0.09790915,1.0017961,2.0004053,0.50079656
1944-11-15 12:00:00,7,0.67586625,1.0024168,2.0050929,0.4999354
1944-11-15 12:00:00,8,0.21441679,1.0032142,2.0084448,0.49949804
1944-11-15 12:00:00,9,0.055857815,0.99816704,2.010902,0.4963778
1944-11-15 12:00:00,10,0.051850956,0.9957864,2.0004053,0.49779233
1944-11-15 12:00:00,11,0.6877161,0.9991019,2.0016267,0.49914494
1944-12-16 00:00:00,0,1.1022003,1.0035999,1.9996535,0.5018869
1944-12-16 00:00:00,1,0.100484334,1.0002714,2.0013075,0.49980897
1944-12-16 00:00:00,2,0.5504608,0.99540025,2.0016432,0.49729156
1944-12-16 00:00:00,3,0.2586224,0.9996118,1.9959911,0.5008097
1944-12-16 00:00:00,4,0.07948091,1.0007566,2.0086954,0.49821225
1944-12-16 00:00:00,5,0.1827444,0.9971811,2.0034108,0.4977417
1944-12-16 00:00:00,6,0.22554795,1.0020452,2.0006087,0.50087017
1944-12-16 00:00:00,7,0.60444427,1.0020548,2.0055485,0.49964127
1944-12-16 00:00:00,8,0.2453304,1.0027099,2.0076916,0.4994342
1944-12-16 00:00:00,9,0.07900221,0.998555,2.0106685,0.49662834
1944-12-16 00:00:00,10,0.036427934,0.9958033,2.0006154,0.4977485
1944-12-16 00:00:00,11,0.7187301,0.9987746,2.0013773,0.4990436
1945-01-16 00:00:00,0,0.09685489,0.9983937,2.0039952,0.49820167
1945-01-16 00:00:00,1,0.13473119,0.99813336,2.0067298,0.49739298
1945-01-16 00:00:00,2,0.64262855,0.99941105,2.0041986,0.4986587
1945-01-16 00:00:00,3,0.059500817,0.9989858,2.001146,0.49920684
1945-01-16 00:00:00,4,0.11312233,1.0026273,2.006673,0.49964654
1945-01-16 00:00:00,5,0.00025002143,0.9981651,2.002687,0.49841294
1945-01-16 00:00:00,6,0.4227906,0.9974715,2.0045445,0.4976051
1945-01-16 00:00:00,7,0.52486384,0.99982715,2.004602,0.49876592
1945-01-16 00:00:00,8,0.87564826,1.0009505,2.0024006,0.49987522
1945-01-16 00:00:00,9,0.46536538,0.99946505,2.0084035,0.49764156
1945-01-16 00:00:00,10,0.27476466,0.9991136,2.0051455,0.49827486
1945-01-16 00:00:00,11,0.8997606,0.99934095,2.0016408,0.49926087
1945-02-14 12:00:00,0,0.9381186,1.0038489,1.999687,0.502003
1945-02-14 12:00:00,1,0.643782,1.0005057,2.0013344,0.4999193
1945-02-14 12:00:00,2,0.1329067,0.99503934,2.0019798,0.49702767
1945-02-14 12:00:00,3,0.46155357,0.99997544,1.9950479,0.5012288
1945-02-14 12:00:00,4,1.0002391,1.0007627,2.0084028,0.49828783
1945-02-14 12:00:00,5,0.17747432,0.99746436,2.0036848,0.497815
1945-02-14 12:00:00,6,1.2283808,1.002272,2.0003774,0.5010415
1945-02-14 12:00:00,7,0.26393795,1.0025415,2.0054662,0.49990448
1945-02-14 12:00:00,8,0.7950469,1.0030589,2.0086062,0.49938056
1945-02-14 12:00:00,9,0.0772279,0.9984054,2.011148,0.49643558
1945-02-14 12:00:00,10,0.037967376,0.99559027,2.0000181,0.49779063
1945-02-14 12:00:00,11,0.5581555,0.99882096,2.0014553,0.49904734
1945-03-16 00:00:00,0,0.62869215,1.0032551,2.0000393,0.50161767
1945-03-16 00:00:00,1,0.7996027,1.0004084,2.0018713,0.4997366
1945-03-16 00:00:00,2,0.25048706,0.99514025,2.0026577,0.49690983
1945-03-16 00:00:00,3,0.3286188,1.0004047,1.9945233,0.5015758
1945-03-16 00:00:00,4,0.386191,1.0011998,2.0070593,0.49883917
1945-03-16 00:00:00,5,0.40297252,0.9979737,2.0039163,0.49801168
1945-03-16 00:00:00,6,0.3305336,1.0017855,2.0003574,0.5008033
1945-03-16 00:00:00,7,0.3400389,1.0025877,2.005001,0.50004345
1945-03-16 00:00:00,8,0.54457206,1.0033675,2.0087628,0.49949527
1945-03-16 00:00:00,9,0.507646,0.9980816,2.011054,0.49629778
1945-03-16 00:00:00,10,0.39576918,0.9957615,2.0002484,0.49781892
1945-03-16 00:00:00,11,0.240051,0.9991668,2.0016928,0.49916092
1945-04-15 12:00:00,0,0.21311122,1.0005027,2.0019844,0.4997555
1945-04-15 12:00:00,1,0.14289111,0.9987762,2.0041273,0.49835968
1945-04-15 12:00:00,2,0.1660308,0.9981087,2.0024738,0.49843782
1945-04-15 12:00:00,3,0.7771894,0.99870825,2.0003781,0.49925974
1945-04-15 12:00:00,4,0.3695697,1.00177,2.0081651,0.49884844
1945-04-15 12:00:00,5,0.070845634,0.9972705,2.0026433,0.4979771
1945-04-15 12:00:00,6,0.14346476,0.99934703,2.0031478,0.4988883
1945-04-15 12:00:00,7,0.18299852,1.0000935,2.0052402,0.49874
1945-04-15 12:00:00,8,0.6112612,1.001234,2.0034387,0.49975777
1945-04-15 12:00:00,9,0.61878145,0.9992846,2.0087266,0.4974717
1945-04-15 12:00:00,10,0.56888515,0.9979742,2.0040455,0.49797982
1945-04-15 12:00:00,11,0.8017431,0.9990365,2.0015218,0.49913844
1945-05-16 00:00:00,0,0.53788495,1.0033194,1.9999659,0.5016682
1945-05-16 00:00:00,1,0.63715684,1.0000421,2.001595,0.49962258
1945-05-16 00:00:00,2,1.7636623,0.9958712,2.0014725,0.49756926
1945-05-16 00:00:00,3,1.0307941,0.99922353,1.9971251,0.5003309
1945-05-16 00:00:00,4,0.4632183,1.0007311,2.0093153,0.49804583
1945-05-16 00:00:00,5,0.014684131,0.9969508,2.0031579,0.49768957
1945-05-16 00:00:00,6,0.5070982,1.0017956,2.0011406,0.5006123
1945-05-16 00:00:00,7,0.5904453,1.0016682,2.0057466,0.4993992
1945-05-16 00:00:00,8,0.06643494,1.0022712,2.0068107,0.49943486
1945-05-16 00:00:00,9,0.010981934,0.9988715,2.010367,0.4968603
1945-05-16 00:00:00,10,0.5843254,0.99615836,2.0011473,0.4977936
1945-05-16 00:00:00,11,0.5735991,0.9986503,2.001311,0.49899805
1945-06-15 12:00:00,0,0.86731076,0.9980229,2.0049832,0.4977712
1945-06-15 12:00:00,1,0.16963701,0.9981534,2.007957,0.49709898
1945-06-15 12:00:00,2,0.72141737,0.9997105,2.0048645,0.49864244
1945-06-15 12:00:00,3,0.7036325,0.9989897,2.0010006,0.49924508
1945-06-15 12:00:00,4,0.28283918,1.0024818,2.0073335,0.4994097
1945-06-15 12:00:00,5,1.088988,0.99840236,2.0026436,0.49854222
1945-06-15 12:00:00,6,0.37593,0.99706167,2.00527,0.49722067
1945-06-15 12:00:00,7,0.51507604,1.0002925,2.0047095,0.4989713
1945-06-15 12:00:00,8,0.07542584,1.0006961,2.0026739,0.49967998
1945-06-15 12:00:00,9,0.4360429,0.9999577,2.0090058,0.4977376
1945-06-15 12:00:00,10,0.16594748,0.99934757,2.004482,0.49855652
1945-06-15 12:00:00,11,1.3114417,0.9989968,2.0012455,0.49918753
1945-07-16 00:00:00,0,0.34808972,0.9909066,1.9932481,0.4971316
1945-07-16 00:00:00,1,1.8119507,0.9968917,2.0032961,0.4976257
1945-07-16 00:00:00,2,0.4571348,0.99869055,1.9954079,0.5004944
1945-07-16 00:00:00,3,0.45943743,0.99515575,1.9861001,0.50106025
1945-07-16 00:00:00,4,0.22150704,0.9971973,2.0009925,0.4983513
1945-07-16 00:00:00,5,0.6552592,0.99333537,1.9927808,0.49846694
1945-07-16 00:00:00,6,0.23462218,0.98906034,1.9941716,0.49597552
1945-07-16 00:00:00,7,0.16553113,0.99695385,1.9981102,0.4989484
1945-07-16 00:00:00,8,0.07525869,0.99830025,1.9944053,0.5005503
1945-07-16 00:00:00,9,0.9644093,0.9983378,2.0011046,0.49889338
1945-07-16 00:00:00,10,1.5415941,0.9932151,1.9931029,0.49832603
1945-07-16 00:00:00,11,1.8695674,0.99520814,1.9865496,0.5009732
1945-08-16 00:00:00,0,1.2163848,0.9937546,2.0013564,0.49654058
1945-08-16 00:00:00,1,0.25404593,0.9974124,2.0083013,0.4966448
1945-08-16 00:00:00,2,0.083757535,1.0000199,2.002011,0.4995077
1945-08-16 00:00:00,3,0.41541952,0.9972677,1.9941902,0.50008655
1945-08-16 00:00:00,4,1.1377395,1.0000215,2.0051017,0.49873853
1945-08-16 00:00:00,5,0.12111979,0.99656975,1.9980985,0.49875906
1945-08-16 00:00:00,6,0.45693123,0.992235,2.0015357,0.49573687
1945-08-16 00:00:00,7,0.43969917,0.9994034,2.001708,0.49927533
1945-08-16 00:00:00,8,0.901353,0.9990838,1.9991122,0.49976373
1945-08-16 00:00:00,9,0.47759318,1.0000443,2.0062685,0.49845988
1945-08-16 00:00:00,10,0.12771538,0.9969236,1.9987534,0.49877268
1945-08-16 00:00:00,11,1.069429,0.9967431,1.9937965,0.4999222
1945-09-15 12:00:00,0,0.3713748,0.9907037,1.9929967,0.4970925
1945-09-15 12:00:00,1,0.3386451,0.99693745,2.0032141,0.49766895
1945-09-15 12:00:00,2,0.3842823,0.9985318,1.9954051,0.5004156
1945-09-15 12:00:00,3,0.65523887,0.9952887,1.9852724,0.5013361
1945-09-15 12:00:00,4,0.23101397,0.99719954,2.0003695,0.49850765
1945-09-15 12:00:00,5,0.7981842,0.99342626,1.9926823,0.49853718
1945-09-15 12:00:00,6,1.3245627,0.98886955,1.9937239,0.49599123
1945-09-15 12:00:00,7,0.06326173,0.9970202,1.9978256,0.49905264
1945-09-15 12:00:00,8,0.12098486,0.9984849,1.9945344,0.50061053
1945-09-15 12:00:00,9,0.44021976,0.998107,2.001039,0.49879438
1945-09-15 12:00:00,10,0.017803917,0.99302226,1.9927044,0.49832892
1945-09-15 12:00:00,11,1.0386367,0.9952429,1.9863613,0.5010382
1945-10-16 00:00:00,0,0.054573182,1.0038779,1.9996105,0.5020367
1945-10-16 00:00:00,1,0.63080513,1.000409,2.001206,0.49990308
1945-10-16 00:00:00,2,0.36940205,0.9952155,2.001631,0.49720228
1945-10-16 00:00:00,3,1.1939336,0.9996602,1.9957168,0.50090283
1945-10-16 00:00:00,4,0.010776795,1.0006361,2.0089684,0.49808455
1945-10-16 00:00:00,5,0.15229636,0.9971786,2.0034773,0.49772394
1945-10-16 00:00:00,6,0.36938605,1.0022846,2.0005398,0.5010071
1945-10-16 00:00:00,7,0.043621827,1.002281,2.0056524,0.49972814
1945-10-16 00:00:00,8,1.7301518,1.0027779,2.0080802,0.49937144
1945-10-16 00:00:00,9,1.9869288,0.99859333,2.0109386,0.49658072
1945-10-16 00:00:00,10,0.28161198,0.9956727,2.000264,0.49777067
1945-10-16 00:00:00,11,0.29509518,0.99869204,2.0013504,0.49900907
1945-11-15 12:00:00,0,0.613615,1.0033666,1.9997497,0.5017461
1945-11-15 12:00:00,1,0.09483128,1.000222,2.001478,0.49974167
1945-11-15 12:00:00,2,0.64346474,0.9954465,2.0018647,0.49725965
1945-11-15 12:00:00,3,0.7692412,0.9997566,1.9958241,0.50092417
1945-11-15 12:00:00,4,0.29996258,1.0009223,2.0081735,0.49842423
1945-11-15 12:00:00,5,0.8511243,0.9973523,2.0034816,0.49780956
1945-11-15 12:00:00,6,0.15032187,1.001852,2.000584,0.5007798
1945-11-15 12:00:00,7,0.14338203,1.0020373,2.0053663,0.49967793
1945-11-15 12:00:00,8,0.38216448,1.002816,2.0076995,0.4994851
1945-11-15 12:00:00,9,0.5843125,0.99842525,2.0105913,0.4965829
1945-11-15 12:00:00,10,0.5139594,0.995864,2.0007396,0.49774793
1945-11-15 12:00:00,11,2.1350784,0.9989093,2.00146,0.49909028
1945-12-16 00:00:00,0,0.015471619,1.0030177,2.0002182,0.5014541
1945-12-16 00:00:00,1,0.4337729,1.0004148,2.0021412,0.49967247
1945-12-16 00:00:00,2,0.11541492,0.9951044,2.0030727,0.49678895
1945-12-16 00:00:00,3,0.012524655,1.0007048,1.9940373,0.5018486
1945-12-16 00:00:00,4,0.747075,1.0014195,2.0063157,0.4991336
1945-12-16 00:00:00,5,0.7731661,0.99829364,2.0040958,0.49812672
1945-12-16 00:00:00,6,0.21399052,1.0015963,2.0002887,0.50072587
1945-12-16 00:00:00,7,0.1400276,1.0027237,2.004748,0.5001744
1945-12-16 00:00:00,8,2.1961007,1.003605,2.0090556,0.4995407
1945-12-16 00:00:00,9,0.40569994,0.9978826,2.0111177,0.4961831
1945-12-16 00:00:00,10,0.006099396,0.99579465,2.000224,0.49784154
1945-12-16 00:00:00,11,0.47076923,0.9993512,2.0018294,0.49921897
1946-01-16 00:00:00,0,0.5306036,1.0026222,2.0000541,0.50129753
1946-01-16 00:00:00,1,0.057923052,0.9996823,2.0018284,0.4993846
1946-01-16 00:00:00,2,0.0012588092,0.9963582,2.0014558,0.49781674
1946-01-16 00:00:00,3,0.20916055,0.9990611,1.9978969,0.5000564
1946-01-16 00:00:00,4,0.027755423,1.0010185,2.0086925,0.49834335
1946-01-16 00:00:00,5,0.51409394,0.99691844,2.002962,0.49772206
1946-01-16 00:00:00,6,0.79530084,1.0011921,2.0013273,0.50026405
1946-01-16 00:00:00,7,1.6135812,1.0010632,2.0055048,0.49915773
1946-01-16 00:00:00,8,0.38473782,1.0020642,2.005763,0.4995925
1946-01-16 00:00:00,9,0.03841625,0.99879605,2.009656,0.49699852
1946-01-16 00:00:00,10,0.40806726,0.9964922,2.0020664,0.49773186
1946-01-16 00:00:00,11,0.47133252,0.9988421,2.001362,0.49908116
1946-02-14 12:00:00,0,0.86370444,1.0032586,1.9997015,0.50170416
1946-02-14 12:00:00,1,0.078224115,0.9998591,2.0013075,0.49960294
1946-02-14 12:00:00,2,0.077460594,0.9961144,2.0009456,0.49782184
1946-02-14 12:00:00,3,0.44004285,0.99881405,1.99799,0.49990943
1946-02-14 12:00:00,4,1.1970538,1.0006286,2.0097523,0.49788654
1946-02-14 12:00:00,5,1.248066,0.99655837,2.0028539,0.49756917
1946-02-14 12:00:00,6,0.4352717,1.0017236,2.001217,0.50055724
1946-02-14 12:00:00,7,0.04889164,1.0011908,2.0058799,0.49912798
1946-02-14 12:00:00,8,0.7776534,1.001931,2.0059617,0.4994766
1946-02-14 12:00:00,9,0.37983516,0.9990083,2.009896,0.49704477
1946-02-14 12:00:00,10,0.18059258,0.99624,2.0016406,0.49771175
1946-02-14 12:00:00,11,0.064140424,0.9985594,2.001179,0.49898556
1946-03-16 00:00:00,0,0.6376837,1.0039186,1.9997313,0.5020268
1946-03-16 00:00:00,1,0.10781305,1.0005534,2.0013618,0.49993625
1946-03-16 00:00:00,2,0.79706305,0.99498737,2.0020316,0.49698886
1946-03-16 00:00:00,3,0.026327213,1.0000144,1.9949379,0.50127596
1946-03-16 00:00:00,4,0.46175465,1.0007387,2.008472,0.49825874
1946-03-16 00:00:00,5,0.2301247,0.9974976,2.0037255,0.49782148
1946-03-16 00:00:00,6,0.7848244,1.0023345,2.0003858,0.5010706
1946-03-16 00:00:00,7,0.2777983,1.0026417,2.0054946,0.49994734
1946-03-16 00:00:00,8,0.2589667,1.0030915,2.0087667,0.4993569
1946-03-16 00:00:00,9,0.05127053,0.9984216,2.0112662,0.49641445
1946-03-16 00:00:00,10,0.7747081,0.9955675,1.9998895,0.49781126
1946-03-16 00:00:00,11,1.5328288,0.9987997,2.0014606,0.49903542
1946-04-15 12:00:00,0,0.22258016,0.996541,2.0052195,0.49697354
1946-04-15 12:00:00,1,0.56511474,0.9974814,2.008779,0.49656105
1946-04-15 12:00:00,2,0.21454874,1.000709,2.0048492,0.49914432
1946-04-15 12:00:00,3,0.13811284,0.9985187,2.002072,0.49874264
1946-04-15 12:00:00,4,0.23453444,1.0027303,2.0066612,0.4997008
1946-04-15 12:00:00,5,0.28478938,0.9982199,2.0019825,0.4986157
1946-04-15 12:00:00,6,0.19653372,0.99562526,2.0056434,0.49641192
1946-04-15 12:00:00,7,0.07251744,0.99936324,2.0042615,0.4986192
1946-04-15 12:00:00,8,0.57790077,1.0000612,2.000708,0.4998536
1946-04-15 12:00:00,9,1.4780775,1.0000904,2.0079136,0.4980744
1946-04-15 12:00:00,10,0.26731908,0.99978834,2.0055954,0.4984995
1946-04-15 12:00:00,11,0.09932215,0.99897027,2.0007188,0.49930567
1946-05-16 00:00:00,0,0.06998457,0.99837714,2.004129,0.49816012
1946-05-16 00:00:00,1,0.2087734,0.99819946,2.0068843,0.49738765
1946-05-16 00:00:00,2,1.6283765,0.99933076,2.0044358,0.49855962
1946-05-16 00:00:00,3,0.07713958,0.99915564,2.000795,0.49937934
1946-05-16 00:00:00,4,0.25570726,1.0026824,2.0064583,0.49972755
1946-05-16 00:00:00,5,0.3190896,0.99833953,2.0028076,0.49847
1946-05-16 00:00:00,6,1.1602862,0.9974664,2.0045266,0.49760696
1946-05-16 00:00:00,7,0.56259114,1.0000118,2.0045357,0.49887455
1946-05-16 00:00:00,8,0.03475758,1.0010886,2.0027237,0.49986356
1946-05-16 00:00:00,9,0.10800376,0.9994065,2.0085816,0.49756828
1946-05-16 00:00:00,10,0.095524006,0.9990989,2.0049562,0.49831456
1946-05-16 00:00:00,11,1.2946314,0.99938655,2.0016954,0.49927005
1946-06-15 12:00:00,0,0.4400889,0.98810524,1.9842157,0.49798277
1946-06-15 12:00:00,1,0.08338926,0.9964833,1.9972129,0.49893695
1946-06-15 12:00:00,2,1.293236,0.9968723,1.9880377,0.50143534
1946-06-15 12:00:00,3,0.8175684,0.99312717,1.9768603,0.502376
1946-06-15 12:00:00,4,0.3764364,0.99428123,1.995924,0.49815586
1946-06-15 12:00:00,5,2.5874405,0.9899805,1.9871706,0.498186
1946-06-15 12:00:00,6,0.20676199,0.9860798,1.9857662,0.49657398
1946-06-15 12:00:00,7,0.96942824,0.9943107,1.9940726,0.49863315
1946-06-15 12:00:00,8,1.8572601,0.9978708,1.9895782,0.5015489
1946-06-15 12:00:00,9,0.13276105,0.99607694,1.9953871,0.49918982
1946-06-15 12:00:00,10,0.46531048,0.98924357,1.9868054,0.49790663
1946-06-15 12:00:00,11,0.1887143,0.99385625,1.9791808,0.50215536
1946-07-16 00:00:00,0,0.017186342,0.9972174,2.005586,0.49722
1946-07-16 00:00:00,1,0.046877414,0.99800384,2.009119,0.49673703
1946-07-16 00:00:00,2,0.29540876,1.0001566,2.0052078,0.49877957
1946-07-16 00:00:00,3,0.26381633,0.99877393,2.000699,0.49921247
1946-07-16 00:00:00,4,0.2765192,1.0022303,2.007691,0.49919552
1946-07-16 00:00:00,5,0.098905474,0.9984194,2.0022025,0.49866053
1946-07-16 00:00:00,6,0.35479325,0.99618125,2.005713,0.4966719
1946-07-16 00:00:00,7,0.45510638,1.0004463,2.004562,0.49908477
1946-07-16 00:00:00,8,1.2770563,1.0002486,2.0023186,0.49954516
1946-07-16 00:00:00,9,0.024849374,1.0004181,2.009137,0.49793425
1946-07-16 00:00:00,10,0.06118214,0.9994488,2.0037968,0.4987775
1946-07-16 00:00:00,11,0.53062075,0.99854994,2.0003395,0.49919024
1946-08-16 00:00:00,0,1.2279557,0.9908644,1.992835,0.49721345
1946-08-16 00:00:00,1,0.06460517,0.9970954,2.0031295,0.49776882
1946-08-16 00:00:00,2,1.6629649,0.9982438,1.995378,0.50027806
1946-08-16 00:00:00,3,0.452462,0.995417,1.9844215,0.5016157
1946-08-16 00:00:00,4,0.13287267,0.9969992,2.0003314,0.49841702
1946-08-16 00:00:00,5,1.0570779,0.99346703,1.9926671,0.49856147
1946-08-16 00:00:00,6,0.07593568,0.98898923,1.9934752,0.49611315
1946-08-16 00:00:00,7,0.36781576,0.99733543,1.9976945,0.49924323
1946-08-16 00:00:00,8,0.28537908,0.9986066,1.9950334,0.50054634
1946-08-16 00:00:00,9,0.06342582,0.99808687,2.0012608,0.49872905
1946-08-16 00:00:00,10,0.62596256,0.99278665,1.991925,0.49840564
1946-08-16 00:00:00,11,0.13648635,0.99512964,1.9860613,0.50105685
1946-09-15 12:00:00,0,0.21064486,0.98743355,1.982215,0.49814653
1946-09-15 12:00:00,1,0.11150564,0.996269,1.9957922,0.49918473
1946-09-15 12:00:00,2,0.18595032,0.99663687,1.9863642,0.5017392
1946-09-15 12:00:00,3,0.05494216,0.9925926,1.9753708,0.5024842
1946-09-15 12:00:00,4,0.05931702,0.9937855,1.9948097,0.4981856
1946-09-15 12:00:00,5,0.25390497,0.9891749,1.9859043,0.49809796
1946-09-15 12:00:00,6,0.08913878,0.9853679,1.9839498,0.49666977
1946-09-15 12:00:00,7,0.14487813,0.99350774,1.9932364,0.4984395
1946-09-15 12:00:00,8,0.08500613,0.9977007,1.9881423,0.50182563
1946-09-15 12:00:00,9,0.96445835,0.9955439,1.9939849,0.49927354
1946-09-15 12:00:00,10,0.36164966,0.98845017,1.9859965,0.49770993
1946-09-15 12:00:00,11,0.084244065,0.9936098,1.9777781,0.50238687
1946-10-16 00:00:00,0,0.3424585,1.0011226,2.0013309,0.5002284
1946-10-16 00:00:00,1,0.26852754,0.9990923,2.0033805,0.4987032
1946-10-16 00:00:00,2,0.43953007,0.99745435,2.0022998,0.49815434
1946-10-16 00:00:00,3,0.35061684,0.9990036,1.9992341,0.49969316
1946-10-16 00:00:00,4,0.4901823,1.001648,2.0078478,0.49886647
1946-10-16 00:00:00,5,0.048273645,0.997314,2.0028553,0.49794608
1946-10-16 00:00:00,6,1.0030068,0.9999056,2.0024078,0.49935162
1946-10-16 00:00:00,7,0.113264576,1.0004656,2.0051692,0.49894327
1946-10-16 00:00:00,8,0.019310629,1.0016825,2.0043843,0.49974576
1946-10-16 00:00:00,9,0.5948811,0.9989539,2.009026,0.4972329
1946-10-16 00:00:00,10,2.3410335,0.9974603,2.0033908,0.49788603
1946-10-16 00:00:00,11,0.1237532,0.99910635,2.001573,0.49916056
1946-11-15 12:00:00,0,0.89521825,1.003619,1.9998913,0.5018368
1946-11-15 12:00:00,1,0.03390444,1.000517,2.0016239,0.49985266
1946-11-15 12:00:00,2,0.6292969,0.9950063,2.002405,0.49690565
1946-11-15 12:00:00,3,0.28423128,1.0002735,1.9945711,0.50149804
1946-11-15 12:00:00,4,0.51528203,1.0009762,2.007697,0.49856934
1946-11-15 12:00:00,5,0.4118459,0.99778694,2.0038671,0.49793068
1946-11-15 12:00:00,6,0.2804872,1.0020899,2.0003304,0.50096214
1946-11-15 12:00:00,7,0.8744593,1.0026915,2.0052273,0.5000388
1946-11-15 12:00:00,8,0.26750717,1.0032904,2.008912,0.49941978
1946-11-15 12:00:00,9,0.18472043,0.9982214,2.011233,0.49632308
1946-11-15 12:00:00,10,0.036096428,0.9956311,1.9999777,0.4978211
1946-11-15 12:00:00,11,0.5746747,0.9989962,2.001592,0.49910083
1946-12-16 00:00:00,0,0.38215226,1.0035481,1.9995955,0.5018756
1946-12-16 00:00:00,1,1.1803201,1.0001458,2.0012207,0.49976787
1946-12-16 00:00:00,2,0.1485659,0.9956106,2.0013332,0.4974737
1946-12-16 00:00:00,3,0.112846434,0.99931467,1.9966692,0.50049084
1946-12-16 00:00:00,4,0.060700797,1.0006762,2.0091279,0.49806494
1946-12-16 00:00:00,5,0.26973942,0.9969243,2.0032053,0.49766457
1946-12-16 00:00:00,6,2.035724,1.0019889,2.000774,0.50080067
1946-12-16 00:00:00,7,0.25162664,1.0017575,2.0056865,0.49945867
1946-12-16 00:00:00,8,0.18341623,1.0024375,2.0071094,0.49944335
1946-12-16 00:00:00,9,0.06837491,0.9987137,2.0104053,0.4967723
1946-12-16 00:00:00,10,0.32440066,0.9959128,2.0009353,0.49772364
1946-12-16 00:00:00,11,0.03285328,0.9986811,2.0012887,0.49901903
1947-01-16 00:00:00,0,0.49502075,1.00062,2.0014398,0.49995008
1947-01-16 00:00:00,1,0.10952594,0.9987751,2.0035698,0.49849778
1947-01-16 00:00:00,2,0.017627051,0.9979418,2.0021336,0.49843916
1947-01-16 00:00:00,3,0.4973805,0.9986942,2.0002213,0.49929187
1947-01-16 00:00:00,4,0.039823752,1.0017725,2.0078156,0.4989365
1947-01-16 00:00:00,5,0.64506257,0.99713653,2.0025935,0.49792257
1947-01-16 00:00:00,6,0.07522189,0.9994579,2.0027153,0.4990514
1947-01-16 00:00:00,7,0.07425037,0.9999076,2.0051296,0.4986748
1947-01-16 00:00:00,8,3.1194808,1.0013403,2.0033305,0.4998378
1947-01-16 00:00:00,9,0.5293287,0.9990578,2.0084424,0.49742916
1947-01-16 00:00:00,10,0.6862918,0.99777925,2.004174,0.49785063
1947-01-16 00:00:00,11,0.59908205,0.99914116,2.001535,0.49918747
1947-02-14 12:00:00,0,0.6212483,1.0036254,1.9995898,0.50191563
1947-02-14 12:00:00,1,0.024870418,1.0002248,2.0012178,0.49980807
1947-02-14 12:00:00,2,0.31817406,0.9954792,2.001451,0.49737877
1947-02-14 12:00:00,3,0.5120934,0.9994511,1.9963179,0.50064725
1947-02-14 12:00:00,4,0.07062607,1.0006883,2.0089762,0.4981086
1947-02-14 12:00:00,5,0.07572588,0.9970289,2.0033035,0.49769238
1947-02-14 12:00:00,6,0.526477,1.00206,2.0006716,0.5008618
1947-02-14 12:00:00,7,0.05240718,1.00192,2.0056407,0.49955106
1947-02-14 12:00:00,8,0.0415815,1.0025713,2.0074277,0.49943087
1947-02-14 12:00:00,9,0.6285794,0.9986433,2.0105567,0.49669987
1947-02-14 12:00:00,10,0.38998023,0.9958323,2.0007372,0.4977327
1947-02-14 12:00:00,11,0.25886145,0.99870986,2.0013204,0.4990255
1947-03-16 00:00:00,0,0.16551217,1.0034515,1.9998296,0.50176847
1947-03-16 00:00:00,1,0.36867747,1.0003512,2.0015695,0.4997834
1947-03-16 00:00:00,2,0.45399827,0.9952507,2.0021436,0.49709257
1947-03-16 00:00:00,3,0.14265965,1.0000135,1.9952264,0.501203
1947-03-16 00:00:00,4,0.675048,1.0009689,2.007887,0.4985186
1947-03-16 00:00:00,5,1.582786,0.9975754,2.0036683,0.49787453
1947-03-16 00:00:00,6,1.3961322,1.0019358,2.000466,0.5008512
1947-03-16 00:00:00,7,0.21551228,1.0023365,2.0052788,0.49984893
1947-03-16 00:00:00,8,0.16570832,1.0030478,2.0082586,0.4994615
1947-03-16 00:00:00,9,0.11668373,0.9983151,2.0108771,0.49645752
1947-03-16 00:00:00,10,0.112068154,0.9957659,2.000405,0.49778214
1947-03-16 00:00:00,11,0.38506654,0.9989668,2.001532,0.49910107
1947-04-15 12:00:00,0,1.6238343,1.0006514,2.001541,0.4999405
1947-04-15 12:00:00,1,0.2470319,0.99883986,2.003674,0.49850416
1947-04-15 12:00:00,2,0.46161383,0.9978621,2.0023088,0.49835575
1947-04-15 12:00:00,3,0.03662589,0.99882394,1.9999455,0.49942556
1947-04-15 12:00:00,4,0.21459089,1.0017972,2.007712,0.4989746
1947-04-15 12:00:00,5,0.18784298,0.9972626,2.0026934,0.4979607
1947-04-15 12:00:00,6,0.7482246,0.9994908,2.0027049,0.49907044
1947-04-15 12:00:00,7,1.3245914,1.0000756,2.0051,0.49876595
1947-04-15 12:00:00,8,0.45119926,1.0014453,2.00362,0.499818
1947-04-15 12:00:00,9,0.06902845,0.99902683,2.008615,0.497371
1947-04-15 12:00:00,10,0.051270805,0.99775434,2.0039964,0.4978823
1947-04-15 12:00:00,11,0.46775505,0.9991603,2.001575,0.49918702
1947-05-16 00:00:00,0,0.053857442,1.0011946,2.0016828,0.5001765
1947-05-16 00:00:00,1,0.6601644,0.9991737,2.0036933,0.498666
1947-05-16 00:00:00,2,0.004397514,0.9974567,2.002533,0.49809754
1947-05-16 00:00:00,3,0.67033964,0.9990566,1.9991754,0.4997343
1947-05-16 00:00:00,4,0.725313,1.0015967,2.0081906,0.49875578
1947-05-16 00:00:00,5,0.5873138,0.99742126,2.0029402,0.49797857
1947-05-16 00:00:00,6,0.5384603,0.99997175,2.002656,0.49932277
1947-05-16 00:00:00,7,0.19165336,1.0007149,2.005294,0.4990365
1947-05-16 00:00:00,8,0.18188818,1.0016701,2.0046833,0.49966502
1947-05-16 00:00:00,9,0.08156436,0.99910885,2.009362,0.49722692
1947-05-16 00:00:00,10,0.34986994,0.99753267,2.0031164,0.49799037
1947-05-16 00:00:00,11,0.2913585,0.999012,2.001581,0.49911147
1947-06-15 12:00:00,0,1.3239901,1.0017097,2.0007439,0.50066864
1947-06-15 12:00:00,1,0.114846215,0.9992632,2.0026646,0.49896684
1947-06-15 12:00:00,2,0.31337252,0.9971119,2.001766,0.49811614
1947-06-15 12:00:00,3,0.099296756,0.998866,1.999048,0.49967086
1947-06-15 12:00:00,4,0.05147531,1.0013506,2.0083954,0.49858242
1947-06-15 12:00:00,5,1.3447798,0.9970062,2.0027847,0.49780995
1947-06-15 12:00:00,6,0.44516182,1.0004044,2.0020287,0.4996953
1947-06-15 12:00:00,7,0.18540512,1.0005329,2.005371,0.49892655
1947-06-15 12:00:00,8,0.0582643,1.0016987,2.0046203,0.499695
1947-06-15 12:00:00,9,0.38069928,0.9989584,2.009117,0.49721268
1947-06-15 12:00:00,10,0.85221785,0.9971147,2.0030375,0.49780133
1947-06-15 12:00:00,11,0.55127484,0.998958,2.0014427,0.49911895
1947-07-16 00:00:00,0,0.50509524,0.9875972,1.9822227,0.49822718
1947-07-16 00:00:00,1,0.38450697,0.99639416,1.9957974,0.49924615
1947-07-16 00:00:00,2,0.71895325,0.99647295,1.9863521,0.5016598
1947-07-16 00:00:00,3,0.79076886,0.9926433,1.975005,0.50260293
1947-07-16 00:00:00,4,0.33954135,0.993622,1.9949846,0.49806
1947-07-16 00:00:00,5,0.26518595,0.9891933,1.9859486,0.49809614
1947-07-16 00:00:00,6,0.4774758,0.9855268,1.9839694,0.49674496
1947-07-16 00:00:00,7,0.29806495,0.99371344,1.9932554,0.49853796
1947-07-16 00:00:00,8,0.34352624,0.9977412,1.9884939,0.50175726
1947-07-16 00:00:00,9,0.36788872,0.99561816,1.9941436,0.49927104
1947-07-16 00:00:00,10,0.025736982,0.98838675,1.9854919,0.4978045
1947-07-16 00:00:00,11,0.25204864,0.99354374,1.977611,0.5023959
1947-08-16 00:00:00,0,0.16590744,0.9960583,2.005327,0.49670616
1947-08-16 00:00:00,1,0.0018853402,0.99759203,2.009591,0.49641544
1947-08-16 00:00:00,2,0.05616002,1.0006956,2.0048902,0.4991274
1947-08-16 00:00:00,3,0.06879901,0.9983307,2.0005531,0.49902734
1947-08-16 00:00:00,4,0.18886782,1.0020528,2.0072384,0.49921963
1947-08-16 00:00:00,5,1.2486643,0.9981059,2.0013893,0.49870652
1947-08-16 00:00:00,6,0.8699373,0.9949664,2.0055528,0.49610582
1947-08-16 00:00:00,7,0.47441006,0.9999075,2.0040514,0.49894303
1947-08-16 00:00:00,8,0.012328663,0.9997197,2.0009794,0.49961516
1947-08-16 00:00:00,9,0.927554,1.0005478,2.0083306,0.49819875
1947-08-16 00:00:00,10,0.2124477,0.9993979,2.003719,0.49877146
1947-08-16 00:00:00,11,0.5678275,0.9982605,1.9992318,0.49932203
1947-09-15 12:00:00,0,1.4368072,0.9932721,2.0015204,0.4962588
1947-09-15 12:00:00,1,0.35369545,0.9972482,2.0085576,0.4964997
1947-09-15 12:00:00,2,0.6804841,1.0002488,2.0021985,0.49957526
1947-09-15 12:00:00,3,0.43765932,0.99733067,1.9943163,0.5000865
1947-09-15 12:00:00,4,0.72683537,1.0002773,2.004448,0.4990288
1947-09-15 12:00:00,5,0.316506,0.99671775,1.998075,0.49883902
1947-09-15 12:00:00,6,0.0101462575,0.99184597,2.0015807,0.49553135
1947-09-15 12:00:00,7,0.3877183,0.9991706,2.0014813,0.49921554
1947-09-15 12:00:00,8,1.7419288,0.99911106,1.9987221,0.49987492
1947-09-15 12:00:00,9,0.6083694,0.99989456,2.005963,0.4984611
1947-09-15 12:00:00,10,0.36402982,0.99712926,1.9991623,0.49877355
1947-09-15 12:00:00,11,0.51539314,0.9969266,1.9939195,0.49998337
1947-10-16 00:00:00,0,0.5134335,1.0036415,1.9995644,0.50193006
1947-10-16 00:00:00,1,0.30910257,1.0002251,2.001189,0.4998154
1947-10-16 00:00:00,2,0.08364438,0.99547535,2.0014215,0.49738416
1947-10-16 00:00:00,3,1.424956,0.99943596,1.9963346,0.5006355
1947-10-16 00:00:00,4,0.5104169,1.0006763,2.009005,0.49809545
1947-10-16 00:00:00,5,0.31730238,0.9970089,2.0032933,0.49768496
1947-10-16 00:00:00,6,0.9090508,1.0020725,2.0006618,0.50087047
1947-10-16 00:00:00,7,0.8826444,1.0019097,2.00565,0.49954364
1947-10-16 00:00:00,8,0.025458882,1.0025623,2.007413,0.49943003
1947-10-16 00:00:00,9,0.86891747,0.99864745,2.0105476,0.4967042
1947-10-16 00:00:00,10,1.9746295,0.995823,2.000739,0.49772757
1947-10-16 00:00:00,11,0.26387307,0.9987022,2.0013115,0.49902385
1947-11-15 12:00:00,0,0.31202498,1.0015585,2.0009696,0.5005366
1947-11-15 12:00:00,1,0.28929895,0.99914896,2.0028877,0.49885422
1947-11-15 12:00:00,2,0.8314395,0.99737036,2.0017264,0.4982551
1947-11-15 12:00:00,3,1.063199,0.99866897,1.9996343,0.4994258
1947-11-15 12:00:00,4,0.2820766,1.0013291,2.0087724,0.4984781
1947-11-15 12:00:00,5,0.8470701,0.9969031,2.0026617,0.49778908
1947-11-15 12:00:00,6,0.0004768279,1.0002627,2.002354,0.49954343
1947-11-15 12:00:00,7,0.37074056,1.0003707,2.0054889,0.4988164
1947-11-15 12:00:00,8,0.47443303,1.0014578,2.0041997,0.49967965
1947-11-15 12:00:00,9,0.062330984,0.99915594,2.0090137,0.49733657
1947-11-15 12:00:00,10,1.0746019,0.9973091,2.003278,0.4978386
1947-11-15 12:00:00,11,0.11893736,0.99887097,2.0013928,0.4990879
1947-12-16 00:00:00,0,1.5836151,1.0030084,1.9999397,0.5015193
1947-12-16 00:00:00,1,0.3830744,0.99984556,2.0016253,0.49951684
1947-12-16 00:00:00,2,0.29060036,0.99613595,2.0013394,0.49773464
1947-12-16 00:00:00,3,1.4123745,0.9990569,1.9976587,0.5001139
1947-12-16 00:00:00,4,0.009805124,1.000829,2.0091538,0.49813455
1947-12-16 00:00:00,5,0.59074354,0.9968435,2.0030024,0.49767464
1947-12-16 00:00:00,6,0.52480775,1.0015218,2.0012374,0.50045127
1947-12-16 00:00:00,7,0.09039831,1.0012971,2.0056753,0.4992319
1947-12-16 00:00:00,8,0.55668706,1.0021024,2.0061631,0.4995119
1947-12-16 00:00:00,9,0.26834738,0.9988716,2.009952,0.4969629
1947-12-16 00:00:00,10,0.23290572,0.99631953,2.0016553,0.4977478
1947-12-16 00:00:00,11,0.08567579,0.99871033,2.0013015,0.4990304
1948-01-16 00:00:00,0,0.35239792,1.0037863,1.9993799,0.50204885
1948-01-16 00:00:00,1,0.43920803,1.0001138,2.0009072,0.49983022
1948-01-16 00:00:00,2,0.12045262,0.99568367,2.000833,0.49763456
1948-01-16 00:00:00,3,0.0813624,0.99894613,1.9972973,0.50014895
1948-01-16 00:00:00,4,0.34017402,1.0004327,2.0099685,0.49773553
1948-01-16 00:00:00,5,0.44328332,0.9965387,2.0029771,0.49752873
1948-01-16 00:00:00,6,0.20108871,1.002175,2.000862,0.50087166
1948-01-16 00:00:00,7,0.6366325,1.001553,2.00597,0.49928614
1948-01-16 00:00:00,8,0.385198,1.0021418,2.0066898,0.49940047
1948-01-16 00:00:00,9,0.2876244,0.9989433,2.0102787,0.49691784
1948-01-16 00:00:00,10,0.47537276,0.99589133,2.001027,0.49769008
1948-01-16 00:00:00,11,0.25565487,0.9984747,2.0011277,0.49895602
1948-02-15 00:00:00,0,1.3599305,1.003592,1.999625,0.5018901
1948-02-15 00:00:00,1,0.17696784,1.0001245,2.0012133,0.49975905
1948-02-15 00:00:00,2,0.73574525,0.9956813,2.001216,0.49753815
1948-02-15 00:00:00,3,0.046005614,0.99918324,1.996952,0.5003542
1948-02-15 00:00:00,4,0.09288918,1.0006028,2.009467,0.4979444
1948-02-15 00:00:00,5,0.81475735,0.9968136,2.003131,0.4976278
1948-02-15 00:00:00,6,0.21556334,1.0020224,2.0008914,0.500788
1948-02-15 00:00:00,7,0.55931914,1.0016972,2.005802,0.49939984
1948-02-15 00:00:00,8,0.33669752,1.0023109,2.006946,0.4994209
1948-02-15 00:00:00,9,0.014471391,0.99883044,2.0103877,0.49683475
1948-02-15 00:00:00,10,0.10173295,0.995958,2.0009792,0.4977353
1948-02-15 00:00:00,11,0.7433496,0.99860066,2.0012438,0.49899
1948-03-16 00:00:00,0,1.0744095,1.0029051,2.0002716,0.5013845
1948-03-16 00:00:00,1,0.8434894,1.0003814,2.0022237,0.49963516
1948-03-16 00:00:00,2,0.3262477,0.99514866,2.0031526,0.49679124
1948-03-16 00:00:00,3,0.6096912,1.0007434,1.9940294,0.5018699
1948-03-16 00:00:00,4,0.071574755,1.0014875,2.0061288,0.49921396
1948-03-16 00:00:00,5,0.35988194,0.9983514,2.0041106,0.49815184
1948-03-16 00:00:00,6,0.7159427,1.0015024,2.0003042,0.500675
1948-03-16 00:00:00,7,0.21651958,1.0026929,2.0046818,0.5001756
1948-03-16 00:00:00,8,0.5369878,1.0036258,2.0090086,0.49956268
1948-03-16 00:00:00,9,2.2845316,0.997844,2.011066,0.49617666
1948-03-16 00:00:00,10,0.023565076,0.99583846,2.0003066,0.4978429
1948-03-16 00:00:00,11,0.94561,0.9994016,2.0018606,0.49923638
1948-04-15 12:00:00,0,0.12290737,1.0029584,2.0002494,0.5014167
1948-04-15 12:00:00,1,0.64215744,1.0004073,2.0021927,0.49965587
1948-04-15 12:00:00,2,0.13351296,0.9951085,2.0031457,0.4967729
1948-04-15 12:00:00,3,0.25188464,1.0007553,1.9939662,0.5018918
1948-04-15 12:00:00,4,0.10392517,1.0014663,2.0061636,0.4991947
1948-04-15 12:00:00,5,0.49307522,0.99835014,2.0041232,0.49814808
1948-04-15 12:00:00,6,1.1989075,1.0015479,2.000278,0.50070435
1948-04-15 12:00:00,7,0.96720725,1.0027328,2.0046957,0.500192
1948-04-15 12:00:00,8,0.44245052,1.0036436,2.009083,0.49955308
1948-04-15 12:00:00,9,0.54428434,0.9978434,2.0111105,0.49616536
1948-04-15 12:00:00,10,0.0847036,0.9958074,2.0002422,0.4978434
1948-04-15 12:00:00,11,1.7087597,0.9993899,2.0018551,0.49923187
1948-05-16 00:00:00,0,0.053479437,1.0035682,1.9999455,0.50179774
1948-05-16 00:00:00,1,0.58819556,1.0003843,2.0016267,0.49978566
1948-05-16 00:00:00,2,0.20447561,0.99527293,2.0021064,0.4971129
1948-05-16 00:00:00,3,0.14670125,0.99992764,1.9953976,0.501117
1948-05-16 00:00:00,4,0.6567176,1.0008696,2.008326,0.49836013
1948-05-16 00:00:00,5,0.275759,0.9975117,2.003644,0.49784878
1948-05-16 00:00:00,6,0.5289767,1.0020355,2.000621,0.50086224
1948-05-16 00:00:00,7,0.7456301,1.0024006,2.0054338,0.4998423
1948-05-16 00:00:00,8,0.52159655,1.0029525,2.0082831,0.4994079
1948-05-16 00:00:00,9,1.3992,0.9984637,2.0110114,0.4964983
1948-05-16 00:00:00,10,0.24922998,0.9957999,2.000297,0.497826
1948-05-16 00:00:00,11,0.5585728,0.99885726,2.0014963,0.49905527
1948-06-15 12:00:00,0,0.35950363,1.0006548,2.0020907,0.49980494
1948-06-15 12:00:00,1,0.24433516,0.99894404,2.0042257,0.49841893
1948-06-15 12:00:00,2,0.20331328,0.997871,2.0027745,0.49824432
1948-06-15 12:00:00,3,0.027924066,0.99898326,1.9997132,0.49956328
1948-06-15 12:00:00,4,0.740596,1.0017883,2.0079632,0.4989077
1948-06-15 12:00:00,5,0.7676739,0.99750656,2.0028555,0.4980422
1948-06-15 12:00:00,6,0.48806617,0.99949086,2.0030384,0.49898738
1948-06-15 12:00:00,7,1.7683659,1.0004649,2.005186,0.49893868
1948-06-15 12:00:00,8,0.80724704,1.0014832,2.0041125,0.49971408
1948-06-15 12:00:00,9,1.2519683,0.99919474,2.0091019,0.49733403
1948-06-15 12:00:00,10,1.6111122,0.99785733,2.003609,0.49802998
1948-06-15 12:00:00,11,0.51439023,0.999071,2.001594,0.49913767
1948-07-16 00:00:00,0,0.26034328,0.98963106,1.9896905,0.4973794
1948-07-16 00:00:00,1,0.45533788,0.9967487,2.001076,0.49810636
1948-07-16 00:00:00,2,1.176696,0.997889,1.9928006,0.500747
1948-07-16 00:00:00,3,0.93487597,0.9945884,1.9818364,0.5018519
1948-07-16 00:00:00,4,0.23031634,0.9961529,1.9984,0.49847522
1948-07-16 00:00:00,5,0.22007681,0.99222744,1.9906499,0.49844396
1948-07-16 00:00:00,6,0.06381032,0.987694,1.9906622,0.49616355
1948-07-16 00:00:00,7,0.064294785,0.99607867,1.9962605,0.4989723
1948-07-16 00:00:00,8,1.3310161,0.9983135,1.9927986,0.5009606
1948-07-16 00:00:00,9,0.5970104,0.9972869,1.9989523,0.49890482
1948-07-16 00:00:00,10,0.6502541,0.99152917,1.9904386,0.4981461
1948-07-16 00:00:00,11,0.22533207,0.9947395,1.9835966,0.5014828
1948-08-16 00:00:00,0,0.4646292,0.98781914,1.9829988,0.4981441
1948-08-16 00:00:00,1,1.1326296,0.9964755,1.9963752,0.4991424
1948-08-16 00:00:00,2,0.16232872,0.996551,1.9870456,0.501524
1948-08-16 00:00:00,3,0.9604025,0.9928935,1.9754561,0.5026148
1948-08-16 00:00:00,4,0.29664332,0.9938341,1.9953015,0.49808717
1948-08-16 00:00:00,5,0.20777345,0.9895442,1.9864385,0.49814993
1948-08-16 00:00:00,6,0.65331256,0.98576295,1.9846267,0.49669945
1948-08-16 00:00:00,7,0.74895895,0.99405557,1.9935153,0.4986446
1948-08-16 00:00:00,8,0.59462005,0.99783796,1.9890871,0.50165623
1948-08-16 00:00:00,9,0.74270225,0.99579096,1.9947051,0.49921712
1948-08-16 00:00:00,10,0.15791254,0.98867357,1.985759,0.49788195
1948-08-16 00:00:00,11,0.21992458,0.99364424,1.9781424,0.50231177
1948-09-15 12:00:00,0,0.059791733,0.99366486,2.0023563,0.49624777
1948-09-15 12:00:00,1,2.371949,0.9973352,2.0090091,0.49643138
1948-09-15 12:00:00,2,0.0032644954,1.0002877,2.0030868,0.49937308
1948-09-15 12:00:00,3,0.46575665,0.99774474,1.9950438,0.5001117
1948-09-15 12:00:00,4,0.2614332,1.0007454,2.00451,0.49924693
1948-09-15 12:00:00,5,0.29351196,0.99721557,1.9988307,0.49889946
1948-09-15 12:00:00,6,0.039525148,0.99227005,2.002247,0.49557823
1948-09-15 12:00:00,7,0.7356998,0.99950165,2.0018022,0.4993009
1948-09-15 12:00:00,8,0.7708467,0.9993892,1.999475,0.49982578
1948-09-15 12:00:00,9,0.091249436,0.9999089,2.006593,0.4983118
1948-09-15 12:00:00,10,0.18658406,0.9974799,1.9999515,0.49875206
1948-09-15 12:00:00,11,0.29026875,0.997241,1.9949594,0.49988037
1948-10-16 00:00:00,0,0.99877465,0.9998832,2.002887,0.49922097
1948-10-16 00:00:00,1,1.9281044,0.9987119,2.0051992,0.49806118
1948-10-16 00:00:00,2,0.048164945,0.9983587,2.0034328,0.49832407
1948-10-16 00:00:00,3,0.59624654,0.9990973,2.0000496,0.49953625
1948-10-16 00:00:00,4,0.7262715,1.0021286,2.007417,0.49921298
1948-10-16 00:00:00,5,0.057344347,0.99785966,2.0028973,0.4982081
1948-10-16 00:00:00,6,0.4554434,0.9988241,2.0035937,0.4985163
1948-10-16 00:00:00,7,0.0035939596,1.000365,2.004971,0.49894238
1948-10-16 00:00:00,8,0.5863675,1.0013924,2.0037336,0.49976322
1948-10-16 00:00:00,9,0.2632346,0.9992584,2.0089905,0.49739328
1948-10-16 00:00:00,10,0.024176974,0.9983228,2.0040457,0.4981537
1948-10-16 00:00:00,11,0.15474539,0.99920774,2.001703,0.4991788
1948-11-15 12:00:00,0,0.44686168,1.0025446,1.9999607,0.50128216
1948-11-15 12:00:00,1,1.4143945,0.9994643,2.001685,0.49931148
1948-11-15 12:00:00,2,0.732568,0.99673015,2.0009084,0.49813882
1948-11-15 12:00:00,3,0.37685263,0.99852914,1.9991015,0.49948895
1948-11-15 12:00:00,4,0.6088906,1.000863,2.0095034,0.49806485
1948-11-15 12:00:00,5,0.7913547,0.9964582,2.0025978,0.49758276
1948-11-15 12:00:00,6,1.9653139,1.0011,2.001632,0.50014186
1948-11-15 12:00:00,7,0.50997716,1.0005513,2.005763,0.49883825
1948-11-15 12:00:00,8,0.24091004,1.0015728,2.0047479,0.4996004
1948-11-15 12:00:00,9,0.29136375,0.9990937,2.0092115,0.4972566
1948-11-15 12:00:00,10,0.096332446,0.9966811,2.0026138,0.4976901
1948-11-15 12:00:00,11,0.5691794,0.99866116,2.0011938,0.4990327
1948-12-16 00:00:00,0,0.38278034,1.0032294,2.0001009,0.5015894
1948-12-16 00:00:00,1,0.46842265,1.0004447,2.0019543,0.499734
1948-12-16 00:00:00,2,1.0103747,0.9950814,2.0028188,0.49684045
1948-12-16 00:00:00,3,0.45115462,1.0005345,1.9942657,0.50170577
1948-12-16 00:00:00,4,0.32868832,1.0012568,2.0068347,0.4989234
1948-12-16 00:00:00,5,0.006235101,0.99809927,2.0040033,0.49805272
1948-12-16 00:00:00,6,0.50106114,1.0017694,2.000315,0.50080585
1948-12-16 00:00:00,7,0.6788924,1.002697,2.0049276,0.5001163
1948-12-16 00:00:00,8,0.7996792,1.0034773,2.0089734,0.4994976
1948-12-16 00:00:00,9,0.15498574,0.9980134,2.011146,0.49624112
1948-12-16 00:00:00,10,0.22371003,0.9957434,2.0001528,0.49783367
1948-12-16 00:00:00,11,0.041675545,0.9992189,2.00174,0.49917516
1949-01-16 00:00:00,0,0.7601639,1.0037831,1.9996301,0.5019844
1949-01-16 00:00:00,1,0.15980606,1.000249,2.0011876,0.4998277
1949-01-16 00:00:00,2,0.16043746,0.9955069,2.0013058,0.49742866
1949-01-16 00:00:00,3,0.29154173,0.99929965,1.9965883,0.5005036
1949-01-16 00:00:00,4,0.044420224,1.0005487,2.0095296,0.49790195
1949-01-16 00:00:00,5,0.22623883,0.99688923,2.0032341,0.4976399
1949-01-16 00:00:00,6,0.88231707,1.002191,2.0008128,0.5008919
1949-01-16 00:00:00,7,0.5981988,1.0019323,2.0058334,0.49950922
1949-01-16 00:00:00,8,0.122509114,1.0024298,2.007365,0.49937597
1949-01-16 00:00:00,9,1.2518305,0.99881583,2.0106444,0.49676403
1949-01-16 00:00:00,10,0.08288494,0.99584955,2.000659,0.49776077
1949-01-16 00:00:00,11,1.3991485,0.998572,2.0012534,0.4989733
1949-02-14 12:00:00,0,0.41659415,1.0036402,1.999712,0.5018924
1949-02-14 12:00:00,1,0.79745686,1.0003735,2.0013895,0.49983948
1949-02-14 12:00:00,2,0.60553515,0.9952339,2.001901,0.49714443
1949-02-14 12:00:00,3,2.7327626,0.9998522,1.9954476,0.5010666
1949-02-14 12:00:00,4,1.9200355,1.0008214,2.0083556,0.49832875
1949-02-14 12:00:00,5,0.18021533,0.99739134,2.0035782,0.49780506
1949-02-14 12:00:00,6,1.7841266,1.0020895,2.0004854,0.50092316
1949-02-14 12:00:00,7,0.36412776,1.0022997,2.00544,0.4997904
1949-02-14 12:00:00,8,0.27666974,1.0029274,2.0081646,0.4994249
1949-02-14 12:00:00,9,0.799632,0.99843216,2.0108886,0.49651292
1949-02-14 12:00:00,10,0.111599445,0.9957191,2.000354,0.4977714
1949-02-14 12:00:00,11,0.20066112,0.99884766,2.0014489,0.4990623
1949-03-16 00:00:00,0,0.78718126,1.0024443,2.0006442,0.5010607
1949-03-16 00:00:00,1,1.2356776,1.0003837,2.002764,0.49950156
1949-03-16 00:00:00,2,0.38666877,0.99510866,2.003937,0.49657682
1949-03-16 00:00:00,3,0.6111377,1.0012896,1.9931768,0.5023587
1949-03-16 00:00:00,4,0.24824283,1.0018991,2.0047774,0.4997558
1949-03-16 00:00:00,5,0.032381576,0.9989472,2.0044389,0.49836752
1949-03-16 00:00:00,6,0.20457503,1.0011343,2.0002177,0.50051266
1949-03-16 00:00:00,7,0.26142523,1.0029379,2.004222,0.5004126
1949-03-16 00:00:00,8,0.47695658,1.0040478,2.0095224,0.49964496
1949-03-16 00:00:00,9,0.7527794,0.9974939,2.011183,0.4959737
1949-03-16 00:00:00,10,0.38604537,0.9959264,2.00028,0.4978935
1949-03-16 00:00:00,11,0.59655523,0.9997388,2.0021164,0.49934098
1949-04-15 12:00:00,0,0.5757839,0.99991345,2.002547,0.49932083
1949-04-15 12:00:00,1,0.52692795,0.99858797,2.0048354,0.49808976
1949-04-15 12:00:00,2,0.29387823,0.9984847,2.00294,0.49850956
1949-04-15 12:00:00,3,1.0323446,0.9987764,2.0006545,0.49922484
1949-04-15 12:00:00,4,0.35960174,1.0020227,2.007749,0.49907768
1949-04-15 12:00:00,5,2.9031987,0.9975138,2.0026557,0.49809548
1949-04-15 12:00:00,6,0.09106821,0.998831,2.0035477,0.49853116
1949-04-15 12:00:00,7,0.34388393,0.9999911,2.0050704,0.49873117
1949-04-15 12:00:00,8,0.9359288,1.0011511,2.003109,0.49979863
1949-04-15 12:00:00,9,0.042471357,0.99932986,2.0086114,0.49752274
1949-04-15 12:00:00,10,2.3245828,0.99831253,2.004405,0.49805927
1949-04-15 12:00:00,11,0.062988535,0.99913484,2.0015862,0.49917153
1949-05-16 00:00:00,0,0.8537339,1.0039238,1.999835,0.5020033
1949-05-16 00:00:00,1,0.56714296,1.0004913,2.0014145,0.4998921
1949-05-16 00:00:00,2,0.3142963,0.9951535,2.001872,0.49711144
1949-05-16 00:00:00,3,0.0518994,0.9997936,1.9954697,0.5010317
1949-05-16 00:00:00,4,0.22966428,1.0006467,2.0089922,0.49808392
1949-05-16 00:00:00,5,0.05181263,0.9973314,2.0035968,0.49777052
1949-05-16 00:00:00,6,0.42203626,1.0023336,2.0006273,0.5010097
1949-05-16 00:00:00,7,0.91700137,1.0025113,2.0056698,0.49983862
1949-05-16 00:00:00,8,0.78136766,1.0028653,2.0084298,0.49932805
1949-05-16 00:00:00,9,0.29231265,0.99861985,2.0112042,0.49652833
1949-05-16 00:00:00,10,0.0027667829,0.9956874,2.0000253,0.49783742
1949-05-16 00:00:00,11,0.048099715,0.99868065,2.0013983,0.49899146
1949-06-15 12:00:00,0,0.5624576,0.9911234,1.9936686,0.4971355
1949-06-15 12:00:00,1,0.3688232,0.9971296,2.0036736,0.49765074
1949-06-15 12:00:00,2,1.0013863,0.99844706,1.995976,0.50023
1949-06-15 12:00:00,3,0.07204475,0.9955223,1.9854054,0.50142014
1949-06-15 12:00:00,4,0.29204077,0.997227,2.0009553,0.49837545
1949-06-15 12:00:00,5,0.5772355,0.99371487,1.993128,0.49857053
1949-06-15 12:00:00,6,0.7509764,0.9892675,1.9942902,0.49604994
1949-06-15 12:00:00,7,0.10049937,0.9975301,1.998137,0.4992301
1949-06-15 12:00:00,8,0.32951036,0.99858576,1.995371,0.5004512
1949-06-15 12:00:00,9,1.1111469,0.99834585,2.0017543,0.49873546
1949-06-15 12:00:00,10,0.62824315,0.9931784,1.9925185,0.4984538
1949-06-15 12:00:00,11,0.0397643,0.995222,1.9867114,0.50093937
1949-07-16 00:00:00,0,0.10371771,0.98958975,1.9891438,0.49749532
1949-07-16 00:00:00,1,0.5729219,0.9966813,2.0005908,0.49819347
1949-07-16 00:00:00,2,0.119086474,0.99790144,1.9920608,0.50093925
1949-07-16 00:00:00,3,0.7716551,0.9942048,1.9819077,0.5016403
1949-07-16 00:00:00,4,0.09444663,0.9958448,1.9987397,0.49823636
1949-07-16 00:00:00,5,0.4249053,0.9917832,1.990194,0.49833494
1949-07-16 00:00:00,6,0.85338783,0.9876412,1.9903706,0.4962097
1949-07-16 00:00:00,7,0.22370692,0.99575055,1.9962624,0.49880743
1949-07-16 00:00:00,8,0.10108513,0.998053,1.9921687,0.5009882
1949-07-16 00:00:00,9,0.24840175,0.9973496,1.998506,0.4990476
1949-07-16 00:00:00,10,0.6621579,0.99138904,1.9902277,0.49812844
1949-07-16 00:00:00,11,0.8671232,0.99454695,1.9831111,0.5015084
1949-08-16 00:00:00,0,1.1543844,0.99413234,2.0023136,0.49649182
1949-08-16 00:00:00,1,1.6209904,0.9974206,2.0087488,0.49653825
1949-08-16 00:00:00,2,0.2265773,1.0002434,2.0027215,0.49944207
1949-08-16 00:00:00,3,0.8264838,0.99748766,1.9956026,0.49984282
1949-08-16 00:00:00,4,0.14147235,1.0004747,2.0055394,0.49885565
1949-08-16 00:00:00,5,0.5851163,0.9969295,1.9987988,0.4987643
1949-08-16 00:00:00,6,0.03242584,0.99270374,2.0024927,0.495734
1949-08-16 00:00:00,7,0.03198106,0.9995028,2.0021996,0.49920234
1949-08-16 00:00:00,8,0.31039548,0.999181,1.9994634,0.49972457
1949-08-16 00:00:00,9,0.5700926,1.0001938,2.0067039,0.49842623
1949-08-16 00:00:00,10,0.3521277,0.99749947,1.999854,0.49878615
1949-08-16 00:00:00,11,0.145622,0.9970616,1.9949187,0.49980062
1949-09-15 12:00:00,0,0.13946968,0.9937126,2.0016055,0.49645776
1949-09-15 12:00:00,1,0.15618981,0.9974018,2.008444,0.4966042
1949-09-15 12:00:00,2,0.124382906,1.0000992,2.0021696,0.49950773
1949-09-15 12:00:00,3,0.8749555,0.997321,1.9944494,0.5000483
1949-09-15 12:00:00,4,1.611025,1.0001522,2.0050495,0.49881673
1949-09-15 12:00:00,5,1.8653996,0.99668354,1.9982163,0.49878663
1949-09-15 12:00:00,6,0.33817407,0.992258,2.001734,0.49569923
1949-09-15 12:00:00,7,0.56593424,0.99937457,2.0017624,0.49924734
1949-09-15 12:00:00,8,0.19642857,0.999126,1.9990953,0.4997891
1949-09-15 12:00:00,9,0.045034967,1.0000364,2.0062807,0.49845287
1949-09-15 12:00:00,10,0.60311794,0.9971132,1.9989706,0.49881336
1949-09-15 12:00:00,11,0.084541336,0.9968528,1.9940509,0.49991342
1949-10-16 00:00:00,0,0.44635493,0.99617404,2.0054822,0.49672544
1949-10-16 00:00:00,1,0.49648505,0.9975805,2.0094893,0.49643487
1949-10-16 00:00:00,2,0.107892945,1.0006863,2.0051239,0.49906456
1949-10-16 00:00:00,3,0.45060003,0.99854845,2.0009308,0.49904197
1949-10-16 00:00:00,4,0.5937583,1.0023944,2.006819,0.4994942
1949-10-16 00:00:00,5,1.1655568,0.99832153,2.0017295,0.4987295
1949-10-16 00:00:00,6,0.7484268,0.99517465,2.0056467,0.4961864
1949-10-16 00:00:00,7,0.034222856,0.99983233,2.0040734,0.49890006
1949-10-16 00:00:00,8,0.1871822,0.9999511,2.0010967,0.49970153
1949-10-16 00:00:00,9,0.5205608,1.0003353,2.0083046,0.49809942
1949-10-16 00:00:00,10,0.656514,0.9995957,2.0043523,0.49871257
1949-10-16 00:00:00,11,0.7966178,0.9985884,1.9998822,0.4993236
1949-11-15 12:00:00,0,1.4469953,1.0036887,1.9995788,0.50195
1949-11-15 12:00:00,1,0.10509843,1.000164,2.0011477,0.4997952
1949-11-15 12:00:00,2,0.8207212,0.9956214,2.0011792,0.49751735
1949-11-15 12:00:00,3,0.07687375,0.999183,1.9968846,0.5003709
1949-11-15 12:00:00,4,0.024042854,1.0005567,2.009565,0.49789712
1949-11-15 12:00:00,5,0.659312,0.9967919,2.0031393,0.4976149
1949-11-15 12:00:00,6,0.013618458,1.0021043,2.0008545,0.50083816
1949-11-15 12:00:00,7,0.067493774,1.0017496,2.0058382,0.49941698
1949-11-15 12:00:00,8,1.2454827,1.002324,2.0070424,0.49940348
1949-11-15 12:00:00,9,1.2543768,0.9988412,2.0104518,0.49682426
1949-11-15 12:00:00,10,0.20907733,0.9959078,2.000882,0.49773443
1949-11-15 12:00:00,11,0.417654,0.9985715,2.0012271,0.4989796
1949-12-16 00:00:00,0,1.4329137,1.00345,1.9996945,0.50180167
1949-12-16 00:00:00,1,0.40505686,1.000156,2.0013566,0.49973905
1949-12-16 00:00:00,2,0.30756658,0.99558985,2.001534,0.49741343
1949-12-16 00:00:00,3,0.8022695,0.99945563,1.9964385,0.5006193
1949-12-16 00:00:00,4,0.27803284,1.0007718,2.0088108,0.49819115
1949-12-16 00:00:00,5,0.046936985,0.9970761,2.0032935,0.49771842
1949-12-16 00:00:00,6,0.056384884,1.001912,2.0007534,0.50076735
1949-12-16 00:00:00,7,1.4228715,1.001837,2.0055795,0.49952495
1949-12-16 00:00:00,8,1.8069383,1.0025474,2.007267,0.4994589
1949-12-16 00:00:00,9,0.16645373,0.9986309,2.010457,0.49671835
1949-12-16 00:00:00,10,0.10805094,0.9959293,2.000903,0.49773994
1949-12-16 00:00:00,11,0.11308204,0.99875945,2.0013523,0.4990423
1950-01-16 00:00:00,0,0.71323705,1.0029937,2.0002558,0.5014327
1950-01-16 00:00:00,1,0.25845075,1.0004313,2.0021932,0.4996677
1950-01-16 00:00:00,2,0.40530822,0.99507654,2.0031667,0.49675176
1950-01-16 00:00:00,3,0.5141285,1.0007783,1.9938973,0.5019207
1950-01-16 00:00:00,4,0.27562195,1.0014565,2.0061774,0.4991864
1950-01-16 00:00:00,5,0.036694344,0.99836653,2.004144,0.49815112
1950-01-16 00:00:00,6,0.04112974,1.0015789,2.000267,0.5007226
1950-01-16 00:00:00,7,0.8641411,1.0027797,2.0047023,0.5002138
1950-01-16 00:00:00,8,0.3638334,1.003666,2.0091648,0.4995439
1950-01-16 00:00:00,9,0.0972108,0.99784225,2.0111623,0.49615204
1950-01-16 00:00:00,10,0.7631003,0.99578863,2.0001798,0.49784955
1950-01-16 00:00:00,11,0.10004302,0.99938387,2.0018575,0.49922827
1950-02-14 12:00:00,0,0.5067019,1.0038292,1.9995058,0.50203866
1950-02-14 12:00:00,1,0.44752315,1.0002956,2.001084,0.49987686
1950-02-14 12:00:00,2,0.26284993,0.99538374,2.0013392,0.49735883
1950-02-14 12:00:00,3,0.25921908,0.99940836,1.9962751,0.5006366
1950-02-14 12:00:00,4,0.012430983,1.0005745,2.0092747,0.49797794
1950-02-14 12:00:00,5,1.7896545,0.99695015,2.003296,0.49765497
1950-02-14 12:00:00,6,0.23463726,1.0022314,2.0006342,0.50095683
1950-02-14 12:00:00,7,0.0894407,1.0020025,2.0057478,0.49956554
1950-02-14 12:00:00,8,0.06693534,1.0025569,2.0075634,0.49938992
1950-02-14 12:00:00,9,0.53708094,0.99870056,2.010675,0.49669915
1950-02-14 12:00:00,10,0.7186517,0.99574727,2.000561,0.497734
1950-02-14 12:00:00,11,0.4765837,0.9986274,2.001273,0.4989961
1950-03-16 00:00:00,0,0.2639235,1.0037607,1.9996815,0.5019603
1950-03-16 00:00:00,1,0.04280726,1.0003875,2.0013123,0.4998658
1950-03-16 00:00:00,2,0.6890578,0.9952402,2.001759,0.49718282
1950-03-16 00:00:00,3,0.19938621,0.9997382,1.9956292,0.5009639
1950-03-16 00:00:00,4,0.5843261,1.0007198,2.0087168,0.49818859
1950-03-16 00:00:00,5,0.58310014,0.99727356,2.003519,0.49776095
1950-03-16 00:00:00,6,0.28469726,1.0021881,2.0005417,0.5009584
1950-03-16 00:00:00,7,0.046848707,1.0022851,2.0055654,0.4997519
1950-03-16 00:00:00,8,1.2384799,1.002832,2.0080998,0.49939352
1950-03-16 00:00:00,9,0.19863608,0.9985346,2.0109167,0.49655694
1950-03-16 00:00:00,10,0.30964458,0.9957093,2.000315,0.49777627
1950-03-16 00:00:00,11,0.4509094,0.99875706,2.001395,0.49903047
1950-04-15 12:00:00,0,1.0356272,1.0034643,1.999593,0.5018343
1950-04-15 12:00:00,1,1.1888201,0.99999756,2.0011857,0.49970254
1950-04-15 12:00:00,2,0.042933926,0.995874,2.0010219,0.49768272
1950-04-15 12:00:00,3,1.1457739,0.998981,1.9974661,0.50012416
1950-04-15 12:00:00,4,0.25888172,1.0005944,2.0096343,0.49789876
1950-04-15 12:00:00,5,0.18049885,0.9966518,2.0029786,0.49758488
1950-04-15 12:00:00,6,0.83265954,1.0019041,2.00101,0.5006992
1950-04-15 12:00:00,7,0.4234085,1.0014303,2.0058486,0.49925515
1950-04-15 12:00:00,8,0.12819524,1.0021187,2.0064466,0.4994495
1950-04-15 12:00:00,9,1.0424657,0.99891216,2.0101247,0.4969404
1950-04-15 12:00:00,10,0.10140153,0.9960666,2.0013034,0.49770892
1950-04-15 12:00:00,11,0.97984713,0.99857223,2.0011961,0.49898767
1950-05-16 00:00:00,0,0.7421832,1.0018449,2.0007746,0.5007285
1950-05-16 00:00:00,1,0.4955722,0.999275,2.0026355,0.49898
1950-05-16 00:00:00,2,0.33327416,0.99715275,2.0016155,0.49817395
1950-05-16 00:00:00,3,0.8877162,0.9987083,1.9993347,0.49952033
1950-05-16 00:00:00,4,0.19962674,1.0012178,2.0089226,0.4983855
1950-05-16 00:00:00,5,1.4539857,0.99686176,2.0027063,0.49775735
1950-05-16 00:00:00,6,0.07403745,1.0005126,2.0021663,0.49971503
1950-05-16 00:00:00,7,0.35094023,1.0005243,2.005552,0.49887726
1950-05-16 00:00:00,8,0.09630959,1.0015503,2.0045233,0.49964514
1950-05-16 00:00:00,9,0.11560866,0.99912643,2.009178,0.49728122
1950-05-16 00:00:00,10,0.29127434,0.99713415,2.0029879,0.49782336
1950-05-16 00:00:00,11,0.050390434,0.9988248,2.001369,0.49907076
1950-06-15 12:00:00,0,0.77314365,0.99867916,2.0044656,0.49822715
1950-06-15 12:00:00,1,0.27125984,0.9984105,2.0071654,0.49742314
1950-06-15 12:00:00,2,0.84011906,0.99917334,2.0046616,0.49842495
1950-06-15 12:00:00,3,0.7997087,0.9992335,2.0004365,0.49950773
1950-06-15 12:00:00,4,0.38100058,1.002477,2.0071185,0.49946082
1950-06-15 12:00:00,5,0.014439674,0.9984334,2.0029223,0.49848834
1950-06-15 12:00:00,6,1.205822,0.9977174,2.004737,0.49767995
1950-06-15 12:00:00,7,0.54432994,1.0004961,2.0047562,0.49906126
1950-06-15 12:00:00,8,0.115241356,1.0011059,2.0033863,0.4997069
1950-06-15 12:00:00,9,0.58065873,0.9996396,2.0091891,0.49753383
1950-06-15 12:00:00,10,0.042747207,0.9990416,2.004262,0.4984586
1950-06-15 12:00:00,11,0.44584402,0.999172,2.001592,0.49918866
1950-07-16 00:00:00,0,0.40174454,0.9934452,2.0011806,0.49642956
1950-07-16 00:00:00,1,0.8566039,0.99726605,2.0082178,0.49659258
1950-07-16 00:00:00,2,0.88139296,1.0001668,2.0018578,0.4996193
1950-07-16 00:00:00,3,0.47534594,0.9971741,1.9943681,0.49999502
1950-07-16 00:00:00,4,0.09066243,1.0001167,2.0046966,0.49888682
1950-07-16 00:00:00,5,0.68296915,0.9964969,1.9979501,0.49875966
1950-07-16 00:00:00,6,0.28889284,0.9919677,2.0014188,0.49563223
1950-07-16 00:00:00,7,0.4614029,0.99907655,2.0015574,0.4991496
1950-07-16 00:00:00,8,0.6345652,0.9990289,1.9986045,0.49986324
1950-07-16 00:00:00,9,0.19111152,0.99992883,2.0058458,0.49850732
1950-07-16 00:00:00,10,0.38588357,0.99698114,1.9991007,0.49871483
1950-07-16 00:00:00,11,0.09204294,0.9968423,1.9937544,0.4999825
1950-08-16 00:00:00,0,0.5398681,0.99223316,1.9974111,0.4967596
1950-08-16 00:00:00,1,0.02116917,0.9971916,2.0060415,0.4970942
1950-08-16 00:00:00,2,0.22810262,0.99931186,1.9989002,0.49993086
1950-08-16 00:00:00,3,0.22819878,0.9963204,1.989714,0.50073546
1950-08-16 00:00:00,4,0.3099969,0.9985676,2.0029123,0.4985578
1950-08-16 00:00:00,5,0.14679661,0.9950687,1.9954634,0.49866548
1950-08-16 00:00:00,6,0.43698674,0.990535,1.9978627,0.49579734
1950-08-16 00:00:00,7,0.8207071,0.9983639,1.9997884,0.49923477
1950-08-16 00:00:00,8,0.25293788,0.99873525,1.9970083,0.5001157
1950-08-16 00:00:00,9,0.11639002,0.9992136,2.0038269,0.49865267
1950-08-16 00:00:00,10,0.37864774,0.9950187,1.9955758,0.49861234
1950-08-16 00:00:00,11,0.4463604,0.9959296,1.9899939,0.5004687
1950-09-15 12:00:00,0,0.7750671,1.001262,2.0017543,0.5001922
1950-09-15 12:00:00,1,0.28596786,0.9991366,2.003722,0.49864036
1950-09-15 12:00:00,2,0.022945337,0.9975873,2.002352,0.49820778
1950-09-15 12:00:00,3,0.5831289,0.9988269,1.9996518,0.49950042
1950-09-15 12:00:00,4,0.39711866,1.0014577,2.008808,0.49853334
1950-09-15 12:00:00,5,0.00916602,0.9972312,2.0028076,0.4979166
1950-09-15 12:00:00,6,0.03588672,1.0000119,2.0028782,0.49928743
1950-09-15 12:00:00,7,1.5697222,1.0006309,2.0054963,0.49894425
1950-09-15 12:00:00,8,0.08165535,1.0014373,2.0044167,0.49961534
1950-09-15 12:00:00,9,0.62826186,0.99933213,2.009357,0.49733928
1950-09-15 12:00:00,10,0.059261944,0.997604,2.003166,0.49801368
1950-09-15 12:00:00,11,1.1881567,0.99885243,2.0014725,0.49905878
1950-10-16 00:00:00,0,0.60784435,1.0036488,1.9997406,0.50188947
1950-10-16 00:00:00,1,0.7799018,1.0004033,2.0014248,0.49984556
1950-10-16 00:00:00,2,0.399558,0.99518824,2.0019846,0.49710086
1950-10-16 00:00:00,3,0.12769458,0.999924,1.9952906,0.501142
1950-10-16 00:00:00,4,1.6342647,1.0008416,2.008259,0.4983628
1950-10-16 00:00:00,5,0.10216309,0.99745697,2.003629,0.49782518
1950-10-16 00:00:00,6,2.2641377,1.0020999,2.0004573,0.5009354
1950-10-16 00:00:00,7,0.7597182,1.0023748,2.0054097,0.4998354
1950-10-16 00:00:00,8,0.11662866,1.0029904,2.0083055,0.4994212
1950-10-16 00:00:00,9,0.080182225,0.9983994,2.0109577,0.49647954
1950-10-16 00:00:00,10,0.024385085,0.99569905,2.0002759,0.49778086
1950-10-16 00:00:00,11,0.10804313,0.9988685,2.0014713,0.49906713
1950-11-15 12:00:00,0,0.41241476,1.003394,1.9998816,0.5017267
1950-11-15 12:00:00,1,0.10887657,1.0003995,2.0016663,0.49978334
1950-11-15 12:00:00,2,0.28054208,0.9951515,2.0023844,0.49698326
1950-11-15 12:00:00,3,0.054284163,1.0002263,1.9947957,0.5014179
1950-11-15 12:00:00,4,0.35245165,1.0010737,2.0074508,0.49867907
1950-11-15 12:00:00,5,0.06479754,0.9977732,2.003803,0.49793974
1950-11-15 12:00:00,6,1.5472277,1.0018947,2.0003567,0.500858
1950-11-15 12:00:00,7,3.0497658,1.0024846,2.0051332,0.4999591
1950-11-15 12:00:00,8,0.0073227766,1.0032355,2.0085704,0.49947736
1950-11-15 12:00:00,9,0.60699713,0.9981762,2.0109823,0.4963625
1950-11-15 12:00:00,10,0.0061564213,0.9957234,2.0002835,0.49779117
1950-11-15 12:00:00,11,0.199263,0.99906915,2.0016084,0.49913317
1950-12-16 00:00:00,0,0.008515285,1.0035135,1.9998806,0.5017867
1950-12-16 00:00:00,1,1.0679445,1.0004556,2.0016356,0.49981907
1950-12-16 00:00:00,2,0.10568905,0.99508476,2.0023754,0.49695215
1950-12-16 00:00:00,3,0.6372069,1.0002338,1.994714,0.5014422
1950-12-16 00:00:00,4,0.039709207,1.0010159,2.0076091,0.49861094
1950-12-16 00:00:00,5,0.91133946,0.99776435,2.0038252,0.49792984
1950-12-16 00:00:00,6,0.023800105,1.0019977,2.0003502,0.5009111
1950-12-16 00:00:00,7,0.10198677,1.002578,2.005192,0.49999103
1950-12-16 00:00:00,8,0.28267613,1.0032493,2.0087202,0.49944702
1950-12-16 00:00:00,9,0.46018144,0.9982093,2.011101,0.49634966
1950-12-16 00:00:00,10,1.178285,0.9956789,2.0001373,0.49780527
1950-12-16 00:00:00,11,0.06040429,0.9990243,2.001594,0.49911433
1951-01-16 00:00:00,0,0.9136894,1.0033491,1.9999926,0.5016764
1951-01-16 00:00:00,1,0.25081605,1.0004427,2.0018036,0.49977067
1951-01-16 00:00:00,2,0.19630007,0.9950901,2.0026083,0.49689704
1951-01-16 00:00:00,3,0.003800076,1.0003915,1.994486,0.5015786
1951-01-16 00:00:00,4,0.88722825,1.0011501,2.0071776,0.49878502
1951-01-16 00:00:00,5,0.36691216,0.9979412,2.003916,0.49799553
1951-01-16 00:00:00,6,0.87625897,1.0018647,2.000329,0.50084996
1951-01-16 00:00:00,7,0.7618979,1.0026277,2.005044,0.50005275
1951-01-16 00:00:00,8,1.0946722,1.0033686,2.0088344,0.499478
1951-01-16 00:00:00,9,0.09042994,0.99810004,2.0111077,0.4962937
1951-01-16 00:00:00,10,0.8224614,0.9957167,2.0001645,0.4978174
1951-01-16 00:00:00,11,0.8312933,0.9991332,2.0016725,0.4991492
1951-02-14 12:00:00,0,0.08860589,1.0035824,1.9997005,0.50186634
1951-02-14 12:00:00,1,0.4963031,1.0002968,2.0013692,0.49980623
1951-02-14 12:00:00,2,0.18808681,0.9953606,2.0017576,0.49724331
1951-02-14 12:00:00,3,0.21231598,0.9997017,1.9958144,0.50089914
1951-02-14 12:00:00,4,0.24141175,1.0007956,2.0085447,0.49826902
1951-02-14 12:00:00,5,0.7004994,0.9972689,2.0034719,0.49777037
1951-02-14 12:00:00,6,0.47183642,1.0020342,2.0005832,0.50087106
1951-02-14 12:00:00,7,0.57137674,1.0021327,2.0054994,0.49969232
1951-02-14 12:00:00,8,0.6257933,1.0027847,2.0078387,0.4994349
1951-02-14 12:00:00,9,0.7195561,0.9985101,2.0107353,0.49658954
1951-02-14 12:00:00,10,0.82771665,0.99579203,2.0005474,0.4977598
1951-02-14 12:00:00,11,0.037467852,0.99880946,2.00141,0.49905288
1951-03-16 00:00:00,0,0.47275722,1.0031217,1.9996883,0.50163907
1951-03-16 00:00:00,1,0.58785146,0.9997986,2.0013342,0.49956605
1951-03-16 00:00:00,2,1.2238958,0.9961777,2.0009646,0.49784872
1951-03-16 00:00:00,3,0.3077804,0.9988215,1.9980425,0.49990004
1951-03-16 00:00:00,4,0.5069524,1.0007018,2.0095282,0.49797848
1951-03-16 00:00:00,5,0.023177642,0.99657893,2.0028374,0.49758354
1951-03-16 00:00:00,6,0.67915565,1.0016053,2.0012012,0.50050205
1951-03-16 00:00:00,7,0.18070953,1.0010915,2.005797,0.49909914
1951-03-16 00:00:00,8,1.2200283,1.0019321,2.0058138,0.499514
1951-03-16 00:00:00,9,0.026359338,0.9989537,2.0097613,0.4970509
1951-03-16 00:00:00,10,0.29058117,0.99627876,2.0018003,0.4976914
1951-03-16 00:00:00,11,0.15518145,0.99862003,2.0011983,0.49901104
1951-04-15 12:00:00,0,0.16722302,1.0038195,1.9997813,0.5019646
1951-04-15 12:00:00,1,0.3101469,1.000394,2.0013704,0.49985448
1951-04-15 12:00:00,2,0.15386745,0.99528784,2.001722,0.49721578
1951-04-15 12:00:00,3,0.120947815,0.9996535,1.995823,0.50087285
1951-04-15 12:00:00,4,0.43781656,1.0006515,2.0090547,0.4980708
1951-04-15 12:00:00,5,0.5778012,0.9972149,2.0034852,0.4977401
1951-04-15 12:00:00,6,0.35217416,1.002238,2.0006833,0.5009479
1951-04-15 12:00:00,7,0.51250666,1.0023012,2.0056837,0.49973047
1951-04-15 12:00:00,8,0.6608905,1.0027378,2.008055,0.49935773
1951-04-15 12:00:00,9,0.022644648,0.9986563,2.0109859,0.49660036
1951-04-15 12:00:00,10,1.0972595,0.9957574,2.0002794,0.49780914
1951-04-15 12:00:00,11,1.0710113,0.99867517,2.0013669,0.49899656
1951-05-16 00:00:00,0,0.23784387,1.0027738,2.0001206,0.50135666
1951-05-16 00:00:00,1,0.06944965,0.999698,2.0018225,0.49939394
1951-05-16 00:00:00,2,1.3269105,0.9964107,2.0013041,0.4978807
1951-05-16 00:00:00,3,0.9141493,0.9988858,1.9982307,0.49988514
1951-05-16 00:00:00,4,0.000646225,1.0008695,2.0093086,0.49811637
1951-05-16 00:00:00,5,0.45882243,0.9967645,2.0028796,0.4976657
1951-05-16 00:00:00,6,0.25888026,1.0013154,2.0015073,0.5002806
1951-05-16 00:00:00,7,0.37189773,1.0010651,2.0057178,0.4991057
1951-05-16 00:00:00,8,0.017745128,1.001894,2.005664,0.49953228
1951-05-16 00:00:00,9,0.69825226,0.99899673,2.0097427,0.49707693
1951-05-16 00:00:00,10,0.18678612,0.9965275,2.0020027,0.4977653
1951-05-16 00:00:00,11,0.09255847,0.9986883,2.001286,0.49902326
1951-06-15 12:00:00,0,0.8298306,0.99595326,2.0053635,0.49664477
1951-06-15 12:00:00,1,0.06405465,0.9977332,2.0098562,0.49642017
1951-06-15 12:00:00,2,0.55926573,1.0004882,2.0051692,0.4989545
1951-06-15 12:00:00,3,1.1930034,0.998557,1.9994733,0.49941
1951-06-15 12:00:00,4,0.18808046,1.0019541,2.00692,0.4992496
1951-06-15 12:00:00,5,1.071805,0.9983101,2.0014029,0.49880517
1951-06-15 12:00:00,6,0.00020071527,0.9948196,2.00532,0.49609017
1951-06-15 12:00:00,7,0.18648462,1.0003072,2.0038414,0.4991948
1951-06-15 12:00:00,8,0.0016086733,0.9998945,2.0015638,0.49955666
1951-06-15 12:00:00,9,0.23747478,1.0004922,2.008652,0.49809137
1951-06-15 12:00:00,10,0.30879456,0.9991745,2.002925,0.49885768
1951-06-15 12:00:00,11,0.048389185,0.9981671,1.9989105,0.49935555
1951-07-16 00:00:00,0,0.0027637912,0.99223894,1.9975437,0.49672952
1951-07-16 00:00:00,1,1.6032692,0.99721205,2.0061488,0.4970778
1951-07-16 00:00:00,2,0.031421643,0.99930114,1.9991397,0.4998656
1951-07-16 00:00:00,3,0.8338649,0.9964512,1.989684,0.5008088
1951-07-16 00:00:00,4,2.0535996,0.9987065,2.0027318,0.49867213
1951-07-16 00:00:00,5,0.30912578,0.9952169,1.9956088,0.4987034
1951-07-16 00:00:00,6,1.1679876,0.9905415,1.9978788,0.4957966
1951-07-16 00:00:00,7,0.32172647,0.9984485,1.9997923,0.49927607
1951-07-16 00:00:00,8,0.3436085,0.9988523,1.9971939,0.50012785
1951-07-16 00:00:00,9,0.7852326,0.99914145,2.003968,0.49858153
1951-07-16 00:00:00,10,0.8307509,0.9950384,1.9957225,0.49858552
1951-07-16 00:00:00,11,1.1935335,0.9960124,1.9902115,0.50045556
1951-08-16 00:00:00,0,0.85027695,0.99710083,2.005582,0.49716282
1951-08-16 00:00:00,1,0.4999206,0.99796474,2.009187,0.4967008
1951-08-16 00:00:00,2,0.016720738,1.0001987,2.0052392,0.4987927
1951-08-16 00:00:00,3,1.5874364,0.99877936,2.0006506,0.49922726
1951-08-16 00:00:00,4,0.38749477,1.0022507,2.0075507,0.49924052
1951-08-16 00:00:00,5,0.31602174,0.9984338,2.0021708,0.49867564
1951-08-16 00:00:00,6,1.8409069,0.9960621,2.0056996,0.4966158
1951-08-16 00:00:00,7,1.3413589,1.0004135,2.004486,0.4990873
1951-08-16 00:00:00,8,0.24132511,1.0002333,2.0022469,0.49955544
1951-08-16 00:00:00,9,0.8059735,1.0004035,2.0090716,0.4979432
1951-08-16 00:00:00,10,0.31780913,0.99944794,2.0038211,0.49877104
1951-08-16 00:00:00,11,0.11277451,0.99855703,2.0002732,0.49921033
1951-09-15 12:00:00,0,1.3179603,0.992235,1.998344,0.49652866
1951-09-15 12:00:00,1,0.014407312,0.9970832,2.0066912,0.49687922
1951-09-15 12:00:00,2,0.4601097,0.9996332,1.9999071,0.4998398
1951-09-15 12:00:00,3,0.5393566,0.9966871,1.9908563,0.5006324
1951-09-15 12:00:00,4,0.68196934,0.9992612,2.0025933,0.4989836
1951-09-15 12:00:00,5,0.34253526,0.9956026,1.9961518,0.49876097
1951-09-15 12:00:00,6,0.14794964,0.9905935,1.9986013,0.49564338
1951-09-15 12:00:00,7,0.66142666,0.99841124,1.9999956,0.49920672
1951-09-15 12:00:00,8,0.53804374,0.99893934,1.9972543,0.50015634
1951-09-15 12:00:00,9,0.042289548,0.9991569,2.0041814,0.49853617
1951-09-15 12:00:00,10,0.029288167,0.99551857,1.9969697,0.4985146
1951-09-15 12:00:00,11,0.48784435,0.99634856,1.991155,0.50038725
1951-10-16 00:00:00,0,0.04705193,1.0035502,1.999611,0.5018727
1951-10-16 00:00:00,1,0.35455814,1.0000252,2.0011737,0.49971932
1951-10-16 00:00:00,2,1.6412117,0.99585867,2.0009842,0.49768442
1951-10-16 00:00:00,3,0.05449589,0.9989434,1.9975103,0.50009423
1951-10-16 00:00:00,4,2.1044452,1.0005351,2.0098474,0.49781647
1951-10-16 00:00:00,5,0.5301427,0.99661285,2.002969,0.49756777
1951-10-16 00:00:00,6,1.2573278,1.0019765,2.0010517,0.500725
1951-10-16 00:00:00,7,0.23509905,1.0014715,2.0059242,0.4992569
1951-10-16 00:00:00,8,0.25399905,1.0020843,2.0064878,0.49942204
1951-10-16 00:00:00,9,0.31835663,0.9989744,2.010197,0.4969535
1951-10-16 00:00:00,10,0.15741308,0.9960569,2.0012257,0.49772343
1951-10-16 00:00:00,11,0.25782675,0.9985168,2.0011723,0.49896592
1951-11-15 12:00:00,0,0.11413018,1.0036256,1.9997201,0.50188303
1951-11-15 12:00:00,1,1.3099694,1.0003788,2.0014064,0.49983793
1951-11-15 12:00:00,2,0.22409551,0.99522036,2.0019407,0.4971278
1951-11-15 12:00:00,3,1.0675248,0.9998866,1.9953804,0.5011007
1951-11-15 12:00:00,4,0.33740076,1.0008409,2.0082772,0.49835795
1951-11-15 12:00:00,5,0.2202379,0.9974238,2.0035994,0.497816
1951-11-15 12:00:00,6,0.13068032,1.0020783,2.0004673,0.5009221
1951-11-15 12:00:00,7,0.2785744,1.0023197,2.0054138,0.49980694
1951-11-15 12:00:00,8,0.48038062,1.0029575,2.0082092,0.49942878
1951-11-15 12:00:00,9,0.5520997,0.9984079,2.0109003,0.49649796
1951-11-15 12:00:00,10,0.011440524,0.9957136,2.0003407,0.497772
1951-11-15 12:00:00,11,0.029965753,0.9988663,2.0014615,0.49906847
1951-12-16 00:00:00,0,0.544815,1.0031245,2.0002024,0.50151145
1951-12-16 00:00:00,1,0.13635723,1.0004677,2.0021026,0.49970847
1951-12-16 00:00:00,2,0.41360635,0.99503344,2.0030682,0.49675465
1951-12-16 00:00:00,3,0.5917846,1.0007234,1.9939321,0.50188434
1951-12-16 00:00:00,4,0.46161923,1.0013732,2.0064213,0.4990842
1951-12-16 00:00:00,5,0.62842995,0.9982927,2.0041213,0.4981199
1951-12-16 00:00:00,6,0.23908404,1.0016882,2.0002627,0.5007783
1951-12-16 00:00:00,7,0.24280263,1.0028108,2.0047884,0.50020784
1951-12-16 00:00:00,8,0.4506411,1.003631,2.009205,0.49951646
1951-12-16 00:00:00,9,1.0285178,0.99789774,2.011222,0.49616492
1951-12-16 00:00:00,10,0.2789133,0.99574465,2.000089,0.49785018
1951-12-16 00:00:00,11,0.9925073,0.99931926,2.001819,0.49920562
1952-01-16 00:00:00,0,0.1268666,1.0029036,2.000354,0.50136304
1952-01-16 00:00:00,1,1.9633564,1.0004497,2.002329,0.49964297
1952-01-16 00:00:00,2,1.7187864,0.9950424,2.00338,0.49668178
1952-01-16 00:00:00,3,7.788346e-05,1.0009333,1.9936306,0.50206554
1952-01-16 00:00:00,4,0.11230531,1.001553,2.0058458,0.49931708
1952-01-16 00:00:00,5,0.07388732,0.99852896,2.0042422,0.49820775
1952-01-16 00:00:00,6,0.07831545,1.0015093,2.000236,0.5006956
1952-01-16 00:00:00,7,0.09888691,1.0028763,2.004591,0.50028974
1952-01-16 00:00:00,8,0.45409927,1.0037894,2.009355,0.499558
1952-01-16 00:00:00,9,0.29428148,0.9977526,2.0112302,0.4960907
1952-01-16 00:00:00,10,0.3272687,0.99579674,2.0001268,0.4978668
1952-01-16 00:00:00,11,0.46181113,0.9994647,2.001924,0.49925205
1952-02-15 00:00:00,0,0.5520824,1.0035448,1.9997727,0.50182945
1952-02-15 00:00:00,1,0.02746373,1.0003564,2.001479,0.49980864
1952-02-15 00:00:00,2,0.42057392,0.99525416,2.002008,0.49712798
1952-02-15 00:00:00,3,0.090329304,0.99991643,1.9953753,0.501117
1952-02-15 00:00:00,4,0.7651881,1.0008894,2.0081522,0.49841312
1952-02-15 00:00:00,5,0.21868022,0.99746996,2.003613,0.49783564
1952-02-15 00:00:00,6,0.13984975,1.002011,2.0004888,0.50088304
1952-02-15 00:00:00,7,0.17330723,1.002305,2.0053694,0.49981067
1952-02-15 00:00:00,8,0.3273057,1.0029718,2.0081832,0.49944237
1952-02-15 00:00:00,9,0.25787392,0.9983853,2.010873,0.49649346
1952-02-15 00:00:00,10,0.08508924,0.99574953,2.0003939,0.49777675
1952-02-15 00:00:00,11,1.6157671,0.99890023,2.0014853,0.49907947
1952-03-16 00:00:00,0,0.8300601,1.0029547,2.0003316,0.5013942
1952-03-16 00:00:00,1,0.43897456,1.0004551,2.002288,0.49965593
1952-03-16 00:00:00,2,0.054066006,0.9950424,2.0033157,0.49669775
1952-03-16 00:00:00,3,0.6220664,1.000886,1.9937022,0.5020238
1952-03-16 00:00:00,4,0.08914394,1.0015111,2.0059884,0.49926066
1952-03-16 00:00:00,5,0.5611674,0.998478,2.0042167,0.49818864
1952-03-16 00:00:00,6,0.07287993,1.001551,2.0002518,0.50071245
1952-03-16 00:00:00,7,0.24961843,1.0028671,2.00464,0.50027287
1952-03-16 00:00:00,8,1.9059674,1.0037516,2.0093262,0.49954638
1952-03-16 00:00:00,9,0.24223655,0.9977911,2.011237,0.4961082
1952-03-16 00:00:00,10,2.2752945,0.9957888,2.0001128,0.49786633
1952-03-16 00:00:00,11,0.17684962,0.99942887,2.001901,0.49923992
1952-04-15 12:00:00,0,0.31166837,1.0037483,1.9995334,0.5019913
1952-04-15 12:00:00,1,0.018356474,1.0002002,2.0010982,0.49982563
1952-04-15 12:00:00,2,0.07887608,0.9955547,2.0011847,0.49748266
1952-04-15 12:00:00,3,1.1694256,0.99922204,1.9967486,0.50042456
1952-04-15 12:00:00,4,0.26497546,1.0005444,2.0095348,0.49789852
1952-04-15 12:00:00,5,0.0038187918,0.9968083,2.0031676,0.49761602
1952-04-15 12:00:00,6,0.22073221,1.002156,2.0007894,0.5008803
1952-04-15 12:00:00,7,0.017941182,1.0018059,2.00583,0.49944705
1952-04-15 12:00:00,8,0.7537031,1.0023725,2.0071628,0.4993977
1952-04-15 12:00:00,9,0.98970175,0.9988131,2.0105035,0.49679747
1952-04-15 12:00:00,10,0.865719,0.99585587,2.0007963,0.49772975
1952-04-15 12:00:00,11,0.16829817,0.9985745,2.0012286,0.49898073
1952-05-16 00:00:00,0,0.5332645,0.99905586,2.0027328,0.49884632
1952-05-16 00:00:00,1,0.5291131,0.99807596,2.005205,0.49774262
1952-05-16 00:00:00,2,2.5590572,0.9992669,2.002736,0.49895087
1952-05-16 00:00:00,3,0.5955702,0.99831253,2.0021257,0.4986263
1952-05-16 00:00:00,4,0.10761533,1.0022311,2.0076091,0.49921626
1952-05-16 00:00:00,5,0.113259956,0.99726206,2.0022392,0.49807337
1952-05-16 00:00:00,6,0.27852872,0.9980505,2.0040205,0.4980241
1952-05-16 00:00:00,7,0.24507946,0.99912995,2.00496,0.4983291
1952-05-16 00:00:00,8,0.8953129,1.0006161,2.0014644,0.49994197
1952-05-16 00:00:00,9,0.769684,0.99948573,2.0076954,0.49782738
1952-05-16 00:00:00,10,0.6172896,0.99879843,2.0056186,0.4980002
1952-05-16 00:00:00,11,0.12378571,0.9991865,2.0014796,0.49922392
1952-06-15 12:00:00,0,0.10993377,1.0021203,2.0006688,0.50089264
1952-06-15 12:00:00,1,0.27389252,0.99949414,2.0025125,0.49912006
1952-06-15 12:00:00,2,0.9478679,0.99677837,2.0018208,0.49793586
1952-06-15 12:00:00,3,0.058476534,0.99902374,1.9984488,0.49989957
1952-06-15 12:00:00,4,0.68332124,1.0012081,2.00862,0.49845567
1952-06-15 12:00:00,5,0.21863493,0.99707377,2.0029376,0.4978057
1952-06-15 12:00:00,6,0.28680155,1.0007641,2.0018547,0.4999185
1952-06-15 12:00:00,7,0.81985754,1.0009258,2.0054677,0.49909845
1952-06-15 12:00:00,8,1.6292467,1.0018853,2.0053318,0.49961075
1952-06-15 12:00:00,9,0.061091788,0.9989475,2.0095546,0.49709895
1952-06-15 12:00:00,10,0.24073817,0.99688965,2.002457,0.49783325
1952-06-15 12:00:00,11,0.30217165,0.99888015,2.0014362,0.49908167
1952-07-16 00:00:00,0,0.039422043,1.0013052,2.0020618,0.50013703
1952-07-16 00:00:00,1,0.2213174,0.9990697,2.0039651,0.49854645
1952-07-16 00:00:00,2,0.32418993,0.9978648,2.0021818,0.4983887
1952-07-16 00:00:00,3,0.50854176,0.99846494,2.0004804,0.49911258
1952-07-16 00:00:00,4,0.37478873,1.001247,2.0098796,0.49816272
1952-07-16 00:00:00,5,0.20401688,0.9969794,2.0026095,0.49784017
1952-07-16 00:00:00,6,0.21589659,1.0000213,2.003386,0.49916556
1952-07-16 00:00:00,7,0.3399483,1.0005423,2.0058458,0.49881315
1952-07-16 00:00:00,8,0.09078537,1.0010297,2.0039992,0.499516
1952-07-16 00:00:00,9,0.18999927,0.9997592,2.0094218,0.49753577
1952-07-16 00:00:00,10,0.14067909,0.9978005,2.0032227,0.49809766
1952-07-16 00:00:00,11,1.9233199,0.9985744,2.001303,0.49896213
1952-08-16 00:00:00,0,0.0637508,0.9905292,1.9917659,0.49731207
1952-08-16 00:00:00,1,0.04704399,0.9969985,2.0023956,0.49790284
1952-08-16 00:00:00,2,0.35335097,0.9981313,1.9944172,0.50046265
1952-08-16 00:00:00,3,0.37152553,0.9950512,1.9837099,0.50161123
1952-08-16 00:00:00,4,0.09058485,0.99664396,1.9999279,0.49833995
1952-08-16 00:00:00,5,0.24477628,0.99297404,1.9919616,0.49849054
1952-08-16 00:00:00,6,0.0010789265,0.988625,1.9925972,0.49614894
1952-08-16 00:00:00,7,0.39279383,0.99688673,1.9973203,0.4991121
1952-08-16 00:00:00,8,0.17974144,0.9984461,1.9942362,0.5006659
1952-08-16 00:00:00,9,0.15773506,0.99789596,2.0004828,0.49882755
1952-08-16 00:00:00,10,0.21437712,0.9923761,1.9914114,0.498328
1952-08-16 00:00:00,11,0.030560702,0.9949569,1.985205,0.50118595
1952-09-15 12:00:00,0,0.5145999,0.99929345,2.0041332,0.49861628
1952-09-15 12:00:00,1,0.281959,0.99859154,2.0066304,0.49764597
1952-09-15 12:00:00,2,1.2810746,0.9989029,2.0042279,0.4983979
1952-09-15 12:00:00,3,0.2505481,0.9990755,2.0004687,0.4994207
1952-09-15 12:00:00,4,0.47447002,1.0021769,2.0079446,0.49910584
1952-09-15 12:00:00,5,0.022156028,0.9981578,2.0028915,0.4983584
1952-09-15 12:00:00,6,1.9128776,0.99825907,2.004593,0.49798593
1952-09-15 12:00:00,7,0.5286079,1.0006231,2.0050774,0.49904463
1952-09-15 12:00:00,8,0.13254623,1.0010654,2.0036483,0.4996213
1952-09-15 12:00:00,9,0.5753323,0.99976134,2.0094092,0.49753994
1952-09-15 12:00:00,10,0.6231894,0.99882054,2.0039127,0.49843517
1952-09-15 12:00:00,11,0.1526505,0.99898535,2.0015357,0.49910945
1952-10-16 00:00:00,0,0.11380793,0.9887097,1.986471,0.49772167
1952-10-16 00:00:00,1,1.6001213,0.99660534,1.9988245,0.4985957
1952-10-16 00:00:00,2,0.7085565,0.9972863,1.9899552,0.5011602
1952-10-16 00:00:00,3,0.008124295,0.9936979,1.9788351,0.50216305
1952-10-16 00:00:00,4,0.46798915,0.9949942,1.9970019,0.49824402
1952-10-16 00:00:00,5,0.4792097,0.9908844,1.988548,0.49829543
1952-10-16 00:00:00,6,0.35003218,0.98672456,1.9877845,0.49639413
1952-10-16 00:00:00,7,0.10304295,0.9950508,1.9949669,0.4987806
1952-10-16 00:00:00,8,1.0733937,0.9980261,1.9908849,0.5012977
1952-10-16 00:00:00,9,0.76745856,0.99660826,1.9968486,0.49909055
1952-10-16 00:00:00,10,0.53676116,0.99018353,1.9881568,0.49804097
1952-10-16 00:00:00,11,1.0383703,0.9941799,1.9809058,0.5018815
1952-11-15 12:00:00,0,1.104998,1.0033461,1.999876,0.50170416
1952-11-15 12:00:00,1,0.90634984,1.0002398,2.001603,0.49971944
1952-11-15 12:00:00,2,0.37023512,0.9954509,2.0019836,0.4972323
1952-11-15 12:00:00,3,0.51007736,0.9998082,1.9957626,0.5009655
1952-11-15 12:00:00,4,0.10536675,1.0009432,2.008164,0.498437
1952-11-15 12:00:00,5,0.5130887,0.99742436,2.0035264,0.49783438
1952-11-15 12:00:00,6,0.89979446,1.0018393,2.0006497,0.500757
1952-11-15 12:00:00,7,0.3741684,1.0021142,2.005366,0.49971634
1952-11-15 12:00:00,8,0.09645159,1.0028408,2.007803,0.4994717
1952-11-15 12:00:00,9,0.20563543,0.99844074,2.0106823,0.4965681
1952-11-15 12:00:00,10,1.1976371,0.99589753,2.0006783,0.49777994
1952-11-15 12:00:00,11,0.14339153,0.99891174,2.0014868,0.49908486
1952-12-16 00:00:00,0,0.35220116,1.0020676,2.0009005,0.5008083
1952-12-16 00:00:00,1,0.30779278,1.0003532,2.0031486,0.49939042
1952-12-16 00:00:00,2,0.11543611,0.99512213,2.004469,0.49645177
1952-12-16 00:00:00,3,0.17922045,1.00165,1.9926577,0.50267035
1952-12-16 00:00:00,4,0.35442492,1.002207,2.0037904,0.5001556
1952-12-16 00:00:00,5,0.14572969,0.9993514,2.0046456,0.49851775
1952-12-16 00:00:00,6,0.6454189,1.0008291,2.0001693,0.5003722
1952-12-16 00:00:00,7,1.7111721,1.0030501,2.0038831,0.5005532
1952-12-16 00:00:00,8,0.9669527,1.0043203,2.0097806,0.49971637
1952-12-16 00:00:00,9,0.5385112,0.9972441,2.0111966,0.49584615
1952-12-16 00:00:00,10,0.014940194,0.9960132,2.0003443,0.4979209
1952-12-16 00:00:00,11,0.015887782,0.9999883,2.0022957,0.49942088
1953-01-16 00:00:00,0,0.15832485,1.0033295,1.999926,0.50168335
1953-01-16 00:00:00,1,0.6018503,1.000384,2.001727,0.49976042
1953-01-16 00:00:00,2,0.08471576,0.99517465,2.002445,0.49697977
1953-01-16 00:00:00,3,0.15957439,1.0002564,1.9947778,0.5014375
1953-01-16 00:00:00,4,0.27488437,1.0011146,2.0073414,0.49872664
1953-01-16 00:00:00,5,0.3041572,0.9978157,2.0038183,0.4979572
1953-01-16 00:00:00,6,0.25103343,1.0018415,2.0003707,0.5008279
1953-01-16 00:00:00,7,0.4320176,1.0024788,2.0050948,0.49996582
1953-01-16 00:00:00,8,0.8414623,1.0032524,2.0085614,0.49948806
1953-01-16 00:00:00,9,0.4699931,0.9981548,2.0109658,0.49635592
1953-01-16 00:00:00,10,0.34525895,0.9957506,2.0003197,0.49779573
1953-01-16 00:00:00,11,0.5199412,0.99909836,2.0016296,0.49914247
1953-02-14 12:00:00,0,0.14165094,0.99835,2.0042076,0.49812704
1953-02-14 12:00:00,1,0.30361247,0.99805367,2.0069773,0.49729195
1953-02-14 12:00:00,2,0.0044796513,0.999676,2.0040135,0.49883693
1953-02-14 12:00:00,3,0.306383,0.9986293,2.001779,0.49887088
1953-02-14 12:00:00,4,1.4498205,1.0023947,2.007601,0.49929973
1953-02-14 12:00:00,5,0.24402754,0.9979049,2.0024338,0.49834603
1953-02-14 12:00:00,6,0.0007059076,0.997377,2.0049431,0.497459
1953-02-14 12:00:00,7,0.74448943,0.9997351,2.0048628,0.49865514
1953-02-14 12:00:00,8,1.6332527,1.0005468,2.0019677,0.4997817
1953-02-14 12:00:00,9,0.08197247,0.99985904,2.008422,0.49783316
1953-02-14 12:00:00,10,0.38518268,0.99923575,2.0051143,0.49834353
1953-02-14 12:00:00,11,0.42194974,0.99904406,2.001342,0.49918705
1953-03-16 00:00:00,0,0.4361397,1.0036285,1.9997197,0.5018846
1953-03-16 00:00:00,1,0.90972257,1.0003182,2.0013738,0.49981576
1953-03-16 00:00:00,2,0.8715745,0.995343,2.0017588,0.49723426
1953-03-16 00:00:00,3,0.077511534,0.9996987,1.9958029,0.5009005
1953-03-16 00:00:00,4,0.6988281,1.0007697,2.008635,0.49823374
1953-03-16 00:00:00,5,0.12457248,0.99726456,2.0034785,0.49776652
1953-03-16 00:00:00,6,0.18222256,1.0020741,2.000601,0.50088656
1953-03-16 00:00:00,7,0.85451186,1.0021719,2.005532,0.49970374
1953-03-16 00:00:00,8,0.84793186,1.002781,2.0078928,0.4994196
1953-03-16 00:00:00,9,0.6942095,0.9985357,2.0107903,0.49658868
1953-03-16 00:00:00,10,0.014767946,0.9957843,2.0004888,0.4977705
1953-03-16 00:00:00,11,0.13490528,0.99878526,2.0014036,0.49904242
1953-04-15 12:00:00,0,0.12977983,1.0035571,1.9996253,0.50187254
1953-04-15 12:00:00,1,0.03672009,1.0001687,2.0012527,0.49977133
1953-04-15 12:00:00,2,0.012966895,0.99557936,2.001396,0.49744248
1953-04-15 12:00:00,3,0.19160111,0.99936473,1.9965616,0.5005429
1953-04-15 12:00:00,4,0.1365173,1.0006883,2.0090735,0.4980845
1953-04-15 12:00:00,5,0.34286857,0.99697167,2.0032423,0.49767902
1953-04-15 12:00:00,6,1.1392103,1.0019991,2.000762,0.5008088
1953-04-15 12:00:00,7,0.8336469,1.0018157,2.0056698,0.4994918
1953-04-15 12:00:00,8,1.3746655,1.0024799,2.007214,0.49943846
1953-04-15 12:00:00,9,0.20657676,0.9986959,2.0104625,0.49674934
1953-04-15 12:00:00,10,0.01864661,0.99590147,2.000874,0.4977332
1953-04-15 12:00:00,11,0.27193913,0.9986925,2.0013053,0.49902055
1953-05-16 00:00:00,0,0.51385117,1.0036386,1.9998767,0.50185025
1953-05-16 00:00:00,1,0.4923791,1.0003929,2.0015385,0.49981198
1953-05-16 00:00:00,2,0.64321834,0.9952567,2.002009,0.49712902
1953-05-16 00:00:00,3,0.25095305,0.9998742,1.9954567,0.5010753
1953-05-16 00:00:00,4,0.72863173,1.0008188,2.0084653,0.49830028
1953-05-16 00:00:00,5,0.047899373,0.9974436,2.0036118,0.4978228
1953-05-16 00:00:00,6,0.65983313,1.0020927,2.0006037,0.50089514
1953-05-16 00:00:00,7,0.138898,1.0023822,2.0054817,0.49982113
1953-05-16 00:00:00,8,0.81295395,1.0029182,2.0082517,0.49939868
1953-05-16 00:00:00,9,0.55510205,0.9984914,2.011004,0.4965139
1953-05-16 00:00:00,10,3.6448364,0.99577117,2.0002816,0.4978155
1953-05-16 00:00:00,11,0.020582484,0.9988213,2.001466,0.49904484
1953-06-15 12:00:00,0,0.34559497,1.000749,2.0018506,0.49991193
1953-06-15 12:00:00,1,1.3674463,0.99896413,2.0039608,0.49849483
1953-06-15 12:00:00,2,0.110743046,0.9977716,2.0026193,0.49823332
1953-06-15 12:00:00,3,0.86442214,0.9989838,1.9996173,0.49958748
1953-06-15 12:00:00,4,0.3535053,1.0017755,2.0078516,0.49892905
1953-06-15 12:00:00,5,0.045726415,0.9974482,2.002845,0.49801567
1953-06-15 12:00:00,6,1.2256988,0.9995816,2.0028424,0.4990815
1953-06-15 12:00:00,7,1.2294779,1.0004117,2.0051572,0.49891937
1953-06-15 12:00:00,8,0.26716256,1.0015417,2.0041163,0.49974233
1953-06-15 12:00:00,9,0.15212856,0.9990985,2.009013,0.49730814
1953-06-15 12:00:00,10,0.38867447,0.99776167,2.003621,0.49797922
1953-06-15 12:00:00,11,0.569129,0.99911,2.001609,0.4991534
1953-07-16 00:00:00,0,0.0590573,0.992866,1.9994146,0.49657834
1953-07-16 00:00:00,1,0.09971084,0.997202,2.0072262,0.49680597
1953-07-16 00:00:00,2,0.86742383,0.9998205,2.0004244,0.49980417
1953-07-16 00:00:00,3,0.46585068,0.9967019,1.99231,0.5002745
1953-07-16 00:00:00,4,0.42551935,0.9993475,2.004026,0.49866995
1953-07-16 00:00:00,5,0.21500106,0.9957602,1.996731,0.4986952
1953-07-16 00:00:00,6,0.13086876,0.99126446,1.9998004,0.4956817
1953-07-16 00:00:00,7,0.07894308,0.998712,2.0007656,0.49916494
1953-07-16 00:00:00,8,0.54050726,0.9988066,1.9977582,0.49996373
1953-07-16 00:00:00,9,0.39391306,0.99966055,2.004891,0.49861094
1953-07-16 00:00:00,10,0.24075723,0.9960577,1.9974762,0.4986581
1953-07-16 00:00:00,11,0.5316533,0.99635065,1.9919183,0.5001965
1953-08-16 00:00:00,0,0.77843344,0.99603313,2.0058262,0.49657
1953-08-16 00:00:00,1,0.45504084,0.99776983,2.0100782,0.49638358
1953-08-16 00:00:00,2,0.16935799,1.0004836,2.0057068,0.4988185
1953-08-16 00:00:00,3,0.03349964,0.9989042,1.9996848,0.49953085
1953-08-16 00:00:00,4,0.36188033,1.0023317,2.0064998,0.49954242
1953-08-16 00:00:00,5,0.012845813,0.9987007,2.0018651,0.4988851
1953-08-16 00:00:00,6,0.06532779,0.9949999,2.0055892,0.49611348
1953-08-16 00:00:00,7,0.053119916,1.0004394,2.0038636,0.49925524
1953-08-16 00:00:00,8,2.3682952,1.0001804,2.0019705,0.49959794
1953-08-16 00:00:00,9,0.9739854,1.0003346,2.0088668,0.49795967
1953-08-16 00:00:00,10,0.3680645,0.9994383,2.003385,0.49887478
1953-08-16 00:00:00,11,0.18123092,0.99849015,1.9995974,0.4993456
1953-09-15 12:00:00,0,0.83287585,0.99367696,2.0020797,0.49632236
1953-09-15 12:00:00,1,0.15038653,0.9972461,2.008736,0.49645457
1953-09-15 12:00:00,2,0.33445194,1.0003955,2.002556,0.4995593
1953-09-15 12:00:00,3,0.14601666,0.9973968,1.995495,0.4998243
1953-09-15 12:00:00,4,1.1280849,1.0005187,2.0049918,0.49901387
1953-09-15 12:00:00,5,0.33102015,0.99685204,1.9985383,0.49879056
1953-09-15 12:00:00,6,0.33166906,0.9922732,2.0022771,0.49557236
1953-09-15 12:00:00,7,0.4508704,0.9991989,2.0018997,0.49912536
1953-09-15 12:00:00,8,0.23473203,0.99909765,1.998909,0.49982148
1953-09-15 12:00:00,9,0.041126423,1.0000716,2.0062394,0.4984807
1953-09-15 12:00:00,10,0.96936053,0.9974889,1.9999912,0.49874666
1953-09-15 12:00:00,11,0.19330744,0.99709636,1.9946542,0.49988434
1953-10-16 00:00:00,0,0.11298142,1.0019192,2.0008593,0.50074446
1953-10-16 00:00:00,1,0.060143653,0.99938786,2.002727,0.4990135
1953-10-16 00:00:00,2,1.1328946,0.99698657,2.0018637,0.4980292
1953-10-16 00:00:00,3,0.70916945,0.99893016,1.9988256,0.49975854
1953-10-16 00:00:00,4,0.10326989,1.0012573,2.0086896,0.49846292
1953-10-16 00:00:00,5,0.082870506,0.99705744,2.0028703,0.49781427
1953-10-16 00:00:00,6,0.2849443,1.0005869,2.0020776,0.49977428
1953-10-16 00:00:00,7,0.36433667,1.000788,2.0054824,0.49902606
1953-10-16 00:00:00,8,0.21415849,1.001748,2.0050108,0.49962223
1953-10-16 00:00:00,9,0.4841104,0.99903816,2.009434,0.4971739
1953-10-16 00:00:00,10,0.74371433,0.9970561,2.0026944,0.49785736
1953-10-16 00:00:00,11,0.33527103,0.9988718,2.0014336,0.49907815
1953-11-15 12:00:00,0,0.85375935,1.0036451,1.9994929,0.5019498
1953-11-15 12:00:00,1,0.8635929,1.0001147,2.0010715,0.4997896
1953-11-15 12:00:00,2,0.67466486,0.99567074,2.0010724,0.49756858
1953-11-15 12:00:00,3,0.14516763,0.9991137,1.9970347,0.5002986
1953-11-15 12:00:00,4,0.14379966,1.0005592,2.0095522,0.49790156
1953-11-15 12:00:00,5,0.6062991,0.99672115,2.003078,0.49759477
1953-11-15 12:00:00,6,0.030903405,1.0020624,2.0008337,0.5008224
1953-11-15 12:00:00,7,0.0033378608,1.0016278,2.0058286,0.49935862
1953-11-15 12:00:00,8,1.1108446,1.0022719,2.0068471,0.49942613
1953-11-15 12:00:00,9,1.3479831,0.9988348,2.0103137,0.49685517
1953-11-15 12:00:00,10,0.14220478,0.99591815,2.0010192,0.49770543
1953-11-15 12:00:00,11,0.03038892,0.9985787,2.0012066,0.4989883
1953-12-16 00:00:00,0,0.88623464,1.000086,2.002017,0.4995392
1953-12-16 00:00:00,1,0.022458153,0.9986141,2.0042758,0.49824184
1953-12-16 00:00:00,2,0.31932,0.99828416,2.002619,0.4984893
1953-12-16 00:00:00,3,0.045115087,0.9987833,2.000453,0.49927855
1953-12-16 00:00:00,4,0.0432589,1.0020108,2.007446,0.4991471
1953-12-16 00:00:00,5,0.096808776,0.99739265,2.0026355,0.49804005
1953-12-16 00:00:00,6,0.2750196,0.99899244,2.0031211,0.49871793
1953-12-16 00:00:00,7,0.29042903,0.9998569,2.0049806,0.49868658
1953-12-16 00:00:00,8,0.18593784,1.0012758,2.003093,0.49986485
1953-12-16 00:00:00,9,0.91417307,0.99911195,2.0083883,0.4974695
1953-12-16 00:00:00,10,0.1225117,0.9981035,2.0044744,0.49793777
1953-12-16 00:00:00,11,0.12384632,0.99923164,2.0016093,0.4992141
1954-01-16 00:00:00,0,1.1072994,1.0036719,1.9998198,0.5018812
1954-01-16 00:00:00,1,1.0522705,1.0005013,2.0015304,0.49986812
1954-01-16 00:00:00,2,0.66803044,0.9950312,2.0022614,0.4969537
1954-01-16 00:00:00,3,0.009359019,1.0001706,1.9947497,0.50140154
1954-01-16 00:00:00,4,1.8143288,1.0009159,2.0079017,0.4984885
1954-01-16 00:00:00,5,0.05275835,0.9976787,2.0038004,0.49789324
1954-01-16 00:00:00,6,0.6525268,1.00213,2.000346,0.50097835
1954-01-16 00:00:00,7,1.1407057,1.0026201,2.0052955,0.4999862
1954-01-16 00:00:00,8,0.3465109,1.0032092,2.008776,0.4994132
1954-01-16 00:00:00,9,0.31369245,0.99827605,2.011178,0.49636385
1954-01-16 00:00:00,10,2.06719,0.9956257,2.0000231,0.4978071
1954-01-16 00:00:00,11,0.2946406,0.99894655,2.0015483,0.49908692
1954-02-14 12:00:00,0,0.14343409,1.0039533,1.9995495,0.50208974
1954-02-14 12:00:00,1,3.1406443,1.0003979,2.0011122,0.49992093
1954-02-14 12:00:00,2,0.3923925,0.99524295,2.001472,0.4972555
1954-02-14 12:00:00,3,0.026345935,0.99953926,1.995928,0.5007892
1954-02-14 12:00:00,4,0.112259574,1.0005571,2.0092492,0.4979756
1954-02-14 12:00:00,5,0.75470245,0.9970542,2.0034034,0.4976802
1954-02-14 12:00:00,6,0.42608857,1.0023437,2.0005763,0.50102746
1954-02-14 12:00:00,7,0.022667864,1.0022155,2.0057476,0.49967182
1954-02-14 12:00:00,8,0.722514,1.0026789,2.007942,0.4993565
1954-02-14 12:00:00,9,0.052097417,0.9986721,2.0109005,0.4966293
1954-02-14 12:00:00,10,0.3166708,0.99567014,2.0002944,0.4977618
1954-02-14 12:00:00,11,0.43985245,0.9986233,2.0012984,0.4989877
1954-03-16 00:00:00,0,0.08800465,1.0040227,1.9995737,0.5021184
1954-03-16 00:00:00,1,1.2116522,1.0005298,2.0011663,0.49997333
1954-03-16 00:00:00,2,0.46986765,0.99501497,2.0017653,0.49706876
1954-03-16 00:00:00,3,1.0809846,0.99983865,1.9952234,0.50111616
1954-03-16 00:00:00,4,0.13895993,1.0006313,2.008808,0.49812198
1954-03-16 00:00:00,5,2.047729,0.9973037,2.003609,0.49775368
1954-03-16 00:00:00,6,0.05060822,1.002414,2.000383,0.50111103
1954-03-16 00:00:00,7,1.6542873,1.0025151,2.0056062,0.4998564
1954-03-16 00:00:00,8,0.3482825,1.00296,2.0085385,0.49934813
1954-03-16 00:00:00,9,1.0488235,0.998503,2.011162,0.49648064
1954-03-16 00:00:00,10,0.15142918,0.9955407,1.9999636,0.4977794
1954-03-16 00:00:00,11,0.052120324,0.9987173,2.0013816,0.49901393
1954-04-15 12:00:00,0,0.19776225,1.0023835,2.000345,0.5011053
1954-04-15 12:00:00,1,0.3812977,0.99958414,2.0021486,0.49925572
1954-04-15 12:00:00,2,0.30956307,0.99657434,2.0016053,0.49788755
1954-04-15 12:00:00,3,0.021699175,0.9990189,1.9982157,0.4999555
1954-04-15 12:00:00,4,0.2817338,1.0011002,2.0087025,0.4983815
1954-04-15 12:00:00,5,1.0148522,0.9969713,2.002935,0.49775523
1954-04-15 12:00:00,6,0.011630812,1.0009875,2.001595,0.50009495
1954-04-15 12:00:00,7,0.52999055,1.0009774,2.0055017,0.4991157
1954-04-15 12:00:00,8,0.857135,1.0019562,2.0055156,0.49960032
1954-04-15 12:00:00,9,0.35992453,0.99888396,2.0095918,0.49705812
1954-04-15 12:00:00,10,3.5659015,0.9966903,2.0022743,0.4977791
1954-04-15 12:00:00,11,0.51148504,0.9988504,2.0013902,0.49907827
1954-05-16 00:00:00,0,1.3481401,0.99647397,2.005388,0.49689832
1954-05-16 00:00:00,1,0.08248812,0.9975535,2.0089824,0.49654666
1954-05-16 00:00:00,2,0.4799923,1.0005974,2.005223,0.49899554
1954-05-16 00:00:00,3,0.6411423,0.9988057,2.0015616,0.49901322
1954-05-16 00:00:00,4,0.077456735,1.0028751,2.0061562,0.4998988
1954-05-16 00:00:00,5,0.66272414,0.9985086,2.002187,0.49870893
1954-05-16 00:00:00,6,0.05054247,0.99558634,2.005586,0.49640673
1954-05-16 00:00:00,7,1.0546069,0.9995887,2.0041058,0.49877045
1954-05-16 00:00:00,8,0.4071517,1.0003006,2.0011506,0.49986276
1954-05-16 00:00:00,9,0.9166124,0.99994326,2.0081031,0.49795413
1954-05-16 00:00:00,10,0.16466685,0.9997792,2.0054321,0.49853554
1954-05-16 00:00:00,11,0.5877851,0.9991025,2.0008547,0.49933782
1954-06-15 12:00:00,0,0.4554827,0.99869835,2.003321,0.4985214
1954-06-15 12:00:00,1,0.45896563,0.9981526,2.0059354,0.49759957
1954-06-15 12:00:00,2,0.9836198,0.99921197,2.003629,0.4987011
1954-06-15 12:00:00,3,0.020519672,0.99885476,2.0012288,0.4991207
1954-06-15 12:00:00,4,0.34712574,1.0025481,2.0066404,0.49961522
1954-06-15 12:00:00,5,0.2722581,0.99788576,2.0025954,0.49829623
1954-06-15 12:00:00,6,0.22017866,0.9977633,2.0041022,0.49786046
1954-06-15 12:00:00,7,0.2769326,0.9995687,2.0046294,0.49863017
1954-06-15 12:00:00,8,0.0095174685,1.0009967,2.0021982,0.49994886
1954-06-15 12:00:00,9,0.6404679,0.999285,2.0080814,0.4976317
1954-06-15 12:00:00,10,0.008524623,0.99890333,2.005324,0.49812567
1954-06-15 12:00:00,11,0.52081025,0.99940544,2.0016837,0.4992824
1954-07-16 00:00:00,0,0.36344573,0.99398214,2.0022407,0.4964349
1954-07-16 00:00:00,1,1.2218925,0.9973225,2.008753,0.49648836
1954-07-16 00:00:00,2,0.3272626,1.0003633,2.002562,0.49954176
1954-07-16 00:00:00,3,0.12085103,0.9973521,1.9957591,0.4997357
1954-07-16 00:00:00,4,0.20193803,1.0004181,2.0056024,0.49881178
1954-07-16 00:00:00,5,0.08344764,0.99680215,1.9986322,0.49874216
1954-07-16 00:00:00,6,0.14300847,0.9925485,2.0025086,0.49565256
1954-07-16 00:00:00,7,0.5239364,0.9993481,2.002147,0.49913824
1954-07-16 00:00:00,8,0.7033267,0.999029,1.9991232,0.49973357
1954-07-16 00:00:00,9,2.1572077,1.0002522,2.0065076,0.49850407
1954-07-16 00:00:00,10,0.04421936,0.99751925,1.9999144,0.49878097
1954-07-16 00:00:00,11,0.41797155,0.9969924,1.994729,0.49981347
1954-08-16 00:00:00,0,0.5730362,0.98999536,1.990733,0.49730194
1954-08-16 00:00:00,1,0.2149569,0.99683326,2.0017774,0.49797407
1954-08-16 00:00:00,2,0.13966867,0.9980536,1.9936404,0.5006187
1954-08-16 00:00:00,3,0.23394363,0.99482673,1.9827784,0.50173366
1954-08-16 00:00:00,4,1.0958023,0.9964384,1.9990574,0.49845412
1954-08-16 00:00:00,5,0.22288042,0.99261385,1.9912833,0.4984795
1954-08-16 00:00:00,6,0.02282118,0.9880724,1.9916111,0.49611714
1954-08-16 00:00:00,7,0.1379183,0.9964502,1.9967359,0.49903953
1954-08-16 00:00:00,8,0.17904316,0.9983712,1.9934406,0.50082815
1954-08-16 00:00:00,9,0.3667807,0.99756783,1.999679,0.498864
1954-08-16 00:00:00,10,0.7229576,0.99195683,1.9910011,0.49822012
1954-08-16 00:00:00,11,0.13547195,0.99485534,1.9843954,0.50133926
1954-09-15 12:00:00,0,0.018166026,0.9876021,1.9825304,0.49815232
1954-09-15 12:00:00,1,0.668238,0.99633396,1.9959967,0.49916613
1954-09-15 12:00:00,2,0.13803454,0.99664915,1.9865409,0.5017008
1954-09-15 12:00:00,3,0.7732036,0.9926317,1.9756262,0.502439
1954-09-15 12:00:00,4,0.008039857,0.99377006,1.9951605,0.4980903
1954-09-15 12:00:00,5,1.1178981,0.9892525,1.9860967,0.49808878
1954-09-15 12:00:00,6,0.47981325,0.9855572,1.9843141,0.496674
1954-09-15 12:00:00,7,1.2654305,0.99364144,1.9934157,0.49846172
1954-09-15 12:00:00,8,1.463227,0.99768645,1.9883934,0.50175506
1954-09-15 12:00:00,9,0.42611745,0.9956995,1.9941865,0.4993011
1954-09-15 12:00:00,10,0.28370276,0.98859936,1.985975,0.49779043
1954-09-15 12:00:00,11,1.1593431,0.99362046,1.9779128,0.5023581
1954-10-16 00:00:00,0,0.011368298,0.99172604,1.9966098,0.496705
1954-10-16 00:00:00,1,1.3783613,0.99693656,2.0055556,0.49708745
1954-10-16 00:00:00,2,0.436583,0.99941134,1.9983956,0.5001069
1954-10-16 00:00:00,3,0.4431798,0.996143,1.9895064,0.50069857
1954-10-16 00:00:00,4,0.10473344,0.9986341,2.0019977,0.4988188
1954-10-16 00:00:00,5,0.49903092,0.99480873,1.9950256,0.4986446
1954-10-16 00:00:00,6,0.3495365,0.9900083,1.9971557,0.49570912
1954-10-16 00:00:00,7,0.41351962,0.9978045,1.9993427,0.4990663
1954-10-16 00:00:00,8,0.6736231,0.9986727,1.9961252,0.50030565
1954-10-16 00:00:00,9,0.57186544,0.9988735,2.0030396,0.49867883
1954-10-16 00:00:00,10,1.3246814,0.99477196,1.9959649,0.4983915
1954-10-16 00:00:00,11,0.053383578,0.9959976,1.9896493,0.50058955
1954-11-15 12:00:00,0,1.3077282,1.0037479,1.999525,0.5019932
1954-11-15 12:00:00,1,0.04531005,1.0002406,2.0011115,0.4998425
1954-11-15 12:00:00,2,1.003494,0.9954702,2.0013006,0.49741164
1954-11-15 12:00:00,3,0.33868048,0.99934715,1.9964637,0.5005587
1954-11-15 12:00:00,4,0.602553,1.0005919,2.0092902,0.49798274
1954-11-15 12:00:00,5,0.050549086,0.99691254,2.003247,0.49764833
1954-11-15 12:00:00,6,0.17901272,1.0021603,2.0006933,0.5009065
1954-11-15 12:00:00,7,0.006530677,1.0019015,2.0057492,0.49951485
1954-11-15 12:00:00,8,0.300807,1.0024918,2.0073717,0.4994052
1954-11-15 12:00:00,9,0.42886132,0.99872404,2.0105717,0.49673635
1954-11-15 12:00:00,10,0.6052454,0.995806,2.000699,0.49772903
1954-11-15 12:00:00,11,0.03897188,0.9986303,2.0012672,0.49899897
1954-12-16 00:00:00,0,0.27512658,1.0037789,1.9996122,0.5019868
1954-12-16 00:00:00,1,0.62623906,1.000402,2.0012527,0.49988788
1954-12-16 00:00:00,2,0.07673392,0.9951918,2.0017552,0.4971596
1954-12-16 00:00:00,3,0.3842529,0.99977416,1.9955139,0.5010109
1954-12-16 00:00:00,4,0.69544894,1.0007287,2.008611,0.49821928
1954-12-16 00:00:00,5,0.14595497,0.9972876,2.0035365,0.49776363
1954-12-16 00:00:00,6,0.34495452,1.0022033,2.00046,0.50098646
1954-12-16 00:00:00,7,0.32239142,1.0022995,2.005529,0.4997682
1954-12-16 00:00:00,8,0.5463093,1.0028791,2.0081606,0.49940187
1954-12-16 00:00:00,9,1.4494574,0.9984849,2.0109124,0.49653327
1954-12-16 00:00:00,10,0.30909333,0.995664,2.0002885,0.4977602
1954-12-16 00:00:00,11,0.4172795,0.99878013,2.0013986,0.49904108
1955-01-16 00:00:00,0,0.41866726,1.0038518,1.9996288,0.50201905
1955-01-16 00:00:00,1,0.84976214,1.0004339,2.0012472,0.49990523
1955-01-16 00:00:00,2,0.11154357,0.9951621,2.001748,0.49714655
1955-01-16 00:00:00,3,0.48633006,0.99976784,1.9954951,0.50101244
1955-01-16 00:00:00,4,0.5452505,1.0006882,2.0087445,0.498166
1955-01-16 00:00:00,5,0.22696446,0.9972764,2.0035448,0.49775597
1955-01-16 00:00:00,6,0.12257898,1.0022662,2.000478,0.50101334
1955-01-16 00:00:00,7,0.03881166,1.0023546,2.0055776,0.49978352
1955-01-16 00:00:00,8,0.05746254,1.0028741,2.0082383,0.49938005
1955-01-16 00:00:00,9,0.43500993,0.99852043,2.0109892,0.49653196
1955-01-16 00:00:00,10,0.47304744,0.99564743,2.0002024,0.49777335
1955-01-16 00:00:00,11,0.102051295,0.99874437,2.0013878,0.4990259
1955-02-14 12:00:00,0,0.11315856,1.0033216,1.9997369,0.5017268
1955-02-14 12:00:00,1,0.9556163,1.0000143,2.0013845,0.49966127
1955-02-14 12:00:00,2,0.1565614,0.99584043,2.0013194,0.49759194
1955-02-14 12:00:00,3,1.4458936,0.9991916,1.997118,0.50031674
1955-02-14 12:00:00,4,0.16067289,1.0007353,2.0091634,0.49808556
1955-02-14 12:00:00,5,0.11993107,0.99687713,2.0031102,0.49766466
1955-02-14 12:00:00,6,0.20784372,1.0017924,2.0009766,0.5006518
1955-02-14 12:00:00,7,0.0954353,1.0015506,2.0056899,0.49935466
1955-02-14 12:00:00,8,0.08458215,1.0022835,2.0066853,0.49947217
1955-02-14 12:00:00,9,0.07333403,0.9987883,2.0102036,0.49685928
1955-02-14 12:00:00,10,0.9444422,0.9960884,2.0012517,0.4977327
1955-02-14 12:00:00,11,0.5660439,0.99868816,2.0012898,0.49902225
1955-03-16 00:00:00,0,2.1731715,0.99935085,2.0029545,0.49893838
1955-03-16 00:00:00,1,0.37149966,0.9982853,2.0053604,0.49780843
1955-03-16 00:00:00,2,0.43453306,0.9990474,2.002978,0.498781
1955-03-16 00:00:00,3,0.12751088,0.99848133,2.0016415,0.49883124
1955-03-16 00:00:00,4,0.35007998,1.0021176,2.0079331,0.4990792
1955-03-16 00:00:00,5,0.93125653,0.9974126,2.0024157,0.4981047
1955-03-16 00:00:00,6,0.26471102,0.99831253,2.0040827,0.49813938
1955-03-16 00:00:00,7,0.25911933,0.99957937,2.0050857,0.498522
1955-03-16 00:00:00,8,0.1587302,1.0007485,2.0021722,0.49983138
1955-03-16 00:00:00,9,0.3149891,0.99957484,2.0082262,0.49774018
1955-03-16 00:00:00,10,0.6082152,0.9987065,2.005031,0.49810025
1955-03-16 00:00:00,11,1.3183607,0.9990833,2.0014844,0.49917117
1955-04-15 12:00:00,0,0.33747512,1.0038457,1.9995457,0.50203687
1955-04-15 12:00:00,1,0.047803495,1.0003624,2.001144,0.49989527
1955-04-15 12:00:00,2,0.009487001,0.9952717,2.0015225,0.4972573
1955-04-15 12:00:00,3,0.6241396,0.9995786,1.9958955,0.5008171
1955-04-15 12:00:00,4,0.037890114,1.0006266,2.009015,0.4980682
1955-04-15 12:00:00,5,0.4968322,0.99710035,2.0034125,0.497701
1955-04-15 12:00:00,6,0.3507435,1.0022525,2.0005455,0.50098956
1955-04-15 12:00:00,7,0.19754393,1.0021664,2.0056639,0.49966818
1955-04-15 12:00:00,8,0.6582988,1.0027109,2.0078843,0.49938682
1955-04-15 12:00:00,9,0.42629114,0.9986088,2.0108182,0.49661815
1955-04-15 12:00:00,10,0.04739039,0.99569106,2.00039,0.49774846
1955-04-15 12:00:00,11,0.4850068,0.9986844,2.0013251,0.49901158
1955-05-16 00:00:00,0,0.0571772,1.002982,2.0001824,0.5014453
1955-05-16 00:00:00,1,0.9691706,0.99982524,2.0018382,0.49945357
1955-05-16 00:00:00,2,0.042746104,0.9962591,2.001394,0.4977826
1955-05-16 00:00:00,3,0.8136566,0.9989732,1.9979421,0.5000011
1955-05-16 00:00:00,4,0.68498963,1.0007915,2.0095043,0.49802905
1955-05-16 00:00:00,5,0.15099058,0.9968249,2.0029733,0.4976726
1955-05-16 00:00:00,6,0.55968344,1.0014983,2.0014954,0.50037503
1955-05-16 00:00:00,7,0.44029045,1.0013133,2.0057955,0.4992101
1955-05-16 00:00:00,8,0.9121843,1.001976,2.0060716,0.49947172
1955-05-16 00:00:00,9,0.58127105,0.9990336,2.0100355,0.49702284
1955-05-16 00:00:00,10,0.20793591,0.9964439,2.0016654,0.49780744
1955-05-16 00:00:00,11,0.316599,0.99862707,2.001287,0.49899244
1955-06-15 12:00:00,0,0.21281406,0.99772716,2.0056257,0.49746427
1955-06-15 12:00:00,1,0.29124272,0.9982094,2.008924,0.4968876
1955-06-15 12:00:00,2,0.021977453,0.99990654,2.0051982,0.4986572
1955-06-15 12:00:00,3,0.91982454,0.99884844,2.000603,0.4992737
1955-06-15 12:00:00,4,0.25602153,1.0021192,2.0081918,0.49901566
1955-06-15 12:00:00,5,0.78984416,0.9984341,2.002392,0.4986207
1955-06-15 12:00:00,6,0.06490133,0.99667305,2.0057442,0.49690935
1955-06-15 12:00:00,7,0.06099454,1.0007352,2.0048146,0.49916592
1955-06-15 12:00:00,8,0.26765656,1.000364,2.0028698,0.4994653
1955-06-15 12:00:00,9,0.11407701,1.0004802,2.0095358,0.4978663
1955-06-15 12:00:00,10,0.24250883,0.99937606,2.0034873,0.49881825
1955-06-15 12:00:00,11,0.45412117,0.998501,2.0005252,0.49911943
1955-07-16 00:00:00,0,0.0044038543,0.9953225,2.0045555,0.4965303
1955-07-16 00:00:00,1,0.4020433,0.9976523,2.0097148,0.49641484
1955-07-16 00:00:00,2,0.25211093,1.0004513,2.0044835,0.4991068
1955-07-16 00:00:00,3,0.25432524,0.9981989,1.9981905,0.49955142
1955-07-16 00:00:00,4,0.12056903,1.0014262,2.0066528,0.49905306
1955-07-16 00:00:00,5,0.19853248,0.99789643,2.0005486,0.4988114
1955-07-16 00:00:00,6,0.15263864,0.9940847,2.0045428,0.49591592
1955-07-16 00:00:00,7,1.1696945,1.0001435,2.003354,0.49923453
1955-07-16 00:00:00,8,1.1291081,0.9996146,2.000952,0.4995695
1955-07-16 00:00:00,9,0.1465351,1.000501,2.0081515,0.49821988
1955-07-16 00:00:00,10,0.046469454,0.99867016,2.0017672,0.49889427
1955-07-16 00:00:00,11,0.868692,0.99773246,1.9975386,0.49948096
1955-08-16 00:00:00,0,0.42204276,0.9889618,1.9866662,0.4977997
1955-08-16 00:00:00,1,0.29055977,0.99661875,1.9988676,0.49859166
1955-08-16 00:00:00,2,0.11379229,0.99735665,1.9899712,0.5011915
1955-08-16 00:00:00,3,0.1561685,0.99360704,1.9794005,0.50197375
1955-08-16 00:00:00,4,1.6511141,0.994962,1.9976225,0.49807307
1955-08-16 00:00:00,5,2.7043948,0.9908115,1.9886487,0.4982336
1955-08-16 00:00:00,6,0.6677249,0.98695,1.9880958,0.4964298
1955-08-16 00:00:00,7,0.013863174,0.9950869,1.9952524,0.49872735
1955-08-16 00:00:00,8,0.38805342,0.99790746,1.9909241,0.5012283
1955-08-16 00:00:00,9,0.40359408,0.99679774,1.9970362,0.49913853
1955-08-16 00:00:00,10,0.13011092,0.99027747,1.9883723,0.49803424
1955-08-16 00:00:00,11,0.5441571,0.9941098,1.9810697,0.5018046
1955-09-15 12:00:00,0,0.10593302,0.9977673,2.005082,0.49761924
1955-09-15 12:00:00,1,0.017803038,0.9981168,2.0081947,0.4970219
1955-09-15 12:00:00,2,0.430492,0.99975055,2.0051033,0.49860302
1955-09-15 12:00:00,3,0.3280521,0.9991211,2.0007048,0.49938458
1955-09-15 12:00:00,4,0.38554975,1.0025927,2.0068777,0.4995784
1955-09-15 12:00:00,5,0.26078045,0.99856347,2.0026715,0.4986157
1955-09-15 12:00:00,6,1.1595072,0.99681854,2.0052273,0.49710998
1955-09-15 12:00:00,7,0.1838574,1.0003351,2.0045228,0.49903902
1955-09-15 12:00:00,8,2.9421422,1.0007758,2.0027287,0.49970612
1955-09-15 12:00:00,9,0.3519714,0.9998674,2.0089922,0.497696
1955-09-15 12:00:00,10,0.29525405,0.99935496,2.004463,0.49856493
1955-09-15 12:00:00,11,0.17866288,0.9990633,2.0012105,0.49922952
1955-10-16 00:00:00,0,0.26386467,0.9965106,2.0051372,0.49697876
1955-10-16 00:00:00,1,0.060673427,0.9974759,2.0088208,0.496548
1955-10-16 00:00:00,2,0.05459227,1.000767,2.004587,0.49923852
1955-10-16 00:00:00,3,0.24590385,0.998272,2.0020692,0.49862012
1955-10-16 00:00:00,4,0.60009456,1.0024483,2.007208,0.49942422
1955-10-16 00:00:00,5,0.4283147,0.9979876,2.0017123,0.49856696
1955-10-16 00:00:00,6,0.30069873,0.9955378,2.0056832,0.49635845
1955-10-16 00:00:00,7,1.6183478,0.99935347,2.0043461,0.49859327
1955-10-16 00:00:00,8,0.10840441,0.99981403,2.0005023,0.4997815
1955-10-16 00:00:00,9,0.38677824,1.0003177,2.0079005,0.49819088
1955-10-16 00:00:00,10,0.77716625,0.9997072,2.0052228,0.4985517
1955-10-16 00:00:00,11,0.32740253,0.99870604,2.0002708,0.4992854
1955-11-15 12:00:00,0,0.4425909,1.0036645,1.9996408,0.50192237
1955-11-15 12:00:00,1,0.5689823,1.0002533,2.0012562,0.49981272
1955-11-15 12:00:00,2,0.15858023,0.9954564,2.0014932,0.49735686
1955-11-15 12:00:00,3,0.6825512,0.9994721,1.996266,0.5006708
1955-11-15 12:00:00,4,0.39069283,1.0006723,2.009041,0.49808457
1955-11-15 12:00:00,5,0.8727041,0.99705225,2.0033278,0.497698
1955-11-15 12:00:00,6,0.27763936,1.002095,2.000698,0.5008727
1955-11-15 12:00:00,7,0.63221526,1.0019871,2.0056648,0.49957854
1955-11-15 12:00:00,8,0.10289432,1.0025835,2.0075245,0.49941283
1955-11-15 12:00:00,9,0.7106322,0.99866545,2.0106397,0.49669042
1955-11-15 12:00:00,10,0.006307059,0.99582887,2.000655,0.49775144
1955-11-15 12:00:00,11,0.789841,0.9986909,2.001323,0.49901536
1955-12-16 00:00:00,0,0.5529728,1.0029814,2.0003376,0.5014061
1955-12-16 00:00:00,1,0.25884187,1.0004834,2.0022943,0.4996685
1955-12-16 00:00:00,2,0.6414256,0.99499834,2.0033615,0.4966644
1955-12-16 00:00:00,3,0.12102728,1.0009338,1.9935819,0.50207806
1955-12-16 00:00:00,4,0.07542892,1.0015149,2.0059426,0.49927396
1955-12-16 00:00:00,5,0.5395746,0.99851626,2.0042517,0.49819902
1955-12-16 00:00:00,6,0.94104624,1.0015757,2.0002224,0.5007322
1955-12-16 00:00:00,7,0.1949144,1.0029273,2.0046263,0.50030637
1955-12-16 00:00:00,8,0.96393204,1.0037969,2.0094402,0.4995406
1955-12-16 00:00:00,9,0.8181798,0.99777013,2.0112948,0.49608347
1955-12-16 00:00:00,10,0.3314243,0.9957635,2.000041,0.49787152
1955-12-16 00:00:00,11,0.5003698,0.999437,2.001912,0.49924117
1956-01-16 00:00:00,0,0.14246257,1.003395,1.9999983,0.5016979
1956-01-16 00:00:00,1,0.04166306,1.000475,2.0018027,0.49978703
1956-01-16 00:00:00,2,1.8891292,0.995045,2.0026383,0.49686706
1956-01-16 00:00:00,3,1.0335329,1.0004259,1.9943855,0.5016211
1956-01-16 00:00:00,4,0.3044563,1.0011392,2.0071847,0.49877778
1956-01-16 00:00:00,5,0.7104217,0.9979657,2.0039454,0.49800044
1956-01-16 00:00:00,6,0.033345763,1.0019053,2.0003092,0.50087523
1956-01-16 00:00:00,7,0.775441,1.0026913,2.0050488,0.5000832
1956-01-16 00:00:00,8,0.26948127,1.0034024,2.0089474,0.49946672
1956-01-16 00:00:00,9,0.21596496,0.9980943,2.0111763,0.4962739
1956-01-16 00:00:00,10,0.040874057,0.9956898,2.000081,0.49782473
1956-01-16 00:00:00,11,1.3767377,0.999128,2.001677,0.49914545
1956-02-15 00:00:00,0,0.4443284,1.003734,1.9996439,0.50195634
1956-02-15 00:00:00,1,1.5657197,1.0003582,2.0012794,0.49985936
1956-02-15 00:00:00,2,0.29034722,0.99527454,2.0017014,0.49721432
1956-02-15 00:00:00,3,1.7953323,0.99969476,1.9957284,0.50091726
1956-02-15 00:00:00,4,0.63096464,1.0007198,2.0087256,0.49818638
1956-02-15 00:00:00,5,0.70205706,0.99723256,2.0034828,0.4977495
1956-02-15 00:00:00,6,0.08070264,1.0021627,2.0005426,0.50094545
1956-02-15 00:00:00,7,0.69572246,1.0022162,2.0055654,0.49971753
1956-02-15 00:00:00,8,0.26019552,1.0027964,2.007984,0.4994046
1956-02-15 00:00:00,9,0.7842863,0.9985387,2.010842,0.49657738
1956-02-15 00:00:00,10,1.7271026,0.99572146,2.000394,0.49776265
1956-02-15 00:00:00,11,0.56319803,0.9987574,2.0013828,0.49903366
1956-03-16 00:00:00,0,0.12937923,0.9973946,2.0045395,0.49756795
1956-03-16 00:00:00,1,1.5080199,0.99767077,2.0075839,0.49695098
1956-03-16 00:00:00,2,0.90841055,1.0002223,2.004352,0.49902526
1956-03-16 00:00:00,3,0.28370535,0.99863696,2.00225,0.4987574
1956-03-16 00:00:00,4,0.20371315,1.0028079,2.0065775,0.49976033
1956-03-16 00:00:00,5,0.45642474,0.9980937,2.0023127,0.49847046
1956-03-16 00:00:00,6,0.24398279,0.99653107,2.0051844,0.49697727
1956-03-16 00:00:00,7,0.43952218,0.99925095,2.0044534,0.49851543
1956-03-16 00:00:00,8,0.043641366,1.0004245,2.001069,0.499945
1956-03-16 00:00:00,9,0.27111602,0.9997313,2.0078025,0.49792314
1956-03-16 00:00:00,10,0.25427827,0.9996199,2.0059712,0.49832216
1956-03-16 00:00:00,11,0.08507034,0.999291,2.0013871,0.4992992
1956-04-15 12:00:00,0,0.5874276,1.0035974,1.9998049,0.5018477
1956-04-15 12:00:00,1,0.11687926,1.0003443,2.0014737,0.49980387
1956-04-15 12:00:00,2,0.3491064,0.9953111,2.0019052,0.49718192
1956-04-15 12:00:00,3,0.45066422,0.99979985,1.9956214,0.50099677
1956-04-15 12:00:00,4,0.32301718,1.0008173,2.0084782,0.49829632
1956-04-15 12:00:00,5,1.2006472,0.9973714,2.0035493,0.49780226
1956-04-15 12:00:00,6,1.1385185,1.0020529,2.000598,0.5008767
1956-04-15 12:00:00,7,0.26973405,1.0022637,2.0054812,0.49976218
1956-04-15 12:00:00,8,0.35118344,1.0028591,2.0080552,0.4994181
1956-04-15 12:00:00,9,0.06028224,0.9984958,2.010874,0.49654818
1956-04-15 12:00:00,10,0.025758257,0.9957875,2.0004148,0.4977905
1956-04-15 12:00:00,11,0.043542687,0.9988222,2.0014446,0.49905065
1956-05-16 00:00:00,0,0.37178546,1.0034289,1.9997362,0.5017806
1956-05-16 00:00:00,1,1.0616168,0.99992996,2.0012913,0.4996424
1956-05-16 00:00:00,2,0.16362163,0.9960512,2.0009177,0.4977972
1956-05-16 00:00:00,3,0.33549428,0.9987884,1.9979665,0.4999025
1956-05-16 00:00:00,4,0.063290276,1.0005293,2.0100822,0.4977554
1956-05-16 00:00:00,5,0.1369959,0.9965223,2.0028667,0.49754798
1956-05-16 00:00:00,6,0.33352888,1.0018688,2.0012636,0.5006181
1956-05-16 00:00:00,7,0.04821522,1.0013112,2.0059986,0.49915847
1956-05-16 00:00:00,8,2.304259,1.001909,2.0061269,0.49942455
1956-05-16 00:00:00,9,0.20067927,0.9990979,2.010069,0.4970466
1956-05-16 00:00:00,10,0.15748556,0.99620163,2.0014472,0.49774066
1956-05-16 00:00:00,11,0.047102656,0.9984704,2.001147,0.49894905
1956-06-15 12:00:00,0,0.26255265,0.98923355,1.9883113,0.4975245
1956-06-15 12:00:00,1,0.17262627,0.9966546,2.0000806,0.49830723
1956-06-15 12:00:00,2,0.33279255,0.9977062,1.9915544,0.5009686
1956-06-15 12:00:00,3,0.18875624,0.99413425,1.9808375,0.50187576
1956-06-15 12:00:00,4,0.061640035,0.99570453,1.997902,0.49837506
1956-06-15 12:00:00,5,1.4462867,0.9916045,1.9897324,0.49836075
1956-06-15 12:00:00,6,1.0200434,0.987267,1.9894521,0.49625072
1956-06-15 12:00:00,7,0.82291144,0.9955434,1.9958055,0.49881786
1956-06-15 12:00:00,8,0.16352624,0.99814904,1.9918237,0.5011232
1956-06-15 12:00:00,9,0.6740678,0.9970031,1.9980242,0.4989945
1956-06-15 12:00:00,10,1.1553522,0.990978,1.9897237,0.49804804
1956-06-15 12:00:00,11,0.124776706,0.9945064,1.982552,0.5016294
1956-07-16 00:00:00,0,0.08739032,0.9969637,2.0053306,0.49715677
1956-07-16 00:00:00,1,0.10264191,0.99772114,2.0089622,0.4966351
1956-07-16 00:00:00,2,0.12814875,1.0005587,2.004605,0.4991301
1956-07-16 00:00:00,3,0.03115194,0.99822557,2.0017319,0.49868095
1956-07-16 00:00:00,4,0.40488565,1.0020709,2.008239,0.4989799
1956-07-16 00:00:00,5,0.5580566,0.997923,2.001734,0.4985293
1956-07-16 00:00:00,6,0.32278806,0.9958944,2.0058672,0.49649066
1956-07-16 00:00:00,7,0.15780425,0.9998507,2.0046637,0.4987623
1956-07-16 00:00:00,8,0.4558201,0.9997327,2.0011528,0.4995784
1956-07-16 00:00:00,9,0.5355257,1.0006571,2.0085316,0.4982033
1956-07-16 00:00:00,10,0.48266587,0.9995557,2.0043433,0.49869487
1956-07-16 00:00:00,11,0.039590172,0.9983616,1.9999894,0.49918345
1956-08-16 00:00:00,0,0.11791331,0.9904378,1.9919935,0.49720934
1956-08-16 00:00:00,1,0.023947034,0.99688596,2.0025508,0.49780807
1956-08-16 00:00:00,2,0.16811985,0.9983446,1.9944868,0.5005521
1956-08-16 00:00:00,3,0.0035487195,0.9949883,1.9843086,0.5014282
1956-08-16 00:00:00,4,0.6933336,0.9967594,2.00005,0.49836722
1956-08-16 00:00:00,5,0.20256294,0.9929697,1.9920021,0.49847823
1956-08-16 00:00:00,6,0.38418964,0.9885692,1.9928898,0.49604812
1956-08-16 00:00:00,7,0.039887056,0.99673414,1.9973998,0.49901584
1956-08-16 00:00:00,8,0.79589736,0.99833065,1.9939573,0.50067806
1956-08-16 00:00:00,9,0.06250427,0.997972,2.000389,0.49888894
1956-08-16 00:00:00,10,0.018850803,0.99258643,1.9918658,0.49831995
1956-08-16 00:00:00,11,0.24894561,0.99500746,1.9853792,0.5011675
1956-09-15 12:00:00,0,0.47541812,0.99617046,2.0053236,0.49676293
1956-09-15 12:00:00,1,0.90621215,0.9977357,2.0096173,0.49648044
1956-09-15 12:00:00,2,0.15287916,1.0005125,2.0049314,0.4990258
1956-09-15 12:00:00,3,0.43111724,0.99841005,1.9999954,0.4992062
1956-09-15 12:00:00,4,0.040390108,1.0019162,2.007338,0.4991268
1956-09-15 12:00:00,5,2.0076942,0.9981595,2.0013947,0.49873197
1956-09-15 12:00:00,6,0.7051537,0.99506044,2.0054321,0.49618256
1956-09-15 12:00:00,7,0.43849134,1.0001706,2.0040534,0.49907383
1956-09-15 12:00:00,8,0.10651135,0.9998106,2.0013766,0.49956143
1956-09-15 12:00:00,9,0.15500179,1.0005629,2.0085857,0.498143
1956-09-15 12:00:00,10,0.49831223,0.999265,2.0031507,0.49884665
1956-09-15 12:00:00,11,1.3404909,0.9981649,1.9990778,0.49931267
1956-10-16 00:00:00,0,0.2840575,1.0038179,1.9995538,0.50202096
1956-10-16 00:00:00,1,0.13252439,1.0002352,2.0010998,0.49984273
1956-10-16 00:00:00,2,1.2279518,0.9955188,2.0011938,0.49746248
1956-10-16 00:00:00,3,0.104733795,0.99922925,1.9967021,0.5004398
1956-10-16 00:00:00,4,0.4329682,1.0005101,2.0096421,0.49785486
1956-10-16 00:00:00,5,0.20238204,0.99680984,2.003185,0.49761248
1956-10-16 00:00:00,6,0.75936526,1.0022162,2.0008013,0.5009074
1956-10-16 00:00:00,7,0.5777592,1.0018715,2.0058699,0.49946982
1956-10-16 00:00:00,8,1.0186092,1.002379,2.007262,0.49937624
1956-10-16 00:00:00,9,0.34096453,0.9988406,2.010588,0.4967903
1956-10-16 00:00:00,10,0.101068616,0.9958362,2.000702,0.49774343
1956-10-16 00:00:00,11,0.1587574,0.99854445,2.0012217,0.49896744
1956-11-15 12:00:00,0,0.046113703,0.9923867,1.9985765,0.49654678
1956-11-15 12:00:00,1,0.051910717,0.9970662,2.0067477,0.49685678
1956-11-15 12:00:00,2,0.31201565,0.99975723,1.9999137,0.4999002
1956-11-15 12:00:00,3,0.1469986,0.996585,1.9915264,0.50041264
1956-11-15 12:00:00,4,0.87186193,0.99928546,2.003085,0.49887323
1956-11-15 12:00:00,5,0.016537307,0.99554867,1.9962423,0.49871135
1956-11-15 12:00:00,6,0.14564808,0.9907642,1.9989438,0.49564385
1956-11-15 12:00:00,7,0.026866369,0.99834955,2.0002627,0.4991092
1956-11-15 12:00:00,8,0.46546426,0.99882674,1.997153,0.5001253
1956-11-15 12:00:00,9,0.2499421,0.9993108,2.0042453,0.49859706
1956-11-15 12:00:00,10,0.659009,0.99570364,1.9973018,0.49852437
1956-11-15 12:00:00,11,0.8425287,0.99634767,1.9913833,0.50032943
1956-12-16 00:00:00,0,0.41857412,0.99905723,2.0026655,0.49886376
1956-12-16 00:00:00,1,0.19513683,0.99813193,2.0051425,0.49778605
1956-12-16 00:00:00,2,0.07396743,0.99911636,2.0028937,0.49883643
1956-12-16 00:00:00,3,0.46653157,0.9985331,2.001689,0.4988453
1956-12-16 00:00:00,4,0.11890868,1.0023501,2.0070896,0.49940476
1956-12-16 00:00:00,5,0.2151804,0.99743706,2.0023868,0.49812406
1956-12-16 00:00:00,6,0.48210263,0.9980781,2.0038192,0.4980879
1956-12-16 00:00:00,7,0.6246928,0.99923134,2.0048018,0.49841902
1956-12-16 00:00:00,8,0.22898962,1.0008461,2.0017662,0.49998155
1956-12-16 00:00:00,9,0.55033934,0.9992822,2.0077338,0.49771646
1956-12-16 00:00:00,10,1.8097911,0.99872905,2.0055516,0.49798223
1956-12-16 00:00:00,11,0.43064624,0.9993358,2.001611,0.49926576
1957-01-16 00:00:00,0,0.28407475,1.0037764,1.9997206,0.5019584
1957-01-16 00:00:00,1,0.287401,1.0004586,2.0013735,0.499886
1957-01-16 00:00:00,2,2.1306543,0.9951187,2.001956,0.4970732
1957-01-16 00:00:00,3,0.863444,0.9999229,1.9952172,0.5011599
1957-01-16 00:00:00,4,0.05923761,1.0007777,2.0084276,0.49828917
1957-01-16 00:00:00,5,0.9387672,0.9974358,2.0036447,0.49781072
1957-01-16 00:00:00,6,0.5892206,1.0022091,2.0004418,0.50099385
1957-01-16 00:00:00,7,0.23975034,1.0024596,2.0054717,0.49986228
1957-01-16 00:00:00,8,0.2520005,1.0029998,2.008444,0.49939144
1957-01-16 00:00:00,9,0.227117,0.9984324,2.0110674,0.4964689
1957-01-16 00:00:00,10,0.662937,0.99564767,2.000134,0.4977905
1957-01-16 00:00:00,11,1.654196,0.9988207,2.001452,0.49904805
1957-02-14 12:00:00,0,0.005398474,1.0037385,1.9996064,0.501968
1957-02-14 12:00:00,1,0.0916122,1.0003432,2.0012374,0.49986234
1957-02-14 12:00:00,2,0.11677098,0.99529207,2.0016391,0.49723852
1957-02-14 12:00:00,3,0.86542225,0.99965185,1.9958097,0.50087535
1957-02-14 12:00:00,4,0.74311924,1.000704,2.008778,0.49816555
1957-02-14 12:00:00,5,0.18991163,0.9971879,2.003451,0.49773508
1957-02-14 12:00:00,6,0.53931874,1.0021644,2.0005424,0.50094634
1957-02-14 12:00:00,7,0.77949923,1.0021701,2.0055816,0.4996905
1957-02-14 12:00:00,8,0.73630935,1.002763,2.0079043,0.4994078
1957-02-14 12:00:00,9,0.012693772,0.9985519,2.0107968,0.49659514
1957-02-14 12:00:00,10,0.28783345,0.99572265,2.0004365,0.49775267
1957-02-14 12:00:00,11,0.050320037,0.9987457,2.0013666,0.49903184
1957-03-16 00:00:00,0,0.60070145,1.0036275,1.9996852,0.50189275
1957-03-16 00:00:00,1,0.050055716,1.0003339,2.0013535,0.4998287
1957-03-16 00:00:00,2,0.41272938,0.995298,2.0017958,0.49720258
1957-03-16 00:00:00,3,1.0487262,0.9997559,1.9956625,0.50096446
1957-03-16 00:00:00,4,0.29985258,1.0007937,2.008494,0.49828067
1957-03-16 00:00:00,5,0.5982335,0.997306,2.0035114,0.49777904
1957-03-16 00:00:00,6,0.23996581,1.0020746,2.0005324,0.50090396
1957-03-16 00:00:00,7,0.08909404,1.002203,2.0054846,0.4997311
1957-03-16 00:00:00,8,0.31944266,1.0028409,2.0079784,0.49942812
1957-03-16 00:00:00,9,0.0054089543,0.99848133,2.010802,0.49655876
1957-03-16 00:00:00,10,0.24470468,0.99575025,2.0004556,0.49776173
1957-03-16 00:00:00,11,0.20366731,0.99881756,2.001419,0.4990547
1957-04-15 12:00:00,0,0.869663,1.0034608,1.9996698,0.50181323
1957-04-15 12:00:00,1,0.3411002,1.0000631,2.0012844,0.49971062
1957-04-15 12:00:00,2,0.037372924,0.99577093,2.0012403,0.4975769
1957-04-15 12:00:00,3,1.2883068,0.99916524,1.997079,0.50031334
1957-04-15 12:00:00,4,0.10714253,1.0006596,2.0093522,0.4980011
1957-04-15 12:00:00,5,0.28317484,0.996824,2.0031056,0.49763927
1957-04-15 12:00:00,6,2.4016342,1.0019099,2.0009408,0.50071937
1957-04-15 12:00:00,7,0.58384067,1.0016046,2.0057583,0.49936453
1957-04-15 12:00:00,8,0.4872459,1.0022786,2.006779,0.49944642
1957-04-15 12:00:00,9,0.42489064,0.9988206,2.010279,0.49685672
1957-04-15 12:00:00,10,0.10964682,0.99602634,2.0011325,0.49773133
1957-04-15 12:00:00,11,0.92779404,0.99863595,2.001259,0.49900383
1957-05-16 00:00:00,0,0.4011551,1.003839,1.9997706,0.5019771
1957-05-16 00:00:00,1,0.051044077,1.0005382,2.0014262,0.49991262
1957-05-16 00:00:00,2,0.18450527,0.99500245,2.0021136,0.49697602
1957-05-16 00:00:00,3,0.40717235,1.0000672,1.9948757,0.5013181
1957-05-16 00:00:00,4,0.33741558,1.000796,2.0082936,0.4983315
1957-05-16 00:00:00,5,0.14373606,0.9975604,2.0037525,0.49784613
1957-05-16 00:00:00,6,0.15932533,1.0022688,2.00038,0.5010392
1957-05-16 00:00:00,7,0.23967968,1.002641,2.0054324,0.49996248
1957-05-16 00:00:00,8,1.3175808,1.0031297,2.008777,0.49937338
1957-05-16 00:00:00,9,0.36620536,0.998378,2.0112457,0.49639782
1957-05-16 00:00:00,10,0.46463168,0.99558955,1.9999268,0.497813
1957-05-16 00:00:00,11,0.7308359,0.99884576,2.0014904,0.499051
1957-06-15 12:00:00,0,2.1648657,0.9942605,2.0030115,0.49638283
1957-06-15 12:00:00,1,1.5184357,0.9974309,2.0091748,0.4964381
1957-06-15 12:00:00,2,0.001033125,1.0003533,2.0034392,0.49931803
1957-06-15 12:00:00,3,0.1828478,0.9978125,1.9961857,0.49985957
1957-06-15 12:00:00,4,0.18093593,1.0009077,2.0053902,0.4991087
1957-06-15 12:00:00,5,0.24547003,0.9973513,1.999335,0.4988415
1957-06-15 12:00:00,6,0.19824335,0.9928925,2.003004,0.4957017
1957-06-15 12:00:00,7,0.95233184,0.9996761,2.0023594,0.4992491
1957-06-15 12:00:00,8,0.18984655,0.9993944,1.9998739,0.4997287
1957-06-15 12:00:00,9,0.7254439,1.0001569,2.0070846,0.49831325
1957-06-15 12:00:00,10,0.03606868,0.9978424,2.0005524,0.4987834
1957-06-15 12:00:00,11,0.14671105,0.9973441,1.9957447,0.4997353
1957-07-16 00:00:00,0,0.462009,0.993332,2.0003147,0.49658787
1957-07-16 00:00:00,1,1.0971587,0.9974656,2.0077934,0.49679694
1957-07-16 00:00:00,2,0.1883473,0.9996586,2.0013516,0.49949175
1957-07-16 00:00:00,3,0.53505594,0.9971956,1.9923165,0.5005207
1957-07-16 00:00:00,4,0.0131325405,0.99960506,2.004241,0.49874493
1957-07-16 00:00:00,5,0.14232728,0.9963275,1.9974594,0.4987974
1957-07-16 00:00:00,6,0.2300942,0.99176544,2.0003932,0.49578527
1957-07-16 00:00:00,7,0.31640658,0.9993693,2.0010667,0.4994183
1957-07-16 00:00:00,8,0.31264767,0.9991618,1.998968,0.4998388
1957-07-16 00:00:00,9,0.40039358,0.99973845,2.0058017,0.49842337
1957-07-16 00:00:00,10,0.26886442,0.9962995,1.997436,0.4987892
1957-07-16 00:00:00,11,0.6597519,0.99653095,1.99268,0.50009584
1957-08-16 00:00:00,0,0.448858,0.9910479,1.9932617,0.4971991
1957-08-16 00:00:00,1,0.38305247,0.997058,2.0033262,0.49770126
1957-08-16 00:00:00,2,0.20805712,0.9984648,1.9955257,0.5003518
1957-08-16 00:00:00,3,0.30754545,0.99530673,1.985474,0.50129426
1957-08-16 00:00:00,4,0.100854985,0.9971036,2.00096,0.49831256
1957-08-16 00:00:00,5,0.025337001,0.9934567,1.9928634,0.49850717
1957-08-16 00:00:00,6,1.0882913,0.9891908,1.9940493,0.4960714
1957-08-16 00:00:00,7,1.4022721,0.99725145,1.9980811,0.4991046
1957-08-16 00:00:00,8,0.9301922,0.9984623,1.9949131,0.5005042
1957-08-16 00:00:00,9,2.1002817,0.99831116,2.0013828,0.4988107
1957-08-16 00:00:00,10,0.38771188,0.9930883,1.9925406,0.49840304
1957-08-16 00:00:00,11,0.66492295,0.9951702,1.9864718,0.50097376
1957-09-15 12:00:00,0,1.3043638,1.002279,2.0005202,0.5010092
1957-09-15 12:00:00,1,0.186816,0.9995276,2.002325,0.49918348
1957-09-15 12:00:00,2,0.3356548,0.996715,2.0016458,0.49794775
1957-09-15 12:00:00,3,0.23292944,0.9989465,1.9984895,0.49985075
1957-09-15 12:00:00,4,0.17186256,1.0011103,2.0088563,0.49834839
1957-09-15 12:00:00,5,0.03312122,0.99695814,2.0028934,0.49775895
1957-09-15 12:00:00,6,0.0641371,1.0008953,2.0017898,0.5000002
1957-09-15 12:00:00,7,0.32705668,1.0009191,2.0055501,0.49907458
1957-09-15 12:00:00,8,0.016078554,1.0018481,2.005334,0.49959168
1957-09-15 12:00:00,9,0.15025781,0.998983,2.0095649,0.4971141
1957-09-15 12:00:00,10,0.27076998,0.9968119,2.0023875,0.4978117
1957-09-15 12:00:00,11,0.23949827,0.9988175,2.0013838,0.49906346
1957-10-16 00:00:00,0,0.19162215,1.0031664,2.0001347,0.5015494
1957-10-16 00:00:00,1,0.6319339,1.0003614,2.0019703,0.49968845
1957-10-16 00:00:00,2,0.51101875,0.99523675,2.0026758,0.49695352
1957-10-16 00:00:00,3,0.2719967,1.0003597,1.9947062,0.5015073
1957-10-16 00:00:00,4,0.053169392,1.0012217,2.007104,0.49883896
1957-10-16 00:00:00,5,0.5902317,0.9979661,2.0038857,0.49801546
1957-10-16 00:00:00,6,0.12922926,1.0017102,2.0004668,0.5007382
1957-10-16 00:00:00,7,0.1598217,1.0025246,2.0050142,0.50000876
1957-10-16 00:00:00,8,1.045238,1.0033035,2.008614,0.4995004
1957-10-16 00:00:00,9,0.089276396,0.99812645,2.0110016,0.496333
1957-10-16 00:00:00,10,0.95055217,0.9958442,2.000356,0.4978335
1957-10-16 00:00:00,11,0.6535213,0.99916255,2.0016975,0.4991576
1957-11-15 12:00:00,0,1.1774528,1.0036702,1.999599,0.5019358
1957-11-15 12:00:00,1,0.030527405,1.0000546,2.0011208,0.49974725
1957-11-15 12:00:00,2,0.32664618,0.9958409,2.0008943,0.49769792
1957-11-15 12:00:00,3,0.04601567,0.99887276,1.9976008,0.50003624
1957-11-15 12:00:00,4,2.251348,1.0004483,2.0101445,0.4976997
1957-11-15 12:00:00,5,3.200987,0.9965356,2.0029395,0.49753654
1957-11-15 12:00:00,6,0.95798206,1.0020764,2.0010927,0.5007646
1957-11-15 12:00:00,7,0.49800247,1.001499,2.0060284,0.4992447
1957-11-15 12:00:00,8,0.1426497,1.0020261,2.0065024,0.49938944
1957-11-15 12:00:00,9,0.88978267,0.9990563,2.0102632,0.49697784
1957-11-15 12:00:00,10,1.1821942,0.99603724,2.0011458,0.49773347
1957-11-15 12:00:00,11,0.22668098,0.9984402,2.0011322,0.49893764
1957-12-16 00:00:00,0,1.0182961,1.0038992,1.999566,0.50205857
1957-12-16 00:00:00,1,0.34052384,1.0004238,2.0011659,0.4999205
1957-12-16 00:00:00,2,1.0400823,0.9951767,2.001631,0.49718288
1957-12-16 00:00:00,3,0.87231433,0.9996875,1.9956282,0.5009387
1957-12-16 00:00:00,4,0.84592706,1.0006385,2.0089061,0.49810117
1957-12-16 00:00:00,5,1.4412267,0.9971899,2.0034926,0.49772575
1957-12-16 00:00:00,6,0.3758373,1.0023026,2.000484,0.5010301
1957-12-16 00:00:00,7,0.582947,1.0023004,2.0056317,0.49974298
1957-12-16 00:00:00,8,0.35305047,1.0028125,2.0081367,0.4993746
1957-12-16 00:00:00,9,0.4355397,0.9985617,2.0109472,0.49656284
1957-12-16 00:00:00,10,0.5021194,0.99563855,2.000233,0.4977613
1957-12-16 00:00:00,11,0.017455757,0.99870473,2.0013523,0.49901494
1958-01-16 00:00:00,0,0.12346757,1.0034946,1.999823,0.5017917
1958-01-16 00:00:00,1,0.36689335,1.0003623,2.0015485,0.49979416
1958-01-16 00:00:00,2,0.1754421,0.9952422,2.0021124,0.49709606
1958-01-16 00:00:00,3,0.04133286,0.99999064,1.9952527,0.50118494
1958-01-16 00:00:00,4,1.9524125,1.000939,2.007986,0.49847907
1958-01-16 00:00:00,5,0.07008475,0.9975492,2.0036592,0.49786368
1958-01-16 00:00:00,6,0.030654857,1.0019717,2.0004768,0.5008665
1958-01-16 00:00:00,7,0.37030578,1.0023474,2.0053136,0.49984568
1958-01-16 00:00:00,8,1.1203939,1.0030298,2.0082672,0.4994504
1958-01-16 00:00:00,9,0.17306322,0.99834156,2.0109007,0.49646488
1958-01-16 00:00:00,10,0.71951246,0.9957571,2.0003755,0.4977851
1958-01-16 00:00:00,11,0.4379567,0.99894106,2.0015182,0.49909166
1958-02-14 12:00:00,0,0.11946705,1.0018435,2.0011265,0.50063974
1958-02-14 12:00:00,1,0.03104943,1.0003754,2.0034592,0.49932405
1958-02-14 12:00:00,2,0.24834679,0.99507767,2.0049248,0.4963167
1958-02-14 12:00:00,3,1.6030161,1.0019686,1.9921397,0.50296104
1958-02-14 12:00:00,4,1.7424656,1.002424,2.003075,0.5004426
1958-02-14 12:00:00,5,0.8085775,0.99969536,2.0048447,0.49863982
1958-02-14 12:00:00,6,0.156946,1.000653,2.0001256,0.5002951
1958-02-14 12:00:00,7,0.0015004898,1.0032293,2.0036416,0.500703
1958-02-14 12:00:00,8,0.18875864,1.0045675,2.0101345,0.4997514
1958-02-14 12:00:00,9,0.15905021,0.9970582,2.0113132,0.49572498
1958-02-14 12:00:00,10,0.53539056,0.9960523,2.0002732,0.49795812
1958-02-14 12:00:00,11,0.21310654,1.0001653,2.0024393,0.4994735
1958-03-16 00:00:00,0,0.04578842,1.0029385,2.0002823,0.5013985
1958-03-16 00:00:00,1,0.71837455,1.0004199,2.0022364,0.49965122
1958-03-16 00:00:00,2,1.1703157,0.9950883,2.003221,0.49674413
1958-03-16 00:00:00,3,0.23796372,1.0008124,1.9938594,0.50194734
1958-03-16 00:00:00,4,0.4905866,1.0014955,2.0060575,0.4992357
1958-03-16 00:00:00,5,1.7271118,0.9984077,2.0041611,0.4981674
1958-03-16 00:00:00,6,0.24593528,1.0015335,2.000264,0.50070065
1958-03-16 00:00:00,7,1.2019266,1.002777,2.0046606,0.5002228
1958-03-16 00:00:00,8,0.014875374,1.0036905,2.0091677,0.49955535
1958-03-16 00:00:00,9,0.76354223,0.99781305,2.0111463,0.49614146
1958-03-16 00:00:00,10,4.737557,0.99580437,2.0002081,0.4978504
1958-03-16 00:00:00,11,0.06770573,0.9994149,2.0018775,0.4992388
1958-04-15 12:00:00,0,1.7907937,1.0033342,2.0000658,0.5016506
1958-04-15 12:00:00,1,1.2000828,1.0004753,2.001889,0.4997656
1958-04-15 12:00:00,2,0.2763941,0.9950471,2.0027463,0.4968413
1958-04-15 12:00:00,3,1.1363589,1.000493,1.9942908,0.5016786
1958-04-15 12:00:00,4,0.28921673,1.0011905,2.0070324,0.49884126
1958-04-15 12:00:00,5,0.1412039,0.99804384,2.0039878,0.4980289
1958-04-15 12:00:00,6,0.62285185,1.0018572,2.0003161,0.5008494
1958-04-15 12:00:00,7,0.3359564,1.0027268,2.0049973,0.5001138
1958-04-15 12:00:00,8,0.34777403,1.0034502,2.0090122,0.49947438
1958-04-15 12:00:00,9,0.81500185,0.9980596,2.0112002,0.49625075
1958-04-15 12:00:00,10,0.7661002,0.9957101,2.0000753,0.4978363
1958-04-15 12:00:00,11,0.5542483,0.9991666,2.0017107,0.49915636
1958-05-16 00:00:00,0,0.15165754,1.001636,2.0005805,0.5006727
1958-05-16 00:00:00,1,0.5393537,0.999137,2.002498,0.49894533
1958-05-16 00:00:00,2,0.40073934,0.9972751,2.0014546,0.49827516
1958-05-16 00:00:00,3,0.50957334,0.9986226,1.999581,0.49941593
1958-05-16 00:00:00,4,0.29553738,1.00131,2.0085957,0.49851248
1958-05-16 00:00:00,5,2.3140671,0.9967764,2.0025973,0.4977418
1958-05-16 00:00:00,6,0.13308392,1.000329,2.0020676,0.49964797
1958-05-16 00:00:00,7,0.6380516,1.0002192,2.0054286,0.49875584
1958-05-16 00:00:00,8,0.26335785,1.0014956,2.0040698,0.49973089
1958-05-16 00:00:00,9,0.08144114,0.9990242,2.0087986,0.49732423
1958-05-16 00:00:00,10,0.076708324,0.9971734,2.0033782,0.497746
1958-05-16 00:00:00,11,0.76599216,0.99891996,2.0013702,0.49911803
1958-06-15 12:00:00,0,0.10863384,0.9999965,2.0029197,0.4992694
1958-06-15 12:00:00,1,0.670003,0.9988308,2.0052319,0.49811238
1958-06-15 12:00:00,2,0.34195212,0.9981721,2.0036356,0.49818045
1958-06-15 12:00:00,3,0.42666814,0.99930644,1.9995418,0.49976772
1958-06-15 12:00:00,4,0.17296755,1.0021496,2.0072138,0.49927396
1958-06-15 12:00:00,5,0.1480829,0.99802846,2.003055,0.49825314
1958-06-15 12:00:00,6,1.7081501,0.9989308,2.0034769,0.49859864
1958-06-15 12:00:00,7,0.011554697,1.0006219,2.0049105,0.49908558
1958-06-15 12:00:00,8,0.574191,1.0015877,2.0042226,0.49973878
1958-06-15 12:00:00,9,0.05706513,0.9991679,2.0092382,0.49728695
1958-06-15 12:00:00,10,1.0156513,0.99821997,2.0037458,0.49817696
1958-06-15 12:00:00,11,1.5030656,0.9992479,2.0017579,0.4991852
1958-07-16 00:00:00,0,0.17956407,0.9991618,2.003951,0.4985959
1958-07-16 00:00:00,1,0.11924079,0.99836403,2.006462,0.49757433
1958-07-16 00:00:00,2,0.1251967,0.99925,2.003687,0.49870566
1958-07-16 00:00:00,3,0.108877674,0.9985775,2.0015166,0.49891043
1958-07-16 00:00:00,4,0.70912254,1.0020353,2.008565,0.4988812
1958-07-16 00:00:00,5,0.84873694,0.9977124,2.0025165,0.4982293
1958-07-16 00:00:00,6,0.32256067,0.99810374,2.0047956,0.4978581
1958-07-16 00:00:00,7,0.09457598,1.0001042,2.005249,0.49874315
1958-07-16 00:00:00,8,0.8878505,1.0006084,2.0026462,0.49964315
1958-07-16 00:00:00,9,0.1764171,1.0000012,2.008917,0.49778122
1958-07-16 00:00:00,10,0.39908138,0.9989513,2.00444,0.49836925
1958-07-16 00:00:00,11,0.07277238,0.99882543,2.0013134,0.49908495
1958-08-16 00:00:00,0,0.09396977,0.9983396,2.0048647,0.4979586
1958-08-16 00:00:00,1,0.8622917,0.99823064,2.0078108,0.49717364
1958-08-16 00:00:00,2,0.21699561,0.99967164,2.004509,0.49871147
1958-08-16 00:00:00,3,0.25790912,0.99869823,2.0012002,0.49904963
1958-08-16 00:00:00,4,0.1388472,1.0021232,2.0083337,0.49898243
1958-08-16 00:00:00,5,0.97641104,0.99808764,2.0024488,0.49843353
1958-08-16 00:00:00,6,0.55220145,0.9972823,2.0053563,0.4973093
1958-08-16 00:00:00,7,0.0035377305,1.0003662,2.0050116,0.4989329
1958-08-16 00:00:00,8,0.08135448,1.0004404,2.0026438,0.49955982
1958-08-16 00:00:00,9,0.2832293,1.0002642,2.009178,0.49784747
1958-08-16 00:00:00,10,0.3581973,0.99921787,2.0041099,0.4985844
1958-08-16 00:00:00,11,0.33611724,0.9986737,2.0009224,0.49910665
1958-09-15 12:00:00,0,0.086261146,0.9969861,2.005039,0.49724025
1958-09-15 12:00:00,1,1.1919222,0.99758965,2.0083783,0.49671403
1958-09-15 12:00:00,2,0.062488567,1.0005525,2.0045536,0.49913985
1958-09-15 12:00:00,3,0.44881293,0.99841475,2.002308,0.49863198
1958-09-15 12:00:00,4,0.6488692,1.0025879,2.0072036,0.49949488
1958-09-15 12:00:00,5,1.2489357,0.9980468,2.0020194,0.49852005
1958-09-15 12:00:00,6,1.8242347,0.9960538,2.0056236,0.4966305
1958-09-15 12:00:00,7,0.00513877,0.9993814,2.0045164,0.49856487
1958-09-15 12:00:00,8,0.008785112,1.0000467,2.000827,0.4998167
1958-09-15 12:00:00,9,1.1269115,1.0001566,2.0080028,0.4980853
1958-09-15 12:00:00,10,0.21925746,0.9997266,2.0055425,0.49848187
1958-09-15 12:00:00,11,0.02324875,0.9989185,2.000827,0.49925277
1958-10-16 00:00:00,0,0.49367628,0.9885282,1.986131,0.4977155
1958-10-16 00:00:00,1,0.36256087,0.9964465,1.9985764,0.49857813
1958-10-16 00:00:00,2,0.40909514,0.99739814,1.9897027,0.50128
1958-10-16 00:00:00,3,0.55617785,0.9935709,1.9790436,0.502046
1958-10-16 00:00:00,4,0.45249084,0.9950559,1.9967419,0.49833977
1958-10-16 00:00:00,5,1.3571677,0.9907146,1.9883722,0.4982541
1958-10-16 00:00:00,6,1.2748973,0.98652554,1.9875438,0.4963541
1958-10-16 00:00:00,7,1.5077138,0.99473685,1.9948478,0.49865302
1958-10-16 00:00:00,8,0.4847701,0.9979376,1.9903897,0.501378
1958-10-16 00:00:00,9,0.0071961274,0.99648833,1.9964836,0.49912173
1958-10-16 00:00:00,10,0.0049434383,0.9901056,1.9885757,0.49789688
1958-10-16 00:00:00,11,1.5918173,0.9942081,1.9808347,0.5019137
1958-11-15 12:00:00,0,0.11450032,1.0007302,2.0015233,0.49998426
1958-11-15 12:00:00,1,0.32037607,0.99879056,2.0036075,0.49849612
1958-11-15 12:00:00,2,0.56304157,0.9979863,2.0020483,0.49848264
1958-11-15 12:00:00,3,0.48953247,0.99856704,2.0004597,0.49916878
1958-11-15 12:00:00,4,0.13936798,1.0016543,2.0083053,0.49875596
1958-11-15 12:00:00,5,0.0705333,0.99703074,2.0025358,0.4978841
1958-11-15 12:00:00,6,0.056905624,0.99954236,2.0028749,0.49905384
1958-11-15 12:00:00,7,1.1428925,0.9999338,2.0052948,0.49864677
1958-11-15 12:00:00,8,0.15286939,1.0012062,2.003282,0.49978292
1958-11-15 12:00:00,9,1.3238811,0.9992266,2.0085385,0.49748942
1958-11-15 12:00:00,10,1.1262599,0.99780774,2.0040991,0.49788344
1958-11-15 12:00:00,11,0.58455527,0.9990122,2.001464,0.49914074
1958-12-16 00:00:00,0,1.0642514,1.0015243,2.0006516,0.5005991
1958-12-16 00:00:00,1,0.577506,0.9990253,2.0025659,0.49887264
1958-12-16 00:00:00,2,0.038315576,0.99748427,2.001315,0.4984144
1958-12-16 00:00:00,3,0.447568,0.9984171,2.0001187,0.49917892
1958-12-16 00:00:00,4,1.0626545,1.0012794,2.008896,0.49842265
1958-12-16 00:00:00,5,0.32390782,0.99663,2.0024567,0.49770367
1958-12-16 00:00:00,6,0.3259147,1.0002215,2.0022736,0.49954286
1958-12-16 00:00:00,7,0.48075917,1.0000112,2.0055203,0.4986293
1958-12-16 00:00:00,8,0.77932113,1.0012794,2.0036252,0.49973387
1958-12-16 00:00:00,9,0.103353955,0.9991663,2.0086226,0.49743855
1958-12-16 00:00:00,10,1.2135302,0.99730766,2.0036392,0.4977481
1958-12-16 00:00:00,11,0.50127476,0.9988535,2.0013118,0.4990994
1959-01-16 00:00:00,0,0.23122929,1.0028063,2.0002744,0.50133437
1959-01-16 00:00:00,1,0.75934184,1.0003209,2.0022433,0.49960008
1959-01-16 00:00:00,2,0.060125735,0.9952327,2.0031195,0.4968414
1959-01-16 00:00:00,3,0.27142528,1.0006942,1.9941946,0.50180364
1959-01-16 00:00:00,4,0.24200372,1.0015194,2.0060806,0.49924186
1959-01-16 00:00:00,5,1.4349276,0.9983226,2.0040648,0.49814886
1959-01-16 00:00:00,6,0.9354222,1.0014158,2.0003417,0.5006224
1959-01-16 00:00:00,7,0.50426733,1.002582,2.0046606,0.5001255
1959-01-16 00:00:00,8,1.1126766,1.0035738,2.0088117,0.49958578
1959-01-16 00:00:00,9,0.51656306,0.9978463,2.0109427,0.49620822
1959-01-16 00:00:00,10,0.2923751,0.9958927,2.0004613,0.49783152
1959-01-16 00:00:00,11,0.7165253,0.99942017,2.0018597,0.49924588
1959-02-14 12:00:00,0,0.19726421,1.0031543,2.0001936,0.5015286
1959-02-14 12:00:00,1,0.19069247,1.0004754,2.0020847,0.49971682
1959-02-14 12:00:00,2,1.5798889,0.995026,2.0030453,0.4967566
1959-02-14 12:00:00,3,1.0993148,1.0007083,1.9939468,0.50187314
1959-02-14 12:00:00,4,0.07540188,1.0013531,2.0064843,0.49905854
1959-02-14 12:00:00,5,0.41497472,0.99827456,2.004115,0.49811238
1959-02-14 12:00:00,6,0.16454954,1.0017129,2.0002663,0.50078976
1959-02-14 12:00:00,7,0.0466117,1.0028173,2.0048103,0.5002056
1959-02-14 12:00:00,8,1.1328834,1.0036201,2.0092113,0.4995095
1959-02-14 12:00:00,9,0.10587739,0.9979134,2.011236,0.49616924
1959-02-14 12:00:00,10,0.21934183,0.9957369,2.0000691,0.49785122
1959-02-14 12:00:00,11,0.06775342,0.99930274,2.0018098,0.49919963
1959-03-16 00:00:00,0,0.57708895,1.0011626,2.0009456,0.50034475
1959-03-16 00:00:00,1,0.5757452,0.9989718,2.002968,0.49874574
1959-03-16 00:00:00,2,0.49297687,0.997564,2.0017726,0.4983403
1959-03-16 00:00:00,3,1.6658149,0.9986779,1.9998227,0.4993832
1959-03-16 00:00:00,4,0.67404395,1.0015376,2.0081556,0.49873504
1959-03-16 00:00:00,5,0.44339272,0.9969554,2.0026064,0.49782893
1959-03-16 00:00:00,6,0.13914311,0.99992406,2.0023267,0.49938107
1959-03-16 00:00:00,7,0.72549903,1.0000746,2.0052636,0.4987248
1959-03-16 00:00:00,8,0.6994399,1.0014503,2.0037491,0.49978825
1959-03-16 00:00:00,9,0.8696902,0.9990082,2.00862,0.49736047
1959-03-16 00:00:00,10,0.40079188,0.99743664,2.0037487,0.4977853
1959-03-16 00:00:00,11,0.097003765,0.9990425,2.001454,0.49915835
1959-04-15 12:00:00,0,0.052713487,0.9979905,2.0035992,0.49809888
1959-04-15 12:00:00,1,0.028725246,0.99774706,2.0063853,0.49728587
1959-04-15 12:00:00,2,0.7642882,0.99987715,2.0035498,0.4990528
1959-04-15 12:00:00,3,0.7994283,0.99847615,2.002414,0.49863622
1959-04-15 12:00:00,4,0.4031464,1.0026896,2.0066674,0.49967903
1959-04-15 12:00:00,5,0.22746655,0.99770457,2.0022566,0.49829006
1959-04-15 12:00:00,6,0.40115914,0.99710226,2.0045807,0.49741188
1959-04-15 12:00:00,7,0.2453903,0.9989505,2.0045745,0.49833542
1959-04-15 12:00:00,8,0.9845306,1.0005256,2.000926,0.5000313
1959-04-15 12:00:00,9,0.715821,0.99948704,2.0074525,0.49788827
1959-04-15 12:00:00,10,1.553456,0.999313,2.006218,0.49810788
1959-04-15 12:00:00,11,0.307795,0.99938637,2.0015514,0.49930587
1959-05-16 00:00:00,0,1.3525642,1.0025864,2.0006697,0.5011254
1959-05-16 00:00:00,1,0.32932448,0.9996828,2.0023825,0.49924666
1959-05-16 00:00:00,2,0.030235268,0.9965795,2.001699,0.49786684
1959-05-16 00:00:00,3,0.47133428,0.9989605,1.9983398,0.49989522
1959-05-16 00:00:00,4,0.25406832,1.0009465,2.0094182,0.49812752
1959-05-16 00:00:00,5,1.5447817,0.99696195,2.0029655,0.49774295
1959-05-16 00:00:00,6,0.117901474,1.0011619,2.0019026,0.5001052
1959-05-16 00:00:00,7,0.019065611,1.0012193,2.0057569,0.4991728
1959-05-16 00:00:00,8,0.96180224,1.0018501,2.0057616,0.49948615
1959-05-16 00:00:00,9,0.073122434,0.9991433,2.0099661,0.4970946
1959-05-16 00:00:00,10,0.37356743,0.996752,2.0019577,0.49788865
1959-05-16 00:00:00,11,0.54032904,0.99866396,2.0013492,0.49899536
1959-06-15 12:00:00,0,0.88528526,0.99381995,2.0019815,0.49641815
1959-06-15 12:00:00,1,0.6686134,0.99747705,2.008697,0.49657914
1959-06-15 12:00:00,2,1.5754095,1.0000947,2.002466,0.49943155
1959-06-15 12:00:00,3,0.0015544364,0.9974478,1.994504,0.50009817
1959-06-15 12:00:00,4,0.64063114,1.0002203,2.005232,0.49880525
1959-06-15 12:00:00,5,1.7102329,0.99685615,1.9984106,0.4988245
1959-06-15 12:00:00,6,0.48127568,0.9923911,2.0019813,0.4957045
1959-06-15 12:00:00,7,0.42737493,0.9995912,2.0018892,0.4993239
1959-06-15 12:00:00,8,0.9871882,0.9991967,1.9994279,0.49974132
1959-06-15 12:00:00,9,0.52482444,1.0001025,2.0066004,0.4984064
1959-06-15 12:00:00,10,0.2892538,0.997236,1.9989231,0.49888664
1959-06-15 12:00:00,11,0.92564464,0.99687195,1.9942769,0.49986637
1959-07-16 00:00:00,0,0.9299818,0.9949249,2.0037906,0.49652138
1959-07-16 00:00:00,1,0.03091244,0.9975705,2.0094006,0.4964518
1959-07-16 00:00:00,2,0.37734994,1.0004025,2.003828,0.49924564
1959-07-16 00:00:00,3,0.38670254,0.99789536,1.9973631,0.4996064
1959-07-16 00:00:00,4,0.08815233,1.001041,2.0064325,0.49891588
1959-07-16 00:00:00,5,0.21430889,0.9975115,1.9999044,0.4987796
1959-07-16 00:00:00,6,0.18557036,0.9936097,2.0038846,0.4958418
1959-07-16 00:00:00,7,0.15433653,0.9999188,2.0030003,0.49921054
1959-07-16 00:00:00,8,0.82652736,0.99940276,2.0003965,0.49960235
1959-07-16 00:00:00,9,0.090642,1.0004606,2.0076597,0.49832183
1959-07-16 00:00:00,10,0.16973984,0.9982669,2.001062,0.49886855
1959-07-16 00:00:00,11,0.3715079,0.9974468,1.9965627,0.499582
1959-08-16 00:00:00,0,0.08608128,0.9976273,2.0051458,0.49753356
1959-08-16 00:00:00,1,0.35739228,0.99803835,2.0082793,0.49696192
1959-08-16 00:00:00,2,0.44809926,0.9998779,2.0051045,0.49866623
1959-08-16 00:00:00,3,0.14463064,0.999065,2.0009434,0.49929696
1959-08-16 00:00:00,4,0.5327706,1.0026425,2.0068367,0.4996134
1959-08-16 00:00:00,5,0.021843737,0.99854684,2.0026274,0.4986184
1959-08-16 00:00:00,6,2.3607564,0.9966975,2.0053234,0.49702582
1959-08-16 00:00:00,7,0.0043211514,1.0002085,2.0045054,0.4989802
1959-08-16 00:00:00,8,0.5161475,1.0007038,2.0024896,0.49972984
1959-08-16 00:00:00,9,0.06719704,0.9998885,2.0088608,0.49773905
1959-08-16 00:00:00,10,0.07244792,0.99945015,2.0046666,0.4985618
1959-08-16 00:00:00,11,0.21685208,0.9990856,2.0012226,0.49923763
1959-09-15 12:00:00,0,1.1090475,1.002766,2.0000262,0.50137645
1959-09-15 12:00:00,1,0.18931259,0.9995795,2.0016885,0.49936816
1959-09-15 12:00:00,2,0.5284092,0.9966099,2.000941,0.4980706
1959-09-15 12:00:00,3,0.71914655,0.99855864,1.9989375,0.4995447
1959-09-15 12:00:00,4,0.022549827,1.000757,2.009829,0.4979314
1959-09-15 12:00:00,5,0.3070429,0.99646926,2.0026565,0.49757373
1959-09-15 12:00:00,6,1.0675313,1.0012939,2.0016637,0.50023085
1959-09-15 12:00:00,7,1.6533595,1.0007634,2.0058856,0.4989135
1959-09-15 12:00:00,8,0.3317421,1.001602,2.0050724,0.49953413
1959-09-15 12:00:00,9,0.001701953,0.9991745,2.0094826,0.49722973
1959-09-15 12:00:00,10,0.5956879,0.9966182,2.0023053,0.4977354
1959-09-15 12:00:00,11,0.3422593,0.99857074,2.0011775,0.49899158
1959-10-16 00:00:00,0,1.5729622,0.9887283,1.9868077,0.4976467
1959-10-16 00:00:00,1,0.1752903,0.99652517,1.9990804,0.4984918
1959-10-16 00:00:00,2,0.46030897,0.99745995,1.990365,0.50114423
1959-10-16 00:00:00,3,0.41787425,0.9938138,1.9794589,0.5020634
1959-10-16 00:00:00,4,1.0344938,0.9952885,1.996947,0.49840504
1959-10-16 00:00:00,5,0.81963444,0.9910522,1.9888456,0.49830526
1959-10-16 00:00:00,6,0.08116802,0.986732,1.9881004,0.496319
1959-10-16 00:00:00,7,0.41206267,0.99503165,1.995097,0.49873847
1959-10-16 00:00:00,8,0.9109148,0.99806273,1.990944,0.5013012
1959-10-16 00:00:00,9,0.42992222,0.9966066,1.9969882,0.49905482
1959-10-16 00:00:00,10,0.25396606,0.9903492,1.9889054,0.4979368
1959-10-16 00:00:00,11,0.15530528,0.9943354,1.9813777,0.5018404
1959-11-15 12:00:00,0,0.6869214,0.9850275,1.9737034,0.49907574
1959-11-15 12:00:00,1,0.45312065,0.99579906,1.9896744,0.5004834
1959-11-15 12:00:00,2,0.27976656,0.9950356,1.979049,0.5027847
1959-11-15 12:00:00,3,0.11293513,0.9904927,1.9676461,0.50338966
1959-11-15 12:00:00,4,0.84394085,0.9910883,1.9904459,0.49792275
1959-11-15 12:00:00,5,0.12462053,0.9858176,1.9806279,0.49772984
1959-11-15 12:00:00,6,0.14632435,0.9828888,1.9762726,0.49734476
1959-11-15 12:00:00,7,0.17530449,0.9906887,1.9896643,0.4979175
1959-11-15 12:00:00,8,1.1169031,0.9971605,1.9831281,0.50282204
1959-11-15 12:00:00,9,0.8784656,0.99346507,1.9883057,0.49965408
1959-11-15 12:00:00,10,0.29547998,0.98498785,1.9806447,0.49730667
1959-11-15 12:00:00,11,0.42117444,0.99244034,1.971192,0.5034722
1959-12-16 00:00:00,0,0.06784813,1.0032371,1.9997324,0.5016857
1959-12-16 00:00:00,1,0.31946814,0.99983454,2.0013323,0.49958447
1959-12-16 00:00:00,2,0.38586193,0.9961673,2.0009136,0.49785623
1959-12-16 00:00:00,3,0.12691009,0.9987608,1.9981312,0.49984747
1959-12-16 00:00:00,4,0.5385843,1.000617,2.0098512,0.49785626
1959-12-16 00:00:00,5,0.013040193,0.9965223,2.0028203,0.49755952
1959-12-16 00:00:00,6,2.2208195,1.0017037,2.0012798,0.50053155
1959-12-16 00:00:00,7,0.09326213,1.0011461,2.005912,0.49909768
1959-12-16 00:00:00,8,0.7108658,1.001874,2.0058575,0.49947417
1959-12-16 00:00:00,9,0.4471624,0.9990519,2.0098643,0.4970743
1959-12-16 00:00:00,10,0.00605049,0.99627787,2.0016966,0.49771672
1959-12-16 00:00:00,11,0.19261117,0.9985378,2.001166,0.49897796
1960-01-16 00:00:00,0,0.47767797,1.0034338,1.999829,0.5017598
1960-01-16 00:00:00,1,0.07980468,1.0003767,2.001591,0.4997908
1960-01-16 00:00:00,2,0.23817289,0.9951927,2.002244,0.49703866
1960-01-16 00:00:00,3,0.39797872,1.000115,1.9950067,0.5013091
1960-01-16 00:00:00,4,0.17827684,1.0010158,2.007669,0.49859604
1960-01-16 00:00:00,5,0.75413203,0.99766344,2.003731,0.49790287
1960-01-16 00:00:00,6,0.19970298,1.001924,2.0003932,0.50086355
1960-01-16 00:00:00,7,0.15060136,1.0024042,2.0052054,0.49990103
1960-01-16 00:00:00,8,0.3268338,1.0031426,2.0084107,0.49947086
1960-01-16 00:00:00,9,0.37934154,0.9982403,2.0109208,0.49640957
1960-01-16 00:00:00,10,0.4603057,0.99573314,2.000344,0.49778095
1960-01-16 00:00:00,11,0.31960472,0.99901736,2.0015657,0.49911794
1960-02-15 00:00:00,0,0.003088284,1.0032237,2.000097,0.5015875
1960-02-15 00:00:00,1,0.35818905,1.0004449,2.0019538,0.49973425
1960-02-15 00:00:00,2,1.677793,0.9950772,2.0028267,0.4968364
1960-02-15 00:00:00,3,0.4394024,1.0005441,1.9942459,0.5017155
1960-02-15 00:00:00,4,0.8685039,1.0012634,2.0068047,0.49893415
1960-02-15 00:00:00,5,0.26038736,0.9981072,2.004008,0.4980555
1960-02-15 00:00:00,6,0.41662166,1.0017648,2.000305,0.50080603
1960-02-15 00:00:00,7,0.41398603,1.0026987,2.0049174,0.5001197
1960-02-15 00:00:00,8,0.080423124,1.0034866,2.0089817,0.49950013
1960-02-15 00:00:00,9,0.046464805,0.9980033,2.0111437,0.4962367
1960-02-15 00:00:00,10,0.23452036,0.9957402,2.000153,0.497832
1960-02-15 00:00:00,11,0.007437117,0.9992261,2.0017433,0.49917793
1960-03-16 00:00:00,0,3.3173628,1.0036563,1.9994962,0.50195456
1960-03-16 00:00:00,1,0.55665994,1.0001751,2.0010993,0.4998128
1960-03-16 00:00:00,2,0.991263,0.9955551,2.0012343,0.49747053
1960-03-16 00:00:00,3,0.88102925,0.9992813,1.996652,0.50047845
1960-03-16 00:00:00,4,0.019008696,1.0006158,2.009255,0.49800342
1960-03-16 00:00:00,5,0.4568783,0.99686223,2.003188,0.4976379
1960-03-16 00:00:00,6,0.33640406,1.0020779,2.0007172,0.5008594
1960-03-16 00:00:00,7,0.8107479,1.0017704,2.0057309,0.49945402
1960-03-16 00:00:00,8,0.38488933,1.0024296,2.0071456,0.49943042
1960-03-16 00:00:00,9,0.457901,0.99872637,2.0104268,0.4967733
1960-03-16 00:00:00,10,0.6237002,0.9958517,2.00087,0.49770933
1960-03-16 00:00:00,11,0.11743326,0.998645,2.0012572,0.49900883
1960-04-15 12:00:00,0,0.2733324,1.0031631,1.9996979,0.5016573
1960-04-15 12:00:00,1,1.1797099,0.9998221,2.001333,0.49957806
1960-04-15 12:00:00,2,0.48992133,0.9961506,2.0009747,0.4978327
1960-04-15 12:00:00,3,1.7064496,0.9988329,1.997998,0.49991685
1960-04-15 12:00:00,4,0.6370777,1.0006845,2.0095754,0.49795818
1960-04-15 12:00:00,5,0.32966563,0.9965855,2.0028517,0.49758327
1960-04-15 12:00:00,6,1.0430607,1.0016422,2.0012007,0.50052065
1960-04-15 12:00:00,7,0.09823598,1.0011343,2.0058157,0.49911577
1960-04-15 12:00:00,8,0.34048548,1.001944,2.005883,0.4995027
1960-04-15 12:00:00,9,0.16840792,0.9989631,2.0098138,0.49704263
1960-04-15 12:00:00,10,0.83291394,0.9962644,2.0017388,0.4976995
1960-04-15 12:00:00,11,0.8421422,0.99860656,2.0011978,0.49900442
1960-05-16 00:00:00,0,0.50034535,0.999106,2.0029044,0.4988286
1960-05-16 00:00:00,1,0.48171914,0.9982702,2.0054047,0.4977899
1960-05-16 00:00:00,2,0.07199167,0.99895567,2.0032852,0.49865875
1960-05-16 00:00:00,3,0.10418894,0.99880725,2.0010822,0.49913356
1960-05-16 00:00:00,4,0.10953463,1.0023934,2.0068843,0.4994774
1960-05-16 00:00:00,5,0.040855337,0.99771106,2.0025918,0.4982099
1960-05-16 00:00:00,6,0.06829685,0.9981269,2.0038133,0.49811375
1960-05-16 00:00:00,7,0.19522522,0.99960375,2.0047367,0.498621
1960-05-16 00:00:00,8,0.64839745,1.0010597,2.0023887,0.49993274
1960-05-16 00:00:00,9,0.07592094,0.99923205,2.0081182,0.49759623
1960-05-16 00:00:00,10,0.23706044,0.9986772,2.0051417,0.49805817
1960-05-16 00:00:00,11,0.33877054,0.99936193,2.00167,0.49926412
1960-06-15 12:00:00,0,0.9498046,0.99196535,1.9967694,0.49678513
1960-06-15 12:00:00,1,0.2653505,0.9971168,2.0056458,0.49715498
1960-06-15 12:00:00,2,0.4391517,0.99925286,1.9984034,0.5000256
1960-06-15 12:00:00,3,0.2541148,0.99614674,1.9891977,0.50077814
1960-06-15 12:00:00,4,1.4813952,0.9984089,2.0025163,0.49857718
1960-06-15 12:00:00,5,0.19067097,0.99481785,1.9950511,0.49864277
1960-06-15 12:00:00,6,0.29863322,0.99024105,1.9972744,0.4957962
1960-06-15 12:00:00,7,0.3129767,0.9981069,1.9995103,0.49917567
1960-06-15 12:00:00,8,0.09060034,0.998676,1.9965484,0.5002012
1960-06-15 12:00:00,9,0.12857117,0.9990472,2.003377,0.4986816
1960-06-15 12:00:00,10,0.52689344,0.9947439,1.9953156,0.49853963
1960-06-15 12:00:00,11,1.0188221,0.9958428,1.9895015,0.5005489
1960-07-16 00:00:00,0,0.5339843,1.0012558,2.0019877,0.50013083
1960-07-16 00:00:00,1,0.4649713,0.99906164,2.0039089,0.49855644
1960-07-16 00:00:00,2,0.28496546,0.9978309,2.0022075,0.4983654
1960-07-16 00:00:00,3,0.5467746,0.9985334,2.0003512,0.49917907
1960-07-16 00:00:00,4,0.32780808,1.0013139,2.0095959,0.4982663
1960-07-16 00:00:00,5,0.13348678,0.9970294,2.0026407,0.49785736
1960-07-16 00:00:00,6,0.24160108,0.99998754,2.003277,0.49917585
1960-07-16 00:00:00,7,0.18183973,1.0005155,2.0057538,0.4988227
1960-07-16 00:00:00,8,1.1929482,1.0011102,2.0040188,0.4995513
1960-07-16 00:00:00,9,0.25193292,0.9996533,2.0093522,0.49750027
1960-07-16 00:00:00,10,0.13894041,0.9977779,2.0032775,0.4980727
1960-07-16 00:00:00,11,0.23299217,0.99865377,2.0013509,0.49898985
1960-08-16 00:00:00,0,2.0399313,0.9881035,1.984028,0.49802902
1960-08-16 00:00:00,1,0.09223216,0.9964696,1.9970483,0.49897122
1960-08-16 00:00:00,2,0.4251875,0.99684966,1.9878063,0.5014823
1960-08-16 00:00:00,3,0.30768797,0.99303263,1.9767939,0.5023451
1960-08-16 00:00:00,4,0.85768205,0.9941765,1.9960024,0.4980838
1960-08-16 00:00:00,5,0.5132404,0.9898503,1.9870331,0.4981549
1960-08-16 00:00:00,6,0.11257768,0.9860752,1.985644,0.49660224
1960-08-16 00:00:00,7,0.6558388,0.9942383,1.9940418,0.49860457
1960-08-16 00:00:00,8,0.0788422,0.9978057,1.9894301,0.50155354
1960-08-16 00:00:00,9,0.36684048,0.9960823,1.995266,0.49922282
1960-08-16 00:00:00,10,0.65664685,0.9891781,1.9866762,0.49790606
1960-08-16 00:00:00,11,0.0040367516,0.99379057,1.9790076,0.5021661
1960-09-15 12:00:00,0,0.19081388,0.99454397,2.0033798,0.49643305
1960-09-15 12:00:00,1,0.3572006,0.9974588,2.0092745,0.49642736
1960-09-15 12:00:00,2,0.07026016,1.0004292,2.0035865,0.49931917
1960-09-15 12:00:00,3,0.6006241,0.9978139,1.9968979,0.49968195
1960-09-15 12:00:00,4,0.4039925,1.0009853,2.0058975,0.49902114
1960-09-15 12:00:00,5,0.47854063,0.99739575,1.9995884,0.49880055
1960-09-15 12:00:00,6,0.33950034,0.9932086,2.0034661,0.49574512
1960-09-15 12:00:00,7,0.36901027,0.9997168,2.0026689,0.49919227
1960-09-15 12:00:00,8,0.37592876,0.99935573,2.000001,0.49967763
1960-09-15 12:00:00,9,0.7193207,1.0003139,2.0072782,0.4983434
1960-09-15 12:00:00,10,1.3078918,0.9980827,2.000915,0.49881312
1960-09-15 12:00:00,11,0.31402406,0.9974056,1.9961406,0.499667
1960-10-16 00:00:00,0,1.2102045,0.99898124,2.0034697,0.49862558
1960-10-16 00:00:00,1,0.30551782,0.9982743,2.006008,0.49764228
1960-10-16 00:00:00,2,0.123148516,0.9991358,2.0036197,0.4986654
1960-10-16 00:00:00,3,1.0874189,0.9987919,2.001229,0.49908924
1960-10-16 00:00:00,4,0.039551187,1.0023489,2.0073328,0.49934366
1960-10-16 00:00:00,5,0.33651412,0.9978242,2.00261,0.49826187
1960-10-16 00:00:00,6,0.13098781,0.9979958,2.0042725,0.4979342
1960-10-16 00:00:00,7,0.22086638,0.9998113,2.0048654,0.49869248
1960-10-16 00:00:00,8,0.47505546,1.0009155,2.0024927,0.4998348
1960-10-16 00:00:00,9,0.41648006,0.9995054,2.0084326,0.49765444
1960-10-16 00:00:00,10,0.39012697,0.9988628,2.0049417,0.49820042
1960-10-16 00:00:00,11,1.7734134,0.9992089,2.0015876,0.49920818
1960-11-15 12:00:00,0,1.4813467,1.0032953,2.000045,0.5016363
1960-11-15 12:00:00,1,0.68011415,1.0004364,2.0018706,0.4997508
1960-11-15 12:00:00,2,0.42674524,0.9951019,2.0026827,0.49688447
1960-11-15 12:00:00,3,0.097263545,1.0004332,1.9944391,0.5016113
1960-11-15 12:00:00,4,0.13057008,1.0011895,2.007069,0.4988316
1960-11-15 12:00:00,5,0.20615433,0.99799395,2.003941,0.4980156
1960-11-15 12:00:00,6,0.112121485,1.0018212,2.0003417,0.50082505
1960-11-15 12:00:00,7,0.15300228,1.0026424,2.0050068,0.5000693
1960-11-15 12:00:00,8,0.3774812,1.0033956,2.0088596,0.49948516
1960-11-15 12:00:00,9,0.2219642,0.998078,2.0111136,0.49628124
1960-11-15 12:00:00,10,0.12453522,0.9957385,2.0001762,0.49782538
1960-11-15 12:00:00,11,0.18345875,0.99916136,2.0016963,0.4991573
1960-12-16 00:00:00,0,0.100074746,1.0032858,1.9996617,0.50172776
1960-12-16 00:00:00,1,0.21888518,0.9999152,2.0012887,0.49963567
1960-12-16 00:00:00,2,0.6481061,0.9959969,2.0010588,0.49773493
1960-12-16 00:00:00,3,0.08062894,0.9989574,1.997639,0.500069
1960-12-16 00:00:00,4,0.34989554,1.0006714,2.0094833,0.49797446
1960-12-16 00:00:00,5,0.8238973,0.9966681,2.0029452,0.4976013
1960-12-16 00:00:00,6,0.34715644,1.0017514,2.0010822,0.50060487
1960-12-16 00:00:00,7,0.20230868,1.0013081,2.005791,0.4992086
1960-12-16 00:00:00,8,0.038748674,1.0020745,2.0062232,0.49948305
1960-12-16 00:00:00,9,0.19244689,0.9989015,2.009982,0.49697033
1960-12-16 00:00:00,10,0.039130174,0.99616194,2.0015078,0.49770576
1960-12-16 00:00:00,11,1.1065906,0.9986189,2.0012176,0.49900565
1961-01-16 00:00:00,0,0.27640474,1.0030179,1.9997908,0.5015614
1961-01-16 00:00:00,1,0.3010125,0.9998807,2.0015104,0.49956307
1961-01-16 00:00:00,2,0.34256002,0.9960125,2.0013828,0.49766216
1961-01-16 00:00:00,3,0.56494385,0.9991863,1.997312,0.5002655
1961-01-16 00:00:00,4,0.2961345,1.0008839,2.0087826,0.49825397
1961-01-16 00:00:00,5,0.02568289,0.9969218,2.0030687,0.49769726
1961-01-16 00:00:00,6,0.4574581,1.0015328,2.0010238,0.5005102
1961-01-16 00:00:00,7,0.03160772,1.0013448,2.0055487,0.4992872
1961-01-16 00:00:00,8,0.2625678,1.0022525,2.0063443,0.4995416
1961-01-16 00:00:00,9,0.52934456,0.9987178,2.0099423,0.4968888
1961-01-16 00:00:00,10,0.054345805,0.9962153,2.0015936,0.49771106
1961-01-16 00:00:00,11,0.28123277,0.99879676,2.0013342,0.49906546
1961-02-14 12:00:00,0,0.19804615,1.0033774,1.9997275,0.5017571
1961-02-14 12:00:00,1,0.13774212,1.0000881,2.0013862,0.49969772
1961-02-14 12:00:00,2,0.525045,0.9957108,2.0014508,0.49749452
1961-02-14 12:00:00,3,0.20900878,0.99934065,1.9967484,0.500484
1961-02-14 12:00:00,4,0.24881443,1.0007633,2.0089538,0.49815148
1961-02-14 12:00:00,5,0.27850226,0.99699455,2.0032132,0.49769768
1961-02-14 12:00:00,6,0.08352778,1.001846,2.0008626,0.50070703
1961-02-14 12:00:00,7,0.3970129,1.001706,2.0056236,0.49944866
1961-02-14 12:00:00,8,0.8992764,1.0024289,2.0069993,0.4994665
1961-02-14 12:00:00,9,0.018611781,0.99870074,2.01034,0.496782
1961-02-14 12:00:00,10,0.5921975,0.9960097,2.001069,0.4977388
1961-02-14 12:00:00,11,0.21196489,0.9987319,2.0013285,0.4990345
1961-03-16 00:00:00,0,0.23342118,1.0034184,1.9998583,0.5017448
1961-03-16 00:00:00,1,0.6290969,1.0003514,2.0016096,0.4997735
1961-03-16 00:00:00,2,0.657225,0.99524814,2.0022008,0.49707708
1961-03-16 00:00:00,3,0.32706305,1.0000529,1.9951653,0.5012381
1961-03-16 00:00:00,4,0.040617228,1.0009986,2.0077908,0.49855724
1961-03-16 00:00:00,5,1.0700653,0.9976186,2.0036922,0.49789017
1961-03-16 00:00:00,6,0.13430777,1.0019094,2.0004609,0.5008393
1961-03-16 00:00:00,7,0.28076908,1.0023549,2.005246,0.4998663
1961-03-16 00:00:00,8,0.020891694,1.003078,2.0082963,0.49946713
1961-03-16 00:00:00,9,0.08218591,0.9982905,2.0108867,0.49644294
1961-03-16 00:00:00,10,0.030828204,0.9957727,2.0004025,0.4977862
1961-03-16 00:00:00,11,0.21546021,0.9989907,2.0015504,0.49910843
1961-04-15 12:00:00,0,0.18483634,1.0021352,2.0004766,0.5009482
1961-04-15 12:00:00,1,0.75604445,0.9994327,2.0023088,0.4991401
1961-04-15 12:00:00,2,0.83091766,0.9968332,2.0015628,0.49802744
1961-04-15 12:00:00,3,0.0044373423,0.99886554,1.998736,0.49974862
1961-04-15 12:00:00,4,0.03335938,1.0011573,2.0087583,0.4983961
1961-04-15 12:00:00,5,0.09406194,0.99689895,2.0028152,0.49774882
1961-04-15 12:00:00,6,0.83758855,1.0007688,2.0018115,0.49993157
1961-04-15 12:00:00,7,0.1198729,1.0007304,2.005509,0.49899074
1961-04-15 12:00:00,8,0.34137535,1.0017728,2.005016,0.49963328
1961-04-15 12:00:00,9,0.21372864,0.9989702,2.0093493,0.49716103
1961-04-15 12:00:00,10,1.1462615,0.99687773,2.0026388,0.49778208
1961-04-15 12:00:00,11,0.77200264,0.9988519,2.0013785,0.49908194
1961-05-16 00:00:00,0,0.3518445,1.0033591,1.9998667,0.501713
1961-05-16 00:00:00,1,0.57253027,1.0000765,2.001507,0.49966177
1961-05-16 00:00:00,2,0.7540949,0.9957799,2.0014844,0.4975207
1961-05-16 00:00:00,3,0.1977774,0.9992971,1.996904,0.5004232
1961-05-16 00:00:00,4,0.03554574,1.0007464,2.0091393,0.49809706
1961-05-16 00:00:00,5,0.05451577,0.9969883,2.0031989,0.49769813
1961-05-16 00:00:00,6,0.024305062,1.0018312,2.0010066,0.5006636
1961-05-16 00:00:00,7,1.0237108,1.0017146,2.0056884,0.4994368
1961-05-16 00:00:00,8,0.13537584,1.0023617,2.0069485,0.49944565
1961-05-16 00:00:00,9,0.21428892,0.99878776,2.0103846,0.49681428
1961-05-16 00:00:00,10,0.0076608947,0.99608237,2.0010767,0.4977732
1961-05-16 00:00:00,11,2.1596985,0.99868935,2.0013251,0.49901405
1961-06-15 12:00:00,0,0.31290844,0.9988882,2.0045528,0.49830973
1961-06-15 12:00:00,1,0.12593214,0.9984944,2.0072205,0.49745128
1961-06-15 12:00:00,2,0.13954118,0.99913967,2.004589,0.49842617
1961-06-15 12:00:00,3,0.55868745,0.99911803,2.0004833,0.49943835
1961-06-15 12:00:00,4,0.26247498,1.0022699,2.0077767,0.49919388
1961-06-15 12:00:00,5,1.0927553,0.9983251,2.002869,0.49844757
1961-06-15 12:00:00,6,1.0744212,0.9978713,2.004877,0.4977219
1961-06-15 12:00:00,7,0.18531984,1.0006595,2.004966,0.4990905
1961-06-15 12:00:00,8,0.02644965,1.0009811,2.0035346,0.4996076
1961-06-15 12:00:00,9,0.5618277,0.9998591,2.0094426,0.49758032
1961-06-15 12:00:00,10,0.13718517,0.99899435,2.003934,0.49851662
1961-06-15 12:00:00,11,0.6172462,0.99896485,2.0014331,0.49912477
1961-07-16 00:00:00,0,0.062150892,0.9981883,2.004949,0.4978622
1961-07-16 00:00:00,1,1.3820026,0.9982054,2.007902,0.49713853
1961-07-16 00:00:00,2,2.3592637,0.9996778,2.0047204,0.49866194
1961-07-16 00:00:00,3,0.6558673,0.99886817,2.0010648,0.49916834
1961-07-16 00:00:00,4,0.21100731,1.0023118,2.007815,0.4992053
1961-07-16 00:00:00,5,0.17778182,0.99827045,2.002571,0.4984944
1961-07-16 00:00:00,6,0.06931946,0.9971836,2.0053184,0.49726948
1961-07-16 00:00:00,7,0.2741064,1.0003562,2.0048635,0.49896473
1961-07-16 00:00:00,8,0.29760933,1.0005904,2.0027122,0.49961767
1961-07-16 00:00:00,9,1.0164884,1.0001036,2.0091207,0.49778172
1961-07-16 00:00:00,10,0.23486157,0.9992864,2.0042758,0.4985773
1961-07-16 00:00:00,11,0.16606876,0.99884635,2.0011044,0.49914756
1961-08-16 00:00:00,0,0.54763454,1.0045635,1.9996153,0.50237834
1961-08-16 00:00:00,1,0.13311522,1.0005147,2.0009308,0.5000247
1961-08-16 00:00:00,2,0.7393275,0.9952687,2.0009513,0.49739778
1961-08-16 00:00:00,3,2.326642,0.99904585,1.9967334,0.5003401
1961-08-16 00:00:00,4,0.043875575,1.0000578,2.011129,0.4972619
1961-08-16 00:00:00,5,0.83274883,0.996574,2.0031834,0.49749514
1961-08-16 00:00:00,6,0.2250326,1.0028507,2.000983,0.501179
1961-08-16 00:00:00,7,0.35573408,1.0022998,2.0064037,0.4995504
1961-08-16 00:00:00,8,0.49910188,1.002235,2.0078275,0.49916393
1961-08-16 00:00:00,9,0.7742823,0.9992357,2.0112362,0.49682662
1961-08-16 00:00:00,10,0.23394823,0.9956687,1.9999499,0.4978468
1961-08-16 00:00:00,11,0.6169374,0.9981503,2.0010626,0.4988101
1961-09-15 12:00:00,0,0.7355524,0.9995205,2.003176,0.4989679
1961-09-15 12:00:00,1,0.23976521,0.9985343,2.005588,0.49787608
1961-09-15 12:00:00,2,0.06972857,0.9986959,2.0035284,0.49846858
1961-09-15 12:00:00,3,0.5087374,0.99895453,2.0005662,0.49933589
1961-09-15 12:00:00,4,0.037991397,1.0021949,2.007487,0.49922857
1961-09-15 12:00:00,5,1.0110826,0.99783784,2.0027733,0.49822804
1961-09-15 12:00:00,6,0.4874445,0.9984816,2.0039272,0.49826238
1961-09-15 12:00:00,7,0.23733976,1.0001643,2.0049572,0.4988457
1961-09-15 12:00:00,8,0.167636,1.0011644,2.0032358,0.49977362
1961-09-15 12:00:00,9,0.8473554,0.99940777,2.008806,0.49751332
1961-09-15 12:00:00,10,0.626628,0.9985519,2.0043817,0.4981845
1961-09-15 12:00:00,11,0.21669044,0.99917245,2.0016265,0.49918026
1961-10-16 00:00:00,0,0.37149832,0.9981447,2.0040333,0.49806792
1961-10-16 00:00:00,1,0.012401451,0.99787277,2.0068238,0.49723986
1961-10-16 00:00:00,2,0.16178791,0.9998886,2.0037415,0.49901077
1961-10-16 00:00:00,3,0.68964565,0.99842167,2.0023472,0.49862564
1961-10-16 00:00:00,4,0.013422348,1.002453,2.0075114,0.49935108
1961-10-16 00:00:00,5,0.8627894,0.99772036,2.0022597,0.49829718
1961-10-16 00:00:00,6,1.3228171,0.997199,2.0049558,0.49736708
1961-10-16 00:00:00,7,1.30407,0.99932396,2.004827,0.49845895
1961-10-16 00:00:00,8,1.187892,1.0003772,2.0012991,0.4998639
1961-10-16 00:00:00,9,0.8541085,0.99984145,2.0079644,0.49793786
1961-10-16 00:00:00,10,0.19624831,0.9993421,2.0056376,0.49826652
1961-10-16 00:00:00,11,1.9948753,0.99909914,2.001333,0.49921685
1961-11-15 12:00:00,0,0.32999417,1.00369,1.9996579,0.5019309
1961-11-15 12:00:00,1,0.42620558,1.0003694,2.0013175,0.49985543
1961-11-15 12:00:00,2,0.77822334,0.9952402,2.0018017,0.4971722
1961-11-15 12:00:00,3,0.37158224,0.99978554,1.9955522,0.50100696
1961-11-15 12:00:00,4,0.9094901,1.000775,2.0085032,0.49826905
1961-11-15 12:00:00,5,0.6025101,0.9973176,2.0035362,0.49777868
1961-11-15 12:00:00,6,0.3181847,1.0021286,2.0004888,0.5009419
1961-11-15 12:00:00,7,0.37347165,1.0022614,2.0054898,0.4997589
1961-11-15 12:00:00,8,0.77013487,1.002877,2.0080917,0.49941793
1961-11-15 12:00:00,9,0.75053644,0.99846894,2.0108624,0.4965377
1961-11-15 12:00:00,10,0.61734575,0.9957073,2.000368,0.49776202
1961-11-15 12:00:00,11,0.36159953,0.99881107,2.0014179,0.49905175
1961-12-16 00:00:00,0,0.14779611,1.0037684,1.9995326,0.5020015
1961-12-16 00:00:00,1,0.8025318,1.0002741,2.001125,0.49985585
1961-12-16 00:00:00,2,0.18120381,0.9954139,2.0013714,0.49736592
1961-12-16 00:00:00,3,0.45577607,0.9994191,1.9962927,0.50063753
1961-12-16 00:00:00,4,0.107522525,1.0006075,2.0091915,0.498015
1961-12-16 00:00:00,5,0.28453964,0.9969723,2.003297,0.49766573
1961-12-16 00:00:00,6,0.22921322,1.0021805,2.0006483,0.50092787
1961-12-16 00:00:00,7,1.6095756,1.0019771,2.0057178,0.49956036
1961-12-16 00:00:00,8,2.3118823,1.0025591,2.00752,0.49940178
1961-12-16 00:00:00,9,1.3085425,0.99868566,2.0106397,0.49670047
1961-12-16 00:00:00,10,1.5563557,0.995774,2.0006142,0.49773413
1961-12-16 00:00:00,11,0.75573766,0.9986507,2.0012867,0.4990043
1962-01-16 00:00:00,0,0.63104826,1.0037239,1.9995478,0.5019754
1962-01-16 00:00:00,1,0.67802054,1.0001659,2.0011055,0.4998067
1962-01-16 00:00:00,2,0.039291937,0.9956192,2.001125,0.49752972
1962-01-16 00:00:00,3,0.32156754,0.99914855,1.9969323,0.5003417
1962-01-16 00:00:00,4,0.0553433,1.0005283,2.009652,0.4978615
1962-01-16 00:00:00,5,0.037377514,0.99675214,2.0031188,0.49760014
1962-01-16 00:00:00,6,0.60163295,1.0021323,2.0008538,0.50085235
1962-01-16 00:00:00,7,0.3600602,1.0017357,2.0058675,0.49940273
1962-01-16 00:00:00,8,1.7592467,1.0022991,2.0070148,0.49939796
1962-01-16 00:00:00,9,0.25400424,0.99886197,2.0104456,0.4968361
1962-01-16 00:00:00,10,1.2864876,0.995897,2.000879,0.49772972
1962-01-16 00:00:00,11,0.54148716,0.9985494,2.0012095,0.49897295
1962-02-14 12:00:00,0,0.42555922,1.0026997,2.000503,0.5012238
1962-02-14 12:00:00,1,0.27209613,1.0004373,2.0025477,0.49958223
1962-02-14 12:00:00,2,0.16095513,0.99504554,2.0036826,0.49660838
1962-02-14 12:00:00,3,1.2655318,1.001138,1.9933314,0.50224364
1962-02-14 12:00:00,4,0.38884935,1.0017226,2.0053024,0.4995369
1962-02-14 12:00:00,5,0.3232641,0.998758,2.0043614,0.4982924
1962-02-14 12:00:00,6,0.17264242,1.0013448,2.0002112,0.50061953
1962-02-14 12:00:00,7,0.28790525,1.0029486,2.0044048,0.5003723
1962-02-14 12:00:00,8,0.75847274,1.0039442,2.0095146,0.49959537
1962-02-14 12:00:00,9,0.5788656,0.99761546,2.0112495,0.49601775
1962-02-14 12:00:00,10,0.12268084,0.9958438,2.0001504,0.49788445
1962-02-14 12:00:00,11,0.5201394,0.99960166,2.0020247,0.49929538
1962-03-16 00:00:00,0,0.38745007,1.0036476,1.9998058,0.50187254
1962-03-16 00:00:00,1,0.6143149,1.0004358,2.0014966,0.4998439
1962-03-16 00:00:00,2,0.17521673,0.9951475,2.0021005,0.49705175
1962-03-16 00:00:00,3,0.55321664,1.0000086,1.9951235,0.5012264
1962-03-16 00:00:00,4,0.09929652,1.0008692,2.0081587,0.49840143
1962-03-16 00:00:00,5,0.5537129,0.9975418,2.003691,0.49785212
1962-03-16 00:00:00,6,0.11109379,1.0021034,2.00045,0.500939
1962-03-16 00:00:00,7,0.045762595,1.0024673,2.0053785,0.4998893
1962-03-16 00:00:00,8,0.37196139,1.0030581,2.0084682,0.49941447
1962-03-16 00:00:00,9,0.20244582,0.99837124,2.0110483,0.49644318
1962-03-16 00:00:00,10,0.68544173,0.995691,2.000187,0.49779898
1962-03-16 00:00:00,11,0.49570757,0.99889064,2.0015016,0.4990706
1962-04-15 12:00:00,0,0.65164346,0.9972553,2.0048072,0.49743202
1962-04-15 12:00:00,1,0.2533584,0.9976569,2.0079863,0.49684447
1962-04-15 12:00:00,2,0.30704996,1.0003595,2.004464,0.49906588
1962-04-15 12:00:00,3,0.071531944,0.9985318,2.0022552,0.49870357
1962-04-15 12:00:00,4,0.24151583,1.0026673,2.0069904,0.49958748
1962-04-15 12:00:00,5,0.25304878,0.998069,2.0021875,0.49848926
1962-04-15 12:00:00,6,0.07297171,0.996346,2.0054257,0.4968252
1962-04-15 12:00:00,7,1.4682611,0.9993719,2.00452,0.4985592
1962-04-15 12:00:00,8,0.13199863,1.0002354,2.0010357,0.49985886
1962-04-15 12:00:00,9,0.29207593,0.99997395,2.0079744,0.49800134
1962-04-15 12:00:00,10,0.91558504,0.99965566,2.0056877,0.49841043
1962-04-15 12:00:00,11,0.7133981,0.99907845,2.0010974,0.49926528
1962-05-16 00:00:00,0,0.26599273,1.0031735,2.000485,0.50146514
1962-05-16 00:00:00,1,0.33776137,1.0001457,2.0021584,0.49953374
1962-05-16 00:00:00,2,0.62472194,0.99580544,2.0021408,0.49737033
1962-05-16 00:00:00,3,0.29431477,0.9996105,1.9965076,0.5006795
1962-05-16 00:00:00,4,0.32597107,1.0009114,2.0088584,0.49824882
1962-05-16 00:00:00,5,0.26032713,0.99740225,2.0034478,0.4978429
1962-05-16 00:00:00,6,0.66784394,1.0016942,2.001287,0.500525
1962-05-16 00:00:00,7,0.13530958,1.0020802,2.005604,0.4996401
1962-05-16 00:00:00,8,0.03356136,1.0025334,2.0074666,0.4994023
1962-05-16 00:00:00,9,0.097266905,0.9987992,2.0107877,0.49672037
1962-05-16 00:00:00,10,1.2218379,0.99624825,2.0008233,0.49791917
1962-05-16 00:00:00,11,0.7833187,0.9987577,2.0014787,0.49900994
1962-06-15 12:00:00,0,0.09995454,0.9983516,2.004944,0.49794483
1962-06-15 12:00:00,1,0.40006897,0.9984013,2.0078166,0.49725723
1962-06-15 12:00:00,2,0.8312322,0.99928766,2.0051851,0.4983518
1962-06-15 12:00:00,3,1.2538948,0.9994187,2.0000987,0.4996847
1962-06-15 12:00:00,4,0.12393667,1.0025762,2.0068555,0.4995757
1962-06-15 12:00:00,5,0.7709598,0.99872315,2.0030098,0.4986112
1962-06-15 12:00:00,6,0.2562107,0.9973996,2.0049655,0.49746472
1962-06-15 12:00:00,7,0.022146601,1.0007327,2.00462,0.49921313
1962-06-15 12:00:00,8,0.18629491,1.0011482,2.0036309,0.499667
1962-06-15 12:00:00,9,0.94730353,0.99969536,2.0094273,0.49750262
1962-06-15 12:00:00,10,0.35332575,0.99914974,2.0040498,0.49856532
1962-06-15 12:00:00,11,0.28111428,0.9991632,2.0015187,0.49920252
1962-07-16 00:00:00,0,1.1576108,0.99885505,2.0044947,0.49830768
1962-07-16 00:00:00,1,0.19228765,0.99839735,2.007172,0.49741492
1962-07-16 00:00:00,2,0.1411412,0.9993122,2.0043159,0.49858022
1962-07-16 00:00:00,3,0.10523014,0.9988448,2.0010066,0.49917117
1962-07-16 00:00:00,4,0.011610733,1.0021521,2.0082333,0.49902174
1962-07-16 00:00:00,5,0.36971837,0.9980831,2.0026667,0.49837705
1962-07-16 00:00:00,6,0.8046979,0.9978128,2.0050166,0.49765813
1962-07-16 00:00:00,7,1.8463726,1.0004433,2.0050943,0.49895078
1962-07-16 00:00:00,8,0.6608193,1.000721,2.0030684,0.499594
1962-07-16 00:00:00,9,0.2292571,1.0000333,2.0092602,0.49771217
1962-07-16 00:00:00,10,3.2294817,0.99905044,2.0041137,0.4984999
1962-07-16 00:00:00,11,0.15232047,0.99883294,2.0012753,0.4990982
1962-08-16 00:00:00,0,1.3622267,0.99310106,2.0005517,0.4964136
1962-08-16 00:00:00,1,0.34135753,0.9972617,2.0079844,0.49664813
1962-08-16 00:00:00,2,0.692218,0.9999451,2.001632,0.49956492
1962-08-16 00:00:00,3,0.19988817,0.9972632,1.9930558,0.5003689
1962-08-16 00:00:00,4,0.4081353,0.9999806,2.00382,0.49903718
1962-08-16 00:00:00,5,0.36062282,0.9964631,1.9976312,0.49882236
1962-08-16 00:00:00,6,0.34731057,0.9915801,2.0006442,0.4956304
1962-08-16 00:00:00,7,0.13556468,0.99909866,2.0010123,0.4992966
1962-08-16 00:00:00,8,0.8002158,0.9991603,1.9986063,0.4999285
1962-08-16 00:00:00,9,0.20058008,0.99963987,2.0055876,0.49842742
1962-08-16 00:00:00,10,1.1072887,0.99655753,1.9983996,0.4986778
1962-08-16 00:00:00,11,0.11460897,0.9967745,1.9931287,0.50010544
1962-09-15 12:00:00,0,0.39818275,0.9944735,2.0033388,0.49640805
1962-09-15 12:00:00,1,1.3910097,0.9974388,2.009303,0.4964103
1962-09-15 12:00:00,2,0.21116051,1.0004368,2.003582,0.4993241
1962-09-15 12:00:00,3,1.372041,0.9978129,1.9967777,0.49971157
1962-09-15 12:00:00,4,0.39488828,1.0009676,2.0058224,0.49903104
1962-09-15 12:00:00,5,0.30863848,0.9973889,1.9995357,0.49881026
1962-09-15 12:00:00,6,1.4568546,0.99312407,2.0034103,0.49571675
1962-09-15 12:00:00,7,0.0674923,0.9997188,2.0025954,0.49921155
1962-09-15 12:00:00,8,0.9441991,0.9993407,1.9999675,0.4996785
1962-09-15 12:00:00,9,0.13151446,1.0003061,2.0072548,0.49834535
1962-09-15 12:00:00,10,0.19165264,0.99804145,2.0008454,0.49880987
1962-09-15 12:00:00,11,0.11538124,0.9973746,1.9960403,0.4996766
1962-10-16 00:00:00,0,0.22723727,1.0032794,1.9999318,0.50165683
1962-10-16 00:00:00,1,0.11027336,1.0003499,2.001739,0.49974042
1962-10-16 00:00:00,2,0.29343846,0.995226,2.0024188,0.49701193
1962-10-16 00:00:00,3,0.48525625,1.0002196,1.9948901,0.5013908
1962-10-16 00:00:00,4,0.68749595,1.0011259,2.0073438,0.49873167
1962-10-16 00:00:00,5,2.8070135,0.997792,2.0037878,0.49795294
1962-10-16 00:00:00,6,0.07701169,1.0017976,2.000402,0.5007981
1962-10-16 00:00:00,7,0.102893315,1.0024151,2.0050929,0.4999345
1962-10-16 00:00:00,8,0.105163395,1.0032141,2.0084429,0.49949846
1962-10-16 00:00:00,9,0.5688052,0.9981661,2.010899,0.496378
1962-10-16 00:00:00,10,0.05357843,0.9957842,2.000406,0.49779105
1962-10-16 00:00:00,11,0.4766231,0.99910164,2.0016258,0.49914506
1962-11-15 12:00:00,0,0.4451967,1.0002272,2.0021448,0.49957785
1962-11-15 12:00:00,1,0.018757539,0.9986395,2.0043502,0.49823606
1962-11-15 12:00:00,2,0.04809486,0.99834204,2.0025234,0.498542
1962-11-15 12:00:00,3,0.1360567,0.99862015,2.0007436,0.4991245
1962-11-15 12:00:00,4,0.47250804,1.0018497,2.0081027,0.4989036
1962-11-15 12:00:00,5,0.5530603,0.99726117,2.0025606,0.497993
1962-11-15 12:00:00,6,0.28415906,0.99909806,2.0033395,0.4987163
1962-11-15 12:00:00,7,0.162563,0.9999096,2.0052,0.4986583
1962-11-15 12:00:00,8,0.3658704,1.001099,2.00305,0.4997873
1962-11-15 12:00:00,9,1.2071364,0.9993425,2.008536,0.4975477
1962-11-15 12:00:00,10,0.11510321,0.99813986,2.0043466,0.49798766
1962-11-15 12:00:00,11,1.3209046,0.99905306,2.001505,0.49915093
1962-12-16 00:00:00,0,0.47219926,1.0035228,1.9994591,0.5018971
1962-12-16 00:00:00,1,0.25620455,1.0000138,2.0010507,0.4997444
1962-12-16 00:00:00,2,0.30124995,0.9958135,2.0009427,0.49767217
1962-12-16 00:00:00,3,0.192546,0.99898136,1.9973867,0.5001442
1962-12-16 00:00:00,4,0.79302293,1.0005745,2.0095928,0.49789912
1962-12-16 00:00:00,5,0.4167692,0.99661785,2.002971,0.4975698
1962-12-16 00:00:00,6,0.38112688,1.0019525,2.0009003,0.50075084
1962-12-16 00:00:00,7,0.018469824,1.001419,2.0058343,0.49925306
1962-12-16 00:00:00,8,0.017930718,1.0021473,2.0064716,0.4994575
1962-12-16 00:00:00,9,1.3086921,0.9988692,2.0100956,0.49692622
1962-12-16 00:00:00,10,0.045730136,0.99599874,2.00128,0.49768084
1962-12-16 00:00:00,11,0.7822822,0.9985794,2.0011814,0.49899495
1963-01-16 00:00:00,0,0.14814274,1.0038437,1.9998083,0.50196993
1963-01-16 00:00:00,1,0.64456546,1.0005884,2.001481,0.499924
1963-01-16 00:00:00,2,0.23995504,0.9949178,2.0022652,0.49689612
1963-01-16 00:00:00,3,0.6529756,1.0002042,1.9945769,0.50146186
1963-01-16 00:00:00,4,0.35343188,1.0008419,2.008077,0.49840814
1963-01-16 00:00:00,5,0.15672803,0.9976833,2.0038457,0.4978843
1963-01-16 00:00:00,6,0.36639208,1.0022784,2.0003128,0.50106084
1963-01-16 00:00:00,7,1.357856,1.0027685,2.0053623,0.5000436
1963-01-16 00:00:00,8,0.29225847,1.0032521,2.0090268,0.4993722
1963-01-16 00:00:00,9,0.5133106,0.9983038,2.011356,0.4963337
1963-01-16 00:00:00,10,0.033264954,0.99554914,1.999798,0.49782485
1963-01-16 00:00:00,11,0.06455662,0.99889386,2.001534,0.49906415
1963-02-14 12:00:00,0,0.35245216,1.0034904,1.9998397,0.50178546
1963-02-14 12:00:00,1,0.713068,1.000343,2.001554,0.49978316
1963-02-14 12:00:00,2,0.56582195,0.99528605,2.0020657,0.49712956
1963-02-14 12:00:00,3,0.2032928,0.99993265,1.9953911,0.5011211
1963-02-14 12:00:00,4,0.074308515,1.0009185,2.0081048,0.49843937
1963-02-14 12:00:00,5,0.54159784,0.9975042,2.0036232,0.49785018
1963-02-14 12:00:00,6,1.1161916,1.0019667,2.0005312,0.5008503
1963-02-14 12:00:00,7,0.43516132,1.0023047,2.0053535,0.49981448
1963-02-14 12:00:00,8,0.7962262,1.0029722,2.008169,0.49944615
1963-02-14 12:00:00,9,0.008817735,0.99838674,2.0108726,0.49649426
1963-02-14 12:00:00,10,0.15505944,0.9957868,2.0004208,0.49778867
1963-02-14 12:00:00,11,0.49144724,0.9989145,2.0015028,0.49908224
1963-03-16 00:00:00,0,0.16009296,1.003564,1.999893,0.5018089
1963-03-16 00:00:00,1,0.023883315,1.0004851,2.0016363,0.4998336
1963-03-16 00:00:00,2,0.64787805,0.9950498,2.0023916,0.49693066
1963-03-16 00:00:00,3,1.1764584,1.0002512,1.9946516,0.50146663
1963-03-16 00:00:00,4,0.5909575,1.0009956,2.007661,0.49858794
1963-03-16 00:00:00,5,0.41239908,0.9977752,2.0038452,0.4979303
1963-03-16 00:00:00,6,0.078133374,1.0020419,2.0003479,0.5009338
1963-03-16 00:00:00,7,1.0556177,1.0026342,2.005212,0.500014
1963-03-16 00:00:00,8,0.1639564,1.0032661,2.0088117,0.49943262
1963-03-16 00:00:00,9,0.08377293,0.99821955,2.011168,0.49633822
1963-03-16 00:00:00,10,0.87713236,0.9956592,2.0000596,0.49781474
1963-03-16 00:00:00,11,0.424005,0.9990085,2.0015929,0.49910673
1963-04-15 12:00:00,0,0.032437682,1.0034405,1.9999132,0.501742
1963-04-15 12:00:00,1,0.0263521,1.0004393,2.0016904,0.49979722
1963-04-15 12:00:00,2,0.036361847,0.99510205,2.002442,0.49694428
1963-04-15 12:00:00,3,0.00115566,1.0002753,1.9946709,0.50147384
1963-04-15 12:00:00,4,0.6838114,1.0010662,2.007455,0.49867427
1963-04-15 12:00:00,5,0.13830201,0.9978153,2.0038452,0.4979503
1963-04-15 12:00:00,6,0.042285282,1.0019373,2.0003471,0.5008817
1963-04-15 12:00:00,7,0.07706751,1.0025705,2.005138,0.5000008
1963-04-15 12:00:00,8,1.5833027,1.0032786,2.008717,0.4994624
1963-04-15 12:00:00,9,0.09431291,0.9981723,2.0110762,0.49633738
1963-04-15 12:00:00,10,0.31833762,0.9957002,2.000178,0.49780577
1963-04-15 12:00:00,11,0.14241819,0.9990643,2.001619,0.4991281
1963-05-16 00:00:00,0,1.3604388,1.0036385,1.999799,0.5018697
1963-05-16 00:00:00,1,1.5506426,1.0002139,2.0013835,0.49976122
1963-05-16 00:00:00,2,0.8022491,0.99558604,2.0014632,0.4974291
1963-05-16 00:00:00,3,0.046109065,0.9993498,1.9966117,0.50052285
1963-05-16 00:00:00,4,0.6829116,1.0006286,2.0093827,0.4979781
1963-05-16 00:00:00,5,0.055226136,0.99698406,2.0032659,0.49767935
1963-05-16 00:00:00,6,0.13925135,1.0020716,2.0009146,0.5008068
1963-05-16 00:00:00,7,0.4686413,1.0019345,2.0057817,0.49952322
1963-05-16 00:00:00,8,1.1108665,1.0024382,2.0073378,0.49938688
1963-05-16 00:00:00,9,0.09139577,0.9988124,2.0106425,0.49676278
1963-05-16 00:00:00,10,0.66282254,0.9959409,2.00073,0.49778876
1963-05-16 00:00:00,11,0.11502816,0.9986137,2.001298,0.49898303
1963-06-15 12:00:00,0,0.1600343,1.0027152,2.0007858,0.5011607
1963-06-15 12:00:00,1,0.04374225,0.99985296,2.0025017,0.4993019
1963-06-15 12:00:00,2,0.048434805,0.99633163,2.0020442,0.49765715
1963-06-15 12:00:00,3,0.3036608,0.9992736,1.997606,0.50023556
1963-06-15 12:00:00,4,0.2908759,1.0009905,2.0091205,0.49822325
1963-06-15 12:00:00,5,0.73861855,0.9972345,2.0031996,0.49782085
1963-06-15 12:00:00,6,0.27038765,1.0012873,2.0017734,0.50020015
1963-06-15 12:00:00,7,0.99834967,1.001608,2.0056698,0.49938828
1963-06-15 12:00:00,8,0.23989516,1.0021316,2.0064757,0.49944866
1963-06-15 12:00:00,9,0.48713347,0.9990244,2.0103483,0.49694094
1963-06-15 12:00:00,10,0.31944984,0.99663216,2.0015156,0.49793872
1963-06-15 12:00:00,11,0.21793783,0.99872154,2.0014377,0.49900207
1963-07-16 00:00:00,0,0.0030746148,0.9869327,1.9801748,0.49840686
1963-07-16 00:00:00,1,0.09526154,0.99620926,1.9943359,0.4995193
1963-07-16 00:00:00,2,0.22241424,0.9961863,1.9845479,0.5019714
1963-07-16 00:00:00,3,0.3444792,0.99207765,1.9733728,0.502732
1963-07-16 00:00:00,4,0.1244427,0.99300736,1.9939255,0.4980163
1963-07-16 00:00:00,5,0.03227908,0.9883406,1.9846348,0.4979962
1963-07-16 00:00:00,6,0.8802637,0.9848531,1.9821721,0.49685547
1963-07-16 00:00:00,7,0.88992304,0.99291223,1.9923862,0.4983533
1963-07-16 00:00:00,8,0.33446106,0.9975426,1.987069,0.5020171
1963-07-16 00:00:00,9,1.6905493,0.99512863,1.9926538,0.49939865
1963-07-16 00:00:00,10,0.6980999,0.9876082,1.9844064,0.49768445
1963-07-16 00:00:00,11,0.7270318,0.99327445,1.9760346,0.50266045
1963-08-16 00:00:00,0,2.4944806,0.9959696,2.0052013,0.49669307
1963-08-16 00:00:00,1,0.22302715,0.99774104,2.0097234,0.4964569
1963-08-16 00:00:00,2,0.74267715,1.0004718,2.0049539,0.49899992
1963-08-16 00:00:00,3,1.0164734,0.99843246,1.9994477,0.49935412
1963-08-16 00:00:00,4,0.13354452,1.0018327,2.0070944,0.4991458
1963-08-16 00:00:00,5,0.018420203,0.99817383,2.0012593,0.49877286
1963-08-16 00:00:00,6,0.09853369,0.9948194,2.0052233,0.49611405
1963-08-16 00:00:00,7,0.5701668,1.0002481,2.0038733,0.49915734
1963-08-16 00:00:00,8,0.037702564,0.99981916,2.001427,0.49955317
1963-08-16 00:00:00,9,0.96853274,1.0005306,2.0085783,0.49812874
1963-08-16 00:00:00,10,0.27561203,0.9991048,2.0027866,0.49885732
1963-08-16 00:00:00,11,0.36676276,0.99807924,1.9987452,0.4993529
1963-09-15 12:00:00,0,0.17938633,0.99791986,2.004577,0.49782068
1963-09-15 12:00:00,1,0.17480007,0.997889,2.0075479,0.49706858
1963-09-15 12:00:00,2,0.026678339,1.0000579,2.0041025,0.49900538
1963-09-15 12:00:00,3,0.75139713,0.99839437,2.002182,0.49865314
1963-09-15 12:00:00,4,1.2560794,1.00232,2.0079625,0.49917272
1963-09-15 12:00:00,5,0.3523445,0.9978279,2.002175,0.49837193
1963-09-15 12:00:00,6,1.0996443,0.99692595,2.0053375,0.49713624
1963-09-15 12:00:00,7,0.35876516,0.99962246,2.0048878,0.4985927
1963-09-15 12:00:00,8,1.9668548,1.000199,2.0014534,0.4997363
1963-09-15 12:00:00,9,0.04321978,1.0001551,2.0083477,0.49799895
1963-09-15 12:00:00,10,1.5012214,0.99942666,2.005154,0.4984289
1963-09-15 12:00:00,11,0.3210046,0.9988368,2.0010095,0.49916646
1963-10-16 00:00:00,0,0.08848939,1.0027198,1.9999825,0.5013643
1963-10-16 00:00:00,1,0.12438435,0.99969774,2.0017295,0.499417
1963-10-16 00:00:00,2,0.20002533,0.99633753,2.0013397,0.4978353
1963-10-16 00:00:00,3,0.0017636453,0.9989927,1.9979734,0.500003
1963-10-16 00:00:00,4,0.027374784,1.0009483,2.0088973,0.49825758
1963-10-16 00:00:00,5,0.02535313,0.99683374,2.0029237,0.4976893
1963-10-16 00:00:00,6,0.0500146,1.0012711,2.001318,0.5003059
1963-10-16 00:00:00,7,0.5248144,1.0010524,2.0055752,0.4991348
1963-10-16 00:00:00,8,0.17311268,1.0020176,2.0057368,0.49957582
1963-10-16 00:00:00,9,0.27110597,0.99884194,2.0096648,0.49701917
1963-10-16 00:00:00,10,0.90763617,0.9964578,2.0020316,0.49772334
1963-10-16 00:00:00,11,1.356227,0.99878854,2.0013225,0.49906427
1963-11-15 12:00:00,0,0.058954746,1.0032879,1.9999716,0.50165105
1963-11-15 12:00:00,1,0.25422874,1.0003872,2.0017874,0.49974698
1963-11-15 12:00:00,2,0.51436234,0.99516976,2.002528,0.49695674
1963-11-15 12:00:00,3,0.2444733,1.0003117,1.9946917,0.5014869
1963-11-15 12:00:00,4,0.010154151,1.0011532,2.0072193,0.4987762
1963-11-15 12:00:00,5,0.047300227,0.997877,2.003853,0.49797913
1963-11-15 12:00:00,6,0.23360865,1.0018089,2.0003688,0.50081205
1963-11-15 12:00:00,7,2.0751588,1.0025105,2.0050535,0.49999192
1963-11-15 12:00:00,8,0.062366992,1.003294,2.0086215,0.4994938
1963-11-15 12:00:00,9,0.5749355,0.9981246,2.0109875,0.49633557
1963-11-15 12:00:00,10,0.08349384,0.9957606,2.0003083,0.49780357
1963-11-15 12:00:00,11,1.6918601,0.99912864,2.0016553,0.4991512
1963-12-16 00:00:00,0,0.011096542,0.99632066,2.0053132,0.49684045
1963-12-16 00:00:00,1,0.21216317,0.99743396,2.0089962,0.49648374
1963-12-16 00:00:00,2,0.5033561,1.0007885,2.0049632,0.49915552
1963-12-16 00:00:00,3,0.4532146,0.99854213,2.001938,0.4987877
1963-12-16 00:00:00,4,0.008350301,1.0027515,2.0064769,0.4997573
1963-12-16 00:00:00,5,0.033073075,0.99827963,2.0019357,0.4986572
1963-12-16 00:00:00,6,0.47479066,0.9954108,2.0056787,0.49629626
1963-12-16 00:00:00,7,0.23772837,0.99936545,2.0041466,0.49864888
1963-12-16 00:00:00,8,0.24539404,1.0000347,2.0006447,0.49985623
1963-12-16 00:00:00,9,0.08198887,1.0000982,2.007871,0.4980889
1963-12-16 00:00:00,10,1.9303459,0.9998171,2.0055351,0.49852884
1963-12-16 00:00:00,11,3.1966147,0.99896115,2.0005903,0.4993332
1964-01-16 00:00:00,0,0.2427076,1.0036945,1.999747,0.50191075
1964-01-16 00:00:00,1,0.7843008,1.0004319,2.0014224,0.49986044
1964-01-16 00:00:00,2,0.070515886,0.9951508,2.0020044,0.49707723
1964-01-16 00:00:00,3,1.3697197,0.99994725,1.9952157,0.50117254
1964-01-16 00:00:00,4,1.685754,1.0008266,2.0082874,0.4983483
1964-01-16 00:00:00,5,0.6288733,0.9974721,2.0036514,0.49782717
1964-01-16 00:00:00,6,0.078722775,1.0021402,2.000446,0.5009583
1964-01-16 00:00:00,7,0.037654236,1.0024296,2.0054219,0.49985972
1964-01-16 00:00:00,8,0.071970336,1.0030135,2.0083997,0.4994093
1964-01-16 00:00:00,9,0.08501938,0.99840134,2.01102,0.49646518
1964-01-16 00:00:00,10,0.6012298,0.9956766,2.0002015,0.49778813
1964-01-16 00:00:00,11,0.026936,0.99885845,2.0014725,0.4990618
1964-02-15 00:00:00,0,0.030357702,0.9958416,2.0052867,0.4966081
1964-02-15 00:00:00,1,0.5165374,0.9973645,2.0094395,0.49633968
1964-02-15 00:00:00,2,0.2706469,1.0009427,2.0048711,0.4992554
1964-02-15 00:00:00,3,0.028069016,0.9983136,2.0013618,0.49881715
1964-02-15 00:00:00,4,3.2458181,1.0024172,2.0066926,0.499537
1964-02-15 00:00:00,5,0.21260525,0.9981186,2.0014586,0.49869558
1964-02-15 00:00:00,6,0.465827,0.9948333,2.00561,0.4960253
1964-02-15 00:00:00,7,0.21949176,0.9994337,2.0039647,0.49872822
1964-02-15 00:00:00,8,0.014451711,0.99972653,2.000361,0.49977306
1964-02-15 00:00:00,9,0.09672793,1.0003432,2.0078456,0.4982172
1964-02-15 00:00:00,10,0.58565265,0.99963987,2.0047848,0.498627
1964-02-15 00:00:00,11,0.24195653,0.9985662,1.9996991,0.49935824
1964-03-16 00:00:00,0,0.35633692,1.0036467,1.9996519,0.50191075
1964-03-16 00:00:00,1,0.6647279,1.0002918,2.0012944,0.49982244
1964-03-16 00:00:00,2,0.08396117,0.9953771,2.0016348,0.4972821
1964-03-16 00:00:00,3,0.20512708,0.99961,1.9959694,0.5008143
1964-03-16 00:00:00,4,0.16246158,1.0007322,2.0087657,0.49818262
1964-03-16 00:00:00,5,1.7938485,0.99717337,2.0034163,0.49773648
1964-03-16 00:00:00,6,0.1181685,1.0020852,2.0006092,0.50089
1964-03-16 00:00:00,7,0.24655296,1.0020876,2.005574,0.49965128
1964-03-16 00:00:00,8,0.31415993,1.0027106,2.0077422,0.49942198
1964-03-16 00:00:00,9,0.97919005,0.9985711,2.0107121,0.49662557
1964-03-16 00:00:00,10,0.8859144,0.9957869,2.0005622,0.49775353
1964-03-16 00:00:00,11,1.0475577,0.9987549,2.0013695,0.49903575
1964-04-15 12:00:00,0,0.9423941,1.0015235,2.0012531,0.50044817
1964-04-15 12:00:00,1,0.016903816,0.99918383,2.0031707,0.49880114
1964-04-15 12:00:00,2,0.038933728,0.99739575,2.0019658,0.4982082
1964-04-15 12:00:00,3,0.19612221,0.9987518,1.999552,0.4994878
1964-04-15 12:00:00,4,0.011581852,1.0013518,2.008838,0.49847317
1964-04-15 12:00:00,5,0.95465714,0.99703443,2.0027423,0.49783462
1964-04-15 12:00:00,6,0.48991337,1.0002367,2.0025256,0.49948764
1964-04-15 12:00:00,7,0.37573886,1.000534,2.0055137,0.49889168
1964-04-15 12:00:00,8,0.0076281913,1.0014791,2.0043988,0.49964067
1964-04-15 12:00:00,9,0.5268284,0.9992235,2.0092182,0.49731955
1964-04-15 12:00:00,10,1.6272731,0.9973843,2.0031407,0.49791026
1964-04-15 12:00:00,11,0.40233132,0.99884933,2.001426,0.49906883
1964-05-16 00:00:00,0,0.18703692,1.0029869,2.000224,0.50143725
1964-05-16 00:00:00,1,1.1527119,0.99988973,2.001902,0.49946985
1964-05-16 00:00:00,2,0.098782845,0.9961476,2.0015864,0.49767902
1964-05-16 00:00:00,3,1.8250568,0.99915165,1.9975519,0.50018805
1964-05-16 00:00:00,4,0.37417072,1.0008532,2.0092118,0.49813226
1964-05-16 00:00:00,5,0.57806605,0.996984,2.003094,0.49772203
1964-05-16 00:00:00,6,0.070249416,1.0015107,2.0014021,0.50040454
1964-05-16 00:00:00,7,0.5339518,1.0014744,2.005701,0.4993139
1964-05-16 00:00:00,8,0.9443067,1.0021375,2.0063925,0.49947235
1964-05-16 00:00:00,9,0.04220467,0.99893224,2.0101712,0.49693888
1964-05-16 00:00:00,10,0.40080172,0.9963909,2.001502,0.49782157
1964-05-16 00:00:00,11,2.6639693,0.9986935,2.0013454,0.49901107
1964-06-15 12:00:00,0,0.2106134,1.0012288,2.001509,0.500237
1964-06-15 12:00:00,1,0.66676176,0.99907285,2.003485,0.4986675
1964-06-15 12:00:00,2,0.8321514,0.99760675,2.002139,0.49827045
1964-06-15 12:00:00,3,0.6798428,0.99874425,1.9997921,0.49942404
1964-06-15 12:00:00,4,0.4819585,1.001471,2.008675,0.49857295
1964-06-15 12:00:00,5,1.20261,0.99711645,2.002722,0.4978806
1964-06-15 12:00:00,6,0.85729015,0.99998266,2.0027366,0.49930814
1964-06-15 12:00:00,7,0.4929735,1.0004284,2.0054476,0.49885544
1964-06-15 12:00:00,8,1.1985744,1.0014068,2.0041447,0.4996679
1964-06-15 12:00:00,9,0.0028942903,0.99925655,2.0091069,0.49736357
1964-06-15 12:00:00,10,0.60588795,0.99757016,2.0033789,0.49794385
1964-06-15 12:00:00,11,0.34411722,0.99889666,2.0014594,0.49908414
1964-07-16 00:00:00,0,0.2227022,0.992885,1.9993398,0.4966064
1964-07-16 00:00:00,1,0.032653764,0.9972669,2.0071814,0.49684942
1964-07-16 00:00:00,2,0.07677311,0.9996988,2.0004678,0.49973252
1964-07-16 00:00:00,3,0.09844796,0.9967988,1.9919318,0.5004181
1964-07-16 00:00:00,4,0.055143528,0.99934244,2.0038183,0.4987191
1964-07-16 00:00:00,5,0.8494117,0.99583197,1.9967593,0.4987241
1964-07-16 00:00:00,6,0.33557472,0.9912824,1.999642,0.49572992
1964-07-16 00:00:00,7,1.0064107,0.9988155,2.0006852,0.4992367
1964-07-16 00:00:00,8,0.44241813,0.9989233,1.9979664,0.49997002
1964-07-16 00:00:00,9,0.8601949,0.9995743,2.0049553,0.4985519
1964-07-16 00:00:00,10,0.25163835,0.9959678,1.9972583,0.4986675
1964-07-16 00:00:00,11,0.26437622,0.99637574,1.9918919,0.50021577
1964-08-16 00:00:00,0,3.7694135,0.9953077,2.005009,0.4964106
1964-08-16 00:00:00,1,0.12540443,0.9974157,2.0097826,0.4962804
1964-08-16 00:00:00,2,0.54901594,1.000834,2.0048094,0.49921653
1964-08-16 00:00:00,3,1.0963233,0.9982728,1.9998091,0.499184
1964-08-16 00:00:00,4,0.22107476,1.0020239,2.0063818,0.49941838
1964-08-16 00:00:00,5,0.4141624,0.9980722,2.0009718,0.49879375
1964-08-16 00:00:00,6,0.34992564,0.99419826,2.0051153,0.49583098
1964-08-16 00:00:00,7,0.38787502,0.9996983,2.003543,0.49896526
1964-08-16 00:00:00,8,0.27712837,0.9996464,2.0004733,0.49970496
1964-08-16 00:00:00,9,1.1316582,1.0003885,2.0078762,0.4982322
1964-08-16 00:00:00,10,0.2857144,0.9992194,2.0034544,0.49874827
1964-08-16 00:00:00,11,0.77592087,0.9981972,1.9985896,0.4994508
1964-09-15 12:00:00,0,1.5535917,0.9903186,1.9919193,0.49716803
1964-09-15 12:00:00,1,0.21085143,0.99687123,2.0025406,0.49780327
1964-09-15 12:00:00,2,0.6290314,0.998313,1.9946102,0.5005053
1964-09-15 12:00:00,3,0.09304092,0.99510616,1.9840639,0.5015495
1964-09-15 12:00:00,4,0.56213003,0.9968931,1.99959,0.49854875
1964-09-15 12:00:00,5,1.2762192,0.9930797,1.9920356,0.49852508
1964-09-15 12:00:00,6,0.041062348,0.98845077,1.992691,0.49603814
1964-09-15 12:00:00,7,0.0016506034,0.9967285,1.9972558,0.49904898
1964-09-15 12:00:00,8,0.34195814,0.99846596,1.9939988,0.5007355
1964-09-15 12:00:00,9,0.04758581,0.9978006,2.0003605,0.49881038
1964-09-15 12:00:00,10,0.980493,0.99252474,1.9919659,0.49826393
1964-09-15 12:00:00,11,1.2541428,0.9951028,1.985474,0.50119156
1964-10-16 00:00:00,0,0.15777995,1.0028007,1.9999796,0.5014055
1964-10-16 00:00:00,1,0.65353304,0.99959797,2.0016403,0.4993894
1964-10-16 00:00:00,2,0.15128748,0.9965686,2.0009298,0.49805275
1964-10-16 00:00:00,3,0.077935375,0.9985781,1.9988593,0.49957398
1964-10-16 00:00:00,4,0.102341115,1.0007504,2.009798,0.4979358
1964-10-16 00:00:00,5,0.9582621,0.9964721,2.0026684,0.4975722
1964-10-16 00:00:00,6,0.12205271,1.001324,2.0016115,0.5002589
1964-10-16 00:00:00,7,0.23284356,1.0007848,2.0058763,0.49892646
1964-10-16 00:00:00,8,0.34983122,1.0016313,2.0051293,0.4995345
1964-10-16 00:00:00,9,0.25677884,0.99915045,2.0094974,0.4972141
1964-10-16 00:00:00,10,0.21289964,0.99658275,2.0022657,0.4977275
1964-10-16 00:00:00,11,0.12134946,0.9985763,2.0011773,0.4989944
1964-11-15 12:00:00,0,0.04256508,1.0032569,1.9999484,0.5016414
1964-11-15 12:00:00,1,1.3209535,1.0003387,2.001758,0.49973005
1964-11-15 12:00:00,2,1.5476973,0.99524605,2.0024238,0.4970207
1964-11-15 12:00:00,3,1.4584286,1.0002124,1.9949242,0.50137866
1964-11-15 12:00:00,4,0.11665626,1.0011337,2.0073397,0.49873656
1964-11-15 12:00:00,5,0.08976068,0.99779224,2.003782,0.4979545
1964-11-15 12:00:00,6,1.380307,1.0017784,2.0004203,0.5007839
1964-11-15 12:00:00,7,0.23440383,1.0023993,2.005091,0.4999271
1964-11-15 12:00:00,8,0.6959587,1.0032032,2.00841,0.49950117
1964-11-15 12:00:00,9,0.8719309,0.9981711,2.0108836,0.49638432
1964-11-15 12:00:00,10,0.6223241,0.9958008,2.0004325,0.49779275
1964-11-15 12:00:00,11,0.12120376,0.99910414,2.0016277,0.49914584
1964-12-16 00:00:00,0,0.16139686,1.0025358,2.0005112,0.5011398
1964-12-16 00:00:00,1,0.4665168,1.0003572,2.002594,0.49953067
1964-12-16 00:00:00,2,0.76126015,0.99514633,2.0036874,0.4966575
1964-12-16 00:00:00,3,0.014341153,1.0011162,1.9934717,0.5021973
1964-12-16 00:00:00,4,0.055609737,1.0017974,2.0051134,0.49962133
1964-12-16 00:00:00,5,1.0405754,0.99876183,2.0043247,0.4983034
1964-12-16 00:00:00,6,2.2809806,1.0012037,2.0002334,0.5005434
1964-12-16 00:00:00,7,0.15454009,1.002814,2.0043337,0.5003229
1964-12-16 00:00:00,8,2.193129,1.0039134,2.0092916,0.4996355
1964-12-16 00:00:00,9,0.9860227,0.9975806,2.0110838,0.49604127
1964-12-16 00:00:00,10,0.30700076,0.9959119,2.0003576,0.49786693
1964-12-16 00:00:00,11,0.40306914,0.99965703,2.0020418,0.49931875
1965-01-16 00:00:00,0,0.41737497,1.0036569,1.9997754,0.5018848
1965-01-16 00:00:00,1,0.4153993,1.0004611,2.0014799,0.49986067
1965-01-16 00:00:00,2,0.026874218,0.9950886,2.0021532,0.49700922
1965-01-16 00:00:00,3,1.5511614,1.0000805,1.9949454,0.5013072
1965-01-16 00:00:00,4,0.11571796,1.0008932,2.0080082,0.49845076
1965-01-16 00:00:00,5,0.23462267,0.9975953,2.003735,0.49786788
1965-01-16 00:00:00,6,0.03607148,1.002113,2.000374,0.5009628
1965-01-16 00:00:00,7,0.19826622,1.0025194,2.0053282,0.49992782
1965-01-16 00:00:00,8,0.20604277,1.0031316,2.008592,0.49942034
1965-01-16 00:00:00,9,0.19736238,0.998312,2.0110812,0.4964056
1965-01-16 00:00:00,10,0.03437768,0.99564904,2.0001285,0.49779254
1965-01-16 00:00:00,11,0.18172751,0.998924,2.0015202,0.49908265
1965-02-14 12:00:00,0,0.032106925,1.000078,2.0018888,0.4995672
1965-02-14 12:00:00,1,0.2597667,0.9984458,2.0040941,0.49820304
1965-02-14 12:00:00,2,0.08750992,0.9985731,2.0020986,0.49876323
1965-02-14 12:00:00,3,0.29139203,0.99830675,2.0014694,0.49878693
1965-02-14 12:00:00,4,0.012743161,1.0018401,2.0082242,0.49886864
1965-02-14 12:00:00,5,0.09780885,0.9969639,2.0023084,0.49790728
1965-02-14 12:00:00,6,0.27706245,0.99896014,2.0033524,0.49864423
1965-02-14 12:00:00,7,0.27596104,0.99943244,2.0052297,0.49841294
1965-02-14 12:00:00,8,0.16365765,1.0008478,2.0022461,0.49986252
1965-02-14 12:00:00,9,0.6249643,0.9993792,2.00803,0.4976914
1965-02-14 12:00:00,10,0.6002151,0.99823034,2.0048943,0.49789676
1965-02-14 12:00:00,11,0.25892588,0.99904925,2.001442,0.49916473
1965-03-16 00:00:00,0,0.98390925,1.0034937,1.9997746,0.5018034
1965-03-16 00:00:00,1,0.52167684,1.000213,2.0014315,0.49974883
1965-03-16 00:00:00,2,0.9358254,0.9955231,2.0016608,0.49734855
1965-03-16 00:00:00,3,0.19018945,0.99954945,1.9962314,0.50071824
1965-03-16 00:00:00,4,0.42218748,1.000779,2.0087717,0.49820447
1965-03-16 00:00:00,5,0.005381844,0.9971664,2.0033696,0.49774462
1965-03-16 00:00:00,6,0.39266068,1.0019548,2.0007517,0.50078917
1965-03-16 00:00:00,7,0.0662219,1.0019758,2.0055718,0.49959606
1965-03-16 00:00:00,8,0.09171316,1.0026237,2.0075014,0.4994386
1965-03-16 00:00:00,9,0.5342389,0.9986177,2.0106053,0.49667516
1965-03-16 00:00:00,10,0.26782897,0.995908,2.0007482,0.4977678
1965-03-16 00:00:00,11,0.51732266,0.9987643,2.0013807,0.49903762
1965-04-15 12:00:00,0,0.13375305,1.0033789,1.9999826,0.5016938
1965-04-15 12:00:00,1,0.26496717,1.0004295,2.0017738,0.4997715
1965-04-15 12:00:00,2,0.116655685,0.9951241,2.0025234,0.49693507
1965-04-15 12:00:00,3,0.23167136,1.0003134,1.9946425,0.50150007
1965-04-15 12:00:00,4,0.28043664,1.0011069,2.0073583,0.49871856
1965-04-15 12:00:00,5,0.57906896,0.99786943,2.0038688,0.49797145
1965-04-15 12:00:00,6,0.08108032,1.0018873,2.0003765,0.50084937
1965-04-15 12:00:00,7,0.14010231,1.0025833,2.005105,0.5000153
1965-04-15 12:00:00,8,0.030682072,1.0032986,2.0087326,0.4994685
1965-04-15 12:00:00,9,2.3930862,0.9981579,2.0110831,0.49632853
1965-04-15 12:00:00,10,0.7428294,0.99573255,2.000196,0.4978175
1965-04-15 12:00:00,11,0.2648255,0.9990903,2.0016437,0.49913496
1965-05-16 00:00:00,0,0.34314477,0.9997526,2.0034447,0.49901682
1965-05-16 00:00:00,1,0.1139184,0.99872077,2.0057986,0.4979168
1965-05-16 00:00:00,2,0.013276558,0.99852175,2.003793,0.4983158
1965-05-16 00:00:00,3,0.25671217,0.99911374,2.0001423,0.49952132
1965-05-16 00:00:00,4,0.56734973,1.0021045,2.0077825,0.4991101
1965-05-16 00:00:00,5,0.87537473,0.99799913,2.0029387,0.4982674
1965-05-16 00:00:00,6,0.3440457,0.99869204,2.0040298,0.49834192
1965-05-16 00:00:00,7,0.18668409,1.000582,2.0050743,0.4990249
1965-05-16 00:00:00,8,0.35425285,1.00128,2.0038753,0.4996718
1965-05-16 00:00:00,9,0.042457998,0.9995024,2.009303,0.49743736
1965-05-16 00:00:00,10,0.25489947,0.9985023,2.003847,0.4982927
1965-05-16 00:00:00,11,0.54032165,0.9990801,2.0016406,0.49913064
1965-06-15 12:00:00,0,0.2547951,1.0027239,2.0008526,0.50114834
1965-06-15 12:00:00,1,0.16163673,0.9998303,2.002544,0.4992801
1965-06-15 12:00:00,2,0.57750165,0.9964061,2.0019846,0.49770916
1965-06-15 12:00:00,3,0.41499,0.9991758,1.9978418,0.50012755
1965-06-15 12:00:00,4,0.6845608,1.0009432,2.0093818,0.4981349
1965-06-15 12:00:00,5,1.1145477,0.9971642,2.0031457,0.49779913
1965-06-15 12:00:00,6,0.7000784,1.0012919,2.0018976,0.50017136
1965-06-15 12:00:00,7,0.3220153,1.0015656,2.005758,0.49934515
1965-06-15 12:00:00,8,0.60936713,1.0020273,2.0063431,0.49942967
1965-06-15 12:00:00,9,0.36810744,0.9991253,2.0103424,0.49699262
1965-06-15 12:00:00,10,0.042089023,0.9966888,2.0015574,0.49795663
1965-06-15 12:00:00,11,0.07332769,0.9986596,2.0014067,0.49897885
1965-07-16 00:00:00,0,0.9127209,1.0007148,2.002748,0.49967083
1965-07-16 00:00:00,1,0.9240476,0.99886715,2.004798,0.49823833
1965-07-16 00:00:00,2,0.51941144,0.9983249,2.0026326,0.49850625
1965-07-16 00:00:00,3,1.8210891,0.99843544,2.00096,0.49897817
1965-07-16 00:00:00,4,0.08528559,1.0014279,2.009791,0.49827465
1965-07-16 00:00:00,5,0.47795177,0.99716336,2.0025668,0.49794263
1965-07-16 00:00:00,6,1.2981858,0.99948955,2.003956,0.4987582
1965-07-16 00:00:00,7,1.1908584,1.0004445,2.0057757,0.49878186
1965-07-16 00:00:00,8,1.2158767,1.0008233,2.0035818,0.49951705
1965-07-16 00:00:00,9,0.029661745,0.9999474,2.009357,0.4976455
1965-07-16 00:00:00,10,0.18495868,0.9981948,2.003551,0.4982128
1965-07-16 00:00:00,11,0.06154044,0.9985765,2.0012891,0.49896663
1965-08-16 00:00:00,0,0.2803291,1.0022106,2.0008054,0.5009036
1965-08-16 00:00:00,1,2.4610155,0.99946237,2.0025787,0.49908766
1965-08-16 00:00:00,2,0.3973332,0.9969298,2.001642,0.49805602
1965-08-16 00:00:00,3,0.28912878,0.9987691,1.9990089,0.49963215
1965-08-16 00:00:00,4,0.41826048,1.0010507,2.0093687,0.49819165
1965-08-16 00:00:00,5,0.10400098,0.99687374,2.0028026,0.49773937
1965-08-16 00:00:00,6,0.32131496,1.0008295,2.002149,0.49987757
1965-08-16 00:00:00,7,0.47970107,1.0008547,2.0057201,0.4990002
1965-08-16 00:00:00,8,0.0732606,1.0016214,2.0050578,0.49954736
1965-08-16 00:00:00,9,0.5044723,0.99921906,2.009586,0.4972263
1965-08-16 00:00:00,10,0.2524708,0.99699503,2.0024943,0.49787658
1965-08-16 00:00:00,11,0.09914919,0.9986955,2.001336,0.49901438
1965-09-15 12:00:00,0,0.44136456,0.9971629,2.0053647,0.49724767
1965-09-15 12:00:00,1,0.6001665,0.9978525,2.0087147,0.49676168
1965-09-15 12:00:00,2,0.2502856,1.0002294,2.0051188,0.49883795
1965-09-15 12:00:00,3,0.21715072,0.9988485,2.0012712,0.499107
1965-09-15 12:00:00,4,0.011074938,1.0026017,2.0069704,0.4995598
1965-09-15 12:00:00,5,0.07615652,0.9984563,2.0023556,0.49864087
1965-09-15 12:00:00,6,2.2103388,0.99622494,2.0055816,0.4967262
1965-09-15 12:00:00,7,0.00933044,1.0000169,2.004447,0.49889916
1965-09-15 12:00:00,8,1.4642055,1.0004007,2.0019107,0.49972293
1965-09-15 12:00:00,9,0.4470618,1.0000869,2.0086546,0.49788895
1965-09-15 12:00:00,10,0.7566903,0.9996031,2.0047748,0.49861115
1965-09-15 12:00:00,11,0.26033938,0.9989397,2.0008957,0.49924624
1965-10-16 00:00:00,0,0.070057556,0.9913625,1.9960486,0.49666253
1965-10-16 00:00:00,1,0.48196304,0.996836,2.0052485,0.49711344
1965-10-16 00:00:00,2,1.0211356,0.99942136,1.9978652,0.5002446
1965-10-16 00:00:00,3,1.2383775,0.99590784,1.9890285,0.50070065
1965-10-16 00:00:00,4,0.0877596,0.99844044,2.0016975,0.49879685
1965-10-16 00:00:00,5,0.13562424,0.9945331,1.9945142,0.49863425
1965-10-16 00:00:00,6,0.5843707,0.98963284,1.996625,0.49565285
1965-10-16 00:00:00,7,0.0078059616,0.99752474,1.9990599,0.4989969
1965-10-16 00:00:00,8,0.24973589,0.99854,1.9955233,0.50039005
1965-10-16 00:00:00,9,0.30939564,0.9987639,2.0025651,0.49874228
1965-10-16 00:00:00,10,0.08261845,0.9945542,1.9956263,0.49836695
1965-10-16 00:00:00,11,0.5793719,0.99585307,1.9890767,0.50066096
1965-11-15 12:00:00,0,0.20224324,1.0030892,2.0002468,0.5014827
1965-11-15 12:00:00,1,1.2874918,1.0004776,2.0021625,0.4996985
1965-11-15 12:00:00,2,0.05770008,0.9950169,2.0031614,0.49672326
1965-11-15 12:00:00,3,0.0047192974,1.0007907,1.9938143,0.5019478
1965-11-15 12:00:00,4,0.4226946,1.0014131,2.006284,0.49913827
1965-11-15 12:00:00,5,0.0972882,0.99836326,2.004165,0.49814427
1965-11-15 12:00:00,6,0.41308987,1.0016612,2.0002506,0.5007678
1965-11-15 12:00:00,7,0.19516848,1.0028565,2.0047426,0.500242
1965-11-15 12:00:00,8,0.32491353,1.0036846,2.009293,0.4995213
1965-11-15 12:00:00,9,0.6965962,0.9978607,2.0112562,0.49613804
1965-11-15 12:00:00,10,0.15039465,0.99574745,2.0000606,0.49785864
1965-11-15 12:00:00,11,0.027199669,0.9993525,2.0018475,0.4992151
1965-12-16 00:00:00,0,0.09589351,1.0037872,1.9997946,0.50194514
1965-12-16 00:00:00,1,0.5221506,1.0005349,2.0014699,0.49990004
1965-12-16 00:00:00,2,0.11258568,0.9949982,2.002186,0.49695593
1965-12-16 00:00:00,3,0.0074895243,1.0001221,1.9947882,0.50136757
1965-12-16 00:00:00,4,0.072118245,1.0008411,2.0081367,0.4983929
1965-12-16 00:00:00,5,0.0865797,0.997618,2.0037827,0.49786735
1965-12-16 00:00:00,6,0.21536289,1.0022267,2.00036,0.5010232
1965-12-16 00:00:00,7,1.3696171,1.002656,2.0053782,0.49998346
1965-12-16 00:00:00,8,0.5688576,1.0031743,2.008818,0.4993854
1965-12-16 00:00:00,9,0.2744562,0.9983347,2.0112436,0.4963768
1965-12-16 00:00:00,10,0.24846576,0.99559504,1.9999356,0.49781355
1965-12-16 00:00:00,11,0.25438613,0.9988849,2.0015159,0.4990642
1966-01-16 00:00:00,0,0.044322748,1.0034984,1.9996073,0.50184774
1966-01-16 00:00:00,1,0.6068566,1.0001165,2.0012398,0.49974844
1966-01-16 00:00:00,2,0.13333538,0.99565446,2.0013227,0.4974982
1966-01-16 00:00:00,3,0.42887697,0.9992908,1.996754,0.50045764
1966-01-16 00:00:00,4,0.44880074,1.0006919,2.009111,0.49807698
1966-01-16 00:00:00,5,0.3301781,0.9969127,2.0031843,0.497664
1966-01-16 00:00:00,6,0.5810475,1.0019457,2.0008001,0.50077254
1966-01-16 00:00:00,7,1.3997747,1.0017064,2.005679,0.49943507
1966-01-16 00:00:00,8,1.6105753,1.0024104,2.0070155,0.49945325
1966-01-16 00:00:00,9,0.22220458,0.9987188,2.01035,0.49678853
1966-01-16 00:00:00,10,0.6878994,0.9959434,2.001009,0.49772063
1966-01-16 00:00:00,11,0.17655626,0.9986888,2.0012894,0.4990227
1966-02-14 12:00:00,0,0.6270168,1.0037,1.9995596,0.5019605
1966-02-14 12:00:00,1,0.3965279,1.0002108,2.001149,0.49981827
1966-02-14 12:00:00,2,1.4332874,0.9955248,2.0012932,0.4974408
1966-02-14 12:00:00,3,2.18785,0.99931383,1.9965767,0.5005136
1966-02-14 12:00:00,4,0.45131987,1.0006013,2.0093157,0.49798113
1966-02-14 12:00:00,5,0.17080057,0.9968974,2.0032225,0.49764687
1966-02-14 12:00:00,6,0.039224975,1.0021183,2.000745,0.5008726
1966-02-14 12:00:00,7,0.9598307,1.0018537,2.0057557,0.4994894
1966-02-14 12:00:00,8,0.6241844,1.0024514,2.0072708,0.49941015
1966-02-14 12:00:00,9,0.077356756,0.99874705,2.0105278,0.49675864
1966-02-14 12:00:00,10,0.2695125,0.9958474,2.00077,0.49773204
1966-02-14 12:00:00,11,0.114595816,0.9986274,2.0012653,0.49899802
1966-03-16 00:00:00,0,0.17533857,1.0007238,2.001308,0.5000349
1966-03-16 00:00:00,1,0.7461084,0.9987189,2.003393,0.49851376
1966-03-16 00:00:00,2,0.20753281,0.99804497,2.0017874,0.4985769
1966-03-16 00:00:00,3,0.6290666,0.998413,2.0007398,0.49902192
1966-03-16 00:00:00,4,0.05235139,1.0016166,2.0083861,0.49871713
1966-03-16 00:00:00,5,2.048427,0.9968571,2.0024107,0.4978285
1966-03-16 00:00:00,6,0.030332454,0.99952644,2.00281,0.49906203
1966-03-16 00:00:00,7,0.88633275,0.99971914,2.0053146,0.49853483
1966-03-16 00:00:00,8,0.46573535,1.0010993,2.0029442,0.49981388
1966-03-16 00:00:00,9,0.46437216,0.99923086,2.0083044,0.4975495
1966-03-16 00:00:00,10,0.37124166,0.99779046,2.0043106,0.49782225
1966-03-16 00:00:00,11,0.07181744,0.99899703,2.0014062,0.49914756
1966-04-15 12:00:00,0,0.21826468,0.9981145,2.0036602,0.4981456
1966-04-15 12:00:00,1,0.3832629,0.9978482,2.0064251,0.4973264
1966-04-15 12:00:00,2,0.12126643,0.99974906,2.003665,0.4989602
1966-04-15 12:00:00,3,0.73303205,0.99858505,2.002107,0.4987671
1966-04-15 12:00:00,4,0.20697047,1.0026547,2.0067017,0.49965307
1966-04-15 12:00:00,5,0.8145584,0.9977933,2.0023518,0.49831071
1966-04-15 12:00:00,6,0.20839366,0.99721783,2.0045547,0.49747598
1966-04-15 12:00:00,7,0.6734518,0.9991554,2.0045931,0.49843302
1966-04-15 12:00:00,8,0.002237063,1.000625,2.0012796,0.4999926
1966-04-15 12:00:00,9,0.22052391,0.9994832,2.0076728,0.49783173
1966-04-15 12:00:00,10,0.22971798,0.9992526,2.0059388,0.49814713
1966-04-15 12:00:00,11,0.33032086,0.9993691,2.0015616,0.49929467
1966-05-16 00:00:00,0,0.5749246,0.9984321,2.0042646,0.49815384
1966-05-16 00:00:00,1,0.10472192,0.9981867,2.0070171,0.49734837
1966-05-16 00:00:00,2,0.75727737,0.99944615,2.0043373,0.4986417
1966-05-16 00:00:00,3,0.15418509,0.9989582,2.0011282,0.49919748
1966-05-16 00:00:00,4,0.036081605,1.0025189,2.0070999,0.4994863
1966-05-16 00:00:00,5,0.7219019,0.99818915,2.0026834,0.49842584
1966-05-16 00:00:00,6,0.026024925,0.9974793,2.0047657,0.49755406
1966-05-16 00:00:00,7,0.06995711,1.0000216,2.004727,0.49883184
1966-05-16 00:00:00,8,0.65801686,1.0008634,2.0025728,0.4997888
1966-05-16 00:00:00,9,0.4228989,0.99965847,2.0086772,0.49767002
1966-05-16 00:00:00,10,0.3494838,0.9991458,2.004864,0.4983609
1966-05-16 00:00:00,11,0.003523993,0.99918795,2.0015273,0.49921274
1966-06-15 12:00:00,0,1.4939004,0.9948184,2.0043433,0.49633133
1966-06-15 12:00:00,1,0.15677267,0.9973164,2.0096393,0.4962664
1966-06-15 12:00:00,2,0.882047,1.0008355,2.0042765,0.49935004
1966-06-15 12:00:00,3,0.08421983,0.9979863,1.998929,0.49926051
1966-06-15 12:00:00,4,0.1376024,1.0016547,2.0061393,0.49929473
1966-06-15 12:00:00,5,2.452835,0.9977337,2.0003154,0.49878818
1966-06-15 12:00:00,6,1.5540237,0.99361044,2.0045002,0.49568987
1966-06-15 12:00:00,7,1.4368362,0.9995228,2.0031602,0.49897295
1966-06-15 12:00:00,8,0.8200364,0.999415,1.9999317,0.49972457
1966-06-15 12:00:00,9,0.11808073,1.000379,2.0074532,0.4983324
1966-06-15 12:00:00,10,0.15587302,0.9988157,2.0027242,0.49872854
1966-06-15 12:00:00,11,0.78713846,0.9978747,1.9975669,0.49954504
1966-07-16 00:00:00,0,1.8238242,0.9936364,2.0022407,0.49626225
1966-07-16 00:00:00,1,0.1549801,0.99715155,2.00881,0.49638918
1966-07-16 00:00:00,2,0.075465806,1.0005538,2.0027392,0.4995927
1966-07-16 00:00:00,3,0.14228018,0.99742556,1.9960376,0.49970278
1966-07-16 00:00:00,4,0.1754333,1.0007616,2.0048797,0.49916294
1966-07-16 00:00:00,5,0.008755775,0.996928,1.9986658,0.49879673
1966-07-16 00:00:00,6,0.04752616,0.9922422,2.0024207,0.49552137
1966-07-16 00:00:00,7,0.9262758,0.9990662,2.001964,0.49904302
1966-07-16 00:00:00,8,0.03692241,0.99911267,1.9987361,0.4998722
1966-07-16 00:00:00,9,0.7074278,1.0000178,2.0062182,0.49845913
1966-07-16 00:00:00,10,1.6176306,0.99762774,2.0006413,0.49865395
1966-07-16 00:00:00,11,0.8827788,0.9972251,1.9950402,0.49985215
1966-08-16 00:00:00,0,0.17310433,0.9941959,2.002312,0.49652398
1966-08-16 00:00:00,1,0.51675886,0.99741143,2.0087216,0.4965404
1966-08-16 00:00:00,2,0.940889,1.0002673,2.0026753,0.49946553
1966-08-16 00:00:00,3,0.77186126,0.9974336,1.9957737,0.4997729
1966-08-16 00:00:00,4,0.06155423,1.0004492,2.0057132,0.4987997
1966-08-16 00:00:00,5,0.5255156,0.99687505,1.9987912,0.49873894
1966-08-16 00:00:00,6,1.8715148,0.99275106,2.0025508,0.49574324
1966-08-16 00:00:00,7,0.11594981,0.9994787,2.0022662,0.49917373
1966-08-16 00:00:00,8,0.12701058,0.9991274,1.9994133,0.4997103
1966-08-16 00:00:00,9,0.21484564,1.0002476,2.006712,0.498451
1966-08-16 00:00:00,10,1.1995149,0.99750704,1.9999232,0.49877265
1966-08-16 00:00:00,11,1.053119,0.99702924,1.9949276,0.49978215
1966-09-15 12:00:00,0,0.073525995,0.99589574,2.0054145,0.49660346
1966-09-15 12:00:00,1,0.5679576,0.99753636,2.009652,0.4963727
1966-09-15 12:00:00,2,1.8225067,1.0007191,2.0051918,0.49906403
1966-09-15 12:00:00,3,0.17318724,0.99856836,2.000526,0.4991529
1966-09-15 12:00:00,4,0.9810889,1.0023766,2.0065036,0.4995638
1966-09-15 12:00:00,5,0.23777962,0.99835306,2.001599,0.49877775
1966-09-15 12:00:00,6,0.5550421,0.9948658,2.0054874,0.49607182
1966-09-15 12:00:00,7,0.30650866,0.9998478,2.003878,0.4989564
1966-09-15 12:00:00,8,0.4233578,0.9999415,2.0010366,0.49971175
1966-09-15 12:00:00,9,0.20623802,1.0002925,2.008244,0.49809313
1966-09-15 12:00:00,10,0.094009966,0.9994912,2.004163,0.49870753
1966-09-15 12:00:00,11,0.26806873,0.9985353,1.9996097,0.4993651
1966-10-16 00:00:00,0,0.39313737,0.98715174,1.9809033,0.49833414
1966-10-16 00:00:00,1,0.9445188,0.996278,1.994854,0.499424
1966-10-16 00:00:00,2,0.25821614,0.9962882,1.9851998,0.5018579
1966-10-16 00:00:00,3,0.08582511,0.9922838,1.9739362,0.50269294
1966-10-16 00:00:00,4,0.41540617,0.9932425,1.9942697,0.49804822
1966-10-16 00:00:00,5,1.8125846,0.98865384,1.9850998,0.49803734
1966-10-16 00:00:00,6,0.026766311,0.9850792,1.9827852,0.4968159
1966-10-16 00:00:00,7,0.33756837,0.9931941,1.9927006,0.49841613
1966-10-16 00:00:00,8,0.15179183,0.99762917,1.987573,0.50193334
1966-10-16 00:00:00,9,0.934953,0.9952827,1.9931872,0.49934232
1966-10-16 00:00:00,10,1.3128856,0.98788303,1.9848081,0.49772218
1966-10-16 00:00:00,11,0.4552242,0.9933798,1.9766182,0.5025653
1966-11-15 12:00:00,0,0.83839464,1.0035521,1.9997929,0.501828
1966-11-15 12:00:00,1,0.33999705,1.0004138,2.0015216,0.4998266
1966-11-15 12:00:00,2,0.3181957,0.99514997,2.002171,0.49703544
1966-11-15 12:00:00,3,0.38235053,1.0000752,1.99502,0.5012858
1966-11-15 12:00:00,4,0.74896115,1.0009433,2.0078824,0.49850693
1966-11-15 12:00:00,5,0.25563267,0.9976076,2.0037184,0.49787813
1966-11-15 12:00:00,6,0.28905737,1.0020232,2.0003922,0.5009134
1966-11-15 12:00:00,7,1.1941539,1.0024451,2.0052812,0.49990252
1966-11-15 12:00:00,8,0.532237,1.0031178,2.0084677,0.49944434
1966-11-15 12:00:00,9,0.36115324,0.9982894,2.0109882,0.4964173
1966-11-15 12:00:00,10,0.34964964,0.99569386,2.0002499,0.49778473
1966-11-15 12:00:00,11,0.034011886,0.99896026,2.0015342,0.49909726
1966-12-16 00:00:00,0,0.30953708,1.0036339,1.9998548,0.50185335
1966-12-16 00:00:00,1,1.0213393,1.0005,2.0015776,0.4998557
1966-12-16 00:00:00,2,0.83211356,0.9950323,2.0023227,0.49693903
1966-12-16 00:00:00,3,0.13161662,1.0002103,1.9946929,0.5014357
1966-12-16 00:00:00,4,0.4440927,1.0009476,2.0078044,0.49852845
1966-12-16 00:00:00,5,0.4108093,0.99772406,2.0038242,0.49790996
1966-12-16 00:00:00,6,0.8348549,1.0020998,2.0003462,0.50096315
1966-12-16 00:00:00,7,0.5171317,1.0026375,2.0052621,0.5000032
1966-12-16 00:00:00,8,0.6881838,1.0032382,2.0088105,0.49941903
1966-12-16 00:00:00,9,0.054239996,0.99825263,2.0111868,0.49635002
1966-12-16 00:00:00,10,0.27753392,0.9956366,2.0000236,0.49781242
1966-12-16 00:00:00,11,0.006629322,0.99897116,2.001568,0.49909428
1967-01-16 00:00:00,0,0.393509,1.002838,2.000405,0.5013175
1967-01-16 00:00:00,1,0.56134284,1.0004436,2.0024006,0.49962208
1967-01-16 00:00:00,2,0.51757914,0.9950487,2.0034719,0.49666217
1967-01-16 00:00:00,3,0.82188797,1.0009921,1.9935514,0.502115
1967-01-16 00:00:00,4,0.3499536,1.0016049,2.005687,0.49938247
1967-01-16 00:00:00,5,0.2770441,0.99859726,2.0042765,0.4982333
1967-01-16 00:00:00,6,0.32717717,1.0014561,2.0002356,0.5006691
1967-01-16 00:00:00,7,0.16117197,1.002895,2.0045364,0.5003127
1967-01-16 00:00:00,8,0.36439824,1.0038321,2.0093954,0.49956924
1967-01-16 00:00:00,9,0.3227715,0.9977146,2.0112338,0.49607092
1967-01-16 00:00:00,10,0.26885703,0.99581563,2.0001395,0.4978731
1967-01-16 00:00:00,11,0.20701934,0.9995052,2.0019543,0.49926475
1967-02-14 12:00:00,0,0.17406647,0.9965477,2.005105,0.49700522
1967-02-14 12:00:00,1,1.1549999,0.99741274,2.0086095,0.49656877
1967-02-14 12:00:00,2,0.16369489,1.0007787,2.0046647,0.499225
1967-02-14 12:00:00,3,0.57565933,0.99841225,2.0024354,0.49859896
1967-02-14 12:00:00,4,0.5051982,1.0027487,2.006702,0.4996999
1967-02-14 12:00:00,5,0.13994595,0.9981057,2.001937,0.49857
1967-02-14 12:00:00,6,0.59681505,0.99565095,2.0056655,0.49641922
1967-02-14 12:00:00,7,0.20753597,0.9991571,2.0042953,0.49850792
1967-02-14 12:00:00,8,0.15680099,0.9999877,2.0004177,0.49988946
1967-02-14 12:00:00,9,0.02065412,1.0000852,2.0076942,0.49812627
1967-02-14 12:00:00,10,0.676304,0.99984664,2.0058854,0.4984565
1967-02-14 12:00:00,11,0.85576457,0.99901444,2.000775,0.4993137
1967-03-16 00:00:00,0,0.23821191,1.0035484,1.999914,0.50179577
1967-03-16 00:00:00,1,0.71533877,1.0005037,2.0016713,0.49983415
1967-03-16 00:00:00,2,0.13121729,0.99501413,2.0024757,0.49689198
1967-03-16 00:00:00,3,0.00098484,1.0003245,1.9945022,0.50154096
1967-03-16 00:00:00,4,0.027294032,1.0010295,2.0075197,0.49863994
1967-03-16 00:00:00,5,0.54319245,0.9978433,2.0038924,0.49795255
1967-03-16 00:00:00,6,0.13125387,1.0020314,2.0003128,0.5009374
1967-03-16 00:00:00,7,0.13969241,1.0026894,2.0051656,0.50005317
1967-03-16 00:00:00,8,0.5155366,1.0033303,2.008925,0.49943644
1967-03-16 00:00:00,9,0.54823804,0.9981744,2.01121,0.49630544
1967-03-16 00:00:00,10,0.7676943,0.9956443,2.000012,0.49781916
1967-03-16 00:00:00,11,0.16302325,0.9990413,2.0016189,0.49911666
1967-04-15 12:00:00,0,1.6952573,1.0030195,2.0002291,0.50145227
1967-04-15 12:00:00,1,0.83959734,1.000421,2.002153,0.49967265
1967-04-15 12:00:00,2,0.009004576,0.99509674,2.0030916,0.49678046
1967-04-15 12:00:00,3,0.4500863,1.0007186,1.994009,0.50186265
1967-04-15 12:00:00,4,0.12347594,1.0014231,2.0063026,0.49913862
1967-04-15 12:00:00,5,0.3933673,0.9983074,2.0041063,0.49813098
1967-04-15 12:00:00,6,0.3023721,1.0015985,2.000288,0.5007271
1967-04-15 12:00:00,7,0.51169956,1.0027404,2.004744,0.50018376
1967-04-15 12:00:00,8,0.003229281,1.003616,2.0090845,0.49953896
1967-04-15 12:00:00,9,2.0084898,0.997879,2.0111346,0.49617714
1967-04-15 12:00:00,10,0.028281312,0.9957927,2.000207,0.49784482
1967-04-15 12:00:00,11,0.19587854,0.99935395,2.001834,0.4992192
1967-05-16 00:00:00,0,0.6573949,1.0006821,2.001896,0.4998672
1967-05-16 00:00:00,1,0.6954183,0.99886876,2.003994,0.498439
1967-05-16 00:00:00,2,0.06286569,0.9979564,2.0024524,0.4983671
1967-05-16 00:00:00,3,0.26027092,0.99877006,2.0001357,0.49935114
1967-05-16 00:00:00,4,1.432683,1.0017191,2.00821,0.49881196
1967-05-16 00:00:00,5,0.2993779,0.9972839,2.002702,0.49796918
1967-05-16 00:00:00,6,0.8740281,0.99951166,2.0030322,0.4989993
1967-05-16 00:00:00,7,0.99963236,1.0002215,2.0052693,0.49879658
1967-05-16 00:00:00,8,0.0026721705,1.0013249,2.0037034,0.49973708
1967-05-16 00:00:00,9,0.28658426,0.9992495,2.0088606,0.49742103
1967-05-16 00:00:00,10,0.40753344,0.99787277,2.0038397,0.49798033
1967-05-16 00:00:00,11,0.03760501,0.9990262,2.0015376,0.49912935
1967-06-15 12:00:00,0,0.25684178,1.0024532,2.0006835,0.50105536
1967-06-15 12:00:00,1,0.49362367,0.9997239,2.00247,0.49924538
1967-06-15 12:00:00,2,0.09370707,0.99645096,2.0020094,0.49772543
1967-06-15 12:00:00,3,0.07068548,0.99926263,1.9977417,0.5001961
1967-06-15 12:00:00,4,0.14022563,1.0011305,2.0086596,0.4984072
1967-06-15 12:00:00,5,0.46127298,0.997238,2.0031419,0.49783692
1967-06-15 12:00:00,6,0.06658697,1.0010638,2.0016956,0.5001079
1967-06-15 12:00:00,7,0.33235213,1.00136,2.0055025,0.49930632
1967-06-15 12:00:00,8,0.84619075,1.002129,2.0061176,0.4995365
1967-06-15 12:00:00,9,0.28578335,0.9988953,2.010019,0.4969581
1967-06-15 12:00:00,10,0.9909732,0.99669576,2.0018733,0.49788156
1967-06-15 12:00:00,11,0.23219168,0.99885076,2.0014746,0.4990574
1967-07-16 00:00:00,0,0.45684248,0.99601656,2.004963,0.49677554
1967-07-16 00:00:00,1,0.46160406,0.99775577,2.009583,0.4964989
1967-07-16 00:00:00,2,0.56545186,1.0004288,2.0046437,0.49905568
1967-07-16 00:00:00,3,1.9731395,0.9982503,1.9992862,0.49930337
1967-07-16 00:00:00,4,0.17719941,1.0015769,2.007455,0.49892867
1967-07-16 00:00:00,5,0.08456622,0.9979508,2.0010262,0.4987195
1967-07-16 00:00:00,6,0.16989192,0.9948081,2.0050983,0.4961393
1967-07-16 00:00:00,7,0.7739763,1.0002426,2.0038943,0.49914938
1967-07-16 00:00:00,8,0.8106642,0.9996634,2.0013082,0.49950498
1967-07-16 00:00:00,9,0.44035476,1.000651,2.008536,0.49819916
1967-07-16 00:00:00,10,0.22338137,0.99894726,2.0024133,0.49887168
1967-07-16 00:00:00,11,0.25783303,0.99786896,1.998351,0.4993462
1967-08-16 00:00:00,0,0.23050484,0.9964717,2.0051951,0.496945
1967-08-16 00:00:00,1,0.1658862,0.9975304,2.0090654,0.49651465
1967-08-16 00:00:00,2,0.7794441,1.0007846,2.0044835,0.4992731
1967-08-16 00:00:00,3,0.53863627,0.9980882,2.0017848,0.49859914
1967-08-16 00:00:00,4,1.3953992,1.0021108,2.0078266,0.4991023
1967-08-16 00:00:00,5,0.1981354,0.9978361,2.001467,0.49855238
1967-08-16 00:00:00,6,0.116131365,0.99541897,2.0057695,0.49627784
1967-08-16 00:00:00,7,0.12490376,0.9995351,2.0044293,0.49866316
1967-08-16 00:00:00,8,0.15930495,0.9995878,2.000543,0.4996582
1967-08-16 00:00:00,9,0.1259191,1.0006069,2.008092,0.4982874
1967-08-16 00:00:00,10,0.54079646,0.9995903,2.004548,0.49866116
1967-08-16 00:00:00,11,0.5836217,0.9983686,1.9997157,0.49925527
1967-09-15 12:00:00,0,0.030960098,0.99794173,2.0048628,0.49776062
1967-09-15 12:00:00,1,0.049932174,0.99796206,2.0078504,0.49703008
1967-09-15 12:00:00,2,0.877378,1.0000457,2.0043314,0.4989423
1967-09-15 12:00:00,3,0.7711058,0.9984638,2.0020015,0.4987328
1967-09-15 12:00:00,4,0.2539323,1.0022682,2.0081778,0.49909335
1967-09-15 12:00:00,5,0.5155306,0.9979389,2.002242,0.4984107
1967-09-15 12:00:00,6,0.13443173,0.996936,2.0055132,0.4970977
1967-09-15 12:00:00,7,0.51860195,0.9998635,2.0049484,0.49869788
1967-09-15 12:00:00,8,0.68859124,1.000203,2.001752,0.49966383
1967-09-15 12:00:00,9,0.07370309,1.0002747,2.008642,0.49798554
1967-09-15 12:00:00,10,0.6359844,0.9994562,2.0048454,0.49852034
1967-09-15 12:00:00,11,1.3089472,0.99874973,2.0009563,0.4991362
1967-10-16 00:00:00,0,0.503877,0.99784744,2.0039563,0.49793872
1967-10-16 00:00:00,1,0.08022177,0.99772716,2.0068529,0.4971601
1967-10-16 00:00:00,2,0.24361493,1.0000435,2.0037184,0.49909386
1967-10-16 00:00:00,3,0.10907505,0.9983843,2.002502,0.49856845
1967-10-16 00:00:00,4,0.121797815,1.0025754,2.007109,0.4995122
1967-10-16 00:00:00,5,0.05613768,0.9977087,2.0021665,0.49831453
1967-10-16 00:00:00,6,0.25139657,0.996924,2.0049036,0.49724287
1967-10-16 00:00:00,7,1.0002654,0.9990808,2.004661,0.4983789
1967-10-16 00:00:00,8,0.8822795,1.000332,2.0009017,0.4999406
1967-10-16 00:00:00,9,0.54358757,0.99974966,2.0076509,0.4979699
1967-10-16 00:00:00,10,1.1420944,0.9994004,2.005984,0.49820954
1967-10-16 00:00:00,11,0.49046466,0.9991867,2.0013142,0.49926528
1967-11-15 12:00:00,0,0.6692299,1.0035279,1.9996444,0.50185317
1967-11-15 12:00:00,1,0.5329164,1.000181,2.0012898,0.49976817
1967-11-15 12:00:00,2,0.17037082,0.99555075,2.00148,0.49740726
1967-11-15 12:00:00,3,0.48005947,0.99943745,1.99642,0.5006148
1967-11-15 12:00:00,4,0.14215833,1.0007286,2.008912,0.49814454
1967-11-15 12:00:00,5,0.024299122,0.9970407,2.0032873,0.4977023
1967-11-15 12:00:00,6,0.023753839,1.0019767,2.000726,0.50080657
1967-11-15 12:00:00,7,0.17284758,1.0018599,2.0056155,0.49952742
1967-11-15 12:00:00,8,0.5302019,1.0025431,2.0073102,0.49944603
1967-11-15 12:00:00,9,0.4319672,0.99864614,2.0104897,0.49671787
1967-11-15 12:00:00,10,0.60224074,0.9958908,2.0008433,0.49773553
1967-11-15 12:00:00,11,0.45027056,0.9987309,2.0013323,0.49903303
1967-12-16 00:00:00,0,0.8165323,1.0037007,1.9997132,0.50192237
1967-12-16 00:00:00,1,0.103196345,1.00038,2.001364,0.4998491
1967-12-16 00:00:00,2,0.0947161,0.9952442,2.0018332,0.4971664
1967-12-16 00:00:00,3,0.20431042,0.9997894,1.9955567,0.5010078
1967-12-16 00:00:00,4,0.24151534,1.000767,2.0085626,0.49825034
1967-12-16 00:00:00,5,0.44551525,0.99733084,2.003547,0.49778262
1967-12-16 00:00:00,6,0.027125258,1.0021393,2.000531,0.5009367
1967-12-16 00:00:00,7,0.32343796,1.0022945,2.0055118,0.49976996
1967-12-16 00:00:00,8,0.80731547,1.0028715,2.008128,0.4994062
1967-12-16 00:00:00,9,0.09643886,0.99849474,2.0109096,0.49653885
1967-12-16 00:00:00,10,0.033926893,0.9957221,2.0003328,0.4977782
1967-12-16 00:00:00,11,0.18007793,0.9987963,2.0014212,0.49904352
1968-01-16 00:00:00,0,0.3075928,1.0033739,1.9999803,0.5016919
1968-01-16 00:00:00,1,0.8699555,1.0004382,2.0017788,0.4997746
1968-01-16 00:00:00,2,0.28819916,0.9951038,2.0025556,0.49691692
1968-01-16 00:00:00,3,1.0327314,1.0003474,1.9945678,0.5015359
1968-01-16 00:00:00,4,0.5412366,1.0011221,2.0072849,0.4987444
1968-01-16 00:00:00,5,0.29232505,0.9978983,2.0038896,0.49798068
1968-01-16 00:00:00,6,0.020977547,1.0018841,2.0003502,0.5008543
1968-01-16 00:00:00,7,0.010147839,1.0026058,2.0050802,0.5000328
1968-01-16 00:00:00,8,0.20921682,1.0033306,2.0087836,0.49947172
1968-01-16 00:00:00,9,0.32344586,0.9981323,2.0110972,0.49631232
1968-01-16 00:00:00,10,0.41153497,0.99572045,2.0001752,0.4978166
1968-01-16 00:00:00,11,0.16197507,0.9991072,2.0016549,0.4991406
1968-02-15 00:00:00,0,0.002150727,1.0037303,1.9995571,0.5019763
1968-02-15 00:00:00,1,0.0033745202,1.0002354,2.001145,0.4998316
1968-02-15 00:00:00,2,0.109706774,0.99548596,2.0013213,0.49741435
1968-02-15 00:00:00,3,0.0039094524,0.9993483,1.9964819,0.5005546
1968-02-15 00:00:00,4,0.10872836,1.000599,2.0092928,0.49798566
1968-02-15 00:00:00,5,0.014714592,0.9969222,2.003249,0.49765268
1968-02-15 00:00:00,6,1.2363418,1.0021456,2.0007188,0.5008928
1968-02-15 00:00:00,7,1.2601177,1.0019026,2.0057497,0.49951527
1968-02-15 00:00:00,8,0.00067429035,1.0024859,2.0073636,0.49940425
1968-02-15 00:00:00,9,0.096479386,0.9987325,2.0105762,0.49673945
1968-02-15 00:00:00,10,0.6844324,0.995823,2.0007076,0.4977354
1968-02-15 00:00:00,11,1.3604574,0.9986304,2.0012715,0.49899796
1968-03-16 00:00:00,0,0.63907135,1.0033855,1.9997782,0.50174844
1968-03-16 00:00:00,1,0.2194807,1.000234,2.0014982,0.49974263
1968-03-16 00:00:00,2,0.9220905,0.99544024,2.001881,0.4972525
1968-03-16 00:00:00,3,0.41283196,0.9997607,1.9958143,0.5009287
1968-03-16 00:00:00,4,0.8391904,1.0009123,2.0082195,0.49840784
1968-03-16 00:00:00,5,0.049188726,0.99735916,2.00349,0.4978109
1968-03-16 00:00:00,6,1.3441752,1.0018692,2.0006037,0.50078344
1968-03-16 00:00:00,7,0.51957965,1.0020659,2.0053833,0.49968797
1968-03-16 00:00:00,8,0.14626333,1.0028157,2.0077372,0.4994756
1968-03-16 00:00:00,9,0.11902011,0.9984413,2.0106297,0.4965814
1968-03-16 00:00:00,10,0.7288632,0.99586606,2.0007043,0.49775773
1968-03-16 00:00:00,11,0.037480522,0.99889714,2.0014606,0.4990841
1968-04-15 12:00:00,0,1.4950699,0.99880093,2.0036936,0.49847987
1968-04-15 12:00:00,1,0.40957955,0.9982322,2.006273,0.4975555
1968-04-15 12:00:00,2,0.7203502,0.99923915,2.003825,0.4986659
1968-04-15 12:00:00,3,0.0011817125,0.9988488,2.001254,0.49911144
1968-04-15 12:00:00,4,0.32761484,1.0024405,2.0071816,0.49942687
1968-04-15 12:00:00,5,0.10487138,0.99794096,2.0026417,0.4983123
1968-04-15 12:00:00,6,0.019429483,0.99784017,2.0044067,0.4978232
1968-04-15 12:00:00,7,2.623262,0.99982756,2.0048099,0.49871442
1968-04-15 12:00:00,8,0.0343138,1.0009168,2.0024645,0.4998425
1968-04-15 12:00:00,9,0.25124434,0.9995149,2.0084522,0.49765432
1968-04-15 12:00:00,10,0.33745342,0.99897194,2.0050128,0.4982372
1968-04-15 12:00:00,11,0.56269085,0.9992443,2.00163,0.49921525
1968-05-16 00:00:00,0,0.03219683,1.0003414,2.0022151,0.49961734
1968-05-16 00:00:00,1,0.06518076,0.99889225,2.004446,0.4983383
1968-05-16 00:00:00,2,0.16217855,0.9978991,2.003114,0.4981739
1968-05-16 00:00:00,3,0.13991103,0.999231,1.9993876,0.49976853
1968-05-16 00:00:00,4,0.08322304,1.0020407,2.0071452,0.4992368
1968-05-16 00:00:00,5,0.027806735,0.9977814,2.0029867,0.4981468
1968-05-16 00:00:00,6,0.08922702,0.9992396,2.0029628,0.49888077
1968-05-16 00:00:00,7,0.13537015,1.0004687,2.0049074,0.49900997
1968-05-16 00:00:00,8,0.5387191,1.0016809,2.004197,0.49979165
1968-05-16 00:00:00,9,0.5106306,0.9989734,2.0090134,0.49724576
1968-05-16 00:00:00,10,0.8511377,0.997928,2.0037575,0.49802834
1968-05-16 00:00:00,11,1.6720862,0.99928695,2.0017424,0.49920857
1968-06-15 12:00:00,0,0.1302869,0.9976216,2.0055065,0.4974412
1968-06-15 12:00:00,1,1.4733931,0.9981251,2.0087204,0.49689597
1968-06-15 12:00:00,2,0.07583731,0.99991137,2.005278,0.49863973
1968-06-15 12:00:00,3,0.5827966,0.99901885,2.0007386,0.499325
1968-06-15 12:00:00,4,0.13694611,1.0024372,2.0074153,0.49936715
1968-06-15 12:00:00,5,0.0558888,0.9985753,2.0025642,0.49864835
1968-06-15 12:00:00,6,0.7446338,0.99664897,2.005591,0.4969353
1968-06-15 12:00:00,7,0.100921616,1.0005118,2.0046384,0.49909836
1968-06-15 12:00:00,8,0.03629445,1.0005722,2.0027435,0.49960077
1968-06-15 12:00:00,9,0.22071348,1.0001696,2.0092416,0.49778464
1968-06-15 12:00:00,10,0.42440543,0.9994652,2.0040894,0.4987129
1968-06-15 12:00:00,11,0.007874946,0.9988312,2.0009348,0.49918228
1968-07-16 00:00:00,0,0.15378016,0.99586445,2.0051658,0.4966494
1968-07-16 00:00:00,1,0.18931215,0.9974908,2.0096238,0.496357
1968-07-16 00:00:00,2,0.20181964,1.0008521,2.0045688,0.4992855
1968-07-16 00:00:00,3,1.180735,0.99802977,2.0006747,0.4988466
1968-07-16 00:00:00,4,0.0788486,1.0018177,2.0076141,0.4990091
1968-07-16 00:00:00,5,0.03448359,0.99782616,2.0010366,0.4986546
1968-07-16 00:00:00,6,0.27964896,0.9947184,2.0055535,0.49598196
1968-07-16 00:00:00,7,0.30466008,0.9997371,2.0040505,0.49885824
1968-07-16 00:00:00,8,0.07602283,0.99941564,2.000499,0.49958315
1968-07-16 00:00:00,9,0.33500594,1.000739,2.0081198,0.49834624
1968-07-16 00:00:00,10,0.037171707,0.99933505,2.003552,0.4987817
1968-07-16 00:00:00,11,0.5360397,0.9980194,1.9987385,0.49932465
1968-08-16 00:00:00,0,1.2808093,0.9973744,2.005107,0.49741706
1968-08-16 00:00:00,1,1.5136855,0.99791986,2.0082953,0.49689898
1968-08-16 00:00:00,2,0.38187808,1.0000033,2.0051064,0.4987283
1968-08-16 00:00:00,3,0.03449172,0.99906135,2.0010824,0.49926046
1968-08-16 00:00:00,4,1.4395486,1.0027826,2.006434,0.4997835
1968-08-16 00:00:00,5,0.947537,0.99856836,2.0025785,0.4986413
1968-08-16 00:00:00,6,0.7250208,0.99648446,2.0052814,0.49692997
1968-08-16 00:00:00,7,0.012608326,0.99999744,2.0043612,0.4989108
1968-08-16 00:00:00,8,0.40912622,1.0006999,2.0021663,0.49980858
1968-08-16 00:00:00,9,0.3066288,0.99977934,2.0085895,0.49775195
1968-08-16 00:00:00,10,0.030281924,0.99953026,2.0049946,0.49852017
1968-08-16 00:00:00,11,0.5407576,0.99919933,2.001277,0.49928087
1968-09-15 12:00:00,0,1.7104213,0.9915107,1.9954827,0.4968776
1968-09-15 12:00:00,1,0.24929477,0.99707115,2.0048282,0.49733496
1968-09-15 12:00:00,2,0.17496802,0.99896765,1.9974523,0.50012094
1968-09-15 12:00:00,3,0.59269243,0.9959318,1.9877019,0.50104684
1968-09-15 12:00:00,4,1.4387898,0.9980383,2.0016036,0.49861935
1968-09-15 12:00:00,5,0.11229939,0.9944097,1.9942938,0.49862748
1968-09-15 12:00:00,6,0.4042328,0.9897603,1.9960088,0.4958697
1968-09-15 12:00:00,7,0.90462273,0.99777734,1.9988829,0.49916747
1968-09-15 12:00:00,8,0.323549,0.99868286,1.9959686,0.50035
1968-09-15 12:00:00,9,0.03578252,0.9986635,2.0025961,0.4986844
1968-09-15 12:00:00,10,0.09421362,0.99413955,1.9943978,0.49846604
1968-09-15 12:00:00,11,0.26985598,0.99568784,1.9884589,0.50073344
1968-10-16 00:00:00,0,1.528627,1.0016873,2.0003414,0.5007582
1968-10-16 00:00:00,1,0.31084138,0.99898905,2.0022001,0.49894565
1968-10-16 00:00:00,2,2.4525397,0.99750024,2.0008805,0.49853066
1968-10-16 00:00:00,3,0.009070264,0.99816287,2.000506,0.49895522
1968-10-16 00:00:00,4,1.2373184,1.0011277,2.0093184,0.49824247
1968-10-16 00:00:00,5,0.307389,0.99633163,2.0022805,0.49759844
1968-10-16 00:00:00,6,0.05305774,1.000349,2.0022023,0.49962437
1968-10-16 00:00:00,7,1.2406676,0.99979776,2.0056608,0.49848798
1968-10-16 00:00:00,8,0.89944404,1.0011069,2.003276,0.49973485
1968-10-16 00:00:00,9,0.32947612,0.9992465,2.0084252,0.49752736
1968-10-16 00:00:00,10,0.314968,0.9972406,2.0037696,0.49768227
1968-10-16 00:00:00,11,0.73231906,0.9987529,2.0012014,0.49907666
1968-11-15 12:00:00,0,0.04630939,1.0036641,1.999675,0.5019136
1968-11-15 12:00:00,1,0.19363956,1.000288,2.001303,0.49981838
1968-11-15 12:00:00,2,0.9494527,0.99539995,2.0016053,0.49730083
1968-11-15 12:00:00,3,0.12403567,0.99956954,1.9960594,0.50077146
1968-11-15 12:00:00,4,0.00021145525,1.0007067,2.0088887,0.4981394
1968-11-15 12:00:00,5,0.9416653,0.99714166,2.0033956,0.4977258
1968-11-15 12:00:00,6,1.0607436,1.0020993,2.0006566,0.5008852
1968-11-15 12:00:00,7,0.26100877,1.0020772,2.0056164,0.49963552
1968-11-15 12:00:00,8,0.88465333,1.0026693,2.0077002,0.49941188
1968-11-15 12:00:00,9,0.44014263,0.99861443,2.010719,0.49664542
1968-11-15 12:00:00,10,0.6208178,0.9958048,2.0005665,0.4977614
1968-11-15 12:00:00,11,0.42190054,0.9987257,2.0013564,0.49902442
1968-12-16 00:00:00,0,0.022912577,1.003227,2.00009,0.50159097
1968-12-16 00:00:00,1,0.004033971,1.0004371,2.0019422,0.4997333
1968-12-16 00:00:00,2,0.36846596,0.99509156,2.002797,0.49685097
1968-12-16 00:00:00,3,0.10527169,1.0005175,1.9943019,0.50168806
1968-12-16 00:00:00,4,0.07865506,1.0012524,2.0068529,0.49891672
1968-12-16 00:00:00,5,0.46937135,0.9980829,2.0039907,0.49804768
1968-12-16 00:00:00,6,0.3175207,1.0017664,2.000318,0.5008036
1968-12-16 00:00:00,7,0.3320516,1.0026771,2.004933,0.500105
1968-12-16 00:00:00,8,0.9050675,1.0034631,2.008938,0.4994993
1968-12-16 00:00:00,9,0.065557845,0.99801904,2.0111265,0.49624875
1968-12-16 00:00:00,10,0.23512112,0.9957466,2.000173,0.4978302
1968-12-16 00:00:00,11,0.22145686,0.999215,2.0017345,0.4991746
1969-01-16 00:00:00,0,1.8172773,1.0023093,2.000752,0.5009663
1969-01-16 00:00:00,1,0.02612085,1.0003902,2.0029237,0.49946493
1969-01-16 00:00:00,2,0.15471019,0.9950846,2.004183,0.49650383
1969-01-16 00:00:00,3,0.034981634,1.0014677,1.9928861,0.5025213
1969-01-16 00:00:00,4,0.2363845,1.0020267,2.0043461,0.49992695
1969-01-16 00:00:00,5,0.08995642,0.9991366,2.0045462,0.49843532
1969-01-16 00:00:00,6,0.19665459,1.0010269,2.000178,0.50046885
1969-01-16 00:00:00,7,0.47216564,1.0030236,2.0040753,0.500492
1969-01-16 00:00:00,8,0.5470732,1.0041887,2.0097032,0.49967015
1969-01-16 00:00:00,9,0.11344041,0.9973784,2.0112271,0.4959054
1969-01-16 00:00:00,10,0.0732474,0.99594456,2.000258,0.49790806
1969-01-16 00:00:00,11,0.095466174,0.9998455,2.0021966,0.4993743
1969-02-14 12:00:00,0,0.051506884,1.002404,2.0007439,0.50101566
1969-02-14 12:00:00,1,0.12676105,1.0004311,2.0028915,0.4994934
1969-02-14 12:00:00,2,0.15554018,0.99503577,2.0041633,0.4964844
1969-02-14 12:00:00,3,0.07743482,1.0014648,1.9928385,0.5025319
1969-02-14 12:00:00,4,0.9383435,1.0019779,2.0044816,0.49986887
1969-02-14 12:00:00,5,0.3733771,0.99912065,2.0045574,0.49842456
1969-02-14 12:00:00,6,1.0879205,1.0011079,2.0001738,0.50051045
1969-02-14 12:00:00,7,0.64285934,1.0030878,2.004125,0.5005115
1969-02-14 12:00:00,8,1.2422109,1.0041926,2.0098047,0.49964684
1969-02-14 12:00:00,9,0.027217533,0.99740744,2.0113115,0.49589902
1969-02-14 12:00:00,10,0.19925049,0.99590987,2.0001519,0.49791712
1969-02-14 12:00:00,11,0.36726356,0.99980766,2.0021818,0.49935907
1969-03-16 00:00:00,0,0.710641,1.0027288,2.0001125,0.5013362
1969-03-16 00:00:00,1,0.28505445,0.9997308,2.0018518,0.49940303
1969-03-16 00:00:00,2,0.012599377,0.99632424,2.0014617,0.4977983
1969-03-16 00:00:00,3,0.7609358,0.9990491,1.9978858,0.50005317
1969-03-16 00:00:00,4,0.12733386,1.0009552,2.0089252,0.4982541
1969-03-16 00:00:00,5,0.17736138,0.99690694,2.002977,0.49771264
1969-03-16 00:00:00,6,0.17939715,1.0012836,2.0013838,0.5002957
1969-03-16 00:00:00,7,0.46783316,1.0011566,2.0055888,0.4991834
1969-03-16 00:00:00,8,0.07896702,1.0020477,2.0058842,0.4995541
1969-03-16 00:00:00,9,0.08788839,0.99886614,2.0097897,0.49700034
1969-03-16 00:00:00,10,0.30724028,0.9964801,2.0019293,0.4977599
1969-03-16 00:00:00,11,0.83401763,0.99878,2.0013456,0.49905422
1969-04-15 12:00:00,0,0.14359201,1.0036765,1.9995611,0.5019484
1969-04-15 12:00:00,1,0.26913175,1.0001743,2.0011435,0.4998014
1969-04-15 12:00:00,2,0.33975205,0.9955895,2.001221,0.49749103
1969-04-15 12:00:00,3,1.0510402,0.99923474,1.9967684,0.500426
1969-04-15 12:00:00,4,0.75503546,1.0005835,2.0094326,0.4979433
1969-04-15 12:00:00,5,0.16793764,0.99683374,2.0031688,0.49762842
1969-04-15 12:00:00,6,1.2691165,1.0020956,2.000803,0.5008467
1969-04-15 12:00:00,7,0.1166439,1.0017744,2.005793,0.49944055
1969-04-15 12:00:00,8,2.2142785,1.0023755,2.0071104,0.49941224
1969-04-15 12:00:00,9,0.40119743,0.99879384,2.0104592,0.49679887
1969-04-15 12:00:00,10,0.7105871,0.9958862,2.0008607,0.4977289
1969-04-15 12:00:00,11,0.37564006,0.9986028,2.0012443,0.49899095
1969-05-16 00:00:00,0,0.17625624,0.99572843,2.0054603,0.4965087
1969-05-16 00:00:00,1,0.17360121,0.99772453,2.010059,0.49636576
1969-05-16 00:00:00,2,0.21177326,1.0004768,2.0054424,0.49888086
1969-05-16 00:00:00,3,0.6380438,0.99874765,1.9990573,0.49960932
1969-05-16 00:00:00,4,0.03175972,1.0020955,2.0063763,0.4994554
1969-05-16 00:00:00,5,0.64467865,0.99851924,2.001464,0.49889445
1969-05-16 00:00:00,6,0.23714384,0.9946176,2.005212,0.49601614
1969-05-16 00:00:00,7,0.3070017,1.0003979,2.0036306,0.49929258
1969-05-16 00:00:00,8,0.022960767,1.0000437,2.0017133,0.4995939
1969-05-16 00:00:00,9,0.47878724,1.000346,2.008691,0.49800885
1969-05-16 00:00:00,10,0.36122018,0.9991657,2.002861,0.4988692
1969-05-16 00:00:00,11,0.23041911,0.99825984,1.9989431,0.49939382
1969-06-15 12:00:00,0,0.4340909,1.0037755,2.000195,0.5018388
1969-06-15 12:00:00,1,0.08697608,1.0004661,2.0017786,0.49978858
1969-06-15 12:00:00,2,0.48905268,0.9952839,2.0021195,0.49711514
1969-06-15 12:00:00,3,0.022598315,0.99983245,1.9955863,0.5010219
1969-06-15 12:00:00,4,0.5214449,1.0007106,2.0090399,0.49810392
1969-06-15 12:00:00,5,1.13849,0.997456,2.0036433,0.49782115
1969-06-15 12:00:00,6,0.10478451,1.0022151,2.0008926,0.500884
1969-06-15 12:00:00,7,0.05624528,1.0025792,2.0056891,0.4998677
1969-06-15 12:00:00,8,2.1771786,1.0028287,2.0084398,0.49930733
1969-06-15 12:00:00,9,0.13557853,0.9987097,2.0113127,0.4965462
1969-06-15 12:00:00,10,0.35023355,0.9958537,2.000042,0.4979164
1969-06-15 12:00:00,11,0.25794137,0.99867666,2.0014513,0.49897626
1969-07-16 00:00:00,0,0.17887327,0.994345,2.002996,0.49642885
1969-07-16 00:00:00,1,1.0063882,0.99736005,2.0090709,0.49642852
1969-07-16 00:00:00,2,0.07811867,1.0004971,2.0031414,0.49946404
1969-07-16 00:00:00,3,0.09930095,0.9975519,1.9968268,0.49956858
1969-07-16 00:00:00,4,0.09426261,1.0007839,2.0059671,0.49890345
1969-07-16 00:00:00,5,0.19104712,0.9971063,1.9992098,0.4987502
1969-07-16 00:00:00,6,0.12922043,0.9929783,2.003229,0.4956889
1969-07-16 00:00:00,7,0.73722863,0.9994736,2.002557,0.4990987
1969-07-16 00:00:00,8,0.037299745,0.9991462,1.9994826,0.49970236
1969-07-16 00:00:00,9,0.012661305,1.0003513,2.0069244,0.49844992
1969-07-16 00:00:00,10,2.0924096,0.99795216,2.0007534,0.49878818
1969-07-16 00:00:00,11,0.042171363,0.9972434,1.9956751,0.49970227
1969-08-16 00:00:00,0,0.15094307,0.9872336,1.9814364,0.49824136
1969-08-16 00:00:00,1,0.24682835,0.99620885,1.9952109,0.49930003
1969-08-16 00:00:00,2,0.31222102,0.9965402,1.9855446,0.5018977
1969-08-16 00:00:00,3,0.87162036,0.99228495,1.9749063,0.5024466
1969-08-16 00:00:00,4,0.21667598,0.9934449,1.994647,0.4980555
1969-08-16 00:00:00,5,0.17005304,0.98876107,1.9853834,0.49802023
1969-08-16 00:00:00,6,0.0042852634,0.9851844,1.9834012,0.49671462
1969-08-16 00:00:00,7,0.8243922,0.99315184,1.9929875,0.49832317
1969-08-16 00:00:00,8,0.42011747,0.99753785,1.9875374,0.5018964
1969-08-16 00:00:00,9,0.20390733,0.9954623,1.9933335,0.49939576
1969-08-16 00:00:00,10,0.259413,0.9882132,1.9855037,0.4977141
1969-08-16 00:00:00,11,0.14511533,0.9934811,1.9770769,0.5025
1969-09-15 12:00:00,0,0.090567745,0.9897785,1.9902581,0.49731165
1969-09-15 12:00:00,1,0.73901325,0.9966748,2.0013587,0.49799907
1969-09-15 12:00:00,2,0.23184326,0.9982,1.9930099,0.5008505
1969-09-15 12:00:00,3,0.17234741,0.9944662,1.9831227,0.5014648
1969-09-15 12:00:00,4,0.06903065,0.9963243,1.9991076,0.49838454
1969-09-15 12:00:00,5,0.10216349,0.9922361,1.990868,0.4983937
1969-09-15 12:00:00,6,0.6651898,0.9878804,1.9913473,0.49608645
1969-09-15 12:00:00,7,0.5984651,0.9959625,1.9967014,0.49880394
1969-09-15 12:00:00,8,0.64152604,0.99813896,1.9925901,0.5009254
1969-09-15 12:00:00,9,0.32268488,0.99753195,1.9990991,0.49899074
1969-09-15 12:00:00,10,1.9061465,0.9919242,1.9912355,0.4981451
1969-09-15 12:00:00,11,0.09502629,0.9947917,1.9841293,0.5013744
1969-10-16 00:00:00,0,0.41634998,1.0025687,2.0002112,0.50123143
1969-10-16 00:00:00,1,0.29393032,0.99956447,2.0019364,0.4992988
1969-10-16 00:00:00,2,0.11933104,0.99663454,2.00124,0.4980085
1969-10-16 00:00:00,3,0.12532505,0.9987381,1.9987015,0.49969348
1969-10-16 00:00:00,4,1.2304406,1.0009099,2.0093782,0.49811924
1969-10-16 00:00:00,5,0.619344,0.99668324,2.0027652,0.49765357
1969-10-16 00:00:00,6,0.1343274,1.001133,2.0016868,0.50014466
1969-10-16 00:00:00,7,0.20422623,1.0008377,2.0057306,0.49898908
1969-10-16 00:00:00,8,0.24980097,1.0017256,2.0052106,0.49956125
1969-10-16 00:00:00,9,0.330323,0.99907464,2.009519,0.497171
1969-10-16 00:00:00,10,0.023932723,0.996683,2.0023272,0.4977623
1969-10-16 00:00:00,11,0.28899896,0.99868405,2.001268,0.49902567
1969-11-15 12:00:00,0,2.4880733,1.003078,1.9997443,0.5016031
1969-11-15 12:00:00,1,1.0272747,0.99970675,2.001358,0.4995142
1969-11-15 12:00:00,2,0.28668296,0.99636674,2.0007765,0.49799
1969-11-15 12:00:00,3,0.2839714,0.9985883,1.9986095,0.49964154
1969-11-15 12:00:00,4,0.28588519,1.0006319,2.0099587,0.49783704
1969-11-15 12:00:00,5,0.06513348,0.9963984,2.0026875,0.49753064
1969-11-15 12:00:00,6,0.26299483,1.0015593,2.0014129,0.5004261
1969-11-15 12:00:00,7,1.0134485,1.0008982,2.005938,0.49896768
1969-11-15 12:00:00,8,0.091252044,1.0016994,2.005387,0.4995043
1969-11-15 12:00:00,9,0.02203639,0.9991243,2.0096176,0.49717134
1969-11-15 12:00:00,10,0.086535834,0.9964009,2.0020177,0.49769834
1969-11-15 12:00:00,11,0.10589898,0.99852395,2.001133,0.4989793
1969-12-16 00:00:00,0,0.00083305716,1.0034944,1.9998493,0.501785
1969-12-16 00:00:00,1,0.19008009,1.00041,2.001595,0.49980637
1969-12-16 00:00:00,2,0.08854035,0.9951568,2.0022597,0.49701685
1969-12-16 00:00:00,3,0.1735737,1.0001289,1.9949499,0.5013303
1969-12-16 00:00:00,4,0.5736707,1.0009888,2.0077498,0.49856254
1969-12-16 00:00:00,5,1.2735612,0.9976716,2.003751,0.49790198
1969-12-16 00:00:00,6,0.25448287,1.0019768,2.0003996,0.50088835
1969-12-16 00:00:00,7,1.6907142,1.0024679,2.0052361,0.4999251
1969-12-16 00:00:00,8,0.12397657,1.0031551,2.0085099,0.4994524
1969-12-16 00:00:00,9,0.62471175,0.99825984,2.011,0.49639973
1969-12-16 00:00:00,10,0.25383464,0.99571407,2.000255,0.49779353
1969-12-16 00:00:00,11,0.003618279,0.99899423,2.0015624,0.4991072
1970-01-16 00:00:00,0,0.16299485,1.0021087,2.0008092,0.5008517
1970-01-16 00:00:00,1,0.042881906,1.000316,2.0030322,0.49940085
1970-01-16 00:00:00,2,0.44069308,0.99517775,2.0042734,0.49652794
1970-01-16 00:00:00,3,0.15401983,1.0015026,1.9929354,0.5025264
1970-01-16 00:00:00,4,0.7626661,1.0021378,2.0040421,0.50005823
1970-01-16 00:00:00,5,0.4550572,0.999203,2.0045464,0.4984684
1970-01-16 00:00:00,6,0.32682574,1.0008572,2.0001998,0.5003786
1970-01-16 00:00:00,7,0.31159914,1.0029265,2.0039656,0.5004709
1970-01-16 00:00:00,8,0.81425714,1.0042006,2.0095496,0.49971426
1970-01-16 00:00:00,9,1.2338485,0.9973154,2.0110905,0.49590775
1970-01-16 00:00:00,10,0.07646919,0.99602187,2.0004463,0.49789983
1970-01-16 00:00:00,11,1.4733536,0.99992913,2.0022392,0.4994054
1970-02-14 12:00:00,0,0.44859084,1.0036818,1.999543,0.50195557
1970-02-14 12:00:00,1,0.057469156,1.0001546,2.0011153,0.4997986
1970-02-14 12:00:00,2,0.010946092,0.995624,2.0011504,0.49752584
1970-02-14 12:00:00,3,0.19136442,0.9991723,1.9969002,0.5003616
1970-02-14 12:00:00,4,1.0451578,1.0005591,2.0095413,0.4979042
1970-02-14 12:00:00,5,0.5948192,0.9967765,2.0031269,0.49761027
1970-02-14 12:00:00,6,0.5718281,1.0020974,2.0008326,0.5008402
1970-02-14 12:00:00,7,0.24413341,1.0017213,2.0058289,0.49940515
1970-02-14 12:00:00,8,0.22650726,1.0023202,2.0070045,0.49941102
1970-02-14 12:00:00,9,0.14542176,0.9988296,2.0104156,0.49682742
1970-02-14 12:00:00,10,0.23404545,0.9959016,2.000911,0.4977241
1970-02-14 12:00:00,11,0.5178849,0.998578,2.001223,0.49898386
1970-03-16 00:00:00,0,0.2323649,1.0030166,1.9997932,0.50156015
1970-03-16 00:00:00,1,0.19795583,0.9998038,2.0014758,0.4995333
1970-03-16 00:00:00,2,0.52724856,0.99616694,2.0011623,0.49779418
1970-03-16 00:00:00,3,2.5166235,0.99895483,1.9978348,0.5000187
1970-03-16 00:00:00,4,0.05827874,1.0007975,2.0092216,0.49810213
1970-03-16 00:00:00,5,0.022052245,0.99672616,2.0029202,0.4976365
1970-03-16 00:00:00,6,1.7879486,1.0015223,2.001191,0.5004631
1970-03-16 00:00:00,7,0.49743775,1.0011623,2.0056934,0.49916017
1970-03-16 00:00:00,8,0.11352337,1.0020332,2.005952,0.49953005
1970-03-16 00:00:00,9,0.6903314,0.9988765,2.009806,0.49700147
1970-03-16 00:00:00,10,0.6294348,0.99630284,2.00178,0.49770844
1970-03-16 00:00:00,11,0.7933331,0.9986964,2.001261,0.49903354
1970-04-15 12:00:00,0,0.10028446,1.001034,2.001384,0.5001709
1970-04-15 12:00:00,1,0.054381903,0.9989462,2.0034068,0.49862376
1970-04-15 12:00:00,2,0.67926836,0.9977372,2.002015,0.49836648
1970-04-15 12:00:00,3,0.582875,0.9986593,2.0000546,0.49931604
1970-04-15 12:00:00,4,0.38546106,1.0015513,2.0084312,0.49867344
1970-04-15 12:00:00,5,0.90462947,0.9970438,2.0026248,0.4978685
1970-04-15 12:00:00,6,0.5856479,0.99981153,2.0026953,0.49923298
1970-04-15 12:00:00,7,0.38230345,1.0001625,2.0053542,0.49874607
1970-04-15 12:00:00,8,0.3498284,1.0013403,2.0037315,0.49973774
1970-04-15 12:00:00,9,0.34388846,0.99919105,2.0087845,0.49741077
1970-04-15 12:00:00,10,0.06392,0.99762857,2.0037303,0.49788564
1970-04-15 12:00:00,11,0.067399055,0.99897116,2.001461,0.49912098
1970-05-16 00:00:00,0,0.06136677,0.99280256,2.0001338,0.49636808
1970-05-16 00:00:00,1,0.35740212,0.9972691,2.0078044,0.49669635
1970-05-16 00:00:00,2,0.14372079,0.99983686,2.001293,0.49959546
1970-05-16 00:00:00,3,0.30178076,0.9971816,1.9922315,0.500535
1970-05-16 00:00:00,4,0.3311957,0.999783,2.003453,0.4990299
1970-05-16 00:00:00,5,0.105439015,0.99633855,1.9972628,0.49885198
1970-05-16 00:00:00,6,0.31111196,0.99129313,2.0001428,0.4956112
1970-05-16 00:00:00,7,0.3905864,0.99903566,2.0007265,0.49933645
1970-05-16 00:00:00,8,0.45582953,0.9991596,1.9984051,0.49997848
1970-05-16 00:00:00,9,1.2988517,0.99951327,2.005323,0.49843007
1970-05-16 00:00:00,10,0.27945018,0.9963343,1.9977651,0.49872446
1970-05-16 00:00:00,11,0.08870245,0.9966622,1.9925897,0.50018436
1970-06-15 12:00:00,0,0.25555918,1.0025539,2.0009134,0.50104815
1970-06-15 12:00:00,1,1.87176,0.9997899,2.002658,0.4992315
1970-06-15 12:00:00,2,0.26357988,0.99644494,2.0021305,0.4976923
1970-06-15 12:00:00,3,0.07858756,0.99927026,1.9977407,0.50020015
1970-06-15 12:00:00,4,1.54703,1.0010604,2.0090134,0.49828455
1970-06-15 12:00:00,5,1.0985994,0.9972775,2.0031888,0.49784496
1970-06-15 12:00:00,6,0.47337475,1.0011501,2.001879,0.5001052
1970-06-15 12:00:00,7,0.21982129,1.0015405,2.005629,0.4993648
1970-06-15 12:00:00,8,0.41289133,1.002096,2.0063276,0.4994678
1970-06-15 12:00:00,9,0.19128159,0.9990337,2.0102737,0.496964
1970-06-15 12:00:00,10,0.74565744,0.9967332,2.00166,0.49795327
1970-06-15 12:00:00,11,1.8796699,0.9987549,2.0014627,0.4990125
1970-07-16 00:00:00,0,0.9692671,0.99521774,2.0044014,0.49651617
1970-07-16 00:00:00,1,0.4651214,0.99756044,2.0096228,0.4963919
1970-07-16 00:00:00,2,0.82587874,1.0005432,2.0043092,0.49919605
1970-07-16 00:00:00,3,0.37914798,0.99807495,1.998384,0.49944103
1970-07-16 00:00:00,4,0.23323366,1.001407,2.0066414,0.49904633
1970-07-16 00:00:00,5,0.2965243,0.9977661,2.0004182,0.49877876
1970-07-16 00:00:00,6,0.41150266,0.9939682,2.0044956,0.4958695
1970-07-16 00:00:00,7,0.1985663,0.9999551,2.0033178,0.4991495
1970-07-16 00:00:00,8,0.14905375,0.9995043,2.0006237,0.49959636
1970-07-16 00:00:00,9,0.12744546,1.0005069,2.0079298,0.4982778
1970-07-16 00:00:00,10,0.39554453,0.9986585,2.0019476,0.49884346
1970-07-16 00:00:00,11,0.15536828,0.99771047,1.9974289,0.49949735
1970-08-16 00:00:00,0,0.010693261,0.9894621,1.9882683,0.49765018
1970-08-16 00:00:00,1,0.012169141,0.9968183,2.000018,0.49840468
1970-08-16 00:00:00,2,0.19667976,0.99747837,1.9914808,0.5008727
1970-08-16 00:00:00,3,0.06664599,0.99418366,1.9803171,0.5020326
1970-08-16 00:00:00,4,0.23200949,0.9954811,1.9981669,0.49819717
1970-08-16 00:00:00,5,1.1840408,0.9915971,1.989741,0.49835488
1970-08-16 00:00:00,6,0.55070734,0.98748386,1.9893894,0.49637535
1970-08-16 00:00:00,7,0.22385728,0.9958147,1.9958298,0.49894768
1970-08-16 00:00:00,8,0.23101175,0.9982013,1.9922522,0.50104165
1970-08-16 00:00:00,9,0.4714743,0.9970765,1.9982541,0.49897385
1970-08-16 00:00:00,10,0.23527244,0.9908547,1.9890392,0.49815744
1970-08-16 00:00:00,11,1.697856,0.9943857,1.9823314,0.50162435
1970-09-15 12:00:00,0,0.96000564,0.98770744,1.9824421,0.49822763
1970-09-15 12:00:00,1,0.28840172,0.99644715,1.995895,0.49924827
1970-09-15 12:00:00,2,0.107174344,0.9964897,1.986435,0.50164723
1970-09-15 12:00:00,3,0.8663137,0.992637,1.975211,0.5025473
1970-09-15 12:00:00,4,0.773618,0.993623,1.9952792,0.49798697
1970-09-15 12:00:00,5,0.20163175,0.9892299,1.9860322,0.49809358
1970-09-15 12:00:00,6,0.045625728,0.9856586,1.9841667,0.49676198
1970-09-15 12:00:00,7,0.21997514,0.99378926,1.993432,0.4985318
1970-09-15 12:00:00,8,0.9084705,0.9977343,1.988605,0.50172573
1970-09-15 12:00:00,9,0.49120387,0.995707,1.9943025,0.4992758
1970-09-15 12:00:00,10,0.0242745,0.9884939,1.9855001,0.4978564
1970-09-15 12:00:00,11,0.5241745,0.9935372,1.9777579,0.5023553
1970-10-16 00:00:00,0,1.040105,1.0005405,2.0016146,0.49986672
1970-10-16 00:00:00,1,0.78981894,0.99874324,2.0037596,0.49843466
1970-10-16 00:00:00,2,1.2158285,0.9980441,2.0022132,0.49847043
1970-10-16 00:00:00,3,1.2700472,0.99865776,2.0003796,0.49923414
1970-10-16 00:00:00,4,0.22907428,1.001774,2.0079496,0.49890393
1970-10-16 00:00:00,5,0.07358174,0.9971494,2.0025766,0.4979332
1970-10-16 00:00:00,6,0.16173115,0.999381,2.0028841,0.49897096
1970-10-16 00:00:00,7,0.055168908,0.9999097,2.0051675,0.49866644
1970-10-16 00:00:00,8,0.8312709,1.0012625,2.0032542,0.49981803
1970-10-16 00:00:00,9,1.1746187,0.99914914,2.008475,0.49746653
1970-10-16 00:00:00,10,0.37465745,0.9978661,2.0042083,0.4978854
1970-10-16 00:00:00,11,0.024496807,0.99910164,2.001514,0.49917296
1970-11-15 12:00:00,0,0.09989564,1.0028158,2.0003173,0.50132835
1970-11-15 12:00:00,1,1.5069721,1.0003748,2.0023034,0.499612
1970-11-15 12:00:00,2,0.09326988,0.99514484,2.0032773,0.4967584
1970-11-15 12:00:00,3,0.43071246,1.0008347,1.9938879,0.50195134
1970-11-15 12:00:00,4,0.19134665,1.0015639,2.00587,0.49931642
1970-11-15 12:00:00,5,0.05636131,0.99844915,2.0041618,0.4981879
1970-11-15 12:00:00,6,0.95984054,1.0014296,2.0002768,0.5006455
1970-11-15 12:00:00,7,0.329053,1.0027184,2.004593,0.5002105
1970-11-15 12:00:00,8,0.22648838,1.0036983,2.0090754,0.49958223
1970-11-15 12:00:00,9,0.0601364,0.9977743,2.0110633,0.49614266
1970-11-15 12:00:00,10,0.78193444,0.9958514,2.0003226,0.4978454
1970-11-15 12:00:00,11,0.33533764,0.9994664,2.0019038,0.49925798
1970-12-16 00:00:00,0,0.116059765,1.0034528,1.9999086,0.50174934
1970-12-16 00:00:00,1,0.07688063,1.0004508,2.0016863,0.49980402
1970-12-16 00:00:00,2,0.24411114,0.9950811,2.0024579,0.49692988
1970-12-16 00:00:00,3,0.21199994,1.000296,1.9946159,0.50149804
1970-12-16 00:00:00,4,0.7046563,1.0010678,2.0074298,0.4986813
1970-12-16 00:00:00,5,0.3142359,0.99783015,2.0038595,0.49795413
1970-12-16 00:00:00,6,1.5254762,1.0019484,2.0003285,0.5008919
1970-12-16 00:00:00,7,1.2915684,1.0025942,2.00513,0.50001454
1970-12-16 00:00:00,8,0.742732,1.0032992,2.008765,0.49946073
1970-12-16 00:00:00,9,0.11336994,0.99816024,2.0110974,0.49632615
1970-12-16 00:00:00,10,0.26538745,0.9956863,2.0001488,0.4978061
1970-12-16 00:00:00,11,0.37662145,0.999069,2.001623,0.49912947
1971-01-16 00:00:00,0,0.9430606,1.0035189,1.9997673,0.5018179
1971-01-16 00:00:00,1,0.310283,1.0001986,2.001407,0.49974775
1971-01-16 00:00:00,2,0.9993688,0.99555856,2.001582,0.49738586
1971-01-16 00:00:00,3,0.84452873,0.99947417,1.9963851,0.50064194
1971-01-16 00:00:00,4,0.038686972,1.0007383,2.0089443,0.49814138
1971-01-16 00:00:00,5,1.1687154,0.9970977,2.0033243,0.49772155
1971-01-16 00:00:00,6,1.0714185,1.0019728,2.0008,0.5007861
1971-01-16 00:00:00,7,0.3162445,1.001932,2.0056295,0.49955988
1971-01-16 00:00:00,8,1.4159752,1.0025548,2.0074008,0.49942932
1971-01-16 00:00:00,9,0.5691656,0.99867433,2.0105808,0.49670938
1971-01-16 00:00:00,10,0.06726165,0.99592423,2.000782,0.49776748
1971-01-16 00:00:00,11,0.060501788,0.9987228,2.0013518,0.4990241
1971-02-14 12:00:00,0,0.17766847,1.0018183,2.000797,0.5007096
1971-02-14 12:00:00,1,0.022444677,0.9992496,2.0026557,0.49896222
1971-02-14 12:00:00,2,0.21383108,0.99720204,2.0015872,0.49820566
1971-02-14 12:00:00,3,0.2182688,0.99866235,1.9994594,0.49946618
1971-02-14 12:00:00,4,0.3145063,1.0012119,2.0089934,0.49836496
1971-02-14 12:00:00,5,0.062084854,0.9968305,2.002675,0.4977495
1971-02-14 12:00:00,6,0.042207826,1.0004878,2.002217,0.49969
1971-02-14 12:00:00,7,1.4095805,1.0004784,2.005574,0.49884892
1971-02-14 12:00:00,8,0.5419071,1.0015007,2.0044227,0.49964547
1971-02-14 12:00:00,9,0.31924814,0.99916,2.0091407,0.49730712
1971-02-14 12:00:00,10,0.2104478,0.9971677,2.0030468,0.49782547
1971-02-14 12:00:00,11,0.2709184,0.99880934,2.0013583,0.49906573
1971-03-16 00:00:00,0,0.39209816,1.0038002,1.999754,0.5019618
1971-03-16 00:00:00,1,0.25274664,1.0004841,2.0014029,0.49989143
1971-03-16 00:00:00,2,0.33616364,0.99508953,2.0020063,0.49704614
1971-03-16 00:00:00,3,0.055475466,0.9999599,1.9951329,0.5011996
1971-03-16 00:00:00,4,0.15629584,1.000777,2.0084236,0.49828982
1971-03-16 00:00:00,5,0.403796,0.997471,2.0036757,0.49782056
1971-03-16 00:00:00,6,0.6435979,1.0022315,2.0004427,0.5010048
1971-03-16 00:00:00,7,1.0017258,1.0025201,2.005473,0.49989212
1971-03-16 00:00:00,8,0.4112242,1.0030297,2.0085444,0.4993814
1971-03-16 00:00:00,9,0.16443193,0.9984302,2.0111334,0.4964515
1971-03-16 00:00:00,10,0.6732616,0.9956377,2.000065,0.49780264
1971-03-16 00:00:00,11,0.13176063,0.9988195,2.001462,0.49904492
1971-04-15 12:00:00,0,0.2723479,1.0024804,2.0005336,0.5011065
1971-04-15 12:00:00,1,0.029027782,0.99964696,2.002295,0.4992506
1971-04-15 12:00:00,2,1.1744448,0.9965583,2.0017042,0.49785492
1971-04-15 12:00:00,3,0.32195646,0.99903,1.9981995,0.4999651
1971-04-15 12:00:00,4,0.05068691,1.0010395,2.0090008,0.4982773
1971-04-15 12:00:00,5,0.11350241,0.99700683,2.0029786,0.4977621
1971-04-15 12:00:00,6,1.1374726,1.0010736,2.0017407,0.50010157
1971-04-15 12:00:00,7,0.578326,1.0011364,2.0056105,0.49916792
1971-04-15 12:00:00,8,0.06939564,1.0019369,2.0057087,0.4995426
1971-04-15 12:00:00,9,0.31486288,0.9989957,2.0098138,0.49705884
1971-04-15 12:00:00,10,0.05653272,0.9967181,2.0020807,0.49784112
1971-04-15 12:00:00,11,1.0340004,0.9987714,2.0013866,0.4990397
1971-05-16 00:00:00,0,0.32571855,1.0042697,1.9996411,0.502225
1971-05-16 00:00:00,1,0.07655485,1.0005742,2.0011246,0.50000596
1971-05-16 00:00:00,2,0.69906074,0.99504596,2.0015578,0.49713576
1971-05-16 00:00:00,3,0.86956483,0.9996213,1.9956043,0.5009116
1971-05-16 00:00:00,4,0.10710022,1.0004205,2.009639,0.49781102
1971-05-16 00:00:00,5,0.47748324,0.9971026,2.0035133,0.49767706
1971-05-16 00:00:00,6,0.44332045,1.00262,2.0005927,0.50116146
1971-05-16 00:00:00,7,0.04622512,1.0025506,2.0058968,0.4998017
1971-05-16 00:00:00,8,0.6415216,1.0027566,2.0084736,0.49926302
1971-05-16 00:00:00,9,0.106118366,0.9987608,2.011312,0.4965718
1971-05-16 00:00:00,10,0.67776656,0.99556255,1.9998254,0.49782476
1971-05-16 00:00:00,11,0.02858933,0.99851006,2.0012848,0.4989345
1971-06-15 12:00:00,0,0.53510255,0.99713385,2.0054324,0.4972164
1971-06-15 12:00:00,1,0.694825,0.99785924,2.0088372,0.49673474
1971-06-15 12:00:00,2,0.6039005,1.0002816,2.0050461,0.49888209
1971-06-15 12:00:00,3,0.045489136,0.9987276,2.001285,0.49904317
1971-06-15 12:00:00,4,1.4080687,1.0024532,2.0073247,0.49939764
1971-06-15 12:00:00,5,0.61786157,0.9983673,2.0022283,0.4986281
1971-06-15 12:00:00,6,0.95287067,0.99617344,2.005683,0.49667543
1971-06-15 12:00:00,7,0.098065205,1.0000548,2.0045152,0.4989011
1971-06-15 12:00:00,8,0.09349065,1.0002621,2.0018377,0.49967194
1971-06-15 12:00:00,9,0.31577492,1.0002446,2.0087109,0.4979535
1971-06-15 12:00:00,10,0.44436136,0.9996038,2.0045338,0.49867147
1971-06-15 12:00:00,11,0.05404125,0.99878514,2.0006726,0.4992247
1971-07-16 00:00:00,0,0.49451512,0.99583095,2.004728,0.49674118
1971-07-16 00:00:00,1,0.32210842,0.9977007,2.009543,0.4964814
1971-07-16 00:00:00,2,0.650675,1.0004705,2.0043938,0.49913868
1971-07-16 00:00:00,3,0.055788014,0.99808264,1.9990789,0.49927127
1971-07-16 00:00:00,4,0.77498174,1.0014036,2.0074947,0.4988325
1971-07-16 00:00:00,5,2.2861924,0.9977753,2.0007398,0.49870318
1971-07-16 00:00:00,6,0.22909953,0.9945809,2.0049305,0.49606752
1971-07-16 00:00:00,7,0.20912485,1.0001426,2.0037844,0.49912682
1971-07-16 00:00:00,8,0.51272184,0.99951106,2.0010157,0.49950185
1971-07-16 00:00:00,9,0.09087622,1.0007046,2.0083504,0.49827194
1971-07-16 00:00:00,10,0.37382758,0.9988204,2.0021558,0.4988725
1971-07-16 00:00:00,11,1.0706452,0.9977128,1.9979237,0.4993748
1971-08-16 00:00:00,0,0.101383865,0.9940972,2.0022118,0.4964995
1971-08-16 00:00:00,1,0.43900672,0.99729645,2.0086157,0.49650934
1971-08-16 00:00:00,2,0.6204056,1.0004241,2.0024383,0.49960297
1971-08-16 00:00:00,3,0.12280362,0.9972404,1.9962335,0.499561
1971-08-16 00:00:00,4,0.004657059,1.0004368,2.0058453,0.4987607
1971-08-16 00:00:00,5,0.3486802,0.99670064,1.998643,0.49868867
1971-08-16 00:00:00,6,0.86276543,0.99266595,2.0026035,0.4956877
1971-08-16 00:00:00,7,1.088556,0.99920714,2.0023062,0.49902815
1971-08-16 00:00:00,8,0.3399664,0.9989613,1.998938,0.49974602
1971-08-16 00:00:00,9,0.011177106,1.0002946,2.0064332,0.49854365
1971-08-16 00:00:00,10,0.034943298,0.99758464,2.0002337,0.49873406
1971-08-16 00:00:00,11,0.6427103,0.99701446,1.9948846,0.49978554
1971-09-15 12:00:00,0,0.0145258885,0.99548525,2.0052085,0.49644974
1971-09-15 12:00:00,1,0.0934468,0.9973979,2.009728,0.49628502
1971-09-15 12:00:00,2,0.30727506,1.00088,2.0049455,0.4992056
1971-09-15 12:00:00,3,0.42414367,0.9983593,2.0003753,0.49908602
1971-09-15 12:00:00,4,0.32250983,1.0022376,2.0063868,0.4995236
1971-09-15 12:00:00,5,0.65796435,0.9981713,2.001225,0.49878016
1971-09-15 12:00:00,6,0.63024247,0.9944332,2.0053444,0.49589148
1971-09-15 12:00:00,7,0.556713,0.99963295,2.0036764,0.4988994
1971-09-15 12:00:00,8,0.38376957,0.9997263,2.000504,0.4997372
1971-09-15 12:00:00,9,0.31613347,1.0003419,2.0079021,0.4982025
1971-09-15 12:00:00,10,0.89459574,0.9994232,2.003998,0.49871466
1971-09-15 12:00:00,11,0.23460367,0.9983872,1.9990962,0.4994193
1971-10-16 00:00:00,0,0.8637651,0.99983317,2.0029914,0.49916998
1971-10-16 00:00:00,1,0.39334598,0.99866915,2.0053182,0.49801034
1971-10-16 00:00:00,2,0.37097865,0.99846965,2.0034142,0.49838406
1971-10-16 00:00:00,3,1.0456705,0.9989979,2.0002916,0.49942616
1971-10-16 00:00:00,4,0.23085281,1.0020883,2.0076563,0.49913338
1971-10-16 00:00:00,5,0.0027335463,0.9978005,2.0028336,0.49819443
1971-10-16 00:00:00,6,0.1644572,0.99876523,2.0037508,0.49844784
1971-10-16 00:00:00,7,0.107981816,1.0003202,2.0050385,0.49890324
1971-10-16 00:00:00,8,0.34835255,1.0012666,2.003574,0.4997403
1971-10-16 00:00:00,9,0.6330877,0.9993761,2.008979,0.4974547
1971-10-16 00:00:00,10,0.31796455,0.99839056,2.0040998,0.49817407
1971-10-16 00:00:00,11,1.3518026,0.9991366,2.0016377,0.49915957
1971-11-15 12:00:00,0,0.12847766,1.0036538,1.9995613,0.501937
1971-11-15 12:00:00,1,0.6150767,1.0001634,2.0011494,0.49979448
1971-11-15 12:00:00,2,0.17521784,0.99560237,2.0012226,0.49749705
1971-11-15 12:00:00,3,0.3145224,0.99923325,1.9967841,0.5004213
1971-11-15 12:00:00,4,0.54266834,1.0005945,2.009403,0.4979561
1971-11-15 12:00:00,5,1.7505997,0.9968351,2.0031643,0.49763024
1971-11-15 12:00:00,6,0.015185032,1.0020758,2.0008042,0.5008365
1971-11-15 12:00:00,7,1.980851,1.0017567,2.005782,0.4994345
1971-11-15 12:00:00,8,0.19266883,1.0023726,2.007082,0.49941787
1971-11-15 12:00:00,9,0.03190357,0.99878776,2.0104368,0.49680138
1971-11-15 12:00:00,10,0.4966151,0.99589443,2.0008886,0.49772608
1971-11-15 12:00:00,11,0.8095304,0.9986111,2.0012467,0.4989945
1971-12-16 00:00:00,0,0.26180202,1.0034539,2.0000372,0.50171757
1971-12-16 00:00:00,1,0.90006393,1.0005327,2.0018358,0.4998076
1971-12-16 00:00:00,2,0.43536562,0.99496686,2.0027335,0.49680445
1971-12-16 00:00:00,3,0.25891632,1.0005114,1.9941746,0.50171703
1971-12-16 00:00:00,4,0.8749887,1.0011384,2.007145,0.4987873
1971-12-16 00:00:00,5,0.82814777,0.9980385,2.0040135,0.4980198
1971-12-16 00:00:00,6,1.2313559,1.0019597,2.0002797,0.5009098
1971-12-16 00:00:00,7,1.1767576,1.0028181,2.0050402,0.50014865
1971-12-16 00:00:00,8,0.22918375,1.003479,2.0091722,0.49944898
1971-12-16 00:00:00,9,0.063931584,0.9980731,2.0113084,0.49623075
1971-12-16 00:00:00,10,1.2047689,0.99565095,1.9999298,0.49784294
1971-12-16 00:00:00,11,0.5149226,0.99913204,2.0016973,0.4991424
1972-01-16 00:00:00,0,0.17817014,1.002518,2.0000424,0.5012484
1972-01-16 00:00:00,1,0.011309806,0.99946415,2.0017672,0.4992909
1972-01-16 00:00:00,2,0.2648545,0.9967518,2.0009701,0.49813426
1972-01-16 00:00:00,3,0.18420841,0.9985443,1.9991096,0.4994945
1972-01-16 00:00:00,4,1.0451326,1.0008763,2.0095124,0.49806923
1972-01-16 00:00:00,5,0.11591608,0.9964912,2.0026133,0.4975954
1972-01-16 00:00:00,6,1.2289033,1.0010796,2.0016878,0.5001177
1972-01-16 00:00:00,7,1.0831015,1.0005771,2.0057669,0.49885014
1972-01-16 00:00:00,8,1.1480339,1.0015712,2.004769,0.49959427
1972-01-16 00:00:00,9,0.06569525,0.9991121,2.0092468,0.49725705
1972-01-16 00:00:00,10,0.8600775,0.99671423,2.0026035,0.4977092
1972-01-16 00:00:00,11,0.15065473,0.99866015,2.0012069,0.49902895
1972-02-15 00:00:00,0,0.38765666,1.0028281,1.9999838,0.5014181
1972-02-15 00:00:00,1,0.87377226,0.9997842,2.0017197,0.49946263
1972-02-15 00:00:00,2,0.106397614,0.9962063,2.0014346,0.4977461
1972-02-15 00:00:00,3,0.73782486,0.99910665,1.9976599,0.5001385
1972-02-15 00:00:00,4,0.26774934,1.0009359,2.0088396,0.4982657
1972-02-15 00:00:00,5,0.30381033,0.99691695,2.0030131,0.49770865
1972-02-15 00:00:00,6,0.043991983,1.0013695,2.001238,0.500375
1972-02-15 00:00:00,7,0.07147757,1.0012218,2.0055625,0.49922243
1972-02-15 00:00:00,8,0.7202276,1.002131,2.006054,0.49955335
1972-02-15 00:00:00,9,1.7730595,0.9987998,2.009836,0.49695587
1972-02-15 00:00:00,10,0.42357007,0.99637884,2.0018127,0.4977383
1972-02-15 00:00:00,11,0.79598373,0.9987946,2.0013442,0.49906188
1972-03-16 00:00:00,0,0.3632245,0.9974909,2.0042264,0.49769372
1972-03-16 00:00:00,1,0.2008376,0.9976482,2.0072484,0.49702278
1972-03-16 00:00:00,2,0.12368534,1.0001763,2.0040808,0.49906987
1972-03-16 00:00:00,3,0.063419215,0.99854267,2.0023644,0.49868178
1972-03-16 00:00:00,4,1.073806,1.0027697,2.0065775,0.49974135
1972-03-16 00:00:00,5,0.30189672,0.9979402,2.0022395,0.498412
1972-03-16 00:00:00,6,1.2378819,0.9966099,2.0050056,0.49706092
1972-03-16 00:00:00,7,0.36964867,0.99909234,2.0044603,0.49843457
1972-03-16 00:00:00,8,0.87840515,1.0004015,2.0008898,0.4999783
1972-03-16 00:00:00,9,0.15345831,0.99967164,2.0076146,0.49794
1972-03-16 00:00:00,10,0.481811,0.9995279,2.0061145,0.49824068
1972-03-16 00:00:00,11,1.2734938,0.9993049,2.0013688,0.49931073
1972-04-15 12:00:00,0,0.54842067,1.0025735,2.0000365,0.5012776
1972-04-15 12:00:00,1,1.2263746,0.99952614,2.001764,0.49932265
1972-04-15 12:00:00,2,0.22616327,0.99664646,2.0010679,0.4980573
1972-04-15 12:00:00,3,0.26101315,0.9986579,1.9988225,0.49962312
1972-04-15 12:00:00,4,1.0306829,1.0008917,2.0093708,0.498112
1972-04-15 12:00:00,5,0.22732991,0.9965794,2.0026937,0.4976195
1972-04-15 12:00:00,6,0.9951367,1.0011321,2.0016012,0.50016564
1972-04-15 12:00:00,7,0.17060132,1.0007043,2.0057237,0.4989243
1972-04-15 12:00:00,8,0.67507017,1.001683,2.0050218,0.4995871
1972-04-15 12:00:00,9,0.54543585,0.999049,2.0093625,0.497197
1972-04-15 12:00:00,10,0.12343288,0.9966512,2.00245,0.4977159
1972-04-15 12:00:00,11,0.55654204,0.9986892,2.0012362,0.49903613
1972-05-16 00:00:00,0,1.4190419,0.99812406,2.0043445,0.4979803
1972-05-16 00:00:00,1,0.9614856,0.99802274,2.0071924,0.49722326
1972-05-16 00:00:00,2,0.21877074,0.99971193,2.004268,0.49879158
1972-05-16 00:00:00,3,0.19637996,0.9987858,2.0015585,0.49900404
1972-05-16 00:00:00,4,0.22979903,1.0025454,2.0071158,0.4994955
1972-05-16 00:00:00,5,0.6735349,0.998094,2.0025127,0.49842083
1972-05-16 00:00:00,6,1.0717293,0.99718946,2.0049372,0.49736694
1972-05-16 00:00:00,7,0.15060563,0.9997632,2.0046918,0.49871165
1972-05-16 00:00:00,8,0.07105591,1.0006578,2.0020359,0.4998201
1972-05-16 00:00:00,9,0.08185599,0.9997469,2.0083976,0.49778336
1972-05-16 00:00:00,10,0.6750045,0.9992953,2.005165,0.4983606
1972-05-16 00:00:00,11,0.14534459,0.9991622,2.0014088,0.49922943
1972-06-15 12:00:00,0,1.2960622,1.0008217,2.002308,0.49983406
1972-06-15 12:00:00,1,0.12363296,0.9989692,2.004356,0.4983991
1972-06-15 12:00:00,2,0.18163374,0.9979739,2.0026612,0.4983239
1972-06-15 12:00:00,3,0.07958015,0.99876124,2.0001602,0.49934062
1972-06-15 12:00:00,4,0.61060506,1.0015887,2.0088458,0.49858913
1972-06-15 12:00:00,5,0.25133497,0.99734104,2.0027585,0.49798366
1972-06-15 12:00:00,6,0.66913366,0.9996226,2.0033717,0.4989701
1972-06-15 12:00:00,7,0.043062568,1.0005202,2.0054867,0.49889147
1972-06-15 12:00:00,8,0.9285686,1.0012393,2.0040216,0.499615
1972-06-15 12:00:00,9,0.5746838,0.99951047,2.009289,0.49744484
1972-06-15 12:00:00,10,0.03117681,0.9979454,2.0034723,0.4981079
1972-06-15 12:00:00,11,0.77238965,0.9988429,2.0014818,0.49905172
1972-07-16 00:00:00,0,0.04722139,0.99401194,2.00192,0.4965293
1972-07-16 00:00:00,1,0.2407575,0.99745846,2.00857,0.4966013
1972-07-16 00:00:00,2,0.5030017,1.0000981,2.002441,0.4994395
1972-07-16 00:00:00,3,0.85405016,0.9974209,1.9948716,0.49999252
1972-07-16 00:00:00,4,0.39812323,1.0002502,2.0053816,0.498783
1972-07-16 00:00:00,5,0.9374943,0.99679834,1.9985186,0.4987686
1972-07-16 00:00:00,6,0.04069945,0.99254274,2.002073,0.49575752
1972-07-16 00:00:00,7,0.11381847,0.99953246,2.0019987,0.4992673
1972-07-16 00:00:00,8,0.8556299,0.9991684,1.9994329,0.49972588
1972-07-16 00:00:00,9,0.56834555,1.0001374,2.0065887,0.49842674
1972-07-16 00:00:00,10,0.3726139,0.997231,1.9992447,0.49880388
1972-07-16 00:00:00,11,1.7458056,0.99691045,1.9944173,0.49985048
1972-08-16 00:00:00,0,0.8741543,0.99523586,2.004354,0.49653697
1972-08-16 00:00:00,1,0.23119664,0.99752164,2.0095415,0.49639264
1972-08-16 00:00:00,2,0.70108825,1.000599,2.0041769,0.49925685
1972-08-16 00:00:00,3,0.0765719,0.99797624,1.9986322,0.49932963
1972-08-16 00:00:00,4,0.054515727,1.0013819,2.0067909,0.49899662
1972-08-16 00:00:00,5,0.56367606,0.99767023,2.0003572,0.49874607
1972-08-16 00:00:00,6,0.033664457,0.993987,2.0045369,0.49586865
1972-08-16 00:00:00,7,0.28705338,0.999847,2.0033677,0.49908313
1972-08-16 00:00:00,8,0.101813644,0.99942064,2.0004306,0.49960276
1972-08-16 00:00:00,9,1.8480984,1.000549,2.0078328,0.49832284
1972-08-16 00:00:00,10,0.24745236,0.9986912,2.0020742,0.49882826
1972-08-16 00:00:00,11,0.035448577,0.9976891,1.9974229,0.49948817
1972-09-15 12:00:00,0,0.07670531,1.0001566,2.0024338,0.49947053
1972-09-15 12:00:00,1,1.4174211,0.9986513,2.0046527,0.49816674
1972-09-15 12:00:00,2,3.0453215,0.9984061,2.002743,0.49851933
1972-09-15 12:00:00,3,2.404572,0.9986688,2.0007362,0.49915063
1972-09-15 12:00:00,4,0.0009637767,1.0018678,2.0081956,0.49888954
1972-09-15 12:00:00,5,0.045630667,0.99736905,2.0026119,0.49803412
1972-09-15 12:00:00,6,0.44772637,0.99903506,2.0035388,0.49863523
1972-09-15 12:00:00,7,0.34040874,1.0000337,2.0052283,0.49871317
1972-09-15 12:00:00,8,2.0031269,1.0010828,2.0031672,0.49975
1972-09-15 12:00:00,9,0.14950985,0.999431,2.0087018,0.49755073
1972-09-15 12:00:00,10,0.06309865,0.9982323,2.004252,0.4980573
1972-09-15 12:00:00,11,1.6430418,0.9990202,2.0015137,0.49913234
1972-10-16 00:00:00,0,0.92702734,1.0038216,1.9997946,0.50196236
1972-10-16 00:00:00,1,0.17065348,1.0004717,2.00142,0.49988094
1972-10-16 00:00:00,2,0.059065647,0.995138,2.0019503,0.49708426
1972-10-16 00:00:00,3,0.8374782,0.99988306,1.9953088,0.50111693
1972-10-16 00:00:00,4,0.025538048,1.0007349,2.0086372,0.49821588
1972-10-16 00:00:00,5,0.06152367,0.99741167,2.0036345,0.4978012
1972-10-16 00:00:00,6,0.27968985,1.0022484,2.0005305,0.50099134
1972-10-16 00:00:00,7,0.43675125,1.0024908,2.0055463,0.49985918
1972-10-16 00:00:00,8,2.0445423,1.0029515,2.0084512,0.49936563
1972-10-16 00:00:00,9,0.70665675,0.99850744,2.0111334,0.4964899
1972-10-16 00:00:00,10,0.5558168,0.99567455,2.0000873,0.49781555
1972-10-16 00:00:00,11,0.014273391,0.9987694,2.0014384,0.49902582
1972-11-15 12:00:00,0,0.5842877,1.0026038,2.0004425,0.501191
1972-11-15 12:00:00,1,0.10794966,1.0003252,2.0024865,0.49954155
1972-11-15 12:00:00,2,0.028557466,0.9952103,2.0034752,0.496742
1972-11-15 12:00:00,3,1.7753518,1.0009432,1.9938014,0.5020275
1972-11-15 12:00:00,4,0.1705041,1.0017034,2.0054739,0.49948463
1972-11-15 12:00:00,5,0.23358883,0.99859303,2.0042152,0.4982464
1972-11-15 12:00:00,6,1.2264371,1.0012544,2.000301,0.50055194
1972-11-15 12:00:00,7,0.08127471,1.0026987,2.0044544,0.5002352
1972-11-15 12:00:00,8,0.39760518,1.0037668,2.0090544,0.49962148
1972-11-15 12:00:00,9,0.1474219,0.9976885,2.0110025,0.49611497
1972-11-15 12:00:00,10,1.6101619,0.99592954,2.000441,0.49785498
1972-11-15 12:00:00,11,0.11321884,0.99957114,2.001975,0.4992925
1972-12-16 00:00:00,0,0.2825603,1.0038749,1.9995617,0.5020475
1972-12-16 00:00:00,1,0.24651437,1.0003873,2.0011554,0.49990487
1972-12-16 00:00:00,2,0.3241765,0.9952391,2.0015578,0.49723223
1972-12-16 00:00:00,3,0.55829054,0.99961054,1.9958136,0.50085366
1972-12-16 00:00:00,4,0.07892548,1.0006225,2.009012,0.49806696
1972-12-16 00:00:00,5,0.23430909,0.9971268,2.0034392,0.49770755
1972-12-16 00:00:00,6,0.61578655,1.002279,2.0005357,0.5010053
1972-12-16 00:00:00,7,0.6925551,1.0022198,2.0056653,0.49969444
1972-12-16 00:00:00,8,0.49258378,1.0027395,2.007977,0.499378
1972-12-16 00:00:00,9,1.6455393,0.99860394,2.0108752,0.49660164
1972-12-16 00:00:00,10,0.39197358,0.9956748,2.000325,0.4977565
1972-12-16 00:00:00,11,0.81178266,0.99868274,2.0013318,0.49900907
1973-01-16 00:00:00,0,0.17182995,1.0027456,2.000415,0.5012688
1973-01-16 00:00:00,1,0.3345891,1.0003954,2.00243,0.49959072
1973-01-16 00:00:00,2,0.9827733,0.99511355,2.0034676,0.4966956
1973-01-16 00:00:00,3,0.10056677,1.0009695,1.9936559,0.5020774
1973-01-16 00:00:00,4,0.23759094,1.0016428,2.005605,0.49942178
1973-01-16 00:00:00,5,0.075224355,0.9985918,2.0042496,0.49823725
1973-01-16 00:00:00,6,0.05999976,1.0013764,2.0002599,0.50062317
1973-01-16 00:00:00,7,1.3929452,1.002813,2.0045044,0.5002797
1973-01-16 00:00:00,8,0.17628552,1.003804,2.0092537,0.49959046
1973-01-16 00:00:00,9,0.12129671,0.9977044,2.0111377,0.49608955
1973-01-16 00:00:00,10,0.005962139,0.99586016,2.0002627,0.49786466
1973-01-16 00:00:00,11,0.1967131,0.9995308,2.001961,0.49927586
1973-02-14 12:00:00,0,0.42633346,1.0023142,2.0007236,0.50097585
1973-02-14 12:00:00,1,0.19140296,1.0003655,2.002885,0.49946225
1973-02-14 12:00:00,2,0.12911952,0.9951254,2.004095,0.496546
1973-02-14 12:00:00,3,0.6980587,1.0013926,1.9930428,0.5024441
1973-02-14 12:00:00,4,0.1623279,1.0019982,2.0044684,0.49988225
1973-02-14 12:00:00,5,0.03932381,0.99906695,2.0044954,0.4984132
1973-02-14 12:00:00,6,0.8007513,1.0010281,2.0002089,0.50046176
1973-02-14 12:00:00,7,0.10038777,1.0029559,2.0041149,0.50044835
1973-02-14 12:00:00,8,0.09958108,1.0041234,2.0095725,0.49967018
1973-02-14 12:00:00,9,1.4250319,0.99741787,2.011169,0.49593937
1973-02-14 12:00:00,10,1.4771754,0.99596125,2.0003226,0.4979003
1973-02-14 12:00:00,11,0.910564,0.99981797,2.002171,0.4993669
1973-03-16 00:00:00,0,1.1310934,1.0032314,2.0000153,0.5016119
1973-03-16 00:00:00,1,0.16708009,1.0003572,2.001836,0.49971983
1973-03-16 00:00:00,2,2.4225154,0.9952248,2.0025344,0.4969826
1973-03-16 00:00:00,3,0.7095616,1.0002872,1.9947928,0.50144917
1973-03-16 00:00:00,4,0.59264827,1.00117,2.007224,0.49878338
1973-03-16 00:00:00,5,0.20517987,0.99787223,2.0038342,0.49798143
1973-03-16 00:00:00,6,1.3744706,1.0017606,2.0004213,0.5007748
1973-03-16 00:00:00,7,0.44249701,1.0024669,2.0050535,0.49997017
1973-03-16 00:00:00,8,0.73034376,1.00326,2.0085285,0.49950004
1973-03-16 00:00:00,9,0.023341918,0.9981425,2.010946,0.49635467
1973-03-16 00:00:00,10,1.478415,0.99580556,2.0003796,0.4978083
1973-03-16 00:00:00,11,0.28019106,0.9991316,2.0016584,0.49915192
1973-04-15 12:00:00,0,0.24118966,0.9988437,2.0036786,0.49850497
1973-04-15 12:00:00,1,0.13324384,0.9982666,2.0062602,0.49757585
1973-04-15 12:00:00,2,0.72977674,0.9991847,2.003848,0.49863297
1973-04-15 12:00:00,3,0.39060685,0.99888736,2.0011222,0.4991636
1973-04-15 12:00:00,4,0.42858136,1.0024263,2.0071647,0.499424
1973-04-15 12:00:00,5,0.12079466,0.9979644,2.0026698,0.49831697
1973-04-15 12:00:00,6,0.00015332886,0.9978778,2.0043676,0.49785167
1973-04-15 12:00:00,7,0.45995057,0.9998904,2.0048037,0.4987473
1973-04-15 12:00:00,8,0.003153692,1.0009573,2.0025847,0.49983266
1973-04-15 12:00:00,9,0.8594946,0.99949974,2.0085118,0.497632
1973-04-15 12:00:00,10,0.23639336,0.9989332,2.0049152,0.4982421
1973-04-15 12:00:00,11,0.14964241,0.99924225,2.001622,0.49921626
1973-05-16 00:00:00,0,0.0675865,0.9993849,2.003327,0.4988626
1973-05-16 00:00:00,1,0.0048404043,0.99845815,2.0057602,0.49779537
1973-05-16 00:00:00,2,0.045024235,0.9988616,2.0035338,0.4985499
1973-05-16 00:00:00,3,0.3372055,0.9988504,2.0008795,0.49920568
1973-05-16 00:00:00,4,0.26597685,1.002195,2.007649,0.49918836
1973-05-16 00:00:00,5,0.10892085,0.99779624,2.0026977,0.49822608
1973-05-16 00:00:00,6,0.23588978,0.9983553,2.0041206,0.49815133
1973-05-16 00:00:00,7,0.13365996,1.0000676,2.0049984,0.49878722
1973-05-16 00:00:00,8,0.14554663,1.0010264,2.002979,0.4997688
1973-05-16 00:00:00,9,0.22701286,0.99951625,2.0087335,0.4975853
1973-05-16 00:00:00,10,0.2883014,0.99867404,2.00452,0.4982111
1973-05-16 00:00:00,11,0.78804725,0.9991285,2.001584,0.4991689
1973-06-15 12:00:00,0,0.031567093,0.99265254,1.9993062,0.4964985
1973-06-15 12:00:00,1,0.35152146,0.9971306,2.0071983,0.4967773
1973-06-15 12:00:00,2,0.32824567,0.9998832,2.0003953,0.4998428
1973-06-15 12:00:00,3,0.15332046,0.996691,1.9922837,0.5002756
1973-06-15 12:00:00,4,0.6491849,0.99943453,2.0036545,0.49880582
1973-06-15 12:00:00,5,0.6858103,0.99576855,1.996652,0.49871913
1973-06-15 12:00:00,6,0.4467733,0.99107057,1.9996687,0.4956174
1973-06-15 12:00:00,7,3.1393797,0.9985531,2.0006359,0.49911785
1973-06-15 12:00:00,8,0.534857,0.99882585,1.9975162,0.5000339
1973-06-15 12:00:00,9,0.1817798,0.9995474,2.0046735,0.4986086
1973-06-15 12:00:00,10,0.3644143,0.9960621,1.9976509,0.4986167
1973-06-15 12:00:00,11,0.41540983,0.9964281,1.9919109,0.5002373
1973-07-16 00:00:00,0,0.3420109,0.9953947,2.004671,0.49653766
1973-07-16 00:00:00,1,0.6184983,0.9976132,2.009731,0.4963914
1973-07-16 00:00:00,2,0.060649533,1.0005394,2.0044968,0.49914742
1973-07-16 00:00:00,3,0.51925844,0.9981552,1.9986237,0.49942127
1973-07-16 00:00:00,4,0.23924197,1.0014776,2.0068517,0.49902922
1973-07-16 00:00:00,5,0.12736937,0.9978717,2.000613,0.498783
1973-07-16 00:00:00,6,0.96518505,0.99416566,2.0047355,0.49590865
1973-07-16 00:00:00,7,0.03914669,1.0000757,2.0034702,0.49917173
1973-07-16 00:00:00,8,0.47479483,0.99955165,2.0008538,0.49956256
1973-07-16 00:00:00,9,0.99991226,1.0005659,2.0081458,0.4982536
1973-07-16 00:00:00,10,0.2766379,0.9987821,2.002059,0.49887747
1973-07-16 00:00:00,11,0.4896909,0.99775875,1.9976984,0.49945414
1973-08-16 00:00:00,0,0.026019622,0.99772346,2.0049057,0.4976411
1973-08-16 00:00:00,1,0.104715414,0.9979198,2.0079837,0.49697605
1973-08-16 00:00:00,2,1.3125888,1.0000767,2.0045,0.4989158
1973-08-16 00:00:00,3,0.03144311,0.99858284,2.001811,0.4988397
1973-08-16 00:00:00,4,0.043829694,1.0023959,2.007692,0.49927768
1973-08-16 00:00:00,5,0.21071479,0.9980758,2.0022895,0.49846727
1973-08-16 00:00:00,6,1.3213768,0.9967515,2.0054657,0.49701744
1973-08-16 00:00:00,7,0.064743735,0.99983567,2.0047731,0.4987276
1973-08-16 00:00:00,8,0.4483763,1.0002944,2.0017512,0.4997097
1973-08-16 00:00:00,9,0.28695476,1.0001557,2.0085418,0.49795115
1973-08-16 00:00:00,10,1.7665503,0.9994916,2.004923,0.49851865
1973-08-16 00:00:00,11,0.8105191,0.9988675,2.0009847,0.49918798
1973-09-15 12:00:00,0,0.18737367,0.9933887,2.0020885,0.4961762
1973-09-15 12:00:00,1,2.4101946,0.9970256,2.0087888,0.49633172
1973-09-15 12:00:00,2,1.2647995,1.0006237,2.0027454,0.499626
1973-09-15 12:00:00,3,0.6831514,0.9974755,1.9959455,0.49975088
1973-09-15 12:00:00,4,0.09259942,1.0008789,2.0043516,0.49935296
1973-09-15 12:00:00,5,0.93551654,0.99694854,1.9986163,0.49881938
1973-09-15 12:00:00,6,0.4769191,0.9919999,2.002264,0.4954391
1973-09-15 12:00:00,7,0.30323023,0.99891186,2.0017169,0.49902755
1973-09-15 12:00:00,8,0.11947363,0.9991277,1.9985136,0.4999354
1973-09-15 12:00:00,9,0.034426566,0.9998732,2.0059595,0.49845135
1973-09-15 12:00:00,10,0.25584617,0.99759626,2.0008748,0.49858007
1973-09-15 12:00:00,11,0.31071275,0.997316,1.9949766,0.49991363
1973-10-16 00:00:00,0,0.8169689,1.0035348,1.9996241,0.5018617
1973-10-16 00:00:00,1,0.7894653,1.0001446,2.0012507,0.49975976
1973-10-16 00:00:00,2,0.2369635,0.99561846,2.0013578,0.4974715
1973-10-16 00:00:00,3,0.6861553,0.99932283,1.996668,0.50049525
1973-10-16 00:00:00,4,0.044734493,1.000684,2.0091195,0.49807093
1973-10-16 00:00:00,5,0.5100918,0.9969387,2.0032122,0.49767005
1973-10-16 00:00:00,6,0.12957394,1.0019782,2.0007913,0.50079095
1973-10-16 00:00:00,7,0.83176684,1.0017657,2.0056837,0.49946347
1973-10-16 00:00:00,8,1.4494368,1.0024391,2.007117,0.4994423
1973-10-16 00:00:00,9,0.14130586,0.9987169,2.0104153,0.49677143
1973-10-16 00:00:00,10,0.28036103,0.9959244,2.0009346,0.49772963
1973-10-16 00:00:00,11,1.4898454,0.9986835,2.0012949,0.49901867
1973-11-15 12:00:00,0,0.06644709,1.0022949,2.0007184,0.5009675
1973-11-15 12:00:00,1,0.43659592,1.0003542,2.0028841,0.49945682
1973-11-15 12:00:00,2,0.0081764,0.9951386,2.0040882,0.4965543
1973-11-15 12:00:00,3,0.028843116,1.0013859,1.9930663,0.50243485
1973-11-15 12:00:00,4,0.4987612,1.0020059,2.004448,0.49989122
1973-11-15 12:00:00,5,0.64587694,0.9990625,2.0044875,0.4984129
1973-11-15 12:00:00,6,0.06640043,1.001011,2.0002093,0.5004531
1973-11-15 12:00:00,7,1.5875399,1.0029343,2.004107,0.5004395
1973-11-15 12:00:00,8,0.034454647,1.0041171,2.0095372,0.4996758
1973-11-15 12:00:00,9,0.17805958,0.9974137,2.011143,0.4959437
1973-11-15 12:00:00,10,0.28260368,0.9959685,2.0003524,0.49789652
1973-11-15 12:00:00,11,0.18798721,0.999824,2.0021715,0.4993698
1973-12-16 00:00:00,0,0.33277696,1.0035892,1.9998418,0.5018343
1973-12-16 00:00:00,1,0.06681546,1.0004563,2.0015662,0.49983674
1973-12-16 00:00:00,2,0.06722473,0.9950976,2.0022562,0.49698815
1973-12-16 00:00:00,3,0.35956526,1.000142,1.9948664,0.50135785
1973-12-16 00:00:00,4,0.07327974,1.0009459,2.007856,0.49851483
1973-12-16 00:00:00,5,1.5116439,0.99766934,2.0037723,0.49789557
1973-12-16 00:00:00,6,0.62035817,1.0020586,2.000384,0.5009331
1973-12-16 00:00:00,7,0.630765,1.0025451,2.0052762,0.49995363
1973-12-16 00:00:00,8,0.8142937,1.0031738,2.008639,0.4994296
1973-12-16 00:00:00,9,0.08689234,0.9982784,2.0110948,0.49638554
1973-12-16 00:00:00,10,0.052651234,0.9956734,2.0001357,0.49780294
1973-12-16 00:00:00,11,0.34896246,0.99896306,2.0015528,0.49909404
1974-01-16 00:00:00,0,0.2520527,1.0029123,2.0002584,0.50139135
1974-01-16 00:00:00,1,0.59403884,1.0003767,2.0022056,0.49963734
1974-01-16 00:00:00,2,0.05910606,0.99515444,2.003123,0.49680147
1974-01-16 00:00:00,3,0.53155947,1.0007226,1.99406,0.5018518
1974-01-16 00:00:00,4,0.31194025,1.0014753,2.0061631,0.49919936
1974-01-16 00:00:00,5,0.09397755,0.9983313,2.0040905,0.4981468
1974-01-16 00:00:00,6,0.24913563,1.0015056,2.0003066,0.50067604
1974-01-16 00:00:00,7,0.32156107,1.0026796,2.004689,0.50016713
1974-01-16 00:00:00,8,0.33332375,1.0036074,2.0089753,0.49956185
1974-01-16 00:00:00,9,0.23641136,0.99785584,2.0110528,0.49618578
1974-01-16 00:00:00,10,0.26725298,0.995838,2.0003107,0.49784166
1974-01-16 00:00:00,11,0.24827367,0.9993902,2.001847,0.49923405
1974-02-14 12:00:00,0,1.8228946,1.0030503,1.9997566,0.5015862
1974-02-14 12:00:00,1,0.20308338,0.99978787,2.0014212,0.49953896
1974-02-14 12:00:00,2,0.17481063,0.99619776,2.001057,0.4978358
1974-02-14 12:00:00,3,0.1432869,0.99886966,1.997996,0.49993578
1974-02-14 12:00:00,4,0.0077297394,1.0007509,2.0093975,0.4980353
1974-02-14 12:00:00,5,0.32254788,0.9966425,2.002866,0.49760816
1974-02-14 12:00:00,6,0.8228222,1.0015471,2.0012224,0.50046766
1974-02-14 12:00:00,7,0.5098055,1.0011048,2.005752,0.49911693
1974-02-14 12:00:00,8,0.0893462,1.0019612,2.0058353,0.4995232
1974-02-14 12:00:00,9,1.1257703,0.99892896,2.0097647,0.49703777
1974-02-14 12:00:00,10,1.6846173,0.9963098,2.0018218,0.49770156
1974-02-14 12:00:00,11,0.04193103,0.9986541,2.001227,0.49902093
1974-03-16 00:00:00,0,0.83908254,1.0030842,2.000203,0.5014912
1974-03-16 00:00:00,1,1.1232309,1.0004444,2.002111,0.4996948
1974-03-16 00:00:00,2,0.62642044,0.99506474,2.0030587,0.49677265
1974-03-16 00:00:00,3,0.5868418,1.0007075,1.9939896,0.50186193
1974-03-16 00:00:00,4,0.12178203,1.0013878,2.0063927,0.49909863
1974-03-16 00:00:00,5,0.33794826,0.9982846,2.0041056,0.49811977
1974-03-16 00:00:00,6,0.4449085,1.0016531,2.0002742,0.5007579
1974-03-16 00:00:00,7,1.6954038,1.0027688,2.0047767,0.5001897
1974-03-16 00:00:00,8,0.36189243,1.003614,2.0091321,0.4995261
1974-03-16 00:00:00,9,0.5202155,0.9978954,2.011174,0.4961756
1974-03-16 00:00:00,10,1.4170519,0.99576485,2.0001488,0.49784538
1974-03-16 00:00:00,11,0.4389421,0.9993288,2.00182,0.4992101
1974-04-15 12:00:00,0,0.14683372,1.0034634,1.9997394,0.5017971
1974-04-15 12:00:00,1,1.0706438,1.000179,2.0014005,0.4997396
1974-04-15 12:00:00,2,0.18304956,0.9955659,2.0015965,0.49738592
1974-04-15 12:00:00,3,0.044269253,0.999497,1.9963539,0.50066125
1974-04-15 12:00:00,4,0.78242004,1.0007771,2.0087945,0.49819785
1974-04-15 12:00:00,5,0.027343642,0.9971184,2.0033276,0.4977311
1974-04-15 12:00:00,6,0.31125018,1.0019256,2.0007608,0.5007723
1974-04-15 12:00:00,7,0.5905286,1.0018983,2.0055764,0.4995563
1974-04-15 12:00:00,8,1.8829377,1.0025784,2.007367,0.4994495
1974-04-15 12:00:00,9,0.86988574,0.998628,2.0105236,0.4967005
1974-04-15 12:00:00,10,0.4472392,0.9959249,2.0008385,0.49775377
1974-04-15 12:00:00,11,0.4958933,0.99876136,2.0013654,0.49903998
1974-05-16 00:00:00,0,1.6402842,0.9945063,2.0037847,0.49631396
1974-05-16 00:00:00,1,0.85000265,0.9974839,2.009611,0.49635673
1974-05-16 00:00:00,2,0.24192542,1.0004379,2.004171,0.49917793
1974-05-16 00:00:00,3,0.85758066,0.99814117,1.9968622,0.4998548
1974-05-16 00:00:00,4,0.6248042,1.0013096,2.0054352,0.49929792
1974-05-16 00:00:00,5,0.04436348,0.9977732,1.999951,0.4988988
1974-05-16 00:00:00,6,1.008443,0.9932091,2.0036287,0.49570516
1974-05-16 00:00:00,7,0.12718742,0.9999034,2.0026228,0.4992969
1974-05-16 00:00:00,8,0.10789921,0.99960625,2.0004108,0.4997005
1974-05-16 00:00:00,9,0.7824135,1.0001768,2.007546,0.49820867
1974-05-16 00:00:00,10,0.5300533,0.99822134,2.0012205,0.49880627
1974-05-16 00:00:00,11,0.0037533026,0.99762714,1.9966189,0.4996583
1974-06-15 12:00:00,0,1.488251,0.9944786,2.0043695,0.49615532
1974-06-15 12:00:00,1,0.03746959,0.9971808,2.009758,0.4961696
1974-06-15 12:00:00,2,0.05448282,1.0009705,2.0044448,0.49937543
1974-06-15 12:00:00,3,0.20612106,0.9980887,1.9989824,0.4992984
1974-06-15 12:00:00,4,0.6215557,1.0018984,2.0054405,0.4995902
1974-06-15 12:00:00,5,0.07724672,0.99787223,2.0003507,0.49884865
1974-06-15 12:00:00,6,0.09471822,0.9933213,2.0044663,0.495554
1974-06-15 12:00:00,7,0.46166122,0.9993297,2.0029218,0.49893594
1974-06-15 12:00:00,8,0.009709625,0.99948704,1.9996812,0.49982318
1974-06-15 12:00:00,9,0.33272284,1.000201,2.0071735,0.49831316
1974-06-15 12:00:00,10,0.327335,0.99892217,2.0031438,0.49867722
1974-06-15 12:00:00,11,0.33779478,0.99807644,1.9976975,0.4996134
1974-07-16 00:00:00,0,0.0062793735,1.0011743,2.0012357,0.50027806
1974-07-16 00:00:00,1,0.37062535,0.99895346,2.0032156,0.49867496
1974-07-16 00:00:00,2,0.15873367,0.99771893,2.001791,0.49841315
1974-07-16 00:00:00,3,0.693599,0.9985286,2.0002263,0.49920782
1974-07-16 00:00:00,4,0.44922575,1.0014428,2.008742,0.49854225
1974-07-16 00:00:00,5,0.17562439,0.9968851,2.002544,0.49780935
1974-07-16 00:00:00,6,0.04832951,0.999925,2.002669,0.4992962
1974-07-16 00:00:00,7,0.24772519,1.0000998,2.00546,0.49868846
1974-07-16 00:00:00,8,0.020633113,1.0012515,2.0036213,0.4997209
1974-07-16 00:00:00,9,0.49684834,0.9992572,2.0087454,0.4974534
1974-07-16 00:00:00,10,0.7220509,0.9975776,2.0037258,0.49786136
1974-07-16 00:00:00,11,0.41270456,0.9988929,2.0013945,0.49909845
1974-08-16 00:00:00,0,0.6530495,0.99481374,2.0039926,0.49641588
1974-08-16 00:00:00,1,0.0187823,0.9975794,2.0096054,0.4964056
1974-08-16 00:00:00,2,0.7323796,1.000395,2.0041485,0.49916214
1974-08-16 00:00:00,3,0.56814253,0.9981047,1.9971735,0.49975863
1974-08-16 00:00:00,4,0.2125823,1.0012187,2.0060098,0.49910957
1974-08-16 00:00:00,5,0.17215452,0.9977462,2.000077,0.4988539
1974-08-16 00:00:00,6,0.19879134,0.99354076,2.0039213,0.4957983
1974-08-16 00:00:00,7,0.49179536,1.0000172,2.0028868,0.4992879
1974-08-16 00:00:00,8,0.35362282,0.9995652,2.0006144,0.4996291
1974-08-16 00:00:00,9,0.39231157,1.0003453,2.0077446,0.49824333
1974-08-16 00:00:00,10,0.019762916,0.99834234,2.0011296,0.4988894
1974-08-16 00:00:00,11,0.14605445,0.9975894,1.9967561,0.49960506
1974-09-15 12:00:00,0,0.67501104,0.98633426,1.9780518,0.49863926
1974-09-15 12:00:00,1,0.48910427,0.9960948,1.9928049,0.49984562
1974-09-15 12:00:00,2,0.10612981,0.99579245,1.9827061,0.50223905
1974-09-15 12:00:00,3,0.7007984,0.9915355,1.9714688,0.5029425
1974-09-15 12:00:00,4,0.02039487,0.99232596,1.9928765,0.4979365
1974-09-15 12:00:00,5,0.2674452,0.9874903,1.9833047,0.49790144
1974-09-15 12:00:00,6,0.07489929,0.9842371,1.9802588,0.49702445
1974-09-15 12:00:00,7,0.009163068,0.9922012,1.9915153,0.49821422
1974-09-15 12:00:00,8,0.42109817,0.9973984,1.9857975,0.5022659
1974-09-15 12:00:00,9,0.107135884,0.9946187,1.9912381,0.49949762
1974-09-15 12:00:00,10,0.15582612,0.9867477,1.9830695,0.497586
1974-09-15 12:00:00,11,0.023377104,0.99297327,1.9743913,0.5029263
1974-10-16 00:00:00,0,0.19210847,1.0035174,1.9997545,0.50182027
1974-10-16 00:00:00,1,0.5299952,1.0001061,2.0013504,0.49971563
1974-10-16 00:00:00,2,0.6453061,0.9957388,2.0013092,0.49754372
1974-10-16 00:00:00,3,0.2466445,0.9991979,1.9970033,0.5003486
1974-10-16 00:00:00,4,0.18482122,1.0006367,2.0094523,0.4979649
1974-10-16 00:00:00,5,0.5276094,0.99686164,2.003145,0.49764827
1974-10-16 00:00:00,6,0.49848366,1.0019611,2.0009863,0.5007336
1974-10-16 00:00:00,7,0.17285256,1.001707,2.0057967,0.49940604
1974-10-16 00:00:00,8,0.10246986,1.0022969,2.006927,0.49941874
1974-10-16 00:00:00,9,0.7926415,0.9988556,2.0104074,0.49684235
1974-10-16 00:00:00,10,0.25021487,0.99602425,2.0010095,0.4977609
1974-10-16 00:00:00,11,0.6252559,0.99860764,2.0012655,0.49898806
1974-11-15 12:00:00,0,0.83089846,1.0028696,1.9999765,0.5014407
1974-11-15 12:00:00,1,0.8553569,0.99967027,2.0016413,0.4994253
1974-11-15 12:00:00,2,0.27437922,0.9964481,2.0010433,0.4979643
1974-11-15 12:00:00,3,0.277313,0.99870646,1.9985335,0.49971965
1974-11-15 12:00:00,4,0.5095024,1.0007638,2.0096529,0.49797842
1974-11-15 12:00:00,5,0.5435357,0.9965713,2.002761,0.49759874
1974-11-15 12:00:00,6,0.23097089,1.0013875,2.0015182,0.50031394
1974-11-15 12:00:00,7,0.03985435,1.0009356,2.0058317,0.49901274
1974-11-15 12:00:00,8,0.84580284,1.0017558,2.0054247,0.499523
1974-11-15 12:00:00,9,0.06583981,0.9990846,2.0096378,0.49714658
1974-11-15 12:00:00,10,0.52724904,0.9965093,2.0020845,0.4977359
1974-11-15 12:00:00,11,0.9570347,0.9986041,2.0012076,0.49900076
1974-12-16 00:00:00,0,0.04772508,1.0034817,1.9999425,0.5017553
1974-12-16 00:00:00,1,0.3566406,1.0004491,2.0016994,0.49979985
1974-12-16 00:00:00,2,0.26095238,0.99510926,2.0024195,0.49695346
1974-12-16 00:00:00,3,0.5941032,1.0002418,1.9947345,0.50144106
1974-12-16 00:00:00,4,0.14643733,1.0010308,2.007605,0.49861938
1974-12-16 00:00:00,5,0.31635848,0.99778783,2.003833,0.49793962
1974-12-16 00:00:00,6,0.114914246,1.0019724,2.0003948,0.50088733
1974-12-16 00:00:00,7,0.63435704,1.0025859,2.005191,0.49999517
1974-12-16 00:00:00,8,0.047873255,1.0032442,2.0087166,0.49944535
1974-12-16 00:00:00,9,0.05507248,0.9982214,2.0111141,0.49635243
1974-12-16 00:00:00,10,0.35372657,0.9957098,2.0001464,0.49781844
1974-12-16 00:00:00,11,0.78603464,0.9990271,2.0016053,0.49911293
1975-01-16 00:00:00,0,0.48517027,1.0034589,1.999652,0.50181675
1975-01-16 00:00:00,1,0.8722065,1.000059,2.0012684,0.4997126
1975-01-16 00:00:00,2,0.9653521,0.9957714,2.0012262,0.49758065
1975-01-16 00:00:00,3,0.20780772,0.99916005,1.9970855,0.5003091
1975-01-16 00:00:00,4,0.26424375,1.0006598,2.009343,0.4980035
1975-01-16 00:00:00,5,0.17311576,0.99681604,2.0031,0.4976367
1975-01-16 00:00:00,6,0.25831053,1.0019075,2.00093,0.50072086
1975-01-16 00:00:00,7,0.050055563,1.0015922,2.005754,0.49935943
1975-01-16 00:00:00,8,4.037122,1.0022765,2.0067627,0.49944943
1975-01-16 00:00:00,9,1.0212554,0.9988156,2.0102632,0.49685812
1975-01-16 00:00:00,10,0.047948293,0.9960221,2.0011451,0.49772608
1975-01-16 00:00:00,11,0.019530812,0.99863815,2.001256,0.4990057
1975-02-14 12:00:00,0,0.032556612,1.0029185,2.000331,0.5013763
1975-02-14 12:00:00,1,0.17363606,1.0004394,2.002297,0.4996459
1975-02-14 12:00:00,2,0.084842555,0.9950596,2.0033216,0.49670488
1975-02-14 12:00:00,3,0.21415938,1.0008879,1.9937171,0.502021
1975-02-14 12:00:00,4,0.10779448,1.0015304,2.0059311,0.49928454
1975-02-14 12:00:00,5,1.2496221,0.99848396,2.0042124,0.4981927
1975-02-14 12:00:00,6,0.6154708,1.0015199,2.0002494,0.50069755
1975-02-14 12:00:00,7,0.0879114,1.0028416,2.0046194,0.50026536
1975-02-14 12:00:00,8,0.2148296,1.0037516,2.0092878,0.49955592
1975-02-14 12:00:00,9,0.048273645,0.9977776,2.0112026,0.49610993
1975-02-14 12:00:00,10,1.0550679,0.9958004,2.0001543,0.4978618
1975-02-14 12:00:00,11,0.3763084,0.9994445,2.0019066,0.4992463
1975-03-16 00:00:00,0,0.25365058,1.0027653,2.0004525,0.5012692
1975-03-16 00:00:00,1,1.1536505,1.000434,2.0024714,0.49959967
1975-03-16 00:00:00,2,0.05266794,0.99505794,2.0035634,0.4966441
1975-03-16 00:00:00,3,0.8793116,1.001051,1.9934747,0.5021638
1975-03-16 00:00:00,4,0.92736906,1.0016603,2.0055149,0.49945298
1975-03-16 00:00:00,5,1.4800904,0.99866587,2.0043094,0.49825934
1975-03-16 00:00:00,6,0.71818495,1.001397,2.0002322,0.5006404
1975-03-16 00:00:00,7,0.033135466,1.0029075,2.0044773,0.50033367
1975-03-16 00:00:00,8,0.42427507,1.003875,2.0094266,0.49958283
1975-03-16 00:00:00,9,0.4454971,0.99767274,2.0112288,0.49605134
1975-03-16 00:00:00,10,0.5964574,0.99583584,2.000161,0.49787787
1975-03-16 00:00:00,11,0.16602355,0.99954927,2.0019858,0.4992789
1975-04-15 12:00:00,0,1.0724099,1.0040606,1.9994724,0.5021628
1975-04-15 12:00:00,1,0.075149365,1.0003837,2.0009882,0.49994484
1975-04-15 12:00:00,2,0.7720813,0.99528325,2.0012534,0.49732995
1975-04-15 12:00:00,3,2.8657708,0.99936885,1.9962277,0.50062865
1975-04-15 12:00:00,4,0.4289023,1.0004444,2.0096548,0.49781904
1975-04-15 12:00:00,5,0.35106975,0.99688095,2.0033004,0.4976193
1975-04-15 12:00:00,6,1.3007131,1.0024278,2.0006356,0.50105464
1975-04-15 12:00:00,7,0.37543318,1.002128,2.005885,0.49959397
1975-04-15 12:00:00,8,0.4468291,1.0025381,2.007752,0.49933365
1975-04-15 12:00:00,9,0.5671959,0.9987876,2.0108535,0.49669832
1975-04-15 12:00:00,10,0.21363917,0.99566966,2.0003324,0.49775213
1975-04-15 12:00:00,11,0.4502469,0.9985242,2.001226,0.49895623
1975-05-16 00:00:00,0,0.38655925,0.99836993,2.0044188,0.4980845
1975-05-16 00:00:00,1,0.15494987,0.99815226,2.007213,0.49728265
1975-05-16 00:00:00,2,0.5318165,0.99957764,2.004311,0.49871382
1975-05-16 00:00:00,3,0.53579646,0.99881625,2.0013597,0.49906883
1975-05-16 00:00:00,4,0.19665556,1.0024147,2.007497,0.4993356
1975-05-16 00:00:00,5,0.24053183,0.9981032,2.0025759,0.4984097
1975-05-16 00:00:00,6,1.0763348,0.9973968,2.0049784,0.49746013
1975-05-16 00:00:00,7,0.22098652,1.0000119,2.0048287,0.49880168
1975-05-16 00:00:00,8,0.2602036,1.0006818,2.0024114,0.49973837
1975-05-16 00:00:00,9,0.53456616,0.99985,2.0087116,0.49775687
1975-05-16 00:00:00,10,0.98276466,0.9992143,2.004799,0.49841124
1975-05-16 00:00:00,11,0.9117758,0.99904823,2.001364,0.49918368
1975-06-15 12:00:00,0,0.38702962,0.9971451,2.005632,0.49717253
1975-06-15 12:00:00,1,0.865037,0.9979483,2.0090907,0.4967164
1975-06-15 12:00:00,2,0.22639005,1.0002031,2.0053153,0.498776
1975-06-15 12:00:00,3,0.30703306,0.99887383,2.0008874,0.49921542
1975-06-15 12:00:00,4,0.034708995,1.0024363,2.0073092,0.49939305
1975-06-15 12:00:00,5,0.26199612,0.99852735,2.002329,0.49868292
1975-06-15 12:00:00,6,0.70618516,0.996167,2.0057282,0.496661
1975-06-15 12:00:00,7,0.25831282,1.0003277,2.004496,0.49904197
1975-06-15 12:00:00,8,0.2196725,1.0003508,2.0022416,0.49961543
1975-06-15 12:00:00,9,0.12288239,1.0002749,2.0090039,0.49789596
1975-06-15 12:00:00,10,0.3851996,0.9995633,2.0041928,0.49873608
1975-06-15 12:00:00,11,0.48018965,0.9987434,2.0006256,0.49921554
1975-07-16 00:00:00,0,0.47677487,0.9934255,2.0012708,0.49639735
1975-07-16 00:00:00,1,0.5779262,0.9972949,2.0083413,0.4965764
1975-07-16 00:00:00,2,0.5501638,1.0001258,2.00203,0.49955586
1975-07-16 00:00:00,3,0.35359448,0.99728674,1.994128,0.5001117
1975-07-16 00:00:00,4,0.57957846,1.0001532,2.004557,0.49893978
1975-07-16 00:00:00,5,0.47303194,0.996611,1.9980123,0.49880123
1975-07-16 00:00:00,6,0.41142568,0.99193794,2.0014043,0.49562097
1975-07-16 00:00:00,7,0.50883704,0.99921125,2.0014892,0.4992339
1975-07-16 00:00:00,8,0.115307756,0.999103,1.9988062,0.49984986
1975-07-16 00:00:00,9,0.24372357,0.9999005,2.0059812,0.49845958
1975-07-16 00:00:00,10,0.015757313,0.9969541,1.9989775,0.498732
1975-07-16 00:00:00,11,0.36000082,0.99684846,1.9937655,0.4999828
1975-08-16 00:00:00,0,0.60144514,0.9999195,2.00299,0.4992134
1975-08-16 00:00:00,1,0.78491807,0.9986508,2.0052855,0.4980093
1975-08-16 00:00:00,2,0.40580568,0.9985458,2.0032272,0.49846858
1975-08-16 00:00:00,3,1.238125,0.99880546,2.0006328,0.49924478
1975-08-16 00:00:00,4,0.7190703,1.0019531,2.0081656,0.49893948
1975-08-16 00:00:00,5,0.09307445,0.99762535,2.0027158,0.49813625
1975-08-16 00:00:00,6,0.84314436,0.9988213,2.003885,0.49844244
1975-08-16 00:00:00,7,0.31488535,1.0002555,2.0052013,0.49883044
1975-08-16 00:00:00,8,0.93098193,1.0010837,2.0033753,0.49969855
1975-08-16 00:00:00,9,0.8063481,0.99954903,2.0089722,0.4975425
1975-08-16 00:00:00,10,0.5652594,0.99841243,2.0041034,0.49818408
1975-08-16 00:00:00,11,0.6424866,0.99899817,2.0015259,0.4991183
1975-09-15 12:00:00,0,0.24446864,1.0002183,2.003286,0.49928883
1975-09-15 12:00:00,1,0.16961901,0.99878645,2.0054922,0.4980256
1975-09-15 12:00:00,2,0.40233323,0.998516,2.0032532,0.49844724
1975-09-15 12:00:00,3,0.103193745,0.99869394,2.0007317,0.49916434
1975-09-15 12:00:00,4,0.40879923,1.0016992,2.009128,0.49857408
1975-09-15 12:00:00,5,0.264212,0.9975516,2.0027113,0.49810055
1975-09-15 12:00:00,6,1.3034054,0.999062,2.0042,0.4984842
1975-09-15 12:00:00,7,0.22857442,1.000555,2.0055287,0.4988984
1975-09-15 12:00:00,8,0.06616458,1.0009309,2.0036817,0.49954587
1975-09-15 12:00:00,9,0.40576974,0.99988383,2.0094278,0.4975963
1975-09-15 12:00:00,10,0.06980356,0.9984204,2.003634,0.49830478
1975-09-15 12:00:00,11,0.004304687,0.9987243,2.0013895,0.49901545
1975-10-16 00:00:00,0,0.058072813,1.003622,1.9996995,0.5018864
1975-10-16 00:00:00,1,0.15087894,1.0003233,2.0013623,0.4998212
1975-10-16 00:00:00,2,1.6859305,0.99532217,2.0017774,0.4972192
1975-10-16 00:00:00,3,0.07618287,0.99972844,1.9957323,0.5009331
1975-10-16 00:00:00,4,0.047302857,1.0007855,2.008551,0.49826244
1975-10-16 00:00:00,5,0.020780738,0.9972862,2.0034945,0.49777338
1975-10-16 00:00:00,6,0.008157034,1.0020692,2.0005634,0.50089353
1975-10-16 00:00:00,7,0.022676952,1.0021827,2.0055034,0.49971628
1975-10-16 00:00:00,8,0.10820247,1.0028121,2.0079296,0.49942595
1975-10-16 00:00:00,9,1.1343883,0.9985044,2.010789,0.49657345
1975-10-16 00:00:00,10,1.0071718,0.9957677,2.0004797,0.49776447
1975-10-16 00:00:00,11,0.31053045,0.9988049,2.0014124,0.49905005
1975-11-15 12:00:00,0,1.018042,1.0011764,2.0011256,0.5003066
1975-11-15 12:00:00,1,0.22663876,0.9989355,2.0031128,0.4986916
1975-11-15 12:00:00,2,0.9757966,0.99771184,2.0017095,0.4984299
1975-11-15 12:00:00,3,2.1057377,0.99850416,2.0002508,0.49918947
1975-11-15 12:00:00,4,0.73950005,1.0014431,2.0086865,0.4985562
1975-11-15 12:00:00,5,1.2052722,0.99684167,2.002517,0.49779436
1975-11-15 12:00:00,6,0.20084222,0.9999235,2.0025988,0.49931297
1975-11-15 12:00:00,7,0.12571369,1.0000345,2.0054383,0.49866128
1975-11-15 12:00:00,8,1.350121,1.0012478,2.0035436,0.49973845
1975-11-15 12:00:00,9,0.6747885,0.99922365,2.0086606,0.49745768
1975-11-15 12:00:00,10,1.2621758,0.9975481,2.0037913,0.49783033
1975-11-15 12:00:00,11,0.06347264,0.998908,2.001384,0.4991086
1975-12-16 00:00:00,0,0.1341737,0.9977271,2.0042255,0.4978118
1975-12-16 00:00:00,1,0.6667415,0.997771,2.0071905,0.49709833
1975-12-16 00:00:00,2,0.5284361,1.000019,2.004096,0.49898756
1975-12-16 00:00:00,3,1.0215788,0.99859446,2.0021207,0.49876836
1975-12-16 00:00:00,4,0.67932844,1.00267,2.0068207,0.4996311
1975-12-16 00:00:00,5,0.77293265,0.9979544,2.0023053,0.49840274
1975-12-16 00:00:00,6,0.015187151,0.99681634,2.004966,0.49717367
1975-12-16 00:00:00,7,0.46143022,0.9993053,2.004553,0.49851775
1975-12-16 00:00:00,8,0.20881213,1.0004642,2.001245,0.4999209
1975-12-16 00:00:00,9,0.07277722,0.99971086,2.007871,0.497896
1975-12-16 00:00:00,10,0.16107948,0.999428,2.005795,0.49827024
1975-12-16 00:00:00,11,0.3202538,0.99923235,2.0013561,0.49927762
1976-01-16 00:00:00,0,0.36686403,0.9966717,2.0051425,0.4970578
1976-01-16 00:00:00,1,0.0061078887,0.997575,2.0087497,0.49661487
1976-01-16 00:00:00,2,0.4028779,1.0005949,2.0047438,0.4991136
1976-01-16 00:00:00,3,0.9934726,0.99846846,2.0017715,0.49879244
1976-01-16 00:00:00,4,0.5312686,1.0025245,2.0069816,0.4995185
1976-01-16 00:00:00,5,0.38688076,0.99814063,2.0019052,0.49859536
1976-01-16 00:00:00,6,0.7397867,0.99570984,2.0055861,0.49646825
1976-01-16 00:00:00,7,0.29266545,0.99952334,2.004318,0.498685
1976-01-16 00:00:00,8,1.1639267,1.000019,2.0009053,0.49978325
1976-01-16 00:00:00,9,0.12725803,1.0001956,2.0080698,0.4980881
1976-01-16 00:00:00,10,1.7697169,0.99965334,2.005131,0.49854764
1976-01-16 00:00:00,11,0.21261379,0.99881166,2.000461,0.4992907
1976-02-15 00:00:00,0,0.53535235,1.0038509,1.9995863,0.5020293
1976-02-15 00:00:00,1,0.33644667,1.0003924,2.0011904,0.49989867
1976-02-15 00:00:00,2,0.49842423,0.99522907,2.0016146,0.49721313
1976-02-15 00:00:00,3,0.22156426,0.99965256,1.9957402,0.5008931
1976-02-15 00:00:00,4,1.016912,1.0006486,2.0089207,0.4981026
1976-02-15 00:00:00,5,0.001396103,0.99717057,2.0034657,0.4977228
1976-02-15 00:00:00,6,1.3270425,1.0022606,2.0005255,0.5009987
1976-02-15 00:00:00,7,0.6972788,1.0022453,2.0056345,0.49971482
1976-02-15 00:00:00,8,0.04186787,1.0027736,2.0080285,0.49938217
1976-02-15 00:00:00,9,0.6837665,0.9985787,2.0108929,0.49658474
1976-02-15 00:00:00,10,0.91626424,0.9956761,2.0003104,0.4977608
1976-02-15 00:00:00,11,0.1661627,0.99870515,2.00135,0.49901575
1976-03-16 00:00:00,0,0.41975,1.0019495,2.000596,0.5008255
1976-03-16 00:00:00,1,0.23665269,0.99932015,2.002448,0.49904922
1976-03-16 00:00:00,2,0.4296834,0.9970334,2.0015402,0.4981331
1976-03-16 00:00:00,3,0.016440293,0.99874794,1.9991378,0.49958935
1976-03-16 00:00:00,4,0.22144128,1.0011971,2.0088263,0.49839905
1976-03-16 00:00:00,5,0.7052862,0.99684656,2.0027263,0.49774477
1976-03-16 00:00:00,6,0.12371267,1.0006049,2.0019925,0.49980453
1976-03-16 00:00:00,7,1.7060165,1.0005529,2.0055232,0.49889868
1976-03-16 00:00:00,8,0.5334978,1.0016285,2.0046453,0.49965373
1976-03-16 00:00:00,9,2.196346,0.999047,2.009181,0.4972409
1976-03-16 00:00:00,10,0.0035878972,0.99702555,2.0029056,0.4977896
1976-03-16 00:00:00,11,0.8728245,0.998846,2.0013685,0.4990815
1976-04-15 12:00:00,0,0.06105932,1.0034496,1.9997048,0.5017988
1976-04-15 12:00:00,1,0.20671889,1.0001408,2.0013578,0.49973112
1976-04-15 12:00:00,2,0.31941056,0.99562424,2.0014932,0.49744073
1976-04-15 12:00:00,3,0.13777581,0.99940765,1.9965507,0.50056714
1976-04-15 12:00:00,4,0.33115742,1.0007533,2.0089107,0.49815717
1976-04-15 12:00:00,5,0.3776161,0.9970376,2.0032635,0.49770668
1976-04-15 12:00:00,6,0.3763217,1.0019101,2.000796,0.5007557
1976-04-15 12:00:00,7,0.17593549,1.0018028,2.0056129,0.4994996
1976-04-15 12:00:00,8,1.1667035,1.0025002,2.0071878,0.4994551
1976-04-15 12:00:00,9,0.21487266,0.9986681,2.0104344,0.49674243
1976-04-15 12:00:00,10,0.5188649,0.99595135,2.0009382,0.4977422
1976-04-15 12:00:00,11,1.4464502,0.9987367,2.0013385,0.49903437
1976-05-16 00:00:00,0,0.30051175,0.9975484,2.0053456,0.49744463
1976-05-16 00:00:00,1,1.765292,0.99803954,2.0085819,0.49688765
1976-05-16 00:00:00,2,0.31914818,0.9999755,2.0051517,0.49870315
1976-05-16 00:00:00,3,0.7204259,0.99895483,2.0009425,0.49924216
1976-05-16 00:00:00,4,1.596067,1.002488,2.0072608,0.49943087
1976-05-16 00:00:00,5,0.16082107,0.9984969,2.002506,0.49862367
1976-05-16 00:00:00,6,0.624667,0.99657595,2.0055213,0.49691617
1976-05-16 00:00:00,7,0.57429636,1.0003176,2.0045834,0.4990152
1976-05-16 00:00:00,8,0.61994636,1.0005307,2.0024686,0.49964866
1976-05-16 00:00:00,9,0.7792885,1.0001118,2.0090125,0.49781266
1976-05-16 00:00:00,10,0.29813752,0.99946624,2.0043752,0.4986423
1976-05-16 00:00:00,11,0.25581563,0.99888414,2.000949,0.49920523
1976-06-15 12:00:00,0,0.018602682,0.99804765,2.0051157,0.49775064
1976-06-15 12:00:00,1,1.1919136,0.99822104,2.0081007,0.4970971
1976-06-15 12:00:00,2,0.1585998,0.99965924,2.0050058,0.4985817
1976-06-15 12:00:00,3,1.7191768,0.9990599,2.0007756,0.49933633
1976-06-15 12:00:00,4,0.73234177,1.0024557,2.0073898,0.4993827
1976-06-15 12:00:00,5,0.04567705,0.9984887,2.0026908,0.49857357
1976-06-15 12:00:00,6,0.45834047,0.99707997,2.0053031,0.49722156
1976-06-15 12:00:00,7,0.5174842,1.0004625,2.0047302,0.49905095
1976-06-15 12:00:00,8,0.21559313,1.0007446,2.0029132,0.4996445
1976-06-15 12:00:00,9,0.12755264,0.99998885,2.0092006,0.49770483
1976-06-15 12:00:00,10,0.18448658,0.9993312,2.0042453,0.49860722
1976-06-15 12:00:00,11,0.48269677,0.99895805,2.0012252,0.49917322
1976-07-16 00:00:00,0,0.21225607,1.0011153,2.002353,0.49996945
1976-07-16 00:00:00,1,0.35155424,0.9991475,2.0043461,0.49849048
1976-07-16 00:00:00,2,0.18483469,0.997747,2.0027719,0.49818304
1976-07-16 00:00:00,3,0.15217747,0.9988885,1.9997239,0.4995132
1976-07-16 00:00:00,4,0.60708946,1.0014791,2.0090778,0.49847704
1976-07-16 00:00:00,5,0.61231524,0.99742085,2.0028894,0.49799097
1976-07-16 00:00:00,6,0.525379,0.9998779,2.0033205,0.49911034
1976-07-16 00:00:00,7,0.25186998,1.0008596,2.0055795,0.49903762
1976-07-16 00:00:00,8,1.4002917,1.0013647,2.004596,0.49953443
1976-07-16 00:00:00,9,0.111803524,0.99954426,2.009679,0.49736512
1976-07-16 00:00:00,10,0.2792678,0.99780804,2.0030007,0.4981566
1976-07-16 00:00:00,11,0.088140815,0.9987654,2.0014732,0.49901512
1976-08-16 00:00:00,0,0.05196616,1.0038362,1.9996548,0.50200474
1976-08-16 00:00:00,1,0.21385616,1.0002784,2.0011969,0.49984005
1976-08-16 00:00:00,2,0.5963717,0.99547815,2.0013213,0.49741045
1976-08-16 00:00:00,3,1.6710612,0.99930966,1.9965454,0.5005194
1976-08-16 00:00:00,4,0.6302413,1.0005239,2.0096102,0.49786964
1976-08-16 00:00:00,5,0.60376996,0.99689627,2.0032513,0.49763915
1976-08-16 00:00:00,6,1.1953751,1.0022377,2.000826,0.500912
1976-08-16 00:00:00,7,0.17329037,1.0019892,2.005864,0.49953002
1976-08-16 00:00:00,8,0.7015315,1.002438,2.0074506,0.4993587
1976-08-16 00:00:00,9,0.51201916,0.9988373,2.0107167,0.49675685
1976-08-16 00:00:00,10,0.27534795,0.9958367,2.0005796,0.4977741
1976-08-16 00:00:00,11,0.15046453,0.99854964,2.001251,0.49896273
1976-09-15 12:00:00,0,0.087324336,1.0037147,1.9997444,0.5019215
1976-09-15 12:00:00,1,0.059385344,1.0001413,2.001264,0.49975476
1976-09-15 12:00:00,2,0.22432868,0.9957402,2.0011241,0.4975904
1976-09-15 12:00:00,3,0.95737386,0.99903834,1.9972528,0.50020623
1976-09-15 12:00:00,4,0.7664224,1.0004776,2.010031,0.49774235
1976-09-15 12:00:00,5,1.6466757,0.9966999,2.0030699,0.4975862
1976-09-15 12:00:00,6,0.6048616,1.0021243,2.001092,0.50078875
1976-09-15 12:00:00,7,0.21107416,1.0017217,2.0059981,0.49936324
1976-09-15 12:00:00,8,0.5917373,1.002159,2.00688,0.4993617
1976-09-15 12:00:00,9,0.6856178,0.9990237,2.0104964,0.496904
1976-09-15 12:00:00,10,0.5739174,0.9960122,2.0009089,0.4977799
1976-09-15 12:00:00,11,0.67888075,0.99846137,2.001187,0.49893454
1976-10-16 00:00:00,0,0.22054252,0.99838763,2.0039458,0.49821088
1976-10-16 00:00:00,1,0.4800935,0.9980607,2.0066712,0.49737132
1976-10-16 00:00:00,2,0.1736942,0.9995481,2.003962,0.49878594
1976-10-16 00:00:00,3,1.6342955,0.9987534,2.001596,0.49897853
1976-10-16 00:00:00,4,0.498643,1.0025277,2.0070834,0.4994948
1976-10-16 00:00:00,5,0.3301071,0.99795914,2.0025196,0.49835175
1976-10-16 00:00:00,6,0.21745002,0.9974445,2.0046554,0.49756408
1976-10-16 00:00:00,7,0.04125613,0.9996506,2.004729,0.49864623
1976-10-16 00:00:00,8,0.2924443,1.0007377,2.0020185,0.49986437
1976-10-16 00:00:00,9,1.1765788,0.9996099,2.008267,0.4977475
1976-10-16 00:00:00,10,0.29065296,0.9991591,2.0052981,0.49825963
1976-10-16 00:00:00,11,0.34762517,0.9992287,2.00153,0.49923247
1976-11-15 12:00:00,0,0.13532443,1.0002638,2.0015998,0.49973217
1976-11-15 12:00:00,1,0.0049905176,0.9984845,2.0037658,0.49830398
1976-11-15 12:00:00,2,0.05487383,0.9984576,2.0018475,0.49876806
1976-11-15 12:00:00,3,0.22941998,0.9982383,2.0014353,0.49876124
1976-11-15 12:00:00,4,0.32276347,1.0017475,2.008343,0.49879304
1976-11-15 12:00:00,5,0.087792136,0.9968257,2.0022578,0.4978508
1976-11-15 12:00:00,6,0.5228112,0.99911815,2.0031643,0.49876994
1976-11-15 12:00:00,7,2.6726217,0.99938786,2.005276,0.4983792
1976-11-15 12:00:00,8,0.007660352,1.0008516,2.0022414,0.49986562
1976-11-15 12:00:00,9,0.37160334,0.9993462,2.0079737,0.4976889
1976-11-15 12:00:00,10,0.005758748,0.99809784,2.0048435,0.49784327
1976-11-15 12:00:00,11,0.116877265,0.9990197,2.0013964,0.49916133
1976-12-16 00:00:00,0,1.588967,0.9985183,2.0033314,0.4984289
1976-12-16 00:00:00,1,0.9055567,0.9979759,2.0059607,0.4975052
1976-12-16 00:00:00,2,0.4478349,0.99950165,2.0033891,0.4989054
1976-12-16 00:00:00,3,0.42592892,0.99856216,2.0019677,0.49879035
1976-12-16 00:00:00,4,0.13953196,1.0025221,2.0069566,0.49952358
1976-12-16 00:00:00,5,0.0044708247,0.9976616,2.002376,0.49823886
1976-12-16 00:00:00,6,1.4279926,0.9975856,2.0043147,0.49771905
1976-12-16 00:00:00,7,0.17277275,0.99922657,2.0047164,0.49843788
1976-12-16 00:00:00,8,0.122262806,1.0007026,2.0015135,0.49997297
1976-12-16 00:00:00,9,2.6327603,0.9994395,2.007764,0.4977873
1976-12-16 00:00:00,10,1.1092421,0.99906164,2.0057504,0.49809867
1976-12-16 00:00:00,11,0.18424095,0.9993323,2.0015957,0.49926782
1977-01-16 00:00:00,0,0.7587544,1.0037264,1.999459,0.50199896
1977-01-16 00:00:00,1,0.2359965,1.0000658,2.0009785,0.49978837
1977-01-16 00:00:00,2,0.22446197,0.99578744,2.000801,0.49769437
1977-01-16 00:00:00,3,1.1570643,0.99886197,1.9975462,0.50004447
1977-01-16 00:00:00,4,0.5478757,1.0004265,2.0101142,0.49769637
1977-01-16 00:00:00,5,0.2907889,0.99649125,2.0029242,0.4975182
1977-01-16 00:00:00,6,1.4717536,1.0021225,2.0009859,0.5008144
1977-01-16 00:00:00,7,0.17016304,1.001474,2.0060177,0.49923488
1977-01-16 00:00:00,8,0.35572788,1.0020456,2.0065036,0.4993989
1977-01-16 00:00:00,9,0.12791711,0.99901664,2.0102208,0.49696863
1977-01-16 00:00:00,10,0.112615064,0.995973,2.001137,0.49770355
1977-01-16 00:00:00,11,0.80645895,0.99844563,2.0011156,0.49894452
1977-02-14 12:00:00,0,0.21601264,1.0025849,2.0001497,0.5012549
1977-02-14 12:00:00,1,0.38840243,0.9995599,2.001873,0.49931234
1977-02-14 12:00:00,2,0.8198335,0.9966264,2.0011845,0.49801823
1977-02-14 12:00:00,3,0.7977977,0.99871737,1.9987198,0.49967852
1977-02-14 12:00:00,4,0.073515475,1.000899,2.0093827,0.49811265
1977-02-14 12:00:00,5,2.250612,0.99665105,2.002747,0.497642
1977-02-14 12:00:00,6,0.22920807,1.0011456,2.0016513,0.50015986
1977-02-14 12:00:00,7,0.5724534,1.0008072,2.0057316,0.49897364
1977-02-14 12:00:00,8,0.5514593,1.0017184,2.0051734,0.49956697
1977-02-14 12:00:00,9,0.2861722,0.99906516,2.0094824,0.49717537
1977-02-14 12:00:00,10,0.08827807,0.99666417,2.0023475,0.49774787
1977-02-14 12:00:00,11,0.028976062,0.9986833,2.0012574,0.4990279
1977-03-16 00:00:00,0,0.30072573,1.0031605,1.9997926,0.5016323
1977-03-16 00:00:00,1,0.062355787,0.9999831,2.0014937,0.4996184
1977-03-16 00:00:00,2,1.0262623,0.9958629,2.001476,0.49756423
1977-03-16 00:00:00,3,1.724291,0.9993017,1.9969755,0.5004076
1977-03-16 00:00:00,4,0.40404353,1.0008544,2.0087733,0.49824157
1977-03-16 00:00:00,5,1.1128666,0.99700195,2.003164,0.49771357
1977-03-16 00:00:00,6,1.5417615,1.0016595,2.000943,0.5005937
1977-03-16 00:00:00,7,1.2746377,1.001542,2.0055542,0.49938414
1977-03-16 00:00:00,8,0.46263942,1.0023688,2.0067046,0.4995099
1977-03-16 00:00:00,9,0.38450113,0.9986864,2.010149,0.49682206
1977-03-16 00:00:00,10,0.21236154,0.99612284,2.0013325,0.4977298
1977-03-16 00:00:00,11,0.26200885,0.99878836,2.0013506,0.49905714
1977-04-15 12:00:00,0,0.1844334,0.9980107,2.0041695,0.4979672
1977-04-15 12:00:00,1,0.09969877,0.9978681,2.0070326,0.4971858
1977-04-15 12:00:00,2,0.34493753,0.99991786,2.0039234,0.49898008
1977-04-15 12:00:00,3,0.11019931,0.9984987,2.0021737,0.49870732
1977-04-15 12:00:00,4,0.48113644,1.0024996,2.0073438,0.499416
1977-04-15 12:00:00,5,0.058146466,0.99783015,2.0022824,0.49834636
1977-04-15 12:00:00,6,0.6555334,0.99706846,2.0049887,0.4972938
1977-04-15 12:00:00,7,1.0287193,0.99940056,2.0047507,0.4985161
1977-04-15 12:00:00,8,0.7789663,1.0004113,2.0013812,0.49986044
1977-04-15 12:00:00,9,0.34196734,0.9998315,2.0080311,0.49791634
1977-04-15 12:00:00,10,0.047159,0.99936295,2.0055616,0.4982958
1977-04-15 12:00:00,11,0.81443816,0.9991076,2.0013065,0.49922767
1977-05-16 00:00:00,0,0.61328244,1.0039165,1.9997633,0.5020177
1977-05-16 00:00:00,1,0.13916361,1.0004989,2.0013618,0.49990904
1977-05-16 00:00:00,2,0.19993706,0.9951081,2.001884,0.4970858
1977-05-16 00:00:00,3,0.01809826,0.999844,1.9953351,0.50109076
1977-05-16 00:00:00,4,1.6886799,1.0006741,2.00882,0.49814025
1977-05-16 00:00:00,5,1.4270084,0.99736035,2.0036194,0.49777934
1977-05-16 00:00:00,6,0.10585305,1.0023276,2.0005333,0.50103015
1977-05-16 00:00:00,7,0.6650359,1.0025171,2.0056105,0.49985635
1977-05-16 00:00:00,8,0.016135652,1.0029253,2.0084844,0.49934432
1977-05-16 00:00:00,9,1.0246726,0.99855083,2.011182,0.49649948
1977-05-16 00:00:00,10,0.15914573,0.99564505,2.0000181,0.49781802
1977-05-16 00:00:00,11,0.039226092,0.998721,2.0014107,0.4990085
1977-06-15 12:00:00,0,0.63727194,1.0034204,2.0004592,0.501595
1977-06-15 12:00:00,1,0.3627639,1.0001925,2.0020418,0.49958622
1977-06-15 12:00:00,2,0.16215524,0.9957968,2.0019135,0.4974225
1977-06-15 12:00:00,3,0.26357785,0.99942183,1.9967893,0.5005144
1977-06-15 12:00:00,4,0.20319992,1.0007161,2.0095503,0.49798012
1977-06-15 12:00:00,5,0.019626085,0.99720633,2.003359,0.49776715
1977-06-15 12:00:00,6,0.3858385,1.0018979,2.001401,0.5005983
1977-06-15 12:00:00,7,0.27962083,1.002103,2.0058446,0.49959153
1977-06-15 12:00:00,8,0.14941186,1.002373,2.0074236,0.49933305
1977-06-15 12:00:00,9,0.5004953,0.9989969,2.010898,0.49679142
1977-06-15 12:00:00,10,0.41212648,0.9962233,2.0006917,0.49793944
1977-06-15 12:00:00,11,0.15157366,0.9985815,2.0013814,0.49894613
1977-07-16 00:00:00,0,0.6424666,0.99287283,1.999462,0.49657
1977-07-16 00:00:00,1,0.07498744,0.99735016,2.0072951,0.49686274
1977-07-16 00:00:00,2,0.23681568,0.9996262,2.0006142,0.4996597
1977-07-16 00:00:00,3,0.32470357,0.99689806,1.99163,0.50054383
1977-07-16 00:00:00,4,1.2125458,0.99935484,2.0037365,0.49874565
1977-07-16 00:00:00,5,1.9098964,0.99595594,1.9968122,0.49877295
1977-07-16 00:00:00,6,0.585629,0.9912929,1.9996133,0.4957423
1977-07-16 00:00:00,7,0.10668409,0.99896866,2.000683,0.4993138
1977-07-16 00:00:00,8,0.2899901,0.9990315,1.9982071,0.49996394
1977-07-16 00:00:00,9,0.093538806,0.99954,2.0051205,0.4984937
1977-07-16 00:00:00,10,0.07755042,0.99596685,1.997017,0.49872726
1977-07-16 00:00:00,11,0.42786917,0.99638826,1.9919313,0.50021213
1977-08-16 00:00:00,0,0.16934577,0.99623346,2.0055203,0.49674562
1977-08-16 00:00:00,1,0.63900506,0.99783295,2.0098057,0.4964823
1977-08-16 00:00:00,2,0.24730495,1.0003878,2.0052845,0.49887574
1977-08-16 00:00:00,3,0.041235723,0.9986623,1.9995966,0.49943188
1977-08-16 00:00:00,4,0.6928479,1.0020081,2.0071015,0.4992314
1977-08-16 00:00:00,5,0.97694194,0.998404,2.0016198,0.49879804
1977-08-16 00:00:00,6,0.029086912,0.99512625,2.0054448,0.49621224
1977-08-16 00:00:00,7,1.4893353,1.000448,2.0040011,0.49922526
1977-08-16 00:00:00,8,0.17055757,1.0000085,2.001888,0.49953267
1977-08-16 00:00:00,9,0.6661339,1.0004926,2.0088787,0.49803534
1977-08-16 00:00:00,10,0.47609952,0.999242,2.0029655,0.4988813
1977-08-16 00:00:00,11,1.9203295,0.9982378,1.9992197,0.4993137
1977-09-15 12:00:00,0,0.11908018,0.9988245,2.0031083,0.4986373
1977-09-15 12:00:00,1,0.05679687,0.99816155,2.0056891,0.49766514
1977-09-15 12:00:00,2,0.0044545885,0.9991509,2.0034337,0.49871922
1977-09-15 12:00:00,3,0.20329669,0.9987914,2.0012808,0.4990761
1977-09-15 12:00:00,4,0.40400848,1.0024927,2.0067265,0.49956617
1977-09-15 12:00:00,5,1.5176259,0.9977727,2.002556,0.49824956
1977-09-15 12:00:00,6,1.0018468,0.9978708,2.0039845,0.49794337
1977-09-15 12:00:00,7,0.48287553,0.99950224,2.004663,0.49858865
1977-09-15 12:00:00,8,1.330054,1.0009828,2.002142,0.49995595
1977-09-15 12:00:00,9,0.12274251,0.9992639,2.0080066,0.49763975
1977-09-15 12:00:00,10,0.66839683,0.99882305,2.0053551,0.4980779
1977-09-15 12:00:00,11,0.05775974,0.9993922,2.0016637,0.49928078
1977-10-16 00:00:00,0,0.42286593,0.99704266,2.0048504,0.49731523
1977-10-16 00:00:00,1,0.30901867,0.99760425,2.0080502,0.49680245
1977-10-16 00:00:00,2,0.7784564,1.0003797,2.00468,0.49902216
1977-10-16 00:00:00,3,0.19507976,0.99872,2.002118,0.49883172
1977-10-16 00:00:00,4,0.123093426,1.0029109,2.0062957,0.49988186
1977-10-16 00:00:00,5,0.5783369,0.9982701,2.0023072,0.49855992
1977-10-16 00:00:00,6,1.9063741,0.9961959,2.0053349,0.49677286
1977-10-16 00:00:00,7,0.07646175,0.99930406,2.0043151,0.4985763
1977-10-16 00:00:00,8,0.6187168,1.0004127,2.0010347,0.4999477
1977-10-16 00:00:00,9,0.0052718828,0.99975246,2.0078385,0.49792475
1977-10-16 00:00:00,10,0.45082036,0.9997295,2.0059557,0.49838066
1977-10-16 00:00:00,11,0.3991974,0.99930114,2.0013185,0.4993214
1977-11-15 12:00:00,0,0.088457674,1.003374,1.999647,0.50177556
1977-11-15 12:00:00,1,1.0923493,0.9999903,2.0012708,0.49967766
1977-11-15 12:00:00,2,0.80483514,0.995875,2.001146,0.49765232
1977-11-15 12:00:00,3,0.62118423,0.99906814,1.997337,0.5002001
1977-11-15 12:00:00,4,0.6077773,1.000669,2.0093887,0.49799675
1977-11-15 12:00:00,5,1.4429045,0.9967479,2.003028,0.49762058
1977-11-15 12:00:00,6,0.5714796,1.0018313,2.0009916,0.5006674
1977-11-15 12:00:00,7,0.65765584,1.0014547,2.0057645,0.4992883
1977-11-15 12:00:00,8,0.76109374,1.0021864,2.0065076,0.49946803
1977-11-15 12:00:00,9,0.9690466,0.9988481,2.0101235,0.4969088
1977-11-15 12:00:00,10,0.40687,0.9960848,2.0013204,0.49771383
1977-11-15 12:00:00,11,0.056921404,0.99863434,2.0012395,0.4990079
1977-12-16 00:00:00,0,0.69638616,1.0031242,2.0001845,0.50151587
1977-12-16 00:00:00,1,0.15240887,1.0004506,2.0020788,0.4997059
1977-12-16 00:00:00,2,0.57587796,0.995061,2.003013,0.49678212
1977-12-16 00:00:00,3,0.5450447,1.0006757,1.9940331,0.50183505
1977-12-16 00:00:00,4,0.077973016,1.001357,2.0064938,0.4990581
1977-12-16 00:00:00,5,0.24653162,0.99824893,2.0040889,0.49810612
1977-12-16 00:00:00,6,0.3916604,1.001686,2.000282,0.50077236
1977-12-16 00:00:00,7,0.11242821,1.0027655,2.0048118,0.5001794
1977-12-16 00:00:00,8,0.10079657,1.0035895,2.0091186,0.49951732
1977-12-16 00:00:00,9,0.04805698,0.9979216,2.0111818,0.49618664
1977-12-16 00:00:00,10,0.6098628,0.99575645,2.0001338,0.49784493
1977-12-16 00:00:00,11,0.25364918,0.9993031,2.0018034,0.49920142
1978-01-16 00:00:00,0,0.030732168,1.0019218,2.0010655,0.50069416
1978-01-16 00:00:00,1,0.08710873,1.0003783,2.0033708,0.49934754
1978-01-16 00:00:00,2,0.5891549,0.9950787,2.0048015,0.49634773
1978-01-16 00:00:00,3,1.6128076,1.0018852,1.9922642,0.5028877
1978-01-16 00:00:00,4,0.9690232,1.0023575,2.0032887,0.50035596
1978-01-16 00:00:00,5,0.18480848,0.9996024,2.004795,0.49860576
1978-01-16 00:00:00,6,1.9143745,1.000716,2.0001352,0.5003242
1978-01-16 00:00:00,7,0.73648274,1.0031959,2.0037143,0.5006681
1978-01-16 00:00:00,8,3.1094904,1.0045042,2.0100636,0.4997375
1978-01-16 00:00:00,9,0.5576354,0.9971123,2.0113,0.4957551
1978-01-16 00:00:00,10,1.1163183,0.9960347,2.0002697,0.4979502
1978-01-16 00:00:00,11,0.2611507,1.0001115,2.0023987,0.4994567
1978-02-14 12:00:00,0,0.6482627,1.0029777,2.0002556,0.5014248
1978-02-14 12:00:00,1,0.019509967,1.000413,2.0021908,0.49965915
1978-02-14 12:00:00,2,0.1686507,0.995107,2.0031357,0.49677464
1978-02-14 12:00:00,3,0.31951842,1.0007443,1.9939824,0.50188226
1978-02-14 12:00:00,4,0.0007014214,1.0014521,2.0062175,0.49917424
1978-02-14 12:00:00,5,2.3390718,0.9983398,2.0041196,0.4981438
1978-02-14 12:00:00,6,1.9118786,1.0015643,2.0002906,0.50070935
1978-02-14 12:00:00,7,0.07602839,1.0027407,2.0047147,0.5001912
1978-02-14 12:00:00,8,0.6676938,1.0036334,2.0090888,0.49954656
1978-02-14 12:00:00,9,1.0743539,0.9978597,2.0111263,0.4961696
1978-02-14 12:00:00,10,0.9803588,0.995807,2.000226,0.49784723
1978-02-14 12:00:00,11,0.032232963,0.99937606,2.0018497,0.49922633
1978-03-16 00:00:00,0,0.72606575,1.0024993,2.0005965,0.5011002
1978-03-16 00:00:00,1,1.3095667,1.0003824,2.0026963,0.4995178
1978-03-16 00:00:00,2,0.29769242,0.99511427,2.0038393,0.49660385
1978-03-16 00:00:00,3,0.16112982,1.0012221,1.9932828,0.50229806
1978-03-16 00:00:00,4,0.4954495,1.0018494,2.0049403,0.4996904
1978-03-16 00:00:00,5,0.86509705,0.99887335,2.0043976,0.4983409
1978-03-16 00:00:00,6,0.011827277,1.0011779,2.0002272,0.5005321
1978-03-16 00:00:00,7,0.6249634,1.0029056,2.004277,0.5003827
1978-03-16 00:00:00,8,0.013322641,1.0039958,2.0094562,0.49963558
1978-03-16 00:00:00,9,1.3626627,0.99753577,2.0111656,0.49599883
1978-03-16 00:00:00,10,1.2472347,0.9959155,2.000286,0.4978865
1978-03-16 00:00:00,11,2.0143166,0.9996983,2.0020847,0.49932864
1978-04-15 12:00:00,0,2.1169822,1.0034322,1.9999219,0.5017357
1978-04-15 12:00:00,1,0.3899821,1.0004267,2.0016952,0.4997897
1978-04-15 12:00:00,2,1.4021263,0.9951272,2.00242,0.49696228
1978-04-15 12:00:00,3,0.014957622,1.0002466,1.994743,0.50144136
1978-04-15 12:00:00,4,0.5235863,1.001059,2.007505,0.49865833
1978-04-15 12:00:00,5,0.07090807,0.99779373,2.0038264,0.4979442
1978-04-15 12:00:00,6,0.30592617,1.0019293,2.0003746,0.5008708
1978-04-15 12:00:00,7,0.87244505,1.002545,2.0051544,0.49998394
1978-04-15 12:00:00,8,0.7392679,1.0032495,2.0086613,0.49946177
1978-04-15 12:00:00,9,0.05870555,0.9981928,2.0110562,0.49635252
1978-04-15 12:00:00,10,0.47850612,0.9957171,2.0002081,0.49780676
1978-04-15 12:00:00,11,2.084668,0.99905354,2.001612,0.4991245
1978-05-16 00:00:00,0,0.65722734,0.99600875,2.0055728,0.4966206
1978-05-16 00:00:00,1,1.0379945,0.9975777,2.0096838,0.4963854
1978-05-16 00:00:00,2,0.38989368,1.000691,2.0053046,0.49902198
1978-05-16 00:00:00,3,0.08422619,0.9986514,2.000628,0.49916896
1978-05-16 00:00:00,4,0.26515177,1.0024413,2.0065427,0.4995863
1978-05-16 00:00:00,5,0.49286696,0.9984443,2.0017436,0.4987873
1978-05-16 00:00:00,6,1.2344241,0.99501485,2.005614,0.49611482
1978-05-16 00:00:00,7,0.34125954,0.99991727,2.0039408,0.49897546
1978-05-16 00:00:00,8,1.7062569,1.0000118,2.0012016,0.49970567
1978-05-16 00:00:00,9,0.36845398,1.0002888,2.0083516,0.4980646
1978-05-16 00:00:00,10,0.89632076,0.9995852,2.0042193,0.49874043
1978-05-16 00:00:00,11,0.41265875,0.99860555,1.9998177,0.49934828
1978-06-15 12:00:00,0,0.091737814,0.9943022,2.0036728,0.4962398
1978-06-15 12:00:00,1,0.12857692,0.9973093,2.0095036,0.49629638
1978-06-15 12:00:00,2,0.24959153,1.0006869,2.0037985,0.49939498
1978-06-15 12:00:00,3,0.24533707,0.9978378,1.9974985,0.4995437
1978-06-15 12:00:00,4,0.68140715,1.0012574,2.005635,0.49922216
1978-06-15 12:00:00,5,0.06289,0.9975126,1.9996881,0.49883407
1978-06-15 12:00:00,6,0.24571505,0.9930417,2.003743,0.49559337
1978-06-15 12:00:00,7,0.92179257,0.9994979,2.002655,0.4990864
1978-06-15 12:00:00,8,0.47973216,0.9993318,1.9996648,0.49974966
1978-06-15 12:00:00,9,0.3655907,1.0002747,2.0070953,0.49836928
1978-06-15 12:00:00,10,0.30110863,0.9983707,2.0015762,0.49879226
1978-06-15 12:00:00,11,0.12397882,0.9975894,1.9964762,0.4996751
1978-07-16 00:00:00,0,0.289539,0.99090004,1.9932431,0.49712956
1978-07-16 00:00:00,1,0.6319253,0.9969809,2.0033598,0.49765444
1978-07-16 00:00:00,2,0.222155,0.9985387,1.9955256,0.5003888
1978-07-16 00:00:00,3,0.012076665,0.995306,1.9855039,0.5012863
1978-07-16 00:00:00,4,0.3485255,0.99715716,2.0007653,0.49838787
1978-07-16 00:00:00,5,0.35148188,0.9934587,1.9928149,0.4985203
1978-07-16 00:00:00,6,0.24126902,0.9890537,1.9940277,0.496008
1978-07-16 00:00:00,7,0.5097697,0.99716157,1.9979714,0.499087
1978-07-16 00:00:00,8,1.1264589,0.9984345,1.9947416,0.5005333
1978-07-16 00:00:00,9,0.8376718,0.99827164,2.0012515,0.4988237
1978-07-16 00:00:00,10,1.1275483,0.99311423,1.9926637,0.49838525
1978-07-16 00:00:00,11,0.5394166,0.99519664,1.9864368,0.5009959
1978-08-16 00:00:00,0,0.19596227,0.99203324,1.9974385,0.4966527
1978-08-16 00:00:00,1,0.11830646,0.9970364,2.0060587,0.4970126
1978-08-16 00:00:00,2,0.5377652,0.99954027,1.9988464,0.5000586
1978-08-16 00:00:00,3,0.037583318,0.99620306,1.9902864,0.5005325
1978-08-16 00:00:00,4,0.045319576,0.9987085,2.002821,0.4986509
1978-08-16 00:00:00,5,0.015692428,0.99500436,1.9954019,0.4986486
1978-08-16 00:00:00,6,0.5204789,0.9903675,1.997969,0.4956871
1978-08-16 00:00:00,7,1.9341193,0.9980641,1.9998003,0.49908188
1978-08-16 00:00:00,8,2.6032465,0.998625,1.9965146,0.5001842
1978-08-16 00:00:00,9,1.116726,0.9991964,2.0035493,0.49871317
1978-08-16 00:00:00,10,0.6075668,0.9951716,1.9961482,0.49854594
1978-08-16 00:00:00,11,0.501644,0.99601036,1.9901332,0.5004742
1978-09-15 12:00:00,0,0.00875162,1.003955,1.9996638,0.5020619
1978-09-15 12:00:00,1,0.45630413,1.0003717,2.001195,0.49988717
1978-09-15 12:00:00,2,0.032445196,0.99533963,2.0014272,0.49731493
1978-09-15 12:00:00,3,0.00070387207,0.99943,1.9962134,0.5006629
1978-09-15 12:00:00,4,0.60045475,1.0005075,2.0095644,0.4978728
1978-09-15 12:00:00,5,0.17658286,0.9969849,2.0033472,0.49765956
1978-09-15 12:00:00,6,0.60382843,1.0023433,2.0007474,0.50098443
1978-09-15 12:00:00,7,0.107537635,1.0021763,2.0058553,0.4996254
1978-09-15 12:00:00,8,1.2340193,1.0025554,2.0077944,0.49933168
1978-09-15 12:00:00,9,0.80779755,0.99879885,2.0109093,0.49669015
1978-09-15 12:00:00,10,0.025203757,0.9957523,2.000341,0.4977913
1978-09-15 12:00:00,11,0.91194624,0.9985504,2.001271,0.4989581
1978-10-16 00:00:00,0,0.77381486,0.9930965,1.9999776,0.4965538
1978-10-16 00:00:00,1,0.22742613,0.99731624,2.007566,0.49677882
1978-10-16 00:00:00,2,0.50595295,0.9997834,2.0010293,0.49963456
1978-10-16 00:00:00,3,0.4914113,0.9970086,1.9925059,0.50037926
1978-10-16 00:00:00,4,0.30942374,0.9996074,2.0040236,0.49880022
1978-10-16 00:00:00,5,0.029577164,0.9961285,1.9972081,0.4987605
1978-10-16 00:00:00,6,0.4236967,0.9915286,2.0001788,0.49571997
1978-10-16 00:00:00,7,1.3416424,0.9990182,2.000949,0.49927223
1978-10-16 00:00:00,8,0.23776065,0.99903667,1.9983805,0.49992314
1978-10-16 00:00:00,9,0.28480962,0.9996581,2.005367,0.49849135
1978-10-16 00:00:00,10,1.2077851,0.9962569,1.9977285,0.49869484
1978-10-16 00:00:00,11,0.35906324,0.996537,1.9925185,0.5001394
1978-11-15 12:00:00,0,0.0014088944,1.0034482,1.9996014,0.50182414
1978-11-15 12:00:00,1,0.0049611246,1.0000701,2.001236,0.49972624
1978-11-15 12:00:00,2,0.16806707,0.995726,2.0012584,0.49754995
1978-11-15 12:00:00,3,0.14566168,0.99921995,1.9969383,0.500376
1978-11-15 12:00:00,4,0.537258,1.0006912,2.0091665,0.49806285
1978-11-15 12:00:00,5,0.2537807,0.99685794,2.0031307,0.49764997
1978-11-15 12:00:00,6,0.2351011,1.0018996,2.000846,0.500738
1978-11-15 12:00:00,7,0.0688556,1.0016114,2.005694,0.49938396
1978-11-15 12:00:00,8,0.82927567,1.0023419,2.006836,0.49946377
1978-11-15 12:00:00,9,0.16144663,0.99874806,2.0102563,0.49682623
1978-11-15 12:00:00,10,0.20392811,0.9959851,2.0011268,0.49771214
1978-11-15 12:00:00,11,0.82015014,0.9986797,2.0012739,0.499022
1978-12-16 00:00:00,0,1.0365776,1.003096,1.9998581,0.5015836
1978-12-16 00:00:00,1,0.56050956,0.9997991,2.0014923,0.49952683
1978-12-16 00:00:00,2,0.4735401,0.99623126,2.0010555,0.4978529
1978-12-16 00:00:00,3,0.53751826,0.9988179,1.9981227,0.49987817
1978-12-16 00:00:00,4,1.3685191,1.0007005,2.0096574,0.49794582
1978-12-16 00:00:00,5,0.65768903,0.9966134,2.0028517,0.4975972
1978-12-16 00:00:00,6,0.7531155,1.0015855,2.0013423,0.50045687
1978-12-16 00:00:00,7,0.029534465,1.0011394,2.005843,0.49911156
1978-12-16 00:00:00,8,0.24935612,1.0018957,2.005833,0.4994911
1978-12-16 00:00:00,9,0.13752018,0.9990263,2.0098433,0.49706674
1978-12-16 00:00:00,10,0.040993787,0.99634916,2.0017734,0.49773324
1978-12-16 00:00:00,11,0.62059945,0.9985897,2.0012083,0.49899337
1979-01-16 00:00:00,0,0.57983667,1.0031517,2.0001364,0.5015416
1979-01-16 00:00:00,1,1.9308444,1.0004288,2.0020137,0.49971128
1979-01-16 00:00:00,2,0.48808664,0.99509686,2.002895,0.49682924
1979-01-16 00:00:00,3,0.9151926,1.0005838,1.9942092,0.5017446
1979-01-16 00:00:00,4,0.042889375,1.0013121,2.006662,0.49899393
1979-01-16 00:00:00,5,0.07225588,0.99815786,2.0040278,0.49807584
1979-01-16 00:00:00,6,0.723631,1.0017054,2.0003085,0.50077546
1979-01-16 00:00:00,7,0.27204478,1.002693,2.0048673,0.5001294
1979-01-16 00:00:00,8,0.22685005,1.0035131,2.0089786,0.49951407
1979-01-16 00:00:00,9,0.7190703,0.99797076,2.011123,0.49622563
1979-01-16 00:00:00,10,0.12659132,0.99576455,2.0001922,0.49783444
1979-01-16 00:00:00,11,0.19469115,0.9992636,2.0017686,0.49919036
1979-02-14 12:00:00,0,0.34536996,1.0031252,2.0000672,0.5015457
1979-02-14 12:00:00,1,0.4723898,1.0003636,2.0019352,0.49969828
1979-02-14 12:00:00,2,0.3030178,0.9951907,2.0027227,0.49691886
1979-02-14 12:00:00,3,1.0173725,1.000439,1.9945252,0.5015926
1979-02-14 12:00:00,4,0.99706113,1.0012766,2.0068316,0.49893403
1979-02-14 12:00:00,5,0.7037923,0.99802476,2.0039227,0.49803555
1979-02-14 12:00:00,6,0.011647808,1.0016758,2.0003552,0.500749
1979-02-14 12:00:00,7,2.3045092,1.0025306,2.0049195,0.50003535
1979-02-14 12:00:00,8,1.0537044,1.003388,2.0086808,0.49952587
1979-02-14 12:00:00,9,0.408705,0.9980287,2.010967,0.49629292
1979-02-14 12:00:00,10,0.3937984,0.9958035,2.0003636,0.49781123
1979-02-14 12:00:00,11,0.003498547,0.9992279,2.001723,0.4991839
1979-03-16 00:00:00,0,0.7074909,1.0034136,1.9998614,0.5017416
1979-03-16 00:00:00,1,0.2507362,1.0003525,2.0016153,0.4997726
1979-03-16 00:00:00,2,0.13123608,0.99524564,2.0022116,0.49707317
1979-03-16 00:00:00,3,0.18781327,1.0000614,1.9951497,0.5012463
1979-03-16 00:00:00,4,0.9267659,1.0010039,2.0077708,0.4985648
1979-03-16 00:00:00,5,0.16605623,0.9976272,2.0036974,0.49789315
1979-03-16 00:00:00,6,1.1721677,1.0019056,2.0004575,0.5008382
1979-03-16 00:00:00,7,1.1982142,1.0023596,2.005239,0.4998704
1979-03-16 00:00:00,8,0.7673205,1.0030853,2.0083063,0.49946827
1979-03-16 00:00:00,9,0.28046274,0.9982846,2.0108895,0.4964393
1979-03-16 00:00:00,10,0.16520892,0.9957724,2.0004,0.49778664
1979-03-16 00:00:00,11,0.77826464,0.9989957,2.0015543,0.49910998
1979-04-15 12:00:00,0,0.058046356,1.0018569,2.0005686,0.50078607
1979-04-15 12:00:00,1,0.36220518,0.9992039,2.002418,0.49899867
1979-04-15 12:00:00,2,0.9169398,0.9972208,2.0013304,0.49827895
1979-04-15 12:00:00,3,0.4197381,0.99852806,1.9996678,0.49934697
1979-04-15 12:00:00,4,0.29189298,1.0011607,2.0090866,0.49831638
1979-04-15 12:00:00,5,0.23268156,0.9966658,2.0025675,0.49769396
1979-04-15 12:00:00,6,0.44128972,1.000513,2.0021274,0.49972492
1979-04-15 12:00:00,7,0.35143277,1.0003046,2.0056007,0.4987556
1979-04-15 12:00:00,8,0.18111673,1.0014187,2.0041633,0.49966922
1979-04-15 12:00:00,9,0.22356266,0.9991578,2.0089498,0.4973533
1979-04-15 12:00:00,10,0.9114176,0.99712574,2.0031948,0.49776775
1979-04-15 12:00:00,11,0.51113945,0.99879014,2.001303,0.49906993
1979-05-16 00:00:00,0,0.83619344,0.9990164,2.0030966,0.49873602
1979-05-16 00:00:00,1,0.09377485,0.9982101,2.0056112,0.49770868
1979-05-16 00:00:00,2,0.04181424,0.9991248,2.0032866,0.49874282
1979-05-16 00:00:00,3,0.04434374,0.99867296,2.0014303,0.49897963
1979-05-16 00:00:00,4,0.7220027,1.0023464,2.0072224,0.49936986
1979-05-16 00:00:00,5,0.16078365,0.9976453,2.0025058,0.49819848
1979-05-16 00:00:00,6,0.24782263,0.9980316,2.0040598,0.4980049
1979-05-16 00:00:00,7,1.275778,0.99954844,2.0048356,0.49856877
1979-05-16 00:00:00,8,1.4194446,1.0008835,2.0021636,0.49990094
1979-05-16 00:00:00,9,0.5090491,0.9994036,2.0081153,0.4976824
1979-05-16 00:00:00,10,0.47368455,0.99879575,2.0052145,0.4980992
1979-05-16 00:00:00,11,2.9696028,0.9992639,2.0015917,0.49923462
1979-06-15 12:00:00,0,0.7795235,0.9917234,1.9956521,0.49694204
1979-06-15 12:00:00,1,0.622828,0.9972408,2.0048869,0.49740502
1979-06-15 12:00:00,2,0.42258084,0.9988199,1.9974548,0.5000463
1979-06-15 12:00:00,3,0.3666514,0.995953,1.9874188,0.5011289
1979-06-15 12:00:00,4,0.22519961,0.99786526,2.002037,0.49842498
1979-06-15 12:00:00,5,0.012832053,0.99444157,1.9943175,0.49863753
1979-06-15 12:00:00,6,0.02589713,0.9899949,1.9960959,0.4959656
1979-06-15 12:00:00,7,0.08058325,0.99804467,1.9990231,0.4992662
1979-06-15 12:00:00,8,1.3694018,0.99871826,1.9963346,0.50027597
1979-06-15 12:00:00,9,0.7618766,0.99878365,2.0029068,0.49866706
1979-06-15 12:00:00,10,0.14791761,0.99414647,1.9938118,0.49861598
1979-06-15 12:00:00,11,0.17168847,0.9955696,1.988401,0.5006885
1979-07-16 00:00:00,0,0.8977749,0.99748445,2.0054712,0.49738157
1979-07-16 00:00:00,1,0.40081742,0.99806994,2.00886,0.49683398
1979-07-16 00:00:00,2,0.84273374,1.0000333,2.0051155,0.49874097
1979-07-16 00:00:00,3,0.06539216,0.9987988,2.0007808,0.4992045
1979-07-16 00:00:00,4,0.1715179,1.0022291,2.0078044,0.4991667
1979-07-16 00:00:00,5,0.5190715,0.9983883,2.002307,0.498619
1979-07-16 00:00:00,6,0.59669775,0.9964478,2.0056548,0.4968192
1979-07-16 00:00:00,7,0.7836628,1.0004691,2.0046673,0.4990699
1979-07-16 00:00:00,8,0.79070854,1.0003235,2.0024755,0.49954346
1979-07-16 00:00:00,9,0.36409372,1.0003749,2.0091927,0.49789894
1979-07-16 00:00:00,10,0.48693833,0.99940664,2.0038638,0.4987398
1979-07-16 00:00:00,11,0.09813691,0.99859923,2.0005126,0.49917167
1979-08-16 00:00:00,0,0.52263695,0.99951154,2.0043764,0.4986646
1979-08-16 00:00:00,1,0.0059185424,0.99880725,2.0068486,0.49769935
1979-08-16 00:00:00,2,0.065856755,0.9986529,2.004599,0.49818084
1979-08-16 00:00:00,3,0.30925703,0.9993526,1.9997725,0.49973312
1979-08-16 00:00:00,4,0.45481437,1.0021359,2.0079768,0.4990774
1979-08-16 00:00:00,5,0.5584046,0.99841493,2.003126,0.49842843
1979-08-16 00:00:00,6,0.9787288,0.99845654,2.004593,0.49808446
1979-08-16 00:00:00,7,0.03165016,1.0011187,2.0051014,0.4992858
1979-08-16 00:00:00,8,0.39931813,1.0012915,2.0044672,0.49953
1979-08-16 00:00:00,9,0.15672308,0.99976504,2.0099516,0.49740753
1979-08-16 00:00:00,10,0.17593521,0.9987165,2.003303,0.4985349
1979-08-16 00:00:00,11,0.14941928,0.9989493,2.0015757,0.49908143
1979-09-15 12:00:00,0,1.2697462,0.9907213,1.9932028,0.49704993
1979-09-15 12:00:00,1,1.7931805,0.9968306,2.0033636,0.49757847
1979-09-15 12:00:00,2,0.39850262,0.998698,1.995612,0.500447
1979-09-15 12:00:00,3,0.11488815,0.99531835,1.9858584,0.50120306
1979-09-15 12:00:00,4,0.7730349,0.9973794,2.0003967,0.4985908
1979-09-15 12:00:00,5,0.22778612,0.99348295,1.9928447,0.49852502
1979-09-15 12:00:00,6,0.03667612,0.9888701,1.9940027,0.49592215
1979-09-15 12:00:00,7,1.2331188,0.99694055,1.997882,0.4989987
1979-09-15 12:00:00,8,0.22945777,0.9984327,1.9944339,0.5006096
1979-09-15 12:00:00,9,0.25000116,0.9981518,2.0010495,0.49881414
1979-09-15 12:00:00,10,1.1974508,0.99316293,1.993288,0.49825358
1979-09-15 12:00:00,11,0.4459579,0.995325,1.9866372,0.50100994
1979-10-16 00:00:00,0,0.107161,1.0032308,1.9997374,0.50168127
1979-10-16 00:00:00,1,0.24710736,0.9999796,2.0014114,0.49963722
1979-10-16 00:00:00,2,0.04502956,0.9958756,2.0013485,0.49760228
1979-10-16 00:00:00,3,0.05764981,0.99920917,1.9971274,0.5003232
1979-10-16 00:00:00,4,1.1739284,1.0007881,2.0089986,0.4981527
1979-10-16 00:00:00,5,0.49296778,0.9969035,2.0031083,0.49767828
1979-10-16 00:00:00,6,0.040033855,1.0017153,2.0009642,0.5006163
1979-10-16 00:00:00,7,0.34147924,1.0014977,2.0056305,0.4993431
1979-10-16 00:00:00,8,0.49811324,1.0022953,2.0066109,0.49949658
1979-10-16 00:00:00,9,0.14614117,0.9987469,2.0101266,0.4968577
1979-10-16 00:00:00,10,0.19652617,0.99611366,2.0013437,0.49772242
1979-10-16 00:00:00,11,0.2524209,0.99873257,2.0013087,0.49903974
1979-11-15 12:00:00,0,0.14627206,1.0034887,1.9997324,0.5018115
1979-11-15 12:00:00,1,0.39310837,1.0002545,2.0014195,0.49977252
1979-11-15 12:00:00,2,0.206937,0.9954218,2.0017774,0.49726897
1979-11-15 12:00:00,3,0.029396432,0.99969256,1.9958963,0.500874
1979-11-15 12:00:00,4,0.6042421,1.0008377,2.008455,0.4983122
1979-11-15 12:00:00,5,0.79958165,0.9972794,2.0034559,0.49777958
1979-11-15 12:00:00,6,0.11596618,1.0019544,2.0006154,0.50082314
1979-11-15 12:00:00,7,2.8745258,1.0020692,2.0054657,0.49966908
1979-11-15 12:00:00,8,0.14006434,1.0027657,2.0077257,0.4994535
1979-11-15 12:00:00,9,0.38555133,0.99850005,2.0106595,0.49660325
1979-11-15 12:00:00,10,0.027866902,0.9958399,2.0006535,0.49775732
1979-11-15 12:00:00,11,2.1148646,0.99883664,2.0014226,0.4990633
1979-12-16 00:00:00,0,1.2727231,1.003236,2.0000894,0.5015956
1979-12-16 00:00:00,1,0.73365986,1.0004355,2.0019362,0.49973395
1979-12-16 00:00:00,2,0.43716177,0.995098,2.0027788,0.49685866
1979-12-16 00:00:00,3,0.21923013,1.0005004,1.994335,0.5016712
1979-12-16 00:00:00,4,0.3884017,1.0012414,2.006898,0.49890003
1979-12-16 00:00:00,5,0.25736514,0.9980672,2.0039806,0.49804235
1979-12-16 00:00:00,6,2.25138,1.0017738,2.0003297,0.50080436
1979-12-16 00:00:00,7,0.040885244,1.0026698,2.0049484,0.5000976
1979-12-16 00:00:00,8,0.4123866,1.0034477,2.008919,0.4994963
1979-12-16 00:00:00,9,0.5377912,0.9980333,2.0111246,0.49625632
1979-12-16 00:00:00,10,0.5519929,0.9957499,2.0001764,0.49783102
1979-12-16 00:00:00,11,0.116178244,0.9992043,2.001728,0.49917084
1980-01-16 00:00:00,0,0.2166226,1.0031937,2.0000823,0.50157624
1980-01-16 00:00:00,1,0.34203413,1.0004234,2.0019455,0.4997256
1980-01-16 00:00:00,2,1.1418984,0.9951031,2.002803,0.4968552
1980-01-16 00:00:00,3,0.96876603,1.0005233,1.9943038,0.5016905
1980-01-16 00:00:00,4,0.12139909,1.001272,2.006787,0.4989428
1980-01-16 00:00:00,5,1.0179625,0.99809045,2.0039885,0.49805197
1980-01-16 00:00:00,6,0.59673226,1.001738,2.0003078,0.5007919
1980-01-16 00:00:00,7,0.5457039,1.0026543,2.0049093,0.5000996
1980-01-16 00:00:00,8,0.08612418,1.0034682,2.0089076,0.49950936
1980-01-16 00:00:00,9,0.82811123,0.99800116,2.0110934,0.49624804
1980-01-16 00:00:00,10,0.0926652,0.99575305,2.00021,0.49782425
1980-01-16 00:00:00,11,0.09556104,0.9992325,2.0017405,0.49918184
1980-02-15 00:00:00,0,0.8259919,1.0026915,2.0004907,0.5012228
1980-02-15 00:00:00,1,0.5717001,1.0004194,2.0025322,0.49957716
1980-02-15 00:00:00,2,0.31768516,0.9950737,2.0036383,0.49663338
1980-02-15 00:00:00,3,0.81062955,1.0010978,1.9934223,0.50220054
1980-02-15 00:00:00,4,0.2976533,1.0017128,2.005355,0.49951896
1980-02-15 00:00:00,5,1.6084882,0.99872255,2.004333,0.49828175
1980-02-15 00:00:00,6,0.115907475,1.0013362,2.0002298,0.5006106
1980-02-15 00:00:00,7,1.1808684,1.0029056,2.0044212,0.5003467
1980-02-15 00:00:00,8,0.89991486,1.0039083,2.009433,0.4995978
1980-02-15 00:00:00,9,0.49916378,0.99763435,2.01121,0.4960369
1980-02-15 00:00:00,10,0.19321653,0.9958576,2.000197,0.49787977
1980-02-15 00:00:00,11,0.08551598,0.9995907,2.002013,0.49929282
1980-03-16 00:00:00,0,0.717544,1.0038142,1.9995706,0.5020149
1980-03-16 00:00:00,1,0.38648313,1.0003108,2.0011532,0.49986717
1980-03-16 00:00:00,2,0.3063552,0.9953724,2.001424,0.4973321
1980-03-16 00:00:00,3,0.5444343,0.9994591,1.9961913,0.500683
1980-03-16 00:00:00,4,0.41583088,1.0005966,2.009218,0.49800304
1980-03-16 00:00:00,5,0.26050648,0.9970082,2.003334,0.49767447
1980-03-16 00:00:00,6,0.47002518,1.0022218,2.0006506,0.50094795
1980-03-16 00:00:00,7,0.57129323,1.0020578,2.0057302,0.49959752
1980-03-16 00:00:00,8,0.9708616,1.0025922,2.0076523,0.4993854
1980-03-16 00:00:00,9,0.28784764,0.99869066,2.0107317,0.49668023
1980-03-16 00:00:00,10,0.07056539,0.9957566,2.0005152,0.49775007
1980-03-16 00:00:00,11,0.49173415,0.99864084,2.0012949,0.49899736
1980-04-15 12:00:00,0,2.1710498,1.0033933,1.9997659,0.50175536
1980-04-15 12:00:00,1,0.46052667,1.0000854,2.00141,0.49969038
1980-04-15 12:00:00,2,1.3288112,0.99573684,2.0014317,0.49751228
1980-04-15 12:00:00,3,0.7230737,0.9993018,1.9968407,0.50044143
1980-04-15 12:00:00,4,0.59218895,1.0007381,2.0090861,0.49810615
1980-04-15 12:00:00,5,0.17974615,0.99696755,2.0031953,0.49768865
1980-04-15 12:00:00,6,0.09886036,1.0018587,2.0009215,0.5006987
1980-04-15 12:00:00,7,0.17626594,1.0017025,2.0056696,0.49943548
1980-04-15 12:00:00,8,1.0656389,1.0023862,2.006964,0.49945402
1980-04-15 12:00:00,9,0.053841364,0.9987498,2.0103567,0.4968023
1980-04-15 12:00:00,10,0.20650569,0.9960325,2.0010684,0.49775034
1980-04-15 12:00:00,11,0.43361607,0.99870014,2.0013163,0.49902165
1980-05-16 00:00:00,0,1.2567389,1.0036552,1.999974,0.5018341
1980-05-16 00:00:00,1,0.09052569,1.000267,2.0015507,0.49974605
1980-05-16 00:00:00,2,0.27083582,0.9955524,2.0016468,0.4973667
1980-05-16 00:00:00,3,1.109687,0.9994463,1.9964453,0.5006129
1980-05-16 00:00:00,4,0.01945067,1.0006434,2.0093887,0.497984
1980-05-16 00:00:00,5,0.69800746,0.9970991,2.0033512,0.49771556
1980-05-16 00:00:00,6,0.30315262,1.0020926,2.0009885,0.50079876
1980-05-16 00:00:00,7,0.13295032,1.0020947,2.0057902,0.49960098
1980-05-16 00:00:00,8,0.24673562,1.002498,2.0075762,0.4993574
1980-05-16 00:00:00,9,0.9897414,0.99883246,2.010827,0.4967272
1980-05-16 00:00:00,10,0.030377366,0.99596125,2.0005713,0.49783844
1980-05-16 00:00:00,11,0.33220863,0.99860877,2.001335,0.49897134
1980-06-15 12:00:00,0,0.5734677,0.99773395,2.0054135,0.4975203
1980-06-15 12:00:00,1,0.12492869,0.99809545,2.0085475,0.49692398
1980-06-15 12:00:00,2,0.30085415,0.99996287,2.0050356,0.49872574
1980-06-15 12:00:00,3,0.58409977,0.99884677,2.001127,0.4991421
1980-06-15 12:00:00,4,0.6930958,1.002357,2.007781,0.49923623
1980-06-15 12:00:00,5,0.17064254,0.99839735,2.002473,0.49858215
1980-06-15 12:00:00,6,0.26357114,0.99675155,2.0056505,0.4969717
1980-06-15 12:00:00,7,0.8091575,1.0003759,2.0047746,0.49899668
1980-06-15 12:00:00,8,0.102554336,1.0004383,2.002499,0.4995949
1980-06-15 12:00:00,9,0.1733973,1.0002604,2.0091445,0.49785385
1980-06-15 12:00:00,10,0.60028833,0.99949044,2.0042288,0.49869078
1980-06-15 12:00:00,11,1.2563746,0.9987677,2.0009243,0.49915314
1980-07-16 00:00:00,0,0.37229535,0.99958867,2.0026624,0.4991299
1980-07-16 00:00:00,1,0.52083594,0.99831986,2.0049992,0.49791536
1980-07-16 00:00:00,2,0.020211002,0.9989595,2.0026383,0.4988217
1980-07-16 00:00:00,3,0.58006364,0.9983296,2.0017703,0.49872336
1980-07-16 00:00:00,4,0.13985386,1.0019703,2.008279,0.49891984
1980-07-16 00:00:00,5,0.053702302,0.99719745,2.0023193,0.4980212
1980-07-16 00:00:00,6,0.04330638,0.99851304,2.0039499,0.49827245
1980-07-16 00:00:00,7,0.015300838,0.9995035,2.0052123,0.4984527
1980-07-16 00:00:00,8,0.0430535,1.0006793,2.0020826,0.49981916
1980-07-16 00:00:00,9,0.3757992,0.9996115,2.0081677,0.4977729
1980-07-16 00:00:00,10,0.010008689,0.9985876,2.004993,0.49805042
1980-07-16 00:00:00,11,0.5011143,0.999,2.001412,0.49914762
1980-08-16 00:00:00,0,0.68750966,0.99408513,2.0027363,0.49636346
1980-08-16 00:00:00,1,1.3929598,0.9974826,2.0091283,0.4964753
1980-08-16 00:00:00,2,0.6430168,1.0002152,2.0032623,0.49929318
1980-08-16 00:00:00,3,0.40075356,0.9978,1.9953749,0.5000564
1980-08-16 00:00:00,4,0.29012442,1.0006973,2.005168,0.49905908
1980-08-16 00:00:00,5,1.6116859,0.9972933,1.9991059,0.49886966
1980-08-16 00:00:00,6,0.9144073,0.9927022,2.002666,0.49569035
1980-08-16 00:00:00,7,1.8153863,0.9997585,2.0021355,0.49934605
1980-08-16 00:00:00,8,0.36789054,0.99940634,1.9999349,0.49971944
1980-08-16 00:00:00,9,0.7701033,1.0001112,2.0070002,0.49831146
1980-08-16 00:00:00,10,0.6976874,0.99762654,1.9998647,0.498847
1980-08-16 00:00:00,11,0.89631253,0.99722046,1.9952353,0.49980092
1980-09-15 12:00:00,0,0.2260855,0.99793154,2.0052583,0.49765736
1980-09-15 12:00:00,1,0.26967102,0.9981512,2.0083373,0.49700376
1980-09-15 12:00:00,2,0.37141514,0.99984604,2.0049314,0.49869338
1980-09-15 12:00:00,3,0.13244797,0.99884975,2.001067,0.4991586
1980-09-15 12:00:00,4,0.5308828,1.0023062,2.0078824,0.49918574
1980-09-15 12:00:00,5,0.35449103,0.9983438,2.0025048,0.49854752
1980-09-15 12:00:00,6,0.34609008,0.99692345,2.0055423,0.49708423
1980-09-15 12:00:00,7,0.04768838,1.0004172,2.004828,0.49900404
1980-09-15 12:00:00,8,0.020531211,1.0004792,2.0026326,0.499582
1980-09-15 12:00:00,9,1.0173793,1.0002377,2.0091975,0.49782947
1980-09-15 12:00:00,10,0.37324068,0.9993911,2.0041716,0.49865544
1980-09-15 12:00:00,11,0.36612934,0.9987563,2.0009484,0.49914145
1980-10-16 00:00:00,0,0.09941817,0.9967932,2.004948,0.49716663
1980-10-16 00:00:00,1,1.4757391,0.9975008,2.0083601,0.49667424
1980-10-16 00:00:00,2,1.4487236,1.0006268,2.0045323,0.49918216
1980-10-16 00:00:00,3,0.99179614,0.9984154,2.0023463,0.49862275
1980-10-16 00:00:00,4,0.5847261,1.0026779,2.006854,0.49962673
1980-10-16 00:00:00,5,0.078422815,0.9980506,2.0019767,0.49853256
1980-10-16 00:00:00,6,0.03010416,0.9958831,2.005548,0.4965641
1980-10-16 00:00:00,7,0.38599434,0.99921906,2.0043802,0.49851772
1980-10-16 00:00:00,8,0.78500766,1.0000489,2.0005968,0.49987528
1980-10-16 00:00:00,9,0.49431157,1.000061,2.0077727,0.49809474
1980-10-16 00:00:00,10,0.2745344,0.9997503,2.0057611,0.49843937
1980-10-16 00:00:00,11,0.11681008,0.9990042,2.0008204,0.4992973
1980-11-15 12:00:00,0,0.23169373,0.99838465,2.0038812,0.49822548
1980-11-15 12:00:00,1,0.13497628,0.99805874,2.0066214,0.4973827
1980-11-15 12:00:00,2,0.4173465,0.99952585,2.0039372,0.49878103
1980-11-15 12:00:00,3,0.05095534,0.998766,2.0015438,0.49899784
1980-11-15 12:00:00,4,0.21285376,1.002531,2.0069988,0.49951753
1980-11-15 12:00:00,5,0.73264754,0.99795485,2.0025232,0.4983487
1980-11-15 12:00:00,6,0.5230278,0.99744296,2.0046043,0.49757597
1980-11-15 12:00:00,7,0.92559516,0.9996323,2.0046954,0.49864548
1980-11-15 12:00:00,8,0.45406085,1.0007575,2.0020216,0.49987346
1980-11-15 12:00:00,9,0.84582543,0.9995767,2.0082233,0.49774182
1980-11-15 12:00:00,10,0.14383535,0.9991347,2.0053015,0.49824664
1980-11-15 12:00:00,11,0.3431133,0.99925023,2.0015166,0.49924654
1980-12-16 00:00:00,0,0.49411708,1.0037221,1.999516,0.5019825
1980-12-16 00:00:00,1,0.34180823,1.0002245,2.0011086,0.49983516
1980-12-16 00:00:00,2,0.65571165,0.9954891,2.001289,0.497424
1980-12-16 00:00:00,3,0.7628303,0.99933606,1.9964994,0.50054413
1980-12-16 00:00:00,4,0.0004430898,1.0006014,2.0092654,0.49799365
1980-12-16 00:00:00,5,0.14928168,0.99690443,2.003235,0.49764726
1980-12-16 00:00:00,6,0.14377905,1.0021372,2.0006938,0.50089484
1980-12-16 00:00:00,7,1.3271195,1.0018703,2.0057387,0.49950188
1980-12-16 00:00:00,8,0.22257677,1.0024813,2.0073206,0.49941266
1980-12-16 00:00:00,9,0.14913437,0.99871945,2.0105352,0.49674308
1980-12-16 00:00:00,10,0.017123492,0.99581534,2.0007415,0.49772313
1980-12-16 00:00:00,11,1.3214858,0.9986376,2.0012662,0.49900287
1981-01-16 00:00:00,0,1.3680447,1.0030923,2.0001788,0.5015013
1981-01-16 00:00:00,1,0.48962745,1.0004227,2.0020754,0.49969283
1981-01-16 00:00:00,2,0.21358906,0.99510247,2.0029757,0.49681205
1981-01-16 00:00:00,3,0.14135782,1.000636,1.9941384,0.5017886
1981-01-16 00:00:00,4,0.38352588,1.0013587,2.0065172,0.49905318
1981-01-16 00:00:00,5,1.2168547,0.99821806,2.004058,0.4980984
1981-01-16 00:00:00,6,0.039497517,1.0016571,2.000306,0.500752
1981-01-16 00:00:00,7,0.029415453,1.0027078,2.0048177,0.50014913
1981-01-16 00:00:00,8,0.8176613,1.0035514,2.0090122,0.49952477
1981-01-16 00:00:00,9,0.23681706,0.9979356,2.0111234,0.49620804
1981-01-16 00:00:00,10,0.3187543,0.9957807,2.0002053,0.49783924
1981-01-16 00:00:00,11,0.06328046,0.9993004,2.0017953,0.4992021
1981-02-14 12:00:00,0,0.09408667,1.0035479,1.9995489,0.50188714
1981-02-14 12:00:00,1,0.30389562,1.0000707,2.0011432,0.4997497
1981-02-14 12:00:00,2,0.057507906,0.9957432,2.0010998,0.49759796
1981-02-14 12:00:00,3,1.1189184,0.99909836,1.997141,0.5002643
1981-02-14 12:00:00,4,0.041052673,1.000599,2.0094922,0.49793628
1981-02-14 12:00:00,5,0.9213262,0.9967319,2.0030608,0.4976044
1981-02-14 12:00:00,6,0.60651547,1.00198,2.00089,0.5007671
1981-02-14 12:00:00,7,0.029495807,1.0015665,2.0058053,0.4993339
1981-02-14 12:00:00,8,0.39185014,1.0022423,2.0067272,0.49944124
1981-02-14 12:00:00,9,0.21897644,0.99883896,2.0102463,0.49687392
1981-02-14 12:00:00,10,0.4115715,0.995978,2.0011258,0.49770883
1981-02-14 12:00:00,11,0.6548572,0.99859923,2.0012195,0.49899536
1981-03-16 00:00:00,0,0.38255185,1.0031705,2.000131,0.5015524
1981-03-16 00:00:00,1,1.426431,1.00043,2.0020008,0.4997151
1981-03-16 00:00:00,2,0.15725593,0.99509954,2.00287,0.49683678
1981-03-16 00:00:00,3,0.22824478,1.0005631,1.9942434,0.5017257
1981-03-16 00:00:00,4,1.019663,1.0012953,2.006723,0.4989704
1981-03-16 00:00:00,5,0.36453265,0.998137,2.0040166,0.4980682
1981-03-16 00:00:00,6,0.31754884,1.0017205,2.0003188,0.50078046
1981-03-16 00:00:00,7,0.05828293,1.0026883,2.0048883,0.5001218
1981-03-16 00:00:00,8,0.053808834,1.0034958,2.0089636,0.49950922
1981-03-16 00:00:00,9,1.6002923,0.99798846,2.0111253,0.49623385
1981-03-16 00:00:00,10,0.04028659,0.9957637,2.0001884,0.49783498
1981-03-16 00:00:00,11,0.109048285,0.9992483,2.001759,0.49918512
1981-04-15 12:00:00,0,0.24513277,1.0009058,2.0014253,0.5000965
1981-04-15 12:00:00,1,0.20310809,0.99895823,2.0035062,0.498605
1981-04-15 12:00:00,2,0.037332382,0.9976768,2.0022523,0.49827725
1981-04-15 12:00:00,3,0.15104881,0.9988678,1.9996794,0.49951395
1981-04-15 12:00:00,4,0.07958247,1.0016963,2.0078845,0.49888146
1981-04-15 12:00:00,5,0.12634261,0.99724483,2.0027463,0.49793866
1981-04-15 12:00:00,6,0.69691473,0.9997119,2.0025806,0.4992118
1981-04-15 12:00:00,7,0.61767304,1.0002441,2.0051692,0.4988328
1981-04-15 12:00:00,8,0.12066545,1.0015231,2.0039425,0.4997764
1981-04-15 12:00:00,9,0.8253256,0.9990232,2.0088058,0.49732196
1981-04-15 12:00:00,10,0.74350613,0.9976136,2.0037122,0.4978827
1981-04-15 12:00:00,11,0.33025885,0.99910766,2.0015557,0.49916556
1981-05-16 00:00:00,0,0.65689766,1.0031819,2.000199,0.501541
1981-05-16 00:00:00,1,0.33095387,1.0000194,2.00185,0.49954766
1981-05-16 00:00:00,2,0.92120373,0.9959527,2.0016756,0.49755952
1981-05-16 00:00:00,3,0.9256941,0.9992857,1.9971375,0.500359
1981-05-16 00:00:00,4,0.38178274,1.0008063,2.0092177,0.49810746
1981-05-16 00:00:00,5,0.0933201,0.99706805,2.0032058,0.49773622
1981-05-16 00:00:00,6,0.023635777,1.0016835,2.0012863,0.5005198
1981-05-16 00:00:00,7,0.19143288,1.0017128,2.0057137,0.4994296
1981-05-16 00:00:00,8,2.0358465,1.0022793,2.0068345,0.49943295
1981-05-16 00:00:00,9,1.1794316,0.99889237,2.0104218,0.49685714
1981-05-16 00:00:00,10,0.7090039,0.9962648,2.001175,0.49783996
1981-05-16 00:00:00,11,0.72366214,0.9986787,2.0013602,0.49899998
1981-06-15 12:00:00,0,0.6415655,0.9893933,1.9885414,0.49754724
1981-06-15 12:00:00,1,0.22465038,0.9965752,2.0001326,0.49825457
1981-06-15 12:00:00,2,0.30231628,0.9979102,1.9914811,0.50108945
1981-06-15 12:00:00,3,0.08608928,0.993954,1.9817823,0.5015455
1981-06-15 12:00:00,4,0.4367794,0.9957015,1.9985478,0.4982125
1981-06-15 12:00:00,5,0.6006124,0.99146706,1.9897956,0.49827585
1981-06-15 12:00:00,6,0.08148557,0.9874375,1.989915,0.49622095
1981-06-15 12:00:00,7,1.3304116,0.9953923,1.9960912,0.49867076
1981-06-15 12:00:00,8,0.41676527,0.997925,1.991557,0.5010778
1981-06-15 12:00:00,9,0.19074264,0.9972348,1.9979957,0.49911758
1981-06-15 12:00:00,10,1.2328197,0.99120873,1.9901953,0.49804598
1981-06-15 12:00:00,11,0.04296416,0.99447775,1.982733,0.50156915
1981-07-16 00:00:00,0,0.03165962,0.98961264,1.9894619,0.49742728
1981-07-16 00:00:00,1,0.38997266,0.99668545,2.0008354,0.49813464
1981-07-16 00:00:00,2,0.7252865,0.9979643,1.9924128,0.5008823
1981-07-16 00:00:00,3,0.11553702,0.9943458,1.9821385,0.501653
1981-07-16 00:00:00,4,0.0314029,0.9960319,1.998669,0.49834758
1981-07-16 00:00:00,5,0.45822504,0.99197644,1.9904279,0.49837348
1981-07-16 00:00:00,6,0.3075481,0.98767954,1.9906011,0.4961715
1981-07-16 00:00:00,7,0.11047761,0.9958386,1.9963306,0.4988345
1981-07-16 00:00:00,8,0.5791962,0.99814016,1.992362,0.50098336
1981-07-16 00:00:00,9,0.41918194,0.9973443,1.998693,0.49899825
1981-07-16 00:00:00,10,0.28251773,0.99152255,1.9905254,0.49812102
1981-07-16 00:00:00,11,0.47989097,0.9946588,1.9834408,0.5014815
1981-08-16 00:00:00,0,0.8295188,0.9914287,1.9946595,0.49704155
1981-08-16 00:00:00,1,1.027309,0.9971145,2.0042973,0.49748832
1981-08-16 00:00:00,2,0.053132597,0.9987299,1.9966837,0.5001943
1981-08-16 00:00:00,3,0.09308534,0.9956599,1.986731,0.50115484
1981-08-16 00:00:00,4,0.0020631494,0.99754727,2.0016425,0.49836436
1981-08-16 00:00:00,5,0.3582905,0.9940015,1.9937092,0.49856895
1981-08-16 00:00:00,6,0.3609673,0.9896038,1.9953061,0.4959659
1981-08-16 00:00:00,7,0.34897965,0.9976995,1.9986237,0.49919325
1981-08-16 00:00:00,8,0.8357502,0.99854124,1.9956932,0.5003481
1981-08-16 00:00:00,9,2.149489,0.9986405,2.0022674,0.4987548
1981-08-16 00:00:00,10,0.16028757,0.9936852,1.9933996,0.4984877
1981-08-16 00:00:00,11,1.5860857,0.99536806,1.9875393,0.50080425
1981-09-15 12:00:00,0,0.29078826,0.99552226,2.005116,0.4964911
1981-09-15 12:00:00,1,0.07088555,0.9973979,2.0097005,0.49629182
1981-09-15 12:00:00,2,0.006095981,1.0008945,2.0047717,0.49925613
1981-09-15 12:00:00,3,0.42331076,0.9982124,2.0003924,0.4990083
1981-09-15 12:00:00,4,0.15532154,1.0020666,2.0067394,0.49935064
1981-09-15 12:00:00,5,0.22901593,0.99801636,2.0010762,0.4987398
1981-09-15 12:00:00,6,0.1203869,0.99442065,2.0053446,0.49588516
1981-09-15 12:00:00,7,0.21241353,0.99963117,2.0037365,0.49888355
1981-09-15 12:00:00,8,0.0011567515,0.9995832,2.0004025,0.49969104
1981-09-15 12:00:00,9,1.5519063,1.0004729,2.00791,0.4982658
1981-09-15 12:00:00,10,0.36082476,0.9993446,2.0038044,0.4987236
1981-09-15 12:00:00,11,0.7118343,0.9982242,1.9988469,0.49940002
1981-10-16 00:00:00,0,1.0496244,1.0038847,1.9995345,0.5020592
1981-10-16 00:00:00,1,0.40042824,1.0003468,2.0011072,0.49989665
1981-10-16 00:00:00,2,0.45152313,0.99531335,2.0014174,0.49730423
1981-10-16 00:00:00,3,0.008000537,0.9994814,1.9960905,0.5007195
1981-10-16 00:00:00,4,0.5357768,1.0005715,2.0092447,0.4979839
1981-10-16 00:00:00,5,1.0938971,0.9970108,2.0033543,0.49767074
1981-10-16 00:00:00,6,0.16468297,1.0022821,2.0006056,0.5009894
1981-10-16 00:00:00,7,0.05409603,1.002113,2.0057416,0.49962217
1981-10-16 00:00:00,8,0.59630895,1.0026234,2.00776,0.49937412
1981-10-16 00:00:00,9,0.83533406,0.9986822,2.0107903,0.4966615
1981-10-16 00:00:00,10,0.8079541,0.9957106,2.000427,0.49774903
1981-10-16 00:00:00,11,0.022368537,0.99862975,2.0012894,0.4989932
1981-11-15 12:00:00,0,0.31031084,1.0033932,1.9999756,0.5017027
1981-11-15 12:00:00,1,0.3278948,1.0004578,2.0017753,0.49978524
1981-11-15 12:00:00,2,0.2656894,0.9950701,2.0025837,0.49689314
1981-11-15 12:00:00,3,0.48889953,1.0003817,1.9944781,0.50157565
1981-11-15 12:00:00,4,0.3382053,1.0011253,2.0072439,0.4987562
1981-11-15 12:00:00,5,0.58497286,0.9979238,2.003914,0.4979873
1981-11-15 12:00:00,6,0.5326329,1.0019017,2.0003219,0.5008703
1981-11-15 12:00:00,7,0.50048625,1.0026454,2.0050673,0.50005573
1981-11-15 12:00:00,8,0.09297429,1.0033648,2.0088627,0.49946907
1981-11-15 12:00:00,9,0.496378,0.9981132,2.0111334,0.49629387
1981-11-15 12:00:00,10,0.7091808,0.99569887,2.0001268,0.49781787
1981-11-15 12:00:00,11,0.62208045,0.99911505,2.001662,0.49914274
1981-12-16 00:00:00,0,1.6464806,1.00331,1.9999362,0.50167096
1981-12-16 00:00:00,1,0.016705323,1.0003775,2.001742,0.4997535
1981-12-16 00:00:00,2,0.27508998,0.9951841,2.0024571,0.49698147
1981-12-16 00:00:00,3,0.5433399,1.0002608,1.994782,0.5014387
1981-12-16 00:00:00,4,0.71376765,1.0011255,2.0073142,0.4987388
1981-12-16 00:00:00,5,0.42791647,0.9978241,2.0038195,0.49796107
1981-12-16 00:00:00,6,0.13155358,1.0018253,2.000376,0.5008185
1981-12-16 00:00:00,7,0.008331088,1.002472,2.005085,0.49996486
1981-12-16 00:00:00,8,0.23550025,1.0032538,2.0085492,0.49949178
1981-12-16 00:00:00,9,0.38833085,0.99815005,2.010956,0.49635598
1981-12-16 00:00:00,10,0.16010231,0.9957595,2.0003352,0.4977963
1981-12-16 00:00:00,11,0.0023885265,0.999106,2.0016344,0.4991451
1982-01-16 00:00:00,0,0.17206618,1.0035787,1.9999069,0.5018127
1982-01-16 00:00:00,1,0.19717436,1.0005107,2.001654,0.499842
1982-01-16 00:00:00,2,0.40529862,0.99500936,2.0024498,0.49689606
1982-01-16 00:00:00,3,0.15333448,1.0003054,1.994526,0.5015254
1982-01-16 00:00:00,4,0.62344545,1.0010074,2.007593,0.49861076
1982-01-16 00:00:00,5,0.4608528,0.9978223,2.0038838,0.49794418
1982-01-16 00:00:00,6,0.70441115,1.0020568,2.0003207,0.5009481
1982-01-16 00:00:00,7,0.91755056,1.0026938,2.005191,0.500049
1982-01-16 00:00:00,8,0.6165653,1.0033156,2.0089254,0.499429
1982-01-16 00:00:00,9,1.2854432,0.9981938,2.0112233,0.49631175
1982-01-16 00:00:00,10,0.37972158,0.99563843,1.9999938,0.49782076
1982-01-16 00:00:00,11,0.7229893,0.99902266,2.0016084,0.49910995
1982-02-14 12:00:00,0,0.34454128,1.003429,1.9997619,0.50177425
1982-02-14 12:00:00,1,0.44059914,1.000293,2.0014937,0.49977326
1982-02-14 12:00:00,2,0.12276494,0.9953327,2.001986,0.49717265
1982-02-14 12:00:00,3,0.24356233,0.99988425,1.9955064,0.50106794
1982-02-14 12:00:00,4,0.27806914,1.0009372,2.0080347,0.4984661
1982-02-14 12:00:00,5,0.6262113,0.997455,2.003574,0.4978379
1982-02-14 12:00:00,6,0.006352023,1.0019104,2.0005028,0.50082934
1982-02-14 12:00:00,7,0.07123464,1.0021898,2.005324,0.49976453
1982-02-14 12:00:00,8,0.18470292,1.0029372,2.007992,0.4994727
1982-02-14 12:00:00,9,0.6471297,0.99836445,2.0107355,0.49651703
1982-02-14 12:00:00,10,0.043253534,0.9957982,2.000559,0.49775994
1982-02-14 12:00:00,11,0.09255983,0.9989358,2.001491,0.49909583
1982-03-16 00:00:00,0,0.24573228,1.0022602,2.0007308,0.50094706
1982-03-16 00:00:00,1,0.56379586,1.0003465,2.0029082,0.49944702
1982-03-16 00:00:00,2,0.33845574,0.99514514,2.00412,0.49654967
1982-03-16 00:00:00,3,0.39256492,1.0014073,1.9930413,0.50245184
1982-03-16 00:00:00,4,0.05284461,1.0020306,2.004369,0.49992323
1982-03-16 00:00:00,5,0.7263016,0.9990874,2.0044975,0.49842286
1982-03-16 00:00:00,6,0.49142238,1.0009822,2.000204,0.50044
1982-03-16 00:00:00,7,0.22833163,1.0029306,2.0040796,0.50044453
1982-03-16 00:00:00,8,0.11698055,1.004133,2.0095377,0.4996836
1982-03-16 00:00:00,9,0.32958835,0.9973938,2.0111303,0.49593693
1982-03-16 00:00:00,10,0.3766661,0.9959769,2.0003717,0.49789593
1982-03-16 00:00:00,11,0.29792345,0.9998444,2.0021837,0.49937695
1982-04-15 12:00:00,0,0.35667855,1.0034425,1.9998498,0.50175893
1982-04-15 12:00:00,1,1.1216897,1.0003821,2.0016067,0.49978954
1982-04-15 12:00:00,2,0.25762928,0.99519295,2.0022533,0.4970365
1982-04-15 12:00:00,3,0.16257197,1.0001147,1.9950097,0.5013082
1982-04-15 12:00:00,4,0.9281503,1.0010097,2.0077014,0.49858496
1982-04-15 12:00:00,5,1.3784301,0.9976663,2.0037346,0.4979034
1982-04-15 12:00:00,6,0.33462048,1.001932,2.00041,0.5008633
1982-04-15 12:00:00,7,0.29619053,1.0024185,2.0052173,0.49990517
1982-04-15 12:00:00,8,0.35034135,1.003139,2.0084267,0.4994651
1982-04-15 12:00:00,9,0.04313903,0.9982527,2.010942,0.4964105
1982-04-15 12:00:00,10,0.023289055,0.9957377,2.000327,0.49778742
1982-04-15 12:00:00,11,0.7263656,0.9990092,2.0015655,0.49911392
1982-05-16 00:00:00,0,0.38747185,0.99770015,2.005326,0.49752516
1982-05-16 00:00:00,1,0.17048615,0.99811155,2.0084643,0.4969526
1982-05-16 00:00:00,2,1.308835,0.9998515,2.0051956,0.4986304
1982-05-16 00:00:00,3,0.46535423,0.9990637,2.0008085,0.49932998
1982-05-16 00:00:00,4,0.15890081,1.0025312,2.0071726,0.49947432
1982-05-16 00:00:00,5,0.11050002,0.9985701,2.0026286,0.4986297
1982-05-16 00:00:00,6,0.28015217,0.9967462,2.005449,0.49701896
1982-05-16 00:00:00,7,0.7051529,1.0004063,2.004598,0.49905583
1982-05-16 00:00:00,8,0.10383869,1.0006646,2.0027068,0.49965608
1982-05-16 00:00:00,9,0.08296213,1.0000272,2.0091102,0.4977463
1982-05-16 00:00:00,10,0.24372427,0.99944234,2.0043344,0.4986405
1982-05-16 00:00:00,11,1.2058988,0.9989569,2.0011134,0.49920055
1982-06-15 12:00:00,0,0.44980156,1.003499,2.0000074,0.50174767
1982-06-15 12:00:00,1,0.71699864,1.0002065,2.001624,0.49969745
1982-06-15 12:00:00,2,1.231905,0.99562645,2.0017052,0.49738917
1982-06-15 12:00:00,3,0.21468507,0.99946725,1.9964935,0.5006113
1982-06-15 12:00:00,4,0.017600495,1.0007282,2.0091536,0.4980845
1982-06-15 12:00:00,5,0.5026217,0.9971432,2.0033457,0.49773896
1982-06-15 12:00:00,6,0.099278904,1.0019602,2.0010002,0.5007297
1982-06-15 12:00:00,7,0.47255862,1.00201,2.0057049,0.49957997
1982-06-15 12:00:00,8,1.4075466,1.0025035,2.007443,0.49939328
1982-06-15 12:00:00,9,0.3489379,0.9987826,2.0107105,0.49673116
1982-06-15 12:00:00,10,0.10532501,0.9960198,2.000726,0.49782917
1982-06-15 12:00:00,11,0.35698387,0.9986736,2.0013654,0.49899614
1982-07-16 00:00:00,0,1.115647,0.99647456,2.005468,0.49687883
1982-07-16 00:00:00,1,1.0190799,0.9978077,2.009532,0.49653736
1982-07-16 00:00:00,2,0.41347942,1.0004296,2.0050907,0.49894482
1982-07-16 00:00:00,3,0.25196856,0.9985442,2.0002677,0.4992053
1982-07-16 00:00:00,4,0.08443096,1.0020483,2.007422,0.4991717
1982-07-16 00:00:00,5,0.25145262,0.9982734,2.0016847,0.4987166
1982-07-16 00:00:00,6,0.29729816,0.9953869,2.005576,0.49630976
1982-07-16 00:00:00,7,0.10996108,1.0002625,2.0042157,0.49907926
1982-07-16 00:00:00,8,0.86202425,0.9999489,2.0016863,0.49955326
1982-07-16 00:00:00,9,0.733794,1.0005254,2.0087738,0.49807766
1982-07-16 00:00:00,10,0.49886838,0.99934924,2.003422,0.49882114
1982-07-16 00:00:00,11,1.779098,0.9983038,1.9995067,0.49927503
1982-08-16 00:00:00,0,0.3454591,0.9970557,2.0053463,0.49719876
1982-08-16 00:00:00,1,1.2765363,0.99779063,2.0089028,0.49668437
1982-08-16 00:00:00,2,1.3870435,1.0004288,2.0047607,0.49902654
1982-08-16 00:00:00,3,0.0645704,0.9984134,2.0015054,0.49883124
1982-08-16 00:00:00,4,0.60924536,1.0021873,2.0079293,0.4991148
1982-08-16 00:00:00,5,0.22279537,0.9980818,2.0019155,0.4985634
1982-08-16 00:00:00,6,0.17870572,0.9960163,2.0057776,0.49657366
1982-08-16 00:00:00,7,0.23445019,0.99995655,2.0046153,0.49882716
1982-08-16 00:00:00,8,0.018900244,0.99993414,2.0014563,0.4996033
1982-08-16 00:00:00,9,0.2843024,1.000511,2.0086286,0.49810654
1982-08-16 00:00:00,10,0.58858234,0.9995429,2.0043492,0.498687
1982-08-16 00:00:00,11,0.52957636,0.9985007,2.0002131,0.49919716
1982-09-15 12:00:00,0,0.5064225,1.0039575,1.999725,0.5020478
1982-09-15 12:00:00,1,0.4643782,1.0005151,2.0013175,0.49992824
1982-09-15 12:00:00,2,0.063115366,0.9950769,2.0018606,0.497076
1982-09-15 12:00:00,3,0.3443683,0.99984634,1.9952941,0.50110227
1982-09-15 12:00:00,4,0.03830632,1.0006568,2.0088394,0.49812686
1982-09-15 12:00:00,5,0.93806297,0.99734944,2.0036223,0.49777317
1982-09-15 12:00:00,6,0.05809371,1.002362,2.0005004,0.50105566
1982-09-15 12:00:00,7,2.1075935,1.0025337,2.0056179,0.49986276
1982-09-15 12:00:00,8,0.76109934,1.0029367,2.0085235,0.4993403
1982-09-15 12:00:00,9,0.2556726,0.9985451,2.011199,0.49649245
1982-09-15 12:00:00,10,0.0881293,0.99561584,1.9999813,0.49781257
1982-09-15 12:00:00,11,1.0992689,0.99871385,2.001403,0.49900684
1982-10-16 00:00:00,0,0.7603949,1.0038317,1.9996129,0.502013
1982-10-16 00:00:00,1,0.5267784,1.0003897,2.001221,0.49988967
1982-10-16 00:00:00,2,0.9241744,0.99523705,2.0016425,0.4972102
1982-10-16 00:00:00,3,0.090695776,0.9996643,1.9957331,0.5009008
1982-10-16 00:00:00,4,0.03988182,1.000661,2.0088954,0.49811503
1982-10-16 00:00:00,5,0.07642222,0.9971883,2.0034735,0.49772972
1982-10-16 00:00:00,6,0.17284039,1.002245,2.0005388,0.5009875
1982-10-16 00:00:00,7,0.77808553,1.0022513,2.0056257,0.49971998
1982-10-16 00:00:00,8,0.8161834,1.0027788,2.0080347,0.49938318
1982-10-16 00:00:00,9,0.5976898,0.9985767,2.010898,0.49658245
1982-10-16 00:00:00,10,1.4431629,0.9956879,2.0003142,0.49776575
1982-10-16 00:00:00,11,0.8164176,0.998712,2.0013578,0.4990172
1982-11-15 12:00:00,0,0.910428,1.0029807,2.00024,0.50143015
1982-11-15 12:00:00,1,0.15441588,1.0004092,2.002175,0.4996612
1982-11-15 12:00:00,2,0.8748964,0.99510974,2.0031164,0.49678078
1982-11-15 12:00:00,3,0.9033216,1.0007329,1.9940014,0.5018717
1982-11-15 12:00:00,4,0.5310706,1.0014472,2.0062296,0.49916878
1982-11-15 12:00:00,5,0.09062932,0.9983266,2.004111,0.49813935
1982-11-15 12:00:00,6,0.21357572,1.0015659,2.0002866,0.5007112
1982-11-15 12:00:00,7,0.20339683,1.0027276,2.004718,0.5001839
1982-11-15 12:00:00,8,0.0043486017,1.0036254,2.0090678,0.4995478
1982-11-15 12:00:00,9,0.8811336,0.9978617,2.011113,0.49617386
1982-11-15 12:00:00,10,0.76247334,0.9958047,2.000237,0.49784338
1982-11-15 12:00:00,11,0.2559534,0.99937326,2.0018444,0.49922624
1982-12-16 00:00:00,0,0.1494459,1.0033948,1.9999912,0.5016996
1982-12-16 00:00:00,1,1.8072515,1.0004591,2.0017881,0.4997827
1982-12-16 00:00:00,2,0.6994603,0.9950742,2.0025897,0.4968937
1982-12-16 00:00:00,3,0.2387946,1.0003794,1.9944881,0.501572
1982-12-16 00:00:00,4,0.104536384,1.0011227,2.0072649,0.49874967
1982-12-16 00:00:00,5,0.0018693089,0.99792504,2.0039144,0.49798787
1982-12-16 00:00:00,6,0.60090727,1.0019034,2.0003364,0.5008675
1982-12-16 00:00:00,7,0.9345822,1.0026512,2.005075,0.50005674
1982-12-16 00:00:00,8,0.16100547,1.0033599,2.0088656,0.4994659
1982-12-16 00:00:00,9,0.57652056,0.99812233,2.0111434,0.49629593
1982-12-16 00:00:00,10,0.13355377,0.99570495,2.0001214,0.49782225
1982-12-16 00:00:00,11,0.093822524,0.99911,2.0016623,0.49914014
1983-01-16 00:00:00,0,1.4615088,1.0022542,2.0007894,0.5009294
1983-01-16 00:00:00,1,0.22512536,1.0003742,2.002974,0.49944443
1983-01-16 00:00:00,2,0.34714773,0.9951097,2.0042272,0.49650544
1983-01-16 00:00:00,3,0.5500081,1.0014855,1.9928888,0.5025295
1983-01-16 00:00:00,4,1.079778,1.0020586,2.0042677,0.49996248
1983-01-16 00:00:00,5,0.8328306,0.99916625,2.0045543,0.4984481
1983-01-16 00:00:00,6,0.13766287,1.0009812,2.000196,0.50044155
1983-01-16 00:00:00,7,0.28549162,1.0030121,2.0040476,0.5004931
1983-01-16 00:00:00,8,0.22383055,1.0041958,2.0096815,0.4996791
1983-01-16 00:00:00,9,0.18378556,0.99736536,2.011208,0.4959036
1983-01-16 00:00:00,10,0.32822615,0.9959706,2.0002956,0.4979117
1983-01-16 00:00:00,11,0.19241273,0.99986726,2.0022123,0.49938124
1983-02-14 12:00:00,0,0.09721116,1.0019896,2.0009744,0.50075084
1983-02-14 12:00:00,1,0.28527552,1.0003569,2.0032506,0.49936685
1983-02-14 12:00:00,2,0.02997925,0.9951131,2.0046144,0.49641123
1983-02-14 12:00:00,3,0.19650346,1.0017496,1.9925014,0.5027598
1983-02-14 12:00:00,4,0.71558684,1.0022787,2.0035584,0.5002493
1983-02-14 12:00:00,5,0.80549765,0.99946064,2.004707,0.49855694
1983-02-14 12:00:00,6,0.37262917,1.0007675,2.0001583,0.50034416
1983-02-14 12:00:00,7,0.9944735,1.0031018,2.0038044,0.50059867
1983-02-14 12:00:00,8,0.13985786,1.0043966,2.0098834,0.49972877
1983-02-14 12:00:00,9,2.12221,0.997185,2.0112276,0.4958091
1983-02-14 12:00:00,10,0.14794523,0.9960296,2.0003302,0.49793258
1983-02-14 12:00:00,11,0.078434974,1.000046,2.002342,0.49943817
1983-03-16 00:00:00,0,0.3520881,1.0022063,2.000808,0.5009008
1983-03-16 00:00:00,1,0.39075115,1.0003659,2.0030086,0.49943164
1983-03-16 00:00:00,2,0.019951107,0.9951151,2.004277,0.49649578
1983-03-16 00:00:00,3,0.011929462,1.001521,1.9928411,0.50255936
1983-03-16 00:00:00,4,0.67249423,1.0020951,2.0041482,0.5000105
1983-03-16 00:00:00,5,0.36385414,0.99920607,2.004572,0.49846357
1983-03-16 00:00:00,6,0.021815142,1.0009418,2.0001857,0.5004244
1983-03-16 00:00:00,7,0.6983727,1.0030124,2.0040061,0.50050366
1983-03-16 00:00:00,8,0.07757085,1.0042232,2.0096927,0.49968994
1983-03-16 00:00:00,9,0.08821935,0.9973342,2.0111947,0.49589142
1983-03-16 00:00:00,10,3.3876815,0.99598056,2.000317,0.49791133
1983-03-16 00:00:00,11,0.032505885,0.9998977,2.002231,0.49939182
1983-04-15 12:00:00,0,0.17891319,1.00301,2.0002494,0.5014425
1983-04-15 12:00:00,1,0.12304354,1.0004209,2.0021741,0.4996673
1983-04-15 12:00:00,2,0.7522568,0.9951012,2.0031106,0.49677795
1983-04-15 12:00:00,3,0.13801907,1.000726,1.9940045,0.5018675
1983-04-15 12:00:00,4,0.052970875,1.0014292,2.0062938,0.49914384
1983-04-15 12:00:00,5,1.0950701,0.998319,2.004112,0.49813533
1983-04-15 12:00:00,6,0.05155432,1.0015912,2.000299,0.50072074
1983-04-15 12:00:00,7,1.0281935,1.0027474,2.0047412,0.500188
1983-04-15 12:00:00,8,0.6722183,1.003619,2.0090923,0.49953848
1983-04-15 12:00:00,9,0.85042125,0.99787986,2.0111427,0.49617556
1983-04-15 12:00:00,10,1.134555,0.9958006,2.000205,0.49784926
1983-04-15 12:00:00,11,0.4541768,0.9993565,2.001839,0.49921924
1983-05-16 00:00:00,0,0.094169036,0.9988645,2.0035439,0.49854884
1983-05-16 00:00:00,1,0.12140171,0.99826217,2.0061085,0.49761125
1983-05-16 00:00:00,2,0.02855537,0.9991395,2.0037816,0.49862695
1983-05-16 00:00:00,3,0.548046,0.99890876,2.0010827,0.49918416
1983-05-16 00:00:00,4,0.08662134,1.0024606,2.0069969,0.4994829
1983-05-16 00:00:00,5,0.3830295,0.99795413,2.0026796,0.49830943
1983-05-16 00:00:00,6,0.83509386,0.9979071,2.0042474,0.49789616
1983-05-16 00:00:00,7,0.13039227,0.99983263,2.0047574,0.49872997
1983-05-16 00:00:00,8,1.1713896,1.0010108,2.0025609,0.49986535
1983-05-16 00:00:00,9,0.22133932,0.99941134,2.0084229,0.49761003
1983-05-16 00:00:00,10,0.8404874,0.9988973,2.0049934,0.49820477
1983-05-16 00:00:00,11,0.616492,0.99930257,2.001672,0.4992339
1983-06-15 12:00:00,0,0.058060497,0.9988007,2.0042326,0.49834567
1983-06-15 12:00:00,1,0.24746554,0.99831504,2.0068753,0.49744746
1983-06-15 12:00:00,2,0.044983488,0.999327,2.0041337,0.4986329
1983-06-15 12:00:00,3,0.16619428,0.9988224,2.0011852,0.49911544
1983-06-15 12:00:00,4,0.39511487,1.002265,2.0078714,0.49916792
1983-06-15 12:00:00,5,0.9198943,0.9980211,2.0026424,0.49835214
1983-06-15 12:00:00,6,0.5030307,0.99779356,2.0048373,0.49769303
1983-06-15 12:00:00,7,0.26520073,1.000184,2.0049973,0.4988456
1983-06-15 12:00:00,8,0.42492008,1.0007625,2.0027757,0.49968776
1983-06-15 12:00:00,9,0.0132500585,0.9998625,2.0089343,0.49770793
1983-06-15 12:00:00,10,0.11294004,0.9990555,2.004496,0.4984073
1983-06-15 12:00:00,11,0.27413476,0.99898183,2.001406,0.49914002
1983-07-16 00:00:00,0,0.43243515,0.9916876,1.9958638,0.49687138
1983-07-16 00:00:00,1,0.82160246,0.9971276,2.0050666,0.49730396
1983-07-16 00:00:00,2,0.14618948,0.9990052,1.9977196,0.5000728
1983-07-16 00:00:00,3,2.1634908,0.99599755,1.9880149,0.50100106
1983-07-16 00:00:00,4,2.1439674,0.99809754,2.0019546,0.49856153
1983-07-16 00:00:00,5,0.634908,0.9945307,1.9944986,0.49863693
1983-07-16 00:00:00,6,0.3694006,0.98994076,1.9963529,0.49587464
1983-07-16 00:00:00,7,0.2809716,0.99794275,1.9990813,0.4992007
1983-07-16 00:00:00,8,0.119208485,0.99869406,1.9962234,0.5002917
1983-07-16 00:00:00,9,0.19153401,0.99879277,2.002905,0.4986721
1983-07-16 00:00:00,10,0.49018243,0.9942865,1.9944952,0.49851537
1983-07-16 00:00:00,11,0.47500598,0.99569046,1.9887264,0.5006674
1983-08-16 00:00:00,0,0.42875293,1.0044588,1.9997926,0.5022815
1983-08-16 00:00:00,1,0.40846255,1.0007498,2.0012486,0.5000627
1983-08-16 00:00:00,2,0.14659226,0.9948246,2.0018423,0.49695453
1983-08-16 00:00:00,3,0.2379144,0.9998595,1.995018,0.5011782
1983-08-16 00:00:00,4,0.30555505,1.0004025,2.0096047,0.49781057
1983-08-16 00:00:00,5,0.5438502,0.99731153,2.003712,0.49773198
1983-08-16 00:00:00,6,0.20320272,1.0027944,2.0005462,0.5012603
1983-08-16 00:00:00,7,2.6095366,1.0029399,2.005901,0.49999472
1983-08-16 00:00:00,8,0.37262094,1.0029639,2.0091426,0.49919996
1983-08-16 00:00:00,9,0.2544224,0.9987294,2.0117314,0.49645266
1983-08-16 00:00:00,10,1.6885403,0.9954618,1.9993584,0.49789062
1983-08-16 00:00:00,11,0.71899176,0.998502,2.0013413,0.4989164
1983-09-15 12:00:00,0,0.2254413,1.0034837,1.9999148,0.5017632
1983-09-15 12:00:00,1,0.8654888,1.0000815,2.0014923,0.49966794
1983-09-15 12:00:00,2,0.2090133,0.99583614,2.0013351,0.4975859
1983-09-15 12:00:00,3,1.7328962,0.999131,1.9972265,0.5002593
1983-09-15 12:00:00,4,0.109290764,1.0006166,2.009681,0.4978982
1983-09-15 12:00:00,5,0.5498654,0.9968418,2.0031164,0.49764547
1983-09-15 12:00:00,6,0.07339133,1.0019319,2.0011652,0.50067425
1983-09-15 12:00:00,7,0.34847826,1.0016955,2.0058749,0.49938086
1983-09-15 12:00:00,8,1.0979005,1.0022023,2.0068274,0.49939635
1983-09-15 12:00:00,9,0.7406962,0.99896455,2.0104384,0.4968889
1983-09-15 12:00:00,10,1.3099228,0.9961176,2.0010452,0.49779865
1983-09-15 12:00:00,11,0.12522994,0.9985553,2.0012558,0.49896437
1983-10-16 00:00:00,0,0.51068074,1.0018228,2.0006776,0.5007418
1983-10-16 00:00:00,1,0.2592668,0.9992229,2.0025387,0.49897808
1983-10-16 00:00:00,2,0.216941,0.99721223,2.0014663,0.49824083
1983-10-16 00:00:00,3,1.0438412,0.9986031,1.9995489,0.4994142
1983-10-16 00:00:00,4,1.0936205,1.0011961,2.0090003,0.4983554
1983-10-16 00:00:00,5,0.0056196274,0.9967557,2.0026233,0.497725
1983-10-16 00:00:00,6,0.083047956,1.0004871,2.0021617,0.49970344
1983-10-16 00:00:00,7,0.092826076,1.0003866,2.0055728,0.49880344
1983-10-16 00:00:00,8,0.75148696,1.0014671,2.0042899,0.4996618
1983-10-16 00:00:00,9,0.30293128,0.999147,2.0090346,0.4973269
1983-10-16 00:00:00,10,0.24366881,0.9971454,2.003131,0.49779344
1983-10-16 00:00:00,11,0.14186223,0.9988089,2.0013325,0.49907196
1983-11-15 12:00:00,0,0.23566486,1.0026734,2.0005188,0.5012067
1983-11-15 12:00:00,1,0.18404873,1.0004312,2.0025704,0.49957353
1983-11-15 12:00:00,2,0.1979978,0.9950537,2.0037072,0.49660635
1983-11-15 12:00:00,3,0.3786643,1.0011513,1.9933208,0.502253
1983-11-15 12:00:00,4,0.7827747,1.0017399,2.0052538,0.49955764
1983-11-15 12:00:00,5,0.031103734,0.9987759,2.0043683,0.4982996
1983-11-15 12:00:00,6,0.6956022,1.0013232,2.0002143,0.50060797
1983-11-15 12:00:00,7,0.16443485,1.0029463,2.0043879,0.50037533
1983-11-15 12:00:00,8,0.26426834,1.0039527,2.009512,0.4996003
1983-11-15 12:00:00,9,0.2708484,0.99760485,2.0112422,0.4960143
1983-11-15 12:00:00,10,2.0621843,0.99585366,2.000165,0.49788576
1983-11-15 12:00:00,11,0.15568185,0.9996148,2.0020335,0.49929973
1983-12-16 00:00:00,0,0.043035675,1.0026525,2.0005143,0.5011974
1983-12-16 00:00:00,1,0.036449693,1.0004163,2.0025694,0.49956635
1983-12-16 00:00:00,2,0.09921644,0.99507374,2.0036926,0.49661994
1983-12-16 00:00:00,3,0.31221902,1.001136,1.9933655,0.502234
1983-12-16 00:00:00,4,0.80451906,1.0017451,2.0052485,0.49956158
1983-12-16 00:00:00,5,3.9397106,0.99876446,2.004355,0.49829718
1983-12-16 00:00:00,6,0.49522,1.0013046,2.0002217,0.5005968
1983-12-16 00:00:00,7,0.9661409,1.0029169,2.0043848,0.5003615
1983-12-16 00:00:00,8,0.062667675,1.0039378,2.0094607,0.49960563
1983-12-16 00:00:00,9,0.24092802,0.9976066,2.0112102,0.49602303
1983-12-16 00:00:00,10,1.762987,0.99586505,2.0002036,0.49788183
1983-12-16 00:00:00,11,1.5973644,0.9996176,2.0020316,0.4993016
1984-01-16 00:00:00,0,0.6341608,0.9973638,2.004817,0.4974837
1984-01-16 00:00:00,1,0.78531265,0.99775875,2.0079498,0.49690422
1984-01-16 00:00:00,2,1.2448213,1.0001719,2.0046787,0.4989188
1984-01-16 00:00:00,3,0.09131676,0.9987789,2.0018187,0.49893573
1984-01-16 00:00:00,4,0.9833434,1.0027723,2.0066178,0.4997326
1984-01-16 00:00:00,5,0.033154912,0.9982707,2.0023932,0.4985388
1984-01-16 00:00:00,6,0.052675404,0.99647117,2.0052793,0.49692386
1984-01-16 00:00:00,7,0.043821096,0.9995681,2.0044353,0.49867815
1984-01-16 00:00:00,8,0.05114559,1.0004848,2.0014882,0.49987045
1984-01-16 00:00:00,9,0.045292426,0.99980706,2.008152,0.4978742
1984-01-16 00:00:00,10,1.206632,0.9995866,2.0055583,0.49840814
1984-01-16 00:00:00,11,1.8014517,0.99920624,2.0012856,0.49928218
1984-02-15 00:00:00,0,0.44861653,1.0035868,1.9996076,0.50189185
1984-02-15 00:00:00,1,0.23482896,1.0001973,2.0012383,0.49978918
1984-02-15 00:00:00,2,0.7659574,0.9955264,2.0014324,0.49740693
1984-02-15 00:00:00,3,0.2311043,0.9994162,1.9964238,0.5006032
1984-02-15 00:00:00,4,0.2637672,1.0006936,2.009003,0.49810457
1984-02-15 00:00:00,5,0.48253193,0.9970079,2.0032775,0.49768835
1984-02-15 00:00:00,6,0.28039026,1.0020257,2.0007114,0.5008347
1984-02-15 00:00:00,7,0.6469418,1.0018715,2.0056477,0.49952516
1984-02-15 00:00:00,8,0.29224795,1.0025328,2.00733,0.499436
1984-02-15 00:00:00,9,0.26777107,0.99866295,2.0105104,0.4967211
1984-02-15 00:00:00,10,0.9761057,0.9958652,2.0008042,0.4977325
1984-02-15 00:00:00,11,0.61011547,0.9987062,2.0013156,0.49902487
1984-03-16 00:00:00,0,1.320208,1.0034299,1.9996369,0.5018061
1984-03-16 00:00:00,1,1.2523316,1.0000075,2.0012443,0.49969286
1984-03-16 00:00:00,2,0.06253961,0.9958576,2.0011137,0.4976517
1984-03-16 00:00:00,3,0.40843582,0.99904734,1.9973499,0.50018644
1984-03-16 00:00:00,4,0.34030864,1.0006335,2.0094998,0.4979515
1984-03-16 00:00:00,5,0.5799271,0.99672127,2.0030215,0.49760887
1984-03-16 00:00:00,6,0.23442759,1.0018779,2.0009983,0.500689
1984-03-16 00:00:00,7,0.111530654,1.0014755,2.0058036,0.4992889
1984-03-16 00:00:00,8,1.0195591,1.0021715,2.0065339,0.49945408
1984-03-16 00:00:00,9,0.25489575,0.99887604,2.0101588,0.496914
1984-03-16 00:00:00,10,0.18482476,0.9960692,2.0012746,0.4977174
1984-03-16 00:00:00,11,0.6832588,0.9986048,2.001224,0.498997
1984-04-15 12:00:00,0,0.59323424,1.0024886,2.0003145,0.5011655
1984-04-15 12:00:00,1,0.6077164,0.9995991,2.0020792,0.49928048
1984-04-15 12:00:00,2,0.15945071,0.9965733,2.0014875,0.49791634
1984-04-15 12:00:00,3,0.402554,0.99892783,1.9983534,0.4998755
1984-04-15 12:00:00,4,0.21095687,1.0010146,2.008999,0.49826533
1984-04-15 12:00:00,5,0.32350165,0.9968748,2.0028882,0.49771866
1984-04-15 12:00:00,6,0.8828062,1.001074,2.0016353,0.50012803
1984-04-15 12:00:00,7,1.5762686,1.0009704,2.0056045,0.49908662
1984-04-15 12:00:00,8,0.4571581,1.0018815,2.0054724,0.4995738
1984-04-15 12:00:00,9,0.48689476,0.99896634,2.0096195,0.49709228
1984-04-15 12:00:00,10,0.044768374,0.9966772,2.0022337,0.49778265
1984-04-15 12:00:00,11,0.083823025,0.9987754,2.0013452,0.49905205
1984-05-16 00:00:00,0,0.90386677,0.9966159,2.005264,0.49699983
1984-05-16 00:00:00,1,0.1504075,0.9975674,2.0088384,0.49658918
1984-05-16 00:00:00,2,0.059392013,1.0005871,2.0049777,0.49905148
1984-05-16 00:00:00,3,0.117310874,0.99864364,2.0017152,0.49889398
1984-05-16 00:00:00,4,0.5152345,1.0027051,2.006596,0.4997045
1984-05-16 00:00:00,5,0.0650343,0.9983212,2.0020764,0.4986429
1984-05-16 00:00:00,6,0.30470827,0.9956941,2.0056043,0.4964559
1984-05-16 00:00:00,7,0.1422516,0.9995553,2.0042298,0.4987229
1984-05-16 00:00:00,8,0.44442403,1.0001651,2.0010505,0.49982002
1984-05-16 00:00:00,9,0.23348899,1.0000697,2.0080917,0.49801996
1984-05-16 00:00:00,10,0.009212847,0.99972355,2.005317,0.49853644
1984-05-16 00:00:00,11,1.4281497,0.9989697,2.000693,0.4993118
1984-06-15 12:00:00,0,0.55592984,0.99975055,2.002745,0.49919015
1984-06-15 12:00:00,1,0.02960781,0.99847484,2.0050533,0.4979792
1984-06-15 12:00:00,2,0.1519616,0.9987332,2.0028942,0.49864504
1984-06-15 12:00:00,3,0.02806289,0.9985828,2.0011878,0.49899504
1984-06-15 12:00:00,4,0.22041324,1.0019923,2.0080924,0.4989772
1984-06-15 12:00:00,5,0.8756864,0.9974084,2.0025246,0.4980755
1984-06-15 12:00:00,6,0.13638708,0.9986735,2.003847,0.49837816
1984-06-15 12:00:00,7,1.3434683,0.99983114,2.0051684,0.498627
1984-06-15 12:00:00,8,0.07297879,1.0009145,2.0026968,0.49978334
1984-06-15 12:00:00,9,0.15873733,0.9995197,2.008497,0.49764562
1984-06-15 12:00:00,10,0.20549947,0.9984869,2.0046167,0.49809366
1984-06-15 12:00:00,11,0.3270461,0.99904567,2.0015042,0.49914744
1984-07-16 00:00:00,0,1.386911,1.0001171,2.0029309,0.4993268
1984-07-16 00:00:00,1,1.4502282,0.998656,2.0051432,0.49804723
1984-07-16 00:00:00,2,0.88150626,0.9985878,2.0029414,0.49856067
1984-07-16 00:00:00,3,0.24202344,0.9985691,2.0010424,0.49902445
1984-07-16 00:00:00,4,0.97580713,1.0017678,2.008845,0.49867845
1984-07-16 00:00:00,5,0.43293166,0.9973874,2.0025876,0.49804935
1984-07-16 00:00:00,6,0.24498132,0.99898154,2.0040092,0.49849147
1984-07-16 00:00:00,7,0.27638975,1.0001886,2.0054348,0.49873903
1984-07-16 00:00:00,8,0.6122953,1.000881,2.0031831,0.49964526
1984-07-16 00:00:00,9,0.97984934,0.9997483,2.0089817,0.49763933
1984-07-16 00:00:00,10,0.050251637,0.99841297,2.0040836,0.49818927
1984-07-16 00:00:00,11,0.2627049,0.99883074,2.0014193,0.4990612
1984-08-16 00:00:00,0,0.3145165,0.99754024,2.0052612,0.4974615
1984-08-16 00:00:00,1,0.29710048,0.99793756,2.0085106,0.4968545
1984-08-16 00:00:00,2,0.46779326,1.0001878,2.0047157,0.49891752
1984-08-16 00:00:00,3,0.008646511,0.9985387,2.0015936,0.49887183
1984-08-16 00:00:00,4,0.13679849,1.0022433,2.008054,0.4991117
1984-08-16 00:00:00,5,0.90224487,0.99812335,2.0021787,0.49851862
1984-08-16 00:00:00,6,0.15211049,0.99652636,2.005712,0.49684417
1984-08-16 00:00:00,7,0.91908485,1.0000641,2.004798,0.49883538
1984-08-16 00:00:00,8,0.46938664,1.000141,2.0018568,0.49960667
1984-08-16 00:00:00,9,0.2794261,1.0004033,2.008811,0.49800768
1984-08-16 00:00:00,10,0.70674205,0.99951947,2.0044465,0.49865112
1984-08-16 00:00:00,11,0.2714986,0.9986348,2.0006413,0.49915734
1984-09-15 12:00:00,0,0.13431,0.99631214,2.0052903,0.49684185
1984-09-15 12:00:00,1,0.81903446,0.99750113,2.0091653,0.4964754
1984-09-15 12:00:00,2,0.08373851,1.000789,2.0047493,0.49920908
1984-09-15 12:00:00,3,0.23629588,0.9982946,2.0016375,0.49873897
1984-09-15 12:00:00,4,0.3927393,1.0023472,2.0072174,0.49937153
1984-09-15 12:00:00,5,0.13379548,0.9980567,2.0016186,0.4986248
1984-09-15 12:00:00,6,0.366885,0.99531066,2.0057106,0.4962384
1984-09-15 12:00:00,7,1.8449126,0.9995314,2.0042603,0.4987034
1984-09-15 12:00:00,8,0.5989757,0.99977297,2.0006342,0.49972802
1984-09-15 12:00:00,9,0.072398946,1.0004103,2.0080519,0.49819943
1984-09-15 12:00:00,10,0.40482453,0.99965703,2.004776,0.49863777
1984-09-15 12:00:00,11,0.046805058,0.99856925,1.999961,0.49929437
1984-10-16 00:00:00,0,0.2651546,1.0034947,1.9998618,0.50178206
1984-10-16 00:00:00,1,0.66382784,1.0002455,2.0015218,0.49974248
1984-10-16 00:00:00,2,0.108661555,0.9954912,2.0017815,0.49730265
1984-10-16 00:00:00,3,0.049394783,0.99962646,1.9960873,0.500793
1984-10-16 00:00:00,4,0.23604742,1.0008006,2.0087097,0.4982306
1984-10-16 00:00:00,5,0.121833645,0.99724895,2.00343,0.49777082
1984-10-16 00:00:00,6,0.18068007,1.0019598,2.000768,0.5007876
1984-10-16 00:00:00,7,0.043335766,1.0020736,2.005554,0.49964932
1984-10-16 00:00:00,8,0.20318131,1.00268,2.0076613,0.49942684
1984-10-16 00:00:00,9,0.3177425,0.9986061,2.010708,0.496644
1984-10-16 00:00:00,10,0.024571303,0.9959092,2.0006547,0.49779165
1984-10-16 00:00:00,11,0.8593978,0.9987768,2.0014083,0.499037
1984-11-15 12:00:00,0,0.20484927,1.0024376,2.0006366,0.5010593
1984-11-15 12:00:00,1,0.4777549,1.0003761,2.0027566,0.4994996
1984-11-15 12:00:00,2,0.78237325,0.99511814,2.003922,0.49658528
1984-11-15 12:00:00,3,0.1327365,1.0012778,1.9932045,0.50234574
1984-11-15 12:00:00,4,0.58237785,1.0018988,2.0047827,0.4997543
1984-11-15 12:00:00,5,0.8266945,0.99893636,2.004429,0.49836454
1984-11-15 12:00:00,6,0.91269827,1.001128,2.0002198,0.50050896
1984-11-15 12:00:00,7,0.12907423,1.0029204,2.004223,0.5004036
1984-11-15 12:00:00,8,1.631124,1.0040379,2.0094922,0.49964756
1984-11-15 12:00:00,9,1.524099,0.99749607,2.0111644,0.49597937
1984-11-15 12:00:00,10,0.07705777,0.9959305,2.0003002,0.49789053
1984-11-15 12:00:00,11,0.1901627,0.9997383,2.002113,0.49934155
1984-12-16 00:00:00,0,0.14144716,1.0037085,1.9996848,0.50193334
1984-12-16 00:00:00,1,0.55819356,1.000366,2.0013287,0.4998509
1984-12-16 00:00:00,2,1.0609918,0.99526477,2.0017715,0.497192
1984-12-16 00:00:00,3,0.6374465,0.9997423,1.9956486,0.5009611
1984-12-16 00:00:00,4,0.057858773,1.0007479,2.0086358,0.4982227
1984-12-16 00:00:00,5,1.6165172,0.9972844,2.0035143,0.49776757
1984-12-16 00:00:00,6,1.0512081,1.002144,2.000541,0.5009365
1984-12-16 00:00:00,7,0.086371124,1.0022513,2.005536,0.49974233
1984-12-16 00:00:00,8,0.7427154,1.0028331,2.0080478,0.499407
1984-12-16 00:00:00,9,0.060497764,0.9985159,2.010871,0.49655893
1984-12-16 00:00:00,10,0.091718785,0.99572754,2.0003715,0.49777132
1984-12-16 00:00:00,11,0.07073543,0.9987797,2.0014045,0.4990394
1985-01-16 00:00:00,0,0.37330097,1.0013793,2.001052,0.5004264
1985-01-16 00:00:00,1,0.85597116,0.9990927,2.0030153,0.49879435
1985-01-16 00:00:00,2,1.5495254,0.997446,2.0018437,0.4982637
1985-01-16 00:00:00,3,0.97877914,0.99872166,1.9996392,0.49945095
1985-01-16 00:00:00,4,0.27042514,1.0014343,2.008489,0.49860087
1985-01-16 00:00:00,5,0.18726577,0.99698704,2.0026786,0.49782678
1985-01-16 00:00:00,6,0.59830403,1.0001125,2.0023816,0.49946153
1985-01-16 00:00:00,7,0.16904081,1.0003144,2.0053878,0.49881342
1985-01-16 00:00:00,8,1.3765852,1.0014836,2.0041091,0.4997151
1985-01-16 00:00:00,9,0.76975524,0.9990987,2.008925,0.49733004
1985-01-16 00:00:00,10,0.07647228,0.9973809,2.0034168,0.49783996
1985-01-16 00:00:00,11,0.80267507,0.9989476,2.0014398,0.49911448
1985-02-14 12:00:00,0,0.14347744,1.0036888,1.9996389,0.501935
1985-02-14 12:00:00,1,0.3055327,1.0002233,2.001228,0.49980474
1985-02-14 12:00:00,2,0.18777476,0.9955254,2.0013702,0.49742192
1985-02-14 12:00:00,3,0.04367513,0.9993485,1.9965322,0.50054216
1985-02-14 12:00:00,4,0.5816352,1.0006143,2.0093083,0.49798942
1985-02-14 12:00:00,5,0.362788,0.99694407,2.0032527,0.49766266
1985-02-14 12:00:00,6,0.018542618,1.0021116,2.000785,0.50085914
1985-02-14 12:00:00,7,0.0547774,1.0019052,2.0057552,0.4995152
1985-02-14 12:00:00,8,1.2295356,1.0024691,2.007342,0.4994012
1985-02-14 12:00:00,9,0.16382657,0.99875605,2.0105882,0.4967482
1985-02-14 12:00:00,10,0.005862006,0.9958666,2.0007281,0.49775207
1985-02-14 12:00:00,11,0.047913827,0.9986291,2.001282,0.4989947
1985-03-16 00:00:00,0,0.6341856,1.0036374,1.9999031,0.50184304
1985-03-16 00:00:00,1,0.24978913,1.0005299,2.0016317,0.49985713
1985-03-16 00:00:00,2,0.31403837,0.99499196,2.0024202,0.4968947
1985-03-16 00:00:00,3,0.46653032,1.000285,1.9945394,0.5015118
1985-03-16 00:00:00,4,2.1061928,1.0009702,2.0077133,0.49856234
1985-03-16 00:00:00,5,2.5592856,0.99779665,2.0038788,0.49793264
1985-03-16 00:00:00,6,0.6002919,1.0021064,2.0003324,0.50096995
1985-03-16 00:00:00,7,0.13657475,1.0027192,2.005234,0.50005096
1985-03-16 00:00:00,8,0.97497547,1.0033,2.008957,0.49941337
1985-03-16 00:00:00,9,0.7233079,0.9982252,2.0112653,0.49631703
1985-03-16 00:00:00,10,0.15764977,0.9956246,1.9999427,0.49782658
1985-03-16 00:00:00,11,0.07048515,0.99899083,2.0015936,0.49909773
1985-04-15 12:00:00,0,0.73222744,0.9991769,2.0032773,0.49877116
1985-04-15 12:00:00,1,0.51129913,0.9982782,2.0057366,0.4977115
1985-04-15 12:00:00,2,0.068927616,0.9991268,2.003293,0.4987422
1985-04-15 12:00:00,3,0.1508993,0.998593,2.001536,0.49891335
1985-04-15 12:00:00,4,0.8124344,1.0022027,2.0077972,0.49915534
1985-04-15 12:00:00,5,0.8640224,0.9975938,2.002491,0.49817643
1985-04-15 12:00:00,6,0.25501937,0.99816036,2.0042574,0.49802002
1985-04-15 12:00:00,7,0.46080106,0.99970233,2.0050316,0.4985968
1985-04-15 12:00:00,8,0.09235071,1.0007799,2.002299,0.49981537
1985-04-15 12:00:00,9,0.15754181,0.9996051,2.0083644,0.497721
1985-04-15 12:00:00,10,0.44042638,0.99881476,2.0049722,0.4981689
1985-04-15 12:00:00,11,0.07690176,0.9991024,2.0015175,0.49917245
1985-05-16 00:00:00,0,0.341498,0.99517834,2.0047567,0.49640855
1985-05-16 00:00:00,1,0.81775475,0.99756366,2.009892,0.496327
1985-05-16 00:00:00,2,0.38917294,1.0005863,2.0047247,0.49911404
1985-05-16 00:00:00,3,0.17091306,0.99829525,1.9984702,0.49952972
1985-05-16 00:00:00,4,0.34420815,1.0016497,2.0063524,0.49923918
1985-05-16 00:00:00,5,1.0234905,0.9980378,2.0006793,0.49884948
1985-05-16 00:00:00,6,0.074892074,0.9939752,2.0046904,0.4958248
1985-05-16 00:00:00,7,0.080796406,1.0000647,2.0033007,0.4992085
1985-05-16 00:00:00,8,1.9038811,0.9996575,2.0008628,0.49961323
1985-05-16 00:00:00,9,0.6662203,1.0004337,2.0080976,0.49819973
1985-05-16 00:00:00,10,0.61431116,0.9988216,2.002211,0.4988593
1985-05-16 00:00:00,11,0.47225222,0.99788034,1.9977986,0.49948996
1985-06-15 12:00:00,0,0.8697364,0.9957172,2.0051234,0.4965865
1985-06-15 12:00:00,1,0.7032635,0.9974098,2.009529,0.49634007
1985-06-15 12:00:00,2,0.92339104,1.0008957,2.004685,0.49927834
1985-06-15 12:00:00,3,0.1264248,0.9981634,2.0008109,0.49887943
1985-06-15 12:00:00,4,0.73712206,1.0021056,2.006951,0.4993174
1985-06-15 12:00:00,5,0.3140689,0.99796635,2.001157,0.49869466
1985-06-15 12:00:00,6,0.34609047,0.99463546,2.005447,0.495967
1985-06-15 12:00:00,7,1.1282352,0.9995476,2.0039024,0.49880055
1985-06-15 12:00:00,8,0.16654363,0.9995794,2.0003476,0.49970287
1985-06-15 12:00:00,9,0.97966987,1.0004888,2.00789,0.49827868
1985-06-15 12:00:00,10,0.56251985,0.9994298,2.00408,0.49869755
1985-06-15 12:00:00,11,0.3446007,0.9982864,1.9990916,0.49937
1985-07-16 00:00:00,0,0.15699258,0.99976146,2.0035448,0.49899632
1985-07-16 00:00:00,1,0.54122674,0.9986336,2.0058844,0.49785203
1985-07-16 00:00:00,2,0.065131634,0.9987516,2.0035436,0.49849257
1985-07-16 00:00:00,3,0.40101916,0.998774,2.0008326,0.49917918
1985-07-16 00:00:00,4,0.48316604,1.0019206,2.0085847,0.49881917
1985-07-16 00:00:00,5,0.050202377,0.99772686,2.002718,0.4981864
1985-07-16 00:00:00,6,0.35739926,0.9986619,2.0043488,0.49824756
1985-07-16 00:00:00,7,0.52754605,1.0004201,2.0053189,0.4988833
1985-07-16 00:00:00,8,0.33500332,1.0009245,2.0034091,0.4996106
1985-07-16 00:00:00,9,0.6923207,0.99981767,2.0092354,0.49761102
1985-07-16 00:00:00,10,0.3521714,0.9986137,2.0039604,0.4983201
1985-07-16 00:00:00,11,0.07199182,0.9988558,2.0014434,0.49906775
1985-08-16 00:00:00,0,1.0035653,0.989951,1.9906152,0.49730906
1985-08-16 00:00:00,1,0.42649943,0.99671155,2.00158,0.4979624
1985-08-16 00:00:00,2,0.10059401,0.9982492,1.9932597,0.5008124
1985-08-16 00:00:00,3,0.66352755,0.99452555,1.9835007,0.50139916
1985-08-16 00:00:00,4,0.3721035,0.99638504,1.9994208,0.49833685
1985-08-16 00:00:00,5,0.34436196,0.9923431,1.991089,0.49839216
1985-08-16 00:00:00,6,0.37663445,0.9880555,1.9917269,0.49607983
1985-08-16 00:00:00,7,0.26964667,0.99608976,1.9968929,0.4988198
1985-08-16 00:00:00,8,0.43912777,0.99813014,1.9928175,0.5008638
1985-08-16 00:00:00,9,1.2084595,0.9976703,1.9993349,0.4990011
1985-08-16 00:00:00,10,0.80566925,0.99208415,1.9914029,0.49818355
1985-08-16 00:00:00,11,0.2806417,0.99482363,1.9843723,0.5013291
1985-09-15 12:00:00,0,0.22282523,1.0032678,2.000048,0.50162184
1985-09-15 12:00:00,1,0.0683376,1.000006,2.0016735,0.49958497
1985-09-15 12:00:00,2,0.2801348,0.99595493,2.001468,0.49761224
1985-09-15 12:00:00,3,1.4544333,0.99916506,1.9973121,0.50025487
1985-09-15 12:00:00,4,0.5789572,1.000729,2.0094287,0.49801666
1985-09-15 12:00:00,5,1.6031228,0.99692446,2.0031228,0.49768513
1985-09-15 12:00:00,6,0.05873139,1.0017496,2.0012496,0.5005621
1985-09-15 12:00:00,7,0.35808623,1.0016185,2.0057833,0.49936527
1985-09-15 12:00:00,8,0.09118289,1.0021977,2.00668,0.49943078
1985-09-15 12:00:00,9,0.18182582,0.998933,2.0103362,0.4968985
1985-09-15 12:00:00,10,0.055644616,0.99622655,2.0012252,0.4978083
1985-09-15 12:00:00,11,0.5113305,0.9986265,2.0013027,0.4989882
1985-10-16 00:00:00,0,0.31444764,1.0023425,2.0003178,0.5010916
1985-10-16 00:00:00,1,0.4017613,0.99950874,2.002109,0.4992279
1985-10-16 00:00:00,2,0.4102534,0.9966996,2.001437,0.49799198
1985-10-16 00:00:00,3,0.4387275,0.9988526,1.9986023,0.4997756
1985-10-16 00:00:00,4,0.47293672,1.0010601,2.008933,0.49830437
1985-10-16 00:00:00,5,0.41605306,0.9968299,2.0028186,0.49771354
1985-10-16 00:00:00,6,0.10662788,1.0009449,2.0016918,0.5000494
1985-10-16 00:00:00,7,0.02141493,1.0008056,2.0055742,0.499012
1985-10-16 00:00:00,8,0.9934654,1.0018015,2.005179,0.49960703
1985-10-16 00:00:00,9,0.6706124,0.99897224,2.0094376,0.49714023
1985-10-16 00:00:00,10,0.11053854,0.99675643,2.002464,0.49776495
1985-10-16 00:00:00,11,0.3122608,0.9988006,2.0013406,0.49906576
1985-11-15 12:00:00,0,0.29187056,1.0036324,1.9998459,0.5018549
1985-11-15 12:00:00,1,0.070298366,1.0004941,2.0015678,0.49985522
1985-11-15 12:00:00,2,0.93509865,0.99504006,2.0023055,0.49694717
1985-11-15 12:00:00,3,1.9073236,1.0001967,1.9947212,0.5014218
1985-11-15 12:00:00,4,0.15587153,1.0009439,2.0078197,0.49852282
1985-11-15 12:00:00,5,0.41026926,0.99771094,2.0038145,0.49790585
1985-11-15 12:00:00,6,0.67171127,1.0020977,2.0003486,0.50096154
1985-11-15 12:00:00,7,0.840564,1.0026221,2.005267,0.49999434
1985-11-15 12:00:00,8,0.58855164,1.003227,2.008783,0.49942026
1985-11-15 12:00:00,9,0.0051778676,0.9982573,2.0111718,0.49635604
1985-11-15 12:00:00,10,0.6927832,0.99563897,2.0000393,0.49780968
1985-11-15 12:00:00,11,0.16163851,0.9989679,2.0015638,0.4990937
1985-12-16 00:00:00,0,0.024698898,1.0038055,1.9995975,0.5020038
1985-12-16 00:00:00,1,0.5441898,1.0003567,2.0012038,0.49987745
1985-12-16 00:00:00,2,0.90005827,0.99528736,2.001579,0.4972511
1985-12-16 00:00:00,3,0.44646004,0.9996035,1.9958792,0.5008337
1985-12-16 00:00:00,4,0.82164246,1.0006529,2.0089576,0.49809557
1985-12-16 00:00:00,5,0.15382323,0.99713707,2.003429,0.4977152
1985-12-16 00:00:00,6,1.328444,1.0022199,2.0005696,0.50096726
1985-12-16 00:00:00,7,0.19807859,1.0021772,2.0056446,0.49967837
1985-12-16 00:00:00,8,0.5572975,1.0027231,2.0078964,0.49938986
1985-12-16 00:00:00,9,0.69714177,0.9986022,2.0108266,0.4966128
1985-12-16 00:00:00,10,0.011390555,0.99571455,2.0003996,0.49775782
1985-12-16 00:00:00,11,0.1631209,0.9987001,2.001342,0.49901518
1986-01-16 00:00:00,0,0.8290732,1.0028446,2.0002093,0.50136983
1986-01-16 00:00:00,1,0.47670934,1.0003022,2.0021605,0.49961138
1986-01-16 00:00:00,2,0.040601164,0.99526024,2.0029902,0.4968872
1986-01-16 00:00:00,3,0.2151864,1.0006008,1.994362,0.50171477
1986-01-16 00:00:00,4,0.582562,1.0014696,2.0062518,0.49917445
1986-01-16 00:00:00,5,0.20234,0.99822557,2.0040028,0.49811587
1986-01-16 00:00:00,6,0.5889175,1.001444,2.0003555,0.500633
1986-01-16 00:00:00,7,1.1135443,1.0025097,2.0047174,0.50007534
1986-01-16 00:00:00,8,0.03097617,1.0034995,2.0086768,0.49958238
1986-01-16 00:00:00,9,0.16680527,0.9978927,2.0108829,0.49624604
1986-01-16 00:00:00,10,0.017140968,0.99589133,2.0005143,0.49781767
1986-01-16 00:00:00,11,0.04290182,0.99937916,2.0018215,0.49923488
1986-02-14 12:00:00,0,0.043844037,1.0016273,2.0012739,0.5004949
1986-02-14 12:00:00,1,0.5629783,1.0003576,2.0036798,0.49926025
1986-02-14 12:00:00,2,0.21016087,0.9950862,2.005229,0.49624565
1986-02-14 12:00:00,3,0.5780774,1.0021741,1.9918447,0.5031387
1986-02-14 12:00:00,4,0.3959658,1.0026004,2.0025113,0.50067157
1986-02-14 12:00:00,5,1.1948701,0.9999264,2.004963,0.49872562
1986-02-14 12:00:00,6,0.024373123,1.0004781,2.0000987,0.5002144
1986-02-14 12:00:00,7,0.09781286,1.0032928,2.003448,0.500783
1986-02-14 12:00:00,8,0.39060372,1.0047228,2.0102808,0.49979228
1986-02-14 12:00:00,9,0.32948008,0.9969157,2.0113204,0.49565238
1986-02-14 12:00:00,10,0.093996756,0.996103,2.0003111,0.49797404
1986-02-14 12:00:00,11,0.0070627546,1.000308,2.0025423,0.49951908
1986-03-16 00:00:00,0,0.37709582,1.0027944,2.0004048,0.50129575
1986-03-16 00:00:00,1,0.11046801,1.0004108,2.002405,0.49960464
1986-03-16 00:00:00,2,0.49500957,0.9950979,2.0034382,0.49669507
1986-03-16 00:00:00,3,0.55246556,1.0009515,1.9936662,0.5020658
1986-03-16 00:00:00,4,0.07125728,1.001612,2.0056999,0.49938276
1986-03-16 00:00:00,5,0.790589,0.99856853,2.004244,0.498227
1986-03-16 00:00:00,6,1.3613281,1.0014175,2.0002644,0.5006426
1986-03-16 00:00:00,7,0.9099719,1.0028305,2.0045383,0.50028
1986-03-16 00:00:00,8,0.54831344,1.0037917,2.0092764,0.4995787
1986-03-16 00:00:00,9,0.011859686,0.99772763,2.0111675,0.49609375
1986-03-16 00:00:00,10,0.5305239,0.9958462,2.000223,0.4978676
1986-03-16 00:00:00,11,0.13908227,0.99950576,2.001948,0.49926656
1986-04-15 12:00:00,0,1.7775005,1.0028839,2.0000882,0.50141984
1986-04-15 12:00:00,1,0.1885703,0.9997056,2.0017462,0.49941677
1986-04-15 12:00:00,2,0.072266646,0.9964258,2.0011573,0.49792477
1986-04-15 12:00:00,3,1.0679116,0.99876565,1.9984291,0.49977538
1986-04-15 12:00:00,4,0.50636137,1.0007704,2.0096662,0.49797845
1986-04-15 12:00:00,5,0.21266143,0.9966425,2.0028143,0.497621
1986-04-15 12:00:00,6,1.9388206,1.0014044,2.0015664,0.50031036
1986-04-15 12:00:00,7,2.0767365,1.0010388,2.0058405,0.499062
1986-04-15 12:00:00,8,0.23453666,1.0017926,2.0055776,0.49950325
1986-04-15 12:00:00,9,0.24754535,0.9990998,2.009758,0.49712443
1986-04-15 12:00:00,10,0.61154133,0.996522,2.0019794,0.49776837
1986-04-15 12:00:00,11,0.6251477,0.99859864,2.00123,0.49899244
1986-05-16 00:00:00,0,1.1124085,0.99801934,2.003872,0.49804547
1986-05-16 00:00:00,1,0.25419155,0.9978234,2.0066783,0.4972513
1986-05-16 00:00:00,2,0.583578,0.999857,2.0037718,0.49898747
1986-05-16 00:00:00,3,0.021100478,0.99854577,2.0022132,0.49872097
1986-05-16 00:00:00,4,0.08699098,1.0026302,2.006886,0.49959502
1986-05-16 00:00:00,5,0.23286499,0.9978117,2.00232,0.49832776
1986-05-16 00:00:00,6,0.10018344,0.997116,2.0047445,0.4973781
1986-05-16 00:00:00,7,0.25718248,0.99919736,2.0046325,0.49844417
1986-05-16 00:00:00,8,0.9201822,1.0005306,2.0012336,0.49995694
1986-05-16 00:00:00,9,0.41061983,0.9996059,2.007751,0.49787346
1986-05-16 00:00:00,10,0.007568009,0.9993311,2.0058923,0.4981978
1986-05-16 00:00:00,11,0.05492547,0.9992938,2.0014875,0.49927557
1986-06-15 12:00:00,0,0.34731367,0.9933543,2.0007896,0.49648115
1986-06-15 12:00:00,1,0.31330025,0.99733305,2.0080364,0.4966708
1986-06-15 12:00:00,2,0.44971165,0.99998087,2.0015686,0.49959862
1986-06-15 12:00:00,3,0.3099379,0.99712574,1.9935228,0.50018275
1986-06-15 12:00:00,4,0.6252149,0.99985605,2.004565,0.49878955
1986-06-15 12:00:00,5,0.4787313,0.9963747,1.9976707,0.49876827
1986-06-15 12:00:00,6,0.0800198,0.9918413,2.0009885,0.49567568
1986-06-15 12:00:00,7,0.27739015,0.9991596,2.0013437,0.49924436
1986-06-15 12:00:00,8,0.36149907,0.9990308,1.998653,0.49985206
1986-06-15 12:00:00,9,0.57407486,0.99987936,2.005771,0.49850127
1986-06-15 12:00:00,10,0.81784016,0.99669784,1.9983511,0.49876013
1986-06-15 12:00:00,11,0.1782042,0.9966737,1.9932123,0.50003386
1986-07-16 00:00:00,0,0.9132402,0.9972437,2.00537,0.49728665
1986-07-16 00:00:00,1,1.7233983,0.9979349,2.008836,0.49677268
1986-07-16 00:00:00,2,0.032450013,1.0002024,2.0049574,0.49886465
1986-07-16 00:00:00,3,0.38894567,0.99865454,2.0010605,0.49906266
1986-07-16 00:00:00,4,0.6633363,1.0022608,2.007674,0.49921492
1986-07-16 00:00:00,5,0.4576033,0.9982781,2.0021362,0.49860647
1986-07-16 00:00:00,6,0.29009503,0.9962234,2.0056412,0.49671066
1986-07-16 00:00:00,7,0.17724332,1.000195,2.0045912,0.49895212
1986-07-16 00:00:00,8,0.11247005,1.0001966,2.001983,0.49960294
1986-07-16 00:00:00,9,0.43820873,1.0003638,2.0088704,0.49797332
1986-07-16 00:00:00,10,0.23765779,0.9994712,2.0041425,0.49870265
1986-07-16 00:00:00,11,0.022531133,0.99861306,2.000426,0.4992002
1986-08-16 00:00:00,0,0.004790871,0.99390346,2.0014415,0.4965938
1986-08-16 00:00:00,1,1.0226051,0.9975065,2.00833,0.49668452
1986-08-16 00:00:00,2,0.72173744,0.9999162,2.0020742,0.4994401
1986-08-16 00:00:00,3,0.27094,0.997334,1.9940253,0.5001612
1986-08-16 00:00:00,4,0.45696247,0.99996316,2.005249,0.4986728
1986-08-16 00:00:00,5,0.060582586,0.9966227,1.9981906,0.49876255
1986-08-16 00:00:00,6,0.4218165,0.9923898,2.00159,0.49580073
1986-08-16 00:00:00,7,0.39681742,0.99956834,2.0017695,0.49934238
1986-08-16 00:00:00,8,0.58287466,0.9991421,1.9994041,0.49971995
1986-08-16 00:00:00,9,1.3840874,1.0000837,2.006448,0.49843487
1986-08-16 00:00:00,10,0.7163422,0.9969148,1.9985024,0.49883094
1986-08-16 00:00:00,11,0.2112596,0.9967236,1.993811,0.49990878
1986-09-15 12:00:00,0,0.016059173,1.0035259,1.9995226,0.50188273
1986-09-15 12:00:00,1,0.023893617,0.99993795,2.0010667,0.49970245
1986-09-15 12:00:00,2,0.4519087,0.9959907,2.0007374,0.4978118
1986-09-15 12:00:00,3,2.0319226,0.99873275,1.997968,0.49987426
1986-09-15 12:00:00,4,0.46726164,1.0004752,2.0101273,0.49771732
1986-09-15 12:00:00,5,0.22042696,0.99641967,2.0028195,0.49750847
1986-09-15 12:00:00,6,0.20296776,1.0019463,2.0011299,0.5006903
1986-09-15 12:00:00,7,1.0966812,1.0012503,2.0060127,0.4991246
1986-09-15 12:00:00,8,0.7657734,1.0019009,2.0060744,0.49943358
1986-09-15 12:00:00,9,0.45803595,0.99906904,2.0099916,0.49705133
1986-09-15 12:00:00,10,0.80205375,0.9961134,2.0014546,0.49769473
1986-09-15 12:00:00,11,0.48834574,0.9984565,2.0011055,0.49895242
1986-10-16 00:00:00,0,0.38585657,0.9971699,2.0052538,0.49727866
1986-10-16 00:00:00,1,0.039983146,0.9978144,2.0085862,0.49677452
1986-10-16 00:00:00,2,0.20117806,1.0002439,2.0050392,0.498865
1986-10-16 00:00:00,3,0.72422105,0.99882364,2.0014102,0.49905992
1986-10-16 00:00:00,4,0.47212687,1.0026426,2.0068843,0.4996016
1986-10-16 00:00:00,5,0.4112097,0.99841297,2.0023506,0.49862045
1986-10-16 00:00:00,6,0.70633894,0.99623364,2.005529,0.4967436
1986-10-16 00:00:00,7,0.53289574,0.9999074,2.0044327,0.49884808
1986-10-16 00:00:00,8,0.27074566,1.0003989,2.0017838,0.49975368
1986-10-16 00:00:00,9,0.8061707,1.0000368,2.008534,0.49789393
1986-10-16 00:00:00,10,0.3096357,0.999599,2.0049722,0.49856
1986-10-16 00:00:00,11,1.9861791,0.9989883,2.000955,0.49925572
1986-11-15 12:00:00,0,0.17253476,0.994709,2.0038905,0.4963889
1986-11-15 12:00:00,1,0.15059078,0.997137,2.0092788,0.49626613
1986-11-15 12:00:00,2,0.35153493,1.0010164,2.0036197,0.499604
1986-11-15 12:00:00,3,0.31334844,0.9975406,1.9993742,0.49892643
1986-11-15 12:00:00,4,0.26052126,1.001429,2.006582,0.49907202
1986-11-15 12:00:00,5,0.4328292,0.99726224,1.9998131,0.49867773
1986-11-15 12:00:00,6,1.7477592,0.99343354,2.0043175,0.49564677
1986-11-15 12:00:00,7,0.9344576,0.9991218,2.0031686,0.49877068
1986-11-15 12:00:00,8,0.47873515,0.99903816,1.9990642,0.4997529
1986-11-15 12:00:00,9,0.45906112,1.0005044,2.0070279,0.4985005
1986-11-15 12:00:00,10,1.5515007,0.99870837,2.0028653,0.4986398
1986-11-15 12:00:00,11,1.0998954,0.99762386,1.9971493,0.4995239
1986-12-16 00:00:00,0,0.3923354,1.00264,2.00009,0.5012975
1986-12-16 00:00:00,1,2.2731445,0.9995979,2.0018108,0.49934685
1986-12-16 00:00:00,2,0.5687881,0.9965485,2.0011952,0.49797666
1986-12-16 00:00:00,3,0.7321791,0.99877125,1.9985498,0.499748
1986-12-16 00:00:00,4,0.2539903,1.000897,2.0093017,0.4981318
1986-12-16 00:00:00,5,0.11926623,0.9966781,2.0027826,0.4976467
1986-12-16 00:00:00,6,0.3330561,1.0011958,2.0015633,0.5002069
1986-12-16 00:00:00,7,0.3275882,1.0008636,2.005707,0.49900785
1986-12-16 00:00:00,8,0.4275635,1.0017848,2.0053062,0.499567
1986-12-16 00:00:00,9,0.8192105,0.9990168,2.0095265,0.4971404
1986-12-16 00:00:00,10,0.08289404,0.9966059,2.0022626,0.49773985
1986-12-16 00:00:00,11,0.4090812,0.99870014,2.0012674,0.49903384
1987-01-16 00:00:00,0,1.0047028,1.0036732,1.9997844,0.5018907
1987-01-16 00:00:00,1,1.2791331,1.0004553,2.001476,0.4998587
1987-01-16 00:00:00,2,0.49105564,0.9951102,2.0021143,0.49702966
1987-01-16 00:00:00,3,0.074825,1.0000379,1.9950359,0.50126314
1987-01-16 00:00:00,4,0.71395934,1.0008684,2.0081203,0.4984106
1987-01-16 00:00:00,5,0.34809336,0.9975591,2.003711,0.49785575
1987-01-16 00:00:00,6,0.94408876,1.0021259,2.0004117,0.5009598
1987-01-16 00:00:00,7,0.6448375,1.0025008,2.0053666,0.49990898
1987-01-16 00:00:00,8,0.811791,1.0030909,2.0085406,0.49941278
1987-01-16 00:00:00,9,0.392695,0.9983499,2.011077,0.4964255
1987-01-16 00:00:00,10,0.41372353,0.9956632,2.0001404,0.49779665
1987-01-16 00:00:00,11,0.35401964,0.9988976,2.0015056,0.4990731
1987-02-14 12:00:00,0,0.285132,1.0034086,1.9999305,0.50172174
1987-02-14 12:00:00,1,0.26085165,1.0004041,2.001702,0.49977672
1987-02-14 12:00:00,2,0.56143636,0.99516636,2.0023904,0.4969892
1987-02-14 12:00:00,3,0.33944732,1.0002085,1.9948449,0.5013966
1987-02-14 12:00:00,4,0.27983865,1.0010563,2.0075502,0.49864572
1987-02-14 12:00:00,5,0.035825964,0.99776626,2.0037994,0.49793717
1987-02-14 12:00:00,6,0.43629465,1.0019081,2.0004086,0.5008517
1987-02-14 12:00:00,7,0.12827149,1.0025007,2.0051684,0.49995834
1987-02-14 12:00:00,8,0.39841148,1.003211,2.0085719,0.49946484
1987-02-14 12:00:00,9,0.36872384,0.99821466,2.011016,0.49637333
1987-02-14 12:00:00,10,0.72399604,0.9957432,2.0002637,0.49780598
1987-02-14 12:00:00,11,0.446513,0.9990452,2.0016043,0.49912223
1987-03-16 00:00:00,0,0.33018348,1.0031552,2.0000439,0.5015666
1987-03-16 00:00:00,1,0.35390505,1.0003397,2.0018885,0.49969804
1987-03-16 00:00:00,2,0.48007384,0.99524134,2.0026019,0.49697414
1987-03-16 00:00:00,3,0.030267606,1.0003312,1.9947449,0.50148326
1987-03-16 00:00:00,4,0.9053762,1.001223,2.007057,0.4988513
1987-03-16 00:00:00,5,0.10036284,0.99792486,2.0038548,0.4980026
1987-03-16 00:00:00,6,0.0892638,1.0016974,2.0004134,0.5007452
1987-03-16 00:00:00,7,1.2101392,1.0024571,2.004995,0.49997985
1987-03-16 00:00:00,8,0.26218855,1.0032923,2.0085242,0.49951717
1987-03-16 00:00:00,9,0.41917217,0.9981009,2.0109165,0.4963413
1987-03-16 00:00:00,10,1.2455144,0.9958259,2.0004237,0.4978075
1987-03-16 00:00:00,11,0.27076963,0.999175,2.0016847,0.49916705
1987-04-15 12:00:00,0,0.30078238,1.0013698,2.0014896,0.50031227
1987-04-15 12:00:00,1,1.2020857,0.9991651,2.0034375,0.49872538
1987-04-15 12:00:00,2,0.335476,0.9974669,2.0021973,0.49818614
1987-04-15 12:00:00,3,0.59790534,0.9988401,1.9995066,0.49954328
1987-04-15 12:00:00,4,0.469728,1.0014424,2.0086718,0.49855953
1987-04-15 12:00:00,5,0.33759725,0.9971767,2.002803,0.49789053
1987-04-15 12:00:00,6,0.36434785,1.0001118,2.0026526,0.49939355
1987-04-15 12:00:00,7,0.012149975,1.0005914,2.0054574,0.49893427
1987-04-15 12:00:00,8,0.7710483,1.0015115,2.0044527,0.49964336
1987-04-15 12:00:00,9,0.47057438,0.99922276,2.009277,0.49730462
1987-04-15 12:00:00,10,0.066371985,0.99748623,2.0031564,0.49795723
1987-04-15 12:00:00,11,0.60724646,0.9988933,2.0014825,0.49907672
1987-05-16 00:00:00,0,0.35270607,1.0041149,1.9999156,0.5020786
1987-05-16 00:00:00,1,0.27246615,1.0005529,2.0014205,0.49992138
1987-05-16 00:00:00,2,0.26222792,0.995134,2.0017993,0.49711975
1987-05-16 00:00:00,3,0.8466886,0.9997006,1.9956042,0.50095135
1987-05-16 00:00:00,4,0.12536651,1.0005091,2.0095203,0.49788457
1987-05-16 00:00:00,5,0.06206797,0.9972452,2.0035746,0.497733
1987-05-16 00:00:00,6,1.0047249,1.0024962,2.0007594,0.50105786
1987-05-16 00:00:00,7,0.32658008,1.0026104,2.005858,0.4998412
1987-05-16 00:00:00,8,0.03099216,1.0027736,2.0085168,0.49926078
1987-05-16 00:00:00,9,0.9849502,0.99878156,2.0113835,0.49656445
1987-05-16 00:00:00,10,0.82232213,0.9956859,1.9998473,0.49788097
1987-05-16 00:00:00,11,0.032627005,0.9985458,2.0013478,0.49893668
1987-06-15 12:00:00,0,0.59657615,1.0010567,2.0022573,0.49996403
1987-06-15 12:00:00,1,0.3246806,0.9991097,2.0042658,0.49849162
1987-06-15 12:00:00,2,0.92712694,0.9977611,2.0027196,0.49820307
1987-06-15 12:00:00,3,2.4459474,0.9988842,1.9997482,0.49950498
1987-06-15 12:00:00,4,0.3453786,1.0015218,2.0089025,0.49854177
1987-06-15 12:00:00,5,0.32026055,0.9974056,2.0028672,0.49798888
1987-06-15 12:00:00,6,0.024383292,0.99982995,2.0032446,0.49910527
1987-06-15 12:00:00,7,1.7013108,1.0007647,2.005518,0.49900562
1987-06-15 12:00:00,8,0.2442977,1.0013777,2.004478,0.4995703
1987-06-15 12:00:00,9,0.84454167,0.99947804,2.0095499,0.49736413
1987-06-15 12:00:00,10,0.3405669,0.9978037,2.0031242,0.4981237
1987-06-15 12:00:00,11,0.4128623,0.9988163,2.001491,0.4990361
1987-07-16 00:00:00,0,0.18530414,0.99551535,2.0052671,0.49645025
1987-07-16 00:00:00,1,0.2929226,0.9976233,2.0099857,0.49633354
1987-07-16 00:00:00,2,0.11758069,1.0006084,2.0050979,0.49903223
1987-07-16 00:00:00,3,0.22497046,0.9984982,1.9991964,0.4994498
1987-07-16 00:00:00,4,0.7433039,1.0019457,2.0065062,0.49934843
1987-07-16 00:00:00,5,1.0424346,0.9982883,2.0011616,0.4988544
1987-07-16 00:00:00,6,1.2526171,0.99440926,2.0051665,0.49592352
1987-07-16 00:00:00,7,0.044886235,1.0001484,2.0035837,0.49917975
1987-07-16 00:00:00,8,1.8170427,0.99982685,2.001195,0.49961492
1987-07-16 00:00:00,9,0.48932436,1.0004281,2.0083582,0.4981323
1987-07-16 00:00:00,10,0.043445893,0.9991678,2.0028095,0.4988831
1987-07-16 00:00:00,11,0.10320216,0.9981473,1.9985971,0.49942395
1987-08-16 00:00:00,0,0.25148836,0.99072134,1.9929476,0.4971136
1987-08-16 00:00:00,1,0.15996215,0.99685067,2.0031407,0.49764386
1987-08-16 00:00:00,2,1.0116777,0.9986593,1.9951595,0.5005411
1987-08-16 00:00:00,3,0.522627,0.99508184,1.9857285,0.50111675
1987-08-16 00:00:00,4,0.63065225,0.99709725,2.0007474,0.4983624
1987-08-16 00:00:00,5,0.7860591,0.99322504,1.9925414,0.49847147
1987-08-16 00:00:00,6,0.043033347,0.988874,1.9938732,0.4959563
1987-08-16 00:00:00,7,0.3189394,0.9968444,1.9979074,0.49894425
1987-08-16 00:00:00,8,0.28711402,0.9982673,1.9941686,0.50059325
1987-08-16 00:00:00,9,0.7175913,0.99825704,2.0008671,0.49891222
1987-08-16 00:00:00,10,0.31394055,0.99308795,1.9928497,0.49832556
1987-08-16 00:00:00,11,0.5448517,0.9951475,1.9862363,0.5010217
1987-09-15 12:00:00,0,0.4303272,0.9922914,1.9981706,0.49659994
1987-09-15 12:00:00,1,0.4468826,0.99701285,2.006478,0.49689695
1987-09-15 12:00:00,2,0.047774523,0.9997644,1.9994032,0.5000314
1987-09-15 12:00:00,3,0.42038482,0.9963155,1.9914038,0.5003081
1987-09-15 12:00:00,4,0.91725385,0.9990168,2.00329,0.49868807
1987-09-15 12:00:00,5,0.8158149,0.99523234,1.9958704,0.49864578
1987-09-15 12:00:00,6,0.3833234,0.9906402,1.998713,0.49563906
1987-09-15 12:00:00,7,0.196348,0.9981579,2.0001926,0.4990309
1987-09-15 12:00:00,8,0.16878481,0.9986162,1.9967283,0.50012624
1987-09-15 12:00:00,9,1.5405833,0.9993797,2.0039358,0.49870843
1987-09-15 12:00:00,10,0.016882988,0.99555486,1.996997,0.49852598
1987-09-15 12:00:00,11,0.15090115,0.99616057,1.9908805,0.5003618
1987-10-16 00:00:00,0,0.4889293,1.0027012,1.9999044,0.50137454
1987-10-16 00:00:00,1,0.65494114,0.9996381,2.001642,0.49940902
1987-10-16 00:00:00,2,2.9637988,0.99642104,2.001167,0.49791998
1987-10-16 00:00:00,3,0.8818217,0.99885416,1.9982678,0.49986002
1987-10-16 00:00:00,4,1.027457,1.0009115,2.0090594,0.49819905
1987-10-16 00:00:00,5,0.05634818,0.99670327,2.0028222,0.4976494
1987-10-16 00:00:00,6,0.7525418,1.001249,2.0013525,0.50028616
1987-10-16 00:00:00,7,1.461449,1.0008978,2.0056252,0.49904525
1987-10-16 00:00:00,8,0.036111947,1.0019007,2.005456,0.49958748
1987-10-16 00:00:00,9,0.048462734,0.9988942,2.009516,0.497082
1987-10-16 00:00:00,10,0.42723238,0.99648845,2.00219,0.49769923
1987-10-16 00:00:00,11,0.07897613,0.9987541,2.001278,0.49905816
1987-11-15 12:00:00,0,0.36651918,1.0034657,1.9996744,0.5018145
1987-11-15 12:00:00,1,0.2340859,1.0001087,2.0013092,0.49972725
1987-11-15 12:00:00,2,0.9979599,0.995683,2.001368,0.4975012
1987-11-15 12:00:00,3,0.621754,0.99929607,1.9967829,0.50045305
1987-11-15 12:00:00,4,0.380394,1.0007056,2.0091166,0.49808237
1987-11-15 12:00:00,5,0.43154234,0.99693495,2.0031908,0.4976735
1987-11-15 12:00:00,6,0.14819603,1.0019188,2.0008512,0.5007463
1987-11-15 12:00:00,7,0.72802866,1.0017141,2.0056806,0.49943852
1987-11-15 12:00:00,8,0.20700674,1.0024011,2.0070083,0.49945042
1987-11-15 12:00:00,9,0.3576154,0.99873555,2.0103648,0.4967932
1987-11-15 12:00:00,10,0.20665689,0.9959767,2.0010197,0.49773458
1987-11-15 12:00:00,11,1.2232991,0.99868876,2.001299,0.49902028
1987-12-16 00:00:00,0,0.12770267,1.0033432,1.9999844,0.50167555
1987-12-16 00:00:00,1,0.56770694,1.0004255,2.0017903,0.49976537
1987-12-16 00:00:00,2,0.24914154,0.9951195,2.0025628,0.496923
1987-12-16 00:00:00,3,0.27721927,1.0003487,1.9945828,0.5015328
1987-12-16 00:00:00,4,0.25041184,1.001138,2.0072415,0.49876308
1987-12-16 00:00:00,5,0.15432523,0.9979041,2.0038865,0.49798435
1987-12-16 00:00:00,6,2.4692347,1.0018581,2.0003524,0.50084084
1987-12-16 00:00:00,7,2.087197,1.0025858,2.0050645,0.5000267
1987-12-16 00:00:00,8,0.053249035,1.0033298,2.0087519,0.49947917
1987-12-16 00:00:00,9,0.6431991,0.9981231,2.011071,0.49631423
1987-12-16 00:00:00,10,0.052733693,0.9957321,2.0002086,0.49781415
1987-12-16 00:00:00,11,0.58908075,0.99911946,2.00166,0.49914542
1988-01-16 00:00:00,0,0.6978871,1.0032054,2.0000787,0.501583
1988-01-16 00:00:00,1,0.8173032,1.0004135,2.001931,0.4997243
1988-01-16 00:00:00,2,0.05620744,0.99512625,2.0027554,0.49687856
1988-01-16 00:00:00,3,0.75829613,1.000478,1.9943984,0.501644
1988-01-16 00:00:00,4,1.375883,1.0012496,2.0068855,0.49890715
1988-01-16 00:00:00,5,1.2908658,0.99804986,2.0039606,0.49803865
1988-01-16 00:00:00,6,0.35426748,1.0017463,2.000337,0.5007888
1988-01-16 00:00:00,7,0.03832807,1.0026252,2.0049422,0.5000769
1988-01-16 00:00:00,8,0.5186899,1.0034269,2.0088427,0.49950495
1988-01-16 00:00:00,9,0.12184527,0.99803364,2.011075,0.49626872
1988-01-16 00:00:00,10,0.8115782,0.9957649,2.0002341,0.4978242
1988-01-16 00:00:00,11,0.37418908,0.9992095,2.0017247,0.4991743
1988-02-15 00:00:00,0,0.24981233,1.000225,2.0019143,0.49963427
1988-02-15 00:00:00,1,0.039224513,0.99859023,2.0041,0.49827364
1988-02-15 00:00:00,2,0.09643406,0.9983516,2.0022998,0.49860245
1988-02-15 00:00:00,3,0.06560163,0.9985318,2.0009007,0.49904114
1988-02-15 00:00:00,4,0.28838196,1.0018545,2.0080237,0.49892566
1988-02-15 00:00:00,5,0.20241779,0.99714357,2.0024784,0.49795473
1988-02-15 00:00:00,6,0.8543829,0.99910384,2.0032089,0.4987517
1988-02-15 00:00:00,7,0.16372314,0.99971837,2.0051801,0.49856785
1988-02-15 00:00:00,8,0.6746533,1.0010712,2.0027938,0.4998374
1988-02-15 00:00:00,9,1.405637,0.9992757,2.008309,0.49757072
1988-02-15 00:00:00,10,0.14243932,0.9981152,2.0045404,0.4979272
1988-02-15 00:00:00,11,0.02840347,0.9990926,2.0015137,0.4991685
1988-03-16 00:00:00,0,2.2036972,0.996468,2.0051785,0.4969473
1988-03-16 00:00:00,1,0.44845685,0.99743056,2.0088358,0.4965217
1988-03-16 00:00:00,2,0.3533774,1.0008041,2.004698,0.49922934
1988-03-16 00:00:00,3,0.07739495,0.99834836,2.002185,0.4986294
1988-03-16 00:00:00,4,0.14064655,1.0025878,2.006965,0.49955422
1988-03-16 00:00:00,5,0.43770406,0.9980659,2.0018015,0.49858385
1988-03-16 00:00:00,6,1.5454565,0.9955106,2.0056999,0.49634075
1988-03-16 00:00:00,7,0.0030949058,0.9993028,2.0042925,0.49858132
1988-03-16 00:00:00,8,0.44564018,0.999872,2.0004773,0.49981672
1988-03-16 00:00:00,9,0.45996454,1.0002367,2.0078516,0.4981627
1988-03-16 00:00:00,10,0.75251997,0.9997598,2.005496,0.49850997
1988-03-16 00:00:00,11,0.44974285,0.99881333,2.0004456,0.4992954
1988-04-15 12:00:00,0,0.5372935,1.0037217,1.9996405,0.5019511
1988-04-15 12:00:00,1,0.22046503,1.0003333,2.001269,0.49984947
1988-04-15 12:00:00,2,0.33229968,0.99531835,2.0016448,0.49725023
1988-04-15 12:00:00,3,0.1485626,0.9996366,1.995865,0.50085384
1988-04-15 12:00:00,4,0.021845644,1.0007048,2.0088136,0.4981571
1988-04-15 12:00:00,5,0.4897523,0.99718416,2.003443,0.49773523
1988-04-15 12:00:00,6,0.31542185,1.00215,2.0005808,0.50092953
1988-04-15 12:00:00,7,0.7805475,1.0021592,2.0055938,0.49968207
1988-04-15 12:00:00,8,0.36264825,1.0027418,2.0078697,0.4994058
1988-04-15 12:00:00,9,0.119332016,0.99857223,2.010793,0.4966062
1988-04-15 12:00:00,10,0.1651096,0.9957466,2.0004566,0.49775967
1988-04-15 12:00:00,11,0.69358677,0.99873847,2.0013664,0.4990283
1988-05-16 00:00:00,0,0.17269804,1.001084,2.0013182,0.5002123
1988-05-16 00:00:00,1,0.6202684,0.99899846,2.0033503,0.4986639
1988-05-16 00:00:00,2,1.0357887,0.9976248,2.0020792,0.49829435
1988-05-16 00:00:00,3,0.34948525,0.9987703,1.9997633,0.49944428
1988-05-16 00:00:00,4,0.5293581,1.0015755,2.0082285,0.49873582
1988-05-16 00:00:00,5,0.45385507,0.9971184,2.0026968,0.49788788
1988-05-16 00:00:00,6,0.86623174,0.9998586,2.0025637,0.4992893
1988-05-16 00:00:00,7,0.191948,1.0002561,2.005289,0.49880892
1988-05-16 00:00:00,8,1.4083471,1.0014601,2.0039506,0.4997429
1988-05-16 00:00:00,9,0.74927276,0.9990997,2.0088525,0.49734846
1988-05-16 00:00:00,10,0.42271906,0.9975491,2.0036144,0.4978748
1988-05-16 00:00:00,11,0.97749585,0.99901694,2.0014913,0.4991363
1988-06-15 12:00:00,0,0.3259245,1.0009446,2.001858,0.5000078
1988-06-15 12:00:00,1,0.0018621694,0.99890965,2.0038643,0.49849167
1988-06-15 12:00:00,2,0.004488057,0.9979645,2.0021768,0.49843976
1988-06-15 12:00:00,3,0.5002223,0.99853474,2.0004866,0.49914593
1988-06-15 12:00:00,4,0.45357847,1.0014911,2.009012,0.4984993
1988-06-15 12:00:00,5,1.4935219,0.99704385,2.0025802,0.49787962
1988-06-15 12:00:00,6,0.25244024,0.99972147,2.0031657,0.49907076
1988-06-15 12:00:00,7,0.73837,1.0002266,2.0055428,0.49873114
1988-06-15 12:00:00,8,0.031278756,1.0011216,2.003609,0.4996592
1988-06-15 12:00:00,9,0.23206869,0.99948406,2.0089653,0.49751186
1988-06-15 12:00:00,10,0.41645512,0.997845,2.0037076,0.49799928
1988-06-15 12:00:00,11,3.7593758,0.99881554,2.0014064,0.49905682
1988-07-16 00:00:00,0,0.38624993,0.99575967,2.0051062,0.49661192
1988-07-16 00:00:00,1,0.014045929,0.9975961,2.009677,0.49639624
1988-07-16 00:00:00,2,0.53936726,1.0006139,2.004889,0.49908695
1988-07-16 00:00:00,3,0.055834018,0.99838775,1.9997188,0.4992641
1988-07-16 00:00:00,4,0.37111193,1.001955,2.0067706,0.49928728
1988-07-16 00:00:00,5,0.6667188,0.9981358,2.0012002,0.4987686
1988-07-16 00:00:00,6,0.21408363,0.9946339,2.0051994,0.49602744
1988-07-16 00:00:00,7,0.55886346,0.9999885,2.0037463,0.49905944
1988-07-16 00:00:00,8,0.3865433,0.9997687,2.0010345,0.4996259
1988-07-16 00:00:00,9,0.10019276,1.0004466,2.0082595,0.49816597
1988-07-16 00:00:00,10,0.38755473,0.9991761,2.0032024,0.49878937
1988-07-16 00:00:00,11,0.07055891,0.9981791,1.9987843,0.4993931
1988-08-16 00:00:00,0,0.1628936,0.9987305,2.0041249,0.49833745
1988-08-16 00:00:00,1,0.7337649,0.9981431,2.006765,0.49738914
1988-08-16 00:00:00,2,0.83912647,0.99961436,2.0036876,0.49888733
1988-08-16 00:00:00,3,0.2680679,0.9983932,2.0020797,0.49867803
1988-08-16 00:00:00,4,0.70137703,1.0021149,2.0085187,0.49893233
1988-08-16 00:00:00,5,0.03334765,0.997641,2.0023334,0.49823922
1988-08-16 00:00:00,6,0.29554826,0.9976983,2.0050545,0.4975916
1988-08-16 00:00:00,7,0.35588172,0.99978995,2.0051866,0.49860197
1988-08-16 00:00:00,8,0.02613219,1.0003614,2.0019815,0.49968565
1988-08-16 00:00:00,9,0.886099,1.0001074,2.0085835,0.49791676
1988-08-16 00:00:00,10,1.9140083,0.9991704,2.0048788,0.4983695
1988-08-16 00:00:00,11,0.3850013,0.9988148,2.0012074,0.4991061
1988-09-15 12:00:00,0,0.19079567,0.9955424,2.0048685,0.49656245
1988-09-15 12:00:00,1,0.6806053,0.9975649,2.0097096,0.49637267
1988-09-15 12:00:00,2,1.3339334,1.0006814,2.0044768,0.49922323
1988-09-15 12:00:00,3,0.14548253,0.99805856,1.9994256,0.49917263
1988-09-15 12:00:00,4,0.5564285,1.0015684,2.00722,0.49898288
1988-09-15 12:00:00,5,0.1393245,0.9978225,2.0007198,0.49873176
1988-09-15 12:00:00,6,0.36073887,0.99435115,2.0050666,0.49591926
1988-09-15 12:00:00,7,0.03593947,0.9999242,2.0037057,0.49903744
1988-09-15 12:00:00,8,0.1635804,0.9994614,2.0006459,0.4995694
1988-09-15 12:00:00,9,0.42307055,1.0006655,2.0081124,0.49831152
1988-09-15 12:00:00,10,0.59563464,0.9990099,2.0025678,0.49886447
1988-09-15 12:00:00,11,0.294413,0.99782497,1.9980397,0.49940196
1988-10-16 00:00:00,0,2.055854,0.99386275,2.002434,0.49632734
1988-10-16 00:00:00,1,0.12411008,0.9973236,2.0089183,0.49644804
1988-10-16 00:00:00,2,0.24044774,1.0003197,2.002997,0.49941152
1988-10-16 00:00:00,3,0.0890219,0.99766594,1.9954606,0.49996775
1988-10-16 00:00:00,4,0.9480731,1.0007184,2.0048196,0.4991563
1988-10-16 00:00:00,5,0.07444064,0.9971593,1.9988192,0.4988742
1988-10-16 00:00:00,6,0.47046468,0.99244297,2.0024562,0.49561283
1988-10-16 00:00:00,7,0.7855125,0.99948037,2.001903,0.4992651
1988-10-16 00:00:00,8,0.123136215,0.9992822,1.9993728,0.49979782
1988-10-16 00:00:00,9,0.3420398,1.0000395,2.0066001,0.49837506
1988-10-16 00:00:00,10,0.5757659,0.9975746,2.0000925,0.49876425
1988-10-16 00:00:00,11,0.4048818,0.9972195,1.9950463,0.4998478
1988-11-15 12:00:00,0,1.3940971,1.0037594,1.9996583,0.50196546
1988-11-15 12:00:00,1,0.27544475,1.0004492,2.0013156,0.49989575
1988-11-15 12:00:00,2,0.043895826,0.9950987,2.0019202,0.4970721
1988-11-15 12:00:00,3,0.42907867,0.9999308,1.9951323,0.5011852
1988-11-15 12:00:00,4,1.8051884e-05,1.0007801,2.00831,0.4983195
1988-11-15 12:00:00,5,0.016247092,0.9974388,2.0035963,0.49782422
1988-11-15 12:00:00,6,0.8557869,1.0021814,2.000373,0.5009973
1988-11-15 12:00:00,7,0.5956232,1.0024514,2.0054011,0.49987575
1988-11-15 12:00:00,8,0.40290308,1.003006,2.0084054,0.49940413
1988-11-15 12:00:00,9,0.14613338,0.99840355,2.0110207,0.49646607
1988-11-15 12:00:00,10,0.17604685,0.9956204,2.0001063,0.49778375
1988-11-15 12:00:00,11,0.84065163,0.9988274,2.0014138,0.4990609
1988-12-16 00:00:00,0,0.4375153,1.0035388,1.9998134,0.5018162
1988-12-16 00:00:00,1,0.19233158,1.000393,2.0015328,0.49981347
1988-12-16 00:00:00,2,0.0026978585,0.99519277,2.0021322,0.49706647
1988-12-16 00:00:00,3,0.107588634,1.0000248,1.9951383,0.50123084
1988-12-16 00:00:00,4,0.5589823,1.0009276,2.0079734,0.4984765
1988-12-16 00:00:00,5,0.17371036,0.99757206,2.0036786,0.4978703
1988-12-16 00:00:00,6,1.4457316,1.0020087,2.0004423,0.5008936
1988-12-16 00:00:00,7,0.20267671,1.0024076,2.0053065,0.49987748
1988-12-16 00:00:00,8,1.1115323,1.0030642,2.0083709,0.49944168
1988-12-16 00:00:00,9,2.1682882,0.9983302,2.0109591,0.4964448
1988-12-16 00:00:00,10,1.5562057,0.99572384,2.0002878,0.4977903
1988-12-16 00:00:00,11,0.397424,0.9989367,2.0015154,0.4990902
1989-01-16 00:00:00,0,1.01912,1.0025593,2.0000703,0.501262
1989-01-16 00:00:00,1,0.1296724,0.99948126,2.0017788,0.49929655
1989-01-16 00:00:00,2,0.54822874,0.9967435,2.0009677,0.4981307
1989-01-16 00:00:00,3,0.097952925,0.99853283,1.999119,0.49948642
1989-01-16 00:00:00,4,0.06965737,1.0008478,2.0096192,0.49802858
1989-01-16 00:00:00,5,0.3279478,0.9964823,2.0026128,0.4975911
1989-01-16 00:00:00,6,0.04957132,1.0011141,2.0017176,0.50012755
1989-01-16 00:00:00,7,0.17459607,1.0006113,2.0058038,0.498858
1989-01-16 00:00:00,8,0.33661765,1.0015569,2.0048058,0.499578
1989-01-16 00:00:00,9,0.7671732,0.9991468,2.0092983,0.49726155
1989-01-16 00:00:00,10,0.87605953,0.99671304,2.0025506,0.49772176
1989-01-16 00:00:00,11,0.107072026,0.99863094,2.0011961,0.49901703
1989-02-14 12:00:00,0,0.27310953,1.0034832,1.9996132,0.5018386
1989-02-14 12:00:00,1,0.09214761,0.99997836,2.0011842,0.4996933
1989-02-14 12:00:00,2,0.29485112,0.9959276,2.0009444,0.49772877
1989-02-14 12:00:00,3,0.009448196,0.9988922,1.997663,0.5000304
1989-02-14 12:00:00,4,0.1834029,1.00055,2.0098488,0.49782354
1989-02-14 12:00:00,5,0.25382727,0.99657834,2.0029263,0.49756116
1989-02-14 12:00:00,6,0.47870246,1.0019172,2.0010898,0.5006858
1989-02-14 12:00:00,7,0.15385754,1.0013821,2.005921,0.49921316
1989-02-14 12:00:00,8,0.49918818,1.0020322,2.0063243,0.4994368
1989-02-14 12:00:00,9,0.93368953,0.99898815,2.010103,0.49698356
1989-02-14 12:00:00,10,0.3271445,0.9961004,2.0013452,0.49771547
1989-02-14 12:00:00,11,0.69175917,0.9985216,2.0011663,0.49896982
1989-03-16 00:00:00,0,0.07356782,1.0030073,2.0001225,0.5014729
1989-03-16 00:00:00,1,0.056369223,1.0003492,2.0020323,0.49966684
1989-03-16 00:00:00,2,0.71085453,0.99519557,2.002867,0.4968855
1989-03-16 00:00:00,3,0.042834025,1.0005424,1.9943752,0.5016821
1989-03-16 00:00:00,4,0.161402,1.0013711,2.0065174,0.4990593
1989-03-16 00:00:00,5,0.09148874,0.998138,2.0039787,0.49807814
1989-03-16 00:00:00,6,0.13442373,1.0015794,2.0003266,0.5007079
1989-03-16 00:00:00,7,0.57356447,1.0025482,2.0048113,0.5000711
1989-03-16 00:00:00,8,0.12436341,1.003469,2.008738,0.49955195
1989-03-16 00:00:00,9,0.62522817,0.9979456,2.0109503,0.49625573
1989-03-16 00:00:00,10,0.13133544,0.99582505,2.0004,0.49781296
1989-03-16 00:00:00,11,0.6084142,0.9993074,2.001775,0.49921066
1989-04-15 12:00:00,0,0.21059556,1.0012159,2.0010135,0.5003544
1989-04-15 12:00:00,1,0.76690286,0.9990329,2.0030267,0.49876165
1989-04-15 12:00:00,2,1.062034,0.997489,2.0018888,0.49827394
1989-04-15 12:00:00,3,0.20637614,0.998771,1.999607,0.49948367
1989-04-15 12:00:00,4,0.28017488,1.001541,2.0081186,0.49874595
1989-04-15 12:00:00,5,0.9752723,0.99704194,2.002682,0.49785337
1989-04-15 12:00:00,6,0.36941242,0.9999765,2.002314,0.49941042
1989-04-15 12:00:00,7,1.2579141,1.0002139,2.0052574,0.49879575
1989-04-15 12:00:00,8,0.30968717,1.0015304,2.0039883,0.49976858
1989-04-15 12:00:00,9,0.7472311,0.99899143,2.0087678,0.49731553
1989-04-15 12:00:00,10,0.03709155,0.99740964,2.0035863,0.49781218
1989-04-15 12:00:00,11,1.1448148,0.9990476,2.001483,0.49915367
1989-05-16 00:00:00,0,0.14394921,1.0028424,2.0006216,0.5012654
1989-05-16 00:00:00,1,0.5908025,0.999876,2.0023086,0.4993616
1989-05-16 00:00:00,2,0.15274487,0.9962714,2.0018768,0.49766865
1989-05-16 00:00:00,3,0.5469079,0.9992106,1.9976273,0.5001987
1989-05-16 00:00:00,4,0.71239465,1.0009162,2.0092676,0.4981498
1989-05-16 00:00:00,5,0.24886554,0.9971322,2.003158,0.49778008
1989-05-16 00:00:00,6,0.52740216,1.0013931,2.0016844,0.5002752
1989-05-16 00:00:00,7,0.07241168,1.0015814,2.0057216,0.49936214
1989-05-16 00:00:00,8,0.20998482,1.0021102,2.0064588,0.49944222
1989-05-16 00:00:00,9,0.56850183,0.9990311,2.0103252,0.49695
1989-05-16 00:00:00,10,1.1405445,0.9965563,2.0014787,0.49791002
1989-05-16 00:00:00,11,1.3718557,0.99868286,2.0013967,0.49899298
1989-06-15 12:00:00,0,0.5195055,1.0008092,2.0020893,0.4998824
1989-06-15 12:00:00,1,0.51056564,0.9989187,2.0041502,0.4984251
1989-06-15 12:00:00,2,0.6889709,0.9979852,2.002472,0.4983766
1989-06-15 12:00:00,3,0.745697,0.99868363,2.0002763,0.49927282
1989-06-15 12:00:00,4,0.06245329,1.001585,2.0087667,0.49860695
1989-06-15 12:00:00,5,0.07740888,0.9972323,2.0026822,0.49794835
1989-06-15 12:00:00,6,0.104149066,0.99960536,2.003251,0.49899155
1989-06-15 12:00:00,7,1.7118003,1.0003566,2.0054543,0.49881792
1989-06-15 12:00:00,8,0.044222675,1.0012051,2.0038016,0.4996528
1989-06-15 12:00:00,9,0.17654075,0.999458,2.0090876,0.49746862
1989-06-15 12:00:00,10,0.053455565,0.9979033,2.0036366,0.49804604
1989-06-15 12:00:00,11,0.42562687,0.9988668,2.0014524,0.49907097
1989-07-16 00:00:00,0,1.5617694,0.9897979,1.9895461,0.49749935
1989-07-16 00:00:00,1,0.8224507,0.99682134,2.0008569,0.49819723
1989-07-16 00:00:00,2,1.3960376,0.99782455,1.9924625,0.50079966
1989-07-16 00:00:00,3,0.19143397,0.99439776,1.9818873,0.50174284
1989-07-16 00:00:00,4,0.0088014435,0.995932,1.9989057,0.49823862
1989-07-16 00:00:00,5,0.33533213,0.9920235,1.9904944,0.49838048
1989-07-16 00:00:00,6,1.405224,0.987861,1.9906241,0.49625692
1989-07-16 00:00:00,7,0.5197311,0.9960552,1.9964349,0.49891692
1989-07-16 00:00:00,8,0.720723,0.99820673,1.9927135,0.5009284
1989-07-16 00:00:00,9,0.22530808,0.9974013,1.9989431,0.49896434
1989-07-16 00:00:00,10,0.77729064,0.99148333,1.9901495,0.4981954
1989-07-16 00:00:00,11,0.19257674,0.9946011,1.9834299,0.5014551
1989-08-16 00:00:00,0,0.048898958,0.99953604,2.0032754,0.4989509
1989-08-16 00:00:00,1,0.05484259,0.9984919,2.005657,0.4978378
1989-08-16 00:00:00,2,0.6480168,0.99883604,2.003388,0.49857345
1989-08-16 00:00:00,3,0.98329234,0.9987487,2.0009987,0.49912512
1989-08-16 00:00:00,4,0.8091554,1.0020825,2.0080132,0.49904177
1989-08-16 00:00:00,5,1.2192171,0.9976819,2.002645,0.49818212
1989-08-16 00:00:00,6,0.35592183,0.9984807,2.0041451,0.49820778
1989-08-16 00:00:00,7,0.07938824,1.0000806,2.0051272,0.49876168
1989-08-16 00:00:00,8,0.45184764,1.000951,2.0029674,0.49973407
1989-08-16 00:00:00,9,0.23091474,0.9996094,2.0087907,0.49761748
1989-08-16 00:00:00,10,1.4666216,0.9986395,2.0044317,0.4982158
1989-08-16 00:00:00,11,0.17728166,0.99903363,2.0015285,0.49913535
1989-09-15 12:00:00,0,0.24408308,1.0036819,1.9995815,0.501946
1989-09-15 12:00:00,1,0.14476362,1.000192,2.0011675,0.49980426
1989-09-15 12:00:00,2,0.17532821,0.9955636,2.001272,0.49746543
1989-09-15 12:00:00,3,0.46476305,0.9992768,1.9966775,0.5004698
1989-09-15 12:00:00,4,0.36492065,1.000595,2.0093806,0.4979619
1989-09-15 12:00:00,5,0.18541479,0.99687266,2.0031989,0.4976404
1989-09-15 12:00:00,6,2.0657513,1.0021018,2.0007896,0.5008531
1989-09-15 12:00:00,7,0.8551948,1.0018204,2.005777,0.49946755
1989-09-15 12:00:00,8,0.42627314,1.0024114,2.0071948,0.4994091
1989-09-15 12:00:00,9,0.9206234,0.9987766,2.010503,0.49677944
1989-09-15 12:00:00,10,0.5783151,0.9958753,2.0008135,0.4977352
1989-09-15 12:00:00,11,0.39051005,0.9986136,2.0012572,0.49899313
1989-10-16 00:00:00,0,0.4248591,1.0035622,1.9995676,0.5018896
1989-10-16 00:00:00,1,0.30784333,1.0001147,2.0011744,0.49976388
1989-10-16 00:00:00,2,0.0451183,0.99566746,2.001214,0.4975317
1989-10-16 00:00:00,3,0.18132994,0.9992083,1.9968919,0.50038177
1989-10-16 00:00:00,4,0.11682166,1.0006315,2.0093226,0.49799442
1989-10-16 00:00:00,5,1.8955687,0.9968268,2.0031357,0.49763322
1989-10-16 00:00:00,6,0.76041275,1.0019965,2.0008268,0.50079125
1989-10-16 00:00:00,7,0.48255804,1.001672,2.0057507,0.49940008
1989-10-16 00:00:00,8,1.4355041,1.0023432,2.0069358,0.49943957
1989-10-16 00:00:00,9,0.37309897,0.99877757,2.0103376,0.4968208
1989-10-16 00:00:00,10,0.42528057,0.9959379,2.0010145,0.4977165
1989-10-16 00:00:00,11,0.9747709,0.9986362,2.0012524,0.49900562
1989-11-15 12:00:00,0,0.7536118,1.0027516,2.0001092,0.50134844
1989-11-15 12:00:00,1,0.2391212,0.9996539,2.0018027,0.49937683
1989-11-15 12:00:00,2,0.8796647,0.9964865,2.0012043,0.49794343
1989-11-15 12:00:00,3,1.0905347,0.9987847,1.9984655,0.4997758
1989-11-15 12:00:00,4,0.277467,1.0008432,2.0094578,0.49806628
1989-11-15 12:00:00,5,0.39536977,0.9966793,2.00281,0.49764046
1989-11-15 12:00:00,6,0.15987122,1.0012918,2.0015702,0.50025314
1989-11-15 12:00:00,7,0.621963,1.0009651,2.0057645,0.49904418
1989-11-15 12:00:00,8,0.16468973,1.0017991,2.0054643,0.49953476
1989-11-15 12:00:00,9,0.14676753,0.9990538,2.009655,0.497127
1989-11-15 12:00:00,10,0.99549764,0.9965683,2.0021129,0.4977583
1989-11-15 12:00:00,11,0.5754299,0.9986556,2.0012553,0.49901462
1989-12-16 00:00:00,0,0.34876397,0.9881955,1.9842193,0.49802735
1989-12-16 00:00:00,1,0.10944836,0.99646103,1.9971923,0.49893096
1989-12-16 00:00:00,2,0.22989723,0.99692136,1.9880078,0.5014675
1989-12-16 00:00:00,3,0.67475015,0.99305123,1.9771409,0.5022663
1989-12-16 00:00:00,4,1.1067047,0.99426687,1.9961699,0.4980873
1989-12-16 00:00:00,5,0.16813709,0.98990923,1.9871663,0.49815118
1989-12-16 00:00:00,6,0.22141315,0.98612785,1.9858478,0.49657774
1989-12-16 00:00:00,7,0.30219227,0.9942797,1.994179,0.49859098
1989-12-16 00:00:00,8,1.1688873,0.9977912,1.989505,0.5015273
1989-12-16 00:00:00,9,0.41119513,0.9961546,1.9954239,0.49921954
1989-12-16 00:00:00,10,0.41808596,0.98923945,1.9869738,0.49786237
1989-12-16 00:00:00,11,0.12717934,0.9938065,1.9792173,0.502121
1990-01-16 00:00:00,0,0.13216786,1.0034684,1.9997582,0.5017949
1990-01-16 00:00:00,1,0.3647335,1.0003147,2.0014825,0.49978688
1990-01-16 00:00:00,2,0.24817957,0.99530315,2.0019913,0.4971566
1990-01-16 00:00:00,3,0.6167405,0.999897,1.9954551,0.5010872
1990-01-16 00:00:00,4,0.53639203,1.0009221,2.0080645,0.49845117
1990-01-16 00:00:00,5,1.5297608,0.99746025,2.0035875,0.49783713
1990-01-16 00:00:00,6,0.0044715637,1.0019445,2.000491,0.50084937
1990-01-16 00:00:00,7,1.6212656,1.0022274,2.0053356,0.49978042
1990-01-16 00:00:00,8,0.5586449,1.002952,2.0080578,0.4994637
1990-01-16 00:00:00,9,1.1936865,0.99836695,2.010779,0.49650759
1990-01-16 00:00:00,10,0.20044298,0.99577814,2.0005038,0.4977637
1990-01-16 00:00:00,11,0.5452292,0.9989261,2.0014894,0.4990914
1990-02-14 12:00:00,0,0.50410783,1.0038128,1.9996251,0.5020005
1990-02-14 12:00:00,1,0.30506194,1.0003788,2.001235,0.49988073
1990-02-14 12:00:00,2,0.011497447,0.9952561,2.0016422,0.4972198
1990-02-14 12:00:00,3,0.11540093,0.9996546,1.9957701,0.5008866
1990-02-14 12:00:00,4,0.8051345,1.0006661,2.008898,0.49811694
1990-02-14 12:00:00,5,1.7756442,0.99718493,2.0034661,0.49772987
1990-02-14 12:00:00,6,0.65717757,1.0022286,2.0005558,0.5009751
1990-02-14 12:00:00,7,0.48730308,1.0022346,2.0056262,0.49971154
1990-02-14 12:00:00,8,0.31862572,1.0027663,2.0080001,0.49938554
1990-02-14 12:00:00,9,0.4087685,0.99858284,2.010882,0.4965895
1990-02-14 12:00:00,10,0.5265017,0.99570256,2.0003405,0.49776655
1990-02-14 12:00:00,11,0.18869506,0.9987126,2.0013583,0.4990174
1990-03-16 00:00:00,0,0.72993517,1.0028689,1.999931,0.50145173
1990-03-16 00:00:00,1,0.103954725,0.9997009,2.0016155,0.49944702
1990-03-16 00:00:00,2,0.3858924,0.99636894,2.0011182,0.4979061
1990-03-16 00:00:00,3,0.09386861,0.9988114,1.9982841,0.49983454
1990-03-16 00:00:00,4,0.15341316,1.0008081,2.0094085,0.49806106
1990-03-16 00:00:00,5,0.28512672,0.9966512,2.0028229,0.49762323
1990-03-16 00:00:00,6,1.1810082,1.0013914,2.001406,0.500344
1990-03-16 00:00:00,7,0.26390675,1.0009975,2.0057504,0.49906385
1990-03-16 00:00:00,8,0.27960494,1.0018641,2.0055847,0.49953714
1990-03-16 00:00:00,9,0.1140309,0.9989905,2.0096679,0.49709234
1990-03-16 00:00:00,10,0.101926416,0.99645585,2.0020192,0.49772543
1990-03-16 00:00:00,11,1.0757169,0.99866194,2.0012412,0.49902126
1990-04-15 12:00:00,0,0.5567688,1.0029154,2.0002518,0.50139457
1990-04-15 12:00:00,1,0.40502384,0.9999142,2.0019705,0.49946502
1990-04-15 12:00:00,2,0.8377565,0.99608135,2.0017688,0.4976006
1990-04-15 12:00:00,3,0.0251035,0.9993172,1.9972293,0.5003518
1990-04-15 12:00:00,4,0.94639415,1.0009503,2.0088198,0.4982778
1990-04-15 12:00:00,5,0.020972002,0.9971388,2.0031934,0.4977746
1990-04-15 12:00:00,6,0.5763326,1.0014571,2.0013065,0.5004017
1990-04-15 12:00:00,7,0.65603393,1.0015626,2.005569,0.49939075
1990-04-15 12:00:00,8,0.4985244,1.0022852,2.0065975,0.4994949
1990-04-15 12:00:00,9,0.53768426,0.9988081,2.0102165,0.49686593
1990-04-15 12:00:00,10,1.8568524,0.99636483,2.0014458,0.49782255
1990-04-15 12:00:00,11,0.5132335,0.9987887,2.0014114,0.49904218
1990-05-16 00:00:00,0,0.303184,1.0034943,1.9997824,0.5018017
1990-05-16 00:00:00,1,0.5088182,1.0002989,2.0014822,0.49977902
1990-05-16 00:00:00,2,0.7405927,0.9953542,2.0019147,0.49720109
1990-05-16 00:00:00,3,0.72581124,0.99980754,1.9956514,0.5009931
1990-05-16 00:00:00,4,0.22124524,1.0008739,2.0082934,0.49837038
1990-05-16 00:00:00,5,0.6252029,0.9973862,2.003537,0.49781275
1990-05-16 00:00:00,6,0.25818303,1.0019642,2.0005744,0.5008383
1990-05-16 00:00:00,7,0.050607596,1.0021852,2.005414,0.49973983
1990-05-16 00:00:00,8,0.44100717,1.002865,2.0079432,0.49944887
1990-05-16 00:00:00,9,0.41669804,0.99844694,2.0107658,0.4965506
1990-05-16 00:00:00,10,1.6808243,0.99581206,2.000537,0.4977724
1990-05-16 00:00:00,11,0.6993132,0.9988721,2.00146,0.49907172
1990-06-15 12:00:00,0,0.27192757,0.99262285,1.999383,0.49646458
1990-06-15 12:00:00,1,0.99726176,0.9970346,2.0072405,0.49671906
1990-06-15 12:00:00,2,0.5106805,1.0000203,2.000427,0.4999034
1990-06-15 12:00:00,3,0.118461914,0.99665,1.9927107,0.5001479
1990-06-15 12:00:00,4,0.15317087,0.99952924,2.0037003,0.4988417
1990-06-15 12:00:00,5,0.20588851,0.9957466,1.9966743,0.4987026
1990-06-15 12:00:00,6,1.5065026,0.9910362,1.999811,0.4955649
1990-06-15 12:00:00,7,0.11539131,0.9984326,2.0006585,0.49905196
1990-06-15 12:00:00,8,0.09717996,0.998748,1.9973025,0.50004846
1990-06-15 12:00:00,9,0.6855574,0.9995769,2.0046027,0.49864092
1990-06-15 12:00:00,10,0.0137812365,0.9961551,1.9980386,0.49856648
1990-06-15 12:00:00,11,0.13772663,0.9964562,1.992043,0.5002182
1990-07-16 00:00:00,0,0.24475266,0.9995039,2.0033717,0.49891087
1990-07-16 00:00:00,1,0.9030494,0.99839085,2.005743,0.49776608
1990-07-16 00:00:00,2,0.17700537,0.9990762,2.003148,0.49875304
1990-07-16 00:00:00,3,1.1552103,0.99842393,2.0016901,0.49879044
1990-07-16 00:00:00,4,0.36708614,1.0019288,2.008715,0.49879095
1990-07-16 00:00:00,5,0.06918085,0.99742687,2.0024323,0.49810764
1990-07-16 00:00:00,6,0.055872105,0.99842376,2.004456,0.4981021
1990-07-16 00:00:00,7,0.66789937,0.9998878,2.0053399,0.49861264
1990-07-16 00:00:00,8,0.08778277,1.0006117,2.0024707,0.49968854
1990-07-16 00:00:00,9,0.35916623,0.9998949,2.0086732,0.49778876
1990-07-16 00:00:00,10,1.4885204,0.9987703,2.0045917,0.49824125
1990-07-16 00:00:00,11,0.3544494,0.9988448,2.0013525,0.4990849
1990-08-16 00:00:00,0,0.37170348,0.99788517,2.0050366,0.49768925
1990-08-16 00:00:00,1,0.8446936,0.9980626,2.0080876,0.49702144
1990-08-16 00:00:00,2,0.35517305,0.9998936,2.004743,0.49876395
1990-08-16 00:00:00,3,0.8626288,0.99878585,2.0013344,0.49905995
1990-08-16 00:00:00,4,0.5294449,1.0023869,2.0076597,0.4992813
1990-08-16 00:00:00,5,0.24039993,0.99825346,2.0024614,0.4985132
1990-08-16 00:00:00,6,0.59548205,0.99690044,2.0054336,0.4970997
1990-08-16 00:00:00,7,1.4896518,1.0001599,2.0047724,0.49888948
1990-08-16 00:00:00,8,0.35689506,1.0004675,2.0023084,0.49965706
1990-08-16 00:00:00,9,0.1814696,1.000129,2.008893,0.4978508
1990-08-16 00:00:00,10,0.18747252,0.999411,2.004548,0.49857172
1990-08-16 00:00:00,11,0.25774974,0.9988639,2.0010421,0.49917182
1990-09-15 12:00:00,0,0.6951729,0.9998315,2.002861,0.49920163
1990-09-15 12:00:00,1,0.031053262,0.99851435,2.005147,0.49797565
1990-09-15 12:00:00,2,0.33650988,0.99873805,2.0029135,0.49864262
1990-09-15 12:00:00,3,1.370807,0.9985393,2.0012307,0.4989626
1990-09-15 12:00:00,4,0.7161136,1.00191,2.0084217,0.4988544
1990-09-15 12:00:00,5,0.054978415,0.9973854,2.0025122,0.49806705
1990-09-15 12:00:00,6,0.11524757,0.9987329,2.0039608,0.49837947
1990-09-15 12:00:00,7,0.058805052,0.9999301,2.0052776,0.4986492
1990-09-15 12:00:00,8,1.5991267,1.0008541,2.002781,0.4997322
1990-09-15 12:00:00,9,0.01746247,0.99963886,2.0086539,0.49766606
1990-09-15 12:00:00,10,2.1107721,0.9984947,2.0044644,0.49813542
1990-09-15 12:00:00,11,0.8492116,0.9989458,2.0014534,0.4991102
1990-10-16 00:00:00,0,1.0702492,0.99541754,2.0048492,0.49650493
1990-10-16 00:00:00,1,0.5473139,0.99703234,2.0091214,0.4962529
1990-10-16 00:00:00,2,0.061504364,1.0013052,2.0043304,0.49957094
1990-10-16 00:00:00,3,0.18042733,0.99792165,2.0022035,0.49841172
1990-10-16 00:00:00,4,0.26251867,1.0024897,2.0064538,0.4996326
1990-10-16 00:00:00,5,0.2856895,0.9977524,2.0010602,0.4986119
1990-10-16 00:00:00,6,0.053537562,0.9944292,2.0054848,0.49585474
1990-10-16 00:00:00,7,0.29162696,0.99869204,2.0038393,0.4983893
1990-10-16 00:00:00,8,0.32693753,0.99941766,1.9991229,0.4999281
1990-10-16 00:00:00,9,0.020915505,1.0002795,2.0070024,0.49839482
1990-10-16 00:00:00,10,3.6950958,0.999732,2.0056393,0.49846053
1990-10-16 00:00:00,11,0.11312901,0.9986195,1.9995645,0.4994185
1990-11-15 12:00:00,0,1.7029923,0.99902284,2.0033288,0.49868143
1990-11-15 12:00:00,1,0.0347303,0.9981759,2.0058312,0.49763703
1990-11-15 12:00:00,2,0.6321047,0.99930036,2.0032256,0.49884564
1990-11-15 12:00:00,3,0.14263585,0.9984577,2.00188,0.49876
1990-11-15 12:00:00,4,0.0016260318,1.0022019,2.0079083,0.49912733
1990-11-15 12:00:00,5,0.6777879,0.9975069,2.0023775,0.49816126
1990-11-15 12:00:00,6,0.48862076,0.99800795,2.00439,0.49791107
1990-11-15 12:00:00,7,0.12829845,0.9995381,2.0050476,0.49851093
1990-11-15 12:00:00,8,0.36758268,1.000625,2.0019476,0.49982578
1990-11-15 12:00:00,9,0.5310737,0.99968994,2.008206,0.49780253
1990-11-15 12:00:00,10,1.0959685,0.99890816,2.0051794,0.498164
1990-11-15 12:00:00,11,1.5548482,0.99906415,2.0014465,0.49917105
1990-12-16 00:00:00,0,0.18255785,1.0021424,2.0004785,0.50095135
1990-12-16 00:00:00,1,0.028079722,0.99940187,2.0022912,0.49912912
1990-12-16 00:00:00,2,0.08769184,0.9968989,2.0014615,0.49808547
1990-12-16 00:00:00,3,0.5185522,0.99876076,1.9989682,0.49963814
1990-12-16 00:00:00,4,0.40757963,1.0011142,2.008969,0.49832237
1990-12-16 00:00:00,5,0.59471774,0.9968098,2.002749,0.49772078
1990-12-16 00:00:00,6,0.3479315,1.0007713,2.0018873,0.4999139
1990-12-16 00:00:00,7,0.22011156,1.0006536,2.0055792,0.49893498
1990-12-16 00:00:00,8,0.10384669,1.0016742,2.0048475,0.4996261
1990-12-16 00:00:00,9,0.12515081,0.99904466,2.0092955,0.49721143
1990-12-16 00:00:00,10,0.54487634,0.9969157,2.0027125,0.49778274
1990-12-16 00:00:00,11,0.9500739,0.9988034,2.001345,0.49906608
1991-01-16 00:00:00,0,0.45952967,0.99738884,2.0047078,0.4975233
1991-01-16 00:00:00,1,0.4383231,0.99766344,2.0078154,0.49689004
1991-01-16 00:00:00,2,0.27196592,1.00034,2.0043175,0.49909258
1991-01-16 00:00:00,3,0.5795412,0.9984573,2.0024383,0.49862075
1991-01-16 00:00:00,4,0.119231984,1.002627,2.0071826,0.4995196
1991-01-16 00:00:00,5,0.6332064,0.9979728,2.0021658,0.4984466
1991-01-16 00:00:00,6,0.5114686,0.9964672,2.0054116,0.49688908
1991-01-16 00:00:00,7,0.63446146,0.9993162,2.004608,0.49850956
1991-01-16 00:00:00,8,0.03422703,1.000198,2.0009665,0.49985743
1991-01-16 00:00:00,9,1.3139634,0.99999756,2.007947,0.4980199
1991-01-16 00:00:00,10,0.9489214,0.99963754,2.0057666,0.4983818
1991-01-16 00:00:00,11,0.3609741,0.9990578,2.0011358,0.49924538
1991-02-14 12:00:00,0,0.40375498,1.0030143,1.9997878,0.5015604
1991-02-14 12:00:00,1,0.05367003,0.9998886,2.001513,0.49956638
1991-02-14 12:00:00,2,1.1834702,0.99599415,2.0014095,0.49764636
1991-02-14 12:00:00,3,0.027035924,0.9992156,1.997247,0.5002965
1991-02-14 12:00:00,4,0.077303596,1.000897,2.008719,0.4982763
1991-02-14 12:00:00,5,0.4909121,0.99694633,2.0030868,0.497705
1991-02-14 12:00:00,6,0.13011073,1.0015309,2.0010002,0.50051516
1991-02-14 12:00:00,7,0.3533666,1.001364,2.005528,0.49930194
1991-02-14 12:00:00,8,0.34343195,1.0022807,2.0063884,0.4995447
1991-02-14 12:00:00,9,0.003225863,0.998695,2.0099537,0.49687463
1991-02-14 12:00:00,10,1.71954,0.9962046,2.0015752,0.49771032
1991-02-14 12:00:00,11,0.94266754,0.9988118,2.0013442,0.49907047
1991-03-16 00:00:00,0,0.45825058,1.0016497,2.0012271,0.5005178
1991-03-16 00:00:00,1,0.13829082,1.0003402,2.003621,0.49926618
1991-03-16 00:00:00,2,0.10881578,0.9951119,2.0051324,0.49628237
1991-03-16 00:00:00,3,0.2172503,1.0021023,1.9919785,0.5030688
1991-03-16 00:00:00,4,1.3154277,1.0025653,2.002636,0.5006228
1991-03-16 00:00:00,5,0.25011376,0.99985325,2.0049143,0.49870124
1991-03-16 00:00:00,6,0.14963415,1.0004936,2.0001123,0.50021875
1991-03-16 00:00:00,7,0.02074949,1.0032333,2.003489,0.5007431
1991-03-16 00:00:00,8,0.39524448,1.0046647,2.01017,0.4997909
1991-03-16 00:00:00,9,1.7976979,0.9969506,2.0112698,0.49568218
1991-03-16 00:00:00,10,0.06243999,0.9961055,2.0003588,0.4979634
1991-03-16 00:00:00,11,0.2856351,1.0002785,2.0025136,0.49951145
1991-04-15 12:00:00,0,0.0301085,1.001252,2.0010912,0.50035304
1991-04-15 12:00:00,1,0.05002867,0.99904567,2.0030875,0.4987529
1991-04-15 12:00:00,2,0.10986738,0.9975075,2.0019,0.4982804
1991-04-15 12:00:00,3,1.297024,0.9987407,1.9996759,0.49945128
1991-04-15 12:00:00,4,0.26311556,1.0015024,2.0083065,0.49868006
1991-04-15 12:00:00,5,0.17185363,0.997027,2.0026765,0.49784726
1991-04-15 12:00:00,6,0.0780898,1.0000046,2.0023994,0.49940318
1991-04-15 12:00:00,7,0.47687545,1.0002531,2.005322,0.49879923
1991-04-15 12:00:00,8,0.47774565,1.0014874,2.0040092,0.49974188
1991-04-15 12:00:00,9,0.049044427,0.9990629,2.00884,0.49733323
1991-04-15 12:00:00,10,0.028846439,0.9974311,2.0035343,0.4978358
1991-04-15 12:00:00,11,0.08461619,0.9989975,2.001464,0.4991334
1991-05-16 00:00:00,0,0.4243185,1.0025285,2.0005853,0.50111765
1991-05-16 00:00:00,1,0.7195376,0.9997047,2.0023441,0.4992672
1991-05-16 00:00:00,2,0.9518268,0.9964806,2.0018187,0.49778765
1991-05-16 00:00:00,3,1.0233529,0.99912715,1.9979724,0.5000706
1991-05-16 00:00:00,4,0.5569134,1.0010476,2.0089355,0.49829754
1991-05-16 00:00:00,5,0.24040581,0.99709356,2.0030541,0.4977866
1991-05-16 00:00:00,6,0.72250444,1.0011197,2.0017138,0.5001313
1991-05-16 00:00:00,7,0.6412733,1.0012697,2.0055933,0.49923864
1991-05-16 00:00:00,8,0.24579895,1.0020217,2.0059452,0.49952593
1991-05-16 00:00:00,9,0.7094742,0.99896896,2.0099506,0.4970117
1991-05-16 00:00:00,10,1.0445117,0.9966835,2.0019279,0.49786183
1991-05-16 00:00:00,11,0.21063846,0.9987823,2.0014129,0.4990386
1991-06-15 12:00:00,0,2.3715065,0.9987409,2.0040743,0.4983552
1991-06-15 12:00:00,1,1.3466637,0.9983049,2.0067189,0.4974812
1991-06-15 12:00:00,2,0.81503654,0.9992444,2.0041807,0.49858
1991-06-15 12:00:00,3,1.2338334,0.9989718,2.000957,0.499247
1991-06-15 12:00:00,4,0.19604586,1.0024174,2.0072978,0.49938652
1991-06-15 12:00:00,5,0.2436088,0.99812585,2.00273,0.49838266
1991-06-15 12:00:00,6,0.25776297,0.997769,2.0046096,0.49773732
1991-06-15 12:00:00,7,0.83647597,1.0001273,2.004825,0.49886012
1991-06-15 12:00:00,8,0.13409674,1.0009435,2.002832,0.4997641
1991-06-15 12:00:00,9,0.80430263,0.99963176,2.0088017,0.49762592
1991-06-15 12:00:00,10,1.0413241,0.99901295,2.0046496,0.4983479
1991-06-15 12:00:00,11,1.0646038,0.9991603,2.0015593,0.49919096
1991-07-16 00:00:00,0,0.15757969,0.9953802,2.0049484,0.49646178
1991-07-16 00:00:00,1,0.21275751,0.9974123,2.0097718,0.4962814
1991-07-16 00:00:00,2,0.21561971,1.0008823,2.0045254,0.49931133
1991-07-16 00:00:00,3,1.3182797,0.9980262,1.999941,0.49902782
1991-07-16 00:00:00,4,0.025508538,1.0017433,2.0070374,0.4991154
1991-07-16 00:00:00,5,0.16325223,0.9978258,2.0007439,0.4987274
1991-07-16 00:00:00,6,0.031323846,0.9942155,2.0052187,0.495814
1991-07-16 00:00:00,7,0.08339089,0.9996924,2.0036678,0.4989312
1991-07-16 00:00:00,8,0.087809384,0.9993895,2.0002878,0.49962288
1991-07-16 00:00:00,9,0.7557943,1.0006399,2.0078852,0.49835515
1991-07-16 00:00:00,10,0.4653958,0.99916846,2.0031407,0.49880093
1991-07-16 00:00:00,11,0.20049803,0.9979387,1.9982138,0.49941537
1991-08-16 00:00:00,0,0.024177108,0.9994308,2.0041,0.49869305
1991-08-16 00:00:00,1,0.018384313,0.99850494,2.00654,0.49762523
1991-08-16 00:00:00,2,1.3062186,0.99913514,2.0037372,0.49863583
1991-08-16 00:00:00,3,0.7801109,0.9985785,2.0013783,0.4989454
1991-08-16 00:00:00,4,0.012523078,1.0018711,2.0091085,0.4986645
1991-08-16 00:00:00,5,0.070316926,0.9977101,2.002569,0.4982151
1991-08-16 00:00:00,6,1.7899524,0.99833137,2.004913,0.49794248
1991-08-16 00:00:00,7,0.9193156,1.0003834,2.0054426,0.4988342
1991-08-16 00:00:00,8,0.591973,1.0005945,2.0030293,0.4995406
1991-08-16 00:00:00,9,0.41687217,1.0001667,2.00929,0.49777117
1991-08-16 00:00:00,10,0.81189567,0.99889684,2.0040226,0.4984459
1991-08-16 00:00:00,11,0.015846746,0.9986685,2.001254,0.49902135
1991-09-15 12:00:00,0,0.0040756892,0.999077,2.0044892,0.49841976
1991-09-15 12:00:00,1,0.37585792,0.998479,2.0070767,0.49747923
1991-09-15 12:00:00,2,0.816791,0.99922734,2.0042284,0.49855962
1991-09-15 12:00:00,3,0.34752685,0.9988036,2.001022,0.49914673
1991-09-15 12:00:00,4,0.44875184,1.0020412,2.0086057,0.49887404
1991-09-15 12:00:00,5,0.90427685,0.9980204,2.00268,0.49834242
1991-09-15 12:00:00,6,0.9089065,0.99801666,2.005046,0.49775252
1991-09-15 12:00:00,7,0.18959168,1.0005443,2.0052402,0.49896482
1991-09-15 12:00:00,8,1.3717426,1.0007035,2.0032244,0.49954638
1991-09-15 12:00:00,9,0.040457416,1.0001156,2.0094156,0.49771467
1991-09-15 12:00:00,10,0.6038156,0.99901116,2.0039313,0.49852565
1991-09-15 12:00:00,11,0.045673337,0.9987516,2.0012705,0.49905875
1991-10-16 00:00:00,0,0.7710587,1.003439,1.9997727,0.5017765
1991-10-16 00:00:00,1,0.33543798,1.0001248,2.0014133,0.49970928
1991-10-16 00:00:00,2,0.66654223,0.9956778,2.001483,0.49747005
1991-10-16 00:00:00,3,0.0639838,0.9993577,1.9966924,0.5005066
1991-10-16 00:00:00,4,1.1820097,1.0007352,2.0090537,0.4981127
1991-10-16 00:00:00,5,0.6764676,0.9970103,2.0032387,0.4976992
1991-10-16 00:00:00,6,0.08141379,1.0019001,2.0008872,0.50072795
1991-10-16 00:00:00,7,0.31767732,1.0017833,2.0056612,0.4994778
1991-10-16 00:00:00,8,1.0074679,1.0024399,2.0071132,0.4994436
1991-10-16 00:00:00,9,0.0031088546,0.99873,2.0104382,0.4967723
1991-10-16 00:00:00,10,1.6461539,0.99599785,2.0009675,0.49775812
1991-10-16 00:00:00,11,0.59422594,0.99870384,2.0013273,0.49902076
1991-11-15 12:00:00,0,0.19356044,1.0020462,2.000675,0.5008541
1991-11-15 12:00:00,1,0.057060726,0.99947226,2.0025418,0.49910182
1991-11-15 12:00:00,2,0.18600602,0.9967949,2.0018675,0.4979325
1991-11-15 12:00:00,3,0.14058192,0.9990595,1.9984133,0.49992636
1991-11-15 12:00:00,4,0.1253538,1.0012598,2.0084493,0.4985238
1991-11-15 12:00:00,5,0.24289161,0.9971143,2.002951,0.49782264
1991-11-15 12:00:00,6,0.083451435,1.0007025,2.0018346,0.49989268
1991-11-15 12:00:00,7,0.11881164,1.0009005,2.0054073,0.49910086
1991-11-15 12:00:00,8,0.12076557,1.0019138,2.0053072,0.49963108
1991-11-15 12:00:00,9,0.270106,0.9989013,2.0095065,0.49708787
1991-11-15 12:00:00,10,0.24945977,0.99690527,2.0025165,0.49782625
1991-11-15 12:00:00,11,0.012027856,0.99892515,2.0014598,0.49909827
1991-12-16 00:00:00,0,0.98645204,1.0036782,1.9995703,0.501947
1991-12-16 00:00:00,1,0.05358841,1.0002363,2.0011811,0.49982297
1991-12-16 00:00:00,2,0.20058419,0.99546945,2.001402,0.49738607
1991-12-16 00:00:00,3,0.06597229,0.99941784,1.9963576,0.50062066
1991-12-16 00:00:00,4,0.40359223,1.0006504,2.0090976,0.49805963
1991-12-16 00:00:00,5,0.22122882,0.99699026,2.0032873,0.49767712
1991-12-16 00:00:00,6,0.24281533,1.0021039,2.0006795,0.5008818
1991-12-16 00:00:00,7,0.49194345,1.0019245,2.0056832,0.49954277
1991-12-16 00:00:00,8,1.0013174,1.0025467,2.0074258,0.49941903
1991-12-16 00:00:00,9,0.5395907,0.9986739,2.0105755,0.49671048
1991-12-16 00:00:00,10,0.73988014,0.9958197,2.000708,0.49773362
1991-12-16 00:00:00,11,0.13798776,0.9986788,2.0013018,0.49901462
1992-01-16 00:00:00,0,0.051087566,1.0028311,1.9999105,0.501438
1992-01-16 00:00:00,1,1.0133185,0.99972343,2.0016255,0.49945578
1992-01-16 00:00:00,2,4.250804,0.9963019,2.00123,0.49784476
1992-01-16 00:00:00,3,0.54391396,0.9989346,1.9980193,0.49996245
1992-01-16 00:00:00,4,0.1465603,1.0008755,2.0091002,0.498171
1992-01-16 00:00:00,5,0.51787156,0.99675626,2.0028942,0.49765798
1992-01-16 00:00:00,6,0.012150528,1.0013642,2.0013003,0.5003568
1992-01-16 00:00:00,7,0.29747856,1.0010581,2.0056467,0.49911985
1992-01-16 00:00:00,8,0.0021937026,1.0019829,2.005743,0.499557
1992-01-16 00:00:00,9,1.412126,0.9988838,2.0096905,0.49703363
1992-01-16 00:00:00,10,0.63388836,0.99641615,2.001972,0.49771735
1992-01-16 00:00:00,11,0.19897299,0.99873585,2.0012863,0.49904698
1992-02-15 00:00:00,0,0.021469198,1.0022374,2.0007067,0.5009417
1992-02-15 00:00:00,1,0.35663182,1.0003093,2.0028799,0.4994355
1992-02-15 00:00:00,2,0.6777147,0.9952019,2.0040367,0.49659863
1992-02-15 00:00:00,3,0.023689212,1.001331,1.9932172,0.5023692
1992-02-15 00:00:00,4,0.6112434,1.0020155,2.0044572,0.49989367
1992-02-15 00:00:00,5,0.10001922,0.99902093,2.0044425,0.4984034
1992-02-15 00:00:00,6,0.3858832,1.0009595,2.0002391,0.5004199
1992-02-15 00:00:00,7,0.17923348,1.0028436,2.0041068,0.5003943
1992-02-15 00:00:00,8,0.31602138,1.0040644,2.0093741,0.49969015
1992-02-15 00:00:00,9,0.25717884,0.997427,2.0110476,0.49597383
1992-02-15 00:00:00,10,0.50698537,0.9960054,2.000468,0.4978862
1992-02-15 00:00:00,11,0.18000191,0.99982655,2.002162,0.49937347
1992-03-16 00:00:00,0,1.4562198,1.0028359,2.000249,0.5013555
1992-03-16 00:00:00,1,0.7477583,1.0002828,2.002188,0.49959484
1992-03-16 00:00:00,2,0.67328966,0.9953109,2.0029573,0.49692068
1992-03-16 00:00:00,3,0.2671464,1.0005441,1.9945084,0.50164944
1992-03-16 00:00:00,4,0.14124313,1.0014504,2.0063827,0.4991323
1992-03-16 00:00:00,5,0.79237527,0.99818677,2.0039697,0.49810472
1992-03-16 00:00:00,6,0.62603766,1.0014356,2.000428,0.5006107
1992-03-16 00:00:00,7,0.0050694905,1.0024741,2.0047612,0.5000466
1992-03-16 00:00:00,8,0.34930858,1.0034387,2.008583,0.4995754
1992-03-16 00:00:00,9,0.6289376,0.9979459,2.0108654,0.49627683
1992-03-16 00:00:00,10,0.3435519,0.99593043,2.0005565,0.4978267
1992-03-16 00:00:00,11,0.48486778,0.99934995,2.0018082,0.49922365
1992-04-15 12:00:00,0,0.6528645,0.9984351,2.0031981,0.49842054
1992-04-15 12:00:00,1,0.47529185,0.9978928,2.0058746,0.49748513
1992-04-15 12:00:00,2,0.30469337,0.99959296,2.00322,0.49899307
1992-04-15 12:00:00,3,0.14181979,0.9984337,2.0021918,0.49867037
1992-04-15 12:00:00,4,0.010897246,1.0024993,2.0069885,0.49950427
1992-04-15 12:00:00,5,1.1061541,0.9975328,2.0022545,0.4982048
1992-04-15 12:00:00,6,0.75334436,0.9974908,2.0042918,0.49767745
1992-04-15 12:00:00,7,0.10648815,0.99904615,2.0047028,0.49835125
1992-04-15 12:00:00,8,0.6624127,1.0005906,2.0011976,0.4999959
1992-04-15 12:00:00,9,0.29107296,0.9994591,2.0075622,0.49784714
1992-04-15 12:00:00,10,0.25150645,0.9990607,2.0059295,0.49805376
1992-04-15 12:00:00,11,0.06302664,0.99930775,2.001504,0.49927843
1992-05-16 00:00:00,0,1.4111688,0.9968467,2.0053806,0.49708602
1992-05-16 00:00:00,1,0.12778763,0.99766695,2.0088844,0.49662736
1992-05-16 00:00:00,2,0.093155056,1.0005454,2.004897,0.49905074
1992-05-16 00:00:00,3,0.9438114,0.9985286,2.0017939,0.4988169
1992-05-16 00:00:00,4,0.20720409,1.002498,2.0072808,0.4994309
1992-05-16 00:00:00,5,0.082468,0.99822104,2.00204,0.49860197
1992-05-16 00:00:00,6,0.82444066,0.99588925,2.0057752,0.4965109
1992-05-16 00:00:00,7,1.8890009,0.9997159,2.0044649,0.49874455
1992-05-16 00:00:00,8,0.10927171,1.0000522,2.0012085,0.49972415
1992-05-16 00:00:00,9,0.4259097,1.0002921,2.0083432,0.49806827
1992-05-16 00:00:00,10,0.9455155,0.99971235,2.004977,0.49861538
1992-05-16 00:00:00,11,0.113420084,0.99878055,2.0005748,0.49924678
1992-06-15 12:00:00,0,0.15359569,1.0026329,2.000574,0.50117254
1992-06-15 12:00:00,1,0.22145435,0.99972147,2.0022945,0.4992879
1992-06-15 12:00:00,2,0.61822665,0.99648285,2.001715,0.49781457
1992-06-15 12:00:00,3,1.3039587,0.99903834,1.9981098,0.49999171
1992-06-15 12:00:00,4,0.41450405,1.000961,2.0092459,0.49817744
1992-06-15 12:00:00,5,0.0028000418,0.9970029,2.003011,0.4977521
1992-06-15 12:00:00,6,0.26065165,1.0012047,2.0017684,0.50016016
1992-06-15 12:00:00,7,0.4624394,1.0012734,2.0057006,0.49921378
1992-06-15 12:00:00,8,0.5408989,1.0019448,2.005913,0.49949563
1992-06-15 12:00:00,9,0.036920976,0.9990595,2.009993,0.49704623
1992-06-15 12:00:00,10,1.1658174,0.9966751,2.0018778,0.4978701
1992-06-15 12:00:00,11,0.2725721,0.99870276,2.001367,0.4990103
1992-07-16 00:00:00,0,0.65460825,0.9989408,2.0034404,0.4986127
1992-07-16 00:00:00,1,0.94961387,0.9981942,2.0059605,0.49761412
1992-07-16 00:00:00,2,0.8837601,0.99927133,2.0034337,0.49877933
1992-07-16 00:00:00,3,1.3677331,0.9986086,2.0016522,0.49889216
1992-07-16 00:00:00,4,2.0414822,1.0023056,2.007593,0.49925742
1992-07-16 00:00:00,5,0.6386255,0.997669,2.0024803,0.49821663
1992-07-16 00:00:00,6,0.06328185,0.9979532,2.004373,0.49788794
1992-07-16 00:00:00,7,0.0961432,0.9996254,2.0049498,0.49857876
1992-07-16 00:00:00,8,0.35772893,1.0007484,2.0021248,0.49984318
1992-07-16 00:00:00,9,0.60383034,0.99960065,2.0082707,0.49774197
1992-07-16 00:00:00,10,0.0518134,0.99893385,2.005149,0.49818438
1992-07-16 00:00:00,11,0.13976267,0.99915195,2.0015407,0.49919143
1992-08-16 00:00:00,0,0.06963325,0.99766773,2.0050576,0.4975756
1992-08-16 00:00:00,1,0.072735384,0.9979087,2.008212,0.496914
1992-08-16 00:00:00,2,0.02188983,1.0001738,2.0045006,0.49896407
1992-08-16 00:00:00,3,1.0436063,0.99846274,2.00188,0.49876255
1992-08-16 00:00:00,4,0.057576593,1.0022571,2.0081005,0.49910703
1992-08-16 00:00:00,5,0.8148554,0.9980037,2.0021703,0.49846095
1992-08-16 00:00:00,6,2.61509,0.9966581,2.0056407,0.49692753
1992-08-16 00:00:00,7,0.32456148,0.99990064,2.004852,0.49874038
1992-08-16 00:00:00,8,1.5616518,1.0001233,2.0016818,0.49964148
1992-08-16 00:00:00,9,0.1141544,1.0003562,2.0086486,0.4980245
1992-08-16 00:00:00,10,0.033563763,0.9995094,2.0047133,0.4985797
1992-08-16 00:00:00,11,0.1341701,0.99868697,2.0007517,0.49915588
1992-09-15 12:00:00,0,0.027943073,0.9938708,2.0019886,0.49644178
1992-09-15 12:00:00,1,0.48307714,0.9974719,2.0086997,0.49657595
1992-09-15 12:00:00,2,0.1349986,1.0000746,2.0026026,0.49938747
1992-09-15 12:00:00,3,0.10367206,0.99754316,1.994562,0.5001314
1992-09-15 12:00:00,4,0.41120893,1.0003223,2.00505,0.49890146
1992-09-15 12:00:00,5,1.2823845,0.99693453,1.9985576,0.49882704
1992-09-15 12:00:00,6,0.050634857,0.9924297,2.0020034,0.49571827
1992-09-15 12:00:00,7,0.9532342,0.99960184,2.0018728,0.49933335
1992-09-15 12:00:00,8,0.7178204,0.9992742,1.9995534,0.49974868
1992-09-15 12:00:00,9,1.2329898,1.000045,2.006618,0.49837336
1992-09-15 12:00:00,10,0.079971075,0.9972327,1.9991353,0.49883202
1992-09-15 12:00:00,11,0.012670299,0.99697006,1.9944267,0.49987802
1992-10-16 00:00:00,0,0.7343201,1.0034474,1.9995865,0.5018275
1992-10-16 00:00:00,1,1.0391611,1.0000176,2.001198,0.4997095
1992-10-16 00:00:00,2,0.34225523,0.99582493,2.0011024,0.49763817
1992-10-16 00:00:00,3,0.0083318,0.9990662,1.9972807,0.5002132
1992-10-16 00:00:00,4,0.30537793,1.0006353,2.0094426,0.4979666
1992-10-16 00:00:00,5,0.26854342,0.99672467,2.00303,0.49760845
1992-10-16 00:00:00,6,0.29123682,1.0018928,2.0009437,0.5007101
1992-10-16 00:00:00,7,0.45651856,1.0014827,2.0057845,0.49929726
1992-10-16 00:00:00,8,0.7470471,1.0021994,2.0065694,0.49945915
1992-10-16 00:00:00,9,0.14241062,0.9988458,2.0101547,0.49689996
1992-10-16 00:00:00,10,0.6884745,0.99603784,2.001257,0.49770612
1992-10-16 00:00:00,11,0.09927232,0.9986171,2.001225,0.4990029
1992-11-15 12:00:00,0,0.22795832,0.99642247,2.0053139,0.49689102
1992-11-15 12:00:00,1,0.59385824,0.9975066,2.0090067,0.4965173
1992-11-15 12:00:00,2,0.978295,1.0006918,2.0050015,0.49909776
1992-11-15 12:00:00,3,0.0022669288,0.9985884,2.0017014,0.4988698
1992-11-15 12:00:00,4,0.50190026,1.0026838,2.006568,0.49970087
1992-11-15 12:00:00,5,0.54359293,0.9983043,2.0019672,0.49866167
1992-11-15 12:00:00,6,0.4088253,0.99548864,2.0056431,0.49634385
1992-11-15 12:00:00,7,1.6275736,0.9995136,2.004165,0.49871826
1992-11-15 12:00:00,8,0.21720418,1.0000753,2.0008812,0.49981746
1992-11-15 12:00:00,9,0.04833222,1.0001215,2.0080278,0.49806157
1992-11-15 12:00:00,10,0.31456032,0.9997399,2.0052853,0.49855244
1992-11-15 12:00:00,11,0.21386006,0.9989096,2.000528,0.49932295
1992-12-16 00:00:00,0,0.14731228,1.002893,2.0003612,0.50135595
1992-12-16 00:00:00,1,0.16847129,1.0004449,2.002338,0.49963838
1992-12-16 00:00:00,2,0.23301522,0.9950505,2.0033839,0.49668488
1992-12-16 00:00:00,3,0.080779605,1.0009321,1.9936421,0.5020621
1992-12-16 00:00:00,4,0.088631816,1.0015577,2.005839,0.49932107
1992-12-16 00:00:00,5,1.4922433,0.9985307,2.0042405,0.498209
1992-12-16 00:00:00,6,0.30931133,1.0015002,2.000243,0.5006893
1992-12-16 00:00:00,7,0.239204,1.0028702,2.0045884,0.50028735
1992-12-16 00:00:00,8,2.2257595,1.0037863,2.009343,0.4995595
1992-12-16 00:00:00,9,0.103042044,0.9977532,2.0112233,0.4960927
1992-12-16 00:00:00,10,0.084795326,0.9958036,2.0001385,0.49786732
1992-12-16 00:00:00,11,0.29315338,0.999467,2.0019255,0.49925286
1993-01-16 00:00:00,0,0.21363159,1.0021431,2.0008638,0.50085527
1993-01-16 00:00:00,1,1.8984867,1.0003704,2.0030894,0.49941373
1993-01-16 00:00:00,2,2.2752814,0.9951032,2.0043986,0.49645972
1993-01-16 00:00:00,3,0.019980397,1.0016071,1.9927006,0.50263804
1993-01-16 00:00:00,4,0.3889517,1.0021553,2.0039468,0.5000908
1993-01-16 00:00:00,5,0.02988533,0.9992984,2.0046248,0.49849647
1993-01-16 00:00:00,6,0.3202139,1.0008917,2.00017,0.5004033
1993-01-16 00:00:00,7,0.7965671,1.0030572,2.0039377,0.5005431
1993-01-16 00:00:00,8,0.032736804,1.0042907,2.009784,0.4997008
1993-01-16 00:00:00,9,1.1330811,0.997281,2.011221,0.49585852
1993-01-16 00:00:00,10,0.37126353,0.9959901,2.0003023,0.4979198
1993-01-16 00:00:00,11,0.2473068,0.9999476,2.0022697,0.49940705
1993-02-14 12:00:00,0,0.62990874,1.00263,2.0004542,0.50120115
1993-02-14 12:00:00,1,1.5741626,1.0003595,2.0025008,0.49955514
1993-02-14 12:00:00,2,0.25762558,0.99515605,2.003541,0.49669862
1993-02-14 12:00:00,3,0.2857164,1.0010086,1.9936438,0.50210005
1993-02-14 12:00:00,4,0.43490842,1.0017135,2.0054,0.4995081
1993-02-14 12:00:00,5,0.62746245,0.99864733,2.0042627,0.4982617
1993-02-14 12:00:00,6,0.83193815,1.0012795,2.0002635,0.5005738
1993-02-14 12:00:00,7,0.055218056,1.0027748,2.0044317,0.5002789
1993-02-14 12:00:00,8,0.05984859,1.0038277,2.0091994,0.49961576
1993-02-14 12:00:00,9,0.014335263,0.99765813,2.0110743,0.4960822
1993-02-14 12:00:00,10,0.7363645,0.99589956,2.0003533,0.49786183
1993-02-14 12:00:00,11,0.2347519,0.9995857,2.001992,0.49929556
1993-03-16 00:00:00,0,0.79330754,1.003354,1.9998795,0.5017072
1993-03-16 00:00:00,1,0.8136357,1.0003448,2.0016558,0.49975863
1993-03-16 00:00:00,2,0.7976115,0.995245,2.002281,0.49705562
1993-03-16 00:00:00,3,0.25635844,1.0001152,1.995067,0.501294
1993-03-16 00:00:00,4,0.06993051,1.001053,2.0075998,0.49863172
1993-03-16 00:00:00,5,0.18153805,0.99768376,2.0037253,0.49791443
1993-03-16 00:00:00,6,0.3355766,1.0018567,2.0004337,0.50081974
1993-03-16 00:00:00,7,0.19922666,1.0023657,2.00518,0.49988818
1993-03-16 00:00:00,8,0.19213106,1.0031292,2.0083346,0.4994831
1993-03-16 00:00:00,9,0.9040032,0.99823713,2.0108755,0.49641916
1993-03-16 00:00:00,10,1.4735519,0.995779,2.0004208,0.49778476
1993-03-16 00:00:00,11,0.5417283,0.9990386,2.00158,0.49912497
1993-04-15 12:00:00,0,0.54759455,1.000661,2.0014086,0.4999784
1993-04-15 12:00:00,1,0.84724927,0.9987588,2.0035236,0.49850115
1993-04-15 12:00:00,2,0.34950757,0.9979784,2.0020225,0.4984851
1993-04-15 12:00:00,3,1.1091703,0.99859655,2.0004005,0.4991983
1993-04-15 12:00:00,4,0.5228747,1.0017128,2.008037,0.49885175
1993-04-15 12:00:00,5,0.92335445,0.99704134,2.0025325,0.49789023
1993-04-15 12:00:00,6,1.0727822,0.9994843,2.0027611,0.49905318
1993-04-15 12:00:00,7,0.089188375,0.9998544,2.0052009,0.49863052
1993-04-15 12:00:00,8,0.4955458,1.0012525,2.0032103,0.49982396
1993-04-15 12:00:00,9,0.23791997,0.9991285,2.008411,0.49747217
1993-04-15 12:00:00,10,0.15926854,0.99778384,2.0042076,0.49784455
1993-04-15 12:00:00,11,0.05078263,0.99908346,2.0014849,0.49917114
1993-05-16 00:00:00,0,0.7610174,1.0021981,2.00027,0.50103146
1993-05-16 00:00:00,1,1.2772444,0.9994554,2.0021095,0.49920115
1993-05-16 00:00:00,2,0.120285556,0.9967332,2.0014734,0.4979997
1993-05-16 00:00:00,3,0.36167112,0.9988983,1.998562,0.49980852
1993-05-16 00:00:00,4,0.325306,1.0011553,2.0085905,0.49843672
1993-05-16 00:00:00,5,1.3383735,0.9968774,2.0028212,0.49773657
1993-05-16 00:00:00,6,0.5287973,1.0008228,2.0016193,0.50000656
1993-05-16 00:00:00,7,0.53934443,1.0007147,2.0054522,0.49899703
1993-05-16 00:00:00,8,0.32610658,1.0018466,2.0050735,0.49965575
1993-05-16 00:00:00,9,0.08470513,0.99887097,2.0092936,0.49712545
1993-05-16 00:00:00,10,0.31606114,0.99677354,2.0026155,0.49773586
1993-05-16 00:00:00,11,0.15907148,0.9988909,2.0013757,0.49910215
1993-06-15 12:00:00,0,1.8519691,1.0030469,2.0003479,0.50143623
1993-06-15 12:00:00,1,0.50747323,0.9999681,2.0020173,0.49948028
1993-06-15 12:00:00,2,0.3545019,0.99606025,2.0017664,0.49759063
1993-06-15 12:00:00,3,0.027099563,0.9992785,1.9972764,0.50032055
1993-06-15 12:00:00,4,1.9297014,1.0008613,2.0091746,0.4981455
1993-06-15 12:00:00,5,1.308977,0.99710894,2.0031993,0.4977582
1993-06-15 12:00:00,6,1.5887843,1.0015693,2.0014124,0.50043124
1993-06-15 12:00:00,7,0.67533314,1.0016692,2.005696,0.49941224
1993-06-15 12:00:00,8,0.13676007,1.0022377,2.0067155,0.49944183
1993-06-15 12:00:00,9,0.44110644,0.9989221,2.010383,0.4968815
1993-06-15 12:00:00,10,0.07620042,0.9963665,2.001287,0.49786288
1993-06-15 12:00:00,11,0.06837801,0.998696,2.0013833,0.49900287
1993-07-16 00:00:00,0,0.8112823,0.9879457,1.9831161,0.49817842
1993-07-16 00:00:00,1,2.292636,0.99650514,1.9963708,0.49915835
1993-07-16 00:00:00,2,0.020074302,0.9965826,1.9870015,0.50155103
1993-07-16 00:00:00,3,0.8100437,0.99281627,1.975763,0.5024977
1993-07-16 00:00:00,4,0.37829483,0.99380124,1.9956727,0.49797806
1993-07-16 00:00:00,5,0.071657024,0.9894956,1.9864626,0.4981194
1993-07-16 00:00:00,6,0.44810274,0.98590463,1.9847871,0.4967307
1993-07-16 00:00:00,7,0.28720042,0.9940525,1.9937052,0.49859557
1993-07-16 00:00:00,8,2.001091,0.99778205,1.9890678,0.501633
1993-07-16 00:00:00,9,0.8821829,0.99588835,1.9947833,0.4992464
1993-07-16 00:00:00,10,0.6564237,0.98876035,1.9858189,0.49791065
1993-07-16 00:00:00,11,0.20690374,0.9936129,1.9782506,0.50226843
1993-08-16 00:00:00,0,0.07382483,0.99488086,2.0038767,0.49647808
1993-08-16 00:00:00,1,0.57421607,0.99771535,2.0096254,0.4964683
1993-08-16 00:00:00,2,0.76191854,1.0001817,2.0041294,0.49906042
1993-08-16 00:00:00,3,0.16906773,0.9981666,1.9963715,0.4999904
1993-08-16 00:00:00,4,1.0042351,1.0009949,2.0060835,0.4989797
1993-08-16 00:00:00,5,1.390983,0.99775374,1.9999875,0.49888
1993-08-16 00:00:00,6,0.3553016,0.9935515,2.0036962,0.49585935
1993-08-16 00:00:00,7,0.15090418,1.0003179,2.002797,0.4994605
1993-08-16 00:00:00,8,0.5438649,0.9996176,2.001016,0.49955505
1993-08-16 00:00:00,9,0.34906098,1.000377,2.007986,0.4981992
1993-08-16 00:00:00,10,1.3112146,0.99810284,2.0003533,0.49896327
1993-08-16 00:00:00,11,0.29364088,0.99741155,1.9963765,0.49961093
1993-09-15 12:00:00,0,1.5932817,0.99460524,2.003201,0.49650797
1993-09-15 12:00:00,1,0.21896347,0.9976424,2.009248,0.49652526
1993-09-15 12:00:00,2,0.30649486,1.0001413,2.0035563,0.49918303
1993-09-15 12:00:00,3,0.25345284,0.9979117,1.9958677,0.49998888
1993-09-15 12:00:00,4,0.39232877,1.0007467,2.0058517,0.49891362
1993-09-15 12:00:00,5,0.10162524,0.9974312,1.9994984,0.49884072
1993-09-15 12:00:00,6,0.17279758,0.9932272,2.0031304,0.4958375
1993-09-15 12:00:00,7,0.29689753,1.0000519,2.00255,0.49938923
1993-09-15 12:00:00,8,1.4867594,0.99948066,2.0004954,0.49961656
1993-09-15 12:00:00,9,0.0016252659,1.0002868,2.0075247,0.49826875
1993-09-15 12:00:00,10,0.032220546,0.9977987,1.9999893,0.49890202
1993-09-15 12:00:00,11,0.039835174,0.9972495,1.9957397,0.49968916
1993-10-16 00:00:00,0,0.28768012,1.0019853,2.0005925,0.5008443
1993-10-16 00:00:00,1,0.20777743,0.99935585,2.0024474,0.49906722
1993-10-16 00:00:00,2,0.008787612,0.9969735,2.0015945,0.49808964
1993-10-16 00:00:00,3,0.78173345,0.99881,1.9989772,0.49966052
1993-10-16 00:00:00,4,0.017915823,1.001202,2.0087583,0.49841833
1993-10-16 00:00:00,5,0.044733,0.99689364,2.0027711,0.49775714
1993-10-16 00:00:00,6,0.2504402,1.0006367,2.0019457,0.49983206
1993-10-16 00:00:00,7,2.3160264,1.0006276,2.0055022,0.49894118
1993-10-16 00:00:00,8,0.33922073,1.0016886,2.0047915,0.49964726
1993-10-16 00:00:00,9,0.6806631,0.9990158,2.009251,0.49720803
1993-10-16 00:00:00,10,0.38093063,0.99698734,2.0028152,0.49779296
1993-10-16 00:00:00,11,0.065946355,0.998858,2.001381,0.49908438
1993-11-15 12:00:00,0,1.4452887,1.0032437,1.9996608,0.5017069
1993-11-15 12:00:00,1,0.7901191,0.9998639,2.0012827,0.49961153
1993-11-15 12:00:00,2,0.26428595,0.99608344,2.000969,0.49780056
1993-11-15 12:00:00,3,0.0435006,0.99885887,1.9978831,0.49995863
1993-11-15 12:00:00,4,0.2395256,1.0006561,2.0096078,0.49793604
1993-11-15 12:00:00,5,0.10350005,0.99659014,2.0028758,0.4975796
1993-11-15 12:00:00,6,2.81871,1.0017118,2.0011518,0.5005677
1993-11-15 12:00:00,7,0.84529024,1.0011988,2.0058298,0.49914443
1993-11-15 12:00:00,8,0.054190375,1.0019798,2.0060077,0.49948952
1993-11-15 12:00:00,9,0.25284407,0.99895436,2.0098825,0.4970213
1993-11-15 12:00:00,10,0.2196367,0.9962138,2.0016363,0.4976997
1993-11-15 12:00:00,11,1.1982627,0.9985939,2.001193,0.4989993
1993-12-16 00:00:00,0,0.03404725,1.0034093,1.9997118,0.50177693
1993-12-16 00:00:00,1,0.023288127,1.0001479,2.0013876,0.49972725
1993-12-16 00:00:00,2,0.28452066,0.9955974,2.0015745,0.4974071
1993-12-16 00:00:00,3,0.42376146,0.9994822,1.9964067,0.5006406
1993-12-16 00:00:00,4,0.26909417,1.0008011,2.008718,0.49822876
1993-12-16 00:00:00,5,1.1816108,0.99710727,2.0033069,0.49773067
1993-12-16 00:00:00,6,0.2679175,1.0018783,2.0007489,0.5007516
1993-12-16 00:00:00,7,0.6226671,1.0018352,2.005547,0.49953216
1993-12-16 00:00:00,8,0.14767224,1.0025668,2.0072708,0.49946764
1993-12-16 00:00:00,9,0.10609331,0.9986078,2.0104449,0.49670988
1993-12-16 00:00:00,10,0.25532082,0.99593955,2.0009232,0.49774003
1993-12-16 00:00:00,11,0.5676938,0.9987833,2.001367,0.49905053
1994-01-16 00:00:00,0,0.3716294,1.0030077,1.999848,0.5015419
1994-01-16 00:00:00,1,1.1819037,0.9998935,2.00157,0.4995546
1994-01-16 00:00:00,2,0.2403984,0.99600446,2.001452,0.49764094
1994-01-16 00:00:00,3,1.0001795,0.9992255,1.9972488,0.50030094
1994-01-16 00:00:00,4,0.93738526,1.0008997,2.008747,0.49827063
1994-01-16 00:00:00,5,1.1737283,0.99696773,2.0030994,0.49771255
1994-01-16 00:00:00,6,0.2067949,1.0015265,2.0010421,0.50050247
1994-01-16 00:00:00,7,0.51911443,1.0013916,2.0055387,0.49931306
1994-01-16 00:00:00,8,0.2627112,1.0022786,2.006417,0.4995365
1994-01-16 00:00:00,9,0.15231618,0.99871373,2.0099916,0.49687457
1994-01-16 00:00:00,10,0.97228813,0.99622464,2.0015543,0.49772552
1994-01-16 00:00:00,11,0.34052345,0.9988049,2.0013514,0.49906525
1994-02-14 12:00:00,0,0.07959235,1.0032692,2.0000489,0.5016223
1994-02-14 12:00:00,1,0.734178,1.0004245,2.0018804,0.4997424
1994-02-14 12:00:00,2,0.85707104,0.9951173,2.0026865,0.4968912
1994-02-14 12:00:00,3,1.2981278,1.0004315,1.9944583,0.50160563
1994-02-14 12:00:00,4,0.18505785,1.0012019,2.007038,0.49884546
1994-02-14 12:00:00,5,0.087629266,0.9979965,2.0039365,0.49801803
1994-02-14 12:00:00,6,1.3876654,1.0017989,2.000346,0.5008128
1994-02-14 12:00:00,7,0.22940432,1.0026232,2.0049953,0.5000626
1994-02-14 12:00:00,8,1.0085344,1.003392,2.0088277,0.4994913
1994-02-14 12:00:00,9,0.17841871,0.9980724,2.0110898,0.49628434
1994-02-14 12:00:00,10,0.4088268,0.9957497,2.000207,0.49782336
1994-02-14 12:00:00,11,0.32336614,0.9991704,2.0016997,0.499161
1994-03-16 00:00:00,0,0.18510927,1.0020108,2.0005994,0.5008553
1994-03-16 00:00:00,1,0.52372724,0.9991741,2.0023592,0.49899846
1994-03-16 00:00:00,2,1.1522353,0.9973532,2.0010285,0.49842027
1994-03-16 00:00:00,3,0.17220661,0.9982162,2.0002885,0.49903613
1994-03-16 00:00:00,4,0.11143262,1.0009599,2.009934,0.49800634
1994-03-16 00:00:00,5,0.0585212,0.99638873,2.0023918,0.49759927
1994-03-16 00:00:00,6,0.365608,1.0006313,2.0023737,0.49972257
1994-03-16 00:00:00,7,0.08430908,1.0001891,2.0058882,0.49862653
1994-03-16 00:00:00,8,0.13512711,1.0011264,2.0038278,0.499607
1994-03-16 00:00:00,9,0.08472873,0.9994368,2.0089393,0.4974948
1994-03-16 00:00:00,10,1.1628798,0.9971958,2.0032437,0.49779055
1994-03-16 00:00:00,11,0.35112238,0.9985819,2.0011778,0.4989971
1994-04-15 12:00:00,0,0.2319723,1.0030872,1.9998722,0.50157565
1994-04-15 12:00:00,1,0.26619843,0.99994755,2.0015802,0.49957904
1994-04-15 12:00:00,2,0.1726557,0.99593586,2.0015037,0.49759382
1994-04-15 12:00:00,3,0.4380535,0.9992758,1.9971007,0.50036323
1994-04-15 12:00:00,4,0.08242551,1.0008762,2.0087907,0.4982481
1994-04-15 12:00:00,5,0.8466029,0.9970053,2.0031464,0.49771962
1994-04-15 12:00:00,6,0.017246634,1.0015966,2.0010264,0.5005414
1994-04-15 12:00:00,7,0.19292103,1.0015002,2.005558,0.49936238
1994-04-15 12:00:00,8,0.2261943,1.0023254,2.006602,0.4995138
1994-04-15 12:00:00,9,1.3038555,0.99871707,2.0101144,0.49684587
1994-04-15 12:00:00,10,0.048795238,0.9961862,2.0014117,0.49774176
1994-04-15 12:00:00,11,0.44654143,0.9987883,2.0013561,0.49905574
1994-05-16 00:00:00,0,0.39447293,1.0035949,1.9998186,0.501843
1994-05-16 00:00:00,1,1.1053324,1.0002064,2.001417,0.49974912
1994-05-16 00:00:00,2,1.6121848,0.9955918,2.0015092,0.49742055
1994-05-16 00:00:00,3,0.0044309176,0.99938136,1.9965706,0.50054896
1994-05-16 00:00:00,4,0.6183128,1.0006614,2.0092778,0.4980204
1994-05-16 00:00:00,5,0.82970935,0.9970203,2.0032818,0.49769348
1994-05-16 00:00:00,6,0.15176873,1.002036,2.000908,0.50079066
1994-05-16 00:00:00,7,0.80615944,1.0019354,2.005746,0.49953255
1994-05-16 00:00:00,8,0.9668081,1.0024624,2.007347,0.49939662
1994-05-16 00:00:00,9,1.871942,0.9987853,2.0106313,0.49675208
1994-05-16 00:00:00,10,0.36115366,0.99595153,2.0007489,0.49778938
1994-05-16 00:00:00,11,0.1297369,0.99864084,2.0013158,0.49899212
1994-06-15 12:00:00,0,0.06932918,0.98666877,1.9795133,0.4984401
1994-06-15 12:00:00,1,0.12373038,0.9961095,1.9938517,0.49959058
1994-06-15 12:00:00,2,0.067368306,0.9961486,1.9840038,0.50209004
1994-06-15 12:00:00,3,0.53238815,0.9918972,1.9730015,0.50273514
1994-06-15 12:00:00,4,0.61528486,0.9929058,1.993477,0.4980774
1994-06-15 12:00:00,5,0.09071196,0.98807985,1.9842309,0.49796617
1994-06-15 12:00:00,6,1.312008,0.9845893,1.9815713,0.496873
1994-06-15 12:00:00,7,0.14625323,0.9925775,1.9921184,0.49825227
1994-06-15 12:00:00,8,0.24953562,0.997494,1.9865103,0.5021338
1994-06-15 12:00:00,9,0.12597172,0.9949158,1.9921294,0.49942327
1994-06-15 12:00:00,10,0.92162883,0.9873786,1.9843149,0.49759167
1994-06-15 12:00:00,11,0.36198986,0.99324274,1.9756533,0.5027414
1994-07-16 00:00:00,0,0.022374263,0.9916383,1.9953877,0.49696523
1994-07-16 00:00:00,1,0.022835458,0.9971201,2.0047522,0.49737823
1994-07-16 00:00:00,2,0.32444426,0.99890536,1.9972824,0.50013226
1994-07-16 00:00:00,3,0.26855257,0.9958318,1.9876153,0.50101835
1994-07-16 00:00:00,4,0.69943255,0.9978503,2.0019517,0.49843875
1994-07-16 00:00:00,5,0.3027132,0.994286,1.9941947,0.49859023
1994-07-16 00:00:00,6,0.51541865,0.9898479,1.9960009,0.49591556
1994-07-16 00:00:00,7,0.47292638,0.9978386,1.9989437,0.49918297
1994-07-16 00:00:00,8,0.45235756,0.9985936,1.9960054,0.50029606
1994-07-16 00:00:00,9,0.2506792,0.998782,2.0026526,0.49872953
1994-07-16 00:00:00,10,0.30835667,0.9940547,1.9940892,0.4985006
1994-07-16 00:00:00,11,1.0685037,0.9955448,1.9882407,0.50071645
1994-08-16 00:00:00,0,1.1877815,0.9897236,1.989352,0.49751055
1994-08-16 00:00:00,1,1.1531533,0.9968241,2.0007567,0.49822354
1994-08-16 00:00:00,2,0.022481613,0.9977587,1.9923531,0.5007941
1994-08-16 00:00:00,3,0.895505,0.9943971,1.9815551,0.50182664
1994-08-16 00:00:00,4,0.27778584,0.9958717,1.9987148,0.49825603
1994-08-16 00:00:00,5,0.20767675,0.99198693,1.9903907,0.49838805
1994-08-16 00:00:00,6,1.3207788,0.98777604,1.9904135,0.49626675
1994-08-16 00:00:00,7,0.56552774,0.9960463,1.996307,0.49894446
1994-08-16 00:00:00,8,0.66010463,0.99822694,1.9926918,0.50094396
1994-08-16 00:00:00,9,0.94577277,0.99733526,1.9988518,0.4989541
1994-08-16 00:00:00,10,0.9688986,0.99136865,1.9899449,0.49818897
1994-08-16 00:00:00,11,0.034774628,0.9945753,1.9832416,0.50148976
1994-09-15 12:00:00,0,0.07761368,0.9977426,2.004078,0.4978562
1994-09-15 12:00:00,1,0.12480287,0.9976494,2.006985,0.4970886
1994-09-15 12:00:00,2,0.29328755,1.0002269,2.003631,0.49920708
1994-09-15 12:00:00,3,0.15482141,0.9982025,2.002918,0.49837413
1994-09-15 12:00:00,4,0.29140922,1.0025202,2.0074432,0.49940154
1994-09-15 12:00:00,5,0.68861043,0.9975942,2.0020344,0.4982902
1994-09-15 12:00:00,6,0.39289093,0.9968188,2.0051162,0.49713767
1994-09-15 12:00:00,7,0.35207924,0.9989505,2.004762,0.49828884
1994-09-15 12:00:00,8,0.5313685,1.0001332,2.000562,0.49992612
1994-09-15 12:00:00,9,1.3842977,0.99991035,2.0075605,0.49807236
1994-09-15 12:00:00,10,0.4996632,0.99951994,2.0061104,0.49823776
1994-09-15 12:00:00,11,0.40612313,0.9990941,2.001224,0.49924153
1994-10-16 00:00:00,0,0.70838946,1.0001955,2.0020146,0.4995945
1994-10-16 00:00:00,1,0.74499184,0.99871695,2.0042605,0.49829698
1994-10-16 00:00:00,2,0.36030868,0.99811983,2.0027518,0.4983742
1994-10-16 00:00:00,3,0.5313089,0.9989439,2.00004,0.49946195
1994-10-16 00:00:00,4,0.38193822,1.0020216,2.0072904,0.49919114
1994-10-16 00:00:00,5,0.29787168,0.9975161,2.0027552,0.4980719
1994-10-16 00:00:00,6,1.7149296,0.9990983,2.0030017,0.49880052
1994-10-16 00:00:00,7,2.3082552,1.0000554,2.0049407,0.4987955
1994-10-16 00:00:00,8,0.8215218,1.0014392,2.003481,0.49984965
1994-10-16 00:00:00,9,1.0963236,0.9990297,2.0085795,0.4973812
1994-10-16 00:00:00,10,0.16595203,0.99801236,2.0042272,0.4979537
1994-10-16 00:00:00,11,0.03539765,0.9992654,2.001661,0.49921808
1994-11-15 12:00:00,0,0.11456342,1.0036724,1.9998132,0.50188303
1994-11-15 12:00:00,1,0.55843914,1.0004958,2.0015218,0.49986753
1994-11-15 12:00:00,2,0.30810735,0.9950397,2.0022428,0.49696255
1994-11-15 12:00:00,3,0.6437803,1.000155,1.9947821,0.50138557
1994-11-15 12:00:00,4,0.4203312,1.0009102,2.0079257,0.49847966
1994-11-15 12:00:00,5,0.14906952,0.9976641,2.0037897,0.49788862
1994-11-15 12:00:00,6,0.3417774,1.00213,2.0003517,0.5009769
1994-11-15 12:00:00,7,0.11375707,1.0026054,2.0053031,0.499977
1994-11-15 12:00:00,8,0.5173033,1.0031958,2.0087483,0.49941337
1994-11-15 12:00:00,9,0.23333861,0.9982837,2.0111647,0.49637094
1994-11-15 12:00:00,10,0.48417798,0.99562913,2.0000372,0.4978053
1994-11-15 12:00:00,11,0.24584956,0.9989412,2.0015433,0.4990855
1994-12-16 00:00:00,0,0.16681294,1.0036969,1.9995663,0.5019573
1994-12-16 00:00:00,1,0.14405882,1.000287,2.0011954,0.49984476
1994-12-16 00:00:00,2,1.6119673,0.9953734,2.0015233,0.49730796
1994-12-16 00:00:00,3,1.3189162,0.9995478,1.9960529,0.50076216
1994-12-16 00:00:00,4,0.054946005,1.0006895,2.0088766,0.4981339
1994-12-16 00:00:00,5,0.33383352,0.9970971,2.0033734,0.49770907
1994-12-16 00:00:00,6,1.7411153,1.0021242,2.0005841,0.5009158
1994-12-16 00:00:00,7,1.3059874,1.0020404,2.0056107,0.4996186
1994-12-16 00:00:00,8,0.656578,1.0026702,2.0076673,0.4994205
1994-12-16 00:00:00,9,1.1591017,0.9985907,2.0106692,0.49664593
1994-12-16 00:00:00,10,0.23992856,0.9957623,2.000583,0.49773607
1994-12-16 00:00:00,11,0.09366792,0.9987271,2.001338,0.4990297
1995-01-16 00:00:00,0,0.2516005,1.0003011,2.0022168,0.4995968
1995-01-16 00:00:00,1,0.21092586,1.0002488,2.0050669,0.49886057
1995-01-16 00:00:00,2,0.89903045,0.99515283,2.0071106,0.49581364
1995-01-16 00:00:00,3,0.53913885,1.0034293,1.9900651,0.50421935
1995-01-16 00:00:00,4,0.83880234,1.0036774,1.9991012,0.50206435
1995-01-16 00:00:00,5,0.36048678,1.0013472,2.005687,0.49925396
1995-01-16 00:00:00,6,0.5599596,0.99940485,1.9999709,0.4997097
1995-01-16 00:00:00,7,0.28365034,1.0036918,2.0022774,0.5012751
1995-01-16 00:00:00,8,0.1828228,1.0056622,2.0111773,0.5000366
1995-01-16 00:00:00,9,1.2540326,0.9960644,2.0113838,0.4952135
1995-01-16 00:00:00,10,1.2640758,0.99643034,2.0005367,0.4980815
1995-01-16 00:00:00,11,0.42230508,1.0011727,2.0031726,0.4997935
1995-02-14 12:00:00,0,0.0628075,1.0007411,2.0014138,0.5000171
1995-02-14 12:00:00,1,0.12806767,0.9988404,2.0035198,0.49854282
1995-02-14 12:00:00,2,0.8864194,0.99784577,2.002144,0.4983886
1995-02-14 12:00:00,3,0.2074344,0.9987376,2.000055,0.49935505
1995-02-14 12:00:00,4,0.76537424,1.0017313,2.0078828,0.49889928
1995-02-14 12:00:00,5,0.48168868,0.9971525,2.0026362,0.49791995
1995-02-14 12:00:00,6,0.18516532,0.99956375,2.0026636,0.49911714
1995-02-14 12:00:00,7,0.008077473,1.0000176,2.0051582,0.49872258
1995-02-14 12:00:00,8,0.38168263,1.0013926,2.003531,0.49981388
1995-02-14 12:00:00,9,0.683155,0.9990543,2.0085652,0.497397
1995-02-14 12:00:00,10,0.016695537,0.99771357,2.0040123,0.497858
1995-02-14 12:00:00,11,1.249977,0.99911857,2.0015342,0.49917635
1995-03-16 00:00:00,0,0.12134249,1.001703,2.00123,0.50054365
1995-03-16 00:00:00,1,0.07331718,1.0003691,2.0036118,0.49928287
1995-03-16 00:00:00,2,0.18835069,0.9950756,2.00514,0.49626237
1995-03-16 00:00:00,3,0.9302154,1.0021164,1.9919184,0.5030911
1995-03-16 00:00:00,4,0.14962156,1.0025433,2.002689,0.5005986
1995-03-16 00:00:00,5,0.2634094,0.99985904,2.0049314,0.49869987
1995-03-16 00:00:00,6,0.13130565,1.00054,2.0001042,0.50024396
1995-03-16 00:00:00,7,0.18802187,1.003285,2.0035093,0.5007639
1995-03-16 00:00:00,8,0.5253506,1.0046804,2.0102563,0.49977726
1995-03-16 00:00:00,9,2.737042,0.99695945,2.0113308,0.49567154
1995-03-16 00:00:00,10,0.098815955,0.99608254,2.0002837,0.49797064
1995-03-16 00:00:00,11,0.0043670787,1.0002624,2.0025105,0.49950418
1995-04-15 12:00:00,0,0.61630017,1.0036817,1.999717,0.5019119
1995-04-15 12:00:00,1,1.5509179,1.0003921,2.0013828,0.49985042
1995-04-15 12:00:00,2,0.23637915,0.99521416,2.001897,0.49713552
1995-04-15 12:00:00,3,1.118737,0.9998512,1.995429,0.5010708
1995-04-15 12:00:00,4,0.41284582,1.0007995,2.0084221,0.4983014
1995-04-15 12:00:00,5,0.38578913,0.9973863,2.0035841,0.49780104
1995-04-15 12:00:00,6,0.13507535,1.0021254,2.00049,0.50093997
1995-04-15 12:00:00,7,0.16085143,1.0023313,2.0054646,0.49980003
1995-04-15 12:00:00,8,1.9537237,1.0029279,2.008212,0.49941334
1995-04-15 12:00:00,9,0.09986423,0.9984485,2.010931,0.49651057
1995-04-15 12:00:00,10,0.12577416,0.9957068,2.0003042,0.49777767
1995-04-15 12:00:00,11,0.00064207456,0.99882936,2.001443,0.49905464
1995-05-16 00:00:00,0,0.12399844,1.0040909,1.9996548,0.5021321
1995-05-16 00:00:00,1,0.14227457,1.0005476,2.0012105,0.49997124
1995-05-16 00:00:00,2,0.8733996,0.99503624,2.0017424,0.49708506
1995-05-16 00:00:00,3,1.8795495,0.9997803,1.9953468,0.5010559
1995-05-16 00:00:00,4,0.32635233,1.0005693,2.0090926,0.49802053
1995-05-16 00:00:00,5,0.09103723,0.99726254,2.003591,0.49773756
1995-05-16 00:00:00,6,0.361982,1.0024725,2.0004907,0.5011133
1995-05-16 00:00:00,7,0.77429706,1.0025512,2.0057063,0.49984944
1995-05-16 00:00:00,8,0.8081044,1.0028942,2.0085425,0.49931437
1995-05-16 00:00:00,9,1.3991477,0.9986015,2.0112438,0.4965094
1995-05-16 00:00:00,10,0.54134446,0.9955692,1.999902,0.497809
1995-05-16 00:00:00,11,0.1352534,0.9986471,2.0013597,0.4989843
1995-06-15 12:00:00,0,0.29657143,1.0025698,2.0003784,0.50119007
1995-06-15 12:00:00,1,0.06936566,0.9995935,2.0020933,0.49927416
1995-06-15 12:00:00,2,0.26961428,0.99664044,2.0013733,0.4979783
1995-06-15 12:00:00,3,0.27530977,0.99878395,1.9986526,0.49972865
1995-06-15 12:00:00,4,0.11675972,1.0009134,2.009451,0.49810293
1995-06-15 12:00:00,5,0.4462023,0.99675566,2.0028145,0.49767748
1995-06-15 12:00:00,6,0.8141391,1.0011382,2.0017898,0.50012153
1995-06-15 12:00:00,7,0.07465816,1.0009441,2.005759,0.4990351
1995-06-15 12:00:00,8,1.9512943,1.0017378,2.0053444,0.49953407
1995-06-15 12:00:00,9,0.46989292,0.9991211,2.009655,0.49716052
1995-06-15 12:00:00,10,0.17446136,0.996724,2.0022278,0.4978075
1995-06-15 12:00:00,11,0.0993083,0.9986644,2.0012884,0.4990107
1995-07-16 00:00:00,0,1.0111136,0.995579,2.0048273,0.4965909
1995-07-16 00:00:00,1,0.0075787217,0.9976771,2.0097418,0.49642053
1995-07-16 00:00:00,2,3.1135552,1.0004544,2.0047598,0.49903956
1995-07-16 00:00:00,3,0.010445267,0.99835515,1.9986709,0.4995095
1995-07-16 00:00:00,4,0.05517236,1.0016488,2.0067024,0.49915162
1995-07-16 00:00:00,5,0.22321911,0.9980597,2.0008945,0.49880674
1995-07-16 00:00:00,6,0.44903216,0.99436843,2.004806,0.49599233
1995-07-16 00:00:00,7,0.33725575,1.0002068,2.0035236,0.4992239
1995-07-16 00:00:00,8,0.072005145,0.99973816,2.001207,0.49956757
1995-07-16 00:00:00,9,0.047369257,1.0004735,2.008346,0.49815792
1995-07-16 00:00:00,10,1.3767868,0.9988335,2.0022619,0.49885258
1995-07-16 00:00:00,11,0.33874217,0.9979109,1.9980828,0.49943423
1995-08-16 00:00:00,0,0.208339,0.988341,1.9847673,0.49796313
1995-08-16 00:00:00,1,0.51702845,0.99645454,1.9975449,0.49883962
1995-08-16 00:00:00,2,0.0021573524,0.9970876,1.9883907,0.5014546
1995-08-16 00:00:00,3,0.23772992,0.99311686,1.9778779,0.5021123
1995-08-16 00:00:00,4,0.7784654,0.9944429,1.9965566,0.49807897
1995-08-16 00:00:00,5,0.122428834,0.9900617,1.9874829,0.49814853
1995-08-16 00:00:00,6,0.18359452,0.9863001,1.9864048,0.49652523
1995-08-16 00:00:00,7,0.0033987574,0.9943604,1.9944623,0.49856064
1995-08-16 00:00:00,8,0.20869415,0.99776524,1.9896693,0.5014729
1995-08-16 00:00:00,9,0.8002997,0.99631315,1.9956987,0.49923024
1995-08-16 00:00:00,10,0.18900229,0.9895232,1.9874637,0.4978824
1995-08-16 00:00:00,11,0.59239185,0.9938903,1.9796702,0.50204843
1995-09-15 12:00:00,0,1.7979903,0.98960185,1.9891597,0.49749744
1995-09-15 12:00:00,1,0.20613411,0.9967591,2.0006347,0.49822146
1995-09-15 12:00:00,2,0.28056788,0.99778616,1.9921787,0.50085175
1995-09-15 12:00:00,3,0.6956555,0.99432594,1.981509,0.5018024
1995-09-15 12:00:00,4,0.30276075,0.99584496,1.9985603,0.49828115
1995-09-15 12:00:00,5,0.44944215,0.9918946,1.9902501,0.49837685
1995-09-15 12:00:00,6,0.31343544,0.98765594,1.9902693,0.49624237
1995-09-15 12:00:00,7,0.11290269,0.9959033,1.9961953,0.49890074
1995-09-15 12:00:00,8,0.24712689,0.99817777,1.99244,0.5009826
1995-09-15 12:00:00,9,0.07424027,0.997286,1.9986343,0.49898374
1995-09-15 12:00:00,10,0.032202326,0.9913259,1.9899645,0.49816263
1995-09-15 12:00:00,11,0.67699724,0.99456507,1.9830996,0.5015205
1995-10-16 00:00:00,0,0.36031744,0.9878474,1.9831504,0.49812028
1995-10-16 00:00:00,1,0.5807285,0.99641645,1.9964296,0.49909922
1995-10-16 00:00:00,2,0.82485855,0.99671185,1.9870557,0.50160235
1995-10-16 00:00:00,3,1.940493,0.99277925,1.976093,0.502395
1995-10-16 00:00:00,4,0.04707598,0.9939045,1.9955839,0.49805197
1995-10-16 00:00:00,5,0.08902738,0.989491,1.9864743,0.49811417
1995-10-16 00:00:00,6,0.4875202,0.98579586,1.984874,0.49665412
1995-10-16 00:00:00,7,0.5325704,0.99391526,1.9937134,0.49852464
1995-10-16 00:00:00,8,0.41853565,0.99772924,1.9888577,0.50165945
1995-10-16 00:00:00,9,0.21328133,0.9958879,1.9946676,0.4992751
1995-10-16 00:00:00,10,0.45174906,0.9888245,1.9862019,0.49784693
1995-10-16 00:00:00,11,0.15450476,0.99366915,1.9783428,0.5022735
1995-11-15 12:00:00,0,0.8719317,0.992154,1.998473,0.49645603
1995-11-15 12:00:00,1,0.644946,0.9970002,2.0067427,0.49682513
1995-11-15 12:00:00,2,0.8132449,0.9998086,1.9998155,0.49995044
1995-11-15 12:00:00,3,0.4922488,0.9965537,1.9913902,0.5004312
1995-11-15 12:00:00,4,0.65375686,0.99928665,2.0027945,0.49894616
1995-11-15 12:00:00,5,0.49181542,0.99552375,1.9961137,0.498731
1995-11-15 12:00:00,6,0.6903112,0.990568,1.9988383,0.49557185
1995-11-15 12:00:00,7,0.5925462,0.9982154,2.0000973,0.4990834
1995-11-15 12:00:00,8,0.07897187,0.9988031,1.9969124,0.5001737
1995-11-15 12:00:00,9,1.0698298,0.99924475,2.0040061,0.4986236
1995-11-15 12:00:00,10,0.09403592,0.99571604,1.9972632,0.49854022
1995-11-15 12:00:00,11,1.6222987,0.99637413,1.9912285,0.50038165
1995-12-16 00:00:00,0,0.3049847,1.0026522,2.000514,0.5011973
1995-12-16 00:00:00,1,0.2341238,1.0004076,2.0025647,0.4995632
1995-12-16 00:00:00,2,0.130151,0.9950906,2.0036678,0.4966345
1995-12-16 00:00:00,3,0.55937356,1.0011107,1.9934227,0.5022069
1995-12-16 00:00:00,4,0.01958649,1.0017359,2.0052953,0.49954534
1995-12-16 00:00:00,5,0.4609299,0.99874306,2.0043385,0.4982906
1995-12-16 00:00:00,6,1.0300783,1.0013034,2.0002396,0.50059175
1995-12-16 00:00:00,7,0.5443428,1.0028962,2.0044003,0.50034726
1995-12-16 00:00:00,8,0.40407348,1.0039139,2.0094168,0.49960458
1995-12-16 00:00:00,9,0.002256986,0.9976233,2.011194,0.49603537
1995-12-16 00:00:00,10,0.052785873,0.9958748,2.0002248,0.49788144
1995-12-16 00:00:00,11,1.4519123,0.999607,2.002024,0.49929824
1996-01-16 00:00:00,0,1.7182751,1.0029705,2.0002728,0.50141686
1996-01-16 00:00:00,1,0.0856757,1.0004265,2.002216,0.49965963
1996-01-16 00:00:00,2,0.012927568,0.99508363,2.0031912,0.4967492
1996-01-16 00:00:00,3,0.22003257,1.0007913,1.9938865,0.50192994
1996-01-16 00:00:00,4,0.8148994,1.001472,2.0061347,0.49920475
1996-01-16 00:00:00,5,0.32800987,0.99838394,2.004151,0.498158
1996-01-16 00:00:00,6,1.3074937,1.00156,2.0002713,0.50071204
1996-01-16 00:00:00,7,0.7489874,1.0027797,2.0046875,0.50021744
1996-01-16 00:00:00,8,0.013914787,1.003674,2.0091653,0.49954778
1996-01-16 00:00:00,9,0.13749291,0.9978335,2.0111585,0.49614862
1996-01-16 00:00:00,10,0.39622745,0.995798,2.0001907,0.49785152
1996-01-16 00:00:00,11,0.069813095,0.9993951,2.0018659,0.4992318
1996-02-15 00:00:00,0,0.04230501,1.0025157,2.0006137,0.50110406
1996-02-15 00:00:00,1,0.4156874,1.0004032,2.002713,0.499524
1996-02-15 00:00:00,2,0.37812147,0.9950852,2.0038817,0.4965788
1996-02-15 00:00:00,3,0.17395268,1.0012591,1.9931965,0.50233835
1996-02-15 00:00:00,4,0.18432145,1.0018537,2.0049102,0.49970004
1996-02-15 00:00:00,5,0.61255336,0.9989061,2.0044258,0.49835023
1996-02-15 00:00:00,6,0.000836737,1.0011938,2.0002146,0.5005432
1996-02-15 00:00:00,7,0.7582211,1.0029539,2.0042686,0.5004089
1996-02-15 00:00:00,8,1.2661384,1.0040284,2.009543,0.49963024
1996-02-15 00:00:00,9,0.3081215,0.9975237,2.011214,0.4959809
1996-02-15 00:00:00,10,0.9311605,0.99590194,2.0002313,0.4978934
1996-02-15 00:00:00,11,0.17778078,0.99970365,2.002095,0.4993288
1996-03-16 00:00:00,0,0.3715462,1.0037202,1.9997498,0.5019229
1996-03-16 00:00:00,1,0.665189,1.0004396,2.001416,0.49986592
1996-03-16 00:00:00,2,0.24042991,0.9951461,2.0019908,0.49707827
1996-03-16 00:00:00,3,0.016057357,0.9999354,1.9952298,0.501163
1996-03-16 00:00:00,4,1.0276685,1.000809,2.00835,0.498324
1996-03-16 00:00:00,5,1.8453658,0.9974594,2.0036478,0.49782172
1996-03-16 00:00:00,6,0.2001835,1.0021617,2.0004568,0.5009664
1996-03-16 00:00:00,7,1.1605355,1.00244,2.0054438,0.49985942
1996-03-16 00:00:00,8,0.59682214,1.0030031,2.0084095,0.4994017
1996-03-16 00:00:00,9,0.14664128,0.998419,2.011039,0.49646923
1996-03-16 00:00:00,10,0.108418286,0.99567324,2.00018,0.49779183
1996-03-16 00:00:00,11,0.055648625,0.9988423,2.0014653,0.4990555
1996-04-15 12:00:00,0,0.039635055,1.0034654,1.9996519,0.50182
1996-04-15 12:00:00,1,0.4579231,1.0001327,2.0013018,0.49974108
1996-04-15 12:00:00,2,0.021371128,0.99562615,2.0014317,0.49745697
1996-04-15 12:00:00,3,0.20014684,0.99937475,1.9965981,0.50053877
1996-04-15 12:00:00,4,0.096651055,1.0007367,2.008947,0.49813995
1996-04-15 12:00:00,5,0.05785752,0.9969969,2.0032387,0.4976925
1996-04-15 12:00:00,6,0.03896109,1.0019212,2.0007768,0.5007661
1996-04-15 12:00:00,7,1.3861984,1.001767,2.0056238,0.49947903
1996-04-15 12:00:00,8,0.08195978,1.0024793,2.0071342,0.49945804
1996-04-15 12:00:00,9,0.8384044,0.99867165,2.010397,0.49675345
1996-04-15 12:00:00,10,0.6796952,0.99593896,2.000965,0.4977293
1996-04-15 12:00:00,11,0.64891523,0.9987278,2.0013223,0.49903396
1996-05-16 00:00:00,0,0.24488154,1.0037512,1.999616,0.50197196
1996-05-16 00:00:00,1,0.03589422,1.000291,2.0012126,0.49984244
1996-05-16 00:00:00,2,0.39308396,0.99540484,2.0014713,0.49733657
1996-05-16 00:00:00,3,0.21452749,0.9994746,1.9962063,0.500687
1996-05-16 00:00:00,4,0.047229294,1.0006311,2.0091395,0.49803963
1996-05-16 00:00:00,5,0.9843993,0.9970383,2.0033402,0.49768797
1996-05-16 00:00:00,6,3.3466945,1.0021693,2.0006766,0.50091517
1996-05-16 00:00:00,7,0.37689793,1.0020422,2.0057023,0.4995967
1996-05-16 00:00:00,8,0.29969248,1.0025952,2.0076206,0.49939474
1996-05-16 00:00:00,9,0.25843993,0.9986805,2.0107088,0.4966808
1996-05-16 00:00:00,10,0.6850074,0.9957892,2.0005612,0.4977549
1996-05-16 00:00:00,11,0.07637826,0.9986628,2.001311,0.4990043
1996-06-15 12:00:00,0,0.5047558,0.99899477,2.004179,0.49845585
1996-06-15 12:00:00,1,0.15839003,0.9984625,2.006768,0.49754754
1996-06-15 12:00:00,2,0.32817563,0.9990679,2.0042987,0.4984626
1996-06-15 12:00:00,3,0.12848423,0.99907047,2.0006216,0.49938002
1996-06-15 12:00:00,4,0.6273258,1.0023105,2.0075812,0.49926275
1996-06-15 12:00:00,5,0.62589383,0.99819934,2.0028431,0.49839118
1996-06-15 12:00:00,6,0.113829456,0.99799144,2.0046284,0.4978436
1996-06-15 12:00:00,7,0.386912,1.0004398,2.0049334,0.49898905
1996-06-15 12:00:00,8,0.6963611,1.0010297,2.0033326,0.49968225
1996-06-15 12:00:00,9,0.5326321,0.9997001,2.009173,0.49756798
1996-06-15 12:00:00,10,0.2296693,0.99892265,2.0042179,0.4984102
1996-06-15 12:00:00,11,0.11675049,0.9990737,2.0015476,0.4991506
1996-07-16 00:00:00,0,0.6452999,0.99596536,2.005143,0.4967054
1996-07-16 00:00:00,1,0.45387417,0.997558,2.0095456,0.49640974
1996-07-16 00:00:00,2,0.16768706,1.0007406,2.0046213,0.49921682
1996-07-16 00:00:00,3,0.16397035,0.99812907,2.0004888,0.4989426
1996-07-16 00:00:00,4,0.11571955,1.0018495,2.007498,0.4990538
1996-07-16 00:00:00,5,1.7372192,0.99789995,2.0011296,0.4986683
1996-07-16 00:00:00,6,0.27801368,0.99483144,2.0054688,0.4960593
1996-07-16 00:00:00,7,0.055573195,0.9998252,2.0040445,0.49890366
1996-07-16 00:00:00,8,0.033907417,0.99953824,2.0007167,0.4995901
1996-07-16 00:00:00,9,0.118296966,1.0006601,2.0082076,0.49828517
1996-07-16 00:00:00,10,0.5864928,0.99929804,2.003473,0.49878287
1996-07-16 00:00:00,11,1.9590251,0.9980774,1.9988475,0.49932644
1996-08-16 00:00:00,0,1.513202,0.9926204,1.9989576,0.496569
1996-08-16 00:00:00,1,0.041757178,0.9971211,2.00693,0.496839
1996-08-16 00:00:00,2,0.7262103,0.99982285,2.0000215,0.49990606
1996-08-16 00:00:00,3,0.40637296,0.99654,1.9920425,0.5002604
1996-08-16 00:00:00,4,0.49070004,0.99924946,2.0037193,0.4986973
1996-08-16 00:00:00,5,0.6632787,0.99556226,1.996394,0.49868023
1996-08-16 00:00:00,6,0.5611309,0.9910191,1.9993968,0.49565905
1996-08-16 00:00:00,7,1.0940386,0.998454,2.0005586,0.4990876
1996-08-16 00:00:00,8,0.051822517,0.9987371,1.9972926,0.5000455
1996-08-16 00:00:00,9,0.584699,0.99953824,2.0044844,0.49865103
1996-08-16 00:00:00,10,0.60591936,0.9959082,1.9973621,0.49861175
1996-08-16 00:00:00,11,0.15797046,0.99630576,1.9915781,0.50025946
1996-09-15 12:00:00,0,1.4743196,0.9926486,1.9997338,0.49639037
1996-09-15 12:00:00,1,0.07222144,0.9970029,2.0074458,0.49665245
1996-09-15 12:00:00,2,0.36132878,1.0001304,2.0007539,0.4998768
1996-09-15 12:00:00,3,0.020288125,0.99677545,1.9931667,0.5000964
1996-09-15 12:00:00,4,0.75755054,0.99976915,2.0036294,0.49897906
1996-09-15 12:00:00,5,0.4979553,0.9959287,1.996935,0.49872866
1996-09-15 12:00:00,6,1.9593294,0.99110454,2.000109,0.49552527
1996-09-15 12:00:00,7,0.08600682,0.99843794,2.0007591,0.49902955
1996-09-15 12:00:00,8,0.17025654,0.9988189,1.9973898,0.50006205
1996-09-15 12:00:00,9,0.19319528,0.99956346,2.0047092,0.4986077
1996-09-15 12:00:00,10,0.111986876,0.99637,1.9985332,0.49855062
1996-09-15 12:00:00,11,0.6296952,0.9966222,1.9924799,0.50019187
1996-10-16 00:00:00,0,0.3744798,1.0034745,1.9995741,0.5018441
1996-10-16 00:00:00,1,0.45354655,0.9999857,2.0011587,0.49970335
1996-10-16 00:00:00,2,0.00255317,0.99589497,2.000966,0.49770707
1996-10-16 00:00:00,3,0.51969063,0.99893486,1.9975574,0.5000782
1996-10-16 00:00:00,4,0.5723576,1.0005732,2.0097187,0.4978673
1996-10-16 00:00:00,5,1.7076386,0.9966078,2.0029478,0.4975705
1996-10-16 00:00:00,6,0.340415,1.0019108,2.0010273,0.5006982
1996-10-16 00:00:00,7,0.26161292,1.0013938,2.0058763,0.4992301
1996-10-16 00:00:00,8,0.10484182,1.0020792,2.0063744,0.4994478
1996-10-16 00:00:00,9,1.4144487,0.9989384,2.0100954,0.4969607
1996-10-16 00:00:00,10,1.9443266,0.9960734,2.0013342,0.49770468
1996-10-16 00:00:00,11,0.96801615,0.9985524,2.0011787,0.4989821
1996-11-15 12:00:00,0,0.5418526,1.0036967,1.9997146,0.50192
1996-11-15 12:00:00,1,0.31903508,1.0004213,2.0013888,0.49986354
1996-11-15 12:00:00,2,0.87590116,0.99516064,2.0019605,0.49709305
1996-11-15 12:00:00,3,0.39246866,0.99991983,1.9952652,0.5011463
1996-11-15 12:00:00,4,0.24448445,1.0008174,2.0083125,0.4983375
1996-11-15 12:00:00,5,0.7177771,0.997442,2.0036302,0.49781743
1996-11-15 12:00:00,6,0.13718545,1.0021403,2.0004394,0.50096005
1996-11-15 12:00:00,7,0.063221894,1.0023963,2.005429,0.49984133
1996-11-15 12:00:00,8,0.14529301,1.0029935,2.0083456,0.49941278
1996-11-15 12:00:00,9,0.09271303,0.99840605,2.0109851,0.49647608
1996-11-15 12:00:00,10,0.3055998,0.99567443,2.0002322,0.49777943
1996-11-15 12:00:00,11,0.06359712,0.9988529,2.0014615,0.49906176
1996-12-16 00:00:00,0,0.5972164,1.0020815,2.0008943,0.5008168
1996-12-16 00:00:00,1,0.7620181,1.0003585,2.0031388,0.4993955
1996-12-16 00:00:00,2,0.12784655,0.9951149,2.0044618,0.49644995
1996-12-16 00:00:00,3,0.35989127,1.0016478,1.9926528,0.5026705
1996-12-16 00:00:00,4,0.36312085,1.0021996,2.0038087,0.50014734
1996-12-16 00:00:00,5,0.12965284,0.9993466,2.0046456,0.49851537
1996-12-16 00:00:00,6,0.07815149,1.0008409,2.0001655,0.500379
1996-12-16 00:00:00,7,0.8253487,1.0030562,2.0038898,0.50055456
1996-12-16 00:00:00,8,0.6092791,1.0043203,2.0097914,0.4997137
1996-12-16 00:00:00,9,0.19077525,0.9972471,2.011205,0.4958456
1996-12-16 00:00:00,10,0.37960696,0.996007,2.0003316,0.49792096
1996-12-16 00:00:00,11,0.46320134,0.9999832,2.0022929,0.49941903
1997-01-16 00:00:00,0,0.24491806,1.0025142,2.0006564,0.5010927
1997-01-16 00:00:00,1,0.03872922,1.0004368,2.002767,0.49952728
1997-01-16 00:00:00,2,1.0568912,0.9950335,2.0039947,0.49652502
1997-01-16 00:00:00,3,0.17417897,1.0013527,1.9930011,0.50243455
1997-01-16 00:00:00,4,0.049554918,1.0018861,2.0047717,0.49975073
1997-01-16 00:00:00,5,1.7971148,0.9989942,2.0044909,0.498378
1997-01-16 00:00:00,6,0.16255334,1.0011967,2.0001826,0.50055265
1997-01-16 00:00:00,7,0.0071741682,1.0030445,2.004224,0.5004653
1997-01-16 00:00:00,8,0.6724894,1.0041087,2.009714,0.49962768
1997-01-16 00:00:00,9,0.7585113,0.99747956,2.0112958,0.49593878
1997-01-16 00:00:00,10,0.01187838,0.99588233,2.0001426,0.49790567
1997-01-16 00:00:00,11,0.26122382,0.9997345,2.0021262,0.49933642
1997-02-14 12:00:00,0,0.063512094,0.9998351,2.0027392,0.49923378
1997-02-14 12:00:00,1,0.7071627,0.9986213,2.0050561,0.49805152
1997-02-14 12:00:00,2,1.2583886,0.99845916,2.0032136,0.4984287
1997-02-14 12:00:00,3,0.14245446,0.9989422,2.000391,0.49937347
1997-02-14 12:00:00,4,0.069357574,1.00211,2.0075014,0.49918273
1997-02-14 12:00:00,5,0.008084459,0.99770266,2.002775,0.49816015
1997-02-14 12:00:00,6,1.7831357,0.998772,2.003589,0.4984915
1997-02-14 12:00:00,7,0.35554412,1.0001429,2.0049891,0.4988271
1997-02-14 12:00:00,8,0.11941994,1.0012662,2.0033612,0.49979317
1997-02-14 12:00:00,9,0.4964908,0.9992817,2.0087554,0.4974631
1997-02-14 12:00:00,10,0.14231165,0.99834555,2.0042984,0.49810225
1997-02-14 12:00:00,11,0.28513402,0.9991941,2.001656,0.4991837
1997-03-16 00:00:00,0,0.061713446,0.9984242,2.0034018,0.49836442
1997-03-16 00:00:00,1,1.1637247,0.99798554,2.0060868,0.49747872
1997-03-16 00:00:00,2,0.3351983,0.99947476,2.0035756,0.49884555
1997-03-16 00:00:00,3,0.12302621,0.99869645,2.0017118,0.4989212
1997-03-16 00:00:00,4,0.012189188,1.0026017,2.0066495,0.4996397
1997-03-16 00:00:00,5,0.36160347,0.99779886,2.0024538,0.49828807
1997-03-16 00:00:00,6,0.14628701,0.9975032,2.0042765,0.49768743
1997-03-16 00:00:00,7,0.3229121,0.999309,2.0046034,0.49850708
1997-03-16 00:00:00,8,0.34825355,1.0008042,2.0016747,0.49998343
1997-03-16 00:00:00,9,0.38057956,0.99936116,2.007815,0.4977357
1997-03-16 00:00:00,10,0.65359765,0.9990547,2.0056977,0.4981083
1997-03-16 00:00:00,11,0.07632182,0.9993966,2.001625,0.4992926
1997-04-15 12:00:00,0,0.18284325,0.9984557,2.00359,0.4983333
1997-04-15 12:00:00,1,0.03392422,0.99799657,2.0062747,0.49743766
1997-04-15 12:00:00,2,0.7985547,0.999556,2.0035818,0.49888456
1997-04-15 12:00:00,3,0.08020283,0.9985843,2.001896,0.4988193
1997-04-15 12:00:00,4,0.37300673,1.0024831,2.0071344,0.4994599
1997-04-15 12:00:00,5,0.2694139,0.9977358,2.002392,0.49827194
1997-04-15 12:00:00,6,0.71813,0.99750924,2.0044992,0.49763516
1997-04-15 12:00:00,7,1.0885414,0.9993791,2.0047517,0.49850518
1997-04-15 12:00:00,8,0.8183144,1.0006549,2.0016506,0.49991488
1997-04-15 12:00:00,9,0.09454823,0.99956423,2.007957,0.4978016
1997-04-15 12:00:00,10,0.6355077,0.9991085,2.0055559,0.49817038
1997-04-15 12:00:00,11,1.4835234,0.9992454,2.0015059,0.4992468
1997-05-16 00:00:00,0,0.24131547,0.9968177,2.0050595,0.4971512
1997-05-16 00:00:00,1,1.0947032,0.9975183,2.0085065,0.4966468
1997-05-16 00:00:00,2,1.6264073,1.0006793,2.0044866,0.49921975
1997-05-16 00:00:00,3,1.6322591,0.9982926,2.002416,0.4985441
1997-05-16 00:00:00,4,0.29710612,1.0025197,2.007315,0.49943322
1997-05-16 00:00:00,5,0.07511448,0.9979615,2.0018742,0.4985136
1997-05-16 00:00:00,6,0.10644115,0.99587226,2.0057015,0.49652067
1997-05-16 00:00:00,7,0.6895039,0.9992928,2.004495,0.49852598
1997-05-16 00:00:00,8,0.18413089,0.9998971,2.0005739,0.49980515
1997-05-16 00:00:00,9,0.56085926,1.0002557,2.0078924,0.498162
1997-05-16 00:00:00,10,0.7207302,0.9997545,2.0055249,0.49850017
1997-05-16 00:00:00,11,1.2670362,0.99882996,2.0006168,0.49926102
1997-06-15 12:00:00,0,0.21612884,1.0028895,2.0006762,0.5012753
1997-06-15 12:00:00,1,0.31963754,0.9999624,2.0023742,0.49938837
1997-06-15 12:00:00,2,0.39455605,0.9961374,2.0020764,0.49755213
1997-06-15 12:00:00,3,1.2465687,0.9993945,1.9972069,0.5003961
1997-06-15 12:00:00,4,0.2383236,1.0009576,2.0090387,0.49822715
1997-06-15 12:00:00,5,0.37815422,0.9972933,2.00329,0.49782774
1997-06-15 12:00:00,6,0.14914867,1.0014421,2.0015974,0.50032145
1997-06-15 12:00:00,7,0.8850602,1.0017834,2.005651,0.4994804
1997-06-15 12:00:00,8,0.18703116,1.0022769,2.0068414,0.49943003
1997-06-15 12:00:00,9,0.08957994,0.99894565,2.0105138,0.4968609
1997-06-15 12:00:00,10,0.73720527,0.99649084,2.0012572,0.49793243
1997-06-15 12:00:00,11,0.61139214,0.9987314,2.001452,0.4990034
1997-07-16 00:00:00,0,0.39279816,0.9970224,2.0053957,0.4971699
1997-07-16 00:00:00,1,0.7656517,0.9977659,2.0089178,0.49666834
1997-07-16 00:00:00,2,0.084046885,1.000456,2.0048344,0.49902174
1997-07-16 00:00:00,3,0.61913973,0.99846417,2.0015986,0.49883336
1997-07-16 00:00:00,4,0.35984242,1.0022844,2.007769,0.49920303
1997-07-16 00:00:00,5,0.13252428,0.9981414,2.001981,0.49857685
1997-07-16 00:00:00,6,0.27868712,0.99600726,2.0058062,0.49656206
1997-07-16 00:00:00,7,0.64763325,0.9999161,2.0045898,0.4988133
1997-07-16 00:00:00,8,0.44040385,0.99997884,2.0014348,0.499631
1997-07-16 00:00:00,9,0.7580151,1.0004559,2.008588,0.4980891
1997-07-16 00:00:00,10,0.009684546,0.99960274,2.0045285,0.49867225
1997-07-16 00:00:00,11,0.19405149,0.9985848,2.0003495,0.49920517
1997-08-16 00:00:00,0,0.39093325,0.99677527,2.0054598,0.4970308
1997-08-16 00:00:00,1,0.59035915,0.9976793,2.008935,0.496621
1997-08-16 00:00:00,2,1.0862918,1.0004679,2.0052063,0.49893513
1997-08-16 00:00:00,3,0.029673785,0.9988127,2.0015178,0.49902764
1997-08-16 00:00:00,4,0.18611048,1.0027472,2.0066001,0.49972448
1997-08-16 00:00:00,5,0.06920513,0.9984908,2.002271,0.49867916
1997-08-16 00:00:00,6,0.45336127,0.9958693,2.0056794,0.49652466
1997-08-16 00:00:00,7,0.013384368,0.99978644,2.0042822,0.49882516
1997-08-16 00:00:00,8,0.7624837,1.0003126,2.0014768,0.49978724
1997-08-16 00:00:00,9,0.5533179,1.0000557,2.0083656,0.497945
1997-08-16 00:00:00,10,0.22189192,0.99974805,2.0051458,0.4985912
1997-08-16 00:00:00,11,0.25867325,0.99901766,2.0008726,0.49929097
1997-09-15 12:00:00,0,0.09036804,0.9981954,2.00447,0.49798468
1997-09-15 12:00:00,1,0.94682145,0.9980607,2.00732,0.4972106
1997-09-15 12:00:00,2,0.5052795,0.9997378,2.0042553,0.4988076
1997-09-15 12:00:00,3,0.5270537,0.9986939,2.0016198,0.49894285
1997-09-15 12:00:00,4,0.92424256,1.0024116,2.0075686,0.49931625
1997-09-15 12:00:00,5,0.1901486,0.9980324,2.0024524,0.49840507
1997-09-15 12:00:00,6,1.0437969,0.9972269,2.0050802,0.49735013
1997-09-15 12:00:00,7,0.27632985,0.9998667,2.0048265,0.4987298
1997-09-15 12:00:00,8,0.15029113,1.0005448,2.0020826,0.499752
1997-09-15 12:00:00,9,0.52108586,0.99992055,2.0085666,0.49782792
1997-09-15 12:00:00,10,0.3599779,0.9992963,2.0049474,0.49841523
1997-09-15 12:00:00,11,0.19016606,0.99900734,2.0012782,0.49918464
1997-10-16 00:00:00,0,0.7154181,0.9999328,2.0019703,0.49947435
1997-10-16 00:00:00,1,0.8843472,0.99842656,2.004241,0.49815693
1997-10-16 00:00:00,2,0.14130834,0.99858904,2.0022814,0.49872562
1997-10-16 00:00:00,3,0.03592612,0.99842125,2.0012944,0.49888775
1997-10-16 00:00:00,4,0.32015538,1.0019398,2.0078878,0.49900186
1997-10-16 00:00:00,5,0.5857914,0.9970943,2.002369,0.49795732
1997-10-16 00:00:00,6,0.32544228,0.99883217,2.0033383,0.49858385
1997-10-16 00:00:00,7,0.28060177,0.99946505,2.0051074,0.4984596
1997-10-16 00:00:00,8,1.5323015,1.0009267,2.0023181,0.49988398
1997-10-16 00:00:00,9,0.13246383,0.9993022,2.0080264,0.49765393
1997-10-16 00:00:00,10,0.3980878,0.9982523,2.004921,0.49790105
1997-10-16 00:00:00,11,0.19652356,0.9991249,2.001476,0.49919403
1997-11-15 12:00:00,0,1.286424,1.0028511,2.0003386,0.5013407
1997-11-15 12:00:00,1,0.04808075,1.0003842,2.002308,0.49961558
1997-11-15 12:00:00,2,2.0900986,0.9951475,2.003259,0.4967643
1997-11-15 12:00:00,3,0.22944771,1.0008098,1.9939325,0.5019276
1997-11-15 12:00:00,4,0.65336365,1.001535,2.0059876,0.4992728
1997-11-15 12:00:00,5,0.2920126,0.9984279,2.004153,0.4981795
1997-11-15 12:00:00,6,0.708607,1.00146,2.0003114,0.500652
1997-11-15 12:00:00,7,0.56658155,1.0027328,2.0046344,0.5002073
1997-11-15 12:00:00,8,0.07381738,1.0036733,2.0090797,0.4995687
1997-11-15 12:00:00,9,0.09778956,0.9978119,2.0110953,0.49615347
1997-11-15 12:00:00,10,0.7845502,0.9958566,2.0002935,0.49785525
1997-11-15 12:00:00,11,0.24437754,0.9994371,2.0018928,0.49924606
1997-12-16 00:00:00,0,0.0032705422,1.0036433,1.999765,0.5018806
1997-12-16 00:00:00,1,0.23436527,1.0003935,2.0014422,0.49983633
1997-12-16 00:00:00,2,0.02894476,0.99521524,2.0019698,0.497118
1997-12-16 00:00:00,3,0.0797102,0.99989545,1.9953667,0.50110865
1997-12-16 00:00:00,4,0.1362856,1.0008323,2.0083275,0.4983412
1997-12-16 00:00:00,5,0.30261812,0.99743843,2.0036128,0.49781996
1997-12-16 00:00:00,6,0.145519,1.0020952,2.0004973,0.50092304
1997-12-16 00:00:00,7,0.4130396,1.0023574,2.005433,0.4998209
1997-12-16 00:00:00,8,1.0340451,1.0029591,2.008258,0.49941745
1997-12-16 00:00:00,9,0.9835348,0.99842757,2.0109503,0.4964954
1997-12-16 00:00:00,10,0.14610937,0.99572116,2.000297,0.49778664
1997-12-16 00:00:00,11,0.12187163,0.9988535,2.0014656,0.49906105
1998-01-16 00:00:00,0,0.12814379,1.0021067,2.0008013,0.50085264
1998-01-16 00:00:00,1,0.33437097,1.000307,2.0030224,0.49939877
1998-01-16 00:00:00,2,0.36167392,0.9951924,2.0042472,0.49654174
1998-01-16 00:00:00,3,1.3036029,1.0014795,1.992986,0.502502
1998-01-16 00:00:00,4,0.6668877,1.0021307,2.0040755,0.5000464
1998-01-16 00:00:00,5,0.100204885,0.9991823,2.0045302,0.49846208
1998-01-16 00:00:00,6,0.067980565,1.0008546,2.00021,0.50037473
1998-01-16 00:00:00,7,0.3238256,1.0029036,2.003976,0.50045687
1998-01-16 00:00:00,8,0.6467511,1.0041801,2.0095055,0.499715
1998-01-16 00:00:00,9,0.27518395,0.99732697,2.0110698,0.49591863
1998-01-16 00:00:00,10,1.0187615,0.9960285,2.00047,0.49789727
1998-01-16 00:00:00,11,0.075532354,0.99992186,2.0022318,0.49940363
1998-02-14 12:00:00,0,0.5420956,1.0005965,2.0020113,0.49979565
1998-02-14 12:00:00,1,0.96461785,1.0002754,2.004763,0.49894947
1998-02-14 12:00:00,2,0.4691015,0.9951351,2.0066996,0.49590638
1998-02-14 12:00:00,3,1.0894794,1.0031556,1.9904497,0.5039844
1998-02-14 12:00:00,4,0.1390243,1.0034394,1.9998537,0.5017564
1998-02-14 12:00:00,5,0.5580224,1.0010366,2.00553,0.49913818
1998-02-14 12:00:00,6,0.9643175,0.99964404,1.9999988,0.49982232
1998-02-14 12:00:00,7,0.488637,1.0036095,2.0025363,0.5011692
1998-02-14 12:00:00,8,0.06360988,1.0054576,2.0109892,0.4999816
1998-02-14 12:00:00,9,0.28084806,0.99625206,2.0113761,0.49530867
1998-02-14 12:00:00,10,0.06631896,0.9963567,2.0004802,0.4980588
1998-02-14 12:00:00,11,0.06950761,1.0009816,2.0030344,0.4997326
1998-03-16 00:00:00,0,0.7541495,1.0035157,1.9999288,0.50177574
1998-03-16 00:00:00,1,0.7817473,1.0004746,2.0016847,0.49981627
1998-03-16 00:00:00,2,0.050046727,0.995066,2.0024414,0.4969264
1998-03-16 00:00:00,3,0.0010730337,1.0002766,1.9946333,0.5014839
1998-03-16 00:00:00,4,0.71490943,1.0010272,2.0075767,0.49862465
1998-03-16 00:00:00,5,0.21451521,0.99781007,2.0038588,0.4979443
1998-03-16 00:00:00,6,0.34373447,1.0020024,2.0003593,0.5009112
1998-03-16 00:00:00,7,0.021119336,1.0026331,2.0051827,0.5000208
1998-03-16 00:00:00,8,0.22083914,1.0032809,2.0088105,0.49944028
1998-03-16 00:00:00,9,0.5822998,0.99820304,2.0111592,0.4963322
1998-03-16 00:00:00,10,0.2636223,0.9956794,2.0000834,0.49781892
1998-03-16 00:00:00,11,1.2961558,0.99903095,2.0016098,0.49911374
1998-04-15 12:00:00,0,0.54920924,1.0037185,1.9996775,0.5019402
1998-04-15 12:00:00,1,0.09418415,1.0003382,2.0013041,0.49984315
1998-04-15 12:00:00,2,0.22722828,0.99532133,2.0016744,0.49724436
1998-04-15 12:00:00,3,0.16027941,0.99964696,1.9958563,0.50086117
1998-04-15 12:00:00,4,0.014342128,1.0007076,2.008824,0.49815592
1998-04-15 12:00:00,5,0.15036659,0.99720085,2.0034537,0.4977409
1998-04-15 12:00:00,6,0.9191923,1.0021487,2.0006037,0.50092316
1998-04-15 12:00:00,7,0.8037934,1.00218,2.0055983,0.49969128
1998-04-15 12:00:00,8,0.020874454,1.0027447,2.007895,0.49940094
1998-04-15 12:00:00,9,0.976977,0.99858093,2.0108194,0.49660397
1998-04-15 12:00:00,10,0.32637405,0.9957574,2.0004394,0.49776933
1998-04-15 12:00:00,11,0.12453615,0.9987361,2.0013726,0.49902555
1998-05-16 00:00:00,0,0.788448,1.0033442,2.0000246,0.50166595
1998-05-16 00:00:00,1,0.023082487,1.000445,2.001834,0.49976423
1998-05-16 00:00:00,2,0.21658947,0.9950952,2.002632,0.4968937
1998-05-16 00:00:00,3,0.28522685,1.0003984,1.9944845,0.50158244
1998-05-16 00:00:00,4,0.018735535,1.0011531,2.007187,0.4987842
1998-05-16 00:00:00,5,0.35873953,0.9979539,2.0039234,0.49800003
1998-05-16 00:00:00,6,0.00937387,1.0018613,2.0003498,0.5008431
1998-05-16 00:00:00,7,0.5290604,1.0026422,2.0050476,0.50005907
1998-05-16 00:00:00,8,1.0546256,1.003369,2.0088499,0.49947435
1998-05-16 00:00:00,9,0.7338441,0.9981082,2.0111268,0.49629304
1998-05-16 00:00:00,10,0.15427655,0.99572736,2.0001543,0.4978253
1998-05-16 00:00:00,11,0.40887147,0.99913114,2.001677,0.49914703
1998-06-15 12:00:00,0,0.8407106,1.0031303,2.0001276,0.50153315
1998-06-15 12:00:00,1,0.3169086,0.9999745,2.0017917,0.49953973
1998-06-15 12:00:00,2,0.11557017,0.9959954,2.0015988,0.4975999
1998-06-15 12:00:00,3,0.12723094,0.99923843,1.9972489,0.50030744
1998-06-15 12:00:00,4,0.4808685,1.0008209,2.0091643,0.49812794
1998-06-15 12:00:00,5,0.0060942015,0.9970198,2.0031595,0.49772364
1998-06-15 12:00:00,6,0.28914866,1.0016358,2.0012617,0.50050217
1998-06-15 12:00:00,7,0.3248435,1.0016077,2.0056908,0.49938288
1998-06-15 12:00:00,8,1.4969398,1.0022448,2.0066712,0.49945644
1998-06-15 12:00:00,9,3.06835,0.9988748,2.0102975,0.49687907
1998-06-15 12:00:00,10,0.65472364,0.99627495,2.001301,0.49781364
1998-06-15 12:00:00,11,1.4772309,0.99869573,2.0013492,0.49901122
1998-07-16 00:00:00,0,0.11490728,0.9978595,2.005193,0.49763763
1998-07-16 00:00:00,1,0.11033105,0.9980737,2.0083156,0.49697056
1998-07-16 00:00:00,2,0.033171743,0.99997115,2.0047333,0.49880508
1998-07-16 00:00:00,3,0.2648586,0.998657,2.0013714,0.49898633
1998-07-16 00:00:00,4,0.0839778,1.0022173,2.0081384,0.4990778
1998-07-16 00:00:00,5,1.1646106,0.99817294,2.0023384,0.49850363
1998-07-16 00:00:00,6,0.28678975,0.9968334,2.005612,0.49702206
1998-07-16 00:00:00,7,0.05158017,1.0002538,2.00488,0.49890956
1998-07-16 00:00:00,8,0.46204802,1.0002942,2.002281,0.49957734
1998-07-16 00:00:00,9,0.018803753,1.0003496,2.009035,0.4979254
1998-07-16 00:00:00,10,0.37757987,0.9994177,2.0042667,0.49864507
1998-07-16 00:00:00,11,0.03568435,0.99866176,2.000787,0.49913445
1998-08-16 00:00:00,0,0.5794808,0.9880588,1.9838667,0.49804696
1998-08-16 00:00:00,1,0.40207997,0.99642164,1.9969382,0.49897468
1998-08-16 00:00:00,2,0.33038586,0.9968774,1.9876522,0.5015351
1998-08-16 00:00:00,3,0.084905714,0.9929473,1.9768225,0.5022946
1998-08-16 00:00:00,4,0.06539747,0.9941347,1.9960133,0.49806017
1998-08-16 00:00:00,5,0.08911468,0.98974407,1.9869131,0.49813154
1998-08-16 00:00:00,6,0.0655617,0.9860084,1.9855373,0.49659526
1998-08-16 00:00:00,7,0.07654831,0.9941412,1.9940019,0.49856585
1998-08-16 00:00:00,8,0.4835088,0.99773705,1.9892371,0.5015677
1998-08-16 00:00:00,9,0.13389993,0.99607563,1.9951491,0.4992487
1998-08-16 00:00:00,10,0.024148025,0.98911446,1.9867136,0.49786463
1998-08-16 00:00:00,11,1.5208005,0.9937417,1.9788914,0.5021709
1998-09-15 12:00:00,0,0.1199003,1.0029187,2.0004313,0.50135124
1998-09-15 12:00:00,1,0.8632467,0.9999617,2.0021467,0.49944475
1998-09-15 12:00:00,2,0.3276173,0.9960561,2.0019565,0.49754134
1998-09-15 12:00:00,3,0.09756417,0.9994128,1.9970713,0.5004392
1998-09-15 12:00:00,4,0.5954029,1.0009704,2.0088134,0.49828938
1998-09-15 12:00:00,5,0.5124391,0.9972557,2.0032768,0.4978122
1998-09-15 12:00:00,6,0.4911594,1.0014659,2.0013843,0.50038666
1998-09-15 12:00:00,7,1.5518625,1.0017154,2.0055723,0.49946612
1998-09-15 12:00:00,8,1.1171778,1.0023422,2.0068226,0.49946728
1998-09-15 12:00:00,9,0.09146909,0.9988274,2.0103922,0.4968321
1998-09-15 12:00:00,10,0.85692555,0.9963904,2.0012996,0.49787167
1998-09-15 12:00:00,11,0.15611173,0.9987866,2.0014477,0.4990321
1998-10-16 00:00:00,0,0.14780502,1.0002513,2.0021486,0.49958894
1998-10-16 00:00:00,1,0.90129775,0.99866974,2.0043466,0.498252
1998-10-16 00:00:00,2,0.5767945,0.9982925,2.0025725,0.49850506
1998-10-16 00:00:00,3,0.3164102,0.99867713,2.0006132,0.4991855
1998-10-16 00:00:00,4,0.77395195,1.001865,2.0080242,0.49893075
1998-10-16 00:00:00,5,0.20187452,0.9973091,2.0026014,0.4980068
1998-10-16 00:00:00,6,0.38441512,0.9991254,2.003299,0.49874005
1998-10-16 00:00:00,7,0.6972576,0.99996626,2.0051801,0.4986915
1998-10-16 00:00:00,8,0.37800494,1.0011584,2.003166,0.49978802
1998-10-16 00:00:00,9,0.16665365,0.9993064,2.0085886,0.49751672
1998-10-16 00:00:00,10,0.8908434,0.99811846,2.0042825,0.4979929
1998-10-16 00:00:00,11,0.05162767,0.9990746,2.0015357,0.49915403
1998-11-15 12:00:00,0,0.16453978,1.0035357,1.9998448,0.5018068
1998-11-15 12:00:00,1,0.946167,1.000433,2.001583,0.49982086
1998-11-15 12:00:00,2,0.056459274,0.99512476,2.0022662,0.49699923
1998-11-15 12:00:00,3,0.2560937,1.0001434,1.9948931,0.5013519
1998-11-15 12:00:00,4,0.3726981,1.0009732,2.0077784,0.49854767
1998-11-15 12:00:00,5,2.9369888,0.9976778,2.003766,0.49790135
1998-11-15 12:00:00,6,0.43362698,1.002013,2.0003858,0.50090986
1998-11-15 12:00:00,7,0.0009833965,1.0025082,2.0052478,0.49994227
1998-11-15 12:00:00,8,0.7110711,1.0031719,2.0085812,0.49944305
1998-11-15 12:00:00,9,0.37170345,0.9982615,2.011046,0.4963892
1998-11-15 12:00:00,10,0.20455898,0.99569255,2.000196,0.4977975
1998-11-15 12:00:00,11,0.047753703,0.9989846,2.0015607,0.4991028
1998-12-16 00:00:00,0,0.3952339,1.0027541,2.0001101,0.50134945
1998-12-16 00:00:00,1,0.063169554,0.9996814,2.0018153,0.49938744
1998-12-16 00:00:00,2,0.59998006,0.9964319,2.0012825,0.49789667
1998-12-16 00:00:00,3,0.13752002,0.99886596,1.9982826,0.49986222
1998-12-16 00:00:00,4,0.18551007,1.0008729,2.0093076,0.49811828
1998-12-16 00:00:00,5,1.0524842,0.99674785,2.0028625,0.49766165
1998-12-16 00:00:00,6,0.0525782,1.0012971,2.001513,0.5002701
1998-12-16 00:00:00,7,0.10976474,1.0010308,2.0057156,0.4990891
1998-12-16 00:00:00,8,1.2271186,1.0018758,2.0056043,0.4995381
1998-12-16 00:00:00,9,1.0276526,0.99899924,2.0097053,0.49708742
1998-12-16 00:00:00,10,0.38562012,0.9965376,2.002046,0.49775958
1998-12-16 00:00:00,11,0.5772062,0.99868983,2.0012815,0.49902517
1999-01-16 00:00:00,0,1.0077221,1.003957,1.9995862,0.5020824
1999-01-16 00:00:00,1,0.76054424,1.0004964,2.001192,0.4999502
1999-01-16 00:00:00,2,0.17758916,0.9950614,2.0017664,0.49709165
1999-01-16 00:00:00,3,1.6985172,0.9998238,1.9952966,0.50109035
1999-01-16 00:00:00,4,0.203446,1.0006582,2.008752,0.49814916
1999-01-16 00:00:00,5,0.13177846,0.9973021,2.003591,0.49775732
1999-01-16 00:00:00,6,0.06395106,1.0023572,2.000404,0.5010774
1999-01-16 00:00:00,7,1.3441658,1.0024599,2.0055845,0.4998343
1999-01-16 00:00:00,8,0.23500793,1.0029402,2.0084417,0.49936235
1999-01-16 00:00:00,9,0.33865115,0.99849755,2.0110977,0.49649382
1999-01-16 00:00:00,10,0.13258123,0.99557376,2.0000482,0.4977749
1999-01-16 00:00:00,11,0.7522748,0.99873495,2.0013874,0.49902132
1999-02-14 12:00:00,0,0.5638782,1.0033389,2.000011,0.5016667
1999-02-14 12:00:00,1,0.619095,1.0004532,2.0018294,0.49976948
1999-02-14 12:00:00,2,0.14972116,0.99507195,2.002659,0.49687535
1999-02-14 12:00:00,3,0.40001047,1.0004332,1.9944037,0.50162023
1999-02-14 12:00:00,4,1.9720982,1.0011697,2.007101,0.49881378
1999-02-14 12:00:00,5,0.58146983,0.9979814,2.0039432,0.49800885
1999-02-14 12:00:00,6,0.11352015,1.0018578,2.0003138,0.5008503
1999-02-14 12:00:00,7,0.76373607,1.0026608,2.0050185,0.5000756
1999-02-14 12:00:00,8,0.15887347,1.003404,2.0088992,0.49947953
1999-02-14 12:00:00,9,0.79972506,0.99807674,2.0111341,0.49627557
1999-02-14 12:00:00,10,0.020943597,0.99571097,2.0001369,0.49782142
1999-02-14 12:00:00,11,0.98593336,0.9991511,2.0016878,0.49915433
1999-03-16 00:00:00,0,0.04984088,1.0034815,1.9998387,0.5017812
1999-03-16 00:00:00,1,0.3132213,1.0003487,2.0015602,0.49978447
1999-03-16 00:00:00,2,0.17254966,0.99527085,2.0020945,0.4971148
1999-03-16 00:00:00,3,2.675153,0.9999622,1.9953289,0.50115156
1999-03-16 00:00:00,4,0.15280336,1.0009342,2.008035,0.49846455
1999-03-16 00:00:00,5,0.4496863,0.99753016,2.0036407,0.49785882
1999-03-16 00:00:00,6,0.13633586,1.0019604,2.0005093,0.50085264
1999-03-16 00:00:00,7,0.13815734,1.0023211,2.0053296,0.4998286
1999-03-16 00:00:00,8,0.046386693,1.003,2.0082088,0.4994501
1999-03-16 00:00:00,9,0.9471863,0.99836326,2.0108807,0.49648058
1999-03-16 00:00:00,10,0.15704194,0.9957785,2.0004077,0.49778777
1999-03-16 00:00:00,11,0.03404504,0.9989313,2.0015132,0.49908802
1999-04-15 12:00:00,0,0.6767683,1.0038252,1.9997367,0.5019787
1999-04-15 12:00:00,1,0.36616278,1.0003967,2.0013313,0.49986562
1999-04-15 12:00:00,2,0.25845167,0.99526745,2.0017087,0.49720892
1999-04-15 12:00:00,3,0.048049856,0.9996649,1.995779,0.50088954
1999-04-15 12:00:00,4,0.07472749,1.000656,2.009,0.4980866
1999-04-15 12:00:00,5,0.073682144,0.99721473,2.0034876,0.4977394
1999-04-15 12:00:00,6,0.36994275,1.0022424,2.0006387,0.50096124
1999-04-15 12:00:00,7,1.3793765,1.0022963,2.0056643,0.49973282
1999-04-15 12:00:00,8,0.3356747,1.0027568,2.0080664,0.49936438
1999-04-15 12:00:00,9,1.5154682,0.99863005,2.0109699,0.49659124
1999-04-15 12:00:00,10,1.7797847,0.99573517,2.000279,0.49779814
1999-04-15 12:00:00,11,0.21933545,0.9986877,2.0013673,0.4990027
1999-05-16 00:00:00,0,1.0558476,0.9966945,2.0050666,0.497088
1999-05-16 00:00:00,1,0.014505055,0.997475,2.0085104,0.4966243
1999-05-16 00:00:00,2,0.61228335,1.000689,2.0046234,0.49919054
1999-05-16 00:00:00,3,0.077368975,0.9984287,2.0023677,0.49862406
1999-05-16 00:00:00,4,1.1000502,1.0027044,2.0068154,0.49964952
1999-05-16 00:00:00,5,0.085953265,0.9980955,2.001978,0.4985547
1999-05-16 00:00:00,6,1.7972976,0.9957951,2.0056355,0.49649853
1999-05-16 00:00:00,7,1.6002628,0.9992251,2.0043523,0.49852768
1999-05-16 00:00:00,8,0.019054715,1.0000275,2.0005658,0.49987236
1999-05-16 00:00:00,9,0.38220522,1.0000873,2.0077763,0.49810693
1999-05-16 00:00:00,10,0.5200709,0.99980885,2.0057716,0.49846596
1999-05-16 00:00:00,11,0.55789787,0.999005,2.000806,0.49930125
1999-06-15 12:00:00,0,0.10022102,0.99801195,2.0049422,0.4977759
1999-06-15 12:00:00,1,0.5461472,0.99809587,2.0078838,0.49708846
1999-06-15 12:00:00,2,0.27115786,0.9998043,2.0047026,0.4987295
1999-06-15 12:00:00,3,0.04661981,0.9988488,2.0013425,0.4990894
1999-06-15 12:00:00,4,0.23779425,1.002453,2.0075305,0.49934635
1999-06-15 12:00:00,5,1.3625647,0.99827754,2.0025523,0.4985026
1999-06-15 12:00:00,6,0.7356324,0.99705386,2.0053358,0.49720046
1999-06-15 12:00:00,7,0.77295685,1.0001389,2.0047836,0.4988762
1999-06-15 12:00:00,8,0.2492667,1.0005771,2.0023913,0.49969107
1999-06-15 12:00:00,9,0.34660238,1.000019,2.0088704,0.49780163
1999-06-15 12:00:00,10,1.0679176,0.99940294,2.0046613,0.49853954
1999-06-15 12:00:00,11,0.5830594,0.9989657,2.001233,0.49917507
1999-07-16 00:00:00,0,1.2101977,0.99250185,1.9987458,0.49656233
1999-07-16 00:00:00,1,0.5654573,0.99712306,2.0068893,0.49685004
1999-07-16 00:00:00,2,0.2591742,0.9997497,1.9999741,0.49988133
1999-07-16 00:00:00,3,0.22349161,0.9965621,1.9915446,0.5003966
1999-07-16 00:00:00,4,0.500976,0.9991861,2.0034754,0.4987264
1999-07-16 00:00:00,5,0.7494435,0.99554527,1.9962603,0.49870515
1999-07-16 00:00:00,6,0.23454213,0.9908545,1.9991088,0.49564812
1999-07-16 00:00:00,7,1.4786594,0.99850494,2.0003839,0.49915665
1999-07-16 00:00:00,8,0.11751693,0.99876624,1.997321,0.5000529
1999-07-16 00:00:00,9,0.010775236,0.99946105,2.0044663,0.49861705
1999-07-16 00:00:00,10,0.04840038,0.9957167,1.9970844,0.4985852
1999-07-16 00:00:00,11,0.011226928,0.9962323,1.9913228,0.5002867
1999-08-16 00:00:00,0,0.035276305,0.99819803,2.0047715,0.49791113
1999-08-16 00:00:00,1,0.0045984,0.9981293,2.007635,0.4971667
1999-08-16 00:00:00,2,0.46400008,0.99972427,2.0045238,0.49873406
1999-08-16 00:00:00,3,0.07226242,0.9987973,2.001422,0.49904385
1999-08-16 00:00:00,4,0.15204738,1.002395,2.007689,0.49927804
1999-08-16 00:00:00,5,0.07846445,0.99817777,2.0025485,0.49845374
1999-08-16 00:00:00,6,0.45610398,0.99722713,2.0052555,0.49730676
1999-08-16 00:00:00,7,1.2891226,1.0001062,2.0048609,0.49884072
1999-08-16 00:00:00,8,0.33127427,1.0005771,2.0023992,0.49968913
1999-08-16 00:00:00,9,0.003998435,1.000012,2.0088484,0.49780363
1999-08-16 00:00:00,10,0.094069876,0.99934095,2.0046754,0.49850512
1999-08-16 00:00:00,11,0.16347837,0.99895585,2.0012631,0.49916267
1999-09-15 12:00:00,0,0.087253034,0.9936602,2.0019865,0.49633712
1999-09-15 12:00:00,1,0.57747644,0.99720955,2.0086386,0.4964604
1999-09-15 12:00:00,2,1.4320296,1.0004367,2.0024538,0.49960536
1999-09-15 12:00:00,3,0.48294932,0.9973245,1.9956641,0.49974567
1999-09-15 12:00:00,4,0.36655083,1.0005312,2.0050097,0.49901566
1999-09-15 12:00:00,5,0.25315434,0.9967796,1.998487,0.49876714
1999-09-15 12:00:00,6,0.5549733,0.99225324,2.002235,0.49557284
1999-09-15 12:00:00,7,0.14759073,0.999083,2.0019274,0.49906054
1999-09-15 12:00:00,8,0.0021093502,0.9990599,1.9987332,0.49984658
1999-09-15 12:00:00,9,0.25377876,1.0000554,2.0061355,0.49849847
1999-09-15 12:00:00,10,0.41740355,0.9974851,2.000159,0.49870288
1999-09-15 12:00:00,11,1.1383442,0.99710345,1.9946768,0.4998822
1999-10-16 00:00:00,0,0.59198225,0.9978672,2.004241,0.49787787
1999-10-16 00:00:00,1,0.36459452,0.99785274,2.007159,0.49714684
1999-10-16 00:00:00,2,0.90461236,0.9999149,2.0041225,0.49892902
1999-10-16 00:00:00,3,0.19236234,0.99864584,2.0019534,0.4988357
1999-10-16 00:00:00,4,0.59418577,1.0026239,2.0069275,0.49958155
1999-10-16 00:00:00,5,0.0005271113,0.99798477,2.0023649,0.49840304
1999-10-16 00:00:00,6,0.33187985,0.9969505,2.0049446,0.4972459
1999-10-16 00:00:00,7,0.590189,0.9994395,2.0046034,0.49857217
1999-10-16 00:00:00,8,0.94028264,1.0005244,2.0014837,0.49989137
1999-10-16 00:00:00,9,0.38675484,0.9997191,2.0080256,0.4978617
1999-10-16 00:00:00,10,0.18622464,0.99938226,2.005597,0.49829662
1999-10-16 00:00:00,11,0.27256864,0.99921024,2.0013747,0.49926195
1999-11-15 12:00:00,0,0.18902534,1.003275,1.9996886,0.5017156
1999-11-15 12:00:00,1,0.36880904,0.99998534,2.001351,0.49965513
1999-11-15 12:00:00,2,0.38407618,0.99586266,2.0012863,0.4976113
1999-11-15 12:00:00,3,0.39382628,0.9991777,1.9971577,0.5002999
1999-11-15 12:00:00,4,2.0959003,1.0007576,2.009076,0.4981183
1999-11-15 12:00:00,5,1.3842357,0.9968616,2.0030887,0.49766222
1999-11-15 12:00:00,6,0.3195131,1.0017512,2.000947,0.50063854
1999-11-15 12:00:00,7,0.0065930877,1.0014852,2.0056572,0.49933022
1999-11-15 12:00:00,8,0.20838661,1.002277,2.0065928,0.499492
1999-11-15 12:00:00,9,0.0008654002,0.9987602,2.0101192,0.49686617
1999-11-15 12:00:00,10,0.64937246,0.9960928,2.0013342,0.49771437
1999-11-15 12:00:00,11,0.91212,0.99871236,2.0012903,0.49903423
1999-12-16 00:00:00,0,0.08828094,0.9957681,2.00521,0.49659044
1999-12-16 00:00:00,1,0.24249217,0.99728054,2.0093217,0.49632695
1999-12-16 00:00:00,2,0.07093549,1.0010283,2.0047758,0.49932182
1999-12-16 00:00:00,3,1.2065392,0.9982633,2.0016694,0.49871537
1999-12-16 00:00:00,4,0.27298698,1.0025132,2.0065377,0.4996234
1999-12-16 00:00:00,5,0.25787064,0.99807394,2.0014374,0.49867857
1999-12-16 00:00:00,6,0.042231437,0.9947918,2.0056024,0.4960065
1999-12-16 00:00:00,7,2.3368035e-05,0.99922365,2.0039413,0.4986292
1999-12-16 00:00:00,8,0.32725585,0.999704,2.0000718,0.49983406
1999-12-16 00:00:00,9,0.18961571,1.0002762,2.0076172,0.4982405
1999-12-16 00:00:00,10,1.1933821,0.9997168,2.0051448,0.49857587
1999-12-16 00:00:00,11,0.61841756,0.99866164,1.9998223,0.4993752
2000-01-16 00:00:00,0,0.24852498,1.0030899,2.0001976,0.5014954
2000-01-16 00:00:00,1,1.2319673,1.0004468,2.0021048,0.49969754
2000-01-16 00:00:00,2,0.096251994,0.99506015,2.0030553,0.4967712
2000-01-16 00:00:00,3,0.460633,1.0007081,1.9939831,0.5018639
2000-01-16 00:00:00,4,0.4757823,1.0013853,2.0063949,0.49909684
2000-01-16 00:00:00,5,0.043495633,0.99828327,2.0041058,0.49811906
2000-01-16 00:00:00,6,0.41994798,1.0016578,2.0002694,0.50076145
2000-01-16 00:00:00,7,0.4852618,1.0027714,2.0047772,0.5001909
2000-01-16 00:00:00,8,0.19841447,1.0036157,2.0091376,0.49952564
2000-01-16 00:00:00,9,0.6381502,0.9978946,2.0111763,0.49617457
2000-01-16 00:00:00,10,1.1066507,0.9957607,2.000143,0.49784473
2000-01-16 00:00:00,11,0.18336579,0.9993278,2.0018187,0.49920994
2000-02-15 00:00:00,0,1.0033045,1.002127,2.0008736,0.5008448
2000-02-15 00:00:00,1,2.0576289,1.0003668,2.0031035,0.49940845
2000-02-15 00:00:00,2,0.12338973,0.99510777,2.0044143,0.4964581
2000-02-15 00:00:00,3,0.004346282,1.0016161,1.9926925,0.5026446
2000-02-15 00:00:00,4,0.39745313,1.0021662,2.0039153,0.50010407
2000-02-15 00:00:00,5,0.06683877,0.99931,2.0046294,0.49850112
2000-02-15 00:00:00,6,0.94374794,1.0008785,2.0001714,0.5003963
2000-02-15 00:00:00,7,0.007428177,1.0030563,2.0039268,0.5005454
2000-02-15 00:00:00,8,0.29760677,1.0042967,2.0097835,0.4997039
2000-02-15 00:00:00,9,1.0888536,0.99727404,2.0112166,0.4958561
2000-02-15 00:00:00,10,0.5836576,0.99599576,2.0003111,0.49792042
2000-02-15 00:00:00,11,0.6895421,0.9999559,2.0022752,0.49940982
2000-03-16 00:00:00,0,0.14333597,1.0033972,1.9996994,0.501774
2000-03-16 00:00:00,1,0.58865446,1.000052,2.001335,0.49969247
2000-03-16 00:00:00,2,0.5432166,0.99578,2.0013082,0.49756452
2000-03-16 00:00:00,3,0.373938,0.999211,1.9970201,0.500351
2000-03-16 00:00:00,4,0.9836517,1.0007068,2.0092015,0.49806193
2000-03-16 00:00:00,5,0.23368292,0.99687654,2.0031292,0.49765962
2000-03-16 00:00:00,6,0.32021257,1.0018576,2.0009322,0.50069547
2000-03-16 00:00:00,7,0.023793671,1.0016063,2.0057058,0.49937847
2000-03-16 00:00:00,8,0.09383659,1.0023129,2.006793,0.49946004
2000-03-16 00:00:00,9,0.10862132,0.99878246,2.010264,0.49684146
2000-03-16 00:00:00,10,0.054789573,0.9960417,2.0011597,0.49773225
2000-03-16 00:00:00,11,0.03157365,0.99867445,2.0012836,0.49901694
2000-04-15 12:00:00,0,0.3244265,1.0036917,1.9995354,0.5019624
2000-04-15 12:00:00,1,0.09350008,1.0001559,2.0011046,0.49980193
2000-04-15 12:00:00,2,0.60872966,0.9956225,2.0011368,0.49752846
2000-04-15 12:00:00,3,0.1541919,0.9991641,1.9969103,0.500355
2000-04-15 12:00:00,4,0.4564801,1.0005515,2.009564,0.49789482
2000-04-15 12:00:00,5,0.50187576,0.9967668,2.003122,0.4976066
2000-04-15 12:00:00,6,0.061901007,1.0021056,2.000832,0.5008444
2000-04-15 12:00:00,7,0.20966221,1.0017189,2.0058367,0.49940202
2000-04-15 12:00:00,8,0.025959464,1.0023147,2.0069997,0.49940947
2000-04-15 12:00:00,9,1.1927893,0.9988347,2.010415,0.4968301
2000-04-15 12:00:00,10,0.22057338,0.9958986,2.0009084,0.49772325
2000-04-15 12:00:00,11,0.11391321,0.9985724,2.001219,0.49898207
2000-05-16 00:00:00,0,0.17729686,1.0022708,2.000403,0.5010345
2000-05-16 00:00:00,1,0.04782929,0.99955744,2.0022373,0.49922025
2000-05-16 00:00:00,2,0.13495201,0.99660665,2.0017056,0.49787873
2000-05-16 00:00:00,3,0.16685045,0.99907726,1.998166,0.49999714
2000-05-16 00:00:00,4,0.3092408,1.0011758,2.0084815,0.49847397
2000-05-16 00:00:00,5,0.18101938,0.99704665,2.002963,0.49778584
2000-05-16 00:00:00,6,0.12739515,1.000895,2.0016,0.50004745
2000-05-16 00:00:00,7,1.3108352,1.0009631,2.0054247,0.49912772
2000-05-16 00:00:00,8,0.26917875,1.0019952,2.005502,0.49962315
2000-05-16 00:00:00,9,0.2201492,0.9988332,2.0095532,0.49704242
2000-05-16 00:00:00,10,0.33110666,0.9967293,2.0023406,0.4977821
2000-05-16 00:00:00,11,0.8760338,0.9989092,2.0014296,0.49909785
2000-06-15 12:00:00,0,0.36670315,0.9966336,2.0050464,0.49706262
2000-06-15 12:00:00,1,0.31092483,0.99742365,2.0085332,0.49659306
2000-06-15 12:00:00,2,0.19313565,1.0007765,2.0045364,0.49925587
2000-06-15 12:00:00,3,0.038149785,0.99831694,2.0025415,0.49852496
2000-06-15 12:00:00,4,0.67994004,1.0026588,2.0069675,0.49958897
2000-06-15 12:00:00,5,0.2064943,0.99800295,2.0018737,0.4985344
2000-06-15 12:00:00,6,0.5318766,0.9957136,2.0056787,0.4964472
2000-06-15 12:00:00,7,1.0059178,0.99914145,2.004381,0.49847883
2000-06-15 12:00:00,8,0.27140698,0.99991214,2.0003593,0.49986628
2000-06-15 12:00:00,9,0.37927005,1.0001594,2.007705,0.49816054
2000-06-15 12:00:00,10,0.61338633,0.9998166,2.0058362,0.49845374
2000-06-15 12:00:00,11,0.29104987,0.9989365,2.000704,0.49929246
2000-07-16 00:00:00,0,0.72403777,0.990192,1.991374,0.4972406
2000-07-16 00:00:00,1,0.07155469,0.9969038,2.0021992,0.4979044
2000-07-16 00:00:00,2,2.2683027,0.9981476,1.9940689,0.50055826
2000-07-16 00:00:00,3,0.0130815795,0.9949327,1.9833109,0.5016524
2000-07-16 00:00:00,4,0.47928613,0.9965495,1.9995219,0.4983939
2000-07-16 00:00:00,5,0.19896379,0.99281996,1.991623,0.49849793
2000-07-16 00:00:00,6,0.3926529,0.9883106,1.9922131,0.49608678
2000-07-16 00:00:00,7,0.46076795,0.9966598,1.9970375,0.49906915
2000-07-16 00:00:00,8,0.652086,0.9983825,1.9937952,0.50074476
2000-07-16 00:00:00,9,1.6858621,0.99776745,2.0000682,0.4988667
2000-07-16 00:00:00,10,1.1605603,0.9922543,1.9911963,0.4983207
2000-07-16 00:00:00,11,0.45660934,0.9949135,1.984802,0.5012659
2000-08-16 00:00:00,0,0.3658812,0.996857,2.0054507,0.4970738
2000-08-16 00:00:00,1,0.22185163,0.99776936,2.0090952,0.49662623
2000-08-16 00:00:00,2,0.6545686,1.0004535,2.0049732,0.49898598
2000-08-16 00:00:00,3,0.93057066,0.9985376,2.0012624,0.49895385
2000-08-16 00:00:00,4,0.1897397,1.0022941,2.0075395,0.49926493
2000-08-16 00:00:00,5,0.57173455,0.9982338,2.0019562,0.49862918
2000-08-16 00:00:00,6,0.15724027,0.99583757,2.005748,0.49649185
2000-08-16 00:00:00,7,0.03495839,1.0000002,2.004467,0.49888584
2000-08-16 00:00:00,8,0.160682,1.0000198,2.0015225,0.49962953
2000-08-16 00:00:00,9,0.29446456,1.0004253,2.00863,0.4980635
2000-08-16 00:00:00,10,0.20661274,0.9995663,2.004337,0.4987017
2000-08-16 00:00:00,11,0.09986625,0.998572,2.0002265,0.49922946
2000-09-15 12:00:00,0,0.90146303,0.99693644,2.0052116,0.49717268
2000-09-15 12:00:00,1,0.05068919,0.9976417,2.0085223,0.4967043
2000-09-15 12:00:00,2,0.34918216,1.000464,2.0048895,0.49901202
2000-09-15 12:00:00,3,1.097536,0.99869144,2.001963,0.49885613
2000-09-15 12:00:00,4,1.4442732,1.0027729,2.0066907,0.49971473
2000-09-15 12:00:00,5,0.022633063,0.99832463,2.002247,0.49860212
2000-09-15 12:00:00,6,0.059210427,0.9960593,2.0056,0.49663907
2000-09-15 12:00:00,7,0.011782178,0.9995367,2.0043795,0.49867636
2000-09-15 12:00:00,8,0.10594452,1.000287,2.001189,0.49984637
2000-09-15 12:00:00,9,0.5203329,0.99998945,2.0081255,0.4979716
2000-09-15 12:00:00,10,0.38229465,0.99977666,2.005521,0.49851218
2000-09-15 12:00:00,11,0.6852817,0.99909884,2.0010614,0.49928445
2000-10-16 00:00:00,0,0.5360326,1.00343,1.999709,0.501788
2000-10-16 00:00:00,1,0.41569075,1.0001872,2.0013947,0.49974507
2000-10-16 00:00:00,2,0.48243743,0.9955252,2.001659,0.49735007
2000-10-16 00:00:00,3,0.8608219,0.9995742,1.996187,0.5007418
2000-10-16 00:00:00,4,0.17042686,1.000825,2.0085719,0.49827695
2000-10-16 00:00:00,5,1.0030853,0.9971819,2.0033686,0.49775258
2000-10-16 00:00:00,6,0.97820926,1.0018992,2.0006807,0.5007792
2000-10-16 00:00:00,7,0.067491956,1.0019226,2.0054998,0.49958748
2000-10-16 00:00:00,8,0.14919081,1.0026551,2.0074499,0.4994671
2000-10-16 00:00:00,9,0.04326559,0.99855083,2.010518,0.49666345
2000-10-16 00:00:00,10,0.044764988,0.99589646,2.0008261,0.49774262
2000-10-16 00:00:00,11,0.27896187,0.9988149,2.0013928,0.4990599
2000-11-15 12:00:00,0,0.21006541,1.0000468,2.0022995,0.49944916
2000-11-15 12:00:00,1,1.667521,0.998658,2.0045674,0.4981913
2000-11-15 12:00:00,2,1.6086582,0.9982938,2.0028808,0.49842897
2000-11-15 12:00:00,3,0.22190444,0.9988868,2.0003066,0.49936685
2000-11-15 12:00:00,4,0.16995984,1.0020375,2.0074713,0.4991541
2000-11-15 12:00:00,5,0.80683494,0.99754244,2.0027256,0.4980924
2000-11-15 12:00:00,6,0.16781637,0.9989614,2.0032732,0.49866456
2000-11-15 12:00:00,7,0.8064421,1.0000416,2.0049913,0.49877602
2000-11-15 12:00:00,8,1.8115326,1.001317,2.0033329,0.4998256
2000-11-15 12:00:00,9,0.28449035,0.999166,2.0086098,0.4974416
2000-11-15 12:00:00,10,0.22307557,0.9981658,2.0043056,0.49801078
2000-11-15 12:00:00,11,0.5223752,0.9992149,2.0016394,0.49919826
2000-12-16 00:00:00,0,0.38523895,0.99869734,2.0032055,0.4985496
2000-12-16 00:00:00,1,0.055814214,0.9980263,2.0057957,0.49757126
2000-12-16 00:00:00,2,0.07633321,0.9994225,2.0032346,0.49890435
2000-12-16 00:00:00,3,0.22848773,0.99849695,2.0019667,0.49875802
2000-12-16 00:00:00,4,0.5649414,1.0024089,2.0072281,0.49939957
2000-12-16 00:00:00,5,0.15288141,0.9975567,2.0023465,0.49819383
2000-12-16 00:00:00,6,0.5720372,0.9977352,2.0042639,0.4978063
2000-12-16 00:00:00,7,0.040116265,0.9992587,2.0048094,0.4984308
2000-12-16 00:00:00,8,0.25367466,1.0006714,2.001576,0.49994177
2000-12-16 00:00:00,9,0.99801767,0.99948907,2.0078173,0.49779883
2000-12-16 00:00:00,10,0.24701603,0.99897826,2.005622,0.49808902
2000-12-16 00:00:00,11,0.6486873,0.999258,2.0015314,0.49924672
2001-01-16 00:00:00,0,0.3233644,1.0032395,2.000029,0.5016125
2001-01-16 00:00:00,1,0.20352405,1.0003705,2.0018506,0.49972287
2001-01-16 00:00:00,2,0.23098989,0.9952066,2.0025651,0.49696591
2001-01-16 00:00:00,3,0.06799061,1.0003128,1.9947352,0.50147647
2001-01-16 00:00:00,4,0.48302668,1.0011743,2.0072002,0.49879146
2001-01-16 00:00:00,5,0.026287613,0.9978959,2.0038536,0.49798843
2001-01-16 00:00:00,6,0.071223624,1.001769,2.0004144,0.5007807
2001-01-16 00:00:00,7,0.21093482,1.0024989,2.0050464,0.49998787
2001-01-16 00:00:00,8,0.63336545,1.0032823,2.0085857,0.49949688
2001-01-16 00:00:00,9,0.32435405,0.99813396,2.0109777,0.49634263
2001-01-16 00:00:00,10,1.1360395,0.99579823,2.000344,0.4978135
2001-01-16 00:00:00,11,0.3536061,0.9991363,2.0016665,0.49915224
2001-02-14 12:00:00,0,0.86665094,1.0028381,2.0003042,0.50134283
2001-02-14 12:00:00,1,1.8444422,1.0003581,2.0022721,0.49961147
2001-02-14 12:00:00,2,0.43432003,0.9951818,2.0031915,0.49679813
2001-02-14 12:00:00,3,0.44910607,1.0007565,1.9940474,0.50187194
2001-02-14 12:00:00,4,0.20480938,1.0015242,2.0060375,0.49925497
2001-02-14 12:00:00,5,0.031421423,0.9983775,2.0041132,0.49816424
2001-02-14 12:00:00,6,0.25329134,1.0014461,2.0003219,0.5006425
2001-02-14 12:00:00,7,1.2894067,1.0026672,2.004649,0.50017095
2001-02-14 12:00:00,8,1.6386293,1.0036286,2.0089638,0.49957526
2001-02-14 12:00:00,9,0.05687237,0.9978283,2.0110295,0.49617785
2001-02-14 12:00:00,10,1.628896,0.9958689,2.0003633,0.497844
2001-02-14 12:00:00,11,0.41362482,0.99942714,2.001876,0.49924526
2001-03-16 00:00:00,0,0.124762505,1.0036294,1.9996209,0.50190985
2001-03-16 00:00:00,1,0.27532125,1.000204,2.0012314,0.49979424
2001-03-16 00:00:00,2,0.18010715,0.99553514,2.0013924,0.49742126
2001-03-16 00:00:00,3,0.15388553,0.9993735,1.996501,0.5005625
2001-03-16 00:00:00,4,0.92898077,1.000655,2.009158,0.498047
2001-03-16 00:00:00,5,0.361183,0.9969693,2.003258,0.49767393
2001-03-16 00:00:00,6,0.207062,1.0020616,2.0007522,0.50084245
2001-03-16 00:00:00,7,0.02231801,1.0018742,2.0057015,0.49951312
2001-03-16 00:00:00,8,0.2286329,1.002493,2.0073106,0.49942097
2001-03-16 00:00:00,9,0.17204186,0.99871135,2.0105345,0.4967392
2001-03-16 00:00:00,10,0.24286547,0.9958714,2.000783,0.49774086
2001-03-16 00:00:00,11,0.029286167,0.998668,2.0012975,0.4990103
2001-04-15 12:00:00,0,0.2066418,1.0037975,1.9995939,0.5020007
2001-04-15 12:00:00,1,0.48977998,1.0002804,2.0011663,0.4998487
2001-04-15 12:00:00,2,0.15279071,0.9954357,2.0013666,0.497378
2001-04-15 12:00:00,3,1.198329,0.99938405,1.9963776,0.5005987
2001-04-15 12:00:00,4,0.5440753,1.0005753,2.0093572,0.49795792
2001-04-15 12:00:00,5,0.6530342,0.9969516,2.0032861,0.4976581
2001-04-15 12:00:00,6,1.9280956,1.0022054,2.0007236,0.5009214
2001-04-15 12:00:00,7,1.8187271,1.0019956,2.0057757,0.49955514
2001-04-15 12:00:00,8,0.070104994,1.0025164,2.0075133,0.4993822
2001-04-15 12:00:00,9,1.059032,0.998747,2.010686,0.49671954
2001-04-15 12:00:00,10,0.036735546,0.9957994,2.0005867,0.49775368
2001-04-15 12:00:00,11,0.36241773,0.99861026,2.001275,0.49898702
2001-05-16 00:00:00,0,0.19455498,0.99153936,1.9955126,0.49688452
2001-05-16 00:00:00,1,0.105643705,0.9970553,2.0048385,0.4973245
2001-05-16 00:00:00,2,0.06699661,0.9990294,1.9973879,0.50016797
2001-05-16 00:00:00,3,0.010827883,0.9958342,1.9879386,0.50093806
2001-05-16 00:00:00,4,0.15756373,0.99799764,2.001853,0.4985369
2001-05-16 00:00:00,5,2.864291,0.9943345,1.9942487,0.49860105
2001-05-16 00:00:00,6,1.6595258,0.9897769,1.9961016,0.49585497
2001-05-16 00:00:00,7,0.0725107,0.99772936,1.9989812,0.49911892
2001-05-16 00:00:00,8,0.27572733,0.99859285,1.9958482,0.5003351
2001-05-16 00:00:00,9,0.9553139,0.99874854,2.0025942,0.49872735
2001-05-16 00:00:00,10,0.20953032,0.99417204,1.9944692,0.4984645
2001-05-16 00:00:00,11,0.70689094,0.99563336,1.9884479,0.5007088
2001-06-15 12:00:00,0,0.19423729,0.99199873,1.9974506,0.49663243
2001-06-15 12:00:00,1,0.3288668,0.997055,2.0061142,0.4970081
2001-06-15 12:00:00,2,1.3695998,0.9994536,1.9991947,0.4999281
2001-06-15 12:00:00,3,1.2731382,0.99646676,1.9899685,0.500745
2001-06-15 12:00:00,4,1.4295444,0.9989475,2.0022106,0.4989223
2001-06-15 12:00:00,5,2.0991187,0.99525106,1.995604,0.49872172
2001-06-15 12:00:00,6,0.42725408,0.9903132,1.9977844,0.49570572
2001-06-15 12:00:00,7,0.2560079,0.9981787,1.9996424,0.49917862
2001-06-15 12:00:00,8,0.2069836,0.99887884,1.9968168,0.5002356
2001-06-15 12:00:00,9,0.31984994,0.998969,2.0036843,0.4985661
2001-06-15 12:00:00,10,0.23025492,0.99509025,1.9963378,0.49845785
2001-06-15 12:00:00,11,1.5138942,0.99617344,1.9904112,0.50048625
2001-07-16 00:00:00,0,0.10922196,0.997282,2.0055177,0.49726912
2001-07-16 00:00:00,1,1.2130955,0.9979238,2.0089493,0.49673918
2001-07-16 00:00:00,2,0.20878823,1.0002726,2.0049865,0.49889246
2001-07-16 00:00:00,3,0.5200045,0.9985997,2.0012844,0.49897942
2001-07-16 00:00:00,4,0.16583964,1.0022291,2.0079658,0.49912658
2001-07-16 00:00:00,5,0.70024294,0.9982513,2.0021372,0.49859285
2001-07-16 00:00:00,6,0.066090986,0.9962514,2.0058198,0.4966804
2001-07-16 00:00:00,7,1.427866,1.0002201,2.0046906,0.49893984
2001-07-16 00:00:00,8,1.3617485,1.000107,2.001954,0.49956542
2001-07-16 00:00:00,9,0.41131458,1.0004828,2.0089536,0.49801192
2001-07-16 00:00:00,10,1.0865408,0.99953705,2.0041714,0.49872833
2001-07-16 00:00:00,11,0.08523748,0.9985475,2.0004294,0.49916658
2001-08-16 00:00:00,0,0.4154019,0.9909771,1.9934064,0.49712747
2001-08-16 00:00:00,1,1.6583754,0.99707174,2.0035007,0.49766478
2001-08-16 00:00:00,2,2.3738482,0.9984401,1.9957428,0.50028497
2001-08-16 00:00:00,3,0.8084487,0.9954573,1.9852246,0.5014331
2001-08-16 00:00:00,4,0.16217089,0.9971719,2.00072,0.4984065
2001-08-16 00:00:00,5,0.6570454,0.9936107,1.9929593,0.49856046
2001-08-16 00:00:00,6,1.8459148,0.9891363,1.994078,0.4960369
2001-08-16 00:00:00,7,1.0266663,0.9973794,1.9979744,0.4991953
2001-08-16 00:00:00,8,0.12570739,0.9985514,1.9951218,0.50049645
2001-08-16 00:00:00,9,0.07915348,0.99826735,2.001481,0.49876434
2001-08-16 00:00:00,10,0.18533206,0.9931111,1.992436,0.49844062
2001-08-16 00:00:00,11,1.1962621,0.9952182,1.9864982,0.5009912
2001-09-15 12:00:00,0,0.82198364,0.99661845,2.004843,0.49710548
2001-09-15 12:00:00,1,0.2839506,0.9973791,2.0083742,0.4966102
2001-09-15 12:00:00,2,0.21378556,1.0008314,2.004226,0.49936053
2001-09-15 12:00:00,3,0.058883015,0.9981007,2.0027199,0.49837258
2001-09-15 12:00:00,4,0.35088402,1.0025141,2.0072403,0.49944898
2001-09-15 12:00:00,5,1.8693256,0.9977817,2.0016618,0.49847665
2001-09-15 12:00:00,6,0.280992,0.9956711,2.0056229,0.49643984
2001-09-15 12:00:00,7,0.6155061,0.9989795,2.0044339,0.49838486
2001-09-15 12:00:00,8,0.45007575,0.999745,2.0000274,0.49986565
2001-09-15 12:00:00,9,0.01216549,1.0002444,2.0075278,0.49824682
2001-09-15 12:00:00,10,0.44420633,0.9997666,2.005818,0.49843338
2001-09-15 12:00:00,11,1.6105274,0.99881977,2.0004866,0.4992884
2001-10-16 00:00:00,0,0.522925,0.99925244,2.002575,0.4989838
2001-10-16 00:00:00,1,0.07153346,0.9981558,2.0049934,0.49783492
2001-10-16 00:00:00,2,0.2984123,0.99911565,2.0026433,0.49889845
2001-10-16 00:00:00,3,0.22278598,0.9983427,2.001947,0.4986859
2001-10-16 00:00:00,4,1.0040615,1.0021739,2.0076628,0.49917442
2001-10-16 00:00:00,5,0.14302953,0.9972332,2.0022762,0.49804977
2001-10-16 00:00:00,6,0.6407234,0.9982299,2.0038753,0.49814972
2001-10-16 00:00:00,7,0.024703316,0.99920565,2.0049944,0.49835834
2001-10-16 00:00:00,8,0.07478645,1.0006919,2.0016596,0.4999311
2001-10-16 00:00:00,9,1.1710638,0.9994415,2.0077717,0.49778643
2001-10-16 00:00:00,10,0.27440578,0.9986861,2.0054705,0.49798092
2001-10-16 00:00:00,11,1.2557534,0.9991807,2.001496,0.4992169
2001-11-15 12:00:00,0,0.33137617,1.0035118,1.999893,0.5017828
2001-11-15 12:00:00,1,0.6607316,1.0004486,2.001643,0.4998137
2001-11-15 12:00:00,2,0.43896338,0.9951027,2.0023606,0.49696478
2001-11-15 12:00:00,3,0.17883834,1.0002118,1.9947686,0.50141746
2001-11-15 12:00:00,4,0.2427096,1.0010077,2.0076592,0.49859443
2001-11-15 12:00:00,5,0.94311565,0.99774843,2.003812,0.49792516
2001-11-15 12:00:00,6,0.44811118,1.0019959,2.000376,0.5009038
2001-11-15 12:00:00,7,0.37706485,1.0025642,2.0052087,0.49997997
2001-11-15 12:00:00,8,0.5573178,1.0032263,2.0086844,0.49944445
2001-11-15 12:00:00,9,0.07469897,0.9982291,2.0110939,0.49636126
2001-11-15 12:00:00,10,0.4328697,0.9956923,2.0001526,0.4978082
2001-11-15 12:00:00,11,2.1908739,0.99901295,2.0015883,0.4991101
2001-12-16 00:00:00,0,0.81517345,1.0029011,2.0003457,0.5013639
2001-12-16 00:00:00,1,0.25483176,1.0004371,2.002317,0.49963975
2001-12-16 00:00:00,2,0.23474666,0.99506336,2.0033445,0.49670106
2001-12-16 00:00:00,3,0.17511515,1.0009007,1.9937028,0.5020311
2001-12-16 00:00:00,4,0.4059721,1.001543,2.0058959,0.49929962
2001-12-16 00:00:00,5,0.16349217,0.9985001,2.00422,0.49819887
2001-12-16 00:00:00,6,0.71957475,1.001506,2.0002527,0.50068974
2001-12-16 00:00:00,7,0.5480583,1.0028452,2.0046072,0.5002702
2001-12-16 00:00:00,8,0.035549786,1.0037602,2.0092945,0.49955854
2001-12-16 00:00:00,9,3.3221757,0.99777,2.0112028,0.49610612
2001-12-16 00:00:00,10,0.77247214,0.99580705,2.0001588,0.497864
2001-12-16 00:00:00,11,1.0432969,0.9994538,2.001914,0.4992491
2002-01-16 00:00:00,0,0.3607211,1.0034039,1.9996637,0.50178635
2002-01-16 00:00:00,1,1.5261227,1.0000818,2.0013165,0.49971193
2002-01-16 00:00:00,2,0.6301856,0.9957091,2.0013754,0.4975124
2002-01-16 00:00:00,3,0.42404976,0.99930114,1.996801,0.500451
2002-01-16 00:00:00,4,0.5649242,1.0007397,2.0090075,0.49812642
2002-01-16 00:00:00,5,0.7270159,0.99694484,2.0031838,0.49768016
2002-01-16 00:00:00,6,0.6250524,1.0018657,2.0008388,0.5007229
2002-01-16 00:00:00,7,0.09105535,1.0016685,2.0056407,0.49942565
2002-01-16 00:00:00,8,0.3053972,1.0024046,2.0069425,0.4994685
2002-01-16 00:00:00,9,0.5612772,0.9987071,2.0103014,0.49679473
2002-01-16 00:00:00,10,0.3891856,0.9959923,2.001092,0.4977244
2002-01-16 00:00:00,11,0.67056674,0.9987184,2.0013087,0.49903265
2002-02-14 12:00:00,0,0.10477581,1.0029004,1.9999341,0.5014667
2002-02-14 12:00:00,1,0.13720475,0.9997129,2.0016086,0.49945474
2002-02-14 12:00:00,2,1.4916308,0.99635834,2.0011082,0.4979033
2002-02-14 12:00:00,3,0.049683522,0.9988035,1.9982854,0.49983025
2002-02-14 12:00:00,4,0.4648679,1.0007888,2.0094721,0.49803567
2002-02-14 12:00:00,5,2.3900163,0.99664116,2.0028229,0.49761823
2002-02-14 12:00:00,6,0.49832314,1.0014182,2.001414,0.50035536
2002-02-14 12:00:00,7,0.25990853,1.0010157,2.0057733,0.4990672
2002-02-14 12:00:00,8,0.30534154,1.0018579,2.0056088,0.49952805
2002-02-14 12:00:00,9,0.3953897,0.9990074,2.0096955,0.49709392
2002-02-14 12:00:00,10,0.022054758,0.99644893,2.0019872,0.49772993
2002-02-14 12:00:00,11,0.118584305,0.9986452,2.0012345,0.49901456
2002-03-16 00:00:00,0,0.04496031,1.003333,1.9997444,0.5017306
2002-03-16 00:00:00,1,0.21387851,1.0001501,2.0014534,0.4997119
2002-03-16 00:00:00,2,0.96465296,0.9955753,2.001702,0.49736437
2002-03-16 00:00:00,3,1.6140022,0.9995861,1.9962251,0.50073814
2002-03-16 00:00:00,4,0.60762393,1.0008763,2.0084414,0.49833483
2002-03-16 00:00:00,5,0.26815036,0.99721104,2.0033662,0.49776772
2002-03-16 00:00:00,6,0.236666,1.0018169,2.0007012,0.5007329
2002-03-16 00:00:00,7,0.3317355,1.0018749,2.0054529,0.4995754
2002-03-16 00:00:00,8,0.06276403,1.0026544,2.00737,0.4994866
2002-03-16 00:00:00,9,0.51346713,0.99852747,2.010454,0.49666765
2002-03-16 00:00:00,10,0.5444594,0.99593836,2.0009186,0.49774057
2002-03-16 00:00:00,11,0.5467547,0.9988511,2.001412,0.49907324
2002-04-15 12:00:00,0,0.08653159,1.0022606,2.0005279,0.5009981
2002-04-15 12:00:00,1,0.52717894,0.9994906,2.0023203,0.4991662
2002-04-15 12:00:00,2,0.26818618,0.996785,2.0015655,0.49800268
2002-04-15 12:00:00,3,1.149553,0.99885714,1.9987041,0.4997524
2002-04-15 12:00:00,4,0.12303735,1.0010862,2.0090044,0.4982997
2002-04-15 12:00:00,5,0.26783633,0.99688655,2.0028346,0.49773785
2002-04-15 12:00:00,6,1.2242154,1.0008771,2.0018592,0.4999738
2002-04-15 12:00:00,7,0.19442996,1.000837,2.005599,0.49902147
2002-04-15 12:00:00,8,0.029269164,1.0017624,2.0051627,0.49959156
2002-04-15 12:00:00,9,0.0075935735,0.99904037,2.009498,0.4971592
2002-04-15 12:00:00,10,0.49820986,0.99685574,2.0024788,0.49781087
2002-04-15 12:00:00,11,1.925055,0.9987858,2.001361,0.49905333
2002-05-16 00:00:00,0,0.2979965,0.99892557,2.0030107,0.49871203
2002-05-16 00:00:00,1,0.05619068,0.9982276,2.0055575,0.49773073
2002-05-16 00:00:00,2,0.08785342,0.99901015,2.0034597,0.4986425
2002-05-16 00:00:00,3,0.3736128,0.99890566,2.0010078,0.4992013
2002-05-16 00:00:00,4,0.98717207,1.0025208,2.00653,0.4996291
2002-05-16 00:00:00,5,0.08698233,0.99783915,2.002643,0.4982611
2002-05-16 00:00:00,6,0.40622693,0.997979,2.0038288,0.49803606
2002-05-16 00:00:00,7,0.05973022,0.99958587,2.0046158,0.49864212
2002-05-16 00:00:00,8,0.6277027,1.0011247,2.0023737,0.49996898
2002-05-16 00:00:00,9,0.13020526,0.99915105,2.008066,0.49756885
2002-05-16 00:00:00,10,0.20597886,0.9987447,2.0052552,0.49806365
2002-05-16 00:00:00,11,0.45796517,0.999458,2.0017433,0.4992938
2002-06-15 12:00:00,0,2.7175524,0.9938679,2.0017118,0.49650896
2002-06-15 12:00:00,1,0.35743517,0.9975781,2.0085852,0.49665707
2002-06-15 12:00:00,2,0.7006201,0.9998505,2.0024896,0.49930373
2002-06-15 12:00:00,3,0.19141237,0.99759436,1.9937085,0.5003712
2002-06-15 12:00:00,4,0.25905192,1.0001327,2.0048857,0.49884772
2002-06-15 12:00:00,5,0.29590523,0.99691695,1.9984143,0.498854
2002-06-15 12:00:00,6,0.69662565,0.99238133,2.0016298,0.49578664
2002-06-15 12:00:00,7,0.22817922,0.99979085,2.0016983,0.4994713
2002-06-15 12:00:00,8,0.16150221,0.9993577,1.999816,0.49972484
2002-06-15 12:00:00,9,1.1421095,0.99998,2.0066962,0.49832156
2002-06-15 12:00:00,10,0.35022345,0.9969615,1.9984428,0.49886915
2002-06-15 12:00:00,11,1.3551304,0.99684715,1.9940448,0.4999121
2002-07-16 00:00:00,0,0.2670169,0.9955074,2.00464,0.49660158
2002-07-16 00:00:00,1,0.086917564,0.9976992,2.0097108,0.4964392
2002-07-16 00:00:00,2,0.08961375,1.0004269,2.004486,0.49909395
2002-07-16 00:00:00,3,0.1523684,0.9981773,1.9983492,0.49950093
2002-07-16 00:00:00,4,0.5409506,1.0013742,2.00699,0.49894333
2002-07-16 00:00:00,5,0.7220041,0.9978705,2.000612,0.49878263
2002-07-16 00:00:00,6,0.0019799706,0.99425346,2.004673,0.4959679
2002-07-16 00:00:00,7,0.8817908,1.0002255,2.0034995,0.49923924
2002-07-16 00:00:00,8,0.18101455,0.99958307,2.0010822,0.49952126
2002-07-16 00:00:00,9,0.82617134,1.0005978,2.0083003,0.49823117
2002-07-16 00:00:00,10,0.2561959,0.9986873,2.001739,0.49890986
2002-07-16 00:00:00,11,0.04232564,0.99768424,1.9975959,0.4994425
2002-08-16 00:00:00,0,1.6833289,0.99014044,1.990594,0.49740952
2002-08-16 00:00:00,1,0.030135218,0.9968962,2.0016012,0.49804935
2002-08-16 00:00:00,2,0.23553663,0.99797255,1.9933845,0.5006423
2002-08-16 00:00:00,3,0.1322264,0.9947048,1.9827279,0.50168496
2002-08-16 00:00:00,4,1.7537223,0.99624854,1.9994102,0.49827123
2002-08-16 00:00:00,5,0.5158977,0.99246204,1.991179,0.49842936
2002-08-16 00:00:00,6,0.4210439,0.9882098,1.9915677,0.49619693
2002-08-16 00:00:00,7,0.33865517,0.99646187,1.9968392,0.4990196
2002-08-16 00:00:00,8,0.041695748,0.99829865,1.9934402,0.5007919
2002-08-16 00:00:00,9,0.3765182,0.9976549,1.9996734,0.49890894
2002-08-16 00:00:00,10,0.62977713,0.9918941,1.9907141,0.49826047
2002-08-16 00:00:00,11,0.24905336,0.99474794,1.9842181,0.50132996
2002-09-15 12:00:00,0,0.5031464,0.9946576,2.0041487,0.4962993
2002-09-15 12:00:00,1,0.6875856,0.99728215,2.0095747,0.4962653
2002-09-15 12:00:00,2,0.042014036,1.0008504,2.0040598,0.49941146
2002-09-15 12:00:00,3,0.578766,0.9978653,1.9986972,0.4992579
2002-09-15 12:00:00,4,0.17899348,1.001528,2.0061183,0.49923676
2002-09-15 12:00:00,5,0.24091038,0.9976072,2.0000696,0.4987862
2002-09-15 12:00:00,6,0.1654551,0.99343413,2.004314,0.49564797
2002-09-15 12:00:00,7,0.96858037,0.9994436,2.0030544,0.49895978
2002-09-15 12:00:00,8,0.01402649,0.9993236,1.9996916,0.49973887
2002-09-15 12:00:00,9,0.9054972,1.000385,2.0073016,0.49837306
2002-09-15 12:00:00,10,0.002355512,0.99872005,2.0024786,0.49874192
2002-09-15 12:00:00,11,0.008318367,0.9977604,1.9972541,0.49956608
2002-10-16 00:00:00,0,0.29752827,0.9932646,2.0003977,0.49653357
2002-10-16 00:00:00,1,0.18433897,0.9974045,2.007871,0.49674734
2002-10-16 00:00:00,2,0.32329935,0.9997805,2.0013585,0.4995509
2002-10-16 00:00:00,3,1.9437122,0.9971197,1.9926268,0.50040466
2002-10-16 00:00:00,4,1.2865467,0.9996406,2.0043404,0.49873793
2002-10-16 00:00:00,5,1.2946897,0.9962945,1.9974264,0.4987891
2002-10-16 00:00:00,6,0.22259085,0.9916961,2.000516,0.49572018
2002-10-16 00:00:00,7,0.529348,0.9992727,2.001122,0.4993562
2002-10-16 00:00:00,8,0.54650104,0.9990755,1.9987662,0.4998461
2002-10-16 00:00:00,9,2.0147178,0.99979496,2.0057435,0.498466
2002-10-16 00:00:00,10,0.047881227,0.9963813,1.9976581,0.49877468
2002-10-16 00:00:00,11,0.09315065,0.9965238,1.9927232,0.50008136
2002-11-15 12:00:00,0,0.2630095,1.0039345,1.9996217,0.5020622
2002-11-15 12:00:00,1,0.483007,1.0004704,2.0012193,0.4999304
2002-11-15 12:00:00,2,1.6199896,0.99511814,2.001733,0.49712828
2002-11-15 12:00:00,3,0.1404901,0.99976736,1.9954488,0.5010238
2002-11-15 12:00:00,4,0.06311174,1.0006464,2.008859,0.4981168
2002-11-15 12:00:00,5,0.13757,0.9972644,2.0035558,0.49774724
2002-11-15 12:00:00,6,0.07306978,1.002337,2.0004728,0.50105006
2002-11-15 12:00:00,7,0.7972966,1.0024124,2.0056198,0.49980184
2002-11-15 12:00:00,8,2.2951095,1.0028796,2.0083306,0.49935982
2002-11-15 12:00:00,9,0.091579564,0.9985443,2.0110645,0.49652523
2002-11-15 12:00:00,10,0.12439641,0.99561626,2.0001078,0.4977813
2002-11-15 12:00:00,11,0.24713627,0.99871224,2.0013757,0.4990129
2002-12-16 00:00:00,0,0.06593021,1.0019623,2.0010505,0.5007182
2002-12-16 00:00:00,1,0.09785695,1.0003892,2.003344,0.49935967
2002-12-16 00:00:00,2,0.09686931,0.99506676,2.0047705,0.49634945
2002-12-16 00:00:00,3,0.2091059,1.0018663,1.9922793,0.50287443
2002-12-16 00:00:00,4,0.32840395,1.0023309,2.003369,0.50032264
2002-12-16 00:00:00,5,0.021294849,0.9995785,2.0047872,0.4985958
2002-12-16 00:00:00,6,0.40287232,1.0007498,2.0001366,0.50034076
2002-12-16 00:00:00,7,0.41755947,1.0032048,2.003743,0.5006654
2002-12-16 00:00:00,8,0.14620969,1.0044916,2.010074,0.49972868
2002-12-16 00:00:00,9,0.3993118,0.9971313,2.0113184,0.49576002
2002-12-16 00:00:00,10,0.072592795,0.99602234,2.000242,0.4979509
2002-12-16 00:00:00,11,0.2373179,1.0000904,2.0023866,0.4994492
2003-01-16 00:00:00,0,0.066009045,1.0023453,2.000155,0.50113386
2003-01-16 00:00:00,1,0.1902755,0.99943525,2.001933,0.4992351
2003-01-16 00:00:00,2,1.8825554,0.99678606,2.00117,0.49810165
2003-01-16 00:00:00,3,0.124468476,0.998665,1.9989675,0.4995904
2003-01-16 00:00:00,4,0.14211863,1.0010004,2.0091393,0.49822348
2003-01-16 00:00:00,5,0.35422954,0.9966378,2.0026789,0.49765235
2003-01-16 00:00:00,6,0.33428603,1.0009369,2.0016928,0.5000452
2003-01-16 00:00:00,7,0.16736583,1.0005928,2.0056372,0.49889025
2003-01-16 00:00:00,8,0.28112966,1.0016545,2.0048125,0.49962503
2003-01-16 00:00:00,9,0.51666176,0.9990262,2.0092254,0.49721956
2003-01-16 00:00:00,10,0.2199025,0.9967674,2.0026689,0.49771953
2003-01-16 00:00:00,11,0.05940735,0.9987552,2.001273,0.49905998
2003-02-14 12:00:00,0,0.13105021,1.0036529,1.9995705,0.50193423
2003-02-14 12:00:00,1,0.12820974,1.0001707,2.0011604,0.49979538
2003-02-14 12:00:00,2,1.2830666,0.9955913,2.0012467,0.49748555
2003-02-14 12:00:00,3,1.0906616,0.9992535,1.9967419,0.500442
2003-02-14 12:00:00,4,0.724262,1.000602,2.0093713,0.49796772
2003-02-14 12:00:00,5,1.0257866,0.99685436,2.0031784,0.49763635
2003-02-14 12:00:00,6,2.216717,1.0020764,2.0007968,0.50083864
2003-02-14 12:00:00,7,0.07702817,1.0017755,2.005772,0.49944633
2003-02-14 12:00:00,8,0.0012238992,1.0023904,2.0071177,0.49941784
2003-02-14 12:00:00,9,0.45798647,0.99877733,2.0104532,0.49679214
2003-02-14 12:00:00,10,0.61663955,0.99589086,2.00087,0.4977289
2003-02-14 12:00:00,11,0.1453208,0.9986185,2.0012543,0.4989963
2003-03-16 00:00:00,0,0.38131794,1.003561,1.9996197,0.50187594
2003-03-16 00:00:00,1,0.18801369,1.0001631,2.0012438,0.49977073
2003-03-16 00:00:00,2,0.17751554,0.99558973,2.001373,0.49745336
2003-03-16 00:00:00,3,0.89203465,0.99934435,1.9966035,0.5005222
2003-03-16 00:00:00,4,2.3044975,1.000679,2.0091128,0.4980701
2003-03-16 00:00:00,5,0.40623644,0.9969528,2.0032291,0.49767286
2003-03-16 00:00:00,6,0.0671692,1.0020014,2.0007725,0.5008073
2003-03-16 00:00:00,7,0.23944348,1.0018003,2.005683,0.49948087
2003-03-16 00:00:00,8,0.4137156,1.0024617,2.0071824,0.49943727
2003-03-16 00:00:00,9,0.07412974,0.9987088,2.0104506,0.49675867
2003-03-16 00:00:00,10,0.18572688,0.9959058,2.0008879,0.49773195
2003-03-16 00:00:00,11,0.17141017,0.9986833,2.0012975,0.4990179
2003-04-15 12:00:00,0,0.077080026,1.0034654,1.9999127,0.5017546
2003-04-15 12:00:00,1,0.072894774,1.0004399,2.001678,0.49980062
2003-04-15 12:00:00,2,0.3760995,0.9951098,2.0024083,0.4969565
2003-04-15 12:00:00,3,0.5803419,1.000244,1.9947281,0.5014438
2003-04-15 12:00:00,4,1.0608846,1.0010418,2.00755,0.4986385
2003-04-15 12:00:00,5,0.97622406,0.99778557,2.0038285,0.4979396
2003-04-15 12:00:00,6,0.8217396,1.0019575,2.000369,0.5008863
2003-04-15 12:00:00,7,0.15940346,1.0025637,2.0051706,0.49998924
2003-04-15 12:00:00,8,0.08187925,1.0032505,2.0086925,0.4994545
2003-04-15 12:00:00,9,0.19865823,0.9982014,2.011081,0.49635065
2003-04-15 12:00:00,10,0.030870553,0.9957034,2.0001745,0.49780825
2003-04-15 12:00:00,11,0.1015561,0.99904096,2.0016057,0.49911976
2003-05-16 00:00:00,0,0.03912667,1.0027521,1.9999914,0.5013782
2003-05-16 00:00:00,1,1.2124343,0.999642,2.0016937,0.49939808
2003-05-16 00:00:00,2,0.20951,0.9964656,2.0011318,0.49795103
2003-05-16 00:00:00,3,0.6182427,0.9987761,1.9984463,0.49977627
2003-05-16 00:00:00,4,0.9111169,1.0008497,2.0093622,0.49809322
2003-05-16 00:00:00,5,0.6409593,0.99664825,2.0027905,0.49762982
2003-05-16 00:00:00,6,0.8217175,1.001291,2.0014796,0.50027543
2003-05-16 00:00:00,7,0.19869062,1.0009087,2.0057309,0.49902445
2003-05-16 00:00:00,8,0.08685498,1.0018138,2.0054104,0.49955547
2003-05-16 00:00:00,9,1.8277802,0.99900407,2.0095735,0.49712244
2003-05-16 00:00:00,10,0.2842747,0.9965311,2.0021627,0.49772733
2003-05-16 00:00:00,11,0.41231447,0.99868023,2.00125,0.4990282
2003-06-15 12:00:00,0,0.416932,0.99167645,1.9954363,0.49697223
2003-06-15 12:00:00,1,2.3606224,0.9972078,2.0047956,0.49741122
2003-06-15 12:00:00,2,1.2379826,0.9987861,1.9973862,0.50004655
2003-06-15 12:00:00,3,0.078876495,0.9959451,1.9872212,0.50117475
2003-06-15 12:00:00,4,0.19579408,0.9978328,2.0018628,0.49845213
2003-06-15 12:00:00,5,1.2924286,0.9943886,1.994242,0.49862987
2003-06-15 12:00:00,6,0.010707871,0.9898941,1.9959143,0.4959602
2003-06-15 12:00:00,7,0.76438844,0.99801654,1.9989064,0.4992813
2003-06-15 12:00:00,8,0.013385488,0.99870825,1.9962918,0.5002817
2003-06-15 12:00:00,9,0.21071891,0.9987374,2.0028207,0.4986654
2003-06-15 12:00:00,10,1.3827302,0.99400294,1.9937792,0.49855217
2003-06-15 12:00:00,11,0.8150066,0.9955383,1.9882336,0.50071496
2003-07-16 00:00:00,0,1.4507909,0.9980138,2.0051904,0.49771523
2003-07-16 00:00:00,1,1.1093297,0.99817,2.0082245,0.49704105
2003-07-16 00:00:00,2,2.6817122,0.9997834,2.0049307,0.49866232
2003-07-16 00:00:00,3,0.5008167,0.99890566,2.0010378,0.4991938
2003-07-16 00:00:00,4,0.465843,1.0023474,2.0077775,0.4992323
2003-07-16 00:00:00,5,0.7130027,0.998367,2.0025756,0.49854147
2003-07-16 00:00:00,6,0.24280843,0.99701047,2.0054777,0.49714363
2003-07-16 00:00:00,7,1.0311419,1.0004226,2.0048168,0.4990095
2003-07-16 00:00:00,8,0.12712617,1.000551,2.0027204,0.49959594
2003-07-16 00:00:00,9,0.019304676,1.0001696,2.009197,0.4977957
2003-07-16 00:00:00,10,2.015893,0.9993649,2.0042367,0.4986262
2003-07-16 00:00:00,11,0.18389969,0.99881727,2.0010478,0.49914712
2003-08-16 00:00:00,0,0.6093729,1.0012517,2.0012803,0.5003056
2003-08-16 00:00:00,1,0.15374716,0.99903136,2.003256,0.49870378
2003-08-16 00:00:00,2,0.9364334,0.99761194,2.0019147,0.4983289
2003-08-16 00:00:00,3,0.5476259,0.9986419,1.9999359,0.49933696
2003-08-16 00:00:00,4,0.21085733,1.0014399,2.0086844,0.49855515
2003-08-16 00:00:00,5,0.21149059,0.996981,2.0026324,0.49783528
2003-08-16 00:00:00,6,2.114479,0.99999565,2.0026228,0.49934298
2003-08-16 00:00:00,7,0.11618893,1.0002686,2.0054467,0.49877596
2003-08-16 00:00:00,8,0.5760115,1.0013548,2.0039215,0.49969763
2003-08-16 00:00:00,9,0.73351043,0.99922675,2.0089197,0.49739507
2003-08-16 00:00:00,10,0.33085164,0.9975215,2.003519,0.49788472
2003-08-16 00:00:00,11,0.07595438,0.998898,2.0014172,0.49909538
2003-09-15 12:00:00,0,0.669854,0.9918635,1.9964826,0.49680546
2003-09-15 12:00:00,1,0.058371324,0.9971724,2.0054772,0.4972245
2003-09-15 12:00:00,2,0.33182096,0.9991051,1.9982052,0.50000125
2003-09-15 12:00:00,3,0.6454546,0.9961463,1.9885477,0.50094163
2003-09-15 12:00:00,4,0.31880918,0.9982777,2.0022686,0.49857333
2003-09-15 12:00:00,5,0.79668283,0.99477065,1.9948672,0.4986651
2003-09-15 12:00:00,6,0.69328755,0.9901462,1.9969071,0.4958399
2003-09-15 12:00:00,7,0.156297,0.99813914,1.9993373,0.49923497
2003-09-15 12:00:00,8,2.1203115,0.99873996,1.9965748,0.5002267
2003-09-15 12:00:00,9,0.19152239,0.99893725,2.0032847,0.49864966
2003-09-15 12:00:00,10,0.02667273,0.9945653,1.994821,0.49857372
2003-09-15 12:00:00,11,0.7621337,0.99578595,1.9891998,0.5005963
2003-10-16 00:00:00,0,0.4385615,0.99566543,2.0050826,0.49657077
2003-10-16 00:00:00,1,0.45889834,0.9974932,2.0096533,0.49635088
2003-10-16 00:00:00,2,1.1436125,1.0007586,2.004803,0.49918056
2003-10-16 00:00:00,3,0.022502212,0.9982731,2.0000925,0.49911344
2003-10-16 00:00:00,4,0.1267965,1.0020059,2.006816,0.49930137
2003-10-16 00:00:00,5,1.2567964,0.9980489,2.001106,0.49874863
2003-10-16 00:00:00,6,0.601501,0.99453247,2.0052402,0.49596676
2003-10-16 00:00:00,7,0.49645466,0.9998052,2.003762,0.49896404
2003-10-16 00:00:00,8,1.4099758,0.99965936,2.000682,0.49965927
2003-10-16 00:00:00,9,0.4168366,1.0004652,2.0081081,0.49821278
2003-10-16 00:00:00,10,0.23740748,0.99923325,2.003532,0.49873587
2003-10-16 00:00:00,11,0.9113726,0.9981719,1.9988238,0.49937966
2003-11-15 12:00:00,0,2.0297332,1.0032945,1.9997853,0.5017011
2003-11-15 12:00:00,1,0.7759019,1.0000843,2.0014727,0.4996742
2003-11-15 12:00:00,2,0.25044185,0.99570847,2.001576,0.49746224
2003-11-15 12:00:00,3,0.06334614,0.99942815,1.9966158,0.50056106
2003-11-15 12:00:00,4,0.5013076,1.0008342,2.0087216,0.49824437
2003-11-15 12:00:00,5,0.46284857,0.99709076,2.003264,0.4977331
2003-11-15 12:00:00,6,0.6711294,1.0017794,2.0008469,0.5006777
2003-11-15 12:00:00,7,0.4504863,1.0017375,2.0055447,0.499484
2003-11-15 12:00:00,8,0.23986013,1.0024967,2.00707,0.49948266
2003-11-15 12:00:00,9,0.05228026,0.9986403,2.0103483,0.49674988
2003-11-15 12:00:00,10,0.105131954,0.9960266,2.001076,0.4977455
2003-11-15 12:00:00,11,0.1685763,0.9987903,2.0013711,0.49905303
2003-12-16 00:00:00,0,0.29486766,1.0028356,2.0003657,0.50132614
2003-12-16 00:00:00,1,0.47880793,1.0004146,2.0023541,0.49961922
2003-12-16 00:00:00,2,0.48281366,0.9950908,2.003379,0.4967062
2003-12-16 00:00:00,3,1.6039209,1.0009171,1.9937084,0.5020379
2003-12-16 00:00:00,4,2.0960288,1.001581,2.0057886,0.49934524
2003-12-16 00:00:00,5,2.1537552,0.9985261,2.0042233,0.498211
2003-12-16 00:00:00,6,0.51657677,1.0014508,2.0002573,0.500661
2003-12-16 00:00:00,7,1.6814247,1.0028177,2.0045686,0.50026613
2003-12-16 00:00:00,8,0.6739373,1.0037683,2.0092528,0.49957293
2003-12-16 00:00:00,9,0.54335755,0.9977467,2.011162,0.49610457
2003-12-16 00:00:00,10,0.024332784,0.99583083,2.000216,0.49786165
2003-12-16 00:00:00,11,0.66926223,0.99948287,2.0019295,0.49925977
2004-01-16 00:00:00,0,0.58790874,1.0037053,1.9996331,0.5019447
2004-01-16 00:00:00,1,1.8513137,1.0002987,2.0012531,0.49983618
2004-01-16 00:00:00,2,0.5746197,0.9953785,2.0015647,0.49730018
2004-01-16 00:00:00,3,1.5538007,0.99955577,1.9960535,0.50076604
2004-01-16 00:00:00,4,0.5102409,1.0006837,2.0089352,0.49811643
2004-01-16 00:00:00,5,0.08266439,0.9971164,2.003388,0.4977151
2004-01-16 00:00:00,6,0.45717204,1.0021333,2.0006325,0.5009082
2004-01-16 00:00:00,7,0.43714204,1.0020798,2.0056329,0.49963275
2004-01-16 00:00:00,8,0.079043984,1.0026662,2.0077112,0.49940762
2004-01-16 00:00:00,9,0.08939588,0.9986182,2.0107238,0.4966461
2004-01-16 00:00:00,10,0.34690285,0.9957805,2.0005436,0.49775496
2004-01-16 00:00:00,11,0.5628839,0.9987124,2.0013437,0.49902093
2004-02-15 00:00:00,0,0.008233577,1.0026463,2.0004864,0.5012013
2004-02-15 00:00:00,1,0.15875699,1.0003864,2.0025337,0.49956033
2004-02-15 00:00:00,2,1.0036931,0.9951208,2.0036056,0.49666503
2004-02-15 00:00:00,3,0.122553244,1.0010601,1.9935303,0.50215447
2004-02-15 00:00:00,4,0.41636178,1.001722,2.0053566,0.49952313
2004-02-15 00:00:00,5,0.2680868,0.9986954,2.0043018,0.49827594
2004-02-15 00:00:00,6,0.6568858,1.0012962,2.0002532,0.5005847
2004-02-15 00:00:00,7,0.43639287,1.0028406,2.0044193,0.5003148
2004-02-15 00:00:00,8,0.03026251,1.0038712,2.0093157,0.4996085
2004-02-15 00:00:00,9,0.5315439,0.9976431,2.011141,0.49605826
2004-02-15 00:00:00,10,0.20063722,0.99588615,2.0002818,0.49787292
2004-02-15 00:00:00,11,1.3798461,0.999594,2.0020077,0.49929577
2004-03-16 00:00:00,0,0.23229058,1.0009638,2.0013428,0.5001461
2004-03-16 00:00:00,1,0.25275767,0.9989293,2.0033958,0.49861807
2004-03-16 00:00:00,2,0.34659106,0.99772704,2.0020578,0.49835077
2004-03-16 00:00:00,3,0.18957588,0.9987173,1.9999523,0.49937055
2004-03-16 00:00:00,4,0.5419991,1.001614,2.0081787,0.49876735
2004-03-16 00:00:00,5,0.07492956,0.9970933,2.0026472,0.49788767
2004-03-16 00:00:00,6,2.2710567,0.99975306,2.00262,0.49922255
2004-03-16 00:00:00,7,0.13340744,1.0001376,2.0052662,0.4987555
2004-03-16 00:00:00,8,1.0048269,1.0013989,2.0037322,0.49976686
2004-03-16 00:00:00,9,0.63984644,0.9991085,2.0087233,0.49738485
2004-03-16 00:00:00,10,0.26088753,0.9976178,2.0037868,0.49786624
2004-03-16 00:00:00,11,0.19574283,0.9990353,2.0014908,0.49914557
2004-04-15 12:00:00,0,0.1009956,0.99766505,2.0043786,0.49774283
2004-04-15 12:00:00,1,0.42366058,0.9977772,2.0073838,0.49705353
2004-04-15 12:00:00,2,0.46883488,1.0000628,2.004202,0.4989831
2004-04-15 12:00:00,3,0.024681544,0.9985972,2.0020864,0.49877828
2004-04-15 12:00:00,4,0.61678404,1.002647,2.0069132,0.49959663
2004-04-15 12:00:00,5,0.19680779,0.99799466,2.0023005,0.49842402
2004-04-15 12:00:00,6,0.10341472,0.9967503,2.0050766,0.49711332
2004-04-15 12:00:00,7,0.71774495,0.9993779,2.0045688,0.49855006
2004-04-15 12:00:00,8,1.5925425,1.0004293,2.001293,0.49989146
2004-04-15 12:00:00,9,0.430146,0.9997847,2.007962,0.49791017
2004-04-15 12:00:00,10,0.10025354,0.9994644,2.0056837,0.49831608
2004-04-15 12:00:00,11,0.31539577,0.9991826,2.0012927,0.4992686
2004-05-16 00:00:00,0,0.6541636,0.9975028,2.0049176,0.49752808
2004-05-16 00:00:00,1,2.6416502,0.99786365,2.0080116,0.49694118
2004-05-16 00:00:00,2,0.025021518,1.000068,2.0047586,0.49884707
2004-05-16 00:00:00,3,0.20480727,0.9988386,2.0015981,0.49902055
2004-05-16 00:00:00,4,0.32544696,1.002699,2.0068076,0.4996488
2004-05-16 00:00:00,5,0.20351718,0.99832577,2.0024595,0.4985498
2004-05-16 00:00:00,6,0.16901934,0.99660355,2.0053139,0.49698132
2004-05-16 00:00:00,7,0.40678254,0.99976856,2.0045073,0.49876025
2004-05-16 00:00:00,8,0.17685461,1.0005375,2.0018003,0.49981883
2004-05-16 00:00:00,9,1.0001129,0.9998589,2.0083869,0.4978418
2004-05-16 00:00:00,10,0.8106601,0.9995536,2.005248,0.49846882
2004-05-16 00:00:00,11,0.19319507,0.9991511,2.001272,0.49925804
2004-06-15 12:00:00,0,0.4879781,0.9967875,2.005616,0.4969982
2004-06-15 12:00:00,1,0.14345555,0.99786425,2.009392,0.4966001
2004-06-15 12:00:00,2,0.1307854,1.0003647,2.0052056,0.4988838
2004-06-15 12:00:00,3,0.2604376,0.99866587,2.0006595,0.49916834
2004-06-15 12:00:00,4,0.045926794,1.002209,2.0075006,0.4992322
2004-06-15 12:00:00,5,1.8493373,0.9983773,2.001975,0.49869618
2004-06-15 12:00:00,6,0.18935846,0.99574745,2.005738,0.4964494
2004-06-15 12:00:00,7,0.05857591,1.0002977,2.004385,0.49905467
2004-06-15 12:00:00,8,0.3884816,1.0000862,2.0019143,0.49956495
2004-06-15 12:00:00,9,0.3674454,1.0004699,2.0089061,0.49801725
2004-06-15 12:00:00,10,0.032032453,0.999485,2.0037842,0.49879873
2004-06-15 12:00:00,11,0.19737938,0.9984757,2.0000107,0.49923515
2004-07-16 00:00:00,0,0.12899071,0.9955586,2.005032,0.49653003
2004-07-16 00:00:00,1,0.57446223,0.9976324,2.0098712,0.49636632
2004-07-16 00:00:00,2,0.25382772,1.0005744,2.004825,0.4990831
2004-07-16 00:00:00,3,0.45659512,0.99832267,1.9990513,0.4993982
2004-07-16 00:00:00,4,0.25296852,1.0017041,2.0068462,0.49914342
2004-07-16 00:00:00,5,0.358606,0.9980762,2.0009432,0.49880287
2004-07-16 00:00:00,6,0.6589675,0.9943789,2.0050507,0.49593705
2004-07-16 00:00:00,7,0.23443791,1.000147,2.003602,0.49917448
2004-07-16 00:00:00,8,1.2909064,0.99967116,2.0010872,0.49956402
2004-07-16 00:00:00,9,0.5559849,1.0005517,2.0083282,0.49820128
2004-07-16 00:00:00,10,0.25762334,0.99899834,2.0024798,0.49888062
2004-07-16 00:00:00,11,2.818305,0.99794,1.9982089,0.49941725
2004-08-16 00:00:00,0,0.27514648,0.99603176,2.005188,0.49672738
2004-08-16 00:00:00,1,0.8904032,0.9978737,2.0098236,0.49649817
2004-08-16 00:00:00,2,0.91217625,1.00029,2.0050118,0.49889484
2004-08-16 00:00:00,3,0.0839955,0.9985126,1.9987432,0.49957025
2004-08-16 00:00:00,4,0.5779943,1.0016437,2.0071876,0.4990284
2004-08-16 00:00:00,5,0.83276254,0.9982202,2.0012207,0.49880564
2004-08-16 00:00:00,6,0.28159195,0.99483633,2.005094,0.49615446
2004-08-16 00:00:00,7,0.3132553,1.000558,2.0038135,0.4993269
2004-08-16 00:00:00,8,0.1216406,0.9998734,2.0018497,0.49947476
2004-08-16 00:00:00,9,0.7168849,1.0005826,2.008849,0.49808753
2004-08-16 00:00:00,10,0.5710852,0.99892384,2.0020785,0.4989434
2004-08-16 00:00:00,11,0.4743192,0.9979254,1.9984336,0.4993538
2004-09-15 12:00:00,0,0.79058844,0.9928934,2.0003383,0.49636275
2004-09-15 12:00:00,1,0.28543526,0.99702597,2.0077631,0.49658546
2004-09-15 12:00:00,2,2.263795,1.000273,2.0011747,0.4998429
2004-09-15 12:00:00,3,0.8859616,0.996863,1.9940017,0.49993086
2004-09-15 12:00:00,4,0.559701,0.9999856,2.0040734,0.49897653
2004-09-15 12:00:00,5,0.48234135,0.99611557,1.9973061,0.49872956
2004-09-15 12:00:00,6,0.921029,0.9913788,2.0006988,0.49551627
2004-09-15 12:00:00,7,0.59977025,0.99854636,2.0011065,0.49899712
2004-09-15 12:00:00,8,0.79742146,0.99883384,1.9976118,0.500014
2004-09-15 12:00:00,9,0.2736671,0.99971527,2.0050595,0.4985963
2004-09-15 12:00:00,10,0.042076122,0.9966877,1.9990923,0.4985701
2004-09-15 12:00:00,11,0.40076932,0.9967325,1.99309,0.50009406
2004-10-16 00:00:00,0,0.18338439,1.0035794,1.9998393,0.50183
2004-10-16 00:00:00,1,0.00385872,1.0004421,2.0015614,0.49983084
2004-10-16 00:00:00,2,0.28706574,0.9951211,2.002228,0.4970069
2004-10-16 00:00:00,3,0.020572687,1.0001131,1.994936,0.5013259
2004-10-16 00:00:00,4,1.2210094,1.0009403,2.0078933,0.49850273
2004-10-16 00:00:00,5,0.77532893,0.99764556,2.0037522,0.49788868
2004-10-16 00:00:00,6,0.29906726,1.0020491,2.0004025,0.50092375
2004-10-16 00:00:00,7,0.37038597,1.0025136,2.0052881,0.49993497
2004-10-16 00:00:00,8,0.46870047,1.0031468,2.0085778,0.49943137
2004-10-16 00:00:00,9,0.3675014,0.9982934,2.0110662,0.49640006
2004-10-16 00:00:00,10,0.21710385,0.9956869,2.0001714,0.49780077
2004-10-16 00:00:00,11,1.2420058,0.99895537,2.0015452,0.4990921
2004-11-15 12:00:00,0,0.82947147,1.0036353,1.9998043,0.50186676
2004-11-15 12:00:00,1,0.75239676,1.0003148,2.0014396,0.49979767
2004-11-15 12:00:00,2,0.4156937,0.9953844,2.0017638,0.49725366
2004-11-15 12:00:00,3,0.0630884,0.99965876,1.9959183,0.5008516
2004-11-15 12:00:00,4,0.2246088,1.0007454,2.0087993,0.4981809
2004-11-15 12:00:00,5,0.076534316,0.99724704,2.0034645,0.49776128
2004-11-15 12:00:00,6,0.1390053,1.0020806,2.000698,0.50086546
2004-11-15 12:00:00,7,0.23947428,1.0021795,2.0055897,0.49969319
2004-11-15 12:00:00,8,0.010904255,1.0027286,2.0078597,0.49940172
2004-11-15 12:00:00,9,1.1806693,0.99860346,2.0108266,0.4966134
2004-11-15 12:00:00,10,0.19975032,0.9958275,2.0004835,0.4977934
2004-11-15 12:00:00,11,0.32854727,0.99874663,2.0013955,0.49902514
2004-12-16 00:00:00,0,0.9320607,1.0027008,2.0005248,0.5012189
2004-12-16 00:00:00,1,0.07103843,1.0004417,2.0025675,0.4995795
2004-12-16 00:00:00,2,0.5842988,0.99504536,2.0037003,0.4966039
2004-12-16 00:00:00,3,0.6184947,1.0011448,1.9933233,0.50224906
2004-12-16 00:00:00,4,0.18319412,1.001723,2.0053117,0.49953482
2004-12-16 00:00:00,5,0.16218555,0.99876803,2.004369,0.4982955
2004-12-16 00:00:00,6,0.19586363,1.0013466,2.000224,0.5006172
2004-12-16 00:00:00,7,1.0094733,1.0029637,2.0044088,0.5003788
2004-12-16 00:00:00,8,0.5982787,1.0039468,2.0095341,0.4995918
2004-12-16 00:00:00,9,0.022395566,0.99762106,2.0112681,0.49601594
2004-12-16 00:00:00,10,0.27919468,0.9958489,2.0001364,0.4978905
2004-12-16 00:00:00,11,0.66505754,0.99959946,2.0020282,0.4992934
2005-01-16 00:00:00,0,0.46590385,1.0034034,1.9999652,0.5017104
2005-01-16 00:00:00,1,0.6618001,1.000455,2.0017605,0.49978757
2005-01-16 00:00:00,2,0.1071416,0.9950756,2.002558,0.49690226
2005-01-16 00:00:00,3,1.634844,1.000362,1.9945138,0.5015569
2005-01-16 00:00:00,4,0.11949633,1.0011135,2.0072863,0.49873978
2005-01-16 00:00:00,5,0.28256065,0.99790376,2.0039015,0.49798045
2005-01-16 00:00:00,6,0.038664233,1.0019095,2.0003276,0.50087273
2005-01-16 00:00:00,7,2.1935992,1.0026333,2.005082,0.5000461
2005-01-16 00:00:00,8,0.33627844,1.0033486,2.0088382,0.4994671
2005-01-16 00:00:00,9,0.18447784,0.99812526,2.011125,0.49630192
2005-01-16 00:00:00,10,0.22215694,0.99569905,2.0001342,0.49781612
2005-01-16 00:00:00,11,2.6554372,0.9991046,2.001654,0.49913955
2005-02-14 12:00:00,0,0.32867834,1.0032873,2.0000627,0.5016279
2005-02-14 12:00:00,1,0.5532155,1.000426,2.0018835,0.4997424
2005-02-14 12:00:00,2,0.018503224,0.99512637,2.0026686,0.49690017
2005-02-14 12:00:00,3,0.12284152,1.000408,1.9945064,0.5015818
2005-02-14 12:00:00,4,1.1756855,1.0011832,2.007121,0.49881554
2005-02-14 12:00:00,5,0.15026747,0.9979774,2.0039258,0.49801114
2005-02-14 12:00:00,6,0.6506391,1.0018141,2.0003738,0.5008134
2005-02-14 12:00:00,7,0.15105478,1.0026231,2.005024,0.50005543
2005-02-14 12:00:00,8,0.2858549,1.0033686,2.0088127,0.4994834
2005-02-14 12:00:00,9,1.0538057,0.99810016,2.0111015,0.49629527
2005-02-14 12:00:00,10,0.79751027,0.99575776,2.0001993,0.49782926
2005-02-14 12:00:00,11,0.4670671,0.99915034,2.0016913,0.49915305
2005-03-16 00:00:00,0,0.27429807,1.0032271,2.0000026,0.5016129
2005-03-16 00:00:00,1,0.16381206,1.0003715,2.001835,0.4997272
2005-03-16 00:00:00,2,0.26181692,0.9951895,2.002579,0.49695393
2005-03-16 00:00:00,3,0.9199526,1.0003396,1.9946723,0.50150573
2005-03-16 00:00:00,4,0.7770739,1.0011923,2.0071068,0.49882364
2005-03-16 00:00:00,5,0.10430541,0.9979145,2.0038657,0.4979947
2005-03-16 00:00:00,6,0.31155437,1.0017583,2.0003738,0.5007856
2005-03-16 00:00:00,7,0.20171708,1.0025003,2.0050142,0.4999966
2005-03-16 00:00:00,8,1.0284277,1.0033114,2.008608,0.4995058
2005-03-16 00:00:00,9,0.23254712,0.99809986,2.0109646,0.4963289
2005-03-16 00:00:00,10,0.03753475,0.99578255,2.0003467,0.497805
2005-03-16 00:00:00,11,0.94609916,0.9991585,2.0016744,0.49916136
2005-04-15 12:00:00,0,0.057071596,1.0032609,1.9997337,0.50169724
2005-04-15 12:00:00,1,0.3551473,0.9999988,2.0014033,0.4996488
2005-04-15 12:00:00,2,0.37527004,0.9958474,2.0013597,0.49758542
2005-04-15 12:00:00,3,0.08991327,0.9992271,1.9970692,0.5003468
2005-04-15 12:00:00,4,0.7506897,1.0007797,2.0090048,0.498147
2005-04-15 12:00:00,5,0.052784912,0.9969143,2.0031238,0.49767986
2005-04-15 12:00:00,6,0.3226296,1.0017418,2.0009482,0.50063354
2005-04-15 12:00:00,7,0.44853732,1.0015328,2.0056343,0.49935964
2005-04-15 12:00:00,8,0.22497223,1.0023146,2.006675,0.49949023
2005-04-15 12:00:00,9,0.29659322,0.9987427,2.0101643,0.49684632
2005-04-15 12:00:00,10,0.027070548,0.9960951,2.0012953,0.4977252
2005-04-15 12:00:00,11,0.389854,0.99872893,2.0013099,0.49903762
2005-05-16 00:00:00,0,0.14811267,1.003931,1.9995426,0.5020803
2005-05-16 00:00:00,1,0.11331053,1.0003955,2.0011163,0.49991876
2005-05-16 00:00:00,2,0.63468367,0.9952365,2.0014958,0.49724635
2005-05-16 00:00:00,3,0.5963082,0.99956423,1.9958812,0.5008135
2005-05-16 00:00:00,4,1.5292634,1.0005782,2.0091631,0.49800742
2005-05-16 00:00:00,5,0.47084707,0.99707675,2.0034153,0.49768847
2005-05-16 00:00:00,6,0.34546238,1.002325,2.0005531,0.50102395
2005-05-16 00:00:00,7,0.1979966,1.0022163,2.0057178,0.49967965
2005-05-16 00:00:00,8,0.8101738,1.0027024,2.0079567,0.49936453
2005-05-16 00:00:00,9,0.117516175,0.99864495,2.0108895,0.4966185
2005-05-16 00:00:00,10,1.4580517,0.99566597,2.000303,0.49775755
2005-05-16 00:00:00,11,0.86614233,0.9986445,2.0013087,0.49899572
2005-06-15 12:00:00,0,0.7499834,0.9992621,2.0029593,0.49889287
2005-06-15 12:00:00,1,0.36401027,0.9983234,2.0054255,0.49781126
2005-06-15 12:00:00,2,0.05653224,0.9989365,2.0032258,0.49866393
2005-06-15 12:00:00,3,0.29584,0.99872303,2.0011551,0.49907327
2005-06-15 12:00:00,4,0.017784609,1.0022569,2.0073485,0.4992939
2005-06-15 12:00:00,5,0.43229458,0.9976296,2.00256,0.49817714
2005-06-15 12:00:00,6,0.08307572,0.9982455,2.003914,0.49814785
2005-06-15 12:00:00,7,0.18651907,0.99970365,2.0048895,0.4986328
2005-06-15 12:00:00,8,0.049387384,1.0009708,2.0024762,0.49986655
2005-06-15 12:00:00,9,0.22399937,0.9993817,2.008285,0.49762943
2005-06-15 12:00:00,10,0.49274608,0.99864966,2.004952,0.49809158
2005-06-15 12:00:00,11,0.55236435,0.99922454,2.0015798,0.49921796
2005-07-16 00:00:00,0,0.0928729,0.98974776,1.9895916,0.49746278
2005-07-16 00:00:00,1,0.21244454,0.9967728,2.0009205,0.4981571
2005-07-16 00:00:00,2,0.06793964,0.997882,1.9925244,0.50081295
2005-07-16 00:00:00,3,0.04592337,0.99441355,1.9820069,0.50172055
2005-07-16 00:00:00,4,0.77327514,0.9959848,1.9988276,0.4982845
2005-07-16 00:00:00,5,0.15558492,0.9920447,1.9905275,0.4983828
2005-07-16 00:00:00,6,0.19569425,0.98780906,1.9906948,0.49621323
2005-07-16 00:00:00,7,0.68578243,0.9960153,1.9964026,0.49890503
2005-07-16 00:00:00,8,0.040338796,0.9981869,1.9926575,0.50093246
2005-07-16 00:00:00,9,0.07949896,0.99740463,1.9988956,0.49897784
2005-07-16 00:00:00,10,0.38892692,0.9915243,1.9903041,0.49817726
2005-07-16 00:00:00,11,0.6309683,0.9946337,1.9834598,0.501464
2005-08-16 00:00:00,0,0.98322606,0.994337,2.0034885,0.4963028
2005-08-16 00:00:00,1,1.5152509,0.9974061,2.0094647,0.49635413
2005-08-16 00:00:00,2,0.56805503,1.0004951,2.0037887,0.49930167
2005-08-16 00:00:00,3,1.0584255,0.99791664,1.9967895,0.49976057
2005-08-16 00:00:00,4,0.5735391,1.0011133,2.0055335,0.49917558
2005-08-16 00:00:00,5,0.6850481,0.9975261,1.9996321,0.49885482
2005-08-16 00:00:00,6,0.124505505,0.993021,2.0034702,0.4956505
2005-08-16 00:00:00,7,0.05627147,0.9997135,2.0025344,0.49922413
2005-08-16 00:00:00,8,1.123533,0.99941254,1.9999936,0.49970788
2005-08-16 00:00:00,9,0.96464247,1.0002363,2.0072453,0.49831292
2005-08-16 00:00:00,10,0.17522003,0.9981281,2.0010247,0.49880847
2005-08-16 00:00:00,11,0.716371,0.9974827,1.9961829,0.49969503
2005-09-15 12:00:00,0,0.16803326,0.9961447,2.0056064,0.49668005
2005-09-15 12:00:00,1,0.3434237,0.9976699,2.0097005,0.49642712
2005-09-15 12:00:00,2,0.2011437,1.0006346,2.005196,0.49902079
2005-09-15 12:00:00,3,0.38598824,0.9985445,2.000531,0.49913976
2005-09-15 12:00:00,4,0.34935233,1.0022415,2.0070438,0.49936202
2005-09-15 12:00:00,5,0.36082754,0.9983501,2.0016475,0.4987642
2005-09-15 12:00:00,6,0.14967543,0.99511987,2.005656,0.4961568
2005-09-15 12:00:00,7,0.159369,1.0000514,2.004097,0.49900347
2005-09-15 12:00:00,8,0.4630758,0.9999285,2.001311,0.4996367
2005-09-15 12:00:00,9,0.012629671,1.0004461,2.0085375,0.4980968
2005-09-15 12:00:00,10,0.4485411,0.999531,2.0038218,0.4988123
2005-09-15 12:00:00,11,0.5339749,0.9984271,1.9996394,0.49930358
2005-10-16 00:00:00,0,1.2806098,0.9975906,2.0046568,0.49763662
2005-10-16 00:00:00,1,1.4953679,0.99779075,2.007715,0.49697828
2005-10-16 00:00:00,2,0.6026028,1.000139,2.0043705,0.49897912
2005-10-16 00:00:00,3,0.32960007,0.9985874,2.0020528,0.49878177
2005-10-16 00:00:00,4,0.60915613,1.0025876,2.0071633,0.49950475
2005-10-16 00:00:00,5,0.08015505,0.99804723,2.0022817,0.49845496
2005-10-16 00:00:00,6,0.07944895,0.99666107,2.0052855,0.49701706
2005-10-16 00:00:00,7,0.1219166,0.99952227,2.0046194,0.4986095
2005-10-16 00:00:00,8,0.6195827,1.0003479,2.0013807,0.49982888
2005-10-16 00:00:00,9,0.3205856,0.999939,2.008153,0.49793968
2005-10-16 00:00:00,10,0.18586878,0.9995251,2.0054698,0.4983995
2005-10-16 00:00:00,11,0.06562618,0.9990673,2.0011747,0.49924043
2005-11-15 12:00:00,0,0.8271546,1.0037161,1.9994663,0.501992
2005-11-15 12:00:00,1,1.0927978,1.0000707,2.0009923,0.4997874
2005-11-15 12:00:00,2,1.2465633,0.9957761,2.000833,0.49768075
2005-11-15 12:00:00,3,0.37317863,0.99888974,1.9974921,0.50007194
2005-11-15 12:00:00,4,0.12475373,1.0004414,2.0100534,0.49771884
2005-11-15 12:00:00,5,0.76218855,0.9965175,2.0029414,0.49752703
2005-11-15 12:00:00,6,0.22140805,1.0021148,2.000972,0.50081396
2005-11-15 12:00:00,7,2.6803548,1.0014912,2.0059974,0.4992485
2005-11-15 12:00:00,8,0.26601246,1.0020697,2.0065405,0.4994017
2005-11-15 12:00:00,9,0.35614452,0.99899787,2.0102317,0.49695656
2005-11-15 12:00:00,10,0.8645932,0.99596864,2.0011244,0.4977045
2005-11-15 12:00:00,11,0.646156,0.9984602,2.0011258,0.49894923
2005-12-16 00:00:00,0,0.060782306,1.0020748,2.0009747,0.5007934
2005-12-16 00:00:00,1,0.21812703,1.0004041,2.003233,0.4993948
2005-12-16 00:00:00,2,0.008142497,0.99505097,2.0046291,0.49637657
2005-12-16 00:00:00,3,0.10197872,1.0017768,1.9923937,0.50280064
2005-12-16 00:00:00,4,1.0727301,1.0022454,2.0036306,0.50021464
2005-12-16 00:00:00,5,0.2683365,0.99947304,2.004737,0.49855572
2005-12-16 00:00:00,6,1.3853239,1.0008415,2.0001388,0.50038606
2005-12-16 00:00:00,7,0.10183933,1.0031861,2.003833,0.5006336
2005-12-16 00:00:00,8,0.78356004,1.004427,2.0100276,0.49970803
2005-12-16 00:00:00,9,0.062927365,0.9971941,2.0113258,0.49578944
2005-12-16 00:00:00,10,2.401808,0.9959896,2.000208,0.49794304
2005-12-16 00:00:00,11,0.034958597,1.0000232,2.0023384,0.49942768
2006-01-16 00:00:00,0,0.5428959,1.0035142,1.9998732,0.5017889
2006-01-16 00:00:00,1,0.29935542,1.0004461,2.0016239,0.49981722
2006-01-16 00:00:00,2,0.52343863,0.99510133,2.002344,0.49696824
2006-01-16 00:00:00,3,0.86945665,1.0002054,1.9947749,0.50141263
2006-01-16 00:00:00,4,0.07235657,1.0010054,2.0076566,0.49859396
2006-01-16 00:00:00,5,0.030386632,0.99773884,2.003806,0.49792185
2006-01-16 00:00:00,6,0.06817671,1.0019972,2.0003645,0.5009073
2006-01-16 00:00:00,7,0.21031255,1.0025531,2.0052073,0.4999748
2006-01-16 00:00:00,8,0.4612773,1.003224,2.0086703,0.4994468
2006-01-16 00:00:00,9,0.68374085,0.9982253,2.01108,0.49636278
2006-01-16 00:00:00,10,0.025690814,0.9956867,2.0001616,0.49780312
2006-01-16 00:00:00,11,1.8449042,0.99901354,2.0015848,0.4991113
2006-02-14 12:00:00,0,0.2938286,1.0039276,1.9995878,0.50206727
2006-02-14 12:00:00,1,0.07164721,1.0004307,2.0011735,0.49992204
2006-02-14 12:00:00,2,0.07511227,0.9951821,2.0016162,0.49718925
2006-02-14 12:00:00,3,0.90818745,0.99966425,1.9956732,0.5009158
2006-02-14 12:00:00,4,0.9322768,1.0006139,2.0090113,0.49806288
2006-02-14 12:00:00,5,0.75797457,0.99717104,2.0034845,0.49771836
2006-02-14 12:00:00,6,0.15826148,1.0023268,2.0005186,0.50103354
2006-02-14 12:00:00,7,0.42024732,1.0023115,2.0056686,0.49973932
2006-02-14 12:00:00,8,0.08338918,1.0027884,2.0081367,0.49936262
2006-02-14 12:00:00,9,0.32353285,0.9985963,2.0109744,0.49657336
2006-02-14 12:00:00,10,0.14580788,0.99564576,2.0002105,0.4977705
2006-02-14 12:00:00,11,0.52555305,0.99867874,2.001343,0.49900427
2006-03-16 00:00:00,0,0.25518742,1.0024376,2.000613,0.50106525
2006-03-16 00:00:00,1,0.7995356,1.0003635,2.0027308,0.4994997
2006-03-16 00:00:00,2,1.551264,0.9951347,2.003878,0.4966044
2006-03-16 00:00:00,3,0.2642926,1.0012449,1.9932703,0.50231266
2006-03-16 00:00:00,4,0.11059386,1.0018882,2.004823,0.49973896
2006-03-16 00:00:00,5,0.26921773,0.9989039,2.0044053,0.49835426
2006-03-16 00:00:00,6,0.6576955,1.0011262,2.0002244,0.50050694
2006-03-16 00:00:00,7,0.804371,1.002885,2.0042355,0.5003828
2006-03-16 00:00:00,8,0.23788397,1.0040109,2.009429,0.49964985
2006-03-16 00:00:00,9,1.256959,0.99750787,2.0111303,0.49599364
2006-03-16 00:00:00,10,0.62068534,0.99593437,2.0003345,0.49788392
2006-03-16 00:00:00,11,0.10396628,0.99972916,2.0021017,0.49933985
2006-04-15 12:00:00,0,0.006582885,1.0033243,2.000055,0.5016483
2006-04-15 12:00:00,1,0.85966754,1.0004756,2.001885,0.4997668
2006-04-15 12:00:00,2,1.0895957,0.9950383,2.002759,0.49683377
2006-04-15 12:00:00,3,0.009537975,1.0005103,1.994253,0.50169677
2006-04-15 12:00:00,4,0.0223745,1.0012026,2.0069754,0.4988614
2006-04-15 12:00:00,5,0.042866226,0.99805754,2.003996,0.49803373
2006-04-15 12:00:00,6,0.6770032,1.0018489,2.000295,0.5008506
2006-04-15 12:00:00,7,0.03451828,1.0027292,2.0049777,0.50011986
2006-04-15 12:00:00,8,0.6765842,1.0034679,2.009027,0.49947956
2006-04-15 12:00:00,9,0.2934959,0.9980399,2.0111942,0.49624243
2006-04-15 12:00:00,10,1.2010787,0.99570286,2.0000765,0.4978324
2006-04-15 12:00:00,11,0.31294504,0.9991801,2.0017161,0.49916172
2006-05-16 00:00:00,0,0.99173903,1.0019872,2.0006,0.50084335
2006-05-16 00:00:00,1,0.07191244,0.9993315,2.00244,0.4990569
2006-05-16 00:00:00,2,0.6917469,0.9970279,2.0015182,0.49813578
2006-05-16 00:00:00,3,0.00542266,0.9987274,1.9991618,0.49957305
2006-05-16 00:00:00,4,0.28665113,1.0011688,2.0089252,0.49836046
2006-05-16 00:00:00,5,0.69206685,0.9968253,2.002719,0.49773598
2006-05-16 00:00:00,6,0.42052138,1.000636,2.0020099,0.4998157
2006-05-16 00:00:00,7,0.5116958,1.0005677,2.0055583,0.49889734
2006-05-16 00:00:00,8,1.4694786,1.0016105,2.0046573,0.49964178
2006-05-16 00:00:00,9,0.16330586,0.99907565,2.0092099,0.49724802
2006-05-16 00:00:00,10,0.05314971,0.9970206,2.0028727,0.49779528
2006-05-16 00:00:00,11,0.8336079,0.99881977,2.0013554,0.49907166
2006-06-15 12:00:00,0,0.32897148,0.9955278,2.0054936,0.4964004
2006-06-15 12:00:00,1,1.2622926,0.997589,2.0100846,0.49629202
2006-06-15 12:00:00,2,1.261682,1.0006695,2.0053768,0.49899325
2006-06-15 12:00:00,3,0.38850686,0.99865395,1.9995214,0.4994465
2006-06-15 12:00:00,4,0.17250398,1.0022019,2.0062366,0.49954325
2006-06-15 12:00:00,5,0.43773702,0.9984738,2.0014126,0.49888453
2006-06-15 12:00:00,6,1.0204648,0.994469,2.0053413,0.4959101
2006-06-15 12:00:00,7,0.1947542,1.0001202,2.003599,0.49916187
2006-06-15 12:00:00,8,0.27187636,0.9999487,2.0012722,0.4996565
2006-06-15 12:00:00,9,0.30053383,1.0003353,2.0083823,0.49808013
2006-06-15 12:00:00,10,0.2621591,0.9993384,2.0032938,0.49884766
2006-06-15 12:00:00,11,0.17959738,0.99835527,1.9990252,0.49942106
2006-07-16 00:00:00,0,0.0006696603,0.9938783,2.0021296,0.49641058
2006-07-16 00:00:00,1,0.6095573,0.99721104,2.0086114,0.49646786
2006-07-16 00:00:00,2,0.2220923,1.0005171,2.002352,0.49967095
2006-07-16 00:00:00,3,0.35244814,0.99717647,1.9962481,0.4995253
2006-07-16 00:00:00,4,0.41625425,1.0004679,2.0056322,0.49882922
2006-07-16 00:00:00,5,0.118353195,0.99665934,1.9984994,0.49870384
2006-07-16 00:00:00,6,0.29012114,0.9924628,2.0025132,0.49560863
2006-07-16 00:00:00,7,0.097008616,0.99904984,2.0021904,0.49897847
2006-07-16 00:00:00,8,1.1733274,0.9989113,1.9986267,0.49979883
2006-07-16 00:00:00,9,1.4533364,1.0002432,2.006224,0.49857005
2006-07-16 00:00:00,10,0.05151983,0.997602,2.0003314,0.49871835
2006-07-16 00:00:00,11,0.26279768,0.9970232,1.9947975,0.49981177
2006-08-16 00:00:00,0,0.64900535,0.9893794,1.9884549,0.4975619
2006-08-16 00:00:00,1,0.4726499,0.99665433,2.000112,0.49829924
2006-08-16 00:00:00,2,0.1599872,0.9977616,1.991464,0.5010191
2006-08-16 00:00:00,3,0.21577357,0.9940381,1.9812266,0.50172865
2006-08-16 00:00:00,4,0.7171906,0.9956069,1.9983696,0.4982096
2006-08-16 00:00:00,5,0.9988482,0.99151695,1.989765,0.49830857
2006-08-16 00:00:00,6,0.12687089,0.9874337,1.9897548,0.49625897
2006-08-16 00:00:00,7,0.076476246,0.99552983,1.9959592,0.49877265
2006-08-16 00:00:00,8,0.9418133,0.99801314,1.9917824,0.5010653
2006-08-16 00:00:00,9,0.39549953,0.99718577,1.9980342,0.49908343
2006-08-16 00:00:00,10,0.49326706,0.991111,1.9897263,0.49811423
2006-08-16 00:00:00,11,0.06373113,0.994455,1.9825388,0.5016068
2006-09-15 12:00:00,0,0.040891252,0.98927075,1.988144,0.49758506
2006-09-15 12:00:00,1,1.3451703,0.99670947,1.9999163,0.4983756
2006-09-15 12:00:00,2,0.58241665,0.9976072,1.9912635,0.50099206
2006-09-15 12:00:00,3,0.4695457,0.99404216,1.9805664,0.50189793
2006-09-15 12:00:00,4,0.02559561,0.9954961,1.9980683,0.49822927
2006-09-15 12:00:00,5,0.6168375,0.9914755,1.9895774,0.49833474
2006-09-15 12:00:00,6,0.027729956,0.98733324,1.9893476,0.49631009
2006-09-15 12:00:00,7,0.6706258,0.9955449,1.9957772,0.49882567
2006-09-15 12:00:00,8,1.6940993,0.9980987,1.99179,0.5011064
2006-09-15 12:00:00,9,0.36694932,0.9970462,1.9979284,0.49904
2006-09-15 12:00:00,10,0.046392635,0.99092674,1.9892606,0.49813825
2006-09-15 12:00:00,11,1.6777029,0.9944123,1.9822717,0.5016529
2006-10-16 00:00:00,0,0.56913644,0.9998509,2.0028179,0.4992221
2006-10-16 00:00:00,1,0.04906013,0.9985774,2.0051067,0.4980171
2006-10-16 00:00:00,2,0.6782068,0.9985931,2.0030668,0.49853212
2006-10-16 00:00:00,3,0.6695652,0.998741,2.0008152,0.49916703
2006-10-16 00:00:00,4,0.39453018,1.0020026,2.0079966,0.49900612
2006-10-16 00:00:00,5,1.3090917,0.99754626,2.0026507,0.49811295
2006-10-16 00:00:00,6,0.0716917,0.9987723,2.0037916,0.49844122
2006-10-16 00:00:00,7,0.35340497,1.0000503,2.0051498,0.49874094
2006-10-16 00:00:00,8,0.33009675,1.0010606,2.003092,0.49975768
2006-10-16 00:00:00,9,0.25685146,0.99947083,2.0087242,0.49756497
2006-10-16 00:00:00,10,0.1347258,0.9984271,2.0043607,0.49812746
2006-10-16 00:00:00,11,0.69802594,0.9990658,2.0015612,0.49914327
2006-11-15 12:00:00,0,0.13857006,1.0034722,1.9995791,0.5018417
2006-11-15 12:00:00,1,0.21317211,0.9999891,2.0011656,0.49970332
2006-11-15 12:00:00,2,0.16125895,0.9958894,2.0009806,0.4977007
2006-11-15 12:00:00,3,0.021655913,0.99894685,1.9975338,0.50009006
2006-11-15 12:00:00,4,0.16232766,1.0005786,2.0096972,0.49787533
2006-11-15 12:00:00,5,0.057627507,0.9966192,2.002956,0.4975742
2006-11-15 12:00:00,6,0.42282364,1.0019095,2.001023,0.5006986
2006-11-15 12:00:00,7,0.17797223,1.0014033,2.0058694,0.49923655
2006-11-15 12:00:00,8,0.3106278,1.0020897,2.0063937,0.4994482
2006-11-15 12:00:00,9,0.12046458,0.9989316,2.0101032,0.49695536
2006-11-15 12:00:00,10,0.21828282,0.9960717,2.0013258,0.4977059
2006-11-15 12:00:00,11,0.2923243,0.99855757,2.0011835,0.4989835
2006-12-16 00:00:00,0,0.8627418,1.0034782,1.9997894,0.50179195
2006-12-16 00:00:00,1,1.1565406,1.0003232,2.001508,0.49978474
2006-12-16 00:00:00,2,0.054712143,0.9953018,2.0020108,0.49715105
2006-12-16 00:00:00,3,0.0641315,0.9999016,1.9954501,0.50109076
2006-12-16 00:00:00,4,0.25414467,1.0009166,2.0080986,0.49843997
2006-12-16 00:00:00,5,0.1499704,0.9974692,2.0035958,0.4978395
2006-12-16 00:00:00,6,0.30096263,1.001954,2.0005126,0.5008486
2006-12-16 00:00:00,7,0.9230319,1.0022508,2.005349,0.49978873
2006-12-16 00:00:00,8,0.12500586,1.0029515,2.0080864,0.49945635
2006-12-16 00:00:00,9,0.41571835,0.9983811,2.0108104,0.49650684
2006-12-16 00:00:00,10,0.026041063,0.9957846,2.0004778,0.49777338
2006-12-16 00:00:00,11,0.19573292,0.9989174,2.0014918,0.49908644
2007-01-16 00:00:00,0,0.44643044,1.0011079,2.0013752,0.50021005
2007-01-16 00:00:00,1,0.19348423,0.998936,2.003361,0.49863005
2007-01-16 00:00:00,2,0.5183281,0.99778247,2.0018778,0.49842328
2007-01-16 00:00:00,3,0.8510975,0.99853027,2.0002997,0.49919033
2007-01-16 00:00:00,4,2.2591627,1.0014648,2.0087764,0.4985447
2007-01-16 00:00:00,5,0.067703076,0.99692315,2.0025506,0.4978267
2007-01-16 00:00:00,6,1.3542309,0.9998682,2.0027802,0.4992401
2007-01-16 00:00:00,7,0.7271334,1.0001134,2.0054708,0.49869257
2007-01-16 00:00:00,8,0.13562687,1.0012231,2.0035963,0.49971297
2007-01-16 00:00:00,9,0.056010425,0.9993004,2.0087762,0.49746728
2007-01-16 00:00:00,10,1.4245048,0.9976462,2.0037477,0.49789014
2007-01-16 00:00:00,11,0.012561513,0.99888515,2.0014064,0.4990916
2007-02-14 12:00:00,0,0.46774316,1.0033323,1.9999409,0.50168097
2007-02-14 12:00:00,1,0.1129662,1.000397,2.0017447,0.4997625
2007-02-14 12:00:00,2,0.31419232,0.9951555,2.002483,0.49696082
2007-02-14 12:00:00,3,0.36256555,1.0002882,1.9947097,0.50147057
2007-02-14 12:00:00,4,0.033290334,1.0011239,2.0072992,0.49874175
2007-02-14 12:00:00,5,2.4567163,0.99784535,2.003841,0.49796635
2007-02-14 12:00:00,6,0.60796833,1.0018454,2.0003603,0.50083244
2007-02-14 12:00:00,7,0.327404,1.0025121,2.0050814,0.49998572
2007-02-14 12:00:00,8,0.071082406,1.0032799,2.0086231,0.4994864
2007-02-14 12:00:00,9,0.07041586,0.9981408,2.010997,0.49634126
2007-02-14 12:00:00,10,0.37704897,0.995743,2.0002856,0.4978004
2007-02-14 12:00:00,11,0.9020417,0.9991076,2.0016398,0.49914455
2007-03-16 00:00:00,0,0.49527332,0.9989171,2.0032308,0.49865302
2007-03-16 00:00:00,1,1.0910492,0.99819255,2.0057733,0.4976597
2007-03-16 00:00:00,2,0.6594366,0.999173,2.0034258,0.4987322
2007-03-16 00:00:00,3,0.65361404,0.99872327,2.0014064,0.4990107
2007-03-16 00:00:00,4,0.36218783,1.0024023,2.0071154,0.49942437
2007-03-16 00:00:00,5,2.0689585,0.99772733,2.002537,0.49823165
2007-03-16 00:00:00,6,1.0892661,0.99794465,2.0041316,0.4979437
2007-03-16 00:00:00,7,1.033967,0.9995781,2.0047953,0.4985936
2007-03-16 00:00:00,8,0.039849833,1.0008976,2.0021849,0.49990273
2007-03-16 00:00:00,9,0.39478856,0.9994033,2.0081456,0.49767473
2007-03-16 00:00:00,10,0.72616124,0.99885064,2.0052361,0.4981212
2007-03-16 00:00:00,11,0.8338517,0.999287,2.0016174,0.49923977
2007-04-15 12:00:00,0,0.48885652,1.0032847,1.9998193,0.5016877
2007-04-15 12:00:00,1,0.014776728,0.9999519,2.0014417,0.4996158
2007-04-15 12:00:00,2,0.29808012,0.9959831,2.0012145,0.49768934
2007-04-15 12:00:00,3,1.1436745,0.9990319,1.997525,0.5001349
2007-04-15 12:00:00,4,0.19902577,1.000688,2.009489,0.49798128
2007-04-15 12:00:00,5,0.30507627,0.99676335,2.003012,0.49763227
2007-04-15 12:00:00,6,0.8516884,1.001756,2.0011575,0.50058824
2007-04-15 12:00:00,7,0.2915403,1.001431,2.0057979,0.49926814
2007-04-15 12:00:00,8,0.830158,1.0021158,2.0063992,0.49945986
2007-04-15 12:00:00,9,0.10018239,0.998923,2.0101264,0.49694538
2007-04-15 12:00:00,10,0.56843084,0.99619037,2.0013933,0.49774843
2007-04-15 12:00:00,11,0.28731892,0.9986153,2.0012488,0.49899608
2007-05-16 00:00:00,0,1.5943428,0.9976228,2.004521,0.4976864
2007-05-16 00:00:00,1,0.87950355,0.9977875,2.0075095,0.49702752
2007-05-16 00:00:00,2,0.63496304,1.0000738,2.004337,0.4989549
2007-05-16 00:00:00,3,0.7719373,0.99866784,2.0020373,0.4988258
2007-05-16 00:00:00,4,0.36780956,1.0027001,2.0068316,0.49964336
2007-05-16 00:00:00,5,0.21438703,0.9980889,2.0023615,0.49845588
2007-05-16 00:00:00,6,0.087751314,0.99673146,2.0051446,0.49708706
2007-05-16 00:00:00,7,1.1766226,0.9994373,2.0045514,0.498584
2007-05-16 00:00:00,8,0.16656645,1.0004734,2.0013824,0.4998912
2007-05-16 00:00:00,9,0.29017833,0.9997747,2.008027,0.49788904
2007-05-16 00:00:00,10,0.20983322,0.9995243,2.0056658,0.49835038
2007-05-16 00:00:00,11,0.020572303,0.99921775,2.001362,0.49926886
2007-06-15 12:00:00,0,0.54756963,0.9928794,1.9994457,0.49657732
2007-06-15 12:00:00,1,0.17174703,0.9971921,2.0071883,0.49681044
2007-06-15 12:00:00,2,0.49934408,0.9998655,2.0003588,0.49984306
2007-06-15 12:00:00,3,1.3654829,0.9966424,1.9925297,0.5001895
2007-06-15 12:00:00,4,0.66916233,0.9993588,2.0041327,0.498649
2007-06-15 12:00:00,5,0.02769768,0.99572617,1.9967117,0.49868298
2007-06-15 12:00:00,6,0.16877906,0.9913033,1.9998634,0.49568552
2007-06-15 12:00:00,7,0.05560605,0.9986359,2.0008318,0.49911034
2007-06-15 12:00:00,8,1.1164358,0.998774,1.9976294,0.49997962
2007-06-15 12:00:00,9,0.1386796,0.9996801,2.004842,0.49863285
2007-06-15 12:00:00,10,0.40207547,0.99613047,1.9975863,0.49866706
2007-06-15 12:00:00,11,0.0549587,0.99636585,1.991998,0.5001842
2007-07-16 00:00:00,0,0.2801442,0.9950124,2.0044744,0.49639568
2007-07-16 00:00:00,1,0.1856682,0.99740905,2.0096695,0.496305
2007-07-16 00:00:00,2,0.37627694,1.0007316,2.0043967,0.49926823
2007-07-16 00:00:00,3,0.66718817,0.9980909,1.9988344,0.49933648
2007-07-16 00:00:00,4,0.3635424,1.0016453,2.006273,0.49925673
2007-07-16 00:00:00,5,0.6005629,0.99782246,2.0004652,0.4987952
2007-07-16 00:00:00,6,0.54900724,0.9938106,2.0045874,0.49576816
2007-07-16 00:00:00,7,0.90606505,0.99970716,2.0032325,0.499047
2007-07-16 00:00:00,8,0.6527984,0.9994982,2.0002701,0.4996816
2007-07-16 00:00:00,9,0.09522405,1.0004054,2.0076766,0.49829012
2007-07-16 00:00:00,10,0.33272812,0.9988282,2.0025668,0.49877396
2007-07-16 00:00:00,11,0.27734548,0.99788433,1.997682,0.4995211
2007-08-16 00:00:00,0,0.15472235,0.9927624,1.9992039,0.49657884
2007-08-16 00:00:00,1,0.10064356,0.9972082,2.0070996,0.4968404
2007-08-16 00:00:00,2,0.6450689,0.999763,2.0002823,0.49981096
2007-08-16 00:00:00,3,0.6103385,0.99667704,1.9919978,0.5003404
2007-08-16 00:00:00,4,0.01870027,0.9992977,2.0038078,0.49869937
2007-08-16 00:00:00,5,0.020106621,0.9957181,1.9965959,0.4987079
2007-08-16 00:00:00,6,0.09196938,0.9911639,1.9995602,0.49569094
2007-08-16 00:00:00,7,0.6905387,0.99866116,2.0006459,0.49916938
2007-08-16 00:00:00,8,0.03831416,0.9988358,1.9976664,0.5000013
2007-08-16 00:00:00,9,0.009837561,0.99957335,2.004762,0.49859953
2007-08-16 00:00:00,10,0.9787232,0.9959582,1.9972897,0.49865487
2007-08-16 00:00:00,11,0.9217118,0.99633884,1.9917582,0.5002308
2007-09-15 12:00:00,0,0.17182949,0.99903715,2.0037224,0.4985906
2007-09-15 12:00:00,1,0.115798615,0.99831146,2.006254,0.49759975
2007-09-15 12:00:00,2,0.18303186,0.9991991,2.0036879,0.49868003
2007-09-15 12:00:00,3,0.517961,0.9987085,2.0013497,0.49901748
2007-09-15 12:00:00,4,0.43319398,1.0022241,2.0078607,0.49915022
2007-09-15 12:00:00,5,0.4445183,0.99779636,2.0025742,0.49825686
2007-09-15 12:00:00,6,0.036667056,0.9980216,2.0045216,0.49788517
2007-09-15 12:00:00,7,1.3396794,0.9999529,2.0050302,0.49872214
2007-09-15 12:00:00,8,0.5908671,1.0007831,2.002568,0.49974987
2007-09-15 12:00:00,9,0.31964463,0.99972665,2.0086644,0.49770716
2007-09-15 12:00:00,10,0.022466559,0.9989152,2.0047219,0.49828118
2007-09-15 12:00:00,11,0.18178473,0.9990411,2.0014758,0.4991522
2007-10-16 00:00:00,0,0.26258996,1.0023073,2.0002782,0.5010839
2007-10-16 00:00:00,1,0.27958068,0.9994493,2.0020628,0.49920976
2007-10-16 00:00:00,2,0.08507912,0.99679035,2.0013015,0.49807104
2007-10-16 00:00:00,3,0.5633597,0.99872905,1.9988853,0.499643
2007-10-16 00:00:00,4,0.81952685,1.0010345,2.0090785,0.49825555
2007-10-16 00:00:00,5,0.7988355,0.9967218,2.0027292,0.49768177
2007-10-16 00:00:00,6,1.8936427,1.0009093,2.0017471,0.5000179
2007-10-16 00:00:00,7,0.123128064,1.0006659,2.005619,0.4989312
2007-10-16 00:00:00,8,0.514842,1.0016907,2.004917,0.4996171
2007-10-16 00:00:00,9,0.60670626,0.9990265,2.0093055,0.4971999
2007-10-16 00:00:00,10,0.21899347,0.99680084,2.0026178,0.4977489
2007-10-16 00:00:00,11,0.13394699,0.9987704,2.001305,0.49905956
2007-11-15 12:00:00,0,0.2252051,0.99808264,2.004042,0.4980348
2007-11-15 12:00:00,1,0.013272996,0.99789226,2.0068624,0.49724
2007-11-15 12:00:00,2,0.113812104,0.999824,2.0039046,0.49893793
2007-11-15 12:00:00,3,0.9417596,0.99857795,2.002056,0.49877626
2007-11-15 12:00:00,4,0.29831478,1.0025562,2.0071225,0.49949926
2007-11-15 12:00:00,5,0.007850297,0.99786377,2.0023522,0.49834576
2007-11-15 12:00:00,6,0.24769437,0.99715275,2.0048463,0.49737117
2007-11-15 12:00:00,7,0.1704448,0.99939513,2.0047014,0.49852568
2007-11-15 12:00:00,8,0.18119648,1.0005226,2.001479,0.49989167
2007-11-15 12:00:00,9,0.1526355,0.99971026,2.0079978,0.49786425
2007-11-15 12:00:00,10,1.4175177,0.999313,2.005617,0.49825716
2007-11-15 12:00:00,11,0.75703436,0.99919695,2.0014155,0.49924514
2007-12-16 00:00:00,0,0.12595725,1.0037732,1.9996468,0.50197524
2007-12-16 00:00:00,1,0.013869095,1.0004011,2.001284,0.4998797
2007-12-16 00:00:00,2,0.48528725,0.99520445,2.0017712,0.49716192
2007-12-16 00:00:00,3,0.17766292,0.999771,1.9955361,0.50100374
2007-12-16 00:00:00,4,0.46975076,1.0007279,2.0086415,0.4982113
2007-12-16 00:00:00,5,0.09841844,0.99729264,2.0035377,0.49776587
2007-12-16 00:00:00,6,0.25490215,1.0021992,2.0004904,0.50097674
2007-12-16 00:00:00,7,0.5152125,1.0023068,2.0055397,0.49976912
2007-12-16 00:00:00,8,0.115810305,1.0028697,2.0081592,0.49939752
2007-12-16 00:00:00,9,0.27423567,0.9985009,2.0109272,0.49653757
2007-12-16 00:00:00,10,0.37692124,0.99567986,2.0002859,0.4977688
2007-12-16 00:00:00,11,0.45963797,0.9987734,2.0014007,0.4990372
2008-01-16 00:00:00,0,0.13432106,1.0021122,2.0009835,0.5008098
2008-01-16 00:00:00,1,0.06712893,1.0004269,2.0032337,0.49940598
2008-01-16 00:00:00,2,2.0214188,0.99502325,2.0046442,0.49635905
2008-01-16 00:00:00,3,0.38730553,1.0017926,1.9923413,0.50282174
2008-01-16 00:00:00,4,0.2490757,1.0022316,2.0036635,0.50019956
2008-01-16 00:00:00,5,0.32180724,0.9994835,2.0047536,0.4985568
2008-01-16 00:00:00,6,0.034544483,1.0008745,2.0001347,0.5004036
2008-01-16 00:00:00,7,1.2178655,1.0032299,2.0038462,0.50065213
2008-01-16 00:00:00,8,0.34155944,1.0044421,2.0101001,0.49969754
2008-01-16 00:00:00,9,1.0583683,0.99719965,2.0113769,0.49577963
2008-01-16 00:00:00,10,0.54161334,0.9959738,2.0001483,0.49795
2008-01-16 00:00:00,11,0.17788535,1.0000129,2.0023384,0.49942252
2008-02-15 00:00:00,0,0.052273884,1.0037483,1.9997325,0.50194126
2008-02-15 00:00:00,1,0.17449194,1.0004622,2.0013995,0.4998813
2008-02-15 00:00:00,2,0.7063814,0.99510527,2.002011,0.49705282
2008-02-15 00:00:00,3,0.28129572,0.9999693,1.995132,0.5012046
2008-02-15 00:00:00,4,0.25630754,1.0008084,2.0083106,0.49833345
2008-02-15 00:00:00,5,0.27863747,0.99748117,2.0036716,0.49782667
2008-02-15 00:00:00,6,0.25584713,1.0021867,2.000419,0.5009884
2008-02-15 00:00:00,7,0.33395797,1.0024809,2.0054317,0.49988285
2008-02-15 00:00:00,8,0.67254424,1.0030396,2.0084946,0.4993987
2008-02-15 00:00:00,9,0.23918809,0.9983974,2.0110755,0.4964495
2008-02-15 00:00:00,10,1.1796979,0.99564415,2.0001256,0.4977908
2008-02-15 00:00:00,11,0.68337804,0.9988493,2.0014703,0.49905774
2008-03-16 00:00:00,0,0.35833076,0.9976738,2.0042102,0.497789
2008-03-16 00:00:00,1,0.6486709,0.9977143,2.0071507,0.4970799
2008-03-16 00:00:00,2,0.19043441,1.000104,2.003994,0.49905536
2008-03-16 00:00:00,3,0.4499614,0.9985074,2.0023816,0.4986599
2008-03-16 00:00:00,4,0.20336619,1.0026813,2.0068717,0.49962398
2008-03-16 00:00:00,5,0.450303,0.99788505,2.0022483,0.49838227
2008-03-16 00:00:00,6,0.050093032,0.9967833,2.0050209,0.49714363
2008-03-16 00:00:00,7,0.1965172,0.9991638,2.004577,0.49844125
2008-03-16 00:00:00,8,0.010022649,1.0003909,2.001005,0.49994424
2008-03-16 00:00:00,9,0.6749527,0.9997305,2.0077262,0.49794167
2008-03-16 00:00:00,10,0.01802749,0.99949926,2.0059712,0.49826202
2008-03-16 00:00:00,11,0.05451739,0.99924517,2.0013728,0.4992799
2008-04-15 12:00:00,0,0.033004772,0.99533254,2.0050976,0.49640104
2008-04-15 12:00:00,1,0.11347429,0.99736387,2.0097272,0.49626827
2008-04-15 12:00:00,2,0.006580743,1.0009295,2.004775,0.4992727
2008-04-15 12:00:00,3,0.11313294,0.9982271,2.000273,0.49904543
2008-04-15 12:00:00,4,0.07728873,1.0021257,2.0064442,0.49945357
2008-04-15 12:00:00,5,0.33532423,0.9980581,2.0010104,0.49877706
2008-04-15 12:00:00,6,0.16823286,0.994269,2.0052528,0.49583223
2008-04-15 12:00:00,7,0.0430161,0.9995507,2.0036247,0.49887124
2008-04-15 12:00:00,8,0.27829137,0.99961936,2.000259,0.49974498
2008-04-15 12:00:00,9,0.20138538,1.0003847,2.007776,0.49825513
2008-04-15 12:00:00,10,0.8698737,0.9993777,2.0038178,0.49873683
2008-04-15 12:00:00,11,0.4551886,0.9982797,1.9988369,0.4994303
2008-05-16 00:00:00,0,0.11255956,1.002702,2.000748,0.5011636
2008-05-16 00:00:00,1,0.5365768,0.9998498,2.002472,0.49930778
2008-05-16 00:00:00,2,0.022777222,0.99631816,2.0020416,0.49765107
2008-05-16 00:00:00,3,0.38011542,0.9992914,1.997562,0.5002555
2008-05-16 00:00:00,4,0.8514813,1.0010077,2.0090303,0.49825415
2008-05-16 00:00:00,5,0.069396704,0.99724376,2.0032048,0.49782416
2008-05-16 00:00:00,6,1.8295727,1.0012771,2.0017292,0.50020605
2008-05-16 00:00:00,7,0.100062855,1.0015954,2.005639,0.49938965
2008-05-16 00:00:00,8,0.2165232,1.0021555,2.0064766,0.49946037
2008-05-16 00:00:00,9,0.12812936,0.9989893,2.0103204,0.49693036
2008-05-16 00:00:00,10,0.7573975,0.99661803,2.0015323,0.49792752
2008-05-16 00:00:00,11,0.010586813,0.9987446,2.0014462,0.49901146
2008-06-15 12:00:00,0,0.058983635,0.9903035,1.991608,0.49723816
2008-06-15 12:00:00,1,0.01852576,0.99693024,2.0023165,0.49788845
2008-06-15 12:00:00,2,0.06213309,0.99817044,1.9943382,0.5005021
2008-06-15 12:00:00,3,0.07695536,0.9950427,1.9835738,0.5016414
2008-06-15 12:00:00,4,0.9023295,0.99671566,1.999536,0.49847347
2008-06-15 12:00:00,5,0.18549183,0.9929657,1.9918431,0.49851602
2008-06-15 12:00:00,6,0.9269173,0.9884263,1.9923787,0.49610364
2008-06-15 12:00:00,7,0.7569683,0.9967362,1.9971626,0.49907616
2008-06-15 12:00:00,8,1.9192829,0.99847656,1.9939891,0.5007432
2008-06-15 12:00:00,9,0.24123298,0.99775076,2.000265,0.4988093
2008-06-15 12:00:00,10,0.34209794,0.9923476,1.9915097,0.4982891
2008-06-15 12:00:00,11,0.24603367,0.99501467,1.9851648,0.50122523
2008-07-16 00:00:00,0,0.018397236,0.9919805,1.9964901,0.4968622
2008-07-16 00:00:00,1,0.016154157,0.99716765,2.0054755,0.49722254
2008-07-16 00:00:00,2,0.2677161,0.99913114,1.9981904,0.500018
2008-07-16 00:00:00,3,0.7755617,0.9960837,1.9887751,0.5008528
2008-07-16 00:00:00,4,0.95245266,0.9982373,2.00254,0.49848557
2008-07-16 00:00:00,5,0.7776363,0.99470544,1.9948839,0.49862823
2008-07-16 00:00:00,6,0.1804558,0.9902151,1.9970064,0.49584976
2008-07-16 00:00:00,7,0.1805308,0.9981452,1.9994427,0.49921173
2008-07-16 00:00:00,8,1.6087233,0.99866444,1.9965734,0.5001892
2008-07-16 00:00:00,9,0.060375005,0.99903315,2.0033512,0.49868098
2008-07-16 00:00:00,10,0.5126866,0.99454653,1.9949175,0.4985402
2008-07-16 00:00:00,11,0.40910566,0.99572617,1.9892011,0.5005659
2008-08-16 00:00:00,0,0.93720496,0.9896091,1.9895427,0.49740532
2008-08-16 00:00:00,1,0.12740037,0.9967283,2.0009212,0.4981347
2008-08-16 00:00:00,2,0.20058697,0.99792624,1.9925125,0.50083816
2008-08-16 00:00:00,3,0.4812232,0.9944074,1.9819751,0.5017255
2008-08-16 00:00:00,4,0.7932286,0.9960369,1.9986182,0.49836275
2008-08-16 00:00:00,5,0.5717311,0.99205357,1.9904659,0.4984027
2008-08-16 00:00:00,6,0.3442742,0.9876838,1.9906111,0.49617115
2008-08-16 00:00:00,7,1.4380133,0.99592954,1.996313,0.49888447
2008-08-16 00:00:00,8,0.7728093,0.9981965,1.9925027,0.5009762
2008-08-16 00:00:00,9,0.05143662,0.99733746,1.9987861,0.49897158
2008-08-16 00:00:00,10,0.1439856,0.9915282,1.9903835,0.49815938
2008-08-16 00:00:00,11,0.20744862,0.99466395,1.9834555,0.50148034
2008-09-15 12:00:00,0,0.5477813,0.9895578,1.9889773,0.49752092
2008-09-15 12:00:00,1,0.3420351,0.9967268,2.0004869,0.4982421
2008-09-15 12:00:00,2,1.3168688,0.9977928,1.9919552,0.50091124
2008-09-15 12:00:00,3,0.66735196,0.99422383,1.9815083,0.50175107
2008-09-15 12:00:00,4,0.37504268,0.99576455,1.9985809,0.4982358
2008-09-15 12:00:00,5,0.2759724,0.9917686,1.9901184,0.49834654
2008-09-15 12:00:00,6,0.24972513,0.98761815,1.9901713,0.4962478
2008-09-15 12:00:00,7,0.3766552,0.99578285,1.9961575,0.49884984
2008-09-15 12:00:00,8,0.38652804,0.9981083,1.9922339,0.50099957
2008-09-15 12:00:00,9,1.6668079,0.9972839,1.9984549,0.49902746
2008-09-15 12:00:00,10,0.19547679,0.9912892,1.9899149,0.49815658
2008-09-15 12:00:00,11,0.33575565,0.99452984,1.982944,0.5015421
2008-10-16 00:00:00,0,0.50427854,0.99977165,2.0022097,0.49933416
2008-10-16 00:00:00,1,0.21838239,0.99835193,2.004499,0.4980556
2008-10-16 00:00:00,2,0.07750841,0.9987739,2.00236,0.49879834
2008-10-16 00:00:00,3,0.7315382,0.99834085,2.0016086,0.49876925
2008-10-16 00:00:00,4,0.036194567,1.0019599,2.0080466,0.49897245
2008-10-16 00:00:00,5,0.6927922,0.99709404,2.002317,0.49797013
2008-10-16 00:00:00,6,0.4413981,0.9986873,2.0035868,0.49844974
2008-10-16 00:00:00,7,0.3108808,0.99939984,2.0051517,0.49841607
2008-10-16 00:00:00,8,0.12680659,1.0007944,2.0020952,0.49987352
2008-10-16 00:00:00,9,0.3925815,0.99942446,2.007996,0.49772233
2008-10-16 00:00:00,10,0.7966424,0.9984084,2.0050526,0.49794623
2008-10-16 00:00:00,11,1.7980453,0.99908507,2.001457,0.4991789
2008-11-15 12:00:00,0,0.44981548,1.0037063,1.9994942,0.5019801
2008-11-15 12:00:00,1,0.15563796,1.0001292,2.0010495,0.49980232
2008-11-15 12:00:00,2,0.21894996,0.9956658,2.0010262,0.4975776
2008-11-15 12:00:00,3,1.522348,0.99907357,1.9970926,0.500264
2008-11-15 12:00:00,4,0.74871117,1.0005132,2.009718,0.49783763
2008-11-15 12:00:00,5,0.6963106,0.99667984,2.0030613,0.4975783
2008-11-15 12:00:00,6,0.24960296,1.0021138,2.0008633,0.5008407
2008-11-15 12:00:00,7,0.39968315,1.0016413,2.005887,0.4993508
2008-11-15 12:00:00,8,0.17547059,1.0022373,2.00685,0.4994082
2008-11-15 12:00:00,9,1.8166027,0.9988823,2.0103495,0.49686995
2008-11-15 12:00:00,10,0.24010335,0.9959127,2.0009787,0.4977128
2008-11-15 12:00:00,11,0.08068906,0.9985367,2.0011861,0.49897242
2008-12-16 00:00:00,0,0.67239916,1.0039786,1.9994581,0.5021254
2008-12-16 00:00:00,1,0.3051796,1.0003661,2.0010068,0.49993137
2008-12-16 00:00:00,2,0.9593018,0.9952818,2.0013154,0.49731383
2008-12-16 00:00:00,3,0.5401944,0.9994301,1.9961288,0.5006842
2008-12-16 00:00:00,4,0.106888354,1.00051,2.0094068,0.4979131
2008-12-16 00:00:00,5,0.26066512,0.9969401,2.003326,0.4976425
2008-12-16 00:00:00,6,0.83110595,1.0023593,2.00058,0.5010343
2008-12-16 00:00:00,7,0.43020132,1.0021106,2.0057979,0.49960697
2008-12-16 00:00:00,8,0.73254615,1.002594,2.007757,0.49936023
2008-12-16 00:00:00,9,0.04804074,0.9987128,2.0108018,0.4966739
2008-12-16 00:00:00,10,0.4772413,0.9956698,2.0003843,0.49773926
2008-12-16 00:00:00,11,0.6756928,0.9985867,2.0012555,0.4989801
2009-01-16 00:00:00,0,0.58535624,1.0035193,1.9996113,0.5018572
2009-01-16 00:00:00,1,0.070052795,1.0000125,2.0011818,0.49971098
2009-01-16 00:00:00,2,0.1901455,0.99587226,2.0009916,0.49768937
2009-01-16 00:00:00,3,0.56629646,0.99894696,1.9975191,0.5000938
2009-01-16 00:00:00,4,0.053381145,1.0005522,2.0097954,0.4978378
2009-01-16 00:00:00,5,0.02728509,0.99661976,2.0029666,0.49757183
2009-01-16 00:00:00,6,0.26011074,1.0019503,2.001049,0.5007125
2009-01-16 00:00:00,7,0.45669296,1.0014513,2.0059054,0.49925148
2009-01-16 00:00:00,8,1.7973857,1.0020862,2.006458,0.49943042
2009-01-16 00:00:00,9,0.2943856,0.9989618,2.0101688,0.4969542
2009-01-16 00:00:00,10,0.18913029,0.9960667,2.0012593,0.49771994
2009-01-16 00:00:00,11,0.5642376,0.99853104,2.0011785,0.4989715
2009-02-14 12:00:00,0,0.5732635,1.002549,2.0004618,0.50115883
2009-02-14 12:00:00,1,0.441851,1.0003175,2.0025253,0.499528
2009-02-14 12:00:00,2,1.5061821,0.9952122,2.0035372,0.4967276
2009-02-14 12:00:00,3,0.35997856,1.0009894,1.9937334,0.50206786
2009-02-14 12:00:00,4,0.2404744,1.0017469,2.0053253,0.49954334
2009-02-14 12:00:00,5,0.18542683,0.9986428,2.0042393,0.49826524
2009-02-14 12:00:00,6,0.1182633,1.0012096,2.0002837,0.5005338
2009-02-14 12:00:00,7,0.6503436,1.0027028,2.0044026,0.5002502
2009-02-14 12:00:00,8,0.022846613,1.0038038,2.009076,0.49963456
2009-02-14 12:00:00,9,0.22522625,0.9976482,2.0109894,0.49609816
2009-02-14 12:00:00,10,0.45702443,0.9959378,2.0004616,0.49785402
2009-02-14 12:00:00,11,1.3710736,0.99960876,2.001998,0.49930558
2009-03-16 00:00:00,0,0.39510512,1.0040792,1.9995171,0.50216085
2009-03-16 00:00:00,1,0.5723468,1.0004761,2.0010636,0.49997216
2009-03-16 00:00:00,2,0.05668861,0.9951225,2.00151,0.4971859
2009-03-16 00:00:00,3,0.006824961,0.9996127,1.9956832,0.50088745
2009-03-16 00:00:00,4,0.4938417,1.0005227,2.0092633,0.49795502
2009-03-16 00:00:00,5,0.075243175,0.9970941,2.003465,0.49768484
2009-03-16 00:00:00,6,0.6162134,1.0024533,2.000498,0.50110185
2009-03-16 00:00:00,7,0.03296979,1.0023538,2.005758,0.49973813
2009-03-16 00:00:00,8,0.0009778453,1.0027605,2.0082014,0.49933267
2009-03-16 00:00:00,9,0.45631474,0.99864864,2.0110455,0.49658182
2009-03-16 00:00:00,10,0.48245585,0.9955869,2.0000987,0.49776888
2009-03-16 00:00:00,11,1.2091593,0.9986108,2.0013013,0.49898073
2009-04-15 12:00:00,0,0.5902055,1.0014527,2.0009835,0.50048023
2009-04-15 12:00:00,1,0.119001,0.9991098,2.0029285,0.4988245
2009-04-15 12:00:00,2,0.12871645,0.997414,2.0017653,0.4982672
2009-04-15 12:00:00,3,1.0657979,0.9986896,1.9996502,0.49943215
2009-04-15 12:00:00,4,0.79120815,1.0013906,2.008591,0.49855375
2009-04-15 12:00:00,5,0.085525595,0.9969368,2.0026608,0.49780613
2009-04-15 12:00:00,6,0.7913394,1.0001744,2.0023491,0.4995005
2009-04-15 12:00:00,7,0.23663403,1.0003135,2.0054243,0.49880394
2009-04-15 12:00:00,8,0.22589855,1.0014703,2.0041158,0.4997068
2009-04-15 12:00:00,9,0.68166107,0.9991121,2.008931,0.49733523
2009-04-15 12:00:00,10,0.8761007,0.99734473,2.0033813,0.49783072
2009-04-15 12:00:00,11,0.2966575,0.9989211,2.0014179,0.4991067
2009-05-16 00:00:00,0,0.99502885,1.0029309,1.9998449,0.5015043
2009-05-16 00:00:00,1,2.902683,0.9996342,2.001482,0.49944702
2009-05-16 00:00:00,2,0.16769238,0.99649364,2.0008104,0.49804503
2009-05-16 00:00:00,3,3.038248,0.9985457,1.9988176,0.4995682
2009-05-16 00:00:00,4,0.8910618,1.0006822,2.0099227,0.49787098
2009-05-16 00:00:00,5,0.35382333,0.99640065,2.002651,0.49754083
2009-05-16 00:00:00,6,0.54265064,1.0014316,2.001526,0.500334
2009-05-16 00:00:00,7,0.48732617,1.0007997,2.00592,0.49892303
2009-05-16 00:00:00,8,0.98726565,1.0016315,2.0051808,0.4995218
2009-05-16 00:00:00,9,0.012520591,0.9991536,2.0095174,0.4972107
2009-05-16 00:00:00,10,0.3111481,0.9965015,2.002188,0.49770626
2009-05-16 00:00:00,11,0.9912167,0.99854,2.0011415,0.49898517
2009-06-15 12:00:00,0,0.13162349,1.0034709,2.0001705,0.5016927
2009-06-15 12:00:00,1,0.24584952,1.0001173,2.0017343,0.4996254
2009-06-15 12:00:00,2,0.42557335,0.99585694,2.0015347,0.49754667
2009-06-15 12:00:00,3,1.8464509,0.9991949,1.9971757,0.500304
2009-06-15 12:00:00,4,0.024867484,1.0006275,2.0097818,0.49787867
2009-06-15 12:00:00,5,0.47830415,0.9969493,2.003186,0.49768186
2009-06-15 12:00:00,6,0.4609327,1.0019276,2.0013278,0.50063145
2009-06-15 12:00:00,7,0.51246464,1.0018419,2.0059152,0.4994438
2009-06-15 12:00:00,8,0.053029828,1.0022148,2.0070038,0.49935868
2009-06-15 12:00:00,9,1.2625254,0.99903476,2.0106275,0.4968771
2009-06-15 12:00:00,10,0.10831523,0.99618864,2.0009174,0.49786595
2009-06-15 12:00:00,11,0.19462155,0.9985293,2.0012896,0.49894294
2009-07-16 00:00:00,0,0.11508127,0.99277514,1.9991744,0.49659258
2009-07-16 00:00:00,1,0.15828322,0.99718803,2.0070622,0.4968396
2009-07-16 00:00:00,2,1.2231435,0.99978197,2.000212,0.49983802
2009-07-16 00:00:00,3,0.10574562,0.9966338,1.9920921,0.50029504
2009-07-16 00:00:00,4,0.37712285,0.9992688,2.0038812,0.49866667
2009-07-16 00:00:00,5,0.32314625,0.99566627,1.9965713,0.49868807
2009-07-16 00:00:00,6,0.17931646,0.99117583,1.9995898,0.49568957
2009-07-16 00:00:00,7,0.75035447,0.99861723,2.0006602,0.49914384
2009-07-16 00:00:00,8,0.14812827,0.99878794,1.9975932,0.49999568
2009-07-16 00:00:00,9,0.9001605,0.9996036,2.0047045,0.4986289
2009-07-16 00:00:00,10,1.2110988,0.99596995,1.9973199,0.49865317
2009-07-16 00:00:00,11,0.28371596,0.9963252,1.9917188,0.5002339
2009-08-16 00:00:00,0,0.2483229,0.9953837,2.0049882,0.49645364
2009-08-16 00:00:00,1,0.2607619,0.9974574,2.009749,0.49630946
2009-08-16 00:00:00,2,0.8250239,1.0007898,2.0047235,0.49921584
2009-08-16 00:00:00,3,0.24178366,0.9982297,1.9997422,0.49917918
2009-08-16 00:00:00,4,0.8431257,1.0019205,2.0065815,0.49931708
2009-08-16 00:00:00,5,0.34587634,0.9980195,2.0009317,0.4987774
2009-08-16 00:00:00,6,0.2004203,0.9942683,2.0051248,0.49586356
2009-08-16 00:00:00,7,1.0492402,0.99974775,2.003588,0.4989787
2009-08-16 00:00:00,8,0.0432603,0.9996124,2.0005245,0.49967515
2009-08-16 00:00:00,9,1.175341,1.0004512,2.0079226,0.49825186
2009-08-16 00:00:00,10,0.052859362,0.99919343,2.0032485,0.49878657
2009-08-16 00:00:00,11,0.83031934,0.9981281,1.9984884,0.49944153
2009-09-15 12:00:00,0,0.27175343,0.9925726,1.9990044,0.49653348
2009-09-15 12:00:00,1,0.23647577,0.9970688,2.0069973,0.49679628
2009-09-15 12:00:00,2,0.62667966,0.99986255,2.0002449,0.4998701
2009-09-15 12:00:00,3,0.19533247,0.9966588,1.9921093,0.50030327
2009-09-15 12:00:00,4,0.28536656,0.9994393,2.0034037,0.49887064
2009-09-15 12:00:00,5,0.15103209,0.99568427,1.996508,0.4987129
2009-09-15 12:00:00,6,0.33060357,0.99094456,1.9993668,0.49562922
2009-09-15 12:00:00,7,0.40638185,0.9984523,2.0004826,0.49910572
2009-09-15 12:00:00,8,1.1248207,0.9988239,1.99733,0.5000796
2009-09-15 12:00:00,9,0.14029716,0.999433,2.0045269,0.49858797
2009-09-15 12:00:00,10,0.21102689,0.995901,1.9977072,0.49852198
2009-09-15 12:00:00,11,0.18531659,0.9964016,1.991794,0.5002533
2009-10-16 00:00:00,0,0.5926154,1.0036311,1.9998673,0.5018489
2009-10-16 00:00:00,1,0.6304778,1.0004524,2.0015647,0.49983513
2009-10-16 00:00:00,2,0.14041698,0.9951313,2.0021908,0.4970212
2009-10-16 00:00:00,3,0.39699328,1.0000665,1.995023,0.50128067
2009-10-16 00:00:00,4,0.9308929,1.0008948,2.0080824,0.4984331
2009-10-16 00:00:00,5,0.13077846,0.9976055,2.0037332,0.49787343
2009-10-16 00:00:00,6,0.084059924,1.0020928,2.0004587,0.5009315
2009-10-16 00:00:00,7,0.75365716,1.0025259,2.0053542,0.49992463
2009-10-16 00:00:00,8,0.80410326,1.0031008,2.0085669,0.4994112
2009-10-16 00:00:00,9,1.7469165,0.99835443,2.0111055,0.4964207
2009-10-16 00:00:00,10,0.36771104,0.9956972,2.000138,0.49781424
2009-10-16 00:00:00,11,0.56072867,0.99890864,2.0015256,0.49907362
2009-11-15 12:00:00,0,0.02174856,1.0000144,2.002433,0.4993997
2009-11-15 12:00:00,1,0.26429605,0.9986079,2.0046983,0.49813375
2009-11-15 12:00:00,2,0.39598238,0.99843884,2.002821,0.49851626
2009-11-15 12:00:00,3,0.511269,0.99873054,2.0006742,0.49919698
2009-11-15 12:00:00,4,0.055779293,1.0019646,2.0078716,0.49901825
2009-11-15 12:00:00,5,0.0539873,0.9974393,2.0026302,0.49806464
2009-11-15 12:00:00,6,0.14772944,0.99891543,2.0034924,0.4985871
2009-11-15 12:00:00,7,1.6200325,0.99997765,2.0051138,0.49871364
2009-11-15 12:00:00,8,0.027647173,1.0011342,2.0031068,0.4997907
2009-11-15 12:00:00,9,0.30953956,0.99934125,2.0086017,0.49753082
2009-11-15 12:00:00,10,0.26460385,0.99825835,2.0043716,0.49804056
2009-11-15 12:00:00,11,1.4643157,0.9991047,2.0015554,0.49916413
2009-12-16 00:00:00,0,0.5520543,1.0036947,1.9997437,0.50191164
2009-12-16 00:00:00,1,0.30470914,1.0004355,2.0014215,0.49986246
2009-12-16 00:00:00,2,1.1462114,0.9951425,2.0020137,0.4970708
2009-12-16 00:00:00,3,0.19637209,0.9999586,1.9951891,0.5011849
2009-12-16 00:00:00,4,0.44987625,1.000831,2.0082636,0.4983564
2009-12-16 00:00:00,5,2.890195,0.99748105,2.0036583,0.4978299
2009-12-16 00:00:00,6,0.22969136,1.0021406,2.0004356,0.5009612
2009-12-16 00:00:00,7,0.023646384,1.0024372,2.0054138,0.49986553
2009-12-16 00:00:00,8,0.10704669,1.0030247,2.008418,0.4994103
2009-12-16 00:00:00,9,0.4821959,0.99839234,2.0110247,0.4964595
2009-12-16 00:00:00,10,0.08612112,0.99567115,2.000193,0.4977875
2009-12-16 00:00:00,11,0.7994374,0.99886394,2.0014756,0.49906376
2010-01-16 00:00:00,0,0.29215184,1.0019268,2.001002,0.5007125
2010-01-16 00:00:00,1,0.46151808,1.0003366,2.003294,0.4993459
2010-01-16 00:00:00,2,0.7716424,0.9951401,2.0046535,0.49641502
2010-01-16 00:00:00,3,0.63336986,1.0017669,1.9925057,0.5027674
2010-01-16 00:00:00,4,0.60969937,1.0023152,2.0034597,0.5002922
2010-01-16 00:00:00,5,0.30122328,0.9994888,2.0047123,0.49856967
2010-01-16 00:00:00,6,0.6210896,1.0007148,2.000168,0.50031537
2010-01-16 00:00:00,7,0.011853086,1.00308,2.0037694,0.5005965
2010-01-16 00:00:00,8,0.94034815,1.0044047,2.009849,0.49974135
2010-01-16 00:00:00,9,0.20556319,0.99716514,2.0111942,0.49580747
2010-01-16 00:00:00,10,0.5351194,0.9960549,2.0003808,0.49793264
2010-01-16 00:00:00,11,0.24439016,1.0000731,2.002358,0.4994477
2010-02-14 12:00:00,0,0.012969061,1.0033402,2.000034,0.5016616
2010-02-14 12:00:00,1,0.27795005,1.0004497,2.0018463,0.49976346
2010-02-14 12:00:00,2,0.044591926,0.9950884,2.0026531,0.49688506
2010-02-14 12:00:00,3,0.7098377,1.0004148,1.9944526,0.5015987
2010-02-14 12:00:00,4,0.23287065,1.0011605,2.007159,0.49879482
2010-02-14 12:00:00,5,1.0943164,0.99797046,2.0039344,0.49800557
2010-02-14 12:00:00,6,0.002573185,1.0018591,2.000346,0.5008429
2010-02-14 12:00:00,7,0.055313367,1.0026563,2.0050385,0.50006837
2010-02-14 12:00:00,8,0.12204726,1.0033827,2.0088763,0.49947459
2010-02-14 12:00:00,9,0.1143219,0.99810004,2.011139,0.49628597
2010-02-14 12:00:00,10,0.0133681465,0.9957261,2.0001416,0.4978278
2010-02-14 12:00:00,11,0.7874296,0.9991378,2.0016835,0.49914876
2010-03-16 00:00:00,0,0.6829899,1.0035288,1.9997321,0.50183165
2010-03-16 00:00:00,1,0.059415035,1.0002661,2.001406,0.4997817
2010-03-16 00:00:00,2,0.24469821,0.99541384,2.0017536,0.4972709
2010-03-16 00:00:00,3,0.77776426,0.9996733,1.9959183,0.50085884
2010-03-16 00:00:00,4,0.13218419,1.00081,2.0085497,0.49827495
2010-03-16 00:00:00,5,0.016807986,0.99725807,2.0034494,0.49777052
2010-03-16 00:00:00,6,0.22113203,1.0019882,2.0006292,0.50083655
2010-03-16 00:00:00,7,0.144484,1.0020834,2.005499,0.4996679
2010-03-16 00:00:00,8,1.0447103,1.0027496,2.007739,0.49944216
2010-03-16 00:00:00,9,0.25788212,0.9985263,2.0106866,0.4966096
2010-03-16 00:00:00,10,0.13177899,0.995833,2.000622,0.49776167
2010-03-16 00:00:00,11,0.07437474,0.99881214,2.001411,0.49905398
2010-04-15 12:00:00,0,0.86699104,1.0035669,1.9998709,0.5018158
2010-04-15 12:00:00,1,1.1127377,1.0004618,2.0016043,0.49982998
2010-04-15 12:00:00,2,0.45228732,0.99508876,2.0023136,0.4969695
2010-04-15 12:00:00,3,0.029314118,1.0001827,1.994797,0.50139576
2010-04-15 12:00:00,4,0.38359997,1.0009705,2.0077736,0.49854746
2010-04-15 12:00:00,5,0.5844162,0.99771243,2.003799,0.49791044
2010-04-15 12:00:00,6,0.06750539,1.0020415,2.0003788,0.50092584
2010-04-15 12:00:00,7,1.5555127,1.0025727,2.0052488,0.4999742
2010-04-15 12:00:00,8,0.6352726,1.0032057,2.0086915,0.4994324
2010-04-15 12:00:00,9,0.68096024,0.9982568,2.0111156,0.4963697
2010-04-15 12:00:00,10,0.22231026,0.9956764,2.0001192,0.49780852
2010-04-15 12:00:00,11,0.31325823,0.9989831,2.0015705,0.49909964
2010-05-16 00:00:00,0,0.19899979,1.0029315,2.00002,0.50146073
2010-05-16 00:00:00,1,0.0043353653,0.9998027,2.0017097,0.49947438
2010-05-16 00:00:00,2,0.52338845,0.99622303,2.0013494,0.49777564
2010-05-16 00:00:00,3,1.7460742,0.9990122,1.9978281,0.5000491
2010-05-16 00:00:00,4,0.7294289,1.0008452,2.009202,0.4981307
2010-05-16 00:00:00,5,0.65085804,0.99683154,2.002972,0.49767625
2010-05-16 00:00:00,6,0.90944827,1.0014553,2.0013347,0.50039375
2010-05-16 00:00:00,7,0.10900585,1.0012381,2.0056891,0.49919903
2010-05-16 00:00:00,8,0.08227936,1.0020413,2.006025,0.49951586
2010-05-16 00:00:00,9,0.5592519,0.99891406,2.009903,0.49699616
2010-05-16 00:00:00,10,0.20012733,0.9963913,2.001753,0.49775934
2010-05-16 00:00:00,11,0.35160416,0.99870384,2.0013018,0.4990271
2010-06-15 12:00:00,0,0.41914907,0.99385405,2.0023172,0.49635196
2010-06-15 12:00:00,1,0.07688578,0.9973427,2.0088696,0.4964696
2010-06-15 12:00:00,2,0.9635503,1.0002906,2.002915,0.49941742
2010-06-15 12:00:00,3,0.3040536,0.99763507,1.9953754,0.49997362
2010-06-15 12:00:00,4,0.2798737,1.0006584,2.0048919,0.4991084
2010-06-15 12:00:00,5,0.022635948,0.9970855,1.9988346,0.49883342
2010-06-15 12:00:00,6,0.6353306,0.9924537,2.0023706,0.49563935
2010-06-15 12:00:00,7,0.53436494,0.99944687,2.0019505,0.49923655
2010-06-15 12:00:00,8,0.3015013,0.99929345,1.9994106,0.499794
2010-06-15 12:00:00,9,0.25690016,1.000015,2.0065696,0.49837047
2010-06-15 12:00:00,10,1.2602694,0.99751186,2.0000217,0.4987505
2010-06-15 12:00:00,11,1.2643597,0.9972003,1.9949708,0.4998571
2010-07-16 00:00:00,0,2.2479553,0.99198985,1.9969796,0.4967451
2010-07-16 00:00:00,1,0.84284335,0.99708015,2.0057485,0.49711126
2010-07-16 00:00:00,2,0.5709384,0.9993734,1.9984847,0.50006557
2010-07-16 00:00:00,3,0.109615535,0.99611515,1.9896797,0.5006409
2010-07-16 00:00:00,4,1.3143978,0.99849415,2.0026922,0.49857593
2010-07-16 00:00:00,5,0.11107844,0.99483657,1.9951448,0.49862874
2010-07-16 00:00:00,6,0.40329102,0.99029624,1.9975343,0.49575934
2010-07-16 00:00:00,7,0.4182417,0.99803543,1.999649,0.4991053
2010-07-16 00:00:00,8,0.18698274,0.9986251,1.9964498,0.50020045
2010-07-16 00:00:00,9,0.4203726,0.9991165,2.0033784,0.49871582
2010-07-16 00:00:00,10,0.31568426,0.9949162,1.995644,0.49854395
2010-07-16 00:00:00,11,1.0138755,0.99589944,1.9897146,0.50052375
2010-08-16 00:00:00,0,0.49759048,0.99379396,2.0018008,0.49644998
2010-08-16 00:00:00,1,0.32031465,0.9974547,2.0086122,0.496589
2010-08-16 00:00:00,2,0.050711457,1.0000424,2.0024407,0.49941176
2010-08-16 00:00:00,3,0.44651827,0.9974906,1.9943167,0.5001666
2010-08-16 00:00:00,4,0.021479415,1.0002204,2.0049732,0.49886972
2010-08-16 00:00:00,5,0.034527782,0.9968507,1.9984099,0.49882197
2010-08-16 00:00:00,6,1.6568557,0.9923367,2.001848,0.4957103
2010-08-16 00:00:00,7,0.54983944,0.9995664,2.0017536,0.49934536
2010-08-16 00:00:00,8,0.43649197,0.9992301,1.999449,0.49975273
2010-08-16 00:00:00,9,0.6887104,1.0000342,2.0064974,0.49839798
2010-08-16 00:00:00,10,1.0359957,0.9971361,1.9989154,0.49883857
2010-08-16 00:00:00,11,0.27229854,0.9969032,1.9941758,0.49990737
2010-09-15 12:00:00,0,0.9884495,0.99172235,1.996934,0.49662247
2010-09-15 12:00:00,1,0.24305326,0.9969293,2.0058155,0.49701944
2010-09-15 12:00:00,2,0.30470628,0.9995059,1.9986815,0.5000826
2010-09-15 12:00:00,3,0.06787196,0.9962171,1.9897915,0.50066406
2010-09-15 12:00:00,4,0.40179625,0.9987686,2.002037,0.49887618
2010-09-15 12:00:00,5,0.4082452,0.9949522,1.9951891,0.49867564
2010-09-15 12:00:00,6,0.9402837,0.9900187,1.9974248,0.49564755
2010-09-15 12:00:00,7,0.19088495,0.99786025,1.9994305,0.49907222
2010-09-15 12:00:00,8,0.22904553,0.9986965,1.9962171,0.5002945
2010-09-15 12:00:00,9,0.17859484,0.9989235,2.0031853,0.49866754
2010-09-15 12:00:00,10,0.35572177,0.99492776,1.9962078,0.4984089
2010-09-15 12:00:00,11,0.618413,0.9960641,1.9898996,0.50056
2010-10-16 00:00:00,0,0.46787184,1.0040803,1.9996883,0.5021184
2010-10-16 00:00:00,1,1.2104807,1.0006077,2.001274,0.49998534
2010-10-16 00:00:00,2,0.09257854,0.9949244,2.0019438,0.4969792
2010-10-16 00:00:00,3,0.26756537,0.9999691,1.994938,0.50125325
2010-10-16 00:00:00,4,0.13976331,1.0006427,2.0087519,0.4981415
2010-10-16 00:00:00,5,0.5864322,0.9974303,2.0037148,0.49779058
2010-10-16 00:00:00,6,0.92326915,1.0024707,2.0003831,0.50113934
2010-10-16 00:00:00,7,0.20440592,1.0027071,2.0055945,0.49995506
2010-10-16 00:00:00,8,0.24959321,1.0030653,2.0088618,0.49932024
2010-10-16 00:00:00,9,0.23358732,0.99848527,2.0113676,0.4964211
2010-10-16 00:00:00,10,1.5023834,0.99551314,1.9997509,0.4978186
2010-10-16 00:00:00,11,0.1373304,0.99872446,2.0014212,0.49900764
2010-11-15 12:00:00,0,0.22718127,1.0038404,1.9995729,0.50202745
2010-11-15 12:00:00,1,0.55538934,1.0003852,2.001181,0.49989742
2010-11-15 12:00:00,2,0.2494206,0.9952342,2.001605,0.49721807
2010-11-15 12:00:00,3,0.8082689,0.99964863,1.9957502,0.50088865
2010-11-15 12:00:00,4,0.44759777,1.0006535,2.0089006,0.49811
2010-11-15 12:00:00,5,0.44616333,0.9971656,2.00346,0.49772176
2010-11-15 12:00:00,6,0.1308504,1.0022509,2.0005176,0.5009958
2010-11-15 12:00:00,7,0.064964674,1.002229,2.005627,0.4997086
2010-11-15 12:00:00,8,1.4951764,1.0027716,2.0080054,0.4993869
2010-11-15 12:00:00,9,0.27140945,0.99857205,2.010872,0.49658662
2010-11-15 12:00:00,10,0.38153905,0.9956762,2.000331,0.49775574
2010-11-15 12:00:00,11,1.1580526,0.9987105,2.0013492,0.4990186
2010-12-16 00:00:00,0,0.8883369,1.0026175,2.0005333,0.5011751
2010-12-16 00:00:00,1,0.5206669,1.0004122,2.0026007,0.4995565
2010-12-16 00:00:00,2,0.3373134,0.9950759,2.003737,0.49661005
2010-12-16 00:00:00,3,0.07449589,1.0011666,1.9933223,0.50226027
2010-12-16 00:00:00,4,0.04532084,1.001773,2.005158,0.49959806
2010-12-16 00:00:00,5,0.9992557,0.9987988,2.004372,0.49831012
2010-12-16 00:00:00,6,0.22728553,1.001276,2.0002158,0.500584
2010-12-16 00:00:00,7,1.0110832,1.0029233,2.0043535,0.5003724
2010-12-16 00:00:00,8,0.17858039,1.0039611,2.0094783,0.4996128
2010-12-16 00:00:00,9,0.2752069,0.9975833,2.0112066,0.49601236
2010-12-16 00:00:00,10,0.17435274,0.9958726,2.0002134,0.4978832
2010-12-16 00:00:00,11,0.009043353,0.99964046,2.002047,0.49930918
2011-01-16 00:00:00,0,0.019412404,1.0031033,1.9997246,0.5016207
2011-01-16 00:00:00,1,1.010293,0.9998495,2.0013962,0.499576
2011-01-16 00:00:00,2,0.36517736,0.9960829,2.001147,0.49775597
2011-01-16 00:00:00,3,1.2586721,0.99899036,1.9976842,0.5000742
2011-01-16 00:00:00,4,0.47504473,1.0007722,2.0092142,0.49809137
2011-01-16 00:00:00,5,0.2773075,0.9967319,2.002947,0.49763265
2011-01-16 00:00:00,6,0.14359672,1.0015979,2.001109,0.5005214
2011-01-16 00:00:00,7,0.2679467,1.0012251,2.0056946,0.4991912
2011-01-16 00:00:00,8,0.32451224,1.0020852,2.006089,0.49952182
2011-01-16 00:00:00,9,1.34989,0.99884766,2.0098653,0.49697244
2011-01-16 00:00:00,10,0.44708613,0.99623626,2.0016732,0.49770176
2011-01-16 00:00:00,11,0.0008645935,0.9986935,2.0012586,0.4990327
2011-02-14 12:00:00,0,0.056259245,1.0034807,1.9999255,0.50175905
2011-02-14 12:00:00,1,0.74433154,1.0004585,2.0016906,0.49980673
2011-02-14 12:00:00,2,0.1496331,0.99508363,2.0024438,0.49693462
2011-02-14 12:00:00,3,0.22758323,1.0002759,1.9946523,0.5014788
2011-02-14 12:00:00,4,0.020459311,1.0010449,2.0075238,0.4986466
2011-02-14 12:00:00,5,2.3115475,0.9978133,2.0038526,0.49794745
2011-02-14 12:00:00,6,1.077385,1.0019722,2.000357,0.5008967
2011-02-14 12:00:00,7,0.78680533,1.0026054,2.0051632,0.50001186
2011-02-14 12:00:00,8,0.46861595,1.003279,2.0087678,0.49944994
2011-02-14 12:00:00,9,0.2592455,0.9981906,2.011123,0.49633494
2011-02-14 12:00:00,10,0.48649967,0.9956906,2.0001261,0.4978139
2011-02-14 12:00:00,11,0.038250286,0.99904555,2.0016143,0.4991199
2011-03-16 00:00:00,0,1.1181029,1.0023435,2.000711,0.50099367
2011-03-16 00:00:00,1,0.074458666,1.0003785,2.0028667,0.4994733
2011-03-16 00:00:00,2,0.08782523,0.99510574,2.004087,0.4965382
2011-03-16 00:00:00,3,0.014370172,1.0013952,1.9930165,0.5024521
2011-03-16 00:00:00,4,0.75646085,1.0019852,2.0044944,0.4998693
2011-03-16 00:00:00,5,0.3637602,0.9990627,2.0045,0.49840996
2011-03-16 00:00:00,6,0.15713368,1.001053,2.0001967,0.50047725
2011-03-16 00:00:00,7,0.011528649,1.0029747,2.0041249,0.5004552
2011-03-16 00:00:00,8,0.86870015,1.0041298,2.0096068,0.49966478
2011-03-16 00:00:00,9,0.023617174,0.99741995,2.0111911,0.49593493
2011-03-16 00:00:00,10,0.034161586,0.9959453,2.0002904,0.49790034
2011-03-16 00:00:00,11,1.035684,0.9998098,2.0021667,0.4993639
2011-04-15 12:00:00,0,0.044679973,1.0026494,2.0003073,0.5012477
2011-04-15 12:00:00,1,0.9635265,0.99961907,2.0020063,0.49930865
2011-04-15 12:00:00,2,1.490078,0.99659264,2.001311,0.4979699
2011-04-15 12:00:00,3,0.35079888,0.99877024,1.9986174,0.4997306
2011-04-15 12:00:00,4,0.052728415,1.0008733,2.009525,0.4980646
2011-04-15 12:00:00,5,0.2772857,0.9967198,2.002809,0.4976609
2011-04-15 12:00:00,6,0.15937601,1.0012054,2.0017421,0.5001671
2011-04-15 12:00:00,7,2.3447993,1.0009621,2.0057862,0.4990373
2011-04-15 12:00:00,8,0.88115644,1.0017426,2.0053895,0.49952522
2011-04-15 12:00:00,9,0.5981658,0.99912333,2.0096774,0.49715608
2011-04-15 12:00:00,10,2.4383848,0.9966772,2.002171,0.49779823
2011-04-15 12:00:00,11,0.20941746,0.9986431,2.0012708,0.49900448
2011-05-16 00:00:00,0,0.11019338,1.0035197,1.9997201,0.50183004
2011-05-16 00:00:00,1,0.3348708,1.0000973,2.0013158,0.49971986
2011-05-16 00:00:00,2,0.35118106,0.995744,2.0012703,0.49755597
2011-05-16 00:00:00,3,0.6250943,0.9991769,1.997038,0.50032943
2011-05-16 00:00:00,4,1.2474313,1.0006303,2.009463,0.49795902
2011-05-16 00:00:00,5,0.6089374,0.99683666,2.0031276,0.49764013
2011-05-16 00:00:00,6,0.030677248,1.0019617,2.0009735,0.50073713
2011-05-16 00:00:00,7,0.579716,1.0016779,2.0057995,0.4993908
2011-05-16 00:00:00,8,1.400318,1.0022836,2.006883,0.49942306
2011-05-16 00:00:00,9,1.0003989,0.998855,2.010375,0.49685007
2011-05-16 00:00:00,10,0.3884739,0.9960191,2.001036,0.49775174
2011-05-16 00:00:00,11,0.33053932,0.99860555,2.0012565,0.49898928
2011-06-15 12:00:00,0,0.46221823,1.0038239,1.9997066,0.50198555
2011-06-15 12:00:00,1,0.87119514,1.0003418,2.0012786,0.49985132
2011-06-15 12:00:00,2,1.5930377,0.9953659,2.00154,0.49730006
2011-06-15 12:00:00,3,0.8110272,0.9995065,1.9961262,0.50072306
2011-06-15 12:00:00,4,0.016710846,1.0005996,2.0092692,0.4979918
2011-06-15 12:00:00,5,1.1702435,0.9970749,2.003382,0.49769586
2011-06-15 12:00:00,6,0.25416553,1.0022352,2.0007274,0.5009354
2011-06-15 12:00:00,7,0.29991895,1.0021576,2.005752,0.4996418
2011-06-15 12:00:00,8,0.17397304,1.0026132,2.0077868,0.49936238
2011-06-15 12:00:00,9,0.050764803,0.9987234,2.0108552,0.49666598
2011-06-15 12:00:00,10,0.02340032,0.9957849,2.000418,0.49778843
2011-06-15 12:00:00,11,1.3974696,0.9986272,2.0013163,0.49898517
2011-07-16 00:00:00,0,0.12939048,0.99461985,2.0034945,0.49644253
2011-07-16 00:00:00,1,0.08699822,0.9974943,2.009354,0.49642533
2011-07-16 00:00:00,2,0.17558937,1.0004305,2.003615,0.49931276
2011-07-16 00:00:00,3,0.3644046,0.9977925,1.996958,0.4996562
2011-07-16 00:00:00,4,0.23175974,1.0009292,2.0061522,0.49892986
2011-07-16 00:00:00,5,0.11794654,0.9973905,1.999609,0.49879277
2011-07-16 00:00:00,6,0.58627105,0.99327916,2.0035882,0.49575016
2011-07-16 00:00:00,7,0.25657168,0.9997947,2.0027637,0.49920753
2011-07-16 00:00:00,8,0.07468286,0.9993182,2.0000892,0.49963683
2011-07-16 00:00:00,9,0.1872876,1.0004079,2.0073977,0.4983606
2011-07-16 00:00:00,10,1.5038102,0.9981132,2.0008101,0.49885455
2011-07-16 00:00:00,11,0.3915261,0.9973483,1.9961286,0.49964133
2011-08-16 00:00:00,0,0.536985,0.9913119,1.9942522,0.49708453
2011-08-16 00:00:00,1,0.27989024,0.99717426,2.0040717,0.49757415
2011-08-16 00:00:00,2,0.09638042,0.9985165,1.9964837,0.50013757
2011-08-16 00:00:00,3,0.62179,0.9957125,1.9858385,0.5014066
2011-08-16 00:00:00,4,0.054311484,0.9974118,2.001189,0.4984096
2011-08-16 00:00:00,5,0.090053864,0.9939732,1.9935163,0.498603
2011-08-16 00:00:00,6,0.47179732,0.989475,1.994804,0.4960262
2011-08-16 00:00:00,7,0.13923125,0.9977569,1.9983361,0.49929383
2011-08-16 00:00:00,8,0.6545218,0.99865675,1.9957839,0.5003832
2011-08-16 00:00:00,9,0.041211613,0.998466,2.0021474,0.49869755
2011-08-16 00:00:00,10,0.32563856,0.99341965,1.99281,0.49850193
2011-08-16 00:00:00,11,0.07378874,0.99532104,1.9871657,0.5008747
2011-09-15 12:00:00,0,0.2539431,0.99510753,2.0045016,0.4964364
2011-09-15 12:00:00,1,0.91954064,0.9972014,2.0094128,0.49626508
2011-09-15 12:00:00,2,0.49409527,1.0010846,2.0040197,0.49953827
2011-09-15 12:00:00,3,0.5665985,0.9977112,2.0004256,0.49874946
2011-09-15 12:00:00,4,0.7553725,1.0017444,2.006873,0.49915686
2011-09-15 12:00:00,5,0.7774132,0.99751115,2.0003939,0.49865738
2011-09-15 12:00:00,6,0.45171574,0.9939518,2.004997,0.49573728
2011-09-15 12:00:00,7,0.15679014,0.99914676,2.0035768,0.49868155
2011-09-15 12:00:00,8,0.35339463,0.99918187,1.9993823,0.49974528
2011-09-15 12:00:00,9,0.21335806,1.0005636,2.0072525,0.49847424
2011-09-15 12:00:00,10,0.47835955,0.9991668,2.0036466,0.49867415
2011-09-15 12:00:00,11,0.027587878,0.9979532,1.9980628,0.49946034
2011-10-16 00:00:00,0,0.044685017,1.0027413,2.0000181,0.50136614
2011-10-16 00:00:00,1,2.1089637,0.9996723,2.001737,0.49940237
2011-10-16 00:00:00,2,0.74672705,0.9964107,2.0012445,0.49789554
2011-10-16 00:00:00,3,0.36655158,0.9988768,1.9982342,0.49987975
2011-10-16 00:00:00,4,0.013640626,1.0008907,2.0091815,0.49815845
2011-10-16 00:00:00,5,0.26434398,0.9967401,2.0028565,0.49765927
2011-10-16 00:00:00,6,0.4449339,1.0012857,2.0014298,0.5002852
2011-10-16 00:00:00,7,0.10971422,1.0009916,2.005671,0.49908063
2011-10-16 00:00:00,8,0.15961091,1.0019029,2.0055776,0.4995583
2011-10-16 00:00:00,9,0.7485777,0.9989445,2.0096402,0.4970763
2011-10-16 00:00:00,10,0.03702715,0.99650604,2.0020852,0.49773407
2011-10-16 00:00:00,11,0.41004974,0.99872154,2.0012836,0.49904048
2011-11-15 12:00:00,0,0.25317812,1.0033717,1.999628,0.5017792
2011-11-15 12:00:00,1,0.7934888,0.9999165,2.0012186,0.49965382
2011-11-15 12:00:00,2,0.5510048,0.9960151,2.0009267,0.4977769
2011-11-15 12:00:00,3,0.5678699,0.998851,1.9978205,0.49997035
2011-11-15 12:00:00,4,0.31856146,1.0005903,2.0097775,0.49786124
2011-11-15 12:00:00,5,0.6012984,0.99656075,2.0028853,0.49756256
2011-11-15 12:00:00,6,1.8826355,1.0018212,2.0011306,0.5006276
2011-11-15 12:00:00,7,0.8320596,1.001273,2.0058923,0.4991659
2011-11-15 12:00:00,8,0.4861419,1.0019855,2.0061305,0.4994618
2011-11-15 12:00:00,9,0.26677847,0.998986,2.00998,0.4970129
2011-11-15 12:00:00,10,0.64998597,0.99616104,2.0015032,0.49770644
2011-11-15 12:00:00,11,0.32358322,0.9985465,2.0011714,0.498981
2011-12-16 00:00:00,0,0.99321353,0.9922212,1.9983745,0.49651414
2011-12-16 00:00:00,1,0.22071145,0.99692965,2.0066192,0.49682054
2011-12-16 00:00:00,2,0.5097354,0.9999007,1.9997078,0.5000234
2011-12-16 00:00:00,3,0.016534159,0.996418,1.9918016,0.50025964
2011-12-16 00:00:00,4,1.1063315,0.99930984,2.003021,0.49890134
2011-12-16 00:00:00,5,0.23775615,0.99539214,1.9960294,0.4986861
2011-12-16 00:00:00,6,0.10257918,0.99056727,1.99882,0.49557602
2011-12-16 00:00:00,7,0.4246169,0.99809015,2.0002017,0.49899474
2011-12-16 00:00:00,8,0.6978817,0.9986925,1.9966503,0.500184
2011-12-16 00:00:00,9,0.16884173,0.9992854,2.0039818,0.49864992
2011-12-16 00:00:00,10,0.28414282,0.99567443,1.9976209,0.4984301
2011-12-16 00:00:00,11,0.51406896,0.9963095,1.9913067,0.50032955
2012-01-16 00:00:00,0,0.56020904,1.0037277,1.9997573,0.50192475
2012-01-16 00:00:00,1,0.20735864,1.0004447,2.001421,0.49986717
2012-01-16 00:00:00,2,0.15089414,0.995142,2.0019963,0.49707484
2012-01-16 00:00:00,3,1.2175906,0.99993813,1.9952221,0.50116634
2012-01-16 00:00:00,4,0.15773843,1.0008056,2.0083625,0.4983192
2012-01-16 00:00:00,5,0.08732475,0.99746233,2.0036514,0.49782228
2012-01-16 00:00:00,6,0.40168366,1.0021687,2.0004609,0.5009689
2012-01-16 00:00:00,7,0.12001585,1.0024506,2.0054488,0.49986345
2012-01-16 00:00:00,8,1.8697435,1.0030048,2.0084252,0.49939862
2012-01-16 00:00:00,9,0.8111361,0.9984229,2.0110526,0.49646783
2012-01-16 00:00:00,10,0.028761344,0.9956724,2.0001662,0.49779484
2012-01-16 00:00:00,11,0.05407973,0.9988389,2.0014658,0.4990537
2012-02-15 00:00:00,0,0.3890929,1.0033522,1.9997481,0.50173926
2012-02-15 00:00:00,1,0.14883724,0.9999839,2.001364,0.4996512
2012-02-15 00:00:00,2,0.18105806,0.99591774,2.001189,0.49766302
2012-02-15 00:00:00,3,0.013368764,0.99905413,1.9974147,0.5001736
2012-02-15 00:00:00,4,0.33571014,1.0006673,2.009478,0.49797374
2012-02-15 00:00:00,5,0.8387937,0.99675936,2.0030274,0.49762642
2012-02-15 00:00:00,6,1.7933334,1.0018139,2.0010839,0.5006356
2012-02-15 00:00:00,7,0.27795535,1.0014688,2.005796,0.49928746
2012-02-15 00:00:00,8,0.47108623,1.0021535,2.0064912,0.49945572
2012-02-15 00:00:00,9,0.5300272,0.99889684,2.0101583,0.49692446
2012-02-15 00:00:00,10,0.2678293,0.99613357,2.0013213,0.49773794
2012-02-15 00:00:00,11,0.07304313,0.99861425,2.0012434,0.4989969
2012-03-16 00:00:00,0,0.43918973,1.0030987,2.0001106,0.50152165
2012-03-16 00:00:00,1,2.168489,1.0003835,2.001995,0.49969327
2012-03-16 00:00:00,2,0.36445257,0.99515724,2.002832,0.49687505
2012-03-16 00:00:00,3,0.012951279,1.0005251,1.9943609,0.50167704
2012-03-16 00:00:00,4,0.35642734,1.0013192,2.0066717,0.498995
2012-03-16 00:00:00,5,0.27220482,0.9981096,2.0039792,0.49806383
2012-03-16 00:00:00,6,0.27250972,1.0016571,2.0003293,0.50074613
2012-03-16 00:00:00,7,0.34737402,1.002597,2.0048668,0.5000816
2012-03-16 00:00:00,8,0.40407914,1.0034597,2.00881,0.49952942
2012-03-16 00:00:00,9,0.24935935,0.9979816,2.0110204,0.49625632
2012-03-16 00:00:00,10,0.08506182,0.9957957,2.000311,0.49782047
2012-03-16 00:00:00,11,0.4979499,0.9992656,2.0017562,0.49919447
2012-04-15 12:00:00,0,0.27967164,1.0034546,1.9996736,0.5018092
2012-04-15 12:00:00,1,3.115267,1.0001812,2.0013504,0.49975318
2012-04-15 12:00:00,2,0.76435155,0.9955331,2.0015957,0.4973697
2012-04-15 12:00:00,3,0.48877174,0.99953127,1.9962583,0.5007024
2012-04-15 12:00:00,4,0.094162636,1.0007991,2.0086558,0.49824318
2012-04-15 12:00:00,5,0.19406903,0.9971352,2.0033402,0.49773633
2012-04-15 12:00:00,6,0.39250898,1.0019178,2.0006828,0.5007879
2012-04-15 12:00:00,7,0.5025636,1.0018923,2.0055277,0.49956542
2012-04-15 12:00:00,8,0.013933759,1.0026222,2.0073943,0.4994645
2012-04-15 12:00:00,9,0.11193112,0.99857193,2.0104938,0.49667996
2012-04-15 12:00:00,10,0.6511905,0.99589133,2.000844,0.49773562
2012-04-15 12:00:00,11,0.8398816,0.99879426,2.0013738,0.49905434
2012-05-16 00:00:00,0,1.0184065,0.99506134,2.0046127,0.49638584
2012-05-16 00:00:00,1,0.04129444,0.9974693,2.0097516,0.49631473
2012-05-16 00:00:00,2,0.30792248,1.0006804,2.0045514,0.4992042
2012-05-16 00:00:00,3,0.31775287,0.9981915,1.9987224,0.49941474
2012-05-16 00:00:00,4,0.04906363,1.0016956,2.00623,0.4992925
2012-05-16 00:00:00,5,0.16155511,0.9979392,2.0005703,0.49882737
2012-05-16 00:00:00,6,0.17247888,0.9938784,2.0046234,0.49579307
2012-05-16 00:00:00,7,0.8720734,0.9998277,2.0032592,0.4991005
2012-05-16 00:00:00,8,0.23428614,0.9995946,2.0004873,0.49967557
2012-05-16 00:00:00,9,1.3690478,1.0003797,2.0078297,0.4982393
2012-05-16 00:00:00,10,0.011171109,0.9988598,2.0024948,0.4988077
2012-05-16 00:00:00,11,0.24224338,0.99792504,1.9978147,0.49950832
2012-06-15 12:00:00,0,0.23362853,0.9953062,2.0052032,0.49636176
2012-06-15 12:00:00,1,0.082022294,0.9972612,2.0097342,0.4962155
2012-06-15 12:00:00,2,0.30798015,1.0010582,2.004894,0.4993073
2012-06-15 12:00:00,3,0.53620553,0.99827635,2.0008025,0.49893796
2012-06-15 12:00:00,4,0.23922844,1.0023493,2.0062344,0.49961722
2012-06-15 12:00:00,5,0.3468949,0.9981234,2.0011744,0.4987688
2012-06-15 12:00:00,6,0.107426256,0.99428123,2.0054262,0.4957955
2012-06-15 12:00:00,7,0.16209392,0.9993763,2.0036347,0.49878168
2012-06-15 12:00:00,8,0.0029153258,0.999639,2.0000935,0.49979612
2012-06-15 12:00:00,9,0.48854512,1.0003192,2.0076282,0.49825922
2012-06-15 12:00:00,10,0.6872232,0.99954623,2.0044472,0.4986643
2012-06-15 12:00:00,11,0.25896484,0.9984673,1.9991757,0.4994395
2012-07-16 00:00:00,0,0.62719315,0.99197376,1.9968761,0.49676278
2012-07-16 00:00:00,1,0.21021812,0.99715465,2.0057297,0.49715307
2012-07-16 00:00:00,2,1.1148163,0.99922293,1.9984981,0.49998695
2012-07-16 00:00:00,3,0.45732313,0.99621135,1.9890907,0.50083756
2012-07-16 00:00:00,4,0.0451563,0.9984192,2.0024843,0.4985903
2012-07-16 00:00:00,5,0.980988,0.99489576,1.9951086,0.49866748
2012-07-16 00:00:00,6,1.3892885,0.99026996,1.9973264,0.49579778
2012-07-16 00:00:00,7,0.30064598,0.9981901,1.9995039,0.49921888
2012-07-16 00:00:00,8,0.4002293,0.99872506,1.9966868,0.50019115
2012-07-16 00:00:00,9,0.4508661,0.9990488,2.0034556,0.49866283
2012-07-16 00:00:00,10,0.44490832,0.9947806,1.9952022,0.49858636
2012-07-16 00:00:00,11,0.92371184,0.9958637,1.9895355,0.50055087
2012-08-16 00:00:00,0,0.74091583,0.993517,2.0010087,0.49650806
2012-08-16 00:00:00,1,0.11435188,0.99728733,2.0080812,0.49663696
2012-08-16 00:00:00,2,1.9625695,1.0001096,2.0016394,0.49964523
2012-08-16 00:00:00,3,0.6727354,0.99707586,1.9942377,0.49997845
2012-08-16 00:00:00,4,0.69901806,0.99995035,2.0049217,0.49874783
2012-08-16 00:00:00,5,0.24393468,0.9963568,1.9978184,0.4987224
2012-08-16 00:00:00,6,0.14389944,0.9920098,2.0013225,0.49567714
2012-08-16 00:00:00,7,0.09721744,0.99908614,2.0015614,0.49915338
2012-08-16 00:00:00,8,0.9817811,0.99894893,1.9985667,0.49983266
2012-08-16 00:00:00,9,0.86569273,0.99999046,2.0058253,0.49854314
2012-08-16 00:00:00,10,0.07184232,0.9968753,1.998836,0.4987279
2012-08-16 00:00:00,11,0.7628282,0.9967182,1.993521,0.4999788
2012-09-15 12:00:00,0,0.08487062,0.99067426,1.9927369,0.49714252
2012-09-15 12:00:00,1,0.2016502,0.99682736,2.0029185,0.49768743
2012-09-15 12:00:00,2,0.4668412,0.9986674,1.9949558,0.5005963
2012-09-15 12:00:00,3,0.6158098,0.9949846,1.9858187,0.50104505
2012-09-15 12:00:00,4,0.38097426,0.9971095,2.000645,0.498394
2012-09-15 12:00:00,5,0.061678693,0.9931302,1.992429,0.49845198
2012-09-15 12:00:00,6,0.31302214,0.98884135,1.9937005,0.4959829
2012-09-15 12:00:00,7,0.061441246,0.996663,1.9979116,0.4988524
2012-09-15 12:00:00,8,0.10105164,0.99826485,1.9939092,0.50065714
2012-09-15 12:00:00,9,0.046009235,0.9981724,2.0006685,0.49891943
2012-09-15 12:00:00,10,0.17223604,0.99306023,1.9929967,0.4982749
2012-09-15 12:00:00,11,0.29600284,0.99518627,1.9862607,0.5010351
2012-10-16 00:00:00,0,0.14591584,1.0015879,2.0007262,0.50061214
2012-10-16 00:00:00,1,0.700004,0.9990686,2.0026214,0.49888042
2012-10-16 00:00:00,2,0.103146486,0.99744976,2.0013733,0.49838266
2012-10-16 00:00:00,3,0.19715853,0.9984448,2.0000465,0.4992108
2012-10-16 00:00:00,4,0.57518965,1.0012511,2.009007,0.4983811
2012-10-16 00:00:00,5,0.40164512,0.9966604,2.0024927,0.4977099
2012-10-16 00:00:00,6,0.08225867,1.0002779,2.002315,0.49956068
2012-10-16 00:00:00,7,0.42409533,1.0001112,2.005562,0.4986688
2012-10-16 00:00:00,8,0.5147216,1.0012944,2.00377,0.49970523
2012-10-16 00:00:00,9,0.46090102,0.99920326,2.0087488,0.4974257
2012-10-16 00:00:00,10,0.30626178,0.997301,2.003515,0.49777564
2012-10-16 00:00:00,11,0.3718354,0.9988218,2.0013134,0.49908313
2012-11-15 12:00:00,0,0.13760345,1.0031904,2.0000565,0.501581
2012-11-15 12:00:00,1,0.09820058,1.0003877,2.0019066,0.49971744
2012-11-15 12:00:00,2,0.035930503,0.99516356,2.0026953,0.49691212
2012-11-15 12:00:00,3,0.10706057,1.0004257,1.9945168,0.501588
2012-11-15 12:00:00,4,1.0817621,1.0012392,2.0069418,0.49888802
2012-11-15 12:00:00,5,0.5345959,0.998003,2.0039222,0.49802482
2012-11-15 12:00:00,6,0.63959706,1.0017314,2.0003562,0.5007765
2012-11-15 12:00:00,7,0.24002528,1.0025637,2.004959,0.50004196
2012-11-15 12:00:00,8,0.52026904,1.0033808,2.0087297,0.4995101
2012-11-15 12:00:00,9,0.3559915,0.9980542,2.0110152,0.49629372
2012-11-15 12:00:00,10,0.105590515,0.9957822,2.0003014,0.4978161
2012-11-15 12:00:00,11,0.028045313,0.9991982,2.0017095,0.49917245
2012-12-16 00:00:00,0,0.46451372,1.0027959,2.000429,0.50129044
2012-12-16 00:00:00,1,0.27640876,1.0004364,2.0024378,0.49960923
2012-12-16 00:00:00,2,0.37675604,0.9950561,2.003519,0.49665418
2012-12-16 00:00:00,3,1.1548574,1.0010219,1.9935155,0.502139
2012-12-16 00:00:00,4,0.8427271,1.0016357,2.0055923,0.49942136
2012-12-16 00:00:00,5,0.95367366,0.99863267,2.0042925,0.49824697
2012-12-16 00:00:00,6,0.29710945,1.0014217,2.000234,0.5006523
2012-12-16 00:00:00,7,0.8022722,1.0028974,2.0045035,0.5003221
2012-12-16 00:00:00,8,0.18217513,1.0038536,2.0094054,0.49957743
2012-12-16 00:00:00,9,3.4579499,0.99769163,2.0112264,0.49606133
2012-12-16 00:00:00,10,0.5997466,0.9958276,2.0001564,0.4978749
2012-12-16 00:00:00,11,0.27603891,0.99952966,2.0019712,0.49927273
2013-01-16 00:00:00,0,0.4956566,1.0017962,2.0007343,0.5007143
2013-01-16 00:00:00,1,0.30690363,0.9992429,2.0026035,0.4989719
2013-01-16 00:00:00,2,0.5493149,0.9971837,2.001575,0.49819952
2013-01-16 00:00:00,3,1.0383795,0.99868536,1.9994024,0.49949193
2013-01-16 00:00:00,4,0.2530392,1.0012392,2.0088542,0.4984131
2013-01-16 00:00:00,5,0.008477048,0.99684095,2.002679,0.4977537
2013-01-16 00:00:00,6,0.7034004,1.0004721,2.0021484,0.49969926
2013-01-16 00:00:00,7,0.38532412,1.0004505,2.0055273,0.49884662
2013-01-16 00:00:00,8,0.12320492,1.0015357,2.0044112,0.49966577
2013-01-16 00:00:00,9,0.36626452,0.9991047,2.0090883,0.49729258
2013-01-16 00:00:00,10,0.2066776,0.99714917,2.0030806,0.4978078
2013-01-16 00:00:00,11,0.82011706,0.99884707,2.0013733,0.49908084
2013-02-14 12:00:00,0,0.050723206,0.99753016,2.0044005,0.49767008
2013-02-14 12:00:00,1,1.2250253,0.99768305,2.0073965,0.4970035
2013-02-14 12:00:00,2,0.10059785,1.0001869,2.004181,0.49905023
2013-02-14 12:00:00,3,0.20612083,0.99855345,2.0023687,0.4986861
2013-02-14 12:00:00,4,0.48208448,1.00274,2.006781,0.49967584
2013-02-14 12:00:00,5,0.12569076,0.9979799,2.002267,0.498425
2013-02-14 12:00:00,6,0.27988252,0.99664366,2.0051324,0.4970463
2013-02-14 12:00:00,7,0.020094953,0.99920684,2.0045314,0.49847403
2013-02-14 12:00:00,8,0.031872932,1.0003812,2.00101,0.49993816
2013-02-14 12:00:00,9,0.0002926636,0.9997573,2.0077794,0.49794182
2013-02-14 12:00:00,10,0.16768798,0.9995664,2.005991,0.49829057
2013-02-14 12:00:00,11,0.15923466,0.99924695,2.0013728,0.49928078
2013-03-16 00:00:00,0,0.24530986,1.0028629,1.9999102,0.501454
2013-03-16 00:00:00,1,0.18776295,0.99966145,2.001581,0.49943593
2013-03-16 00:00:00,2,0.04200693,0.9964386,2.0010037,0.4979694
2013-03-16 00:00:00,3,1.0258363,0.998703,1.9985229,0.49972057
2013-03-16 00:00:00,4,0.32184362,1.0007719,2.0095856,0.49799913
2013-03-16 00:00:00,5,0.13392179,0.99655616,2.0027497,0.49759397
2013-03-16 00:00:00,6,0.30791453,1.0013821,2.0014658,0.50032437
2013-03-16 00:00:00,7,0.44553417,1.0008993,2.005808,0.49900052
2013-03-16 00:00:00,8,0.21282747,1.0017657,2.0053883,0.49953705
2013-03-16 00:00:00,9,0.14083804,0.99905276,2.0095851,0.49714378
2013-03-16 00:00:00,10,0.87207824,0.9964914,2.0021188,0.4977184
2013-03-16 00:00:00,11,0.30723074,0.99862224,2.001207,0.49900994
2013-04-15 12:00:00,0,0.33205503,0.9999881,2.0024097,0.49939236
2013-04-15 12:00:00,1,0.62181705,0.99858236,2.0046709,0.49812785
2013-04-15 12:00:00,2,0.35094923,0.9984708,2.0027735,0.49854404
2013-04-15 12:00:00,3,0.9140332,0.99869525,2.0007672,0.49915615
2013-04-15 12:00:00,4,0.17508379,1.001971,2.007872,0.49902132
2013-04-15 12:00:00,5,0.21961498,0.9974086,2.0026014,0.4980565
2013-04-15 12:00:00,6,0.21432182,0.99889493,2.0034964,0.49857587
2013-04-15 12:00:00,7,0.49096224,0.99991506,2.005115,0.49868214
2013-04-15 12:00:00,8,1.0001247,1.0011069,2.0030026,0.49980307
2013-04-15 12:00:00,9,0.45418745,0.99934083,2.008535,0.49754715
2013-04-15 12:00:00,10,0.1482477,0.99827784,2.0044472,0.4980315
2013-04-15 12:00:00,11,0.5228347,0.9991109,2.0015578,0.49916664
2013-05-16 00:00:00,0,0.053976778,1.0000372,2.0026646,0.49935332
2013-05-16 00:00:00,1,0.22367887,0.99866706,2.0049155,0.4981093
2013-05-16 00:00:00,2,0.18889488,0.9984218,2.003016,0.49845922
2013-05-16 00:00:00,3,0.14011048,0.99880874,2.000544,0.49926856
2013-05-16 00:00:00,4,0.44582248,1.0019574,2.007979,0.498988
2013-05-16 00:00:00,5,0.2004597,0.99754995,2.0027092,0.49810025
2013-05-16 00:00:00,6,2.2723994,0.99894166,2.003623,0.49856767
2013-05-16 00:00:00,7,0.13230829,1.0001583,2.0051565,0.49879313
2013-05-16 00:00:00,8,0.06704763,1.0011673,2.0033505,0.49974644
2013-05-16 00:00:00,9,0.111767985,0.99940467,2.0088234,0.49750748
2013-05-16 00:00:00,10,0.16190432,0.9982994,2.0041761,0.4981096
2013-05-16 00:00:00,11,0.060049873,0.99907196,2.0015767,0.4991425
2013-06-15 12:00:00,0,0.535419,0.9967178,2.005001,0.49711585
2013-06-15 12:00:00,1,0.24046081,0.99747914,2.008514,0.49662545
2013-06-15 12:00:00,2,0.18614277,1.0006981,2.0045092,0.4992235
2013-06-15 12:00:00,3,1.2327646,0.99831825,2.0023377,0.49857637
2013-06-15 12:00:00,4,0.2700345,1.0025643,2.0071006,0.49950877
2013-06-15 12:00:00,5,0.93380016,0.99798,2.0018547,0.4985277
2013-06-15 12:00:00,6,0.21640266,0.995768,2.005625,0.49648762
2013-06-15 12:00:00,7,0.24139309,0.99925053,2.0043986,0.49852887
2013-06-15 12:00:00,8,0.65628695,0.9999142,2.000513,0.49982888
2013-06-15 12:00:00,9,0.30223024,1.0001962,2.0078166,0.49815118
2013-06-15 12:00:00,10,0.08592924,0.99972683,2.00559,0.4984702
2013-06-15 12:00:00,11,1.7076188,0.99885887,2.0005887,0.49928248
2013-07-16 00:00:00,0,1.0894611,0.9960525,2.0051525,0.4967465
2013-07-16 00:00:00,1,0.54440933,0.99757504,2.0094535,0.49644095
2013-07-16 00:00:00,2,0.015049886,1.0006974,2.0046923,0.49917755
2013-07-16 00:00:00,3,2.346399,0.99821824,2.0005782,0.49896488
2013-07-16 00:00:00,4,0.64493424,1.001968,2.007331,0.4991544
2013-07-16 00:00:00,5,0.028868355,0.9979776,2.0012646,0.4986735
2013-07-16 00:00:00,6,0.34422958,0.99494404,2.0054576,0.4961182
2013-07-16 00:00:00,7,0.83013725,0.99981254,2.0040596,0.49889362
2013-07-16 00:00:00,8,1.3098736,0.9996492,2.0008075,0.49962288
2013-07-16 00:00:00,9,0.6271746,1.0005643,2.0082123,0.49823633
2013-07-16 00:00:00,10,2.276509,0.9993374,2.003683,0.4987502
2013-07-16 00:00:00,11,1.5588549,0.9982039,1.9990972,0.49932733
2013-08-16 00:00:00,0,0.015532344,0.9962397,2.0054328,0.4967704
2013-08-16 00:00:00,1,0.5198839,0.997726,2.009627,0.49647322
2013-08-16 00:00:00,2,0.49165097,1.0005319,2.005051,0.49900573
2013-08-16 00:00:00,3,0.32502428,0.99848026,2.0002234,0.49918437
2013-08-16 00:00:00,4,0.6617834,1.0020375,2.0072758,0.4992027
2013-08-16 00:00:00,5,1.0422826,0.9982371,2.0015373,0.4987352
2013-08-16 00:00:00,6,0.74050474,0.995149,2.0055397,0.4962001
2013-08-16 00:00:00,7,0.36205262,1.0001601,2.004095,0.49905822
2013-08-16 00:00:00,8,0.09077212,0.9998663,2.0014315,0.4995756
2013-08-16 00:00:00,9,0.41677392,1.0005304,2.0086157,0.49811935
2013-08-16 00:00:00,10,0.01335031,0.99935263,2.003419,0.49882358
2013-08-16 00:00:00,11,0.14171402,0.9982666,1.9993242,0.499302
2013-09-15 12:00:00,0,0.705959,0.997776,2.0043194,0.49781284
2013-09-15 12:00:00,1,0.15436551,0.99776965,2.00727,0.4970779
2013-09-15 12:00:00,2,0.07056935,1.0000952,2.0040052,0.49904823
2013-09-15 12:00:00,3,0.2207187,0.99844486,2.0023613,0.4986337
2013-09-15 12:00:00,4,0.37095198,1.0025431,2.0073035,0.4994477
2013-09-15 12:00:00,5,0.07678117,0.99783915,2.0022118,0.49836844
2013-09-15 12:00:00,6,0.13397038,0.99684155,2.0051367,0.49714392
2013-09-15 12:00:00,7,0.12437627,0.9993091,2.0047035,0.49848226
2013-09-15 12:00:00,8,0.9445912,1.0003033,2.0011349,0.499868
2013-09-15 12:00:00,9,0.85899705,0.9998933,2.0079355,0.49797082
2013-09-15 12:00:00,10,0.5415814,0.99946713,2.0057094,0.49831104
2013-09-15 12:00:00,11,0.2902547,0.9990894,2.0012364,0.49923608
2013-10-16 00:00:00,0,0.7993856,0.99743974,2.0055034,0.49735132
2013-10-16 00:00:00,1,1.5578883,0.99798334,2.0087337,0.49682212
2013-10-16 00:00:00,2,0.29263678,1.0001189,2.0051441,0.49877656
2013-10-16 00:00:00,3,0.29445794,0.99885577,2.001218,0.4991239
2013-10-16 00:00:00,4,0.47908574,1.0024773,2.0074582,0.49937642
2013-10-16 00:00:00,5,0.022696242,0.9984573,2.00243,0.49862283
2013-10-16 00:00:00,6,0.5886412,0.996485,2.005699,0.4968268
2013-10-16 00:00:00,7,0.061367027,1.0002449,2.004641,0.49896458
2013-10-16 00:00:00,8,1.4506364,1.0004072,2.0022466,0.49964234
2013-10-16 00:00:00,9,1.4801204,1.000216,2.0089715,0.49787468
2013-10-16 00:00:00,10,2.0378814,0.99958736,2.004458,0.49868214
2013-10-16 00:00:00,11,0.8162413,0.9988332,2.0009203,0.4991869
2013-11-15 12:00:00,0,0.6757656,1.0009406,2.0014553,0.5001064
2013-11-15 12:00:00,1,0.19670229,0.999029,2.0035498,0.49862948
2013-11-15 12:00:00,2,1.1076276,0.9975607,2.0024157,0.49817863
2013-11-15 12:00:00,3,1.1081268,0.99902505,1.9993136,0.499684
2013-11-15 12:00:00,4,0.08686915,1.0017347,2.0076666,0.4989547
2013-11-15 12:00:00,5,0.32971397,0.99737996,2.0028558,0.49797893
2013-11-15 12:00:00,6,0.5475526,0.99974823,2.0024922,0.499252
2013-11-15 12:00:00,7,0.2131721,1.0004077,2.0051007,0.49893138
2013-11-15 12:00:00,8,0.077179246,1.0016682,2.0042605,0.49976945
2013-11-15 12:00:00,9,0.24718285,0.99894136,2.0089529,0.4972448
2013-11-15 12:00:00,10,0.22529082,0.99755245,2.0035315,0.4978971
2013-11-15 12:00:00,11,0.0577831,0.999154,2.0016007,0.49917746
2013-12-16 00:00:00,0,0.12587352,0.9996523,2.0027204,0.49914724
2013-12-16 00:00:00,1,0.6867167,0.9984274,2.0050576,0.4979545
2013-12-16 00:00:00,2,0.22650227,0.99878097,2.0028946,0.49866876
2013-12-16 00:00:00,3,0.74651176,0.9985809,2.0012379,0.4989816
2013-12-16 00:00:00,4,0.5259563,1.0020452,2.007931,0.4990436
2013-12-16 00:00:00,5,0.508079,0.99741423,2.0025053,0.4980832
2013-12-16 00:00:00,6,0.7577616,0.9985869,2.003826,0.49834016
2013-12-16 00:00:00,7,0.32483843,0.9997483,2.0051093,0.4986004
2013-12-16 00:00:00,8,0.18327318,1.0009116,2.002572,0.49981302
2013-12-16 00:00:00,9,1.3047681,0.9994774,2.0083888,0.49765137
2013-12-16 00:00:00,10,0.49184978,0.9985108,2.0047474,0.4980731
2013-12-16 00:00:00,11,0.16402376,0.9990887,2.0015178,0.49916553
2014-01-16 00:00:00,0,0.16984,1.0015727,2.0011778,0.5004916
2014-01-16 00:00:00,1,0.95950246,0.99914926,2.00307,0.49880892
2014-01-16 00:00:00,2,0.6773919,0.99745643,2.001771,0.498287
2014-01-16 00:00:00,3,0.4172145,0.9985951,1.9998451,0.4993362
2014-01-16 00:00:00,4,0.24607046,1.0012702,2.0091395,0.4983577
2014-01-16 00:00:00,5,0.057362054,0.99687994,2.002639,0.49778312
2014-01-16 00:00:00,6,0.7523729,1.0002693,2.002576,0.49949127
2014-01-16 00:00:00,7,0.7585729,1.0004201,2.0056124,0.4988103
2014-01-16 00:00:00,8,0.23023498,1.0013465,2.0041718,0.49963105
2014-01-16 00:00:00,9,0.64023614,0.9993144,2.0091293,0.4973868
2014-01-16 00:00:00,10,0.5103875,0.99739516,2.0032272,0.49789417
2014-01-16 00:00:00,11,0.53487897,0.9987751,2.0013583,0.49904865
2014-02-14 12:00:00,0,0.15071349,1.002993,2.0001988,0.50144666
2014-02-14 12:00:00,1,0.36177468,1.0003816,2.0021198,0.4996612
2014-02-14 12:00:00,2,0.64079535,0.9951542,2.003005,0.4968306
2014-02-14 12:00:00,3,0.7005935,1.000642,1.9941854,0.5017798
2014-02-14 12:00:00,4,0.1462143,1.0014102,2.00638,0.49911293
2014-02-14 12:00:00,5,0.25351024,0.9982396,2.0040493,0.49811128
2014-02-14 12:00:00,6,0.45352843,1.0015725,2.0003176,0.50070673
2014-02-14 12:00:00,7,0.29739475,1.0026475,2.0047674,0.5001316
2014-02-14 12:00:00,8,0.52149916,1.0035481,2.0089142,0.49954754
2014-02-14 12:00:00,9,0.36097097,0.9979082,2.0110438,0.49621403
2014-02-14 12:00:00,10,0.021905782,0.99582016,2.0003104,0.4978328
2014-02-14 12:00:00,11,0.073769026,0.9993388,2.0018125,0.499217
2014-03-16 00:00:00,0,0.728184,1.003531,1.9997107,0.5018381
2014-03-16 00:00:00,1,0.13738164,1.0002879,2.001398,0.49979457
2014-03-16 00:00:00,2,2.4545703,0.99536264,2.0018084,0.49723172
2014-03-16 00:00:00,3,0.02567679,0.9997421,1.9957544,0.5009344
2014-03-16 00:00:00,4,0.78964907,1.000836,2.008403,0.49832428
2014-03-16 00:00:00,5,0.36995262,0.99731153,2.0034912,0.49778685
2014-03-16 00:00:00,6,2.1565125,1.0019917,2.0005624,0.500855
2014-03-16 00:00:00,7,0.5208355,1.002131,2.0054498,0.49970385
2014-03-16 00:00:00,8,0.11454505,1.0028181,2.0078516,0.49944833
2014-03-16 00:00:00,9,0.012906219,0.99847066,2.0107162,0.49657464
2014-03-16 00:00:00,10,1.056342,0.99579823,2.000572,0.49775678
2014-03-16 00:00:00,11,0.6967294,0.9988453,2.00143,0.4990658
2014-04-15 12:00:00,0,0.47437835,1.001836,2.0006166,0.5007636
2014-04-15 12:00:00,1,0.5623474,0.9993422,2.002527,0.49904057
2014-04-15 12:00:00,2,0.47918257,0.9969533,2.0017717,0.49803546
2014-04-15 12:00:00,3,0.07406915,0.9989646,1.998722,0.4998017
2014-04-15 12:00:00,4,0.1940681,1.0013368,2.0082672,0.49860737
2014-04-15 12:00:00,5,0.5813237,0.99704874,2.0028517,0.49781457
2014-04-15 12:00:00,6,1.011587,1.0005183,2.0018537,0.4997959
2014-04-15 12:00:00,7,0.2545096,1.0006455,2.0053346,0.4989918
2014-04-15 12:00:00,8,1.0364794,1.0018247,2.004884,0.4996921
2014-04-15 12:00:00,9,0.4766743,0.9988693,2.0092092,0.4971455
2014-04-15 12:00:00,10,0.3928739,0.9969945,2.0028622,0.49778485
2014-04-15 12:00:00,11,0.012392626,0.99898404,2.0014598,0.4991277
2014-05-16 00:00:00,0,0.33392924,0.9992923,2.003791,0.49870086
2014-05-16 00:00:00,1,1.093706,0.9985616,2.0062726,0.49771982
2014-05-16 00:00:00,2,0.0077675222,0.9988041,2.0040944,0.49838176
2014-05-16 00:00:00,3,0.27561486,0.99915165,2.0003502,0.49948835
2014-05-16 00:00:00,4,0.80204666,1.0022972,2.0074055,0.4992998
2014-05-16 00:00:00,5,0.16966851,0.99815613,2.0029254,0.49834913
2014-05-16 00:00:00,6,0.027204277,0.9982839,2.0042784,0.49807647
2014-05-16 00:00:00,7,0.14499265,1.0004579,2.0049174,0.49900204
2014-05-16 00:00:00,8,0.4226573,1.0012143,2.0035682,0.4997156
2014-05-16 00:00:00,9,0.7934048,0.9995104,2.0091498,0.4974793
2014-05-16 00:00:00,10,0.94887173,0.9987344,2.0041595,0.4983308
2014-05-16 00:00:00,11,0.008901349,0.9991655,2.0016685,0.4991663
2014-06-15 12:00:00,0,0.64111423,0.9889562,1.987115,0.49768442
2014-06-15 12:00:00,1,0.72892576,0.99656236,1.999195,0.4984818
2014-06-15 12:00:00,2,0.717264,0.9975484,1.9903895,0.5011825
2014-06-15 12:00:00,3,0.27658093,0.99370396,1.9800351,0.5018618
2014-06-15 12:00:00,4,0.16766441,0.99523956,1.9976436,0.49820676
2014-06-15 12:00:00,5,0.21425042,0.9910067,1.9889113,0.4982659
2014-06-15 12:00:00,6,0.35118955,0.9869611,1.988484,0.4963385
2014-06-15 12:00:00,7,0.9756245,0.9950866,1.995401,0.49869004
2014-06-15 12:00:00,8,1.0294609,0.9979356,1.9909526,0.50123525
2014-06-15 12:00:00,9,1.0912426,0.99683297,1.997207,0.49911347
2014-06-15 12:00:00,10,0.034618996,0.9905171,1.9890089,0.4979953
2014-06-15 12:00:00,11,0.17653736,0.99424946,1.9815581,0.50175136
2014-07-16 00:00:00,0,0.24889033,0.9990112,2.0040872,0.4984869
2014-07-16 00:00:00,1,0.25097656,0.99824375,2.006643,0.4974695
2014-07-16 00:00:00,2,0.2084056,0.9995087,2.003552,0.49886835
2014-07-16 00:00:00,3,0.6060998,0.998315,2.0020792,0.49863908
2014-07-16 00:00:00,4,0.45254797,1.0019424,2.009041,0.49871674
2014-07-16 00:00:00,5,1.2450306,0.9975324,2.0023165,0.49818918
2014-07-16 00:00:00,6,0.40467343,0.99793726,2.005075,0.4977057
2014-07-16 00:00:00,7,0.211486,0.9999225,2.0053732,0.49862164
2014-07-16 00:00:00,8,0.037921138,1.000312,2.002163,0.49961567
2014-07-16 00:00:00,9,3.0903244,1.0002337,2.0087867,0.49792925
2014-07-16 00:00:00,10,1.1201897,0.99908817,2.0046096,0.49839538
2014-07-16 00:00:00,11,0.71664196,0.9986742,2.0011394,0.4990528
2014-08-16 00:00:00,0,0.22042653,0.9992925,2.0040362,0.49863994
2014-08-16 00:00:00,1,0.18796924,0.9984537,2.0065248,0.49760345
2014-08-16 00:00:00,2,0.12506405,0.99916184,2.0037594,0.49864364
2014-08-16 00:00:00,3,1.1898535,0.99862164,2.0013266,0.49897987
2014-08-16 00:00:00,4,0.15708399,1.0019598,2.0087678,0.49879324
2014-08-16 00:00:00,5,1.0920714,0.9977505,2.002567,0.49823576
2014-08-16 00:00:00,6,0.19959432,0.9982152,2.0048282,0.4979056
2014-08-16 00:00:00,7,0.16777888,1.000291,2.0053196,0.49881873
2014-08-16 00:00:00,8,0.8157537,1.0006404,2.0029242,0.49958974
2014-08-16 00:00:00,9,0.013455109,1.0000623,2.0091414,0.49775606
2014-08-16 00:00:00,10,0.365361,0.99890673,2.004163,0.49841592
2014-08-16 00:00:00,11,0.45107627,0.9987568,2.0012815,0.49905863
2014-09-15 12:00:00,0,2.223065,1.0001456,2.0027556,0.4993847
2014-09-15 12:00:00,1,0.014136703,0.9987149,2.0049832,0.49811634
2014-09-15 12:00:00,2,0.090417646,0.9984061,2.003027,0.49844867
2014-09-15 12:00:00,3,0.11904458,0.9987732,2.000564,0.4992458
2014-09-15 12:00:00,4,0.0701991,1.0018675,2.0083072,0.4988617
2014-09-15 12:00:00,5,0.38395298,0.9975234,2.0027096,0.4980869
2014-09-15 12:00:00,6,0.4963075,0.9990245,2.003723,0.49858415
2014-09-15 12:00:00,7,0.060306232,1.0002673,2.0052662,0.4988202
2014-09-15 12:00:00,8,0.27067825,1.0011164,2.0034678,0.49969178
2014-09-15 12:00:00,9,0.24621615,0.99951893,2.008986,0.49752408
2014-09-15 12:00:00,10,0.008012035,0.99829006,2.0040104,0.49814615
2014-09-15 12:00:00,11,0.81488144,0.99897456,2.0015223,0.4991074
2014-10-16 00:00:00,0,0.4037569,0.9996011,2.0020514,0.49928844
2014-10-16 00:00:00,1,0.05077055,0.99826294,2.0043921,0.49803776
2014-10-16 00:00:00,2,0.9831744,0.99882734,2.0022933,0.49884167
2014-10-16 00:00:00,3,0.08087864,0.99834055,2.0016565,0.49875718
2014-10-16 00:00:00,4,0.03413584,1.0020654,2.0076432,0.49912524
2014-10-16 00:00:00,5,0.62996054,0.9970847,2.0022724,0.49797654
2014-10-16 00:00:00,6,0.47866553,0.9985423,2.0034525,0.49841076
2014-10-16 00:00:00,7,0.21847078,0.9992027,2.0050092,0.49835318
2014-10-16 00:00:00,8,0.5856056,1.000819,2.0018387,0.49994987
2014-10-16 00:00:00,9,0.11314878,0.99928886,2.0077257,0.4977218
2014-10-16 00:00:00,10,0.17385031,0.99841756,2.0053217,0.49788398
2014-10-16 00:00:00,11,0.19018474,0.99919677,2.0014899,0.49922648
2014-11-15 12:00:00,0,0.391307,1.0032269,1.9996902,0.50169116
2014-11-15 12:00:00,1,0.7707964,0.99991286,2.0013402,0.49962166
2014-11-15 12:00:00,2,0.3710103,0.99598974,2.0011454,0.49770984
2014-11-15 12:00:00,3,0.112218484,0.99902374,1.997531,0.5001293
2014-11-15 12:00:00,4,0.16163118,1.0007241,2.0092993,0.4980463
2014-11-15 12:00:00,5,1.5849909,0.99673736,2.002983,0.49762645
2014-11-15 12:00:00,6,0.12179969,1.0017039,2.001058,0.5005871
2014-11-15 12:00:00,7,0.018861657,1.0013287,2.005728,0.49923456
2014-11-15 12:00:00,8,0.1887572,1.0021287,2.006277,0.49949667
2014-11-15 12:00:00,9,0.23852763,0.99885017,2.0099826,0.4969447
2014-11-15 12:00:00,10,0.60408217,0.9961677,2.0015142,0.49770704
2014-11-15 12:00:00,11,0.119482026,0.998665,2.0012484,0.49902102
2014-12-16 00:00:00,0,0.78339535,1.0020288,2.0009398,0.5007791
2014-12-16 00:00:00,1,0.26729393,1.0003496,2.0031981,0.49937627
2014-12-16 00:00:00,2,0.15805018,0.9951293,2.004526,0.49644122
2014-12-16 00:00:00,3,0.03546877,1.0016824,1.9926194,0.5026963
2014-12-16 00:00:00,4,0.50756437,1.0022362,2.0037093,0.50019044
2014-12-16 00:00:00,5,0.0097195795,0.9993918,2.0046656,0.49853292
2014-12-16 00:00:00,6,0.5908125,1.0007981,2.0001779,0.5003545
2014-12-16 00:00:00,7,0.4237116,1.003063,2.0038555,0.50056654
2014-12-16 00:00:00,8,0.44870988,1.0043418,2.0098035,0.4997214
2014-12-16 00:00:00,9,0.21912616,0.99722713,2.011203,0.49583614
2014-12-16 00:00:00,10,0.053834412,0.9960291,2.0003502,0.49792734
2014-12-16 00:00:00,11,1.2970238,1.0000093,2.0023139,0.49942684
2015-01-16 00:00:00,0,0.56029975,0.9923423,1.9986563,0.49650472
2015-01-16 00:00:00,1,0.12278586,0.9970282,2.0068521,0.49681196
2015-01-16 00:00:00,2,0.17476775,0.99980533,2.0001025,0.49987704
2015-01-16 00:00:00,3,1.1133728,0.9966542,1.9915501,0.50044143
2015-01-16 00:00:00,4,0.42634055,0.999409,2.0029588,0.49896634
2015-01-16 00:00:00,5,0.2476817,0.99563247,1.9962802,0.49874386
2015-01-16 00:00:00,6,0.06200818,0.9906778,1.9989138,0.49560806
2015-01-16 00:00:00,7,0.6173943,0.9983967,2.0002296,0.49914104
2015-01-16 00:00:00,8,0.3792384,0.99886256,1.9971792,0.5001367
2015-01-16 00:00:00,9,0.66325575,0.99926484,2.0043676,0.4985437
2015-01-16 00:00:00,10,0.46609047,0.99567544,1.9975032,0.49846
2015-01-16 00:00:00,11,0.043043386,0.99635077,1.9915156,0.5002977
2015-02-14 12:00:00,0,0.32231227,1.003733,1.9997023,0.5019412
2015-02-14 12:00:00,1,0.0042245644,1.000408,2.0013535,0.49986574
2015-02-14 12:00:00,2,1.543551,0.9951963,2.0018651,0.49713454
2015-02-14 12:00:00,3,0.17326091,0.99983317,1.9954368,0.50105983
2015-02-14 12:00:00,4,0.054351676,1.0007677,2.008517,0.498262
2015-02-14 12:00:00,5,0.7351507,0.9973616,2.0035782,0.49779022
2015-02-14 12:00:00,6,0.33005825,1.0021684,2.000491,0.50096124
2015-02-14 12:00:00,7,0.29012704,1.0023489,2.0054984,0.49980038
2015-02-14 12:00:00,8,0.96812797,1.0029163,2.0082362,0.4994016
2015-02-14 12:00:00,9,0.030322632,0.99847066,2.0109603,0.49651435
2015-02-14 12:00:00,10,0.78847444,0.9956904,2.0002637,0.49777958
2015-02-14 12:00:00,11,0.085589506,0.9988041,2.0014293,0.4990454
2015-03-16 00:00:00,0,1.4293785,0.9956634,2.0051918,0.49654272
2015-03-16 00:00:00,1,0.670081,0.9972143,2.0093021,0.49629885
2015-03-16 00:00:00,2,0.9292048,1.0011152,2.0047333,0.49937576
2015-03-16 00:00:00,3,0.21205819,0.99821573,2.0018692,0.49864185
2015-03-16 00:00:00,4,0.9509052,1.0025765,2.0064363,0.4996802
2015-03-16 00:00:00,5,0.31493816,0.9980477,2.0013955,0.4986759
2015-03-16 00:00:00,6,1.6978257,0.9947072,2.0056093,0.49596262
2015-03-16 00:00:00,7,0.68258846,0.9990802,2.0039222,0.49856237
2015-03-16 00:00:00,8,0.29971188,0.9996708,1.9998412,0.4998751
2015-03-16 00:00:00,9,0.23329549,1.0002451,2.0074663,0.49826247
2015-03-16 00:00:00,10,0.57061774,0.9997775,2.0053737,0.49854922
2015-03-16 00:00:00,11,0.36481595,0.99870795,1.999876,0.49938494
2015-04-15 12:00:00,0,0.119607605,1.0021788,2.0003235,0.50100833
2015-04-15 12:00:00,1,0.46939403,0.9994366,2.0021565,0.49918008
2015-04-15 12:00:00,2,0.78470224,0.9967837,2.0014634,0.4980274
2015-04-15 12:00:00,3,1.2476215,0.99885505,1.9986874,0.49975553
2015-04-15 12:00:00,4,0.21250522,1.0011443,2.0086954,0.49840525
2015-04-15 12:00:00,5,0.09243233,0.99685377,2.002797,0.49773082
2015-04-15 12:00:00,6,0.3096623,1.0008048,2.001694,0.49997893
2015-04-15 12:00:00,7,0.117887154,1.0006889,2.0054872,0.49897546
2015-04-15 12:00:00,8,1.5164932,1.0017943,2.004996,0.49964902
2015-04-15 12:00:00,9,0.015871262,0.9989195,2.0092845,0.49715185
2015-04-15 12:00:00,10,0.0045842426,0.9968146,2.0026534,0.49774694
2015-04-15 12:00:00,11,0.78715044,0.9988669,2.0013657,0.49909267
2015-05-16 00:00:00,0,0.24444504,1.0042598,1.9997566,0.502191
2015-05-16 00:00:00,1,0.05624466,1.0005571,2.0012176,0.49997416
2015-05-16 00:00:00,2,0.0029538597,0.99512064,2.0015552,0.49717373
2015-05-16 00:00:00,3,0.37115714,0.9995543,1.9958006,0.50082874
2015-05-16 00:00:00,4,0.05809337,1.0003923,2.0098584,0.49774268
2015-05-16 00:00:00,5,0.2657037,0.99707085,2.0034823,0.4976689
2015-05-16 00:00:00,6,0.04188567,1.0026121,2.0007343,0.50112206
2015-05-16 00:00:00,7,0.58827436,1.0025364,2.0059724,0.49977577
2015-05-16 00:00:00,8,0.034931693,1.0026724,2.0083847,0.4992432
2015-05-16 00:00:00,9,0.76229477,0.9988554,2.0113351,0.49661312
2015-05-16 00:00:00,10,0.11152169,0.99563336,1.99985,0.49785402
2015-05-16 00:00:00,11,0.1079483,0.99846005,2.0012727,0.49891254
2015-06-15 12:00:00,0,0.014523524,0.9983581,2.0042584,0.49811843
2015-06-15 12:00:00,1,0.95438504,0.99798757,2.0070283,0.49724638
2015-06-15 12:00:00,2,1.4296583,0.99985707,2.0037713,0.49898762
2015-06-15 12:00:00,3,0.66484785,0.99832815,2.0023167,0.49858654
2015-06-15 12:00:00,4,0.80900526,1.002215,2.0082927,0.49903834
2015-06-15 12:00:00,5,0.31958258,0.99765694,2.002223,0.49827462
2015-06-15 12:00:00,6,0.83777064,0.9973479,2.0051808,0.4973855
2015-06-15 12:00:00,7,0.95175964,0.99959975,2.0050685,0.49853644
2015-06-15 12:00:00,8,0.16809939,1.0002425,2.001571,0.4997287
2015-06-15 12:00:00,9,0.15016657,1.0001266,2.0083594,0.49798188
2015-06-15 12:00:00,10,0.4026202,0.99930745,2.00516,0.4983679
2015-06-15 12:00:00,11,1.5172981,0.99883837,2.0011373,0.49913535
2015-07-16 00:00:00,0,0.9110366,1.003135,2.0003572,0.50147796
2015-07-16 00:00:00,1,0.39059976,0.99985915,2.001934,0.4994466
2015-07-16 00:00:00,2,0.040146682,0.9963173,2.001325,0.49782887
2015-07-16 00:00:00,3,0.56950665,0.99882317,1.9982501,0.49984893
2015-07-16 00:00:00,4,0.27961004,1.0006413,2.0101779,0.49778748
2015-07-16 00:00:00,5,2.0021765,0.996714,2.00292,0.49763048
2015-07-16 00:00:00,6,0.8272787,1.0016247,2.0017452,0.5003757
2015-07-16 00:00:00,7,1.1948652,1.0013828,2.00603,0.49918634
2015-07-16 00:00:00,8,0.07281288,1.0018094,2.006055,0.49939275
2015-07-16 00:00:00,9,1.3365966,0.99926865,2.0102093,0.4970968
2015-07-16 00:00:00,10,0.95932657,0.99650556,2.0015368,0.4978702
2015-07-16 00:00:00,11,0.14379798,0.9984573,2.0012195,0.49892443
2015-08-16 00:00:00,0,0.82379574,0.9943171,2.0025878,0.4965161
2015-08-16 00:00:00,1,0.06426787,0.99746984,2.0088696,0.4965329
2015-08-16 00:00:00,2,1.3369496,1.0002381,2.0029483,0.49938288
2015-08-16 00:00:00,3,0.2445342,0.9975895,1.9958471,0.49983263
2015-08-16 00:00:00,4,1.2611173,1.0005668,2.0057094,0.49885932
2015-08-16 00:00:00,5,0.5109852,0.99705523,1.9990195,0.49877214
2015-08-16 00:00:00,6,0.29268306,0.99290085,2.0027375,0.49577183
2015-08-16 00:00:00,7,0.19105266,0.999631,2.0023367,0.4992322
2015-08-16 00:00:00,8,0.3807699,0.99924266,1.999717,0.49969205
2015-08-16 00:00:00,9,0.10574143,1.0002439,2.0069335,0.49839416
2015-08-16 00:00:00,10,2.662843,0.9976175,2.0000026,0.4988081
2015-08-16 00:00:00,11,0.32151532,0.99712193,1.9952157,0.49975646
2015-09-15 12:00:00,0,1.4024925,0.9947179,2.004581,0.49622235
2015-09-15 12:00:00,1,2.025588,0.9972201,2.0097322,0.4961955
2015-09-15 12:00:00,2,0.18581297,1.0009707,2.0045514,0.499349
2015-09-15 12:00:00,3,0.4989476,0.998141,1.9994047,0.4992191
2015-09-15 12:00:00,4,0.6659847,1.0020041,2.0056806,0.49958313
2015-09-15 12:00:00,5,0.03492317,0.9979367,2.0005577,0.49882928
2015-09-15 12:00:00,6,0.8486965,0.9935959,2.004684,0.49563718
2015-09-15 12:00:00,7,1.3110759,0.9993685,2.003118,0.49890643
2015-09-15 12:00:00,8,0.7009496,0.99954075,1.9998211,0.49981508
2015-09-15 12:00:00,9,0.76122284,1.0002248,2.007332,0.49828568
2015-09-15 12:00:00,10,0.3738195,0.9990683,2.0034256,0.49868003
2015-09-15 12:00:00,11,0.15397134,0.9981616,1.9980891,0.49955812
2015-10-16 00:00:00,0,1.9410691,1.0015379,2.0012388,0.50045896
2015-10-16 00:00:00,1,0.07510405,0.9992414,2.0031743,0.49882898
2015-10-16 00:00:00,2,0.3154831,0.99728143,2.0021021,0.49811715
2015-10-16 00:00:00,3,0.4354177,0.99890715,1.9991915,0.49965554
2015-10-16 00:00:00,4,0.23984165,1.0014057,2.0085475,0.49857208
2015-10-16 00:00:00,5,1.265377,0.9971621,2.0028424,0.49787346
2015-10-16 00:00:00,6,0.37405416,1.0002578,2.0024016,0.4995291
2015-10-16 00:00:00,7,0.12443349,1.0006582,2.0054207,0.49897668
2015-10-16 00:00:00,8,1.2098632,1.0016319,2.0046706,0.49964908
2015-10-16 00:00:00,9,0.9792425,0.9991123,2.009311,0.49724126
2015-10-16 00:00:00,10,0.6788137,0.99732,2.0030057,0.4979117
2015-10-16 00:00:00,11,0.46487504,0.9989175,2.001479,0.49908972
2015-11-15 12:00:00,0,0.20520662,1.003743,1.9996947,0.5019481
2015-11-15 12:00:00,1,0.53438896,1.0003726,2.0013244,0.4998553
2015-11-15 12:00:00,2,1.168168,0.9952681,2.0017455,0.49720013
2015-11-15 12:00:00,3,0.6177338,0.9997142,1.9956975,0.5009347
2015-11-15 12:00:00,4,0.13608791,1.0007191,2.008749,0.49818024
2015-11-15 12:00:00,5,0.29641294,0.9972581,2.0035024,0.4977574
2015-11-15 12:00:00,6,0.9824102,1.0021725,2.0005696,0.50094354
2015-11-15 12:00:00,7,1.1190083,1.0022584,2.0055757,0.49973604
2015-11-15 12:00:00,8,0.1864481,1.0028062,2.0080428,0.49939483
2015-11-15 12:00:00,9,0.24083805,0.99855113,2.010894,0.49657074
2015-11-15 12:00:00,10,0.00057326735,0.9957295,2.0003505,0.49777752
2015-11-15 12:00:00,11,0.36413744,0.99875104,2.001391,0.49902847
2015-12-16 00:00:00,0,0.08458907,1.0034809,1.9998771,0.5017713
2015-12-16 00:00:00,1,0.22626473,1.0004286,2.0016344,0.49980584
2015-12-16 00:00:00,2,0.73200357,0.99512476,2.0023422,0.49698037
2015-12-16 00:00:00,3,0.05344344,1.0001973,1.9948127,0.5013991
2015-12-16 00:00:00,4,0.5695525,1.001019,2.0076272,0.498608
2015-12-16 00:00:00,5,0.4219041,0.9977367,2.0037963,0.4979232
2015-12-16 00:00:00,6,0.021298222,1.0019684,2.0003731,0.50089073
2015-12-16 00:00:00,7,0.8616907,1.0025234,2.0051959,0.49996284
2015-12-16 00:00:00,8,0.06828578,1.0032136,2.0086193,0.49945435
2015-12-16 00:00:00,9,0.1985915,0.9982219,2.0110455,0.49636963
2015-12-16 00:00:00,10,0.23226985,0.9957027,2.0002062,0.49780002
2015-12-16 00:00:00,11,0.6052174,0.9990225,2.001587,0.49911523
2016-01-16 00:00:00,0,0.22766991,1.0025975,2.0005462,0.5011619
2016-01-16 00:00:00,1,0.17161997,1.0004059,2.002618,0.49954903
2016-01-16 00:00:00,2,0.388117,0.9950853,2.0037515,0.49661112
2016-01-16 00:00:00,3,0.92884344,1.0011722,1.9933246,0.5022625
2016-01-16 00:00:00,4,0.21367325,1.0017844,2.0051298,0.49961075
2016-01-16 00:00:00,5,0.52135205,0.99880856,2.0043738,0.49831453
2016-01-16 00:00:00,6,1.2680962,1.0012593,2.000222,0.5005741
2016-01-16 00:00:00,7,0.6887452,1.0029179,2.0043435,0.50037223
2016-01-16 00:00:00,8,0.14379044,1.0039631,2.0094686,0.49961624
2016-01-16 00:00:00,9,0.014480441,0.9975787,2.0111985,0.49601203
2016-01-16 00:00:00,10,0.8858096,0.9958821,2.0002284,0.49788418
2016-01-16 00:00:00,11,0.028441962,0.9996483,2.0020525,0.49931172
2016-02-15 00:00:00,0,0.20031269,1.0009518,2.0013535,0.5001374
2016-02-15 00:00:00,1,0.13305002,0.9988971,2.0033975,0.49860156
2016-02-15 00:00:00,2,0.82839185,0.9977924,2.001983,0.49840206
2016-02-15 00:00:00,3,0.34745824,0.9986307,2.0001535,0.49927703
2016-02-15 00:00:00,4,0.30315405,1.0015846,2.0083377,0.49871325
2016-02-15 00:00:00,5,1.1475422,0.9970236,2.002591,0.49786684
2016-02-15 00:00:00,6,0.1875205,0.9997386,2.0026915,0.49919748
2016-02-15 00:00:00,7,0.810676,1.0000672,2.0053174,0.49870768
2016-02-15 00:00:00,8,0.6301626,1.0013138,2.003579,0.4997626
2016-02-15 00:00:00,9,0.041862283,0.99917036,2.0086696,0.49742892
2016-02-15 00:00:00,10,0.10163416,0.9976564,2.0038617,0.4978669
2016-02-15 00:00:00,11,0.13208398,0.9989986,2.0014613,0.4991346
2016-03-16 00:00:00,0,1.6318194,1.0027492,2.00036,0.50128436
2016-03-16 00:00:00,1,0.096632294,1.0003625,2.002365,0.49959046
2016-03-16 00:00:00,2,0.039819386,0.9951601,2.0033493,0.49674818
2016-03-16 00:00:00,3,0.18082225,1.0008776,1.9938416,0.50198454
2016-03-16 00:00:00,4,0.06538138,1.0016106,2.005732,0.4993741
2016-03-16 00:00:00,5,0.57609016,0.99850255,2.0041847,0.49820885
2016-03-16 00:00:00,6,0.79137146,1.0013751,2.0002806,0.5006173
2016-03-16 00:00:00,7,0.089686826,1.0027205,2.0045447,0.5002235
2016-03-16 00:00:00,8,2.7128768,1.0037278,2.009085,0.4995945
2016-03-16 00:00:00,9,0.2258505,0.9977428,2.0110517,0.49612987
2016-03-16 00:00:00,10,0.3482546,0.99587375,2.0003512,0.49784946
2016-03-16 00:00:00,11,0.094621934,0.99950236,2.001929,0.49926963
2016-04-15 12:00:00,0,1.1464864,1.0031706,1.9999783,0.5015907
2016-04-15 12:00:00,1,0.1561818,1.0000546,2.0016825,0.499607
2016-04-15 12:00:00,2,0.009939511,0.99579364,2.001727,0.49746722
2016-04-15 12:00:00,3,0.8879862,0.99946123,1.9966747,0.5005629
2016-04-15 12:00:00,4,0.23658785,1.0008953,2.0086606,0.49828988
2016-04-15 12:00:00,5,0.08576307,0.99717325,2.0032904,0.4977677
2016-04-15 12:00:00,6,0.15899293,1.0016774,2.0009804,0.5005933
2016-04-15 12:00:00,7,0.03239114,1.0017515,2.0055234,0.4994963
2016-04-15 12:00:00,8,0.20507939,1.0024855,2.007046,0.49948308
2016-04-15 12:00:00,9,0.26293465,0.9986664,2.0103724,0.4967569
2016-04-15 12:00:00,10,0.17177641,0.9961255,2.0011277,0.49778208
2016-04-15 12:00:00,11,0.9328397,0.9988104,2.0014083,0.49905378
2016-05-16 00:00:00,0,0.2025443,1.0031083,2.0000908,0.50153136
2016-05-16 00:00:00,1,0.57464576,0.9999637,2.0017653,0.49954095
2016-05-16 00:00:00,2,1.0155967,0.99599487,2.001587,0.4976026
2016-05-16 00:00:00,3,0.4692103,0.9992433,1.9972361,0.50031304
2016-05-16 00:00:00,4,0.7787815,1.0008363,2.009089,0.49815425
2016-05-16 00:00:00,5,0.610289,0.99701935,2.0031545,0.49772462
2016-05-16 00:00:00,6,0.4448897,1.0016166,2.0012276,0.5005011
2016-05-16 00:00:00,7,0.51834583,1.0015807,2.0056636,0.4993762
2016-05-16 00:00:00,8,0.55438113,1.0022552,2.0066428,0.49946865
2016-05-16 00:00:00,9,0.0035990295,0.99884725,2.0102563,0.49687558
2016-05-16 00:00:00,10,0.034216445,0.9962676,2.0013347,0.4978016
2016-05-16 00:00:00,11,0.0071424283,0.99871504,2.001352,0.49902016
2016-06-15 12:00:00,0,0.7865414,0.993501,2.0019126,0.4962759
2016-06-15 12:00:00,1,0.18189336,0.99714947,2.0086453,0.49642885
2016-06-15 12:00:00,2,0.65962064,1.0004623,2.0025353,0.49959782
2016-06-15 12:00:00,3,0.7093317,0.99740005,1.9955491,0.49981233
2016-06-15 12:00:00,4,0.9186723,1.0006549,2.0045855,0.49918297
2016-06-15 12:00:00,5,0.45973548,0.9968487,1.9984915,0.49880058
2016-06-15 12:00:00,6,0.8616884,0.99209696,2.0020974,0.49552882
2016-06-15 12:00:00,7,0.104299575,0.99901384,2.0017676,0.49906585
2016-06-15 12:00:00,8,0.8826992,0.9991306,1.9986551,0.49990147
2016-06-15 12:00:00,9,0.1854114,0.9999193,2.0060263,0.49845773
2016-06-15 12:00:00,10,0.04814088,0.9974563,2.0003319,0.49864542
2016-06-15 12:00:00,11,0.01850372,0.9971892,1.9947233,0.49991354
2016-07-16 00:00:00,0,1.3976094,0.9896126,1.9888778,0.49757335
2016-07-16 00:00:00,1,1.0155925,0.99679893,2.000432,0.49829182
2016-07-16 00:00:00,2,0.7450776,0.99765635,1.9919626,0.5008409
2016-07-16 00:00:00,3,0.26486063,0.99429506,1.9810996,0.5018905
2016-07-16 00:00:00,4,0.45796773,0.99570525,1.998474,0.49823278
2016-07-16 00:00:00,5,0.1971616,0.99180454,1.9901162,0.49836513
2016-07-16 00:00:00,6,0.5822845,0.98765016,1.9900118,0.49630368
2016-07-16 00:00:00,7,0.24787208,0.99591285,1.996088,0.49893233
2016-07-16 00:00:00,8,1.1082339,0.99819237,1.9924573,0.50098556
2016-07-16 00:00:00,9,0.1084894,0.9972381,1.9985446,0.49898216
2016-07-16 00:00:00,10,0.18185236,0.99116635,1.989612,0.49817067
2016-07-16 00:00:00,11,0.04283807,0.99450374,1.9828427,0.50155455
2016-08-16 00:00:00,0,1.5569324,0.99085724,1.9936869,0.49699742
2016-08-16 00:00:00,1,0.33815295,0.99693185,2.0036812,0.49755013
2016-08-16 00:00:00,2,0.12564954,0.9987134,1.9958698,0.50039005
2016-08-16 00:00:00,3,0.17647359,0.99539137,1.986044,0.501193
2016-08-16 00:00:00,4,0.44899556,0.9973757,2.0007799,0.4984935
2016-08-16 00:00:00,5,0.2735156,0.9936346,1.9930472,0.49855044
2016-08-16 00:00:00,6,0.13299613,0.98906434,1.9944339,0.4959123
2016-08-16 00:00:00,7,0.9125837,0.99714947,1.9980896,0.49905145
2016-08-16 00:00:00,8,0.7174449,0.9984474,1.9947557,0.5005362
2016-08-16 00:00:00,9,0.4253052,0.99832195,2.0013425,0.49882612
2016-08-16 00:00:00,10,0.6859909,0.9933895,1.9931381,0.49840474
2016-08-16 00:00:00,11,0.43094897,0.99533695,1.9868213,0.5009695
2016-09-15 12:00:00,0,0.29809946,0.9914059,1.9951495,0.49690807
2016-09-15 12:00:00,1,0.38765532,0.9970739,2.0046186,0.4973883
2016-09-15 12:00:00,2,0.52686924,0.99889016,1.9971641,0.50015426
2016-09-15 12:00:00,3,0.5457293,0.9958374,1.9872872,0.50110394
2016-09-15 12:00:00,4,0.11936739,0.99789226,2.0014858,0.49857575
2016-09-15 12:00:00,5,0.32807246,0.99427307,1.9940442,0.49862137
2016-09-15 12:00:00,6,0.2886634,0.9896396,1.9956739,0.49589244
2016-09-15 12:00:00,7,0.1865835,0.9977131,1.998745,0.4991698
2016-09-15 12:00:00,8,0.08089478,0.99865496,1.9958026,0.5003776
2016-09-15 12:00:00,9,1.5040485,0.99860024,2.0024297,0.49869427
2016-09-15 12:00:00,10,0.0771821,0.9939673,1.9940574,0.49846473
2016-09-15 12:00:00,11,0.52021694,0.9955918,1.9881345,0.5007668
2016-10-16 00:00:00,0,0.2612931,1.0035654,1.9999044,0.5018067
2016-10-16 00:00:00,1,0.39613867,1.0004928,2.0016491,0.49983427
2016-10-16 00:00:00,2,0.8420647,0.995039,2.002416,0.49691924
2016-10-16 00:00:00,3,0.38463283,1.0002701,1.9946122,0.501486
2016-10-16 00:00:00,4,0.07144898,1.0010012,2.0076382,0.49859643
2016-10-16 00:00:00,5,0.40545872,0.99779344,2.003859,0.49793595
2016-10-16 00:00:00,6,0.39657205,1.0020442,2.0003438,0.500936
2016-10-16 00:00:00,7,0.29399666,1.0026548,2.0052054,0.500026
2016-10-16 00:00:00,8,0.06620032,1.003282,2.0088491,0.4994312
2016-10-16 00:00:00,9,0.0037093863,0.99821234,2.011188,0.4963297
2016-10-16 00:00:00,10,0.3074359,0.99565566,2.0000389,0.49781814
2016-10-16 00:00:00,11,0.102675736,0.9990135,2.0015996,0.49910757
2016-11-15 12:00:00,0,0.52458614,1.0033637,1.9996591,0.5017674
2016-11-15 12:00:00,1,1.7660776,1.0000434,2.0013125,0.49969378
2016-11-15 12:00:00,2,0.6751951,0.9957688,2.0013196,0.4975561
2016-11-15 12:00:00,3,0.07313277,0.9992405,1.9969578,0.5003814
2016-11-15 12:00:00,4,1.8089783,1.0007378,2.009059,0.4981127
2016-11-15 12:00:00,5,0.23650274,0.9968976,2.0031383,0.49766788
2016-11-15 12:00:00,6,0.2306697,1.0018291,2.000878,0.50069475
2016-11-15 12:00:00,7,0.27010083,1.0015886,2.0056555,0.49938217
2016-11-15 12:00:00,8,0.12433812,1.0023463,2.0067916,0.49947703
2016-11-15 12:00:00,9,0.22420692,0.9987329,2.0102236,0.49682677
2016-11-15 12:00:00,10,0.057765923,0.9960277,2.0011895,0.49771786
2016-11-15 12:00:00,11,0.10671703,0.99871,2.0012953,0.49903178
2016-12-16 00:00:00,0,0.09197597,1.0035541,1.9998001,0.50182724
2016-12-16 00:00:00,1,0.30604476,1.0004199,2.0015297,0.49982762
2016-12-16 00:00:00,2,0.5965821,0.99514145,2.002188,0.49702698
2016-12-16 00:00:00,3,0.7732113,1.0000889,1.9949903,0.50130016
2016-12-16 00:00:00,4,0.7420625,1.0009469,2.0078664,0.4985127
2016-12-16 00:00:00,5,0.016294852,0.99762046,2.0037284,0.49788207
2016-12-16 00:00:00,6,0.18065791,1.0020258,2.0003884,0.50091565
2016-12-16 00:00:00,7,1.1636373,1.0024604,2.0052767,0.49991125
2016-12-16 00:00:00,8,1.8234903,1.0031297,2.0084958,0.49944326
2016-12-16 00:00:00,9,0.33126828,0.9982841,2.0110028,0.4964111
2016-12-16 00:00:00,10,0.31552738,0.99569076,2.000234,0.49778718
2016-12-16 00:00:00,11,0.0021922435,0.99896383,2.0015388,0.4990979
2017-01-16 00:00:00,0,0.5039183,1.0014828,2.001432,0.50038314
2017-01-16 00:00:00,1,0.6147248,1.0003808,2.0038955,0.49921802
2017-01-16 00:00:00,2,0.5325544,0.99504447,2.0055528,0.49614474
2017-01-16 00:00:00,3,1.0996579,1.0024037,1.991461,0.5033509
2017-01-16 00:00:00,4,0.006670822,1.0027483,2.0020163,0.50086915
2017-01-16 00:00:00,5,0.17339613,1.0001711,2.0051076,0.49881166
2017-01-16 00:00:00,6,2.709675,1.0003656,2.000064,0.50016683
2017-01-16 00:00:00,7,0.32536384,1.0034324,2.0032816,0.5008943
2017-01-16 00:00:00,8,0.53130704,1.0049025,2.0105536,0.49981382
2017-01-16 00:00:00,9,0.045670517,0.99678534,2.0114176,0.4955636
2017-01-16 00:00:00,10,0.2400231,0.9961235,2.0002415,0.4980016
2017-01-16 00:00:00,11,0.71786034,1.0004295,2.0026426,0.4995547
2017-02-14 12:00:00,0,0.053094685,1.0022405,2.000825,0.5009137
2017-02-14 12:00:00,1,0.027434053,1.0003988,2.0030234,0.49944437
2017-02-14 12:00:00,2,0.24205501,0.9950686,2.0043294,0.4964596
2017-02-14 12:00:00,3,1.0705774,1.0015702,1.9927176,0.5026152
2017-02-14 12:00:00,4,0.664957,1.0020946,2.0041213,0.5000169
2017-02-14 12:00:00,5,0.9571278,0.99924684,2.0046108,0.49847424
2017-02-14 12:00:00,6,0.55001986,1.0009731,2.0001645,0.50044537
2017-02-14 12:00:00,7,0.73058695,1.0030838,2.0039997,0.5005409
2017-02-14 12:00:00,8,0.28645882,1.0042683,2.0098207,0.49968055
2017-02-14 12:00:00,9,0.39205244,0.9973199,2.0112681,0.49586618
2017-02-14 12:00:00,10,0.09191939,0.9959561,2.0002313,0.49792048
2017-02-14 12:00:00,11,0.99156195,0.99990094,2.0022423,0.49939057
2017-03-16 00:00:00,0,0.33830455,1.0035104,1.9997246,0.50182426
2017-03-16 00:00:00,1,2.6887915,1.0002797,2.001416,0.499786
2017-03-16 00:00:00,2,0.49956408,0.99537677,2.0018182,0.49723634
2017-03-16 00:00:00,3,0.42178357,0.99974144,1.9957719,0.5009297
2017-03-16 00:00:00,4,0.6666643,1.0008452,2.0083878,0.49833265
2017-03-16 00:00:00,5,1.0575517,0.9973164,2.0034897,0.49778962
2017-03-16 00:00:00,6,0.8138295,1.0019743,2.0005746,0.5008433
2017-03-16 00:00:00,7,0.0983606,1.002121,2.005444,0.49970028
2017-03-16 00:00:00,8,0.10258088,1.0028139,2.0078313,0.49945128
2017-03-16 00:00:00,9,0.053420506,0.9984708,2.0107052,0.4965774
2017-03-16 00:00:00,10,0.13429587,0.99581087,2.0005915,0.4977582
2017-03-16 00:00:00,11,0.4112938,0.99885017,2.0014336,0.49906734
2017-04-15 12:00:00,0,0.4946608,1.0039546,1.9995091,0.5021006
2017-04-15 12:00:00,1,0.86043197,1.0004045,2.001081,0.49993202
2017-04-15 12:00:00,2,0.14909509,0.99521494,2.0014777,0.49724007
2017-04-15 12:00:00,3,0.1422594,0.9995671,1.9958502,0.5008227
2017-04-15 12:00:00,4,0.805917,1.0005696,2.0091608,0.49800375
2017-04-15 12:00:00,5,0.7209667,0.9970694,2.0034163,0.4976846
2017-04-15 12:00:00,6,0.68226635,1.0023447,2.0005238,0.5010411
2017-04-15 12:00:00,7,0.24971709,1.0022224,2.005717,0.49968284
2017-04-15 12:00:00,8,0.37374926,1.0027125,2.0079782,0.49936423
2017-04-15 12:00:00,9,0.06939922,0.9986353,2.0108929,0.49661288
2017-04-15 12:00:00,10,0.53977036,0.9956445,2.0002844,0.49775147
2017-04-15 12:00:00,11,0.25021377,0.99864364,2.0013041,0.49899644
2017-05-16 00:00:00,0,0.41739142,0.9984517,2.0040596,0.4982146
2017-05-16 00:00:00,1,0.40463623,0.99805516,2.0067754,0.49734274
2017-05-16 00:00:00,2,0.23364387,0.999649,2.0038345,0.49886805
2017-05-16 00:00:00,3,0.008765583,0.9985525,2.0019112,0.4987996
2017-05-16 00:00:00,4,0.746721,1.0023522,2.0077214,0.49924865
2017-05-16 00:00:00,5,1.9565794,0.99780023,2.002392,0.49830413
2017-05-16 00:00:00,6,0.079820916,0.99747384,2.0048823,0.49752238
2017-05-16 00:00:00,7,0.38044745,0.99965274,2.0049193,0.4986
2017-05-16 00:00:00,8,0.16140391,1.0005178,2.0018678,0.4997922
2017-05-16 00:00:00,9,0.4217778,0.99985623,2.0083427,0.4978514
2017-05-16 00:00:00,10,0.13436955,0.9992059,2.0051787,0.49831265
2017-05-16 00:00:00,11,1.4272366,0.9990357,2.0013528,0.49918023
2017-06-15 12:00:00,0,0.17634204,0.9971392,2.0050948,0.4973028
2017-06-15 12:00:00,1,0.2698453,0.99771327,2.0083764,0.49677604
2017-06-15 12:00:00,2,0.3421817,1.0003669,2.0047357,0.4990019
2017-06-15 12:00:00,3,0.82762,0.99861914,2.001904,0.49883467
2017-06-15 12:00:00,4,0.7788071,1.002622,2.0070407,0.4995524
2017-06-15 12:00:00,5,0.5905228,0.998213,2.002206,0.49855655
2017-06-15 12:00:00,6,0.18150994,0.99622065,2.0055501,0.49673185
2017-06-15 12:00:00,7,0.110886596,0.9996145,2.0044932,0.49868688
2017-06-15 12:00:00,8,0.8554992,1.0002468,2.0013037,0.49979758
2017-06-15 12:00:00,9,0.78702366,1.0000675,2.008233,0.49798375
2017-06-15 12:00:00,10,0.45465958,0.9996694,2.0052981,0.4985141
2017-06-15 12:00:00,11,0.07831677,0.99898744,2.0009518,0.49925613
2017-07-16 00:00:00,0,0.19574766,0.99365985,2.0007205,0.496651
2017-07-16 00:00:00,1,0.42522982,0.99752057,2.007923,0.49679226
2017-07-16 00:00:00,2,0.77264184,0.9997371,2.0014732,0.4995006
2017-07-16 00:00:00,3,0.3072482,0.99714255,1.9930546,0.5003087
2017-07-16 00:00:00,4,0.10899337,0.99961805,2.004974,0.4985691
2017-07-16 00:00:00,5,0.19065107,0.99633384,1.9976721,0.49874744
2017-07-16 00:00:00,6,0.8929363,0.9921094,2.0008912,0.49583375
2017-07-16 00:00:00,7,0.24391358,0.9994517,2.0014575,0.49936196
2017-07-16 00:00:00,8,0.961286,0.9990787,1.9991078,0.49976227
2017-07-16 00:00:00,9,0.84739333,0.99996656,2.0060792,0.49846813
2017-07-16 00:00:00,10,0.07879498,0.9965299,1.9976958,0.49883965
2017-07-16 00:00:00,11,0.20370904,0.99651694,1.9930317,0.50000054
2017-08-16 00:00:00,0,1.2366103,0.99815536,2.0049217,0.49785253
2017-08-16 00:00:00,1,0.25123605,0.99811774,2.007873,0.49710202
2017-08-16 00:00:00,2,1.0229837,0.99983597,2.0044901,0.49879816
2017-08-16 00:00:00,3,0.07699183,0.9986327,2.0015385,0.49893257
2017-08-16 00:00:00,4,0.2544206,1.0022153,2.0082154,0.49905765
2017-08-16 00:00:00,5,0.061176907,0.9980669,2.002397,0.49843606
2017-08-16 00:00:00,6,0.7521911,0.9971335,2.0054588,0.49720967
2017-08-16 00:00:00,7,0.35024816,1.0001677,2.004974,0.49884328
2017-08-16 00:00:00,8,0.1829194,1.0003618,2.0022986,0.4996067
2017-08-16 00:00:00,9,1.2013979,1.0002592,2.0089629,0.49789828
2017-08-16 00:00:00,10,0.051790114,0.9993524,2.0044374,0.49857
2017-08-16 00:00:00,11,0.33706787,0.99873394,2.0009792,0.4991226
2017-09-15 12:00:00,0,0.409598,0.99838734,2.0042858,0.49812624
2017-09-15 12:00:00,1,0.009715244,0.9981059,2.0070384,0.49730283
2017-09-15 12:00:00,2,0.26073486,0.999622,2.0041118,0.49878556
2017-09-15 12:00:00,3,0.08605493,0.99870014,2.0016243,0.49894485
2017-09-15 12:00:00,4,1.2106574,1.0023988,2.0075843,0.49930596
2017-09-15 12:00:00,5,0.5779672,0.99797946,2.0024955,0.49836788
2017-09-15 12:00:00,6,0.0097582145,0.99742067,2.004953,0.49747837
2017-09-15 12:00:00,7,0.5679241,0.9998446,2.00487,0.49870798
2017-09-15 12:00:00,8,0.29192945,1.0006101,2.0021534,0.49976695
2017-09-15 12:00:00,9,0.13672227,0.9998518,2.0085409,0.49780008
2017-09-15 12:00:00,10,0.20151815,0.9992327,2.0049822,0.49837485
2017-09-15 12:00:00,11,0.32131705,0.999052,2.0013762,0.49918252
2017-10-16 00:00:00,0,0.8236464,0.995389,2.0051029,0.4964279
2017-10-16 00:00:00,1,0.10485402,0.99731123,2.00965,0.49626115
2017-10-16 00:00:00,2,0.27693942,1.0009747,2.0048196,0.49928415
2017-10-16 00:00:00,3,2.3608985,0.998261,2.0006077,0.49897885
2017-10-16 00:00:00,4,0.18753278,1.0022615,2.0063386,0.49954754
2017-10-16 00:00:00,5,1.1563036,0.9980798,2.001128,0.49875858
2017-10-16 00:00:00,6,0.18696663,0.99433434,2.0053172,0.4958489
2017-10-16 00:00:00,7,0.54087,0.9994504,2.0036497,0.49881494
2017-10-16 00:00:00,8,0.14412509,0.99964565,2.0001934,0.49977452
2017-10-16 00:00:00,9,0.977139,1.0003299,2.0077033,0.49824587
2017-10-16 00:00:00,10,0.07188374,0.99944264,2.0042357,0.4986652
2017-10-16 00:00:00,11,0.01205183,0.9983963,1.9990742,0.49942932
2017-11-15 12:00:00,0,0.66111475,1.0039669,1.9995537,0.5020955
2017-11-15 12:00:00,1,0.024517197,1.0004618,2.0011423,0.49994537
2017-11-15 12:00:00,2,0.06431044,0.99512196,2.0016413,0.49715298
2017-11-15 12:00:00,3,0.5673793,0.9997135,1.9955289,0.5009767
2017-11-15 12:00:00,4,0.08071722,1.0006145,2.0089445,0.49807972
2017-11-15 12:00:00,5,1.417515,0.9972008,2.0035179,0.49772492
2017-11-15 12:00:00,6,0.14809941,1.0023613,2.0004559,0.50106645
2017-11-15 12:00:00,7,0.64642125,1.0023663,2.0056477,0.4997719
2017-11-15 12:00:00,8,0.99023265,1.0028428,2.0082552,0.49936023
2017-11-15 12:00:00,9,0.044964258,0.99856067,2.011021,0.49654415
2017-11-15 12:00:00,10,0.0018683029,0.9956005,2.0001366,0.49776626
2017-11-15 12:00:00,11,0.5801262,0.998691,2.00135,0.4990087
2017-12-16 00:00:00,0,0.36282963,0.99526924,2.0046709,0.49647513
2017-12-16 00:00:00,1,0.54011464,0.99738634,2.0095577,0.49632132
2017-12-16 00:00:00,2,0.38461128,1.0008255,2.0044162,0.49931023
2017-12-16 00:00:00,3,0.94197315,0.9980532,1.9996904,0.49910384
2017-12-16 00:00:00,4,0.35594177,1.001805,2.006603,0.4992542
2017-12-16 00:00:00,5,0.8332791,0.99781406,2.0006661,0.4987409
2017-12-16 00:00:00,6,0.13635558,0.9941111,2.0048919,0.49584275
2017-12-16 00:00:00,7,0.53240484,0.99957925,2.003512,0.49891356
2017-12-16 00:00:00,8,0.7082549,0.999484,2.0001674,0.4997002
2017-12-16 00:00:00,9,0.23158321,1.0004462,2.0077016,0.49830422
2017-12-16 00:00:00,10,0.0071971547,0.9990565,2.0032022,0.49872974
2017-12-16 00:00:00,11,1.1089451,0.9980136,1.9982036,0.49945542
2018-01-16 00:00:00,0,1.5843133,1.0033158,1.9998837,0.5016871
2018-01-16 00:00:00,1,0.090734646,1.0003163,2.0016632,0.49974254
2018-01-16 00:00:00,2,0.19115138,0.99528897,2.0022535,0.49708438
2018-01-16 00:00:00,3,0.3140315,1.0000796,1.9951693,0.5012505
2018-01-16 00:00:00,4,0.17004576,1.001059,2.007615,0.49863097
2018-01-16 00:00:00,5,0.29499248,0.9976594,2.0036974,0.49790922
2018-01-16 00:00:00,6,0.9477504,1.0018228,2.0004623,0.50079566
2018-01-16 00:00:00,7,0.359383,1.002311,2.0051832,0.49986005
2018-01-16 00:00:00,8,0.15684481,1.0030931,2.0082316,0.49949074
2018-01-16 00:00:00,9,0.56352746,0.9982505,2.01082,0.49643952
2018-01-16 00:00:00,10,0.46618414,0.9958075,2.0004928,0.4977811
2018-01-16 00:00:00,11,0.08242439,0.9990382,2.001575,0.49912605
2018-02-14 12:00:00,0,0.061191134,1.0002247,2.002194,0.49956435
2018-02-14 12:00:00,1,0.47859666,0.9986145,2.0043776,0.49821675
2018-02-14 12:00:00,2,0.81120014,0.9984135,2.0024583,0.4985939
2018-02-14 12:00:00,3,1.0283952,0.9985267,2.0009649,0.4990226
2018-02-14 12:00:00,4,1.4131142,1.0018113,2.0083215,0.4988301
2018-02-14 12:00:00,5,0.16210906,0.9971934,2.002504,0.4979732
2018-02-14 12:00:00,6,0.26861688,0.99909425,2.0034423,0.49868882
2018-02-14 12:00:00,7,1.3409425,0.9998554,2.0052748,0.49861267
2018-02-14 12:00:00,8,0.73682725,1.0010046,2.0029066,0.49977598
2018-02-14 12:00:00,9,0.122111134,0.99942625,2.0085118,0.4975954
2018-02-14 12:00:00,10,0.80842435,0.99819314,2.0043993,0.49800116
2018-02-14 12:00:00,11,0.12694715,0.9990026,2.0014796,0.49913204
2018-03-16 00:00:00,0,0.2517876,1.0029902,2.0002167,0.50144076
2018-03-16 00:00:00,1,0.08997511,1.0004069,2.0021493,0.49966645
2018-03-16 00:00:00,2,1.0400982,0.99510926,2.0030885,0.49678746
2018-03-16 00:00:00,3,1.1142441,1.0007182,1.9940209,0.5018594
2018-03-16 00:00:00,4,0.3203538,1.0014385,2.0062492,0.49915957
2018-03-16 00:00:00,5,0.0038697347,0.9983081,2.0041003,0.4981328
2018-03-16 00:00:00,6,0.077892505,1.0015731,2.0002778,0.500717
2018-03-16 00:00:00,7,0.5364195,1.0027136,2.0047245,0.50017524
2018-03-16 00:00:00,8,0.17047143,1.0036163,2.0090468,0.49954852
2018-03-16 00:00:00,9,1.8499054,0.99786407,2.0110986,0.4961786
2018-03-16 00:00:00,10,1.068122,0.9957984,2.0002458,0.49783802
2018-03-16 00:00:00,11,0.09075243,0.99936825,2.0018373,0.49922553
2018-04-15 12:00:00,0,0.4556735,1.0034885,1.9997131,0.5018163
2018-04-15 12:00:00,1,0.0003593344,1.0001961,2.0013742,0.49975467
2018-04-15 12:00:00,2,0.14981113,0.9955312,2.001602,0.49736723
2018-04-15 12:00:00,3,0.76130366,0.99952066,1.9962776,0.50069225
2018-04-15 12:00:00,4,0.0028398773,1.000775,2.0087614,0.498205
2018-04-15 12:00:00,5,0.14498049,0.99713004,2.003343,0.49773303
2018-04-15 12:00:00,6,0.17885731,1.0019475,2.0007226,0.5007928
2018-04-15 12:00:00,7,2.2191558,1.0019245,2.0055656,0.49957204
2018-04-15 12:00:00,8,1.6114231,1.002607,2.0074277,0.49944863
2018-04-15 12:00:00,9,0.07373672,0.99860805,2.0105448,0.4966853
2018-04-15 12:00:00,10,0.24837032,0.9958979,2.0007987,0.49775016
2018-04-15 12:00:00,11,0.6005235,0.9987674,2.0013678,0.4990424
2018-05-16 00:00:00,0,0.2960168,1.0034932,2.000112,0.50171846
2018-05-16 00:00:00,1,0.8901656,1.0001506,2.0016892,0.49965328
2018-05-16 00:00:00,2,0.78440225,0.9957765,2.0015817,0.4974948
2018-05-16 00:00:00,3,0.021656627,0.99927986,1.9969538,0.5004021
2018-05-16 00:00:00,4,0.26421887,1.0006529,2.0095978,0.4979369
2018-05-16 00:00:00,5,0.5445628,0.9970067,2.003237,0.49769783
2018-05-16 00:00:00,6,0.4490109,1.0019495,2.0012195,0.5006695
2018-05-16 00:00:00,7,0.16343889,1.0019006,2.005854,0.4994883
2018-05-16 00:00:00,8,0.10192925,1.0023072,2.0071533,0.49936754
2018-05-16 00:00:00,9,0.049815316,0.9989567,2.0106611,0.49682996
2018-05-16 00:00:00,10,0.0022497242,0.9961291,2.0008452,0.49785414
2018-05-16 00:00:00,11,0.36107126,0.99857116,2.0013115,0.49895838
2018-06-15 12:00:00,0,0.35931173,0.990183,1.9908054,0.4973781
2018-06-15 12:00:00,1,0.14606205,0.99694437,2.00171,0.49804637
2018-06-15 12:00:00,2,0.47181445,0.9979797,1.9935215,0.5006115
2018-06-15 12:00:00,3,1.647325,0.9947623,1.9828401,0.5016856
2018-06-15 12:00:00,4,0.0042746062,0.99631435,1.9994665,0.4982901
2018-06-15 12:00:00,5,0.6717903,0.9925642,1.991299,0.4984506
2018-06-15 12:00:00,6,0.59422463,0.9883014,1.991717,0.49620575
2018-06-15 12:00:00,7,0.7293652,0.99651724,1.99693,0.49902463
2018-06-15 12:00:00,8,0.8952716,0.9983622,1.9935632,0.50079286
2018-06-15 12:00:00,9,1.3221453,0.9976629,1.9997846,0.49888518
2018-06-15 12:00:00,10,0.061053813,0.99201584,1.9907528,0.4983119
2018-06-15 12:00:00,11,1.0149769,0.994813,1.984421,0.5013115
2018-07-16 00:00:00,0,0.40010387,0.9968426,2.0053926,0.49708104
2018-07-16 00:00:00,1,0.009536536,0.9977962,2.0091553,0.4966247
2018-07-16 00:00:00,2,0.66211593,1.0004455,2.0048444,0.49901402
2018-07-16 00:00:00,3,0.06903859,0.99841356,2.0010715,0.49893948
2018-07-16 00:00:00,4,0.9915016,1.0020852,2.0078676,0.49907935
2018-07-16 00:00:00,5,1.1316868,0.9981113,2.001784,0.49861088
2018-07-16 00:00:00,6,0.39342484,0.99577194,2.0057275,0.49646422
2018-07-16 00:00:00,7,3.2393696,1.0000725,2.0044944,0.49891508
2018-07-16 00:00:00,8,0.13074869,0.9998892,2.001505,0.4995687
2018-07-16 00:00:00,9,0.011689285,1.0005682,2.0086935,0.49811888
2018-07-16 00:00:00,10,0.18840703,0.99946207,2.0039473,0.4987467
2018-07-16 00:00:00,11,0.47829106,0.99837464,1.9998794,0.49921742
2018-08-16 00:00:00,0,1.1082344,0.9916368,1.995657,0.49689743
2018-08-16 00:00:00,1,0.39849713,0.9970923,2.0049205,0.49732262
2018-08-16 00:00:00,2,1.5071219,0.999014,1.9974582,0.50014263
2018-08-16 00:00:00,3,0.6044286,0.995861,1.987996,0.5009371
2018-08-16 00:00:00,4,0.5586825,0.9979732,2.0020268,0.49848145
2018-08-16 00:00:00,5,0.2653921,0.9943719,1.9943231,0.4986012
2018-08-16 00:00:00,6,0.10769668,0.98988134,1.9962549,0.4958692
2018-08-16 00:00:00,7,0.1242656,0.9978189,1.9990436,0.49914813
2018-08-16 00:00:00,8,0.17877342,0.9985893,1.9959855,0.50029886
2018-08-16 00:00:00,9,0.06622693,0.9988237,2.0027082,0.4987365
2018-08-16 00:00:00,10,0.26706886,0.99423254,1.994385,0.49851584
2018-08-16 00:00:00,11,0.4681554,0.99561894,1.9884915,0.5006906
2018-09-15 12:00:00,0,0.46159193,0.9854955,1.9753314,0.49890134
2018-09-15 12:00:00,1,0.16561565,0.9959011,1.9908359,0.5002427
2018-09-15 12:00:00,2,0.97236747,0.9953475,1.9803839,0.5026033
2018-09-15 12:00:00,3,1.6913146,0.9908466,1.9691696,0.5031799
2018-09-15 12:00:00,4,0.58576393,0.99155647,1.991384,0.49792328
2018-09-15 12:00:00,5,0.39107528,0.9864227,1.9816098,0.49778858
2018-09-15 12:00:00,6,0.21033776,0.9833844,1.9777799,0.49721628
2018-09-15 12:00:00,7,0.7870837,0.9912032,1.9903839,0.497996
2018-09-15 12:00:00,8,0.33665612,0.99723285,1.984045,0.5026261
2018-09-15 12:00:00,9,1.1818624,0.99390036,1.9893614,0.49960774
2018-09-15 12:00:00,10,0.07198798,0.98567474,1.9816082,0.49741152
2018-09-15 12:00:00,11,0.6143681,0.99264747,1.9724114,0.5032659
2018-10-16 00:00:00,0,0.18993445,0.9990182,2.0036337,0.4986032
2018-10-16 00:00:00,1,1.2252276,0.9983434,2.0061793,0.49763417
2018-10-16 00:00:00,2,0.6672966,0.9990834,2.003802,0.49859387
2018-10-16 00:00:00,3,0.5141847,0.99888456,2.001004,0.4991917
2018-10-16 00:00:00,4,1.309082,1.0023353,2.007386,0.49932367
2018-10-16 00:00:00,5,0.90484196,0.9979318,2.0026853,0.49829686
2018-10-16 00:00:00,6,0.15610382,0.99802357,2.0043292,0.49793395
2018-10-16 00:00:00,7,0.03844152,1.0000056,2.0048842,0.49878472
2018-10-16 00:00:00,8,0.6573614,1.0009724,2.0027745,0.49979287
2018-10-16 00:00:00,9,0.04901419,0.99954027,2.0086584,0.49761584
2018-10-16 00:00:00,10,0.18778922,0.99885166,2.0047135,0.49825156
2018-10-16 00:00:00,11,0.1474559,0.99917495,2.001587,0.4991914
2018-11-15 12:00:00,0,0.27307126,1.003283,1.9998525,0.5016785
2018-11-15 12:00:00,1,0.18585275,1.0002646,2.001627,0.4997258
2018-11-15 12:00:00,2,0.4673769,0.9953678,2.002141,0.4971517
2018-11-15 12:00:00,3,0.12595311,0.9999754,1.9954113,0.5011375
2018-11-15 12:00:00,4,0.905586,1.001039,2.007735,0.4985912
2018-11-15 12:00:00,5,0.320294,0.99756885,2.0036223,0.4978827
2018-11-15 12:00:00,6,0.55691004,1.0017903,2.0005114,0.5007671
2018-11-15 12:00:00,7,0.63711345,1.0021913,2.00522,0.4997912
2018-11-15 12:00:00,8,0.4410765,1.0029988,2.0080075,0.49949953
2018-11-15 12:00:00,9,0.3238458,0.99829644,2.0107067,0.49649033
2018-11-15 12:00:00,10,0.5696294,0.99584717,2.000626,0.49776775
2018-11-15 12:00:00,11,0.36063635,0.99901384,2.0015454,0.49912125
2018-12-16 00:00:00,0,1.3215837,1.0035022,1.9996805,0.5018313
2018-12-16 00:00:00,1,0.69802713,1.0001909,2.001337,0.4997613
2018-12-16 00:00:00,2,0.6021273,0.99553484,2.0015562,0.4973804
2018-12-16 00:00:00,3,0.14556181,0.99949336,1.99632,0.5006679
2018-12-16 00:00:00,4,0.49126032,1.0007603,2.0088024,0.49818754
2018-12-16 00:00:00,5,2.210724,0.9970987,2.0033238,0.49772218
2018-12-16 00:00:00,6,0.22613922,1.0019578,2.0007153,0.5007998
2018-12-16 00:00:00,7,0.27026913,1.0019,2.0055792,0.49955642
2018-12-16 00:00:00,8,0.052720305,1.0025882,2.007387,0.49944937
2018-12-16 00:00:00,9,0.39978135,0.9986159,2.0105212,0.49669504
2018-12-16 00:00:00,10,0.6488887,0.9958917,2.0008159,0.4977428
2018-12-16 00:00:00,11,0.6220288,0.9987574,2.0013556,0.49904045
2019-01-16 00:00:00,0,0.80744255,1.0027347,2.0005126,0.5012389
2019-01-16 00:00:00,1,0.2858308,1.0004536,2.0025468,0.4995906
2019-01-16 00:00:00,2,0.15669307,0.9950301,2.003682,0.49660084
2019-01-16 00:00:00,3,1.7604936,1.001137,1.993318,0.5022465
2019-01-16 00:00:00,4,0.8645632,1.0017037,2.0053644,0.49951208
2019-01-16 00:00:00,5,0.15652308,0.9987549,2.0043674,0.49828935
2019-01-16 00:00:00,6,0.08628795,1.0013754,2.0002196,0.50063276
2019-01-16 00:00:00,7,0.3946692,1.0029776,2.0044277,0.50038105
2019-01-16 00:00:00,8,0.31293452,1.0039437,2.0095565,0.4995847
2019-01-16 00:00:00,9,0.101935156,0.99763167,2.0112891,0.49601606
2019-01-16 00:00:00,10,0.44381112,0.99583566,2.0001066,0.4978913
2019-01-16 00:00:00,11,1.2058612,0.99958515,2.0020204,0.4992882
2019-02-14 12:00:00,0,0.54260194,1.0022165,2.0009074,0.50088096
2019-02-14 12:00:00,1,0.25604415,1.0004382,2.0031247,0.4994388
2019-02-14 12:00:00,2,0.26481923,0.9950118,2.0045042,0.496388
2019-02-14 12:00:00,3,0.6097304,1.001703,1.9924603,0.5027468
2019-02-14 12:00:00,4,0.07531994,1.0021505,2.0039132,0.5000968
2019-02-14 12:00:00,5,0.29588923,0.99937916,2.0047023,0.49851748
2019-02-14 12:00:00,6,1.7533934,1.000959,2.000137,0.5004452
2019-02-14 12:00:00,7,0.2149967,1.0032048,2.003932,0.5006182
2019-02-14 12:00:00,8,0.48636663,1.0043771,2.0100446,0.49967903
2019-02-14 12:00:00,9,0.18182719,0.9972597,2.0113761,0.49580964
2019-02-14 12:00:00,10,1.1085322,0.995944,2.000124,0.49794114
2019-02-14 12:00:00,11,1.0550811,0.9999491,2.0022914,0.49940237
2019-03-16 00:00:00,0,1.3616588,1.0032363,2.0000494,0.50160575
2019-03-16 00:00:00,1,0.7637073,1.00042,2.0018947,0.49973655
2019-03-16 00:00:00,2,0.2692881,0.99511397,2.0027213,0.4968809
2019-03-16 00:00:00,3,0.048363503,1.0004627,1.9944061,0.50163436
2019-03-16 00:00:00,4,0.43713573,1.0012301,2.0069327,0.49888575
2019-03-16 00:00:00,5,0.80236137,0.9980271,2.003952,0.49802944
2019-03-16 00:00:00,6,1.357059,1.0017717,2.0003242,0.50080466
2019-03-16 00:00:00,7,0.14870796,1.0026242,2.0049586,0.50007224
2019-03-16 00:00:00,8,0.05630034,1.0034193,2.0088434,0.499501
2019-03-16 00:00:00,9,0.20287694,0.998041,2.0110774,0.4962718
2019-03-16 00:00:00,10,2.6575227,0.9957495,2.00022,0.49781996
2019-03-16 00:00:00,11,0.12518375,0.9991967,2.0017138,0.49917063
2019-04-15 12:00:00,0,0.114849225,1.002553,2.000172,0.5012334
2019-04-15 12:00:00,1,2.885303,0.99956435,2.0019095,0.49930546
2019-04-15 12:00:00,2,0.21895415,0.9966135,2.0012505,0.49799538
2019-04-15 12:00:00,3,0.3685644,0.99876934,1.9986274,0.49972764
2019-04-15 12:00:00,4,0.30349037,1.000933,2.0092592,0.49816024
2019-04-15 12:00:00,5,0.029700171,0.99670345,2.0027785,0.49766034
2019-04-15 12:00:00,6,0.005413371,1.0011204,2.0016325,0.500152
2019-04-15 12:00:00,7,0.42059895,1.0008339,2.0056896,0.4989974
2019-04-15 12:00:00,8,0.2319295,1.0017614,2.005232,0.4995738
2019-04-15 12:00:00,9,0.5600149,0.9990297,2.0094967,0.49715418
2019-04-15 12:00:00,10,0.72514284,0.99666345,2.0023358,0.4977504
2019-04-15 12:00:00,11,0.14786611,0.9987134,2.001279,0.49903753
2019-05-16 00:00:00,0,0.031370908,1.0034833,1.9998972,0.50176746
2019-05-16 00:00:00,1,0.4873929,1.0004152,2.0016432,0.499797
2019-05-16 00:00:00,2,0.40372312,0.9951603,2.002305,0.49700734
2019-05-16 00:00:00,3,0.72891825,1.0001484,1.9949287,0.50134546
2019-05-16 00:00:00,4,0.0062009403,1.0009984,2.0077415,0.49856937
2019-05-16 00:00:00,5,0.21120688,0.9976992,2.0037677,0.4979116
2019-05-16 00:00:00,6,0.61476856,1.0019693,2.0004246,0.50087833
2019-05-16 00:00:00,7,0.9514897,1.0024942,2.0052345,0.49993864
2019-05-16 00:00:00,8,0.8816842,1.0031643,2.0085452,0.4994482
2019-05-16 00:00:00,9,0.011173547,0.9982647,2.011031,0.4963945
2019-05-16 00:00:00,10,0.5971231,0.9957281,2.000236,0.4978053
2019-05-16 00:00:00,11,0.38424382,0.99899656,2.0015733,0.49910566
2019-06-15 12:00:00,0,0.14369923,0.9949168,2.004568,0.49632478
2019-06-15 12:00:00,1,0.96845794,0.9973489,2.0097558,0.49625376
2019-06-15 12:00:00,2,0.048799295,1.0008408,2.0044506,0.4993093
2019-06-15 12:00:00,3,0.60738486,0.99806464,1.999082,0.4992615
2019-06-15 12:00:00,4,0.032861397,1.0017251,2.006232,0.49930668
2019-06-15 12:00:00,5,0.28520927,0.99783814,2.0004659,0.49880287
2019-06-15 12:00:00,6,0.41006765,0.9937292,2.0046864,0.49570307
2019-06-15 12:00:00,7,0.051863663,0.9996136,2.003243,0.4989977
2019-06-15 12:00:00,8,0.015336027,0.99946123,2.0001004,0.49970552
2019-06-15 12:00:00,9,1.7810133,1.000413,2.0076067,0.49831122
2019-06-15 12:00:00,10,0.463288,0.99892217,2.002806,0.49876133
2019-06-15 12:00:00,11,0.13407157,0.9979227,1.9977741,0.4995173
2019-07-16 00:00:00,0,0.03885857,0.99536884,2.0045326,0.49655908
2019-07-16 00:00:00,1,1.0580097,0.9977903,2.0097926,0.4964643
2019-07-16 00:00:00,2,0.37326923,1.0002491,2.0045912,0.49897912
2019-07-16 00:00:00,3,0.3754224,0.99833333,1.9974256,0.49981004
2019-07-16 00:00:00,4,0.61265796,1.001302,2.0065856,0.49900788
2019-07-16 00:00:00,5,0.6960672,0.9979954,2.000546,0.4988615
2019-07-16 00:00:00,6,1.0578265,0.99409664,2.0043507,0.4959694
2019-07-16 00:00:00,7,0.40289244,1.0004559,2.0032613,0.49941355
2019-07-16 00:00:00,8,0.6905085,0.99973613,2.0014114,0.49951553
2019-07-16 00:00:00,9,0.21672021,1.0004803,2.008426,0.4981415
2019-07-16 00:00:00,10,0.02997012,0.998484,2.001119,0.49896285
2019-07-16 00:00:00,11,0.3539759,0.9976325,1.997316,0.49948657
2019-08-16 00:00:00,0,1.1964676,0.993957,2.0021133,0.4964539
2019-08-16 00:00:00,1,0.12823965,0.99747854,2.0087583,0.49656475
2019-08-16 00:00:00,2,0.08838498,1.000114,2.002615,0.499404
2019-08-16 00:00:00,3,0.047181584,0.99750084,1.9947891,0.5000533
2019-08-16 00:00:00,4,0.93578064,1.0002952,2.0053208,0.4988205
2019-08-16 00:00:00,5,0.24456051,0.99691504,1.998582,0.4988112
2019-08-16 00:00:00,6,0.48338348,0.9925119,2.0021741,0.49571708
2019-08-16 00:00:00,7,0.5039564,0.9996254,2.0019758,0.49931943
2019-08-16 00:00:00,8,1.1979411,0.9992112,1.999554,0.49971703
2019-08-16 00:00:00,9,0.76808155,1.0001475,2.0066936,0.49840567
2019-08-16 00:00:00,10,0.1294485,0.9973013,1.9991666,0.4988585
2019-08-16 00:00:00,11,0.024391701,0.9969315,1.9944705,0.4998477
2019-09-15 12:00:00,0,0.12498309,0.9996936,2.0030856,0.4990768
2019-09-15 12:00:00,1,1.0258911,0.99851274,2.0054185,0.4979074
2019-09-15 12:00:00,2,0.8256493,0.99877846,2.0031664,0.49859983
2019-09-15 12:00:00,3,0.3867237,0.9986543,2.00109,0.49905515
2019-09-15 12:00:00,4,0.20367938,1.00199,2.008231,0.4989416
2019-09-15 12:00:00,5,0.094361,0.9975436,2.0025907,0.49812654
2019-09-15 12:00:00,6,0.9913962,0.9986173,2.0040653,0.49829578
2019-09-15 12:00:00,7,0.3413524,1.0000281,2.0052063,0.49871582
2019-09-15 12:00:00,8,0.17795086,1.0009079,2.0029116,0.49972644
2019-09-15 12:00:00,9,0.08136458,0.99963105,2.0087454,0.49763948
2019-09-15 12:00:00,10,0.13643749,0.99856734,2.0044153,0.49818388
2019-09-15 12:00:00,11,1.1018351,0.99898666,2.0014865,0.49912235
2019-10-16 00:00:00,0,0.08729451,0.9848886,1.9733373,0.49909794
2019-10-16 00:00:00,1,0.052418426,0.9957223,1.9893594,0.5005241
2019-10-16 00:00:00,2,0.7875658,0.9950622,1.9786384,0.5029025
2019-10-16 00:00:00,3,0.58481103,0.99031055,1.9676508,0.5032959
2019-10-16 00:00:00,4,0.2086054,0.9910056,1.9903378,0.49790823
2019-10-16 00:00:00,5,0.07450711,0.98560447,1.9803597,0.49768963
2019-10-16 00:00:00,6,0.87902683,0.9827704,1.976008,0.4973514
2019-10-16 00:00:00,7,1.0112287,0.99041426,1.9895703,0.49780312
2019-10-16 00:00:00,8,0.23485056,0.9970682,1.9826622,0.5028936
2019-10-16 00:00:00,9,0.019336272,0.9933902,1.9879292,0.49971104
2019-10-16 00:00:00,10,1.0374533,0.98492354,1.9806628,0.49726966
2019-10-16 00:00:00,11,0.009042975,0.9924149,1.9709854,0.503512
2019-11-15 12:00:00,0,0.1557353,1.0036337,1.9995848,0.50192106
2019-11-15 12:00:00,1,0.5649346,1.000078,2.0011358,0.49975517
2019-11-15 12:00:00,2,0.4323937,0.9957751,2.0010083,0.49763668
2019-11-15 12:00:00,3,0.91573966,0.9989951,1.9973396,0.5001629
2019-11-15 12:00:00,4,0.28487682,1.0005143,2.0098455,0.49780655
2019-11-15 12:00:00,5,0.4092117,0.996641,2.0030112,0.49757135
2019-11-15 12:00:00,6,0.3890068,1.0020505,2.000993,0.50077665
2019-11-15 12:00:00,7,0.1101943,1.0015625,2.005928,0.49930128
2019-11-15 12:00:00,8,0.44311082,1.0021431,2.0066621,0.499408
2019-11-15 12:00:00,9,0.7347891,0.9989535,2.0102904,0.49692002
2019-11-15 12:00:00,10,0.2014124,0.99600005,2.001095,0.4977275
2019-11-15 12:00:00,11,0.5680305,0.998512,2.001177,0.49896234
2019-12-16 00:00:00,0,1.1412286,1.0027095,2.0004635,0.5012386
2019-12-16 00:00:00,1,0.052688356,1.0004083,2.0024946,0.49958104
2019-12-16 00:00:00,2,0.092736214,0.99509245,2.0035715,0.4966593
2019-12-16 00:00:00,3,0.24667473,1.001046,1.9935199,0.50214994
2019-12-16 00:00:00,4,0.056792937,1.0016862,2.0054533,0.49948117
2019-12-16 00:00:00,5,0.35664672,0.998671,2.0042992,0.49826443
2019-12-16 00:00:00,6,0.5797342,1.0013493,2.0002446,0.50061345
2019-12-16 00:00:00,7,1.0116041,1.0028667,2.004454,0.5003192
2019-12-16 00:00:00,8,0.017940639,1.0038655,2.0093575,0.49959528
2019-12-16 00:00:00,9,0.42613223,0.9976628,2.011179,0.49605867
2019-12-16 00:00:00,10,0.38412875,0.99586135,2.0002267,0.49787423
2019-12-16 00:00:00,11,1.0990597,0.99956745,2.0019932,0.49928614
2020-01-16 00:00:00,0,0.2680337,1.0029453,1.9998394,0.50151294
2020-01-16 00:00:00,1,0.113983996,0.99971694,2.0015087,0.49948168
2020-01-16 00:00:00,2,0.12707675,0.9963313,2.001027,0.49790993
2020-01-16 00:00:00,3,0.2826895,0.99877775,1.9982868,0.499817
2020-01-16 00:00:00,4,0.8378297,1.0007633,2.0094974,0.49801672
2020-01-16 00:00:00,5,0.14237128,0.9965944,2.0028017,0.49760017
2020-01-16 00:00:00,6,2.4763248,1.001454,2.0013554,0.5003879
2020-01-16 00:00:00,7,0.40232512,1.0009898,2.0057814,0.4990523
2020-01-16 00:00:00,8,0.3721005,1.0018532,2.0055864,0.49953133
2020-01-16 00:00:00,9,0.65246665,0.9989962,2.009663,0.49709636
2020-01-16 00:00:00,10,0.41283366,0.9964092,2.0019886,0.4977097
2020-01-16 00:00:00,11,0.83637685,0.99863726,2.0012152,0.49901542
2020-02-15 00:00:00,0,0.38893133,0.99366975,2.0013366,0.49650306
2020-02-15 00:00:00,1,1.0646371,0.99741626,2.0083234,0.49664125
2020-02-15 00:00:00,2,1.6056278,1.0000169,2.0019858,0.4995125
2020-02-15 00:00:00,3,0.23637873,0.99725586,1.9940183,0.50012374
2020-02-15 00:00:00,4,0.013310691,0.9999951,2.0050547,0.49873707
2020-02-15 00:00:00,5,0.57748884,0.99656695,1.9980162,0.4987782
2020-02-15 00:00:00,6,0.27935666,0.9921556,2.001449,0.49571863
2020-02-15 00:00:00,7,0.22248764,0.9994155,2.0016623,0.4992928
2020-02-15 00:00:00,8,0.109432034,0.9990852,1.9990741,0.49977395
2020-02-15 00:00:00,9,0.14387704,1.0000252,2.0062668,0.49845073
2020-02-15 00:00:00,10,0.22276174,0.99689555,1.9986099,0.49879447
2020-02-15 00:00:00,11,0.03108744,0.99670386,1.9937123,0.49992362
2020-03-16 00:00:00,0,0.24593051,1.0036248,1.9997863,0.50186604
2020-03-16 00:00:00,1,0.83736193,1.0004216,2.0014844,0.49983984
2020-03-16 00:00:00,2,0.41703787,0.9951595,2.0020866,0.49706116
2020-03-16 00:00:00,3,0.8837792,1.0000017,1.9951444,0.5012177
2020-03-16 00:00:00,4,0.24640357,1.0008794,2.0081203,0.49841607
2020-03-16 00:00:00,5,1.3349835,0.9975349,2.0036807,0.49785122
2020-03-16 00:00:00,6,0.2703836,1.0020832,2.0004394,0.50093156
2020-03-16 00:00:00,7,0.7985184,1.0024372,2.0053637,0.49987802
2020-03-16 00:00:00,8,1.1486064,1.0030538,2.0084243,0.49942327
2020-03-16 00:00:00,9,0.22021721,0.99835974,2.01101,0.49644694
2020-03-16 00:00:00,10,0.022131845,0.9956943,2.0002258,0.49779093
2020-03-16 00:00:00,11,0.26819327,0.9989011,2.0015013,0.49907592
2020-04-15 12:00:00,0,0.73181933,1.0037727,1.9995689,0.50199455
2020-04-15 12:00:00,1,0.31484032,1.0002289,2.0011308,0.49983183
2020-04-15 12:00:00,2,0.59941196,0.99552006,2.0012438,0.49745065
2020-04-15 12:00:00,3,0.7482855,0.9992674,1.9966453,0.50047314
2020-04-15 12:00:00,4,0.32889515,1.0005463,2.0095181,0.49790362
2020-04-15 12:00:00,5,0.9276882,0.9968508,2.0032043,0.49762812
2020-04-15 12:00:00,6,0.6097343,1.0021794,2.0007858,0.5008929
2020-04-15 12:00:00,7,0.17593859,1.0018744,2.005827,0.499482
2020-04-15 12:00:00,8,0.64284885,1.0024098,2.007279,0.4993874
2020-04-15 12:00:00,9,1.0109288,0.99880654,2.0105767,0.49677613
2020-04-15 12:00:00,10,0.3783281,0.9958429,2.0007188,0.49774253
2020-04-15 12:00:00,11,0.191871,0.99857587,2.0012412,0.49897826
2020-05-16 00:00:00,0,0.74434865,1.0017598,2.0004284,0.5007726
2020-05-16 00:00:00,1,0.21019527,0.9990958,2.002292,0.49897608
2020-05-16 00:00:00,2,0.22301099,0.99734735,2.0011125,0.49839646
2020-05-16 00:00:00,3,1.1191294,0.9983661,2.0000384,0.4991735
2020-05-16 00:00:00,4,2.2079198,1.0011603,2.0091205,0.49830773
2020-05-16 00:00:00,5,1.2606565,0.9965125,2.002433,0.49765083
2020-05-16 00:00:00,6,0.5501261,1.000421,2.002129,0.49967858
2020-05-16 00:00:00,7,0.31714854,1.0000472,2.0056026,0.4986268
2020-05-16 00:00:00,8,0.3066068,1.0012867,2.003732,0.49971092
2020-05-16 00:00:00,9,0.206936,0.99917173,2.0086706,0.49742937
2020-05-16 00:00:00,10,1.9847219,0.99717075,2.00349,0.49771687
2020-05-16 00:00:00,11,0.0003574462,0.998792,2.0012596,0.49908167
2020-06-15 12:00:00,0,1.4582825,0.9956028,2.005176,0.4965164
2020-06-15 12:00:00,1,1.1828465,0.99750954,2.0097346,0.49633893
2020-06-15 12:00:00,2,0.47039923,1.0007334,2.004949,0.49913156
2020-06-15 12:00:00,3,0.014060499,0.99839747,1.9999622,0.49920815
2020-06-15 12:00:00,4,0.011426403,1.0020972,2.0065305,0.4994179
2020-06-15 12:00:00,5,0.25183406,0.9981823,2.0012186,0.49878725
2020-06-15 12:00:00,6,0.56910414,0.9945189,2.0052629,0.49595436
2020-06-15 12:00:00,7,0.20620167,0.9998385,2.0036886,0.49899894
2020-06-15 12:00:00,8,0.11991386,0.99976933,2.0008118,0.49968183
2020-06-15 12:00:00,9,1.0505885,1.0003846,2.0080993,0.49817485
2020-06-15 12:00:00,10,0.33124897,0.9992978,2.0035377,0.49876666
2020-06-15 12:00:00,11,0.40395743,0.9982876,1.9989291,0.4994112
2020-07-16 00:00:00,0,0.49939814,0.9942344,2.0028543,0.49640873
2020-07-16 00:00:00,1,0.7566634,0.99741685,2.009093,0.4964513
2020-07-16 00:00:00,2,0.08497419,1.0003778,2.0030806,0.49941963
2020-07-16 00:00:00,3,1.3006729,0.9975843,1.9961538,0.4997532
2020-07-16 00:00:00,4,0.061471794,1.000633,2.0058131,0.49886653
2020-07-16 00:00:00,5,0.07640975,0.9971064,1.99907,0.4987851
2020-07-16 00:00:00,6,0.28222618,0.9928519,2.0029984,0.49568284
2020-07-16 00:00:00,7,0.0009423433,0.99960786,2.0023863,0.4992083
2020-07-16 00:00:00,8,1.0474563,0.999176,1.9996276,0.49968106
2020-07-16 00:00:00,9,0.007421919,1.0003256,2.006949,0.498431
2020-07-16 00:00:00,10,0.88870287,0.99778897,2.000178,0.49885005
2020-07-16 00:00:00,11,0.17183903,0.99714035,1.9953101,0.49974206
2020-08-16 00:00:00,0,0.6102437,0.9949388,2.0041332,0.49644345
2020-08-16 00:00:00,1,0.017289026,0.9974784,2.0095506,0.4963689
2020-08-16 00:00:00,2,0.06701801,1.000622,2.0039656,0.49932095
2020-08-16 00:00:00,3,0.07356492,0.99785674,1.998194,0.4993793
2020-08-16 00:00:00,4,3.5408192,1.001227,2.006633,0.4989587
2020-08-16 00:00:00,5,0.5725018,0.99755484,2.0000453,0.49876612
2020-08-16 00:00:00,6,0.0079931645,0.9936779,2.0042908,0.4957753
2020-08-16 00:00:00,7,0.18807797,0.9997682,2.0031745,0.4990919
2020-08-16 00:00:00,8,1.5866864,0.999325,2.00016,0.49962252
2020-08-16 00:00:00,9,0.205874,1.0005412,2.007629,0.4983696
2020-08-16 00:00:00,10,0.5005771,0.99856704,2.0016842,0.49886343
2020-08-16 00:00:00,11,0.06664994,0.9975566,1.9969635,0.49953672
2020-09-15 12:00:00,0,0.48777878,0.9886232,1.986002,0.49779567
2020-09-15 12:00:00,1,0.081106775,0.99657804,1.998466,0.4986715
2020-09-15 12:00:00,2,0.19288488,0.99720955,1.9895443,0.5012251
2020-09-15 12:00:00,3,1.0991279,0.99356425,1.9785281,0.5021734
2020-09-15 12:00:00,4,0.11808688,0.9948523,1.996843,0.49821258
2020-09-15 12:00:00,5,0.49476534,0.99067926,1.988282,0.49825895
2020-09-15 12:00:00,6,0.025587238,0.9866284,1.9873917,0.49644387
2020-09-15 12:00:00,7,1.0810525,0.994879,1.994821,0.498731
2020-09-15 12:00:00,8,0.23669606,0.99798435,1.9906019,0.501348
2020-09-15 12:00:00,9,0.93764114,0.99650776,1.9965494,0.49911502
2020-09-15 12:00:00,10,0.6312349,0.98999715,1.9879488,0.4979993
2020-09-15 12:00:00,11,0.008537453,0.9941171,1.9805906,0.50192964
2020-10-16 00:00:00,0,0.07084333,0.9847257,1.9726449,0.49919057
2020-10-16 00:00:00,1,0.9066433,0.99576014,1.9888791,0.500664
2020-10-16 00:00:00,2,0.030763067,0.9948159,1.9780685,0.5029229
2020-10-16 00:00:00,3,0.19728458,0.99021333,1.966631,0.50350744
2020-10-16 00:00:00,4,0.56945926,0.99071455,1.989937,0.49786228
2020-10-16 00:00:00,5,0.13117558,0.9853851,1.979934,0.49768585
2020-10-16 00:00:00,6,0.6575289,0.98260814,1.9753087,0.49744537
2020-10-16 00:00:00,7,0.59256077,0.99033266,1.9892205,0.4978496
2020-10-16 00:00:00,8,0.5821081,0.9970938,1.982482,0.5029523
2020-10-16 00:00:00,9,0.15727879,0.99320877,1.98757,0.49971008
2020-10-16 00:00:00,10,1.6423353,0.98458594,1.9798548,0.4973021
2020-10-16 00:00:00,11,1.0788964,0.99228805,1.9703443,0.5036115
2020-11-15 12:00:00,0,0.95268816,1.0027852,2.0001192,0.50136274
2020-11-15 12:00:00,1,0.42927882,0.99962133,2.0017817,0.4993658
2020-11-15 12:00:00,2,0.59067994,0.9965686,2.001066,0.49801886
2020-11-15 12:00:00,3,0.1472776,0.9986379,1.9987794,0.49962386
2020-11-15 12:00:00,4,1.0188293,1.0007693,2.009796,0.49794573
2020-11-15 12:00:00,5,0.58012444,0.9965527,2.0027215,0.49759924
2020-11-15 12:00:00,6,0.44334608,1.0013137,2.001684,0.5002357
2020-11-15 12:00:00,7,0.41110486,1.0008798,2.0058775,0.49897352
2020-11-15 12:00:00,8,0.93388903,1.0016596,2.00526,0.4995161
2020-11-15 12:00:00,9,0.7725195,0.99917096,2.0096095,0.49719658
2020-11-15 12:00:00,10,0.45219028,0.99661326,2.0021856,0.49776268
2020-11-15 12:00:00,11,0.45046535,0.99857444,2.0012016,0.4989874
2020-12-16 00:00:00,0,1.1199249,1.0033244,1.9997076,0.50173557
2020-12-16 00:00:00,1,0.45477778,0.99994826,2.0013256,0.49964297
2020-12-16 00:00:00,2,0.5771046,0.9959632,2.0011132,0.4977046
2020-12-16 00:00:00,3,0.31734988,0.99899375,1.9975522,0.50010896
2020-12-16 00:00:00,4,0.14288965,1.0006621,2.0095139,0.49796227
2020-12-16 00:00:00,5,0.14023243,0.99670345,2.00298,0.49761027
2020-12-16 00:00:00,6,0.16817282,1.0017868,2.001094,0.50061953
2020-12-16 00:00:00,7,0.4027765,1.0013839,2.0058045,0.49924302
2020-12-16 00:00:00,8,1.1215425,1.0021025,2.006344,0.49946693
2020-12-16 00:00:00,9,0.2542146,0.9989104,2.01007,0.49695304
2020-12-16 00:00:00,10,0.18826151,0.9961516,2.001417,0.4977232
2020-12-16 00:00:00,11,0.43629044,0.9986086,2.001226,0.49899843
2021-01-16 00:00:00,0,0.09072981,1.0035009,2.0000088,0.50174826
2021-01-16 00:00:00,1,2.4694629,1.0005254,2.001785,0.49981657
2021-01-16 00:00:00,2,0.013933035,0.99498904,2.002635,0.49683994
2021-01-16 00:00:00,3,0.38954887,1.0004314,1.9943199,0.5016404
2021-01-16 00:00:00,4,0.007353325,1.0010867,2.007338,0.49871355
2021-01-16 00:00:00,5,0.3255524,0.9979592,2.0039656,0.4979922
2021-01-16 00:00:00,6,0.39077243,1.001997,2.0003138,0.50091994
2021-01-16 00:00:00,7,0.53881645,1.0027777,2.0051057,0.5001121
2021-01-16 00:00:00,8,0.82492423,1.0034114,2.0090816,0.49943787
2021-01-16 00:00:00,9,0.26970395,0.9981296,2.011288,0.49626392
2021-01-16 00:00:00,10,0.1506469,0.99565494,1.9999484,0.49784032
2021-01-16 00:00:00,11,1.8061334,0.99908525,2.0016644,0.49912724
2021-02-14 12:00:00,0,0.73192686,1.0024588,2.0001101,0.5012018
2021-02-14 12:00:00,1,0.07857577,0.99947697,2.0018604,0.49927408
2021-02-14 12:00:00,2,0.8640368,0.9967288,2.0011144,0.49808687
2021-02-14 12:00:00,3,0.3666029,0.9986483,1.9989305,0.49959132
2021-02-14 12:00:00,4,0.7793644,1.0009403,2.0092933,0.49815542
2021-02-14 12:00:00,5,0.4073953,0.9966004,2.0026796,0.49763346
2021-02-14 12:00:00,6,1.2009835,1.0010334,2.001669,0.5000994
2021-02-14 12:00:00,7,2.4950633,1.000644,2.0056934,0.49890175
2021-02-14 12:00:00,8,0.22773765,1.0016532,2.004899,0.49960282
2021-02-14 12:00:00,9,1.0327914,0.99905354,2.0092952,0.4972159
2021-02-14 12:00:00,10,0.9220919,0.99671936,2.002566,0.49772108
2021-02-14 12:00:00,11,1.3300529,0.998713,2.0012505,0.49904448
2021-03-16 00:00:00,0,0.42006004,1.0035704,1.9995495,0.5018983
2021-03-16 00:00:00,1,0.6246808,1.0000587,2.0011272,0.49974766
2021-03-16 00:00:00,2,0.1356633,0.99577606,2.001033,0.49763098
2021-03-16 00:00:00,3,0.89461505,0.9990315,1.9972799,0.50019604
2021-03-16 00:00:00,4,0.30844545,1.0005625,2.009652,0.49787855
2021-03-16 00:00:00,5,0.33681318,0.9966725,2.0030212,0.49758458
2021-03-16 00:00:00,6,0.42022434,1.0019968,2.0009384,0.5007634
2021-03-16 00:00:00,7,0.2630315,1.0015304,2.0058594,0.49930242
2021-03-16 00:00:00,8,0.68620217,1.0021802,2.00664,0.499432
2021-03-16 00:00:00,9,1.0227802,0.99889225,2.0102289,0.49690473
2021-03-16 00:00:00,10,0.36577895,0.9959954,2.001153,0.49771076
2021-03-16 00:00:00,11,0.045036644,0.99856097,2.001195,0.49898234
2021-04-15 12:00:00,0,0.0014074107,0.9964992,2.0053434,0.49692196
2021-04-15 12:00:00,1,0.29245558,0.9975101,2.0088975,0.49654603
2021-04-15 12:00:00,2,0.08204869,1.000669,2.005056,0.49907288
2021-04-15 12:00:00,3,0.33077946,0.99867386,2.0018811,0.49886772
2021-04-15 12:00:00,4,0.27316934,1.0028284,2.006382,0.49981925
2021-04-15 12:00:00,5,0.32682297,0.99838275,2.0021145,0.49866414
2021-04-15 12:00:00,6,0.38924834,0.995615,2.005662,0.4964022
2021-04-15 12:00:00,7,0.0370702,0.99945736,2.0041866,0.49868476
2021-04-15 12:00:00,8,0.20115636,1.0001868,2.0009184,0.49986386
2021-04-15 12:00:00,9,0.4707974,1.0000137,2.0079842,0.4980187
2021-04-15 12:00:00,10,0.051454682,0.9998285,2.0055692,0.49852607
2021-04-15 12:00:00,11,1.6967573,0.99906963,2.0008316,0.49932718
2021-05-16 00:00:00,0,0.21905942,0.9982102,2.005083,0.4978398
2021-05-16 00:00:00,1,0.14852938,0.9982376,2.0080068,0.4971286
2021-05-16 00:00:00,2,0.9759567,0.9996708,2.0048153,0.49863485
2021-05-16 00:00:00,3,0.63784057,0.9989067,2.0010288,0.49919656
2021-05-16 00:00:00,4,0.67869407,1.0023125,2.0078866,0.4991878
2021-05-16 00:00:00,5,0.35938203,0.9983285,2.002617,0.49851197
2021-05-16 00:00:00,6,0.14291844,0.997215,2.0054002,0.49726483
2021-05-16 00:00:00,7,0.06725444,1.0004442,2.004897,0.49900025
2021-05-16 00:00:00,8,1.156617,1.0006088,2.0028307,0.49959728
2021-05-16 00:00:00,9,0.990576,1.0001376,2.0092335,0.4977707
2021-05-16 00:00:00,10,0.07528803,0.99932563,2.0041864,0.4986191
2021-05-16 00:00:00,11,0.12724797,0.9988358,2.0011399,0.49913344
2021-06-15 12:00:00,0,0.9942557,0.99394,2.0024748,0.4963558
2021-06-15 12:00:00,1,0.30161393,0.99735004,2.008946,0.4964544
2021-06-15 12:00:00,2,0.13823089,1.0003569,2.0028787,0.49945956
2021-06-15 12:00:00,3,0.056673028,0.99753726,1.9956837,0.49984738
2021-06-15 12:00:00,4,0.38073236,1.0005895,2.005311,0.49896973
2021-06-15 12:00:00,5,0.3413884,0.9970252,1.9988221,0.49880636
2021-06-15 12:00:00,6,0.038560916,0.99254256,2.0025954,0.4956281
2021-06-15 12:00:00,7,0.35971868,0.9994538,2.0021093,0.4992004
2021-06-15 12:00:00,8,0.3179113,0.99918085,1.9993534,0.49975199
2021-06-15 12:00:00,9,0.5210101,1.0001701,2.0066392,0.49843046
2021-06-15 12:00:00,10,0.22622308,0.9976119,2.000019,0.49880117
2021-06-15 12:00:00,11,0.30096242,0.9971261,1.9949803,0.49981752
2021-07-16 00:00:00,0,0.15524846,0.99760664,2.005333,0.49747682
2021-07-16 00:00:00,1,0.41542146,0.9979758,2.0086122,0.49684843
2021-07-16 00:00:00,2,0.06129628,1.0001943,2.0046759,0.4989307
2021-07-16 00:00:00,3,0.21087927,0.99844766,2.0015767,0.4988306
2021-07-16 00:00:00,4,0.025558192,1.0020877,2.0084758,0.49892944
2021-07-16 00:00:00,5,0.49640438,0.99804723,2.002101,0.49849996
2021-07-16 00:00:00,6,0.35489863,0.9965511,2.0058105,0.49683213
2021-07-16 00:00:00,7,0.25355518,1.0001715,2.004904,0.49886256
2021-07-16 00:00:00,8,1.4605547,1.0000278,2.0019138,0.4995359
2021-07-16 00:00:00,9,0.4617,1.0005684,2.0089626,0.49805227
2021-07-16 00:00:00,10,0.8633347,0.9994846,2.004179,0.49870026
2021-07-16 00:00:00,11,0.6261815,0.9984697,2.000453,0.49912181
2021-08-16 00:00:00,0,0.5635393,0.98894787,1.9867042,0.49778312
2021-08-16 00:00:00,1,0.27792352,0.99662584,1.998925,0.4985809
2021-08-16 00:00:00,2,0.5364897,0.99733317,1.990059,0.5011576
2021-08-16 00:00:00,3,0.038642056,0.993681,1.9792941,0.5020381
2021-08-16 00:00:00,4,0.048379306,0.99498886,1.9974859,0.4981206
2021-08-16 00:00:00,5,0.33521104,0.99087924,1.9887105,0.49825212
2021-08-16 00:00:00,6,0.25461036,0.9869428,1.9881166,0.49642098
2021-08-16 00:00:00,7,1.1815474,0.9951332,1.9951892,0.49876633
2021-08-16 00:00:00,8,1.7456292,0.9979528,1.9910291,0.50122464
2021-08-16 00:00:00,9,0.009828543,0.9967757,1.9970522,0.4991235
2021-08-16 00:00:00,10,0.287753,0.990285,1.9883331,0.49804783
2021-08-16 00:00:00,11,0.05974151,0.9941488,1.981076,0.50182265
2021-09-15 12:00:00,0,1.0989689,0.99228114,1.9983302,0.49655512
2021-09-15 12:00:00,1,0.0703455,0.9969756,2.0065374,0.4968637
2021-09-15 12:00:00,2,0.04467672,0.9998434,1.999542,0.50003624
2021-09-15 12:00:00,3,1.1546096,0.9963704,1.991714,0.50025773
2021-09-15 12:00:00,4,0.019486189,0.9991814,2.0032048,0.49879143
2021-09-15 12:00:00,5,0.020139547,0.9953182,1.9959927,0.49865824
2021-09-15 12:00:00,6,0.27465585,0.990669,1.9988338,0.4956235
2021-09-15 12:00:00,7,0.35921255,0.9981008,2.0002365,0.4989914
2021-09-15 12:00:00,8,0.073624164,0.9986625,1.9966822,0.50016093
2021-09-15 12:00:00,9,0.9526887,0.99933195,2.0039432,0.49868277
2021-09-15 12:00:00,10,1.2909912,0.9956869,1.9973552,0.49850267
2021-09-15 12:00:00,11,0.5364981,0.9962714,1.9911764,0.5003431
2021-10-16 00:00:00,0,0.103393175,1.0035709,1.9999621,0.501795
2021-10-16 00:00:00,1,0.9065415,1.0005409,2.0017195,0.4998407
2021-10-16 00:00:00,2,0.4710512,0.9949668,2.0025659,0.496846
2021-10-16 00:00:00,3,0.17458218,1.0003946,1.9943485,0.50161475
2021-10-16 00:00:00,4,0.22457078,1.0010407,2.0074651,0.49865907
2021-10-16 00:00:00,5,0.8511402,0.9979098,2.0039468,0.4979722
2021-10-16 00:00:00,6,0.1597288,1.0020545,2.000302,0.5009516
2021-10-16 00:00:00,7,0.046565104,1.0027812,2.0051503,0.50010276
2021-10-16 00:00:00,8,0.768822,1.0033889,2.009085,0.49942583
2021-10-16 00:00:00,9,0.14009963,0.998156,2.011304,0.4962731
2021-10-16 00:00:00,10,0.65141106,0.9956273,1.9999123,0.4978355
2021-10-16 00:00:00,11,0.47802937,0.99905145,2.0016403,0.49911636
2021-11-15 12:00:00,0,0.0009353764,0.9998184,2.002123,0.49937907
2021-11-15 12:00:00,1,2.0859387,0.99843967,2.0044212,0.4981187
2021-11-15 12:00:00,2,1.1593214,0.9985764,2.0025241,0.49865887
2021-11-15 12:00:00,3,0.99219704,0.9985809,2.0010602,0.49902588
2021-11-15 12:00:00,4,0.0054640737,1.0020529,2.0075526,0.49914154
2021-11-15 12:00:00,5,1.3901764,0.997276,2.0024738,0.498022
2021-11-15 12:00:00,6,0.13995665,0.99874896,2.0033472,0.49854013
2021-11-15 12:00:00,7,1.1078315,0.9995599,2.0049992,0.49853382
2021-11-15 12:00:00,8,0.5191285,1.0010478,2.0024946,0.4999004
2021-11-15 12:00:00,9,0.3415949,0.9992194,2.008097,0.49759522
2021-11-15 12:00:00,10,0.75608563,0.998296,2.0048852,0.49793178
2021-11-15 12:00:00,11,0.18800248,0.9992144,2.0015662,0.4992163
2021-12-16 00:00:00,0,1.7067686,1.0027704,2.0004742,0.50126636
2021-12-16 00:00:00,1,0.09642179,1.0004557,2.0024981,0.49960384
2021-12-16 00:00:00,2,0.83814543,0.99502474,2.0036259,0.49661204
2021-12-16 00:00:00,3,0.37314418,1.0011045,1.9933589,0.5022199
2021-12-16 00:00:00,4,1.6535077,1.0016761,2.005442,0.499479
2021-12-16 00:00:00,5,0.54718727,0.9987149,2.0043468,0.4982745
2021-12-16 00:00:00,6,0.5384358,1.0014037,2.0002117,0.50064886
2021-12-16 00:00:00,7,0.3261235,1.0029626,2.0044541,0.5003669
2021-12-16 00:00:00,8,0.24165289,1.0039216,2.0095303,0.49958023
2021-12-16 00:00:00,9,0.0064619407,0.99764806,2.0112798,0.4960265
2021-12-16 00:00:00,10,0.14300255,0.99582154,2.0001042,0.49788484
2021-12-16 00:00:00,11,0.8119703,0.99956506,2.0020027,0.49928257
2022-01-16 00:00:00,0,0.35653225,0.9936766,2.0027654,0.49615228
2022-01-16 00:00:00,1,0.27509272,0.9969251,2.0090244,0.4962235
2022-01-16 00:00:00,2,0.20844208,1.0009457,2.0031006,0.49969816
2022-01-16 00:00:00,3,0.2610197,0.99746615,1.9976099,0.4993298
2022-01-16 00:00:00,4,0.10419019,1.001233,2.0049024,0.4993924
2022-01-16 00:00:00,5,0.13561267,0.9970642,1.9990668,0.4987648
2022-01-16 00:00:00,6,0.10706767,0.9923519,2.0031207,0.49540296
2022-01-16 00:00:00,7,0.16802384,0.99874675,2.0021808,0.49882945
2022-01-16 00:00:00,8,0.43439656,0.9990382,1.9983705,0.49992642
2022-01-16 00:00:00,9,0.68608165,1.000063,2.0060809,0.49851575
2022-01-16 00:00:00,10,0.03045619,0.99812716,2.002114,0.49853662
2022-01-16 00:00:00,11,0.9438696,0.99755144,1.9958788,0.49980563
2022-02-14 12:00:00,0,0.90155995,0.9976361,2.00528,0.49750462
2022-02-14 12:00:00,1,0.2784128,0.9980019,2.008441,0.49690375
2022-02-14 12:00:00,2,0.075136535,1.0000474,2.004918,0.49879715
2022-02-14 12:00:00,3,0.13541332,0.99877274,2.0013442,0.49905095
2022-02-14 12:00:00,4,0.046280533,1.0024079,2.0076492,0.49929437
2022-02-14 12:00:00,5,0.59010285,0.99831825,2.002397,0.4985616
2022-02-14 12:00:00,6,0.09345093,0.99665344,2.0055935,0.4969369
2022-02-14 12:00:00,7,0.03154656,1.0001824,2.0047228,0.49891305
2022-02-14 12:00:00,8,1.0957086,1.0003815,2.0021982,0.49964157
2022-02-14 12:00:00,9,0.11012285,1.0002145,2.0089245,0.49788556
2022-02-14 12:00:00,10,1.6501732,0.99950147,2.0045133,0.49862552
2022-02-14 12:00:00,11,0.16412312,0.9988053,2.0009296,0.49917063
2022-03-16 00:00:00,0,0.39608186,1.0029383,1.9998478,0.5015073
2022-03-16 00:00:00,1,0.06800054,0.9996557,2.001488,0.4994563
2022-03-16 00:00:00,2,0.8940891,0.9964549,2.0008595,0.49801344
2022-03-16 00:00:00,3,1.9427058,0.9985986,1.9986964,0.49962494
2022-03-16 00:00:00,4,0.45645678,1.0006992,2.0098338,0.49790144
2022-03-16 00:00:00,5,0.08470415,0.9964455,2.0026858,0.49755457
2022-03-16 00:00:00,6,0.042358488,1.0014416,2.0014894,0.5003482
2022-03-16 00:00:00,7,0.29008287,1.0008463,2.0058923,0.49895313
2022-03-16 00:00:00,8,0.058599394,1.0016828,2.0052776,0.49952322
2022-03-16 00:00:00,9,0.25148723,0.9991193,2.0095556,0.4971842
2022-03-16 00:00:00,10,1.301114,0.9964822,2.0021367,0.49770936
2022-03-16 00:00:00,11,2.9341753,0.9985611,2.0011606,0.49899098
2022-04-15 12:00:00,0,0.333086,1.0032778,1.9996916,0.50171626
2022-04-15 12:00:00,1,0.40676227,0.9999354,2.001329,0.4996357
2022-04-15 12:00:00,2,0.06768537,0.9959645,2.0011394,0.49769872
2022-04-15 12:00:00,3,0.9053055,0.99902296,1.997506,0.5001351
2022-04-15 12:00:00,4,0.27021518,1.0006975,2.0093768,0.49801385
2022-04-15 12:00:00,5,0.36353794,0.99673057,2.00299,0.49762133
2022-04-15 12:00:00,6,0.057445474,1.0017473,2.0010602,0.50060827
2022-04-15 12:00:00,7,1.135144,1.0013666,2.0057561,0.49924645
2022-04-15 12:00:00,8,0.06411216,1.00213,2.006335,0.4994829
2022-04-15 12:00:00,9,0.22473876,0.9988686,2.010033,0.49694142
2022-04-15 12:00:00,10,1.650827,0.9961506,2.0014544,0.4977134
2022-04-15 12:00:00,11,0.10783695,0.9986431,2.0012403,0.4990121
2022-05-16 00:00:00,0,0.21713158,0.99554974,2.005327,0.49645257
2022-05-16 00:00:00,1,0.41483632,0.9974566,2.009767,0.4963046
2022-05-16 00:00:00,2,0.64526016,1.0007848,2.0051887,0.49909756
2022-05-16 00:00:00,3,0.23381935,0.99857295,2.0002031,0.49923578
2022-05-16 00:00:00,4,0.013447418,1.0023876,2.0060687,0.49967763
2022-05-16 00:00:00,5,1.629937,0.99837494,2.0014443,0.49882722
2022-05-16 00:00:00,6,0.16360322,0.99453413,2.0053382,0.49594334
2022-05-16 00:00:00,7,0.1052527,0.9997575,2.0036285,0.4989735
2022-05-16 00:00:00,8,0.12208881,0.9999267,2.0008261,0.4997569
2022-05-16 00:00:00,9,0.17432442,1.0002141,2.0080302,0.4981071
2022-05-16 00:00:00,10,0.5297349,0.9994597,2.0040476,0.49872053
2022-05-16 00:00:00,11,0.097589165,0.99854,1.9993614,0.49942946
2022-06-15 12:00:00,0,0.067362264,0.99586457,2.005227,0.4966343
2022-06-15 12:00:00,1,0.63190573,0.99734396,2.0093277,0.49635705
2022-06-15 12:00:00,2,0.8357381,1.00095,2.0048046,0.49927557
2022-06-15 12:00:00,3,0.34967437,0.9983006,2.00151,0.49877375
2022-06-15 12:00:00,4,0.249366,1.0024589,2.0066323,0.4995728
2022-06-15 12:00:00,5,0.6589536,0.99809563,2.0014775,0.49867943
2022-06-15 12:00:00,6,0.38970715,0.9948779,2.0055985,0.49605036
2022-06-15 12:00:00,7,0.39462557,0.9993404,2.0039709,0.4986801
2022-06-15 12:00:00,8,0.30184746,0.9997383,2.0002687,0.499802
2022-06-15 12:00:00,9,0.6771363,1.0003003,2.0077424,0.49822143
2022-06-15 12:00:00,10,0.07933416,0.9996734,2.0049498,0.49860272
2022-06-15 12:00:00,11,2.1927884,0.99862933,1.9997919,0.49936664
2022-07-16 00:00:00,0,0.6486686,0.99255925,1.9985588,0.49663752
2022-07-16 00:00:00,1,0.31211606,0.9972831,2.0068023,0.49695134
2022-07-16 00:00:00,2,0.50889504,0.9994626,1.999925,0.49975005
2022-07-16 00:00:00,3,1.1388494,0.9966959,1.9906012,0.50070095
2022-07-16 00:00:00,4,0.4212152,0.9990015,2.0032766,0.49868375
2022-07-16 00:00:00,5,0.46880782,0.9956033,1.9962273,0.49874246
2022-07-16 00:00:00,6,0.2865525,0.990911,1.9988072,0.49575117
2022-07-16 00:00:00,7,0.6961992,0.9987683,2.0002182,0.4993297
2022-07-16 00:00:00,8,1.6517203,0.9989224,1.9977735,0.5000178
2022-07-16 00:00:00,9,0.03896842,0.99938536,2.0045912,0.4985482
2022-07-16 00:00:00,10,0.09208293,0.99550366,1.9962777,0.49867997
2022-07-16 00:00:00,11,1.7210299,0.99617124,1.9910047,0.50033593
2022-08-16 00:00:00,0,0.07089037,0.9987749,2.0046594,0.49822673
2022-08-16 00:00:00,1,0.65139896,0.998403,2.0073545,0.49737254
2022-08-16 00:00:00,2,0.86785233,0.9993389,2.0044737,0.4985543
2022-08-16 00:00:00,3,0.7608933,0.9989111,2.0009246,0.49922475
2022-08-16 00:00:00,4,0.96652746,1.0021933,2.0081556,0.49906158
2022-08-16 00:00:00,5,0.10256445,0.998182,2.0027122,0.49841508
2022-08-16 00:00:00,6,0.78106225,0.9977503,2.005098,0.49760672
2022-08-16 00:00:00,7,1.1824946,1.0005153,2.0050657,0.4989938
2022-08-16 00:00:00,8,0.1672949,1.0007496,2.0031557,0.49958652
2022-08-16 00:00:00,9,0.06623878,1.0000412,2.0093355,0.4976975
2022-08-16 00:00:00,10,0.122942224,0.999107,2.0040576,0.49854204
2022-08-16 00:00:00,11,0.06570169,0.9988486,2.0012977,0.49910048
2022-09-15 12:00:00,0,0.28329423,1.0019878,2.000506,0.5008672
2022-09-15 12:00:00,1,0.29420048,0.9993063,2.0023446,0.4990681
2022-09-15 12:00:00,2,0.7309769,0.99704176,2.0014157,0.49816826
2022-09-15 12:00:00,3,0.08935262,0.9986746,1.9992512,0.4995243
2022-09-15 12:00:00,4,0.4132072,1.0011569,2.008936,0.49835184
2022-09-15 12:00:00,5,1.2741046,0.9967614,2.0026736,0.49771532
2022-09-15 12:00:00,6,0.38308436,1.000634,2.0019703,0.49982458
2022-09-15 12:00:00,7,0.5211672,1.0004858,2.0055592,0.49885628
2022-09-15 12:00:00,8,0.17248711,1.0015786,2.0045354,0.4996562
2022-09-15 12:00:00,9,1.4341182,0.99906725,2.0091166,0.49726692
2022-09-15 12:00:00,10,0.42541322,0.99700844,2.0029507,0.49776983
2022-09-15 12:00:00,11,0.56155926,0.99881977,2.001337,0.49907625
2022-10-16 00:00:00,0,0.00840944,0.9916098,1.9955196,0.49691808
2022-10-16 00:00:00,1,0.5004476,0.99711174,2.004845,0.49735105
2022-10-16 00:00:00,2,0.085116185,0.998956,1.9973673,0.5001364
2022-10-16 00:00:00,3,0.09847988,0.9958446,1.9877288,0.50099623
2022-10-16 00:00:00,4,1.0529062,0.99790466,2.0019853,0.49845752
2022-10-16 00:00:00,5,0.17214774,0.9943299,1.9942266,0.4986043
2022-10-16 00:00:00,6,0.0034603658,0.9898371,1.9960821,0.49589
2022-10-16 00:00:00,7,0.9581837,0.9978456,1.9989848,0.49917617
2022-10-16 00:00:00,8,1.0304422,0.9985967,1.9959931,0.5003007
2022-10-16 00:00:00,9,0.30568188,0.9987916,2.0027041,0.49872148
2022-10-16 00:00:00,10,0.42317408,0.99412525,1.9941788,0.4985136
2022-10-16 00:00:00,11,0.8192907,0.9955596,1.988344,0.50069785
2022-11-15 12:00:00,0,0.24528831,1.00381,1.9994999,0.50203055
2022-11-15 12:00:00,1,0.6055377,1.000228,2.0010545,0.49985048
2022-11-15 12:00:00,2,0.6814001,0.99550974,2.0011675,0.49746448
2022-11-15 12:00:00,3,0.014180027,0.9992308,1.9966841,0.5004451
2022-11-15 12:00:00,4,0.14972177,1.0005187,2.0095768,0.4978753
2022-11-15 12:00:00,5,1.740476,0.99680126,2.0031781,0.49760988
2022-11-15 12:00:00,6,0.9710462,1.0022085,2.000756,0.5009149
2022-11-15 12:00:00,7,0.2844276,1.0018449,2.0058458,0.49946257
2022-11-15 12:00:00,8,0.34806508,1.0023898,2.007238,0.49938762
2022-11-15 12:00:00,9,0.34597597,0.99881214,2.010547,0.4967863
2022-11-15 12:00:00,10,0.94244695,0.99581915,2.0007281,0.49772838
2022-11-15 12:00:00,11,0.24523664,0.9985606,2.0012202,0.49897587
2022-12-16 00:00:00,0,0.65180534,1.0023003,2.0007737,0.50095636
2022-12-16 00:00:00,1,0.06554432,1.0003982,2.0029507,0.49946222
2022-12-16 00:00:00,2,1.0674281,0.99507326,2.004226,0.49648756
2022-12-16 00:00:00,3,0.26171455,1.0014994,1.9928272,0.5025521
2022-12-16 00:00:00,4,0.18483174,1.0020415,2.0042937,0.49994743
2022-12-16 00:00:00,5,0.016440967,0.999169,2.0045679,0.49844608
2022-12-16 00:00:00,6,0.11690559,1.0010208,2.0001736,0.50046694
2022-12-16 00:00:00,7,0.02627511,1.0030508,2.0040584,0.5005098
2022-12-16 00:00:00,8,0.49240467,1.004214,2.0097535,0.49967027
2022-12-16 00:00:00,9,0.053543996,0.99736387,2.0112507,0.49589235
2022-12-16 00:00:00,10,0.122161165,0.99594367,2.0002358,0.49791312
2022-12-16 00:00:00,11,0.34190753,0.99985796,2.002209,0.49937743
2023-01-16 00:00:00,0,1.149025,1.0017861,2.0011768,0.5005985
2023-01-16 00:00:00,1,1.0241205,1.0003787,2.0035315,0.49930772
2023-01-16 00:00:00,2,0.09066388,0.99506825,2.0050323,0.4962854
2023-01-16 00:00:00,3,0.47350705,1.0020448,1.9920169,0.50303024
2023-01-16 00:00:00,4,0.13677377,1.002478,2.0028954,0.50051445
2023-01-16 00:00:00,5,0.02287591,0.99977714,2.0048912,0.49866903
2023-01-16 00:00:00,6,0.15748101,1.0006076,2.0001123,0.50027573
2023-01-16 00:00:00,7,0.53880054,1.0032679,2.0035806,0.5007375
2023-01-16 00:00:00,8,0.51548237,1.004627,2.0102136,0.4997613
2023-01-16 00:00:00,9,0.23021099,0.9970109,2.011335,0.4956961
2023-01-16 00:00:00,10,0.25085863,0.9960616,2.000262,0.49796557
2023-01-16 00:00:00,11,0.65132546,1.0002098,2.0024738,0.49948707
2023-02-14 12:00:00,0,0.50782764,1.0036899,1.9997537,0.50190675
2023-02-14 12:00:00,1,0.30347097,1.0004615,2.0014458,0.49986938
2023-02-14 12:00:00,2,0.045035813,0.9950925,2.0020995,0.4970245
2023-02-14 12:00:00,3,0.03100573,1.0000415,1.9950081,0.5012719
2023-02-14 12:00:00,4,0.037414037,1.0008636,2.0081098,0.49841076
2023-02-14 12:00:00,5,0.37643597,0.99755377,2.0037122,0.49785283
2023-02-14 12:00:00,6,0.08188024,1.0021394,2.0003846,0.5009734
2023-02-14 12:00:00,7,0.32918802,1.002504,2.0053627,0.49991155
2023-02-14 12:00:00,8,0.06950297,1.0031005,2.0085566,0.4994136
2023-02-14 12:00:00,9,0.7685954,0.99833924,2.0110762,0.49642038
2023-02-14 12:00:00,10,0.06327614,0.99564445,2.0001285,0.49779025
2023-02-14 12:00:00,11,1.0019113,0.9988988,2.0015023,0.49907452
2023-03-16 00:00:00,0,0.33663297,1.0022199,2.0007951,0.5009108
2023-03-16 00:00:00,1,1.1381513,1.0003682,2.002993,0.49943668
2023-03-16 00:00:00,2,0.11638691,0.9951107,2.0042613,0.49649748
2023-03-16 00:00:00,3,0.60475755,1.0015126,1.9928482,0.5025534
2023-03-16 00:00:00,4,0.02124499,1.0020858,2.0041723,0.49999982
2023-03-16 00:00:00,5,0.78125846,0.99919486,2.0045674,0.4984591
2023-03-16 00:00:00,6,0.07386996,1.0009527,2.0001817,0.5004309
2023-03-16 00:00:00,7,0.0253467,1.003011,2.0040143,0.5005009
2023-03-16 00:00:00,8,0.5952867,1.0042183,2.0096903,0.49968812
2023-03-16 00:00:00,9,0.02776857,0.99733883,2.0111954,0.49589354
2023-03-16 00:00:00,10,0.47144175,0.99597436,2.000312,0.4979095
2023-03-16 00:00:00,11,0.53843224,0.9998912,2.0022256,0.4993899
2023-04-15 12:00:00,0,0.90049076,0.9973611,2.0047653,0.4974952
2023-04-15 12:00:00,1,0.19412361,0.99769366,2.0079112,0.49688137
2023-04-15 12:00:00,2,0.04142363,1.0003111,2.004396,0.49905863
2023-04-15 12:00:00,3,0.031670388,0.9985059,2.0022473,0.49869257
2023-04-15 12:00:00,4,0.24629262,1.0026072,2.007147,0.49951857
2023-04-15 12:00:00,5,0.26167294,0.99802583,2.0021837,0.49846867
2023-04-15 12:00:00,6,0.118313886,0.9964409,2.0054145,0.4968753
2023-04-15 12:00:00,7,1.7893398,0.99940544,2.0045779,0.49856153
2023-04-15 12:00:00,8,0.105110966,1.0002269,2.0010955,0.49983963
2023-04-15 12:00:00,9,0.073439024,1.0000045,2.0080228,0.4980046
2023-04-15 12:00:00,10,0.094079256,0.99962187,2.0055985,0.49841574
2023-04-15 12:00:00,11,0.13193755,0.9990415,2.001077,0.49925193
2023-05-16 00:00:00,0,0.7904391,1.0039092,1.9996701,0.5020374
2023-05-16 00:00:00,1,0.111018084,1.0002741,2.0011728,0.49984393
2023-05-16 00:00:00,2,0.28183827,0.99552035,2.0012088,0.49745953
2023-05-16 00:00:00,3,0.038825925,0.99919426,1.9967716,0.5004049
2023-05-16 00:00:00,4,0.10361746,1.0004423,2.0099492,0.49774504
2023-05-16 00:00:00,5,0.020271868,0.9967924,2.0031896,0.4976026
2023-05-16 00:00:00,6,0.41123855,1.002296,2.0009208,0.5009174
2023-05-16 00:00:00,7,0.06319652,1.0019578,2.00598,0.49948543
2023-05-16 00:00:00,8,0.4755619,1.0023298,2.0073438,0.4993314
2023-05-16 00:00:00,9,0.9837275,0.99894685,2.0107284,0.49680844
2023-05-16 00:00:00,10,0.6990762,0.99585974,2.0005813,0.4977852
2023-05-16 00:00:00,11,1.128285,0.9984667,2.0012047,0.4989328
2023-06-15 12:00:00,0,0.40786728,1.0026256,2.0005934,0.5011641
2023-06-15 12:00:00,1,0.28309104,0.9996598,2.0022874,0.49925888
2023-06-15 12:00:00,2,0.39289147,0.99661094,2.0015543,0.49791852
2023-06-15 12:00:00,3,0.0020062805,0.99885744,1.998526,0.49979708
2023-06-15 12:00:00,4,0.8715421,1.0008938,2.0095985,0.49805662
2023-06-15 12:00:00,5,0.6270348,0.99685407,2.0028958,0.49770638
2023-06-15 12:00:00,6,0.668458,1.0011901,2.0019143,0.50011635
2023-06-15 12:00:00,7,0.3468517,1.001135,2.0058155,0.49911618
2023-06-15 12:00:00,8,0.21516296,1.0017686,2.005607,0.49948403
2023-06-15 12:00:00,9,0.4236823,0.9991914,2.009894,0.49713638
2023-06-15 12:00:00,10,0.35375196,0.99675,2.0020227,0.49787146
2023-06-15 12:00:00,11,0.11896491,0.9986209,2.0013077,0.4989842
2023-07-16 00:00:00,0,0.002118302,0.99189734,1.9963236,0.496862
2023-07-16 00:00:00,1,0.33673957,0.997157,2.0053358,0.49725187
2023-07-16 00:00:00,2,0.06362212,0.9990916,1.998074,0.5000273
2023-07-16 00:00:00,3,0.9886059,0.9960808,1.9885931,0.5008972
2023-07-16 00:00:00,4,0.5177894,0.9982405,2.0022979,0.49854743
2023-07-16 00:00:00,5,0.47292668,0.99468195,1.9948051,0.49863616
2023-07-16 00:00:00,6,0.025401989,0.9901533,1.9968184,0.49586546
2023-07-16 00:00:00,7,0.7793531,0.9980669,1.9993452,0.4991969
2023-07-16 00:00:00,8,1.4072869,0.99870616,1.9964722,0.50023544
2023-07-16 00:00:00,9,0.058249313,0.9989304,2.0032,0.49866733
2023-07-16 00:00:00,10,0.23821221,0.9945017,1.9948715,0.4985292
2023-07-16 00:00:00,11,0.5399193,0.99576473,1.9891453,0.5005993
2023-08-16 00:00:00,0,0.7625565,1.0024879,2.0007856,0.50104713
2023-08-16 00:00:00,1,1.3461876,0.9996846,2.0025296,0.49921086
2023-08-16 00:00:00,2,0.48524046,0.9965819,2.0018814,0.49782267
2023-08-16 00:00:00,3,0.38913387,0.9990724,1.9981791,0.49999142
2023-08-16 00:00:00,4,0.09296305,1.0010297,2.0091722,0.49822992
2023-08-16 00:00:00,5,0.4860365,0.9970925,2.0030365,0.4977905
2023-08-16 00:00:00,6,1.388117,1.0010833,2.0019162,0.5000625
2023-08-16 00:00:00,7,0.49680197,1.0012835,2.0056732,0.49922568
2023-08-16 00:00:00,8,2.1679702,1.0019289,2.0058758,0.499497
2023-08-16 00:00:00,9,0.057413027,0.9990884,2.0100124,0.49705586
2023-08-16 00:00:00,10,0.12896194,0.9967847,2.0019424,0.49790877
2023-08-16 00:00:00,11,1.9825053,0.99872506,2.0014036,0.49901232
2023-09-15 12:00:00,0,0.23016761,1.0018468,2.0011048,0.5006468
2023-09-15 12:00:00,1,0.21515363,0.999359,2.0029647,0.4989399
2023-09-15 12:00:00,2,0.21413018,0.99711245,2.0019574,0.49806875
2023-09-15 12:00:00,3,1.1753504,0.9988768,1.9990549,0.49967453
2023-09-15 12:00:00,4,0.09208498,1.00125,2.0089233,0.4984013
2023-09-15 12:00:00,5,0.03049059,0.9970709,2.0028534,0.4978252
2023-09-15 12:00:00,6,0.19290218,1.0005227,2.0023158,0.49968278
2023-09-15 12:00:00,7,0.59363514,1.0008014,2.0055592,0.49901366
2023-09-15 12:00:00,8,0.016216602,1.0016462,2.004926,0.4995926
2023-09-15 12:00:00,9,0.9566024,0.999169,2.0094984,0.4972231
2023-09-15 12:00:00,10,0.9139928,0.99718124,2.0027208,0.49791324
2023-09-15 12:00:00,11,1.0478746,0.99881494,2.001426,0.49905166
2023-10-16 00:00:00,0,1.8325815,0.9961421,2.0052536,0.49676615
2023-10-16 00:00:00,1,1.3810598,0.99745655,2.009094,0.4964708
2023-10-16 00:00:00,2,0.040768713,1.0006816,2.005195,0.49904457
2023-10-16 00:00:00,3,1.2040995,0.99877095,2.001293,0.49906284
2023-10-16 00:00:00,4,0.966615,1.0028554,2.0058093,0.49997544
2023-10-16 00:00:00,5,0.9696412,0.99848,2.002011,0.49873853
2023-10-16 00:00:00,6,0.3011725,0.9952355,2.0054379,0.49626842
2023-10-16 00:00:00,7,0.08913079,0.9994881,2.0038767,0.49877727
2023-10-16 00:00:00,8,0.19653581,1.0002365,2.0009127,0.49989015
2023-10-16 00:00:00,9,0.75488544,0.9999013,2.007892,0.49798563
2023-10-16 00:00:00,10,0.06269671,0.9997015,2.005354,0.49851623
2023-10-16 00:00:00,11,0.93585986,0.99906486,2.0005405,0.49939746
2023-11-15 12:00:00,0,0.36439848,1.0029624,1.9999168,0.50150204
2023-11-15 12:00:00,1,0.030641166,0.9998471,2.0016272,0.49951714
2023-11-15 12:00:00,2,0.080155365,0.9961067,2.001402,0.49770448
2023-11-15 12:00:00,3,0.92467517,0.99912906,1.9975138,0.5001863
2023-11-15 12:00:00,4,0.4973422,1.0008813,2.0089278,0.49821666
2023-11-15 12:00:00,5,0.7110268,0.996906,2.0030391,0.4976967
2023-11-15 12:00:00,6,0.51809824,1.0014855,2.001167,0.50045073
2023-11-15 12:00:00,7,0.3428275,1.0013101,2.0055978,0.49925768
2023-11-15 12:00:00,8,0.53036106,1.0021728,2.006224,0.4995319
2023-11-15 12:00:00,9,0.74552906,0.9987962,2.009935,0.49692965
2023-11-15 12:00:00,10,0.069277324,0.9963012,2.0016596,0.49773756
2023-11-15 12:00:00,11,0.095127106,0.9987663,2.0013309,0.49905106
2023-12-16 00:00:00,0,0.014891062,1.0027659,2.0001702,0.50134027
2023-12-16 00:00:00,1,0.32040793,1.0001742,2.0021005,0.4995624
2023-12-16 00:00:00,2,0.4441928,0.99547195,2.0027165,0.49706084
2023-12-16 00:00:00,3,0.25548732,1.0003282,1.9950052,0.5014163
2023-12-16 00:00:00,4,0.3492108,1.0014112,2.0066144,0.49905512
2023-12-16 00:00:00,5,0.6771302,0.997997,2.0038114,0.49804938
2023-12-16 00:00:00,6,0.9182558,1.0013663,2.0005178,0.50055355
2023-12-16 00:00:00,7,0.22315301,1.002219,2.0048316,0.49990183
2023-12-16 00:00:00,8,0.7170582,1.0032462,2.0081112,0.49959692
2023-12-16 00:00:00,9,0.8444956,0.99803346,2.0106192,0.49638116
2023-12-16 00:00:00,10,0.43206158,0.9960083,2.0008392,0.49779525
2023-12-16 00:00:00,11,0.6291945,0.9993037,2.001747,0.4992158
2024-01-16 00:00:00,0,0.07325127,1.0028623,2.0002823,0.5013604
2024-01-16 00:00:00,1,0.32896024,1.0003618,2.0022435,0.49962044
2024-01-16 00:00:00,2,0.11311361,0.99517524,2.0031605,0.49680257
2024-01-16 00:00:00,3,0.2697242,1.0007399,1.9940639,0.50185955
2024-01-16 00:00:00,4,0.60108614,1.0015073,2.006083,0.4992352
2024-01-16 00:00:00,5,0.37170216,0.9983559,2.0041034,0.4981559
2024-01-16 00:00:00,6,0.13108951,1.0014658,2.0003154,0.5006539
2024-01-16 00:00:00,7,0.48059425,1.0026629,2.0046647,0.5001649
2024-01-16 00:00:00,8,0.20384814,1.0036184,2.008957,0.49957186
2024-01-16 00:00:00,9,0.5421974,0.9978372,2.011029,0.49618238
2024-01-16 00:00:00,10,0.41138762,0.99585855,2.000356,0.49784067
2024-01-16 00:00:00,11,0.5746767,0.99941516,2.001866,0.49924177
2024-02-15 00:00:00,0,0.46561584,1.0023475,2.0006711,0.5010056
2024-02-15 00:00:00,1,0.714189,1.0003514,2.0028174,0.4994721
2024-02-15 00:00:00,2,1.651026,0.995146,2.0039907,0.49658215
2024-02-15 00:00:00,3,0.28624386,1.0013176,1.9931751,0.5023731
2024-02-15 00:00:00,4,0.2464329,1.001957,2.0046089,0.4998267
2024-02-15 00:00:00,5,0.86584073,0.9989885,2.0044458,0.49838638
2024-02-15 00:00:00,6,0.2809285,1.0010526,2.0002196,0.50047135
2024-02-15 00:00:00,7,0.22635823,1.0028998,2.0041618,0.5004086
2024-02-15 00:00:00,8,1.023587,1.0040642,2.0094671,0.4996669
2024-02-15 00:00:00,9,0.85049087,0.9974556,2.0111232,0.4959694
2024-02-15 00:00:00,10,0.46808615,0.99595916,2.000362,0.4978895
2024-02-15 00:00:00,11,0.09062987,0.9997841,2.0021403,0.49935767
2024-03-16 00:00:00,0,0.48555022,1.0034988,1.9999666,0.50175774
2024-03-16 00:00:00,1,0.28008592,1.0005016,2.0017385,0.49981633
2024-03-16 00:00:00,2,0.014571024,0.99501926,2.0025568,0.49687442
2024-03-16 00:00:00,3,1.7790239,1.0003731,1.9944377,0.50158155
2024-03-16 00:00:00,4,1.6378372,1.0010691,2.007405,0.49868813
2024-03-16 00:00:00,5,0.36620495,0.99790156,2.0039227,0.49797407
2024-03-16 00:00:00,6,0.37573692,1.0019919,2.000321,0.5009156
2024-03-16 00:00:00,7,0.032360286,1.0027127,2.0051262,0.5000746
2024-03-16 00:00:00,8,0.080180325,1.003364,2.0089667,0.49944282
2024-03-16 00:00:00,9,0.037582185,0.9981493,2.0112243,0.4962894
2024-03-16 00:00:00,10,0.4439118,0.9956623,2.0000126,0.49782798
2024-03-16 00:00:00,11,0.41343033,0.99907047,2.0016444,0.49912485
2024-04-15 12:00:00,0,0.55431694,1.0032443,1.9997851,0.5016761
2024-04-15 12:00:00,1,0.09969059,0.99996555,2.0014381,0.4996235
2024-04-15 12:00:00,2,0.1551278,0.99592704,2.001302,0.49763957
2024-04-15 12:00:00,3,0.56241226,0.99913645,1.9972999,0.5002436
2024-04-15 12:00:00,4,0.202329,1.0007507,2.0091999,0.4980842
2024-04-15 12:00:00,5,0.84562314,0.99685013,2.0030692,0.49766135
2024-04-15 12:00:00,6,0.4502392,1.0017252,2.0010545,0.50059867
2024-04-15 12:00:00,7,0.083155856,1.0014697,2.0056994,0.49931198
2024-04-15 12:00:00,8,0.20297785,1.002219,2.0065186,0.49948153
2024-04-15 12:00:00,9,0.0077977288,0.99882245,2.0101268,0.49689522
2024-04-15 12:00:00,10,0.04158342,0.9961534,2.001369,0.497736
2024-04-15 12:00:00,11,1.0175062,0.9986851,2.001287,0.49902144
2024-05-16 00:00:00,0,1.1412661,1.0003877,2.0017698,0.4997516
2024-05-16 00:00:00,1,0.41650352,0.9986384,2.003926,0.49834093
2024-05-16 00:00:00,2,0.94657624,0.9982581,2.0021744,0.498587
2024-05-16 00:00:00,3,0.25962034,0.99850255,2.0008419,0.49904123
2024-05-16 00:00:00,4,0.09781636,1.0017728,2.0081792,0.4988463
2024-05-16 00:00:00,5,0.058040146,0.99706787,2.0024695,0.4979191
2024-05-16 00:00:00,6,0.08557242,0.9992394,2.0031195,0.49884164
2024-05-16 00:00:00,7,1.2132142,0.99975204,2.0052345,0.49857113
2024-05-16 00:00:00,8,0.62609965,1.0010755,2.0028813,0.4998177
2024-05-16 00:00:00,9,0.19594437,0.9992844,2.0083506,0.4975647
2024-05-16 00:00:00,10,0.67442256,0.9980204,2.0044348,0.49790615
2024-05-16 00:00:00,11,0.7161632,0.99904895,2.0014737,0.49915668
2024-06-15 12:00:00,0,0.28994495,0.99329215,2.0001764,0.49660227
2024-06-15 12:00:00,1,1.0920385,0.99734086,2.0076053,0.49678135
2024-06-15 12:00:00,2,0.13840063,0.9998335,2.0010662,0.4996504
2024-06-15 12:00:00,3,0.7822939,0.99695504,1.9929618,0.50023794
2024-06-15 12:00:00,4,1.7977853,0.9996123,2.0044627,0.49869338
2024-06-15 12:00:00,5,0.46743312,0.99610966,1.997303,0.49872735
2024-06-15 12:00:00,6,0.09081686,0.9917248,2.0004394,0.49575347
2024-06-15 12:00:00,7,0.16957912,0.99904305,2.0011744,0.49922836
2024-06-15 12:00:00,8,0.079180904,0.9989777,1.9984113,0.49988595
2024-06-15 12:00:00,9,0.2587438,0.9997868,2.0055146,0.49851882
2024-06-15 12:00:00,10,0.38807485,0.99637586,1.9979037,0.49871066
2024-06-15 12:00:00,11,1.1412973,0.9965166,1.9927241,0.50007755
2024-07-16 00:00:00,0,0.050225418,0.99521554,2.004407,0.49651372
2024-07-16 00:00:00,1,0.051470283,0.99766904,2.009721,0.49642166
2024-07-16 00:00:00,2,0.43220842,1.0003941,2.0043855,0.49910265
2024-07-16 00:00:00,3,0.18667139,0.9981697,1.9977376,0.49965006
2024-07-16 00:00:00,4,0.7402051,1.0012872,2.0066025,0.4989963
2024-07-16 00:00:00,5,0.28105906,0.9978422,2.000385,0.49882507
2024-07-16 00:00:00,6,0.7189554,0.993947,2.004354,0.49589396
2024-07-16 00:00:00,7,1.0029675,1.0002073,2.003232,0.49929678
2024-07-16 00:00:00,8,0.21774288,0.9995843,2.000966,0.49955085
2024-07-16 00:00:00,9,0.9196115,1.0005064,2.0081403,0.49822533
2024-07-16 00:00:00,10,0.6346824,0.99852395,2.0013616,0.49892232
2024-07-16 00:00:00,11,0.016138675,0.99761236,1.997203,0.49950475
2024-08-16 00:00:00,0,0.57300436,0.99409705,2.0027652,0.49636227
2024-08-16 00:00:00,1,0.34034523,0.99736166,2.0090632,0.4964312
2024-08-16 00:00:00,2,1.2469331,1.0003693,2.0032606,0.49937052
2024-08-16 00:00:00,3,0.8592647,0.9977541,1.996027,0.49987003
2024-08-16 00:00:00,4,1.7093695,1.0008612,2.0051532,0.4991445
2024-08-16 00:00:00,5,0.11850819,0.9972563,1.9991884,0.49883056
2024-08-16 00:00:00,6,0.41429275,0.9927248,2.0028224,0.4956629
2024-08-16 00:00:00,7,0.88487715,0.9995375,2.0021956,0.49922073
2024-08-16 00:00:00,8,0.3423653,0.99934554,1.9996481,0.49976072
2024-08-16 00:00:00,9,0.5752601,1.0000962,2.0068338,0.49834532
2024-08-16 00:00:00,10,0.021254785,0.9977575,2.0005171,0.4987498
2024-08-16 00:00:00,11,0.43850052,0.9973348,1.9955089,0.49978969
2024-09-15 12:00:00,0,1.2210586,0.9969953,2.0054042,0.49715427
2024-09-15 12:00:00,1,0.5315817,0.9978442,2.0090666,0.49667054
2024-09-15 12:00:00,2,0.77013624,1.0003604,2.0049286,0.49895063
2024-09-15 12:00:00,3,0.122171976,0.9985181,2.0010693,0.49899226
2024-09-15 12:00:00,4,0.18796492,1.0021634,2.007793,0.49913684
2024-09-15 12:00:00,5,0.1328763,0.99818814,2.0019321,0.49861237
2024-09-15 12:00:00,6,0.47659892,0.9959317,2.005706,0.49654916
2024-09-15 12:00:00,7,0.6849536,1.000139,2.004529,0.49893966
2024-09-15 12:00:00,8,0.019036759,1.0000055,2.0017118,0.49957514
2024-09-15 12:00:00,9,0.6052195,1.0004961,2.0087929,0.49805838
2024-09-15 12:00:00,10,0.735287,0.9994566,2.004043,0.4987201
2024-09-15 12:00:00,11,1.4100003,0.998459,2.0000932,0.49920622
2024-10-16 00:00:00,0,0.15603027,0.99798024,2.0049903,0.49774817
2024-10-16 00:00:00,1,0.79638284,0.99811834,2.0079713,0.497078
2024-10-16 00:00:00,2,0.07316988,0.999774,2.0048087,0.49868798
2024-10-16 00:00:00,3,0.34494898,0.99891984,2.0011485,0.49917328
2024-10-16 00:00:00,4,0.1395617,1.0024654,2.007424,0.49937895
2024-10-16 00:00:00,5,0.85408044,0.9983496,2.002586,0.49853024
2024-10-16 00:00:00,6,0.37218404,0.99701864,2.005317,0.49718755
2024-10-16 00:00:00,7,0.0058175386,1.0002251,2.0047338,0.49893162
2024-10-16 00:00:00,8,1.3395362,1.0006262,2.0025263,0.49968192
2024-10-16 00:00:00,9,0.31066793,0.9999996,2.0089455,0.49777338
2024-10-16 00:00:00,10,0.9435839,0.99937946,2.0045488,0.4985558
2024-10-16 00:00:00,11,0.49685606,0.9989695,2.0012102,0.4991827
2024-11-15 12:00:00,0,0.17369114,1.0033267,1.9998579,0.501699
2024-11-15 12:00:00,1,0.23124717,1.000324,2.0016406,0.49975207
2024-11-15 12:00:00,2,0.30099458,0.99526805,2.0022533,0.497074
2024-11-15 12:00:00,3,0.3772462,1.0000943,1.9951211,0.50126994
2024-11-15 12:00:00,4,0.8152374,1.0010605,2.0075793,0.49864057
2024-11-15 12:00:00,5,0.8263782,0.9976652,2.0037055,0.4979101
2024-11-15 12:00:00,6,1.6106105,1.001832,2.0004313,0.500808
2024-11-15 12:00:00,7,1.5987827,1.0023204,2.005171,0.49986777
2024-11-15 12:00:00,8,0.17784062,1.0031121,2.0082614,0.49949276
2024-11-15 12:00:00,9,0.22352631,0.9982327,2.0108232,0.49642986
2024-11-15 12:00:00,10,0.10260891,0.9957886,2.0004766,0.49777567
2024-11-15 12:00:00,11,0.12123268,0.9990455,2.001576,0.49912944
2024-12-16 00:00:00,0,0.022150751,1.003215,1.9999664,0.5016159
2024-12-16 00:00:00,1,1.5991912,1.0003197,2.001784,0.4997141
2024-12-16 00:00:00,2,0.16080646,0.9952751,2.002434,0.49703264
2024-12-16 00:00:00,3,0.114882454,1.0002075,1.9949641,0.5013662
2024-12-16 00:00:00,4,0.020986997,1.001152,2.0073044,0.49875447
2024-12-16 00:00:00,5,0.27599284,0.99779695,2.003775,0.4979586
2024-12-16 00:00:00,6,0.63803244,1.0017425,2.0004382,0.5007615
2024-12-16 00:00:00,7,0.33631378,1.0023717,2.0050776,0.49991664
2024-12-16 00:00:00,8,0.47394237,1.003193,2.0083587,0.4995089
2024-12-16 00:00:00,9,0.49920756,0.9981688,2.0108514,0.49639115
2024-12-16 00:00:00,10,0.6148038,0.9958238,2.00048,0.49779245
2024-12-16 00:00:00,11,1.6595632,0.99911517,2.0016334,0.49914992
2025-01-16 00:00:00,0,0.16579673,0.9998574,2.0021665,0.49938774
2025-01-16 00:00:00,1,0.6284526,0.99845076,2.0044618,0.49811414
2025-01-16 00:00:00,2,0.456596,0.99858785,2.0025182,0.49866605
2025-01-16 00:00:00,3,0.3365288,0.9985453,2.001108,0.49899623
2025-01-16 00:00:00,4,4.5219946,1.0020047,2.0077348,0.49907225
2025-01-16 00:00:00,5,0.3461409,0.99724793,2.002458,0.4980119
2025-01-16 00:00:00,6,0.12457801,0.998772,2.003407,0.49853677
2025-01-16 00:00:00,7,0.2793406,0.9995959,2.0050554,0.49853778
2025-01-16 00:00:00,8,0.38192785,1.0010016,2.0025127,0.49987277
2025-01-16 00:00:00,9,0.35590056,0.9992873,2.0081615,0.497613
2025-01-16 00:00:00,10,0.26081,0.9982949,2.004826,0.49794587
2025-01-16 00:00:00,11,0.8407752,0.9991569,2.001524,0.49919808
2025-02-14 12:00:00,0,0.22942923,1.0032445,2.0000775,0.5016028
2025-02-14 12:00:00,1,0.16285582,1.0004483,2.001929,0.49974215
2025-02-14 12:00:00,2,0.017440464,0.995071,2.0028012,0.49683964
2025-02-14 12:00:00,3,0.8816476,1.0005308,1.9942578,0.5017059
2025-02-14 12:00:00,4,0.47058088,1.0012493,2.006842,0.49891788
2025-02-14 12:00:00,5,0.09806005,0.99808943,2.0040002,0.49804857
2025-02-14 12:00:00,6,0.32955104,1.0017816,2.0002985,0.50081605
2025-02-14 12:00:00,7,0.08556016,1.0026958,2.00493,0.5001151
2025-02-14 12:00:00,8,0.50362074,1.0034788,2.0089774,0.4994973
2025-02-14 12:00:00,9,2.2464216,0.99801034,2.011144,0.49624014
2025-02-14 12:00:00,10,1.338069,0.99573076,2.000146,0.49782905
2025-02-14 12:00:00,11,0.4173089,0.99921626,2.0017354,0.49917498
2025-03-16 00:00:00,0,0.4271947,1.003651,1.999756,0.5018867
2025-03-16 00:00:00,1,0.36753005,1.0004402,2.0014555,0.49985635
2025-03-16 00:00:00,2,0.38512376,0.99512076,2.0020945,0.49703985
2025-03-16 00:00:00,3,0.9031758,1.0000297,1.9950563,0.50125384
2025-03-16 00:00:00,4,1.2693952,1.0008786,2.0080776,0.49842623
2025-03-16 00:00:00,5,0.20406826,0.9975492,2.0036988,0.49785385
2025-03-16 00:00:00,6,0.07751365,1.0021058,2.0003946,0.5009541
2025-03-16 00:00:00,7,0.51264507,1.0024669,2.00535,0.4998962
2025-03-16 00:00:00,8,0.3247753,1.0030869,2.008493,0.49942267
2025-03-16 00:00:00,9,1.0576216,0.99833566,2.011033,0.49642926
2025-03-16 00:00:00,10,0.13311353,0.9956634,2.0001829,0.4977862
2025-03-16 00:00:00,11,0.5339,0.998909,2.0015042,0.49907914
2025-04-15 12:00:00,0,0.12383294,1.0019356,2.000831,0.5007598
2025-04-15 12:00:00,1,0.016735228,0.99933666,2.0026703,0.4990021
2025-04-15 12:00:00,2,0.7986147,0.99708563,2.0016809,0.49812418
2025-04-15 12:00:00,3,0.32845023,0.9987574,1.9991934,0.49958017
2025-04-15 12:00:00,4,0.16501439,1.0011857,2.0090144,0.4983467
2025-04-15 12:00:00,5,0.40903178,0.99690366,2.0027578,0.49776545
2025-04-15 12:00:00,6,0.017806737,1.0005933,2.0021772,0.4997526
2025-04-15 12:00:00,7,0.093000844,1.0006531,2.005589,0.4989323
2025-04-15 12:00:00,8,0.38099983,1.0015912,2.004729,0.49961427
2025-04-15 12:00:00,9,0.6816106,0.9991485,2.0093307,0.49725437
2025-04-15 12:00:00,10,0.5425139,0.99710417,2.0028207,0.49784994
2025-04-15 12:00:00,11,0.36974758,0.9987963,2.0013742,0.49905524
2025-05-16 00:00:00,0,0.14799684,0.9986501,2.0041282,0.4982965
2025-05-16 00:00:00,1,0.26070067,0.9982413,2.0068011,0.4974291
2025-05-16 00:00:00,2,0.08435271,0.9993672,2.0041268,0.49865466
2025-05-16 00:00:00,3,0.44828835,0.9988617,2.0012121,0.49912834
2025-05-16 00:00:00,4,0.19416259,1.0023919,2.0074513,0.49933562
2025-05-16 00:00:00,5,0.4094024,0.99805355,2.0026448,0.49836773
2025-05-16 00:00:00,6,0.02849482,0.99767566,2.004731,0.49766064
2025-05-16 00:00:00,7,0.20497698,1.000027,2.0048604,0.4988013
2025-05-16 00:00:00,8,0.40650827,1.0008172,2.0025961,0.49975985
2025-05-16 00:00:00,9,1.8990258,0.99972093,2.0087123,0.49769244
2025-05-16 00:00:00,10,0.33354005,0.9990814,2.0047574,0.49835524
2025-05-16 00:00:00,11,1.4345332,0.9991121,2.0014877,0.49918473
2025-06-15 12:00:00,0,0.49656796,0.9929007,2.0003312,0.49636817
2025-06-15 12:00:00,1,0.08685806,0.9971124,2.007811,0.49661663
2025-06-15 12:00:00,2,1.0762066,1.0001527,2.001167,0.4997847
2025-06-15 12:00:00,3,0.23159654,0.99691284,1.9935535,0.50006825
2025-06-15 12:00:00,4,1.0889671,0.99985516,2.0040653,0.49891347
2025-06-15 12:00:00,5,0.08658063,0.99614733,1.9972899,0.4987495
2025-06-15 12:00:00,6,0.91231036,0.9913986,2.0006528,0.49553755
2025-06-15 12:00:00,7,0.08600189,0.99869627,2.0010488,0.4990864
2025-06-15 12:00:00,8,0.33962828,0.99887574,1.9978478,0.4999759
2025-06-15 12:00:00,9,0.2857534,0.9997401,2.005128,0.4985917
2025-06-15 12:00:00,10,0.048516896,0.99663186,1.9986064,0.4986634
2025-06-15 12:00:00,11,0.9213619,0.9966836,1.9928756,0.5001233
