time,PC1,PC2,PC3,PC4,PC5,PC6,PC7,PC8,PC9,PC10,PC11,PC12,PC13,PC14
1940-01-16 00:00:00,1.024636153418024,-0.17010692454731413,-0.6081660621346234,-0.03643155280011923,0.5586691486468002,0.43335818160218953,0.19779398097986867,0.2671267765819587,-0.8200755906843769,-0.04103293616446341,-0.7993223813894531,0.7232472814315106,-0.08016685072362739,-0.22188069679976197
1940-02-15 00:00:00,0.11501794676135962,-1.0095205277830126,-0.6159385122952931,-0.20848770296982966,-0.025359403661545987,0.33961553946094825,2.0085737210642907,0.8817585383335262,-0.032327064457385646,0.353304231330285,-2.0042086663376963,-0.5706558703195576,-0.288135372680843,-0.09606365829180252
1940-03-16 00:00:00,0.3816179256711964,0.39044284112039934,0.5301871886385034,1.4916306974793259,0.7258016662413395,-0.4811109727716836,0.40970063853718475,-0.11091861097014044,0.15825354275394193,0.38925992535931886,-0.3032796374022816,-0.4505183495959002,-0.6246509580952294,-0.08846951056168484
1940-04-15 12:00:00,-0.4851118503336913,-0.8816943571880886,-0.7603233797307646,1.3099825951554922,0.31160406853549294,0.46935223668389237,-0.2568015732674935,0.3689034255347958,0.3643495454813905,0.04479005462081402,-0.6821234732275812,1.705007841160759,-1.2134550430483977,0.7036996568142322
1940-05-16 00:00:00,-0.42111669729814355,-0.26430333940504097,0.23049668019484493,-0.2470801600706228,-0.6377558886176213,0.23567535670495188,0.06997935281947754,-0.2800917047478849,-0.4358159828409773,-0.07800305081349942,-0.041157513686370994,-0.5491254031754097,0.13695989108423617,-0.2522695729345003
1940-06-15 12:00:00,0.8837007391568428,1.4494804200113978,0.041111754603393696,0.42766483410235323,-0.3263994974051357,-0.30444010631877844,0.1545144308280495,0.6588209830467708,0.17598207183381792,-0.36300999207724793,0.9788940666784343,0.6811754042913297,-0.04904695010506679,0.47791744987608054
1940-07-16 00:00:00,0.03246732424043863,-0.2584055865947985,-0.15152559021755693,-0.5211297837511285,-0.32414049738272904,-0.46706794442205185,-0.3373911867249818,-0.1847918242164167,-0.42310783708512034,-0.06464123150999077,0.35144697943783304,-0.050931696202729575,0.2870447326575806,0.07499416059149888
1940-08-16 00:00:00,0.06349283816138368,0.807247093922459,0.8188472307456206,0.1169687359435232,0.6202838763979471,-0.08579927183756098,0.46470985986981883,1.0183453836719956,-0.7732301289581999,-0.0027674709032511763,1.4813322191195213,0.2540264372330655,-0.24686453895940286,-1.4505922276853949
1940-09-15 12:00:00,-0.14494681611841928,-0.3031255963552732,-0.09591502188467942,0.09603939227986769,-0.2849262279709026,0.1288206457663602,0.42964735154303846,0.4078784589260671,-0.5461347308319071,-0.2085165938238994,0.43887461811916517,-0.33701106312366436,-0.4182275524084222,-0.3727983967481055
1940-10-16 00:00:00,0.6912565644757529,0.10557998983232614,-0.46603726219325364,-0.5366618326983423,-1.3220692145320303,-0.6209755793490209,-0.01043446480776078,0.38107317749265146,0.13014776150120194,0.17291586544452342,0.3921135742004349,0.23577470428027267,0.41852460403191105,0.49874935324457703
1940-11-15 12:00:00,0.2788028784409347,-0.31778649376240253,0.002919628333482048,-0.35774671593358437,-0.21061227786385284,0.18996346866050628,-0.6559987470549233,-0.24738933537590602,-0.9134567787982691,0.13705857709940317,-0.5461329837475907,0.7898514439056636,-0.305103479423945,0.17738446549316222
1940-12-16 00:00:00,-1.0759965764175234,0.26686509332340164,-0.590730861240904,0.9011153861985404,0.31275850876424804,0.5883492054358747,-0.3318201968258135,0.7990256316676245,-0.09014338341755335,-0.06323682595837324,0.15567564962048658,-1.0128462980159973,-0.1767276251320554,0.15557819570123665
1941-01-16 00:00:00,0.41334677450421414,-0.17070439214310248,0.10516250198205392,-0.5326067241790224,-0.11619337476409974,-0.5528435646182568,-0.13165882844441035,-0.05856688891473272,-0.429548034636239,-0.11730199320265661,0.06374542433537117,-0.1322062122301067,-0.16378408231975655,0.3973622277581186
1941-02-14 12:00:00,0.5251883106090247,0.6103997364381974,1.0528491960246278,-0.1399854788075805,0.29178113527982374,-1.0305044272345816,-0.5502834898608028,-0.46580545877538454,-0.22658235241474628,0.23918852842080363,-0.3885561182197541,0.022125197764239046,-0.4582671763322623,-0.19437048305086818
1941-03-16 00:00:00,-0.15712107167056238,-0.36705668042428397,0.33243093479940405,-0.24035429824218305,-0.08258184498785803,-0.1565565729534264,0.8286851257144577,0.39714228129174245,-0.2542582765899378,0.9701826103229704,0.28693336593719354,-0.4530951698076806,-0.45045875721482287,-0.5187791697461432
1941-04-15 12:00:00,-0.2700893443552264,0.1366088262805914,0.12682221131914206,0.17133902190877237,-0.06916109107713919,0.40262197585270665,-0.8366583465231855,0.46872379438052914,-0.33645699224392644,0.22232370955449612,-0.7473436702785535,-0.10261528125693335,1.1065235753283782,-0.42619445367794095
1941-05-16 00:00:00,0.29543737507247353,-0.4754025020364248,-0.18367989986042849,0.2917399337850418,0.8380222332727342,-0.028153391226223512,-0.917150943224332,0.11669109824493029,1.1552164663414273,0.8859837492003806,0.030423291366101418,-0.43427095680762706,0.008641945853882893,-0.08781937721674393
1941-06-15 12:00:00,-0.03220473978080041,-0.19095432424789674,0.2446740284316063,0.38513308485644326,0.6128140447547216,-0.6335328011199418,0.04560716375398888,0.11378736165399872,0.21778566535570604,-0.029827703701562513,-0.22451637771889238,-0.48044691680963036,-0.20003703125563005,0.21827849815126255
1941-07-16 00:00:00,-0.5715443244129774,-0.3239857388855367,-0.08862457523710701,-0.05982363580818584,0.12911610695062525,-0.28089838820598567,0.11053432669050434,-0.08498433005656081,-0.7421769793010443,-0.2534395418988624,0.23018051861806363,0.4099924446298636,0.32935200065792863,0.4757899463874051
1941-08-16 00:00:00,1.0677671171411665,-0.9497156222602179,-0.5446575161186052,0.18429896460037276,-0.23452510137706695,0.38084181870966416,-0.4292624969882667,0.22958859403274845,0.5804347641339458,0.18378534732332258,-0.41380640142856373,-0.2609564798561459,-0.27141470950975577,0.13586428493374358
1941-09-15 12:00:00,-0.5210668424644215,-0.2157977247904829,0.6886075787523639,0.21402594567015576,-0.43175690620917045,0.6257904702821769,1.0981336656475316,-0.4713368730708576,0.1089360265618971,0.6351259163335601,0.7053881201332662,0.07847799613445566,0.17806770409667919,0.19173644184594885
1941-10-16 00:00:00,0.08332175974439504,0.5531501943169705,-0.1734898039578428,-0.015688429611796617,0.007769953492253734,-0.6430720104611571,-0.504660633469698,-0.3710548269661289,-0.031178737466513395,0.4712424988723083,0.00038173585773121355,-0.0761395242519966,0.01572617457461689,-0.5018530339027343
1941-11-15 12:00:00,-0.40781896569016596,0.7892884463692504,0.856970972677772,0.8062400573835997,0.2281545627185566,-0.9119624907661461,-0.028860347066360315,-0.051380437929410605,-0.1888766286194235,0.05433335755895338,-0.4459481228513231,0.659333495032617,-0.6398289381273908,0.385255645631452
1941-12-16 00:00:00,0.12319326965499344,-1.0177512362767602,-0.2659636515763422,0.14903177443330018,0.22242857555333195,0.5548374917603863,0.5889209385533088,0.07828150330829808,0.032023975346732236,-0.35578574838414434,-0.8167979684739993,-0.006458588054349637,0.3272074280695754,0.27028637691389545
1942-01-16 00:00:00,-0.7819327937105032,-0.07963512558474078,-0.06662597494633198,-0.31410008648536647,0.11319830655477803,0.16851090200658858,-0.4299184752018408,0.04051750318097935,0.24884456776847758,-0.09090107112741963,-0.6194436523329206,0.2520452208202033,0.4176363613059544,-0.4654306414170928
1942-02-14 12:00:00,-0.12047292943879251,-0.3124912786070448,-0.047896892342636596,0.4719020155228756,-0.28743663091015376,-0.17373850900378962,-0.05557920680452455,0.03628886100136197,-0.5125622986731319,-0.059555126643396655,0.017885271149789106,-0.057011358893359974,0.32504049720953077,-0.6599002861861468
1942-03-16 00:00:00,-0.3127957232084553,-0.1644035529934379,-0.19240550187119654,-0.7347316473112285,0.5954209064926815,-0.10366061217128075,-0.1777947690579461,0.5137090172812975,1.3753804158676053,0.3083518706698996,-0.7224571149250233,0.12241013214332225,0.09791746435845095,-0.7295875277774146
1942-04-15 12:00:00,0.03409262103002153,0.22300270457360521,-0.09167374673979854,-0.5315836662009548,0.04311788871694322,0.17229173955332988,-0.5052351598893111,0.45180648812041446,-0.22990762799714137,-0.666560832050185,0.12487371082950759,-0.29747400422948356,-0.5621346834922153,-0.5351212256139304
1942-05-16 00:00:00,-0.22965418620750078,0.043599472819674134,1.0204578234883268,-0.004353639931866438,0.22326859787095454,-1.0647941310987663,0.029114445402005806,0.05025757520973739,0.16163250411043745,0.889352754051381,-0.1535277893879205,-0.49995708085112267,-0.23638905032716165,0.11367860816175035
1942-06-15 12:00:00,0.4076344341361254,-1.0183577349866273,-0.3917927715347313,1.160787669261601,1.0395889188820515,0.1696247358151456,-1.2731874385447106,-0.2564364395613632,0.3859586739843501,0.5169139494743046,0.7138937256265276,-0.1907013126652765,0.029018251448588925,0.304692685590205
1942-07-16 00:00:00,0.08955391595028489,0.3507521162390305,0.37498692215473434,0.7296163886118798,0.34042757103554033,-1.0292033310302688,0.4811211637052869,0.12028818909605865,0.2909340818826774,-0.9420088736401433,-0.48704653898875505,0.5718475723819093,-0.4605413236815845,0.25703128972475286
1942-08-16 00:00:00,-0.7128470824950333,0.3591937695900665,-0.48695093627801017,-0.2145495544227297,1.7244514884907063,-0.27387542339252374,0.9658922446272699,0.19135770151335718,-0.03379706924464476,-0.6459827214863296,-0.49904576171190707,-1.065444305375516,1.0608243335093475,1.728511374560323
1942-09-15 12:00:00,0.434149747069753,-0.45256663538941205,-0.5310265378418263,0.1151477011825256,-0.3333177734654474,-0.1700673551345424,1.2050102426945308,0.30486109812113993,-0.650933452196911,0.3635184513682864,-0.6971116323886519,-0.49987302896291297,0.3639050850756121,0.042096536891056635
1942-10-16 00:00:00,-0.03324021657246051,0.012085003124715499,0.050472993100220284,-0.34974334172983074,0.20154853991164323,-0.355251042435511,-0.3561455942667976,-0.05469447245322834,-0.35199308081903324,-0.5017934950974079,-0.2521910650351308,0.41626515544047915,-0.5982810649059515,-0.16281665049383448
1942-11-15 12:00:00,-0.37347046019488916,1.2269564828540203,0.09121037787632187,0.6754682868524864,0.6865532232395942,-0.12410295493456613,-0.5449861283132829,-0.42476879914592774,0.23291621970082926,0.3084029925135706,-0.35766260713807563,-0.40485203512434986,0.31808599912665386,0.11275130524079213
1942-12-16 00:00:00,0.366656834346816,0.0027235616471403823,0.6883452170010804,-0.41730588079441977,0.892910733241837,-0.007191577643067992,0.231588361170305,0.2397501275957692,-0.9507227410100652,-1.446239257661473,-0.3130830984461811,-0.3980070253056711,1.0346060304690563,0.696769729245484
1943-01-16 00:00:00,0.44774817835841524,-0.09651357187626985,0.003918333771609522,0.5339809194650592,1.2170862917334735,1.3507189767668635,1.4027394975192156,-1.1712080898618236,-0.6205218833419469,-0.22846088335623685,0.7456294230592595,0.48785074906809045,0.6994553560106376,1.1485767626848062
1943-02-14 12:00:00,0.7639716702653288,-0.0814658292917586,0.09427999387281714,0.025925195540793255,0.11756309042981439,-0.14012311639357378,1.1437778775974543,0.11488372792272439,0.1659514205781893,0.798540792494469,-0.5724498101247141,-0.5270464917300304,-0.2457729038366096,-0.5058026294754823
1943-03-16 00:00:00,-0.5348480498048572,-0.06551962655596183,0.09797964356674314,0.8894629091839454,-0.33666574261021226,-0.29500128336929765,0.3400020348902807,-0.8652481691979398,-0.16134871718279958,-0.6404004645958004,-0.15554062679327657,0.07420959182347156,-0.2998280161207271,0.15339442197257902
1943-04-15 12:00:00,-1.2511184947346963,-0.2877053191870618,-0.16119116330172573,1.7327264991501983,-0.43481462089822437,-0.2716272300814526,-0.04262640051734479,-0.1645473086041851,0.20742439935730178,-0.02906490225332206,0.024157915572966815,1.068516723450731,-0.42159213548913355,0.796177031842179
1943-05-16 00:00:00,-0.3180686122323356,0.23750334074976304,1.0149644453900564,-0.15206337910724016,-1.0274265286989324,0.45265119367171647,0.11324404378271336,1.0557318753939138,-0.15750739915377054,0.2973245662603059,-0.14987582414362904,0.34581408585122275,1.6255010097459894,0.6274094979465903
1943-06-15 12:00:00,0.05635373138298877,-0.8645996350112561,-0.060347560473758895,0.2679744449726874,0.4117739497072651,0.5248729296173434,-0.7196080531090673,0.05242309697006542,0.08149661615013831,-0.050474220603855785,0.6845044486926002,-0.03994576529370039,-0.16670799586316498,-0.5999725416498802
1943-07-16 00:00:00,0.13520160355673466,1.0682840488003178,-0.06924329104380678,0.4337654185121842,-0.09062711186643924,1.0893351975665655,0.9167818790755854,0.1832043536655722,-0.9143227826303701,-0.4841926030389344,0.9760206783389276,0.8702271161185123,-1.132216710624679,-0.5131477257173305
1943-08-16 00:00:00,0.11389102256994982,-1.0107784770645063,-0.24386829602585458,0.323038838088734,0.03556309940825364,-0.35290380492326334,0.3530707070215918,0.5863561393470145,0.36624783511091513,0.2607016440010708,0.23481619047841354,0.4035954900515527,0.05608198958675603,0.5751100271089953
1943-09-15 12:00:00,-0.9240394340911378,-0.7857504532261064,0.14669943584346645,0.44386489034505716,-0.16164281303785133,-0.1366756748199074,0.3572201908612599,0.7584565200030962,0.31462413694565566,0.21401974953977065,0.213911238622707,-0.09779262511712616,0.404000617303364,0.1627199077631586
1943-10-16 00:00:00,-0.4332461139872221,-0.18940476775063161,-0.10338218176985424,-0.09900214715155348,-0.37825833528052283,-0.35153382811001865,-0.062169652176719103,0.19851529324194894,-0.18857644558641007,0.4225969630816996,0.5769640980739079,-0.3649780449403852,-0.278442282905188,-0.21319987442015326
1943-11-15 12:00:00,-0.2647087047199547,0.3362896899146582,-0.7662970039769821,-0.7042238536442804,0.24301102553543108,-0.18830640241747165,0.1590663460811741,0.668527342953344,0.3660785721179706,0.07409164736327456,0.3659629019517759,-0.11031319561743108,-0.42556034822934213,-0.84713966389079
1943-12-16 00:00:00,0.9680422806675577,-1.533632706822137,-0.6621111717264077,0.11385722620615113,1.7568018349995382,0.3205612541135462,-0.8231092031740389,0.19737268706784672,-0.32922573467848926,-0.3976597042645824,0.5526386021206251,0.5046604953792835,0.19048415511950492,0.976247754475178
1944-01-16 00:00:00,1.2152882286739748,1.4871556112347968,1.255427411885728,-0.23028700229093232,-0.18526338355871874,0.5752348273846092,0.3852983692511397,-0.7668576041221831,0.47497757237212285,0.4773628683788419,0.46182527277922647,0.6415503493546814,0.38361808282450904,0.6926331083641437
1944-02-15 00:00:00,0.4059021274267484,-0.3618310302831934,0.4920450167696273,0.2885574700137793,-0.5449090916739933,-0.3847835225832713,-0.3933850424841257,0.38990221803600966,0.4770320706494658,0.026024101202373903,0.09359267454651385,0.011813182140471307,0.44735110877723555,-0.22946830958934644
1944-03-16 00:00:00,0.5768685304399397,0.5556554603003252,-0.2036533233081016,-0.21720029687428424,0.2100200166871633,-0.27726472910103933,0.5880349182367354,0.34525739881957196,-0.03865714110273516,-0.6674928953355077,0.5038285655046808,0.5421432814371012,-0.21522784963792757,-0.7532015368178875
1944-04-15 12:00:00,-0.5825555722888234,0.25118655505521553,0.36601456559988466,0.09124642872186184,-0.38769221548709454,0.43667848561763944,-0.12290099834098178,0.7896881365743245,-0.17559751069416069,-0.5442253092052916,-0.3735295089627566,-0.338027815589527,0.39070044959788724,-0.5396544086642145
1944-05-16 00:00:00,0.6307511794679648,0.4461492168292283,0.31558588806899157,-0.07898057582860041,-0.901510985085566,-0.1494178550142763,0.23198762466785494,-0.011446496055056765,0.967372382076819,-0.2885164095727166,-0.06912569098360755,-0.0703641701992633,0.31515329181380675,0.4254512133015429
1944-06-15 12:00:00,-0.3818861772235823,0.10158392081004913,-0.41479436531377534,-0.2731623135159652,0.7774651736894299,0.05582507059536923,0.37266115656596954,0.9769144006135417,-0.02059282480756125,-0.5414796077183186,0.22754873874936862,-0.054917622623455474,0.8757671056576759,-0.3528661594631981
1944-07-16 00:00:00,-0.8812760666967943,-0.19180527995938362,-0.17045669857884946,1.3196859133097438,-0.6396202377028625,0.20002155147156853,-0.13711483178404138,-0.19513729920668466,0.09416291310411112,-0.5988896147881894,0.21119195408235147,0.3592928604708099,-0.669050467328594,0.4955858884191051
1944-08-16 00:00:00,0.20370305090831092,-0.16451185141867422,-0.3066928745587879,0.49271132885475355,-0.2858788996395394,-0.24050084881482325,-0.02479494520749892,-0.5047195196774483,-0.1533702644540697,0.13859260419808397,0.033065718420746376,-0.20800620865167282,0.21066921107196265,-0.026250918995738948
1944-09-15 12:00:00,-0.05443957466504917,-0.5011286711008115,-0.13767838342794908,-0.38821318198765853,0.34086721500256634,-0.2016243680300287,-0.02723960251820301,-0.5897592979648612,-0.4290068275582449,-0.3078423884026864,0.9267586630840066,0.05117549427322335,0.23259332284667159,-0.21405687471741247
1944-10-16 00:00:00,-0.4828475580860687,0.9211402525741554,1.125915418807306,-0.28998069046448016,-0.09609949791080752,1.9400825684299403,0.500886154471795,-1.2246217123912315,0.3714852669731758,-0.21633899922970742,0.5666572066283215,0.12275704210194441,-0.4178981382803068,0.4462523158472651
1944-11-15 12:00:00,-0.2949489027557828,-0.3382722889163907,0.13250466374483705,0.4366454404162903,0.2852419923608688,0.699108154957459,0.5188077265489709,-0.03770995307884695,-0.23523353140775496,0.4794033094153879,-0.022632955049792514,0.6770182411507486,-0.1486025049767884,0.06240398003569736
1944-12-16 00:00:00,0.049845950113003634,0.47558590387294647,-0.1151235352718914,-0.06621622485136663,-0.04149050386320019,-0.663697865106352,-0.09117270510490971,-0.5335807594897306,0.04197395909719576,0.636207119795731,0.14850630847817986,-0.2929093332123496,0.24101836393203058,0.13170673456265491
1945-01-16 00:00:00,-0.22653944273408372,0.14354282551390846,-0.3194629383905649,-0.3932316949963683,-0.3804806627778509,0.8114837058191487,-0.5315857937587655,0.5014104445208365,-0.2441641182743213,0.011844984960634977,-0.7265857697322101,0.813222159070923,-1.1350143769677563,1.1145042906819622
1945-02-14 12:00:00,0.3779670981600442,0.6360113440707897,0.102382198691865,-0.13864737369371138,-0.02218876116933932,-0.6326537788991223,-0.037422208714661176,0.5717990390954666,-0.281456668152655,-0.48604927071852033,0.6661571120178562,0.2957759648375021,0.19389863391301382,-0.6839535494466961
1945-03-16 00:00:00,0.9981150676317689,-0.3131691930785374,0.9319708397888093,0.6128328521935011,1.74358746809853,0.059856665086755356,0.16285620889584718,-0.5642246775882457,0.2757370874180585,0.2977735426082223,1.0626377189930791,0.1772516178901586,0.007874005458956675,0.21364330047053814
1945-04-15 12:00:00,0.2674596657693384,0.5777561043752877,0.808422937721747,0.3607585779378305,0.34476837467345545,-0.4728034376789754,0.214680676125098,0.061371250767166985,-0.03834821341544015,-0.46738814483264346,-0.48103349335939716,0.43329964114561537,-0.25471882641037624,-0.6317597893133677
1945-05-16 00:00:00,-0.11166521796367834,0.1830993942419345,-0.16430504060474488,-0.4222013572248846,-0.03481795827130041,-0.4324902862629096,0.4745009808514319,-0.42135086003551786,0.2158916526288091,0.4451609446709367,-0.012242876693876026,-0.11853290374135284,0.14132355332653684,0.4068340129680832
1945-06-15 12:00:00,0.5149763272545322,0.27724636271104025,0.6467822559713621,-0.6002127605163446,-1.0915257567112564,-0.15628474269164416,-0.3231349045853723,0.5856437780924328,0.8973730219385652,0.09222447415295816,0.028229618766197728,0.37750280147046,0.5569104491964102,0.43060521449429534
1945-07-16 00:00:00,-2.4152755174600156,-0.525078828086066,0.07348909195392138,-0.05702235944238765,0.49417434938522187,-0.779239789930069,2.4613507355387547,1.6335999027152712,0.779838515146626,1.0775471012646438,0.22436296785005733,-0.2232103145434742,-0.5477406534928448,1.1242482872536648
1945-08-16 00:00:00,-0.2664165891145954,-0.4301133790751472,-0.0017377595532107534,0.35153773808783084,-0.09066967517921232,-0.14947172478537707,-0.18150243848141112,0.06580064161845811,0.363523050274207,0.15501723073717363,-0.3784254273832166,1.0099036351532364,-0.5119464761466239,0.37421087627319727
1945-09-15 12:00:00,-0.08502545421382174,-0.11666376831905956,0.4077932610493374,-0.35704980646301565,-0.16531689419755968,-0.5413660574105685,-0.11996044558864682,-0.03307015798663282,-0.37793990268196526,0.35627472899708157,-0.0788789272667435,-0.14672353936372973,-0.17683821146568413,-0.41096132486971826
1945-10-16 00:00:00,-0.16748557119119997,-0.3299090768385321,-0.14708416711564626,-0.381993736648497,0.043362512987447976,0.7856769666412381,0.4855810491794307,-0.03172235074497398,-0.2264950910246849,0.11306936227948107,-0.8078460277565244,0.30981366380111475,0.01633473635088952,0.017751680737198794
1945-11-15 12:00:00,-0.18934908833043648,0.007840889074167967,0.3385156295343146,-0.268680647480663,-0.4654562740275972,0.6828707417224894,0.16183106316763884,-0.6168241443075229,-0.534661803257691,0.20831603454005018,0.10522093924075726,0.0732219223291189,-0.4089807352424014,0.006162117982319915
1945-12-16 00:00:00,-0.34887268294454227,0.6948642255053785,0.557986194609552,-0.388699687946077,0.6154111607525591,0.1263005381069181,0.19872399906254257,-0.5061475583261078,0.9231189847506787,-0.23643402372996028,-0.5916012303574784,-0.08465032244660774,-0.19545072759350374,-0.41234403212336945
1946-01-16 00:00:00,0.033605087401286815,-0.7190234803369815,1.0257323367182267,-0.2741822573018973,0.29308649011165133,0.06926459745419289,-0.07247705055496445,0.4120253056284864,0.6848990496280016,0.9557337861953915,0.38262180737532314,-0.39329468287367253,-0.5606880318133222,0.3456482867101276
1946-02-14 12:00:00,0.16625422950078933,0.21444228013170957,0.37455881827328397,-0.06653865080419524,-0.2686850464370862,-0.05378560258055931,-0.3697144877622256,0.5613518394367363,-0.5180136867505303,-0.0844239741345156,0.2640775206304791,0.12757662969426767,-0.10158374924410131,-0.4857853858207928
1946-03-16 00:00:00,0.3884662416621681,-0.48871315064878235,-0.06530567198147608,-0.2401271683262358,-0.7634275387917552,-0.1744765758420107,0.13689607364568168,-0.36084376982425653,0.2007303854703088,0.0769462942600592,-0.17983179103064967,-0.013048914874616735,0.11368697754354364,-0.33354414842765856
1946-04-15 12:00:00,-0.13762038967017043,-0.8590180973045346,-0.15720084496405737,0.44436473135759236,0.4164898146327872,0.3242501573594164,-0.6364593873550717,-0.29754034908348803,0.6715737896232714,-0.13605221609065685,0.4413644841123532,0.28288546179991125,-0.17181642781330939,-0.1507880052621121
1946-05-16 00:00:00,-0.14377673721949172,0.4449283794713092,0.07078122998699163,-0.30523853574985366,0.5721683408495378,1.01228066352841,1.0340056484258704,-0.7228664498181931,0.8475159706996489,1.1017537136733309,0.3864786386867935,0.10511511114787248,-0.3397937774134945,-0.3422268486360974
1946-06-15 12:00:00,-0.7980143138043561,0.09974723170188332,-0.1527962800167349,0.4542149196808104,0.49376639030775615,-0.1338879089911551,-0.4844981535821965,-0.2851938356632585,0.6709345167577756,-0.17999447531358467,-0.26829842275351456,0.27716445768251285,-0.5756649886792093,0.1580998998802613
1946-07-16 00:00:00,-0.22459119119802096,0.04247130537597216,-0.3465538283603799,0.036031629698454304,-0.001774874947777283,0.3481074488971271,-0.2026322331782281,-0.8681267677383148,0.10744531258331175,-0.26122524208029796,0.11005513917841409,-0.258609529162542,-0.29918467445219266,0.07552526574058538
1946-08-16 00:00:00,0.4067711998368954,0.30237316299813627,0.7523793046875485,-0.0798237201540829,0.4582844947500865,-0.20121470039294898,-0.5628306059868624,0.01154949083879464,0.19467108917784032,-0.2513276355646378,-0.08825497239228819,0.6402973768723799,-0.6392419791966936,-0.029677474120440417
1946-09-15 12:00:00,0.40513757573568937,0.9575125549384123,0.14329452982743185,0.028017562286973552,0.07744951074046447,0.19680215738953266,0.27013748728829723,-1.0219447081008706,0.15946200116653525,0.7545276863070343,-0.22741932489248268,-0.40128710127272393,0.36027093806928406,-0.5882675958329702
1946-10-16 00:00:00,-0.13458396545173515,0.4067245847249216,-0.2919736566772546,-0.4245561953945373,0.42843492063377886,-0.06903296506078593,0.27976469830502526,0.07907447746608998,-0.14585807916881222,-0.6590010074775581,0.3139981433936633,0.23226072686085272,-0.10403405269612022,0.029623186998414264
1946-11-15 12:00:00,-0.060383734674835876,-0.08429038568462016,1.0067362171053498,0.27710995717623743,0.49506034382193354,-0.5028379942415622,-0.22356227692356223,0.18484216020977107,-0.1814958669344342,-0.08204330208868135,0.04181908633917583,-0.04732269205143345,0.23028800409779895,0.5517456033680539
1946-12-16 00:00:00,-0.31354682124608996,-0.28984143463425827,-0.22104013330449623,-0.30822887821149175,-0.20016823428113684,-0.08214493589457517,-0.694982158166187,-0.044665951478877086,0.10095466610500209,-0.2607170273572528,0.23397886229366624,-0.08588147452902434,0.1600838355166503,-0.7126000371731346
1947-01-16 00:00:00,-0.7001082327166483,0.14521646290772233,0.2701193230943894,-0.5940909419501872,0.11062108708945706,0.8207961911738001,-0.8285631615924216,0.52932238209959,-0.31341901098580116,-0.5578691356995542,-0.4371704135296901,-0.35717960785550606,-0.10645735001300893,-0.3033515169705183
1947-02-14 12:00:00,0.8064004870487811,0.667632082792343,0.9122234364490924,-0.8530548088819563,-0.1948513714313136,-0.33149629772582045,0.029369417745198634,0.11477434165481204,1.2794080539004873,-0.3609782112078008,-0.0029351893979325805,0.5593195058288477,0.3021978834957213,-0.12032255679647408
1947-03-16 00:00:00,-0.5765496334788619,-0.5040105450925224,0.6354610747033818,-0.1417481647464826,-0.26406395623507756,0.580077478891106,1.1622503340862291,0.23582167707810697,-0.2876084480316988,0.5567430657873836,-0.20444898289685343,-0.6245087137222156,0.4547905313331204,-0.277635260863071
1947-04-15 12:00:00,-0.3853719278750598,-0.30140815614923844,0.3943307937663659,0.11650778109041338,0.07686221980604757,-0.5453057016213894,0.38747562195522167,-0.3756780362539527,-0.23919452293635846,0.44247490141937107,-0.055488417468588624,-0.17425575829838502,-0.13846867273210955,0.19079164786910885
1947-05-16 00:00:00,0.004134976336993501,-0.17796698211025752,-0.05543041978934505,-0.48629400586657595,-0.22939682820848528,0.4401701139206987,-0.2928231432257457,-0.5129962814809167,0.7640166139659876,0.12020155726716247,0.32867067937906524,0.040864486633342995,0.014792374762281837,-0.3206432703610376
1947-06-15 12:00:00,-0.5694044644018882,0.4014332678045213,1.9269206202352211,0.6572853321035999,0.6026032234464617,0.9122845042004663,-0.08257029623608525,1.169656078445851,-0.6389791697467007,0.20342561057476694,-1.2522891757388135,0.08953103200694118,1.5783423764387385,0.7058474079192703
1947-07-16 00:00:00,-1.1580641210562905,-0.040109336606113266,-0.27283841835187467,0.5899891181825769,-0.45493233731091,-0.595788183165819,0.7937404540583762,0.29442971801966134,0.05532363688288083,-0.10810406111199333,0.4975320921012978,0.49543130842246696,-0.7425417241053216,-0.04370287825679031
1947-08-16 00:00:00,-0.039578036288857366,0.923449935004528,-0.6493389105993745,0.16937052748962633,0.8970731785750085,-0.03943066005361995,0.13443847298715195,-0.03300276442275574,-0.09180510152367916,0.2555435881091072,0.028209229053901497,0.027730688230770822,-0.14217476188286904,-0.23019047355278172
1947-09-15 12:00:00,0.30699687393172786,0.34644774791624094,-0.2922121925862368,0.0535350672800432,-0.8332239277538452,-0.3739314462187196,0.05405014913209649,0.42013216473265325,0.020492053574150126,-0.5444274850015043,0.9717839839094401,0.804802048477725,0.7439895151904848,0.7333362592433135
1947-10-16 00:00:00,0.2874510063978259,0.07087177451945803,0.16337829609430654,-0.2692549354599548,0.19196258861017512,-0.5024039988182631,-0.29900220998794924,-0.2445513547534297,1.303161021546302,-0.20995413648645458,-0.7196888850017693,0.25163156963599764,0.001080115348455363,-0.6861473385215432
1947-11-15 12:00:00,-0.4137793672768859,-0.3918582796257154,0.2286913230139706,-0.2646380405937607,-0.08820126703244857,0.08451204632396003,-0.06596328970729537,-0.34568789397133726,-0.2950483949701326,0.685375925658749,0.38701181604203966,-0.003828782532649594,0.039493161306338495,-0.25475466044363787
1947-12-16 00:00:00,0.016623082496169395,-0.5116596179387043,-0.2514958306415093,-0.42099898550967724,-0.42377111693504593,-0.5376302902120631,0.40920876439727516,0.06073274989961397,0.04531245167721404,0.8403998317729025,-0.33835064301949913,-0.28524225299832756,-0.3491935925998437,-0.29607543423670285
1948-01-16 00:00:00,0.14354137064054556,-0.03277577147233657,0.19477027159734456,-0.3127781581249603,-0.2850183884799751,-0.39499906202310275,-0.39088465605549505,-0.2427910341061601,-0.012546583703339276,0.3954830306928421,0.5600750617156087,-0.1892681230128789,0.21291947349517587,-0.007508115191771081
1948-02-15 00:00:00,0.3146906186112119,-0.3660546876439499,0.10679825504184072,0.05111975612632391,-0.03632515865125796,0.5258792521122523,0.5232223929505765,-0.7328378623732411,-0.2067939674830765,0.8287106848927599,-0.029499778856051373,0.07552777907952093,0.15298900142124874,-0.08631170171474134
1948-03-16 00:00:00,-0.30037778297720774,-0.3565040553507648,0.2949371127516824,-0.5321486161100241,-0.5150547174143512,-0.23675106598958984,-0.22534043320901098,0.18572395804006148,-0.29876135390166914,0.21698403359411522,-0.06966587760704052,0.2727422083464126,0.34733258012270773,0.12338750140718235
1948-04-15 12:00:00,-0.5173190749550545,-0.5486423672741064,0.0683139091496016,-0.13979890683050306,0.38046661973812135,0.5992231615740437,-0.9423892913986065,0.2281344844931752,0.2755908071218472,-0.24439983429785575,-0.528741451924615,0.3897410867932536,-0.19087386021791108,-0.07503307632699274
1948-05-16 00:00:00,-0.1291093995574557,-0.2506806326231802,-0.05853208330946402,-0.5062461717039215,0.37714109919207905,-0.14720150655152708,0.46241112716389676,-0.03031680606454601,-0.64108064385661,-0.12206192015362113,0.234743741966715,-0.1706757358635562,0.20368969796030448,-0.010542358750457503
1948-06-15 12:00:00,0.27516138529303463,1.4175654750446718,-1.8119488137571091,0.5928292720420856,0.7746941112209137,-0.04736219871128766,-0.13182203332129305,-0.18523451055779006,0.20310767300029148,2.5792531914384114,-0.30618974945135036,-1.0094498869351245,0.3633779111043665,0.03812727841240171
1948-07-16 00:00:00,0.329185382666844,-0.5571747498922279,-0.46403185346319803,-0.5748463053058737,-0.12386330758012654,-0.10682497198001151,0.19184417557312516,-0.13369865151440086,-1.0065285393850567,-0.19184371323761837,-0.40929107048804214,0.11008252930232112,0.20765943262499093,0.674768284974427
1948-08-16 00:00:00,0.24315276373785127,0.2542696384056385,0.523499315550707,-0.2673707994358162,-0.7524945650243888,0.5350568362952338,-0.0786679130110669,-0.02152395210962532,-0.21686875749375234,0.158935070482513,0.4171212197466386,0.29532387059215726,0.2745852098878776,-0.1746224953835397
1948-09-15 12:00:00,1.6215301830518472,-0.29465108033822046,-0.4058829291987269,0.5068501305882593,-1.6279632425233985,-0.11699596977038407,0.6744022970554501,0.20262984644538573,0.22812082602343803,-0.3109022522883287,-0.27315161940971444,-0.3278566629569528,0.6843352820849801,0.12692378358363476
1948-10-16 00:00:00,0.5048457859387432,-0.07200884574353927,0.05233924686931517,0.0987691862556126,0.09662069973419318,-0.36832451730292043,-0.24922445451584369,-0.508080942760105,-0.42265021988004803,0.0667113944049406,-0.4035399657257098,-0.6096727013927759,-0.0351627709603251,-0.25123842901408155
1948-11-15 12:00:00,-0.06134858355028122,-0.11732302970839442,0.1745240144773484,-0.21375390774011344,-0.8148222859223413,-0.41715754497672897,-0.27205786982577995,-0.38508938824718564,-0.35444141952451863,0.1597827147978941,0.026214495540982485,0.3883222597743765,0.021717942637162764,0.03378264849615331
1948-12-16 00:00:00,0.4328464133264655,-0.40309718714677534,-0.5564672996903977,0.2720088012370806,-0.2422256881530187,-0.2049995271129067,-0.03396349631372897,-0.4616321186280107,-0.43160062805582305,0.2123728405892691,-0.11999806607576768,-0.22926082074351245,-0.1567801973919958,-0.5644951473077333
1949-01-16 00:00:00,-0.8805811997328559,0.49834611453002947,0.5092067333814387,0.30049138532289543,0.057041285662026486,0.3308128263788074,-0.15134056858260891,0.07955711228272344,-0.6564138375295836,0.05504046859606111,-0.5905290869777128,0.5407216986575005,1.0216611564855151,0.01358548446261143
1949-02-14 12:00:00,-0.24256148800375443,0.512273451511889,0.385917334498626,-0.2421540390911238,-0.22494445034572952,0.8746501792784128,0.19850062712183303,-0.45453436602441477,-0.392398937484663,-0.24436820513228177,0.5880844341237896,-0.39159231674957307,0.44116635623150535,0.031020097034301863
1949-03-16 00:00:00,-0.44262833455062756,-0.41523228450729704,0.1669480860882097,-0.24651914297190566,-0.2703834834159048,-0.16464593904030722,-0.5848863954395928,-0.04400739133919318,-0.482842797648813,0.10651527091565544,0.09306125832843884,0.04822310792204912,0.16116757412450866,-0.5337074167693292
1949-04-15 12:00:00,-0.8219146601337928,1.105881827107423,0.10942217223098609,0.6483623409923476,0.054685448224448985,0.08891288583572565,0.6768659112110352,0.42683342447888273,0.21571373531734533,-0.11975161511455631,0.5432176867503127,0.45999143233869644,0.1465977628659522,-0.1203338437103032
1949-05-16 00:00:00,-0.5034144411281324,0.1507655998018616,0.2137235183958225,0.18179716343535124,-0.49710261523435556,-0.1716391554948039,-0.6474558929196239,-0.2767440203046577,-0.09993986056049409,-0.08007634818744425,0.08608721848602455,-0.3487615859093216,-0.2099598694290375,0.09008737575221326
1949-06-15 12:00:00,-0.6820797898851074,-0.2694627311848777,-0.11452952067387667,-0.6071759072901691,-0.46701107292754995,-0.31314094654499824,0.5188259490425621,0.7610821388121296,1.0479410271088248,-0.007700578677192843,-0.020887918529488014,-0.00940133094663681,-0.1940847341378871,-0.11324434470053724
1949-07-16 00:00:00,0.010876211984104767,-0.040661878086604486,-0.26867252660959523,-0.3067211760176086,-0.19379344103703966,-0.4775246642765652,-0.1730977806091567,-0.47746261359517717,0.04528881331715445,0.1834808132842105,-0.06929187968013134,-0.06466495681344298,-0.1703757544718726,-0.6962830089059968
1949-08-16 00:00:00,0.6739934128024068,-0.3204493284250333,0.6154065660867026,-0.7642518387401067,0.7820185117813158,0.09648996008689137,-0.20176148134195682,-0.0640160377188228,-1.1614735375502208,0.06888844756680598,-0.36040744453993023,1.0905396970164642,-0.29876186019680273,1.3220410213501188
1949-09-15 12:00:00,-0.8891171247592309,0.02325817130187635,0.6943730500248037,-1.0436669910441412,-0.08846492331097577,0.9807254684993943,0.36955237241064987,0.07142322187172756,0.5430099543269182,0.39701269968604735,-0.18823795568802915,0.01178248139757257,0.09877396951110035,-0.292212792096718
1949-10-16 00:00:00,0.0016222087936575424,0.13052199212935872,0.6964367632481553,0.6704235612266058,0.2573506127901447,1.4778220896587735,0.514797258818659,-0.009898023923476718,-0.7656229968729243,0.32438234798637655,0.11599789216256684,0.36952351357382995,1.0147241481487654,-0.7881282064202532
1949-11-15 12:00:00,-0.16838056940175383,0.33674500246775246,0.27402890531796703,0.7869878156058383,0.4709747945567181,0.11235130667846438,0.017806010922265636,0.42602541451732057,-0.39089939676223934,-0.06515797120959665,-0.4039655190972121,0.25102537560657723,0.45751681915080633,0.02413849961269543
1949-12-16 00:00:00,-0.8485166233202708,-0.5021392359522233,-0.23181182183801347,1.741346134475463,0.8845894349631848,0.216026653779693,-0.056358709451388656,0.371667127633712,0.6251132929940126,-0.014597720258568925,0.31425801061512165,0.21004524319300485,0.4856026798938538,0.7818465447164664
1950-01-16 00:00:00,-0.6380738677069395,-0.19576217276099608,-0.0350969703269067,0.34177108505995213,0.024209778738830456,-0.7371683312995368,0.550093954199203,-0.8897826740880003,-0.24569533763431387,-0.42682231029957907,0.24759842461862155,0.3027442277193275,-0.00677777125315587,0.3985692685942883
1950-02-14 12:00:00,-0.27842761054910803,-0.31283571697987766,0.1548516074358357,0.8049094536539707,0.603282432770078,0.34090025464877616,-0.8165384585594834,0.7695803711617517,0.17732780034186174,0.1753117609900871,0.034829575377746086,-0.480472038145744,0.4451458922192174,-0.33962055771230926
1950-03-16 00:00:00,0.852906789618151,0.6681953860598693,-0.1849165428364002,0.3862792768981803,-0.812911381174638,0.08233923165485724,0.16073333382456334,1.440324312878722,1.2647151732151436,-1.063285307733834,1.0732403755934707,0.7671223976973087,0.09705331615043676,-0.20138198696830223
1950-04-15 12:00:00,-0.7921272429515762,-0.13108086079341352,-0.1668090822277511,0.5407061356438401,-0.2851874922804143,-0.7614728174518184,-0.3148918258759976,-0.7193416260130879,0.011516182075455239,-0.0918726616865781,0.1017651507192078,0.3523849339598385,-0.25570971319812186,-0.05763517713905364
1950-05-16 00:00:00,0.3759077181620996,-0.07407928704726391,0.3598014991489743,-0.3052516744527668,-0.9264028198478994,-0.5063384018856265,-0.24822748554836377,0.05951170545291329,0.11182388084968148,-0.009371254998583517,0.09506931063725169,-0.08359489134445502,0.38001930925409666,-0.19926034937235398
1950-06-15 12:00:00,-0.03164154273654218,-0.02950735412145089,-0.022391516491460005,-0.9358572035699788,-0.32140325258630525,0.3049967503018588,-0.572136699485896,-0.04494180703573236,-0.20163852815457528,0.05733233295088254,-0.7872493692282158,1.2560683098611578,0.06211243833614052,-0.10318423075689298
1950-07-16 00:00:00,0.14063220866527204,-0.28817411050151115,-0.0972082112564491,0.19723390125299933,-0.10898217900691998,-0.10276003426700164,-0.6905902727336578,0.0661797102254379,-0.32634100966676205,0.129468112346062,0.574900951119895,0.2459147280008601,0.0036997253238711357,-0.2418190736381184
1950-08-16 00:00:00,0.11873801525022748,1.0972704876398196,-0.8588706061914017,-0.3514947702567234,-0.7237291105298485,0.1773601133097953,-0.3723707172250862,0.4762166101358152,0.9494817141793401,-0.24952448774069771,0.12813982540534236,-0.16231834224756075,0.046068869745867276,0.2721335664659772
1950-09-15 12:00:00,-0.028926051347509474,0.8181787686120032,0.28717362286760956,0.7065659962815407,-0.22576566551358446,1.2956295405328087,1.2823707703839942,0.1435469102650787,-0.4305390370229626,-0.3524677781481541,0.4098494733909644,0.3606719287757024,0.45468920068595736,-1.0467909122520627
1950-10-16 00:00:00,-0.37140483541846475,0.04062921411389725,-0.19262661758321548,-0.21954624983495058,-0.03188930136572787,-0.08320554168911698,0.12522759077170076,-0.22520396210885718,-0.0725307277107557,-0.06371642798607555,0.20558476825347144,0.17644949240563854,0.11546821656036653,-0.4524985003487594
1950-11-15 12:00:00,0.38106919320378446,-0.6272671029109085,0.634222608846105,0.6128063630365053,-0.01574974880513147,-0.1736913468441481,-0.03078109156254516,-0.019244128907580982,0.5494246568943757,0.21828529393853607,0.40390734253983085,-0.09718236686654591,0.008539815488655284,0.47421393553269753
1950-12-16 00:00:00,0.0823963843913168,-0.10361301809353612,0.13613404060971657,-0.3928264880653838,-0.14018362121619543,0.21936326393374317,0.4962018389011075,-1.1605512239089875,-0.5952565795227097,0.0079388356194761,0.17914525466409484,0.16851120308677972,0.35884488474665904,-0.07930385778263338
1951-01-16 00:00:00,0.15534075756682436,-0.2714373155617775,0.1531599425083135,-1.0820456307498685,-0.29838201098977285,0.3001259319244879,-0.1121329497409771,0.3757030864101003,0.5447512075017091,-0.14637759726856717,-0.4950555869188179,-0.03787175144233231,-0.8152090247739531,0.3990909636084361
1951-02-14 12:00:00,0.5546907258133706,-0.21780878079850774,1.20515000448449,0.10797198040244727,0.07626606471905106,0.22750464364484113,0.036666335817915896,-0.5285516269630959,0.32105483766803916,0.2578720456969118,0.18179175700539663,-0.6714227189470287,-0.5914524278501913,-0.03349140530849548
1951-03-16 00:00:00,-0.33161957567607137,0.1177365294629435,0.1405396256223404,-0.5093137017286034,0.42142227323077674,-0.2347754034854942,0.19202241555712773,-0.26834566505067103,0.27988360343596846,-0.6320494677062819,0.1618293855220876,-0.12233932738187117,-0.34585017490690456,-0.07874367632853041
1951-04-15 12:00:00,0.09656146649191943,0.19831416002309638,0.0792351757855788,-0.6179416519590211,-0.1635258725644273,0.29870099888506385,0.38371878357231914,0.15773200756795114,-0.2514533002692002,-0.04627002688496423,-0.06622549434801234,-0.8459316255982627,-0.6757725087827682,0.9671052509725973
1951-05-16 00:00:00,0.5568501807938242,0.25840466953634794,0.044117044600701275,-0.028099219226367267,0.05766732444610245,-0.4366672535006751,0.2507316721141688,-0.14022068148053124,-0.3103404366343916,-0.14563444423176733,-0.2668619242474881,-0.5615333081734132,0.32630336361349194,0.5263825361101384
1951-06-15 12:00:00,1.0455131438048775,-1.9347130679667088,-0.26493881116787044,1.035577672311161,0.5753662372404019,0.6097357792009265,-0.22131486190555666,-0.11797703834388817,0.14940958244807118,0.7921105175794992,0.5726225223017419,-0.058714810775765194,-0.019931059208335183,-0.4106821101304958
1951-07-16 00:00:00,-0.19401793847714008,0.30705747361020147,0.08506554180758909,-0.7185408974050047,0.8700999519252678,0.4577089821110011,0.118164615188327,-0.4061357239070044,0.6992091761265911,0.028373294923579706,0.1679407867602633,-0.286798402586783,0.2842390301892564,0.060597645032907654
1951-08-16 00:00:00,-0.29394138819425847,0.08135491560433256,-0.0022705326907105916,-0.658565158342253,-0.46223353247674875,0.16972118160086636,-0.1321898340350749,0.7686706663258593,0.32388298835612844,0.032567846743331796,0.037185978096107186,-0.4408927353170483,-0.4903483372103611,0.1083998623313116
1951-09-15 12:00:00,-1.092160788545894,1.3089611479468557,-0.8762642673089551,1.1967091360822433,0.38887130828768324,-0.46142305521347315,0.36054395033813125,-0.13328886574850263,-0.2663997852468154,0.2713657586166538,-0.09732154571917923,0.22838576283904385,0.06930846256513785,0.46682029146070314
1951-10-16 00:00:00,0.35498141382534293,0.5637479239470151,0.7263008349963556,-0.5517433877073837,0.18530978304586077,0.11328342348172682,0.4207144153611223,-0.266826522853848,0.6392467884428594,-0.07892280906018273,0.2905190512381522,0.03598082950135689,-0.2543218348426417,0.09683845518778755
1951-11-15 12:00:00,0.07298811605837574,-0.08668816076550373,-0.7038850266609397,-1.0068790794813232,0.5543078205202822,-0.45271111475062287,0.7564203700895425,0.36460370145467147,0.9443985548496729,-0.6388144115031442,-0.7193656228972395,0.7984422948291119,0.4208874342072519,0.8724400880060985
1951-12-16 00:00:00,0.1861137573716763,0.028866511180298038,0.4742489812227525,-0.2440583371089754,-0.36074463896486175,-0.6909835073141737,0.12041137288662629,-0.5360819044600283,0.1566277525665229,-0.06776087595514191,0.10331024497012098,0.17533280620669564,-0.12080662440596722,-0.08403335793598499
1952-01-16 00:00:00,0.46759481045635215,-1.0745636437254165,-0.3610566669460167,0.4522672769538957,-0.04391174293061506,0.5267723503964258,-1.2288229657313243,0.2710572413379999,0.7739925244789339,0.14589196833284251,0.6545502545537478,-0.536832775793465,-0.19472309933899273,0.08256208941938614
1952-02-15 00:00:00,-0.5339618292248567,-0.6063174644510791,0.18968895326377888,0.053563299445731016,-0.5633992624554135,-0.13466005334395192,-0.41666407363487684,0.13564431910760555,0.0098673358020267,0.2364968321406195,0.373187898413024,-0.36319044417803326,0.051500898869491156,-0.12523338349142443
1952-03-16 00:00:00,0.1626551255297483,-0.35790380310712405,0.7588749495387642,0.19981047326740098,0.47609738377224187,1.4122651105635105,-0.3361141807418766,-0.5412082632665625,0.38278005233191387,0.6507808126724027,0.9713555040846811,-0.24895232206386253,-0.28702775373075423,0.21353075724986947
1952-04-15 12:00:00,-0.015505182409485452,0.738261064340731,0.139790600610252,0.19274262629318917,0.1804211079359025,-0.403987413957507,-0.2123958750134347,-0.7211643333226585,-0.07012582039038445,0.5794681594222589,-0.16860199917016627,-0.14361105013376366,0.053033720443169646,-0.13310178981857979
1952-05-16 00:00:00,-0.20039463242706218,1.1945271915413604,-0.3515371149597344,0.3732494557523093,-0.18585456581682325,0.9238681394620559,0.17135446536808963,-0.28045454545525283,0.16601231737401784,1.5996601593500588,-0.014640383990392747,0.3540309991148397,0.5506007179017421,0.638647732843528
1952-06-15 12:00:00,-0.2698459764406002,-0.4955551161375575,-0.3477487603581406,-0.792509236617386,0.05279518653498827,-0.05539182596775172,0.06230634313888772,-0.1813950610952163,-0.7746111249264664,-0.28996579630995833,-0.5267541384768358,0.759019664119995,-0.24910846001562104,0.6884085578960049
1952-07-16 00:00:00,0.2910350024811708,0.3568730410677649,0.07665511776590216,-0.9447388354953222,-0.16525550426939462,-0.2993967951319774,-0.0001607817901758679,0.918475161311795,0.816546414962418,0.17774959215740485,-0.4856258748092078,0.8005540775044545,0.2639496269621692,0.43891398583133157
1952-08-16 00:00:00,-0.16055120779609924,0.21115805912659186,0.3538449200078285,-0.2509621725095774,-0.6708784945465003,0.2822367519029657,-0.25489835086813867,0.1904412047406181,-0.2995052960292598,0.08192207284009784,0.11012059350169598,0.019395335999014413,0.4619248888228171,-0.04278282395287836
1952-09-15 12:00:00,0.48393884965727024,0.734404695183611,-0.5797732681413081,-0.6865657400497372,-0.7918071628704048,0.11841429211069232,-0.19115014795768465,0.18782058231748044,0.9745789880937892,0.17827672129145392,-0.04633367131148747,0.43424066837438924,0.04358515825220501,0.39410996437496704
1952-10-16 00:00:00,0.6697229198323578,-0.5631517191537059,-0.35458735076807735,0.702862353856073,0.3579855791829859,0.34709569373265625,-0.4303827905793455,0.7475341957097277,-0.021152130316980544,-0.3297837870631595,0.41187190615732183,-0.6232244158798719,0.11721319117222766,-0.4377586084616132
1952-11-15 12:00:00,-0.15491020205638592,0.4402780548635263,-0.6944890671348437,0.7378204181964834,0.8151014092630801,-0.6745447601019857,0.16997716918265715,0.04728992735137738,0.009919844742970918,0.6513331377365504,-0.08416970014438713,-0.4205116525414606,-0.21847148072700384,0.31213913982525066
1952-12-16 00:00:00,0.8660197010533053,-0.37834746390478696,-0.17220429018302655,-0.0007478603174546627,-0.6672144436252765,-0.3086112141563256,0.136808820322756,-0.24453248220891177,0.31652427000544253,-0.39932343997342545,0.19302123625971224,-0.07127549787787411,0.3346988905937701,0.12293396168893445
1953-01-16 00:00:00,0.7343495441388528,-0.3105400210783776,-0.08162263070523414,0.09727349779101824,0.869441081037592,0.07248501698348198,-1.101172974375062,0.524911599582379,0.4751248332158587,0.17105468744889168,0.11595212970355595,1.059024730626401,-0.48002081534812285,-0.21875513925114826
1953-02-14 12:00:00,0.84085755773409,0.25322538552311563,-0.7513669781179785,0.41904548479891135,0.6526763572251008,0.49579607224594857,0.4436359423098445,-0.7843735701896638,-0.10194339882596354,0.3811411009267407,-0.03056291309862824,-0.5495285361353879,0.7127268034911582,0.11172617233187332
1953-03-16 00:00:00,0.2574682758481411,0.8608782655541254,0.7451221284316086,-0.2537958598042489,0.5824746500338357,-0.1597912507550302,0.1968666733767882,0.17423839490864146,0.22766804460397744,-0.24320505289206232,-0.2044601084067385,0.1614355229577712,0.3731089441530556,-1.0596364525130486
1953-04-15 12:00:00,-0.307401255502621,0.3047224157298524,-0.18514999483916433,0.343739725672751,-0.8220804230900607,-0.33916730248631394,-0.10211225092670961,-0.08664138024162715,0.8955425774840855,-0.653392317917883,0.05378671973518173,0.043773728708249554,-0.4055340848739005,0.5536984497404542
1953-05-16 00:00:00,0.20379969329047215,-0.9855315830089382,-0.15695921613591576,-0.31983535164722476,1.0794273386194937,0.04647936812661824,-0.07668359830441995,0.3585454408825044,0.4282009779995766,0.009055231783428375,-0.4378978737128625,0.36703647491826774,0.5906887326986178,0.038902380202406106
1953-06-15 12:00:00,-0.16769953123119655,-0.3921735349225194,0.16591573660683684,0.020789055281899338,-0.05075403108562315,-0.3459394879292864,-0.6136662624791078,-0.18932311570097282,-0.13456494497820526,0.002068246313865721,0.05294233361461445,-0.08594252771180198,0.4205713389287837,-0.8097565334551657
1953-07-16 00:00:00,-0.019973522165586677,0.19249764562726351,-0.08609414400232254,-0.37715772225064237,0.1581929695387424,-0.3347939163787876,-0.14054095896020946,-0.20425667025109073,0.23477758680711097,-0.26600727171739447,-0.5178999563950362,-0.029383971903052634,0.25654680750507264,-0.5392809969662389
1953-08-16 00:00:00,-0.733502348078491,-0.47179075325105535,-0.1762156680047735,-0.970353997209118,0.5088333349297015,-0.377221971488566,0.49647142511952824,0.11193019170063945,0.333203239218774,-0.7551669430218042,-0.23626709470437546,-0.1786050421483606,0.1283670165209709,0.335310342807116
1953-09-15 12:00:00,0.06707665996372392,0.17344050800709548,0.5146174161606032,0.056989403160796925,-0.12040709388050053,0.5916189008142813,-0.0869248922771616,-0.5449482970134987,0.3053213381690764,0.5833637181045543,0.4330520804068913,0.02737045112968188,0.5344212010677329,-0.4376855295045644
1953-10-16 00:00:00,0.7963163320422271,0.6610019691500784,-0.1951854539138917,-0.21250521756902457,-0.023334201040458136,1.136109253401207,0.9817440674064891,-0.7178397593953704,0.003171356204323905,0.4269939260126143,0.33803903997035983,-1.1859548806104128,-0.08686087435964109,0.6236409384479011
1953-11-15 12:00:00,-0.06910648167155786,-0.5854044416496262,0.20195553752458822,0.05639847061305803,0.16153319224413376,0.04843917877838533,-0.5466449227240197,-0.02574149090017963,-0.15223100045997023,0.04595491235768684,0.3801292343897096,0.4411354583531648,0.04483085915917082,-0.4298780983792665
1953-12-16 00:00:00,0.43650801051835425,0.5017686377723283,-0.8975686508335231,0.3860977836909607,1.164685671201629,-0.3849092066961662,0.18152286909042448,-0.5358925300132246,0.43419211139698893,0.43190311980068885,-0.6083952169738387,-0.17178981208896096,0.26265489327405156,0.08681655254229326
1954-01-16 00:00:00,-0.11894129583086047,0.0871040668039747,0.4923390476008703,-0.12876967817993384,-0.49327240863825006,0.781097282874409,0.30030202739269785,-1.1121194249358557,0.48932763945966723,-0.20265793681218033,0.6583351508856367,0.203687534573836,0.08073293538812008,-0.09686254297237529
1954-02-14 12:00:00,-0.38600471067609776,0.5124435971185115,0.12953522356494956,-0.4396175767682589,0.20756520275955415,-0.14808917763125495,-0.0784127964782606,0.061545905070881424,-0.23315952152935787,0.41834812503917485,0.05207242483059271,-0.3053186531236095,-0.2497052606712284,-0.2715054217652536
1954-03-16 00:00:00,0.9604550343364338,0.26097288660941514,-0.14171694271746224,0.19748537546493028,-1.1327069095799303,-0.47445432615098143,-0.023077235815155528,-0.0549074849165998,0.19691340684923825,-0.3077649454924598,-0.2393026494636334,-0.5961109391322543,-0.17335627920893185,-0.018276599918495062
1954-04-15 12:00:00,-0.07702892112254067,0.15736368775714565,-0.09437595799105289,-0.673899930133767,0.5985483038813851,-0.19903402359720135,0.37771483787213544,-0.3781673374441922,-0.09599707241391287,-0.7214043708439918,0.3299516857448376,0.43003850362349505,0.1302425540322975,-0.5492054998814376
1954-05-16 00:00:00,0.6217013096365778,-1.453670805618269,-0.20513583507239747,0.9329124210367647,0.3471610583512682,0.5537666197483359,-0.1463807335686611,-0.2070488403000733,0.40214899801994836,0.48983855113567787,0.1441759247070798,-0.1578611782107091,0.37473852035160055,-0.6138532392836038
1954-06-15 12:00:00,-0.3024207627299338,-0.37677339581859653,-0.2006273066864659,-0.48605667151449106,-0.45616085953302293,-0.2553410751480695,0.4582650089676882,-0.2589181729572144,0.9336572039450488,-0.04174245647310809,-0.29755438672785817,0.5381296867756754,-0.24477768014966553,-0.2589052176743208
1954-07-16 00:00:00,0.05200826338896142,-0.028690406573490868,-0.45585170417550674,-1.9085836526422362,1.1829379340814374,0.005610981969258022,-0.10275920280260609,0.02043108945397487,1.9545320133366568,-1.4083025324982896,-1.323500198855673,1.0569368396594931,0.05639995136904696,-0.1482884537692869
1954-08-16 00:00:00,-0.34738151025767544,0.1898503672702982,0.2456734320071169,-0.19037915076578593,0.05733096483393374,0.25776065838838325,-0.28925342633181367,0.03229019968925173,-0.7599203607933475,0.784136117346806,-0.40638352181468085,0.5789018517461672,-0.7364984067547534,0.5041138928090849
1954-09-15 12:00:00,0.6607597538434375,-0.5178382244093916,-0.31368292295679284,-0.08223136997484382,0.37602692646080615,-0.23405480370581266,0.5059866322782561,0.1868804047023065,-0.44156797536398723,-0.7028071267817909,-0.12696390148321302,-0.6966504273767196,0.09273779479214822,0.2732601078490563
1954-10-16 00:00:00,1.0165955348770794,0.18675836998164047,0.407577971383005,0.5464761284781436,-0.3809272635046271,0.4258893872099122,0.7355065977312837,-0.7154394279996095,-0.14016173883233513,-0.07094028792569668,0.13493629778546734,-0.3773077028792734,-0.23555160587280286,-0.43371066469350344
1954-11-15 12:00:00,-0.302290394328365,0.21181742480854077,0.33552712934528806,-0.09944186168226965,-0.5290138361627863,-0.48713419538472214,-0.7520301572099001,-0.17610331297543158,-0.08576973908315266,-0.16222948081876234,-0.03258659831422023,-0.37579349523737315,0.09894277997925913,0.010607247328533576
1954-12-16 00:00:00,-0.22166176120208483,-0.30139137145972944,0.12583938296078184,-0.08072327659150036,-0.7706465607235127,-0.4663296908767922,0.13972819828766536,0.01893330957401207,-0.11019293763261617,0.12959927842853153,0.017896267066628474,-0.14342214134673453,-0.042291879233888566,-0.13560963462647702
1955-01-16 00:00:00,0.29208614473163313,0.08561887139054825,-0.3852860052833413,0.3405298009862595,0.045318212399409474,0.5845193757745072,-0.13448550776206936,0.11303644424825177,-0.4467907340393547,0.13559382015129398,-0.75192878015631,-0.49700166502155896,0.201374333210233,-0.3669404325731115
1955-02-14 12:00:00,0.2035701765913392,0.4516182468956183,-0.528766799712874,-0.9921018257569526,1.677894492551577,0.3458245052458814,1.0221555453677582,-0.16201159225999706,0.7302773553818847,-0.9860078201755649,0.3917217830360948,0.7575810066291776,0.919825618096774,-0.26490040769709366
1955-03-16 00:00:00,-0.10703530509596373,0.12357050177452239,-0.6240529573138415,0.6067909778850877,-0.2215015365307611,-0.33848925284808173,0.0735373168896124,0.455688094393085,-0.26449301223535154,0.189834304471035,0.20570243029422605,0.5407940130115919,-0.19373039754587587,-0.13319570939088266
1955-04-15 12:00:00,0.3311062572840096,0.02275442137388617,-0.023776029184467216,-0.1165684720195857,-0.22915791002867925,0.04669086070134887,-0.1683261510941284,-0.19550613881232515,-0.7974319478599895,0.15741019297178574,-0.8241399399954384,-0.0709026555971413,-0.18138406342289057,-0.13901410609465736
1955-05-16 00:00:00,0.2257049387388485,-0.06936078745947022,-0.6288381738639476,0.01733949241378613,0.29828433691892176,0.0409816999841095,-0.08475419431447084,-0.5796384892810456,0.08369902896179032,0.2291082193946855,-0.03228961606397174,0.2410191283949034,0.05589358027008354,-0.4652264913699521
1955-06-15 12:00:00,0.8821410056402366,0.6723109251879629,2.122890764890611,0.6895931375843818,0.9526592129374089,-0.5002865228623585,0.08236610486287388,-0.6113093100363538,0.017589208605182594,-0.10483936275616068,-0.6900566063698511,0.15300525647618457,-0.3639411633474968,-0.11881890270827711
1955-07-16 00:00:00,-0.1422437832701128,-0.2721910829384891,-0.3334910532740296,-0.7590484300843371,0.36339720740301396,-0.03640812868296406,0.12216965260961354,-0.6150056283090757,0.439507493762937,-0.4616832054635458,0.11581097914841834,0.051954985358663,0.17409478846319779,-0.320942136277487
1955-08-16 00:00:00,-0.23754493151637557,-0.43996750891793207,-0.18417403306918223,-0.26211820290577076,-0.5677208617381553,-0.2440999798357968,0.09865412629777637,-0.015192501602111608,-0.35898160906065363,0.5533751296701871,-0.4182408861661838,-0.11934704379487684,-0.2044139995103292,0.04684224525523395
1955-09-15 12:00:00,-0.5806495540270746,-0.31529807315394004,0.422978844293589,-0.057886337737812044,-0.0634955195739797,0.17007020852200083,0.09561340936452778,-0.014845549200398045,-0.19423881297779194,0.7392348781929182,-0.1236833499446453,-0.3076105663720485,0.8413925839588731,-0.1640289869334795
1955-10-16 00:00:00,-0.22932462884699517,-0.7414440524847196,0.1448301078620906,0.1463751150905569,0.2610656311310061,0.6702103807737821,-0.7499537768056652,0.12102182653039728,-0.013630903575144515,0.07546871865831528,0.19655193631883106,0.17310698005282496,0.5599421014168428,-0.7744315888703309
1955-11-15 12:00:00,0.19994719026979185,-0.7239304370857038,-0.1971247792141536,-0.1707150730074567,0.7509562202396621,0.17557848204861537,-0.31424765564444596,-0.8518410536576676,-0.04885747405454283,-0.5310948529693106,0.9675568706439707,-0.25355710123961006,0.44328683251759954,0.6826096777164381
1955-12-16 00:00:00,-0.022234302061541367,-0.8271170345825208,0.1196050118853157,0.46058559637591623,-0.018332406333420814,-0.2534552995824799,0.15485957516880489,0.28637739934114226,-0.21928867945691866,0.23763266689641455,0.14596134223106527,-0.3308853523538732,0.04062099370807872,-0.7127243133342176
1956-01-16 00:00:00,-0.12323238852686419,-0.5179125397719753,0.11843020654152507,-0.4347075136683588,0.12009043991619528,-0.01441062114043734,0.38490392056379086,0.31133825834203654,-0.3078232167214566,-0.15176832835620843,-0.6160002698460453,-0.12923518853112115,0.5000096440206495,-0.39742537602278805
1956-02-15 00:00:00,0.10967549151644523,0.4337519982781001,1.1159353144608681,0.7682997402450984,-0.1036775886946687,-0.7430219864216623,0.2842509196057902,-0.6705043392367662,0.1368048511476097,-0.25212668352499645,-0.04301527339891309,0.1820990798309435,-0.6484782257337517,0.09368056926049961
1956-03-16 00:00:00,0.022276550859004707,0.05410532491156944,0.32550387563358113,0.37553050276334565,0.3870466401803442,-0.380300625406676,-0.4742258105353598,0.3395056852894043,-0.2601648317246782,0.07576949745735226,0.025331402923729873,-0.14865128220850599,0.5641182655931534,-0.6897456967894544
1956-04-15 12:00:00,-1.1391349214748783,-0.1304014321288126,-0.20450982719787264,-0.8306132019239211,0.34631001349373436,0.20385334454732418,0.5446094766187234,0.5935550246034398,0.5419540959305404,0.0963666622020066,-0.17383851200613337,-0.03563331162814478,-0.5355196803328391,-0.10765433903896471
1956-05-16 00:00:00,1.0112891041405228,0.0667501887994541,-0.23344175643470816,-0.3153361408145667,0.20572935446114837,0.576895944547189,0.5292723568784189,0.8731636032221515,-0.9624348760574843,0.02938097296769597,-0.4300032088044077,0.7509987263228105,-0.7582576511267951,0.19331648411499158
1956-06-15 12:00:00,-0.16230820279810326,-0.21751606176669452,-0.4004927852143069,-0.7157843603643381,-0.026605012529882233,0.12836381629373395,-0.06381260388927135,-0.25186713153278006,1.5097749925262125,-0.8016461269229116,-0.32731142300001403,0.3269389522044356,-0.2916629913530407,-0.5666960281616351
1956-07-16 00:00:00,-0.2673963256419281,-0.12028002241317054,0.41574267369643014,-0.10663586725243007,-0.39209869728651586,0.034961888378458594,-0.5559837996575974,0.2041543856180006,0.027337559712491466,-0.31907924449061265,0.20929588063134943,-0.5986656963695781,-0.32290009642212775,0.09693621086857951
1956-08-16 00:00:00,0.5085533214109237,0.02933146454983565,-0.23186098476824846,0.1996125230909258,-0.22301672979868303,0.3364888009243844,0.3392779401446816,1.2347909081579402,-0.22422226987019855,0.16198633055057465,1.126756662293624,0.12613714162054984,0.4171731872826494,-0.554933290498538
1956-09-15 12:00:00,-0.5447034894252942,0.030701249949676046,-0.6136594880064061,1.3638148740488374,0.19637190183870845,-0.4266813642676498,0.18396715445340317,0.17759548272597914,-0.34705165070262456,-0.8923396433556863,0.8325233826633225,0.3744107269821666,-0.5948648020226845,-0.31251927268538815
1956-10-16 00:00:00,-0.36736007389614805,-0.16608953319827785,0.16023467453253726,0.031217395249587332,-0.5837924949607325,-0.3727179870508912,0.15010167804380203,-0.6525869045771377,-0.2850115428217148,0.21831695959992956,0.09907733737322863,-0.026264720947908077,-0.2046072393693572,-0.38155473627853126
1956-11-15 12:00:00,-0.03365924531950276,0.3573243744107932,0.01474396360493807,0.2810558125773863,-0.2943801860986493,-0.04009959924707185,-0.1262661724781141,-0.32602180368843575,-0.0710538998943212,-0.09697523756413556,-0.4716955471735217,-0.6174001374841989,-0.12171989262532758,-0.23451644391412552
1956-12-16 00:00:00,-0.9853079474391624,-0.06185973586397203,-0.11938331961977341,-0.5977388264918894,0.11543617328525113,-0.28878664071234855,0.07875311174491917,-0.021494721112135795,1.0332061723432215,0.18902014837455577,-0.40696121787433026,-0.028939047510865144,-0.42118453961683194,-0.12009717265618636
1957-01-16 00:00:00,1.141232394231716,-0.07824980146152088,-0.5525661695432752,-0.1420795048678375,0.39430637455678175,0.13860196939323588,0.833394682685204,0.36531086147173975,-0.45242481441578897,-0.9805642183383192,-0.44521360469746596,-0.7244832966341124,-0.03865004895216296,0.1469372910225537
1957-02-14 12:00:00,0.5428520544074424,-0.9451183324166734,0.12891941798793533,0.5164954669892695,0.3065855844437829,0.4522048989609283,-0.4662009754964357,-0.23892647006203738,-0.24296862800300237,0.6603774178968361,0.5013901049633483,0.20305404051205764,-0.31577773792960684,-0.44790194540914646
1957-03-16 00:00:00,0.052818236768817084,0.0599864104715917,-0.671946993681659,-0.327721808450953,-0.30085667006761724,-0.018078419389890965,-0.0947814248064216,-0.44585727436364564,-0.0936351485144245,-0.6285726419878944,-0.2153727737612064,-0.9429702709013998,-0.2991607047231894,0.13845212873414747
1957-04-15 12:00:00,0.1010322445520529,0.03952509912135205,0.4649327594766547,-0.8707136619808273,-0.1604086513117171,0.10218467150889377,-0.4970164448747073,-0.1936187917077301,-0.03971585732717264,-0.17812429111686587,-0.6007736343678461,0.5914224328981327,-0.2557127593544123,0.07157336803295211
1957-05-16 00:00:00,-0.21781235997746598,-0.3091602043338204,0.12289163175493507,0.13185174442981717,0.3113841845507649,-0.013287553293773402,0.36271457887994785,0.44694378679851443,-0.39082051787174454,-0.1859738935387453,0.21157378520167253,-0.630719249009739,0.03177416537056111,0.08725830381152122
1957-06-15 12:00:00,-0.12728738913555024,1.1016234556567106,-0.3408480765272815,-0.3746718129964906,0.014565555911761563,0.7628320217753491,-0.4729363885807174,0.050971294449909665,-0.4672706734524716,-0.5673982299521697,1.0562881854896156,-0.98080421162176,-0.8704801900544492,-0.06970480418684966
1957-07-16 00:00:00,-0.3854821697044817,0.4600536928311804,-0.25466441727018824,-0.8895031429982886,0.7168195412365345,-0.34440217520947725,0.016477494429768424,0.2868299072856544,0.6167206964865617,0.45785478359918597,-0.706850441774368,0.5204628435015729,-0.38068625848986226,-0.5596091933291646
1957-08-16 00:00:00,0.3274076206394842,-0.37487274998629627,0.5143100889581899,0.29283649669721457,-0.09811444700770389,0.4954706853222336,-0.20299881713292706,-0.504611915449117,0.2487643377572774,0.4168321475717143,0.9283507936667436,-0.10683284213576327,-0.1938164749347262,-0.08937048978946693
1957-09-15 12:00:00,-0.04722848005635205,0.08292336005224371,-0.5923576941632386,-0.5286805936936575,-0.07764281758624492,-0.30186957687953414,0.1327392723835833,-0.3673922239184831,-0.21505209032312916,-0.03399290899576057,-0.07261390630240877,-0.11496695413559524,0.15937217792123512,0.22046733963670717
1957-10-16 00:00:00,-0.82159008051722,0.05001236716560975,0.20181676675122023,-0.23726579403285755,0.3922399488406275,-0.10889610117596249,-0.09418960396648879,0.41063934824014514,-0.4452783451612074,0.8284620575734765,-0.2223043972088477,-0.8363892396847851,0.7528084052213545,0.08177316127871559
1957-11-15 12:00:00,0.0785918248981044,-0.42166475672221415,-0.12717954400798576,-0.03640120594042001,-0.8253568207438761,-0.2174146714620513,0.46742335271515956,-0.11905037912523031,0.5295082054518043,0.03808394882826857,-0.08593999801882268,-0.09907392114972927,-0.0054673068005024975,-0.22199018855168012
1957-12-16 00:00:00,0.22501321953845915,-0.2533924655006891,-0.8477914548388586,-0.5201038564343202,0.6154249036014788,0.020912928912514284,0.01580924071813583,-0.34436512021519894,0.22514826344324407,-0.10989901315541889,-0.2458554071342955,0.44082960708400376,0.25413911224255803,-0.30342081170040214
1958-01-16 00:00:00,-0.028082632068643643,0.9038624325473945,-1.1543579050461548,-0.05809988690880935,0.2505848498524167,-0.20093423918323206,-0.7383149057242068,-0.43368283289576975,-0.341228425159502,0.8106185709694002,0.03889110818200914,-0.31277838577049344,0.17343109721582056,-0.46372237619919005
1958-02-14 12:00:00,-0.10510341031468146,-0.4270870418065925,0.1497578695720907,-0.7669944518510241,0.39607588736075205,-0.8058435528645134,0.21534740149635256,-0.5246330501552379,-0.17063616314929714,-0.4060735538737742,-0.10710319422264064,-0.36910310587407846,0.28512806825624604,0.132878152343896
1958-03-16 00:00:00,0.9335774640872114,0.8336246885790051,-0.42015103256950753,-0.5373781515186002,-0.22511261215611988,-0.597066142220825,-0.08976189215631669,0.7134623237481332,0.05842201632113292,-0.6865455577921212,0.7910415566736672,-0.06654071705469941,0.42247792307722015,0.46981094889493025
1958-04-15 12:00:00,-0.11349101119591662,0.43436790783433427,0.9028641702113526,-0.298634527674625,-0.033381435186873865,1.1977860524507205,0.9139674155402905,-0.6936165283707169,-0.35158157728806183,0.34954024201302636,0.3162331183582178,0.8148404795313751,0.28231649481087534,-0.34023834330947855
1958-05-16 00:00:00,-0.45233323899127814,-0.03223741763774407,-0.19344012477687167,0.01502833514305818,0.2574711489215925,-0.10335463478362183,-0.004428762805504638,0.5112286992317736,-0.6814069182716438,-0.7854260844934247,0.5072239753188335,0.021508771724697215,-0.3995448448301569,-0.18179069486066474
1958-06-15 12:00:00,0.7903536422736637,0.010751447282945359,-0.005471805596276004,0.1884301782685588,-0.39402957659694304,0.04728846617971372,0.27500036394396454,0.0881135519013222,0.4107428393989793,-0.6979617827452224,-1.0313543789547381,0.2913710159625509,-0.7957191974508028,-0.18926188471217092
1958-07-16 00:00:00,0.047152789081937097,0.42568800636011567,-0.4943796644724877,0.025564721170779514,0.15742877360926177,1.1481661036789852,0.29503966294321393,0.8748126373481895,-0.8578115729394554,0.325087163078541,-0.7144890041724606,-0.9664969932832209,-0.32529382996855516,-0.2204379887715921
1958-08-16 00:00:00,0.44503833050439284,-0.20995259549703293,0.01800310481219486,-0.591977562814971,-0.12951542175771358,0.05568764777478774,0.20773822166234635,-0.5582082493773408,-0.5535312526854922,-0.3311808134382205,0.11633151912051584,0.32959277072452586,0.1412528196775255,0.35104485420857656
1958-09-15 12:00:00,-1.0042919529032677,0.534152259441707,-0.17266720903984054,0.4357521188380976,-0.0901383315309584,-0.045998619522873097,-0.04115367801952263,0.7112776891102957,-0.5206873504358341,-0.7849474748915599,0.3149231312820414,-0.2838928734155959,0.04057889689015472,0.32618084337311404
1958-10-16 00:00:00,0.305910554572767,-0.1344753779204389,-0.20833725619787086,-0.0743528878993539,-0.15371494004511144,0.24443142743648305,0.3960582614208247,-0.01827243628406716,-0.5929679201828255,-0.06487037514313673,0.7640668758267979,-0.21340076991566811,-0.5419153765919449,-1.0146609869152317
1958-11-15 12:00:00,-0.051138739733598504,-0.6597061931630906,-0.33148251087632025,0.3312771730609989,0.07716136367718018,-0.1583538762332375,-0.5499180463858729,-0.2785896978265697,0.06183242386369653,0.358539997208389,0.5187815710602198,0.19691511604762382,0.11438373719341915,-0.31894998162046695
1958-12-16 00:00:00,-0.290337161925845,-0.2556276329944956,-0.3659740443008551,-0.43749920102107714,0.14326704707004279,0.5102810115868454,-0.521001600485778,0.05326313522368631,0.09444939375053613,-0.22619854485161558,0.5214329190434401,-0.4169518952230258,-0.7410726702434548,0.03004129327147853
1959-01-16 00:00:00,0.2626444835471475,-0.1792872506718381,0.5763634525749175,-0.12044074139674132,0.09421952894901664,0.19398764444788585,-0.0007997723989093819,-0.5288755053691423,0.1993783362133214,0.004979584371191989,0.2828604072745093,0.1715899810215694,0.34437281663854813,-0.4387253016793261
1959-02-14 12:00:00,-0.34177781840666493,0.07873826671505718,-0.2608607603997791,-0.21980031950466813,-0.11339318535485277,-0.29295753846867745,-0.1365820201797563,-0.09606500330887602,-0.5460540836960873,0.05564188002280497,0.6253664857733334,-0.18969010483296422,-0.04589915963334798,-0.45950771657080525
1959-03-16 00:00:00,0.10100895100968327,0.7698786920883689,0.6067055101340022,-0.018470620617625444,0.6150979755422644,-0.5149781127354022,-0.5616492072910054,0.20195696549896103,0.7428987741997131,-0.12082746510478537,-0.5503866333678026,-0.3862648484100961,-0.6477985653488199,0.04731887474896701
1959-04-15 12:00:00,0.5634560451864081,-0.0887466507144557,-0.14882088891829656,0.15804296820097108,0.6355353249464769,0.2529596102297432,1.3051127319128084,-1.0731040651571238,-0.400138101240739,0.17286607168925738,0.06550780948022061,-0.4983017184926133,0.42388342558585984,0.1456622812910643
1959-05-16 00:00:00,-0.3267595659944931,-0.35803991389118983,0.27110776785690527,-0.2898060869762533,-0.36357678203674537,0.2934411911738689,0.029475412950329405,-0.41646322027048505,-0.6068797523801427,0.0318224028768212,0.03570785908773852,-0.05700280469597524,0.22013675679065237,-0.32093795554953286
1959-06-15 12:00:00,-0.23169152848072536,0.5368315717865422,-0.5512125856669472,0.38191192382534556,-0.4912244261846398,-0.5587214738495829,-0.03911167767403079,-0.541495496229622,0.11387402933383867,-0.2751241242869773,0.06512850420709393,0.010444945565019029,0.15284413159802426,0.5979088872009721
1959-07-16 00:00:00,0.21060643197266066,0.16549980104544276,0.48364797721422503,0.20403100705082078,-0.5995000117268272,-0.6978555730116781,0.465699230786201,0.654702876666097,0.330984695898984,-1.2924912333192595e-05,-0.13241855998346191,0.18148954084514676,0.385232701774765,0.5920778016293677
1959-08-16 00:00:00,-0.16963361922403075,0.057213588414296634,0.1002345448951144,-0.06295092185483919,0.7612938504248358,-0.5886379801391964,0.20579516995388458,0.9065077588421788,-0.9682163818406015,-0.3410756753783877,0.7458164150801255,0.17787508286087408,-0.13469991781180118,-0.324623284835536
1959-09-15 12:00:00,0.039806399991484054,-0.6184909560768872,-0.05279988483634444,-0.21832387511199963,-0.2866964572914067,-0.6760850513381635,0.7072309026208315,0.2794189491242496,-0.34080897802476834,0.290785121419726,0.18680421333766167,-0.4005151105749786,0.24032737601170764,-0.09172782114889289
1959-10-16 00:00:00,0.6798496200236619,0.42332552669372464,-0.4048654101003856,-0.4125607665346543,-0.0789492796830672,0.43458854962148774,0.2181308138448218,-0.5917955948318714,-0.1172475717789439,0.1574924276216623,0.04257838836951158,-0.026402621509270897,0.5132933716186577,0.6504557124400661
1959-11-15 12:00:00,-0.05096174935020076,-0.1811693348541501,-0.03184615523343232,0.19941456452028128,-0.5195612768232333,-0.2660523621921047,-0.6457799132939754,-0.19484654337149632,0.1459262658369554,-0.06879111419591735,0.5812965054277843,-0.18903949091322544,-0.2707373798110896,0.066010361351025
1959-12-16 00:00:00,-0.5662400800644017,0.3883117507508301,-0.34211436631148917,-0.05314648963683927,-0.006514618005852846,-0.1958847778385937,0.4612852805696285,-0.6776882761985767,-0.02887931385708542,0.13398345287288427,0.22421202861190934,0.4709863216150907,0.2611655311610314,0.45406091614438227
1960-01-16 00:00:00,0.7247191953888517,-0.19048105243592628,0.38743670497813065,0.43380087070094964,-0.12295312681062986,-0.649481243492841,-0.08679046189611694,-0.09953222982060839,0.5265590301211094,-0.12168087630956334,0.1576816617225414,-0.10604934777458025,-0.03766474573412098,0.4176728036310988
1960-02-15 00:00:00,0.20629516888786864,0.6613361653188821,-0.8244320504488861,-0.7713634571111424,0.09037570657156957,0.9993825357736518,-0.6349969278957709,0.8167261086264579,-0.6820377032182089,0.3719860266961402,-0.5803826939430117,0.7701945384758447,-0.7695334395577561,0.536624870874101
1960-03-16 00:00:00,-0.09214501094869493,0.6516902516729195,0.06407656173969559,0.050943852878583384,-0.2596023505986125,0.36039522878808417,-0.3168754603475661,-0.2355085013347209,0.4154269534737049,-0.020316542284973454,0.3822467497885854,0.21371573449648243,0.28944707853577345,0.0009055676677843794
1960-04-15 12:00:00,-0.6659598948261285,0.3826813483600712,1.17649187240899,0.15434257708680588,-0.3268565109154672,-0.3867298401126672,0.02869549728242826,0.10921958791157693,0.1851579518116641,0.1691345211631644,-0.0555520208956673,-0.28077296024062537,-0.06698698890566136,0.3599374827200199
1960-05-16 00:00:00,0.21504558573613858,-0.3145492588768987,-0.17673287145106498,-0.42982224631274685,-0.34063323503533566,-0.2444368446074573,-0.029366487506554573,-0.53814945121375,-0.3525057722093172,-0.1692558629660829,0.553378407266732,-0.05500971287727994,0.23170617494267226,-0.24136219008401472
1960-06-15 12:00:00,-0.4998928695611752,-0.110996575683395,-0.1782012613845086,-0.8948498837909618,-0.0532630386735784,-0.13000276360948815,-0.4632932531262235,-0.4328949400564134,0.7770958195134152,-0.2972841855469086,-0.260371923126654,0.17529863787692898,0.11625592401541616,-0.6987544220143519
1960-07-16 00:00:00,0.5371129791627465,0.5120134301914079,-0.5973086149250026,0.1774871157245861,-0.20144684486807563,-0.01468340026688375,0.36720591788797663,1.1524827970208333,-0.07138158879706913,-0.052527042967053794,0.32881764986367634,0.25696577585722147,-0.3764251982353222,-0.5244616298656253
1960-08-16 00:00:00,-0.4186154826281407,0.5471074113963026,-0.8089091452037813,0.2549107873388652,0.30448676602121416,0.49308543667059646,-0.664658524913039,0.5888431524012705,-0.24907031286918546,-0.013213564067255823,0.5342085585230179,-0.812789694402398,-0.4221083244348984,0.06274894209612092
1960-09-15 12:00:00,-0.48578495954973117,0.5703509906201936,-0.019442101425010953,0.13304058298753274,0.33680879970336164,0.4435740044351929,1.0131458781113039,-0.5092518087923348,-0.10955721678625163,-0.6216197504784324,0.6030321805540964,0.9562697410953115,-0.30905307848388197,-0.3995913522805108
1960-10-16 00:00:00,-0.6407369228620081,0.2832264617993652,-0.0248334863215964,-0.3551857525324404,0.03486785181809804,0.07341218199617539,0.7828318196541145,-0.42567245470810394,1.0700723140226118,-0.3722553361543307,-0.022107479218712034,1.1433359491078385,0.2742649568479115,0.7207610209544371
1960-11-15 12:00:00,0.28732658718628806,-1.2800594434343886,-0.1797160133590624,0.17493022361540034,0.6549831652359607,-0.3691740721109787,-0.6903019969513274,-0.5149811330555146,-0.2550302831314048,0.17538603011604703,0.7489282082155635,-0.09530858356209278,0.4022700664167233,0.061264569881482434
1960-12-16 00:00:00,0.06852736807146809,-0.10091014863273251,-0.5257245008412789,-0.3107462604987183,0.2931967051725056,-0.37014221964852795,-0.4369447456960133,-0.4858715541254875,-0.38101419072854326,0.010670635732680733,0.07474641203995808,-0.23408593623338136,0.3190585306404286,0.460679362634451
1961-01-16 00:00:00,0.47917156178758286,-0.31501869664077525,0.15107300193850726,-0.32727130792922365,-0.8507366077577778,-0.40250216584682624,-0.37770554972261783,-0.13473600227125104,-0.3419050810879034,0.2564828834086288,-0.3189538103569498,0.3583635141674567,-0.11473051467035521,-0.04037255326067368
1961-02-14 12:00:00,0.4241970438141189,0.4123118672001123,0.4013477680260577,0.13005380506391573,-1.3113279280557393,-0.2208510738227304,0.5286615879790476,-0.026296548698706568,0.5376965421080016,0.1863924984458261,0.45605961472347545,0.015624737877492287,0.1699426151852852,0.39467713514948777
1961-03-16 00:00:00,-0.5777644964220034,0.39301071730051423,0.06381471462361825,0.5882484764328029,0.8151349392469446,-0.7208525468526863,-0.18465386198047512,0.008112953191675376,-0.08601862243584907,-0.4252316567147546,0.020420587928997563,-0.3520186446976916,0.6094166677093468,0.7582982019904252
1961-04-15 12:00:00,-0.4592370564199115,-0.20247753936502394,0.2367611217548537,-0.45388242271004803,0.31285577927060204,0.4393347520763352,0.16448487882538276,0.11387096115498996,0.752047653965217,-0.39219050581991244,-0.7140136362776193,0.2149054403021947,0.47055916411385357,-0.8501029189522276
1961-05-16 00:00:00,-0.329866268728626,-0.35553083883049086,0.16507995523323132,-0.198821719191076,-0.2681212901998606,0.34646438733484375,-0.7789418136359686,-0.1593392960179123,-0.49447848471486466,-0.55274884808194,-0.003957472854779154,-0.6780242180096057,0.036288151983711874,0.034144708771232435
1961-06-15 12:00:00,-0.8747141291286924,-0.387124645745563,0.13943796069776598,-0.7692620900438933,-0.014208319752733622,0.7461787772803711,-0.382014815626307,0.4650341761054355,0.03999393274644697,-0.5128683958456837,-0.6289919156522548,-0.04683916675232933,0.1473617289944004,0.022236031217017893
1961-07-16 00:00:00,-0.11582779984369396,-0.2131096148952853,-0.1130826154593092,-0.753528733331837,0.4831992270193516,0.5404590389915277,-0.5592093993738878,0.13286288358821563,-0.7912287432878153,-0.5724275808204924,-0.766369326793309,1.1492987677887445,-0.6501222407795989,0.7493374290892734
1961-08-16 00:00:00,-0.5924584835362035,0.052560221632001414,-0.5619191058141161,0.3019815268385925,0.5333667133517063,-0.16137685827137893,0.395529707292379,1.370519573297765,-0.4120053856443157,-0.39536620331479533,0.9079811971050732,0.7152222372106766,-0.6293727609092536,-0.8913361433363329
1961-09-15 12:00:00,-0.17072332688115402,0.011445459799433566,0.4530210863191185,-0.471848881814649,-0.06887861993208089,0.9630363293506122,0.11876741610361452,0.11999717453232339,-0.3210624380691465,-0.32893568756268865,0.29852843842536914,-0.37431753793640055,-0.5911081652203352,0.11862695557204461
1961-10-16 00:00:00,-0.17780582159637828,1.0604816529042342,-1.0334572610594186,-0.20900504449772989,-0.048876751527969664,-0.06460890810595288,-0.41063884026275177,-0.3014331606346782,0.183478252001744,0.705533460513697,0.23329129465159226,-0.2571379902090407,0.10116654205505288,-0.3469907488888333
1961-11-15 12:00:00,0.7654038243653716,0.3852902771770845,0.8344591928263049,0.702847291489286,0.3292227642918223,-1.1037773181138995,0.14288845901916103,-0.292042345361474,-0.06692438991745364,-0.4734567617486669,-0.2039880270779597,-0.28992952613784106,-0.21891262918502732,0.038253841861167426
1961-12-16 00:00:00,-0.0560552134188409,0.15093783573977754,-0.414214958859291,0.7568949498316622,-0.3020145368211233,-0.541225690122814,0.31603327647548385,-0.3663135699355458,-0.27163871470362944,-0.3321249582182,-0.48502645621761875,-0.40372064809184205,-0.15979625837871017,-0.4341889532089674
1962-01-16 00:00:00,1.3912344153082852,-0.05121942480262709,-1.0097023092593433,-0.013184312979003132,-0.38741332563761066,0.4348548797044033,1.4322648669215212,-0.1359644193634445,0.425776791130466,-0.3963802618408475,-1.7034861561582786,0.33746822073000504,-0.10967639852354477,-0.7986110068157404
1962-02-14 12:00:00,-1.06899980108785,0.004542507777376914,-0.3008323318484631,0.19142410285483047,0.5871670568869801,1.982838752680944,-0.8216396878499438,1.1893165531170282,1.3670042753665579,-1.7942852485150476,-0.1590134772548435,-1.3417364734196828,-1.3459805665042301,0.7418741077717697
1962-03-16 00:00:00,0.009267159258929902,-0.18666579349116874,-0.5402742587792627,-0.24870313930599697,0.13903788615110102,0.023235031226286007,-0.5783747887955833,0.034558362878963855,0.2552108291532084,0.20948085450781587,-0.02097657779592116,0.3570485251919051,0.5864489285044621,-0.24520888019643344
1962-04-15 12:00:00,-0.5491714726169133,-0.4789510457299949,0.07807094894003731,-0.5598731959025135,-0.07444349042606657,0.1690670664998385,-0.304160850051575,0.08265602097836688,0.3430282099433632,-0.016753379157398246,-0.5740152216162628,0.3187055693851045,0.5936917119017814,-0.6192317419273614
1962-05-16 00:00:00,-0.16469798215827935,0.41467238915924826,-0.8232925687401608,-0.8662874572196184,0.46183550345057867,0.16322676670028902,0.040173750363406646,0.05238313014959606,0.023255255165049393,-0.9154787770129902,0.3783971948192393,-0.4575813234521988,-0.3499831762276264,-0.16799040390801423
1962-06-15 12:00:00,-0.21688314154230634,0.3305008632208453,3.0627762052679417,0.36733426781887524,0.6745819066247142,0.6763772043177564,1.3540312133120729,-0.14848565799140445,0.5255423162018085,1.2541493154232584,0.44665758642467746,-0.21642271219888534,0.3927274313317632,0.2001036237722047
1962-07-16 00:00:00,-0.09353559825050567,-0.3261259979752613,0.26148456950609916,0.3388960532621089,0.37102189163673194,-0.8097398436433666,0.0994834345503719,-0.10194760323627405,-0.1178342388764072,-0.3885316671300262,0.029886878305258657,-0.2511146139426226,0.03462825430268638,0.30425952815322765
1962-08-16 00:00:00,0.30331072609070914,0.26686208187753885,1.5687299071330945,-0.04031712094187673,0.16849273208351379,-0.9121304932575587,-0.31557378165857947,0.0017383158597613635,-0.1381982772155852,0.09668658643511559,-0.31668309333878064,-0.6620433394646615,-0.46133652616347404,-0.22873697084991645
1962-09-15 12:00:00,-0.015853689484198852,-4.486764289546308e-05,0.189116130482696,-0.6409673624923485,0.1108800356412375,-0.14901042921890084,0.40459774380941826,0.9124012706354596,-0.9457762247243138,0.7629224459781214,0.3019847019179931,0.6736751553262723,-0.9906608151131134,-0.30036302520364033
1962-10-16 00:00:00,0.2671538885373181,-0.58939590436172,0.07535219552762522,-0.13262356823485133,-0.009730066812147609,-0.001799577026101895,-0.14050269325660492,0.21380452125815674,-0.3162621642295258,0.39792928692764773,0.23481049116206537,-0.10985230568898934,-0.17771680893562708,0.16494053050422053
1962-11-15 12:00:00,1.0202420143845312,-0.8330997419086307,-1.1534779330060885,0.39199891849426616,1.1927281203820557,-0.20925699598112124,0.2678406436982532,-0.39893980773322457,-0.8219085010908409,-0.6461258808132972,0.12468664169358022,-0.4131615481166139,0.6957676096999571,0.713706311837526
1962-12-16 00:00:00,-0.01882007365962296,-0.5486605888584293,0.2256888789384774,-0.983226532282725,0.5210623641851638,-0.9431157377989893,1.0846970171802264,0.6647578141675636,-0.5047775408955448,0.574791926990713,0.24485404186286616,0.06487534672433223,0.22419812171901193,1.5026147960390694
1963-01-16 00:00:00,1.4261666417636776,-0.5313388638298531,-0.022419356583430694,0.2665341270549113,0.2828204755064766,0.39579198705520946,0.431342972327558,0.26113982851936335,-0.29248844820158376,-0.5710027895069699,-1.176377222217008,0.5009847881014013,-0.31681613974773765,1.146136827891924
1963-02-14 12:00:00,0.5606041735762091,0.4737011915496558,-0.053106437333057525,0.1258893478485893,-0.6211688390520215,0.21915994350291712,0.8754941584573773,-0.9971102151349416,0.1523615721791975,0.1276410424414346,0.4133776508622473,-0.08884533054101822,0.4865881160142648,0.5289102268108135
1963-03-16 00:00:00,0.2956919286108826,-0.5353506590570298,-0.21542428504777994,-0.14955562350622248,0.8005902275936249,-0.7614002098674585,-0.20417032804089053,-0.36792991117889967,0.05835005953481648,-0.14619472068901693,0.5258490816889583,-0.012390327648300017,0.5778981315844836,0.7209450955197056
1963-04-15 12:00:00,-0.40195332913219073,-0.15750350963818519,-0.37675831304659213,0.25415701818687053,-0.07742738056129472,-0.08628763160033492,-0.33143972161649116,-0.14389199366976735,-0.18029341032412938,-0.03568562637814071,-0.03281713145697224,-0.5633027573081092,0.4762326483573477,-0.05055812973670548
1963-05-16 00:00:00,0.14607190260948028,0.07350018138347131,0.005256281573307042,0.10444652372298835,-0.5089125911901672,0.027948705675835628,-0.3453028761802362,0.4623173687398625,0.6155037597158113,-0.4346441299291306,0.5070897022159837,0.20610797516176152,0.5231335321773497,0.10910435589295497
1963-06-15 12:00:00,0.3251114662379188,0.0635478620955856,-0.4441003178366615,-0.47772524765189567,-0.3361777227134953,-0.28910846331821916,0.35438844781430545,0.19972945810546716,-0.25670097616509047,-0.4804734829567263,0.6137373445663163,0.055084696252667015,0.05732458755637803,-0.32017316389377437
1963-07-16 00:00:00,0.5791491524585974,0.46859573925362646,-0.5772052791205163,-0.18795231435761128,-0.09523503701362668,0.8530825831971441,0.01700856875162715,-0.5685721664979334,-0.685700768564535,0.0803453503643152,-0.5823792546314833,0.20081511807148286,-0.17317943122256677,0.7938146833285828
1963-08-16 00:00:00,-0.1031266988165177,-0.8862553581911109,0.08465422203294452,-0.2773782144972215,0.08487477959553602,-0.3446367290740743,-0.26138029769066984,0.12741668510226,0.2632643355839925,0.2983200127932365,0.2076429688866696,-0.07291171754112248,0.031489042110904426,0.23679546025513165
1963-09-15 12:00:00,0.22051070122890676,-0.017136904779209705,0.2198056150461114,-0.17053893331346992,-0.5971815570144692,0.34883062658826225,0.2706959535415372,-0.2884633226823199,-0.09984204939408436,0.2306248479046038,0.5290716709447234,0.3194245439126714,0.004415125089103796,-0.21187336816626862
1963-10-16 00:00:00,-0.32179050151690963,1.1248111990663938,-0.7965468848586262,0.3263338854011376,0.31548003522443857,0.31033168116280996,-0.677215536743411,-0.13060266706562185,-0.16396626566406908,0.7593286145013528,-0.5538682290230006,-0.5638797771638618,0.4050343952601056,-0.263407418413087
1963-11-15 12:00:00,0.33903219273627644,-0.08543275976481662,-0.2279345020959685,-0.24073603325272938,-0.7368831477476191,-0.5968793886800211,-0.33743662220932696,-0.37313479274465833,-0.13765802288861922,0.010268212748534039,-0.0038451351513268395,-0.22517051739245258,0.1008927752539829,-0.11377063811282084
1963-12-16 00:00:00,1.2624082411137658,0.6889019224110939,0.572265110503358,-0.3083378210652288,0.6538917424148106,-0.896167109138872,0.047256707790554575,0.2590349316428817,-0.14604360748529177,-0.47834563850486556,0.059156540528355006,0.25307027450218933,-0.1019154500337071,0.31527672768421433
1964-01-16 00:00:00,-0.06280031082101878,0.7149579267333166,-0.8472859175892065,0.029901994103362972,0.37567130931053716,-0.04736161294345642,-0.5365387816698773,-0.4472087273680183,-0.11592530746295054,1.3559653395050038,-0.04876163435147063,-0.5056105772723302,0.394601747709182,0.07470381019690531
1964-02-15 00:00:00,-0.18739005253090701,-0.2805213385593677,0.1816487963231333,-0.45409537186732896,-0.3852475705279407,-0.020275146264414512,0.28687083182338013,-0.6155948962910599,0.1285558170214512,0.048220478380589724,0.032444884260862256,-0.05813002871827921,0.09994273014661291,-0.407933760963343
1964-03-16 00:00:00,-0.13958233548442367,-0.09465843897283072,-0.3590291870267461,-0.35835985498109374,0.023502140248017445,-0.3269725260183795,0.08284990666502667,0.016365689861598254,-0.597654921035343,-0.3726952383108336,0.11755157390094384,-0.7854035087063492,-0.036112386859036755,0.44733746891606097
1964-04-15 12:00:00,0.35186908416475987,-0.44475639967025615,-0.34509660527980957,-0.16348503160276767,1.4546160973288775,0.4397496595045073,0.06228502226451882,0.2652435284993986,0.888763179720931,-0.25434378548820247,-0.8198728918032027,-0.4542976090173493,0.5314546887841755,0.0062642165732818
1964-05-16 00:00:00,-0.05083890399657437,-0.5714686650834837,-0.04947771276893433,-0.42407036424226613,0.37559137780548235,-0.13547639076611384,0.4419473557587309,0.6184055982416361,-0.4341886909568492,0.8663507550702685,-0.6264201464786068,0.23641152760754772,-0.7832780794250116,0.6298438274059166
1964-06-15 12:00:00,-0.40362382995224655,-0.01873628766296903,-0.34263881253645595,-0.7378326393416377,0.25569418767207497,-0.28542929857911853,0.04598031986962292,-0.10502217970845407,-0.2463324508536199,-0.3779297567228107,0.5263537703180154,-0.013726075184012462,-0.23374180628082875,-0.3855406010261688
1964-07-16 00:00:00,0.6935078614793702,0.5079900712109973,-0.15902045213829513,-0.12678632115245853,-0.08979717669597209,1.0424177292281738,0.4834766504821383,-0.7980999709129792,-0.7376139407116749,0.30498567234725066,-0.7445996161717044,-0.1429972059458414,-0.553572617531265,-0.10334191675461502
1964-08-16 00:00:00,-0.15133550944426236,-0.21633953261129626,-0.2992567084996619,-0.34792056784484293,0.12544892051879852,-0.8339622507475927,-0.23123667213831584,-0.500533196922222,-0.22979292142505356,-0.20324341018802392,0.2911810548144863,-0.13311660840908307,0.2622846332685411,0.04805483992081039
1964-09-15 12:00:00,-0.26219277529386703,-0.15564743644558024,0.32000046295450113,-0.3838834596909838,0.10798925299542039,-0.4580994130056233,0.6250205045656273,-0.1348559808107863,-0.12893782060093784,0.21413316981626151,0.6017059446191717,0.01829823655095643,0.13105104448372829,-0.004587364863998689
1964-10-16 00:00:00,0.43918586993502623,-0.13059391927994296,-0.44983654104565923,0.3725250462805074,-0.10445156963212543,0.10223682847602045,-0.451898908323069,-0.49996043559103864,0.03443283571030559,0.36235761925268595,0.4538651199650252,-0.19548880533763657,0.3539552219298959,0.1466272950016484
1964-11-15 12:00:00,-0.035610280355432955,0.44257808947459626,-0.6464008532847592,-0.4727437228173046,0.03663090656125445,-0.18491818933432003,-0.663193154978973,-0.5657946173598054,0.466392477180878,0.4878508098654857,-0.07436278235361227,0.20002927214501412,0.26979505882495985,-0.4833126758421591
1964-12-16 00:00:00,-0.7170697386622831,-0.6318447148147806,-0.09123988731322341,0.6518302646865826,0.027795537771124756,-0.3292114890948458,0.1489051971270804,-0.11708179145403141,0.22036955481842163,0.633655461578977,0.4180071064253834,-0.20557957471948662,-0.2957264776772203,0.2187549452602786
1965-01-16 00:00:00,-0.49955809483219116,0.34601642310144826,0.9399683131429686,-1.0213202374559356,0.2269739675779141,0.6895868330026175,0.0827208893254423,-0.4990096731780866,1.157179153406895,-0.0953695346144893,-0.41189637569962756,0.3858938016065153,0.40988111725176957,-0.8033745862606058
1965-02-14 12:00:00,-0.3044550811732875,0.08132906846510857,-0.17470904311481006,0.1489243308356385,0.12093901076615032,0.35788358530026165,-0.7324204073109889,0.20586312586870759,-0.08905803123429745,-0.5398598589785335,0.08652826963313326,-0.21840289479088457,-0.9504317063549492,0.07917386469054644
1965-03-16 00:00:00,0.3951400235247518,0.3922611626355969,0.7346965256187855,0.012532819338605727,0.13037051892699847,-0.8278524566473207,-0.3506425923165619,-0.06655312206243014,-0.3603084326282487,0.041566725268621624,-0.20488071748703435,-0.30305237620899683,-0.3977402122332786,-0.6137514319884605
1965-04-15 12:00:00,0.45656633773985295,-0.29383015643334437,-0.47097893765132115,0.14884133327541904,0.5458388076659128,0.37724902716631925,-0.08858665308408853,-0.506205040030731,0.4226774118184336,0.9066046668773203,-0.3762057462626476,-0.13478808161935696,-0.17723638232382521,-0.44682010469172195
1965-05-16 00:00:00,0.2944485275449739,-0.33250438228587625,0.06216075096906844,-0.13925693467887418,-0.27838418104779994,-0.6677868432715135,-0.08937085868493844,-0.24775501773540254,-0.36154279020127694,-0.210063149869726,0.09219947377584248,-0.07950679539206927,-0.04360576491003548,-0.10643515392698999
1965-06-15 12:00:00,-0.40042844651845166,0.571744611572597,-0.30207936644136124,0.5860295605456365,0.4362680610750719,0.7478008157081056,0.6791855855253172,-0.3969553532363746,-0.506847595929719,-0.0418039364815701,-0.9038097838368103,0.18593850219694127,0.6661796691929087,0.33297223572102685
1965-07-16 00:00:00,-0.11715378308315613,0.7580464609661468,-0.6716766548633755,1.62507473192265,-0.807461572155789,-0.28221124651216895,-0.12680177893900324,0.16431026785007874,0.354470248388883,-0.262353823858003,-0.33677842885831843,0.9809056059247566,-0.23439484092945062,1.5110094338127766
1965-08-16 00:00:00,0.37818507390584505,0.49878949457680916,-1.077598142254211,-0.6916751347980716,1.2772355061200211,0.012497562198981016,0.7077138929786876,1.6075870012845215,-1.3081278731304342,-1.1519494996208124,1.6294332610501585,0.7092043188977043,-0.5778502079267313,-1.1773165158340047
1965-09-15 12:00:00,0.20023197415254085,0.36986881875993277,-0.6427938728639447,0.025780351525431733,-0.36590681584417933,-0.16097573283729882,-0.5131388594581917,0.5703484506767442,-0.3638921521426139,0.36437285494359667,0.3368302929223038,0.9256838608700887,-0.22956973129850936,-0.10721397215985606
1965-10-16 00:00:00,0.34029404941100955,0.17527700902225135,-0.20389276005902957,-0.19678517472379758,-0.5500452721907447,-0.5333914441339256,-0.4244041594211655,0.005012656216783928,0.10118464811699485,0.1733623305410328,0.039275861301751785,0.3350705401399694,-0.0855126176581411,0.08080408466455768
1965-11-15 12:00:00,0.5284710818402454,0.6531721937768606,0.06964196329611377,-0.3063229923480588,-0.16421292626768724,0.13567388220276344,-0.037521641502397896,-0.3391988316576464,-0.04519863425146892,0.8276430089927996,-0.3697269678356563,-0.15963953528114783,-0.3023059546973343,0.16792522724725822
1965-12-16 00:00:00,-1.0209688518309612,-0.24324014754054493,1.3745581421257154,-0.20629242468633996,-0.16621768846515728,0.5596526133872887,0.0003860860421434076,0.6165104696205714,-0.28207834213804855,0.41495583413377024,-0.6431857978763207,0.021867542094867964,0.9875043853186264,-0.3871616574346933
1966-01-16 00:00:00,0.23423072066219425,-0.1526199094053412,-0.2871557349097447,-0.05036204225341667,0.7245074867717093,-0.003753317802962175,-0.6741636863245212,-0.4459915096668076,-0.044033788127685713,0.35202904029171583,0.32836086416294674,0.44750277319886356,0.020073565291737636,-0.24007025640496282
1966-02-14 12:00:00,-1.0664116704634206,-0.07158946824926232,-0.4741438870454325,0.9928148987752861,-0.678242479514342,-0.7899885825635977,0.1858632654840804,-0.7109891675372009,0.14260448917241203,-0.602386685007457,-0.1251262107521104,0.46795454350991494,-0.3820755247594865,-0.10024983947469879
1966-03-16 00:00:00,-0.08347631037354536,-0.48721245085819354,0.02032079520236188,0.30646315066910146,0.052669740062225245,0.17190543413769976,-0.19033561781530034,-0.2648692127813339,0.6433214720520581,0.037630939854484166,0.11062717258646143,0.4201850753939743,-0.38962662865090514,-0.13105463613663682
1966-04-15 12:00:00,0.9192335993927594,-0.7722351898843411,-0.4362694064772236,0.31942672864749955,-0.5928926014176067,-0.1288173522265551,0.8770058723821609,-0.23502069642099432,0.20174871161239288,0.32332133261227886,-0.31724728639411315,-0.49701083327457174,-0.00981607062090706,0.056006758968335735
1966-05-16 00:00:00,0.938861560176115,-1.3945516198572039,-0.43419114529916525,0.7792834258152177,0.25701330888303386,0.18433204572688378,0.01273298566067782,0.09449642654800372,-0.1754364430292017,0.1621922021929249,0.41384237874033336,-0.057192433631091805,0.3602106579325005,-0.29210890020840813
1966-06-15 12:00:00,0.02037466853750941,-0.057844489351952855,-0.4774031990611715,0.25862340640385184,0.032153152649211814,0.22465284108957595,-0.6155865126753979,-0.26644344297422595,0.03049188333577485,0.3643873285232528,0.4265375760823641,-0.26842574564886607,-0.14645494754194915,-0.36980920088127067
1966-07-16 00:00:00,0.3549574330968885,1.0285818048165418,-0.546699340690717,0.3653696760754652,0.36266706776469604,-0.13934763573285236,-0.1816190519237501,-0.039447681511408095,0.7966212589351154,1.5198263656912248,0.19174861041282765,-0.48238915060913357,0.560094897323383,0.5406681854065363
1966-08-16 00:00:00,-0.045305853042316324,-0.12060666232780831,-0.37909959918437336,-0.48467830795890293,-0.5612271607073771,-0.3758613070760587,0.11104765405202133,0.09887385103201973,0.47030371224228956,-0.40590291844270754,0.19482962429886888,0.1900487312729767,-0.09102917907680888,-0.37875685408050996
1966-09-15 12:00:00,0.17991989273573666,-0.27554420058802587,-0.08486330413054612,-0.7298762307708315,-0.372251188192197,-0.2720413844190682,0.26000891549381955,0.5527341762975251,0.3838931103866498,0.002905425964797259,0.760935504751357,0.15083207712368132,0.2720774632762657,-0.1662096905187897
1966-10-16 00:00:00,0.17394702481710272,0.11897708104322519,0.4840340781989946,-0.30275431650468976,0.15808315464863765,-0.40423094636939577,-0.2977804104249312,-0.28925769994412376,-0.502267229433111,0.27271711541156496,-0.17428091618121277,0.6107414374339308,-0.2850707740237883,0.19481856412210274
1966-11-15 12:00:00,-0.1955583130348339,-0.9791792391321812,-0.11396741081793829,0.22804592077095853,-0.2893046393770333,-0.36748380939940933,0.02452182322908747,0.43091670108804725,0.4183692912302967,1.3793113119656988,0.4793212815629958,-0.16166342554357763,-0.10552256690188662,0.5357827126732977
1966-12-16 00:00:00,0.3368563648298661,0.12852928008320547,-0.34099743682360456,-0.35247470270691816,-0.4081405598635832,0.16447783548448902,-0.9269838803118696,-0.06773417607133803,-0.19181281637886632,-0.0526083944327711,0.06969351636587845,-0.3660238435607627,-0.12171872854386136,0.7656617867940432
1967-01-16 00:00:00,-0.10071776873678784,0.986970806145433,-0.7054166042777684,-0.22046065371057488,0.800418834643755,0.3089382535241788,-0.284475030603454,0.13651057890856966,0.5040379977052283,0.13077168984117998,-0.6933656468837714,-0.49304513408586426,1.4169582511749321,0.021108656607295218
1967-02-14 12:00:00,0.6127863803482756,0.4966003474742214,1.0597434142743103,-0.0054054349400025625,1.265530466039876,-0.3378959357654587,-0.36469429497918776,-0.18847812510179418,-0.4831620200070129,-0.025674437917072246,0.02741679643171993,-0.34528914871692695,-0.14932099338331942,0.27691282161862996
1967-03-16 00:00:00,-0.11687588343268795,-0.30516393493386285,0.18453337465032998,-0.09591619748205182,-0.43788228671994367,-0.5379275996942829,-0.03471999525049352,0.15547849127788438,-0.13923538863710044,0.49740660895628086,0.025492708865322095,0.03656026146517892,-0.057944280229131465,0.39354671295547616
1967-04-15 12:00:00,-0.11653538826993137,0.4810291217810943,-0.13891383661555703,0.4655048638166839,-1.0246864196339016,0.24838978183517757,-0.02347497814976507,-0.4319214425206862,0.14964105902451913,0.04049835071153554,0.3586170575201604,0.27748084124083705,0.11513916124326877,0.36876600015688954
1967-05-16 00:00:00,0.009843349026337767,-0.1451869223791798,0.23766690808808266,-0.5555509622099006,-0.33977390362792204,-0.07837472764000397,-0.25546981692815995,-0.26881828576382616,0.2658920527520449,-0.49345982862942694,-0.3380813847577304,-0.728528257461283,-0.638865510456247,-0.3088167162090953
1967-06-15 12:00:00,0.14943047114749658,-0.12725761286756082,-0.6745765369202069,0.20670236642362183,0.17987191924351842,-0.5188328334838733,0.2664348522208013,-0.1709498338102856,-0.0005099948114601349,0.46346106008339005,-0.23974182844127362,-0.6625164693861697,-0.20805141523949497,-0.20374760768977934
1967-07-16 00:00:00,-0.19683947228414791,-0.2587797704727575,-0.16856698890003957,-0.5518042376817329,-0.5721559185448863,0.037502699747087975,-0.0913741817405217,-0.014233138827336012,0.20613455558531707,0.122132240715166,-0.4738403321626947,0.2740304165591496,-0.02855805860162733,-0.23051090674400715
1967-08-16 00:00:00,0.14752218598027483,-0.5603039732623426,-0.21313309948663112,-0.421675293252504,0.4374726465564954,-0.5029886785156568,0.1608812538484049,-0.13485968792090552,-0.45084987682178035,0.00566776101747965,0.3482835909421216,-0.4786318363954176,0.25900655520823795,0.47849074897772126
1967-09-15 12:00:00,-0.4404005664665106,0.2448651033515919,-0.07377799439516385,-0.939829042789482,-0.25499848946059067,0.131988891606849,0.46703347094774805,0.5099363677579607,0.45225298609569237,0.9471253438561409,0.026118343665052862,-1.0317362102713337,-0.7062370134769946,0.45637662684930547
1967-10-16 00:00:00,0.018298312671539974,-0.20477827395708506,0.19606940903810616,-0.9938634527428105,0.788449250628703,-0.805395847576005,0.18453292595865,-0.48093250963538525,0.4928785047296123,-0.4861970058937438,-0.15165418145588444,0.16035414115649735,0.2153562223180096,-0.20000993801066946
1967-11-15 12:00:00,-1.7511457027149118,0.18820178013616623,-0.06960613508889402,1.0317429163330292,-0.40102752455789836,-0.27119386134376106,0.06475454996644092,0.006520318998432972,-0.13625129774673078,-0.49351904807008873,-0.15611013733029272,0.03186170756801124,0.08845685418942291,0.3780175009190643
1967-12-16 00:00:00,0.48307583756471356,-0.42199971370508027,-0.09729919579636515,-0.24329631644883848,-0.33891956588538236,0.2843380642962837,0.5269267394130012,-0.23798649903783065,-0.627012312691055,-0.20990967810114128,-0.817471832409049,0.03762843339047721,0.4828231383192276,0.13242692348975804
1968-01-16 00:00:00,3.4910853696620676,-0.8327635741695687,-0.12405234512033278,1.6005515112734658,-1.2329556762084437,0.6088403814041893,0.6666714852656127,0.7885691074913361,1.656134415359073,-0.4884600592645948,-0.08968527775168428,-0.5978947912834677,0.24414529197369003,0.6298120269086225
1968-02-15 00:00:00,0.4213237423456609,0.12270736670376375,-0.02660179962286756,0.013697208074966771,-0.12760904159962916,-0.5568118678371855,-0.18923131471529203,0.31002999705575607,-0.048832427282077595,-0.06897050479767744,0.8040242255930734,0.10638957817644493,0.10282760167022088,0.329295648051673
1968-03-16 00:00:00,-1.0778964861580538,-0.3193550013273242,-0.26479930574135807,0.8260819312479037,-0.3689682611800737,-0.40029410101898705,0.4881362413269089,-0.08021026025155142,0.8824032698211788,-0.3205967314785716,-0.13113594841139403,0.4582021301748894,-0.3159028296202625,0.058729708825174254
1968-04-15 12:00:00,-0.07110137411857914,0.25513823833621946,-0.05189014855144551,0.1820682742719527,-0.01769412994056685,1.2008377550079037,0.15038958205600395,-0.7034983406432913,-0.5070973868802054,0.8605897536803473,-0.1112538637336884,0.1194702337885799,-0.07240223723470299,0.1303463680972129
1968-05-16 00:00:00,-0.2046090894623526,0.6841979635782145,0.4923462912039066,0.1744625611762024,-0.8535949300502119,0.4903561754732858,0.3307347051921007,0.7167259672521391,0.16970967130067488,-0.6235429104817286,0.4921746041145198,-0.004458846708049816,-0.15070880031824396,0.5958356335938388
1968-06-15 12:00:00,0.3809388395059737,-0.12137056904141985,0.5288615584612452,-0.07744928996968403,0.16334692600957512,-0.22047271016862324,-0.48613308879945943,0.0380055418087647,0.4927613379807327,-0.17470275666825527,0.03773182265622779,-0.0677964011162307,-0.7492651313599755,-0.17401627885644005
1968-07-16 00:00:00,0.4250199956822625,1.0703018418843973,0.7659850357835178,-0.34135247177159034,0.12201024206242717,0.6700262245200116,-0.6189678617129271,-0.11269121171296226,0.17664710735650851,0.24568575864007736,0.004057026051211082,-0.2005615045032994,-0.16239013566095722,0.4006640455911554
1968-08-16 00:00:00,0.6318844431764545,-0.22904048824467596,-0.006663744848670203,-0.012967688242172148,-0.5507876449160444,0.3546420655410546,-1.130930111200168,0.5612874282017613,0.33279587273669936,-0.5144284761661794,0.896288092218678,-0.6663526755188603,-0.051831580400265496,0.5402513327085487
1968-09-15 12:00:00,-0.06288169176952113,0.621383067287639,-0.3201616028148687,-0.6453523107682927,0.06984262468738445,-0.6018268016880044,0.738770809238484,1.7309703249536006,0.3694520780957565,1.4416512158320838,0.40963772119867997,-0.08750627551646609,-0.08424183197541367,0.04376775963448365
1968-10-16 00:00:00,0.40784969803616283,0.3385414234163427,0.40315972535278893,-0.07870941092454953,-0.05244658595145302,-0.2378218378446354,0.08092858808515335,1.1302700619735062,-0.6207818540665704,-0.6500214871300053,0.22164594626525327,-0.43545569421211683,0.29101843075889955,-0.17991896339045182
1968-11-15 12:00:00,-0.47838334325387494,-0.14803291345585412,-0.05130370302419082,-0.11620031526324515,-0.4376780445241675,-0.5005769299223157,0.12093461117288629,0.23833686380411345,-0.4279636876157297,-0.09724970990983797,0.40239054694615917,-0.03896879576076977,-0.1867039679913308,-0.5678379588103257
1968-12-16 00:00:00,-0.48685281545638637,0.7869853154949502,-0.23455229426405783,-0.1412696103530353,0.4029882764560183,0.1319049578058965,-0.6813551293391835,-0.11971469135067458,0.5464486026666879,-0.17245833900596427,-0.2933583955418223,-0.32491881145067114,-0.5098719122150649,-0.16732157910614048
1969-01-16 00:00:00,-0.303504153026658,0.47682496880590125,-0.3467714528387983,0.2593260700648651,-0.20772935877707155,-0.044994470568831546,0.37150385858966806,-0.564900896991889,-0.03704261535188946,0.14910142706589222,-0.19119824298737859,0.017691489589607437,-0.12433569888161058,0.5811720117892789
1969-02-14 12:00:00,0.6501809347539589,-0.3638977681381474,-0.2984785010049975,0.1347673585219077,-0.11380099737306326,1.198029303443977,0.966792484639219,0.016098003629335,-0.05191708755993851,-0.8469783823401252,-1.075223687172715,-0.41615416299840113,-0.662804781353037,-0.24050155921278393
1969-03-16 00:00:00,0.5149072691842143,-0.150170585622871,-0.6195901223895058,-0.08333014003844635,-0.1861691145201052,0.10924849943579251,0.24150708102914797,0.10650277311563805,-0.11948341415308178,0.18264274131201375,0.19083621373135617,-0.008043614938374535,-0.2899397101413798,-0.8546042791632188
1969-04-15 12:00:00,-0.32850220847082606,-0.16766692795769186,-0.5796074946839744,0.22229269844088506,-0.10987350785965266,0.1466381768255507,-0.7433595419413579,-0.2618249466530902,0.12066871106081539,-0.03935746587342362,0.27179799385572667,-0.4975621566508174,-0.4458494846038991,-0.16594244016775733
1969-05-16 00:00:00,0.21864747262304524,0.43818065185434435,-0.7740673987907689,0.2843005925845755,0.20952648650886097,-0.5284488796270652,0.10631926898427035,-0.20467613483677582,-0.5178199251879769,-0.05045485025093341,0.1764427766423958,-0.1265040017499693,0.0592225668534043,-0.6954944023293717
1969-06-15 12:00:00,-0.26378150480281387,-0.12744515718461102,-0.07073598337280268,-0.42553292846801816,0.0793204968103135,-0.564120570617745,0.4098814154773184,0.5248250504950782,-0.5360663110383842,0.6967012184846934,0.9138031917696379,0.1015825028416085,-0.3052613143208227,-0.3642963298632866
1969-07-16 00:00:00,0.34434485802070264,0.3097855797077231,-0.3778258000623353,-0.6082437736031874,0.13393655176532715,0.05808916661874142,0.05439346727244743,-0.256901618638965,-0.22825043995386354,0.03152529869229834,0.11480441528965993,0.3015911098833679,0.5078211533972476,0.4561285982156875
1969-08-16 00:00:00,-0.8151151184174985,-0.3171151473473919,-0.2131827259485543,0.07235541228607589,-0.10036470985590273,0.2978107652568093,-0.09850976526508992,-0.172744912821426,0.4164082991278832,-0.2875867182139369,0.17945967364983065,-0.21346588070307257,-0.45613769308605323,0.03822824760553367
1969-09-15 12:00:00,-0.2112810526372419,-0.06349346248582782,0.08720457848481998,-0.14948366210100428,-0.3490383985706788,-0.6896544067567806,-0.27202732666724944,-0.23728520210052018,-0.4688456417686212,-0.14499037007040297,0.13080377337354676,-0.14227612568666848,0.20638628244119472,-0.3948539158816847
1969-10-16 00:00:00,-0.7993428372419807,0.1310161601313649,-0.012898992797145493,0.42772248274583136,-0.4794340932789371,0.0855621013975435,0.6055893497539194,-0.6349897913989714,0.02499921870265215,0.1972151703119527,0.5831185598931021,-0.06763944212270928,-0.509604651707776,0.027548929592531746
1969-11-15 12:00:00,1.3035181036097356,1.5236312057146753,-0.5648215108688197,-0.07526256520224767,-0.14892552250851898,-0.4744141973403905,-0.03300158109723428,1.795738589973341,0.5803509409943806,-0.8813787690966046,1.3120961795698922,0.26849476099723635,0.31252432009420816,0.6064992377171263
1969-12-16 00:00:00,1.1295225324852416,0.08664562488071842,0.2156887076607077,-0.2711502514730688,-0.011592896751924764,0.3281724687948743,0.7764963350933324,-0.7661676001926053,0.7995730459435226,-0.22353390026983896,-0.3461386819105027,0.28172402043549094,0.24767901260417077,-0.35592245053582017
1970-01-16 00:00:00,0.3033297529642441,-0.1524773973891282,0.24945229930393614,-0.27950340900666615,-0.4846876434308918,0.8786998776265952,-0.3912716016410367,0.26321680526751456,-0.5393478123471175,0.12925012718147014,0.3104016961458564,0.5764882355911656,0.20849849777920593,0.24194708937917808
1970-02-14 12:00:00,-0.035592054660925854,-1.0634056537228307,-0.15632616450813763,0.714663366022672,0.48771556735799504,0.6532443915650622,-0.7836531023209025,0.16026514369330258,1.0202308473578068,0.2459729284264438,0.3675369612546072,0.5626430881594188,0.8996029734289098,0.34956089913642774
1970-03-16 00:00:00,-0.30492519253115963,0.5047539313178606,-0.17814160225635192,0.3638781519832297,-0.8812799857359109,-0.622096962881136,-0.05228973612894605,0.343670631527772,0.7988881557303917,-0.32840019597003955,0.04743842075538285,0.9404735760058381,-0.2639172319799165,0.6166361455163281
1970-04-15 12:00:00,-0.3940228677776217,-0.0997175156236847,0.3498609775897892,-0.1808970672274035,0.04435301564620764,0.7778583762155585,-0.48571054111693956,0.7177390297733788,-0.5261825144792605,-0.4095017355769405,0.042331162203766426,-0.47548072661140406,-0.6038609556275741,0.8829888019924144
1970-05-16 00:00:00,0.33463961273510906,0.12586073548315407,0.7091348446919366,-0.2829816662338563,0.09285640833389708,0.2537073335554728,-0.44327806747927023,-0.46747245029926754,-0.7072314371795334,0.35099077048494953,-0.6086296099631664,0.5953234980331737,-0.734092240968406,0.13069346517462332
1970-06-15 12:00:00,1.3348388202538959,0.19414563267075707,0.4713030416250299,0.2341315544942829,-1.0026322355008146,0.7535806411130742,-0.06621652564260372,0.9154579234083233,0.48740757319647204,-0.19049877298678194,0.9201616507520822,0.22236078182946914,1.3458811452793658,0.4396050294413498
1970-07-16 00:00:00,0.20177242294282388,-0.265990601820986,0.7371936638282143,0.2496890589202636,0.2602715975113795,-0.37089491094043997,-0.5250684254977509,-0.407673893989622,0.24607098745107542,-0.04783488962417809,-0.0031180613650462763,0.4470753723053994,0.1467798974096193,0.11562504956239794
1970-08-16 00:00:00,0.14380952683793602,0.030527406578593597,0.2858608417927035,-0.3420388292201506,-0.41788711016050517,0.17332968010032912,-0.18966818527499307,-0.6066848308610471,-0.6068920238039727,0.2338942500395594,-0.3614447016203639,0.8919402207216268,-0.04492644749818309,0.13996100010741963
1970-09-15 12:00:00,-0.28659041846313654,0.27722896657763524,-0.037600554877731854,-0.5097374701989683,0.4036088522266389,0.9602563871176041,0.30833879402078124,0.2859482798876889,-0.8793071655074336,-0.6974157863233637,0.26405868887344947,-0.8837644766440018,-0.012692899706304273,0.3757299699059464
1970-10-16 00:00:00,-0.31335185744997257,-0.2619739882859411,-0.26682996980686235,-0.20440858650883903,0.31869235769194304,0.17306460209868768,-0.03387190417376118,-0.18201695132759166,-0.3701067098808172,0.6285751813897953,0.4067375695506228,0.08391476822197005,-0.20444951282214918,0.09914127276267493
1970-11-15 12:00:00,0.24517028784456646,-0.4094650564580056,0.1494285150280743,-0.9732984077470727,0.5712086297585467,0.8225750202902492,-0.9184511665407745,0.41531908413934215,-1.1205045662489057,0.14114196653989572,-1.2833898212560673,1.5177162031399996,-1.2373043809523978,0.8891248024125804
1970-12-16 00:00:00,0.2750674430990285,-0.7954869578312198,0.14148283995128286,0.719392422240859,0.3373983113951967,-0.514359886283061,0.07283579236045534,0.2875217606930329,0.2273997007105541,0.16208290993750707,-0.08203966376148025,0.030581695189386457,-0.2554389437596818,0.10323961409730653
1971-01-16 00:00:00,-0.1472366194732662,-0.1625953953875146,-0.24294029326862826,-0.6465060982550965,-0.3977160438670092,-0.5310592318678458,-0.05460029657632637,0.10384520797779695,-0.3535102230977011,-0.07170629527289388,0.345568799625963,0.2588069112647553,0.11931755470927119,-0.4085860764974155
1971-02-14 12:00:00,0.5138054101247942,-0.15057311260540257,-0.2832005274128272,0.0266669741267051,-0.8745140225040574,-0.11170101300225987,-0.33821555340667203,-0.019820742872709407,0.17516302702563064,0.13565559964862708,0.0462106293782239,-0.29872330459513025,0.8294766100939238,0.04963024556852225
1971-03-16 00:00:00,-0.48524019896290305,-1.245823326848448,-0.20848718015869055,-0.5279831373599697,0.9159759422040056,-0.36178208314881505,0.5477509784947457,0.088502497585084,0.32933219754449655,0.08856414181405624,0.17377635950063752,0.019269174365019306,0.34665332345419647,0.2736555775047882
1971-04-15 12:00:00,-0.24594197598223072,-0.2606538860153572,-0.4671093740469221,-0.32412124650866114,0.18530430255081587,-0.33000864725269163,-0.1298933395257219,-0.07589710650096126,-0.060458864169210536,-0.3098427464876029,-0.04078575477287938,0.09171509402267031,0.5831212141268487,-0.18267246771997625
1971-05-16 00:00:00,-0.03512611713713076,-0.6177714236594852,-0.29125323174232226,-0.14002338932996078,-0.2087742685565942,-0.08699367515991496,0.03574271623811531,0.27885423296594225,-0.21548506692215386,0.768346441520924,0.043225665258399715,-0.044015326491376676,-0.08427250609962428,-0.12085506248869071
1971-06-15 12:00:00,-0.4581789673217013,0.8768867310941932,-0.9347281590880293,0.6977665834970268,0.7813303833775606,0.17652722805858145,-0.16351042898293666,-0.4944003087015652,0.8632098171438396,0.33473337288911187,-0.5030231216261951,0.018221113721514803,0.045833789107183914,-0.12571331781187167
1971-07-16 00:00:00,0.03447622639689274,-0.8579801795615287,-0.2966788389845898,-0.6352335706036375,-0.041634534550955005,-0.4506834412907778,0.3380828195590192,-0.23813499358692758,-0.4359554844630786,0.1227080788161678,-0.370765682588616,-0.15366648727795257,-0.07763387858394771,0.16471393322395655
1971-08-16 00:00:00,1.5141978033279828,1.5639909925641744,1.1950194309719213,0.3073855308940304,1.5420668710935082,-1.314027705850593,-0.5849321976928623,0.14084033820276276,0.44922669164810775,0.7139774581581222,-0.040566295674333896,-0.705654647470602,-0.15672995607123968,0.6055130846919452
1971-09-15 12:00:00,-0.5801913610485188,-0.4645310929838271,0.16598986629848528,0.8553434319700794,-0.3592339066351959,0.47902690408723425,-0.5739828515808774,0.07395204042670489,0.26064795335741703,-0.5172185892615263,0.17494888494560495,0.06823435535848016,0.2580722163918415,0.08150377884414817
1971-10-16 00:00:00,0.15633529084973657,-0.18389912235332795,-0.38164198188525267,-0.36389483068031725,-0.2592506789980745,-0.00858236472403373,-0.5739664563742302,-0.07620523911355692,-0.6032455754197696,0.413336020685505,-0.25301214830422436,0.5969056028564313,-0.36131871389185083,-0.09557321558274257
1971-11-15 12:00:00,-0.013055698661495418,-0.3439998557499714,0.4401920098982843,-0.08983076862002354,-0.4306047610610503,0.4762941393630765,-0.35475372168917496,0.2704593678814724,0.40683738112370543,-0.017614902288182605,0.21688603499400005,0.06981482532846106,0.45358434019481497,0.023085578346427327
1971-12-16 00:00:00,0.6696233330216097,0.692044896851435,1.1087125615874536,-0.43917996027181194,0.72897318855584,0.08124149493395694,-0.22502610853151583,-0.28938260543423033,-0.08455587956384025,-0.10994540399209149,-0.047620187145952286,-0.254677044724155,-0.2044225080793006,0.8735452323451645
1972-01-16 00:00:00,0.014374958878232924,0.6922821359679248,-1.0668725149059741,-0.5915448667636586,0.455593280828657,0.0665167933496068,-0.1471175601263106,0.15054352667981075,0.27485130047705236,0.18277455692814898,0.24420165895858897,0.049606946247044176,0.008664088560604025,-0.4043510616906482
1972-02-15 00:00:00,0.23877792132868086,1.2317611076648685,0.5295368568679014,0.3504473855917115,0.431255599420017,-0.0874455100427084,0.0054329095576654,1.5788428673276251,-0.34515890578038366,-1.0663536058377907,0.8502010154484936,0.5189401089979493,-0.7224444016709576,-1.0283030896477185
1972-03-16 00:00:00,-0.12551429638457426,-0.511967022146653,-0.6257493217885125,0.4288233682540171,0.9836514533311752,-0.2426112385715734,-0.24692075321533752,0.16642280863292358,-0.28439661457130994,0.37109057617789976,0.49832719349742144,-0.44415416355567194,0.14171718328204055,0.44194582832022067
1972-04-15 12:00:00,0.25384129053939225,1.4235102751085507,0.19417152197058152,0.9040531296809731,0.06416964344732234,1.0736150806352693,1.6104124993841502,-0.5158066081996449,-0.33323808634352836,-0.10448952116819474,0.9074820259387544,0.759359310316186,-0.7921871361448548,-0.4167574762462785
1972-05-16 00:00:00,0.5780007882249527,0.627449028694409,0.22365550534694334,0.04036989492323684,0.0621359776182443,-0.7387717273877152,0.11917882190337059,0.5149251016333245,0.27823840376191916,0.4665018628689419,0.3797099691168306,0.01740178666692903,-0.35404451479810023,-0.09737205034247598
1972-06-15 12:00:00,0.28045284874081006,0.499099262002937,0.4532882347165741,-0.0848406199799307,-0.08980622407572159,-0.7728343890353369,-0.2924817003972363,-0.3500312078669958,0.3733113513034641,0.07552728364571135,0.014963941610163706,0.025495202354467172,-0.0987540742119072,0.26417802763413856
1972-07-16 00:00:00,-0.2662032570093196,0.1230028396488812,0.4687152555776788,0.5497326093002306,0.08951090850708021,-0.3873241633875599,-0.09742296853458687,0.4578163254961505,-0.28335987249657274,-0.23163214809890129,0.5049087858109692,0.4721980277081118,0.004221330305924514,-0.2971142299881911
1972-08-16 00:00:00,-0.8284465316389701,0.6617590650345926,-1.0363401789332822,-0.03614341186816328,0.13996565621890023,-0.3938951169202333,-0.24730473594289537,-0.4412076660916897,0.10561389927075754,0.26481374081864073,-0.24417114311679394,-0.314318008587552,0.1462885525669334,0.3730329786803066
1972-09-15 12:00:00,1.104959996572194,-1.3608514732271348,-0.4182567367667328,0.8576184155531672,0.4823579162863979,0.7185392086980632,0.10028001419836385,0.2095576921013813,-0.23118023051113043,0.16256155215067172,0.9126828435715837,-0.34980772462995113,-0.4670369843111263,-0.639004343924466
1972-10-16 00:00:00,-0.5402805654100638,0.6629780648674439,-0.24787625501473415,-0.024521709838244532,-0.1721431440757053,0.2717131784892929,-0.333804744880679,-0.5969231520263543,-0.23015162208132314,0.4925929248438601,0.03130274373865413,-0.5568680578666183,0.5033365944827266,-0.23994245345924858
1972-11-15 12:00:00,0.025256310215433286,-0.19692471583550217,-0.2631218061640183,0.33780170777069707,-0.45595308606721496,-0.28735495118261245,0.11010671657514637,-0.16698247929495658,-0.380960632231019,-0.002676434175200984,-0.43654593805739617,0.20114302979810436,-0.15490449540318774,-0.33233626321765714
1972-12-16 00:00:00,0.1492541110552555,-1.2848727324025508,-0.4009116717618788,1.5715465973305223,-0.43663868129156924,0.1481729236996876,0.6091800707843772,0.45726759817078766,0.4453090316661879,-0.039204857639917184,-0.3338544392640397,-0.5897889756863557,-0.42911940743468624,0.050309414316010326
1973-01-16 00:00:00,0.5862267375152455,0.10283599723427111,-0.21849585958094447,-0.20604633699819502,-0.6150481293869,0.4394032832739728,-0.5667829175720487,0.6523072623115713,-0.3580264319010078,-0.1846662128135015,0.4194397902998482,0.6991305993921599,0.23715772767970736,0.9825602689950337
1973-02-14 12:00:00,0.6929010031278788,-0.5445373591125271,-0.5797995716069874,0.7506847235854333,0.2505941071254315,0.11927960552100869,0.6397028834316484,0.605810631951609,-0.6160928550127104,-0.8063030469569277,0.16023409809394856,-0.3357012473043707,-0.8463619313543411,-0.6869798256896604
1973-03-16 00:00:00,-0.4661367439687525,-0.42148853526640406,-0.04216390824674544,0.22096658465699826,-0.20363634573279543,-0.6028580279143244,-0.0986266867094715,-0.7243267242536574,-0.2240807473303853,0.017866630301051803,0.4886213048570798,0.16559905128756755,0.06713077948045804,0.13629574382653264
1973-04-15 12:00:00,0.4657982558309635,0.15428399318051772,-0.9600953290128186,-0.857583575154997,0.01922005465001253,0.7806385391121314,0.7894574586454853,0.8332922969917356,0.9430146951976004,-1.2576926822160153,-0.8422231067264189,-1.169434359087226,-0.6350423885633848,0.8280746812133952
1973-05-16 00:00:00,-0.30815897918596735,0.8240150013997389,-0.28769981139345585,-0.032882958282193175,0.6969639922357976,-0.43850028492528614,-0.3494562895488233,-0.07955918822437902,0.15262176321622817,0.9919118526702833,-0.3625790736550051,-0.6451602852773682,0.05381760851204467,-0.029207927033496617
1973-06-15 12:00:00,-0.07776417982116401,-0.7158093504733678,-0.02991163711420344,-0.7074504887021179,-0.07607032302103456,-0.31939260932450286,1.0259328740182503,0.2374892585265591,0.35395473683535833,0.6680116688801995,0.21760938868541044,-0.21589373067808795,0.32643738967370844,0.34958384152026023
1973-07-16 00:00:00,0.01845589228708544,0.8989083057417775,-0.5626780951795313,-0.4672186121577418,0.48265698337766694,0.6165425521024835,0.3655112017335115,1.0908650739147796,-1.082520725043937,0.18649083819467763,0.24507369889145697,0.8318960426539427,-0.5498114219045748,-0.6836763682995086
1973-08-16 00:00:00,-0.5392420199058093,-0.4231132509368034,-0.034458065049679396,-0.18169541293981495,0.5314445464107697,0.34837241045099254,-0.16985333148062154,0.05618284934374551,-0.7271875265530761,-0.6739927057283838,0.3049273160471505,-0.3273289601857988,0.30183823838908436,0.7429293224920079
1973-09-15 12:00:00,0.09245899841549438,-0.10074568334610567,-0.11181139274697646,-0.38829145683033217,-0.28031493447795414,0.814680557015434,0.3405219613919638,-0.6335157910726745,0.21365938459379535,-0.541653870096801,-0.3336089102838491,0.06901822840210992,-0.8415243340924574,-0.5038963642872208
1973-10-16 00:00:00,0.02044644435341475,-0.8877652373664926,-0.02481360743088811,0.0573312849114882,0.7694748166125381,-0.352725839881912,-0.7379286790673063,-0.2337431806442758,0.3608601930237965,-0.24952509583948448,0.37467900035560653,-0.06851044366004418,-0.12689324735131144,-0.09826382174495107
1973-11-15 12:00:00,-0.16033387952001715,0.4015959262921644,-0.0506564754876904,0.43990430706015826,-0.00266629050752909,-0.7925389674397069,0.012389532323935248,-0.24298997842556214,-0.22503823162356046,0.00709419635372685,-0.38641258799694156,0.3713534465564138,-0.5235537996181842,-0.3254213213018303
1973-12-16 00:00:00,-0.25662578162120436,-0.05806181035239927,0.028143022363048317,-0.2873449199411189,-0.47723371799823,-0.36682085808017595,-0.28673597061604855,-0.47458435013182115,-0.48387170697345055,-0.21698393969093852,0.27364020247478643,-0.07086122511355926,0.10692627285183066,-0.14018809791461811
1974-01-16 00:00:00,-0.4683681704903258,0.3575222850286624,-0.69461489060129,-0.4048250414296941,0.43060277517501955,-0.2382154323360539,0.1012400795087387,0.029331872877319976,0.3432826981254919,0.6174800531205928,-0.0730561967520374,-0.7807862098328446,0.2733709831297239,0.4688656208379687
1974-02-14 12:00:00,0.6488520577053463,0.10116516306137763,0.5816160492798353,-0.19923725461146025,1.2275343986025429,-0.39664099196287517,0.2033069521104306,0.36356578571897,-0.6294288827914276,-0.57006719383989,1.2927966301914942,0.4109984932083921,0.4824543756857337,-0.19459095606895294
1974-03-16 00:00:00,-1.2019887886487695,-0.45265869860234176,-0.10655320634947267,0.07449555280205589,0.38953582283324717,-0.47018542648064626,0.4702796176579528,0.7041250188658501,1.0840854085468896,0.2033836742947145,-0.2903423805990972,0.5340120575417274,-0.1363696059406614,0.047209963968071755
1974-04-15 12:00:00,-0.9333139823911121,0.6407583341553189,-0.2821348509785888,0.2465684936672543,0.1920549653315936,0.18156068717419738,0.29038321124904576,-0.48766956496698205,-0.19321131418718512,0.9144092513754027,0.26867544550049194,-0.3255022528970809,0.6336952991146912,0.048937863261749426
1974-05-16 00:00:00,1.1887925533135653,0.12786537139210302,0.04884881740202941,0.262405206515961,-1.372472729575478,0.3832850790540986,1.1653910014509052,-0.5173051504167997,0.528731456238315,-0.2013239214674107,0.14460952722472648,0.19832308258654838,0.06546539012546795,-0.013467236254487758
1974-06-15 12:00:00,0.5700084798987106,-0.6495533466427532,-0.5075863255468092,0.8529531932248882,0.8253776083133432,0.19652255264583085,-0.5875166519677131,0.3903489066855812,0.07567130982636744,1.3507844579755952,-0.021407877588196567,0.20260755974729097,-0.46071678497459106,-0.027397921635606504
1974-07-16 00:00:00,0.25899932706287393,0.40537067937318,-0.3485892158418902,0.1419745408198897,-0.6914688570212082,-0.1483374988551952,-0.01722959350512454,-0.23235651767257748,-0.03814860076090032,-0.06536661902786378,-0.10507759559807656,-0.7665436689205698,-0.25927993559164525,-0.09732185565676998
1974-08-16 00:00:00,-0.11182292954225978,-0.0008832312481237836,0.7858977532095575,-0.06305229659697481,-0.4719802198293517,-0.34023497564798816,-0.4064968725551066,0.15842056853435926,-0.11449503916277137,-0.17192192235007234,0.1343558914788085,-0.3036995530864214,0.7623272158261002,0.1086328395651096
1974-09-15 12:00:00,-0.2512249122698562,0.044997126172993174,0.367095488396648,0.03224745879655372,-0.22989118564261746,-0.5624827199115369,-0.2626005659068767,-0.10117807572458426,-0.6059606411869245,-0.14271958300478452,0.1820236488282836,0.4553060323046205,-0.13201532945476832,-0.24633948289980218
1974-10-16 00:00:00,-0.23874006318377292,-0.3294526397854348,0.1564746361256339,-0.25370362459404294,-0.0737724422551973,-0.05583512891464115,-0.6381620281536035,0.03173243599124753,-0.11591479523734965,-0.4120473094871234,0.2409242342439818,-0.30396985974542734,0.08877005189555522,0.23415282906955204
1974-11-15 12:00:00,0.7611910045980812,-1.5895419175920673,-0.07019190647968016,0.5834984069733693,1.107278487659316,0.8394452935766813,-1.1799272448105547,0.2420606723097054,0.9115682727884498,0.3135948522746875,0.8008717997377564,0.1352232957095304,-0.5947624466759865,-0.18405363949887332
1974-12-16 00:00:00,-0.9492035607262876,0.19644823835454123,0.08565259722481881,0.728141815868621,-0.18535399435148403,-0.028231770463828965,0.20418815619313957,-0.11075197831814398,-0.08262254970466837,-0.9684402345298424,-0.06767261887537657,-0.1681518860942596,0.31473994863261423,0.9476816899045619
1975-01-16 00:00:00,-0.09594527057275265,-0.06329153849799868,-0.10806247072942785,0.2107773022862799,0.054299979580334834,0.26996335489244705,0.2740284533153686,-0.7836328264377396,-0.6610555039245758,-0.4283954086061077,-0.3441398821785724,0.260393211125165,-0.044518076235009724,0.4526420859129219
1975-02-14 12:00:00,-0.8703095341325451,-0.1728675984905297,0.23018109064863423,-0.38395114787419127,0.0733479803124143,-0.021170243083886597,0.03905996761247499,0.7253633752204935,0.05247279492609508,-0.04619745149376911,-0.6168652625200541,0.3172677013492631,0.4506296526931768,-0.8570393997185695
1975-03-16 00:00:00,-0.6571088472897869,0.18395668669907767,-0.5587861470001692,0.8716667088848216,-0.027844721990888166,-0.3545542931584969,-0.274394246967465,-0.6258067954553745,0.7255083746294757,0.20746078245492128,-0.011228974125373437,0.3131998105397511,0.015209016138029158,-0.042993055667864266
1975-04-15 12:00:00,-0.10824274627932393,-0.3059307991611878,0.020210733268926362,-0.22002496616239292,0.40773114705027413,-0.26175305856764736,-0.16882533209584027,-0.5303283691167238,-0.3493609204714062,-0.08037630652705113,0.32417187857174856,-0.08619186023515067,0.47775185940075154,-0.00015029723902892922
1975-05-16 00:00:00,0.5099504070166487,-0.587942898972045,-0.16176584096714297,0.4780365571525741,0.8252483993769265,0.4486466984285272,-0.09870771784177712,0.05017104389352944,-0.377590159542075,-0.49041297698716535,0.2282915473983703,-0.5804340196089496,0.5570205941945299,-0.24955139255616093
1975-06-15 12:00:00,-0.5170058301721042,-0.07938547777240934,-0.3511330767789551,0.2946725705135449,-0.17176114829304212,-0.07345317624781367,-0.05845470497093752,-0.17836684059024754,-0.2531644379207133,0.14768434650452084,-0.19715435421886585,-0.04310921124112299,0.2308569841399025,-0.27674066372124084
1975-07-16 00:00:00,-0.1505072931176281,-0.7792761521589193,-0.22467561271793302,0.864810709545097,0.1148307357073558,0.05001544859988416,-1.0223735246481678,0.2135066602035116,0.11444949402967447,0.5334165564273644,0.5520594510271203,-0.11827731539415104,0.6254806614944756,-0.43849879789659435
1975-08-16 00:00:00,-0.11588255390017843,0.22393992464097795,0.5420319467795067,0.5372776817569336,0.3074842501380447,-0.015711807530064292,0.20480095935600884,0.2595148668217817,0.403100537089403,-0.03966923100192199,0.40771575065727894,0.695135959660292,-0.01255952843022094,0.19581684367001884
1975-09-15 12:00:00,-0.44728831239158445,0.6081781544678524,-0.06510990350106893,1.841686407982985,-0.2900558813216173,-0.033926394803288185,0.053883544365325386,0.39720494406720896,0.28543915388973057,-0.2899990989409482,-0.32505712953654264,0.07866119448135742,0.7315821250518713,-0.18315010002976767
1975-10-16 00:00:00,-0.390552583533559,-0.4814275707709333,-0.4950372942897408,0.3981799979655204,-0.44518492767723017,-0.6642097644196959,1.3338805584947235,0.46243580704422205,-0.0864381028143264,0.3369083255984141,-0.0012786734614362583,-0.3927588045304343,-0.6555210068956991,0.16573840367944037
1975-11-15 12:00:00,-0.2654856469828091,0.013062687957665242,-0.5488163147515781,0.1630015432356977,0.2079818351462832,0.5992683664378896,-0.7008053556740962,-0.09788085000039115,-0.06343823675619414,-0.1505004173031291,-0.46455444883594166,-1.0603191059734192,-0.012131119711503284,-0.028647004045629476
1975-12-16 00:00:00,0.42253708740804324,-0.08542024596698611,-0.2337429696096684,-0.2219042634349377,-0.6131309688264771,0.07630305530262727,-0.312327063785213,0.1605481633305248,-0.35164909329970195,-0.614715202117594,0.2438836716862946,-0.4556475877622197,-0.1769549712665906,0.04478504276459461
1976-01-16 00:00:00,-0.18737652292907198,0.04184163661562579,-0.23977244264400932,-0.6521667702322489,0.205479671506146,-0.07898479687890192,0.43452804187480776,-0.8177054366242351,0.15836965870917769,-0.09460093553861462,0.12929719063078876,-0.17224229307282962,0.32295756944985793,-0.017295957107992588
1976-02-15 00:00:00,0.27841282111453264,0.6401387900755675,-0.11975725463086531,-0.5191158179102776,-0.06416417088006354,0.6828222375106102,0.1815873437183867,-0.23423082179371058,0.024742397901281465,0.3061339682705679,0.39734252729563735,1.0755096238795074,-0.2180868409962787,-0.2885669503994945
1976-03-16 00:00:00,-0.5015500708194875,-0.02441994842333245,0.6826195341276579,1.301036341841249,0.19562228550799943,0.6897010528752493,-0.1324855400271906,-0.34829835961628575,0.1506934500720462,0.057864695250967914,0.17977584375345235,-0.0005326115665511416,0.47456190576616697,-0.37935968419366695
1976-04-15 12:00:00,0.13680324853185233,0.7443627588798347,-1.2589885374034482,-0.018399299082383747,0.3555510771476559,-0.1893266985099824,0.15474497288632083,0.30771358651254377,0.022569769458348432,0.11907073520888001,-0.17091493969852323,0.023199166512283376,-0.09556279445600244,-1.1190257371232122
1976-05-16 00:00:00,0.33856084198954545,-0.698480061262557,-0.41742234177788456,-0.45464026715071915,0.5593038083888021,0.054476591987443146,-0.3719928402498148,-0.2918760302946827,-0.3205461585402801,-0.38285986914150083,0.06453326477384008,0.33397855949757793,0.017024885601484647,0.11894972597351017
1976-06-15 12:00:00,0.1419034524565032,0.48995680929949387,-0.4849482708228534,0.17260118106175126,-0.2568264257247278,0.7967655949991727,-0.7649086765276677,0.5232493764535746,-0.24729701663797074,-0.022908998286753857,0.2022980845666584,-0.12099651167984923,-0.15284875460733777,0.7959787061165262
1976-07-16 00:00:00,-0.20052915295671744,-0.07706702035374663,0.02337918414371759,0.18439351701964468,0.28688414426253217,0.4101167311315429,-0.26232849520660373,-0.19410913060512613,0.6677669564319884,0.005904741280407896,0.00019570983913347328,0.663565321332966,0.14840086416358678,-0.38497641197116766
1976-08-16 00:00:00,-0.44122059157576915,-0.40219368681738277,-0.20354636168254536,-0.4695385717042496,-0.20208479311457905,-0.17807780717238797,-0.6055920634626574,-0.4170835972191254,-0.03158777480223263,-0.2128067831152816,0.3245527242931734,-0.5528242827170461,-0.3888713376964272,0.04211950951674692
1976-09-15 12:00:00,0.20221385031188172,0.7563771715219307,-0.2757966268593836,-0.032965441582472554,0.7328676243587041,-0.09537215368766894,-0.2933097264173123,-0.07595691945366356,0.2103029461159926,-0.027226994607493032,-0.8054309189817416,0.25919053959050364,0.4512774162202557,0.11123656689327954
1976-10-16 00:00:00,0.7443463716231458,-0.9690746271502579,-0.4588372689765839,0.8349745982743684,-0.28308275498937496,0.41212903368408094,-0.11879035582372943,-0.17986770716712486,0.03690885830709095,-0.4203075363625447,-0.5781991890767985,-0.5736135880536457,-0.578927688167662,-0.19778181122077138
1976-11-15 12:00:00,-0.43464780808948844,0.13734163146680206,-0.3852773162283583,-0.02289208347815036,-0.6840499802088411,-0.4945551699781377,0.13466225907560792,0.2624194816043113,0.18174090548044747,-0.11453469721190196,0.7193632262419971,-0.04618870892981173,-0.12772119597733747,0.5951386107319556
1976-12-16 00:00:00,-1.4363629818315236,-0.13112533973892665,-0.1323104523095532,0.22379867525265973,0.2843790905742921,-0.6591270230417913,0.881548754877724,-0.36008010214688957,1.1305395377247967,-0.013022075457937016,-0.0249754950380896,0.6043745989302899,-0.45111038309656326,0.254311919044073
1977-01-16 00:00:00,-0.49663109657391896,0.018403347850646956,0.5066650529652891,-0.4226977823510079,-0.49446805663550225,0.34869892398505165,-0.22325191514193005,-0.5023457465422339,-0.1276345843354713,-0.12386858566369222,0.1291541458579083,-0.09413144629391433,0.606711186552154,-0.6441657549531417
1977-02-14 12:00:00,-0.1745382577196534,0.2216513203423766,-0.11307818080446064,-0.3250960570058544,-0.030152238279482324,-0.25895912886725503,-0.2649891032270824,-0.3595353699824745,-0.060912350427805406,-0.6347021815307035,-0.013189438947911691,-0.6295987658212521,-0.25082003956483356,0.3990487062910484
1977-03-16 00:00:00,0.5933269164618065,0.15982717034635524,0.5852559511340856,0.7922854855985353,-0.24023407864111412,-1.0417791215298766,0.5708993498344147,-0.06617770687201241,-0.10595788607169004,-0.33896026401620005,-0.33701679006538665,-0.043438512309233665,-0.5022959105998122,-0.29713160596497495
1977-04-15 12:00:00,0.16868754680381232,0.16790442760868923,0.4585797770499098,0.11302112142454634,0.23741767256245416,-0.0483740633143771,-0.44997110384499917,-0.30744974777682504,0.017550370599257292,0.017959597032657232,0.056005147350397216,-0.6066599981403634,-0.29793134443615726,-0.47702633752356105
1977-05-16 00:00:00,0.01284986877589045,-0.2360242513349077,-0.01912550111251591,-0.24700094850407242,-0.2762224845005111,-0.045922303822973576,-0.5299344251466603,0.050482598014751745,-1.0306484549233166,0.3279302499002136,-0.4887094212263067,1.1615273911616175,-0.6793467352018848,0.23506113806128182
1977-06-15 12:00:00,-0.06448785819629427,-0.11536410368834665,0.15232069109703472,0.43016157332391314,0.34575117790668963,-0.9585426653936611,-0.3613203999376875,-0.34486174007477033,0.01509275094215512,-0.07262717691814627,0.15315070268291073,0.12521337853560854,0.004080026960251042,0.2739532186139434
1977-07-16 00:00:00,0.42299442408609983,0.07834980426641014,-0.04189570108916341,-0.579989716842202,-0.4750466479307281,-0.21762729549011495,-0.4913639980335783,0.25129854940243823,0.18004619323318888,-0.6410541874169137,0.4701508897287221,-0.5382721164135292,-0.4460302527807195,-0.03335832490355872
1977-08-16 00:00:00,-0.05940716101603716,-0.5467930449886196,-0.0179513702527148,-0.24088830679720358,-0.3944312806343351,0.3029218020196508,-0.03317220079801919,0.17334639007884467,-0.41726657776220083,0.44939016787362207,-0.040967653102195134,-0.4362176692076398,-0.5011795642861232,-0.020391494495509144
1977-09-15 12:00:00,-0.30249035676886665,-0.08467920327483025,-0.3506971962086698,0.11806042893832847,0.6480233677749144,0.01755955997676728,-0.6387167600891885,-0.3009121450968745,0.44498588566221714,0.3081246248604652,-0.17719693572294254,-0.2772217021785569,0.16543366097845852,-0.2110674373017546
1977-10-16 00:00:00,-0.324578394080819,0.13949550891581458,0.7343699343737407,-0.4287289368572339,-0.2668118869400412,0.2732094770595198,0.2468736047953778,0.13249460285234782,0.031757281791188585,0.33738471734826264,0.1322462703756319,-1.3185058098653983,-0.932927100925881,0.46371067655037623
1977-11-15 12:00:00,0.1874100277181085,0.26204241240641185,-0.7770499375759675,-0.2681901191008933,0.7595511973671697,-0.33518188230097984,-0.11442303763785422,-0.4314664984437738,-0.4162852558114901,0.5400014200294078,-0.14916947929504348,-0.09587326687638317,0.44763305477918586,0.07701772719994504
1977-12-16 00:00:00,0.1027309986896473,0.24614263658094354,-0.015864080521024913,-0.29183931991528045,-0.3602442537809595,-0.03430648623632693,0.42880177632782923,-0.1831172916940056,-0.27269724037220683,0.2884549324345209,0.3626181724164472,-0.38768920705548493,-0.24006475506117814,-0.6891720117653792
1978-01-16 00:00:00,0.11558674470788532,-0.27411886197798163,0.29675316623424586,-0.2857938426546436,0.4255769096506635,0.031848509907301814,-0.25846283949127746,-0.7901884898161302,-0.36393262156799017,-0.2794490872772526,0.6667552716879191,-0.40491448419572307,0.01689654548415124,0.2211714573064525
1978-02-14 12:00:00,-0.6573362137890042,-0.5728907407982927,0.04297117241722012,-0.32534553909377595,-0.05784645210103656,-0.682213434205717,0.366078372126421,0.39157030609980414,-0.14466618225020794,0.38086140551874503,0.13972236245726186,0.0031513286366911114,-0.43777236562542615,-0.28244671785188263
1978-03-16 00:00:00,0.006963618911009495,0.10079005301501204,0.6749136792378134,-0.23900804565069486,-0.15697584075725546,-1.0776840993415449,-0.5896579410522798,-0.3311738413646811,0.002308248868241991,-0.11273867406770219,-0.009235376003587703,0.06585848394857652,-0.2472118138400439,-0.5783503907181828
1978-04-15 12:00:00,-1.0370727004030698,-0.4862213937504772,-0.15404963854050646,0.47904871106711255,-0.2802151231968616,-0.09667381431794231,0.29368391226838475,-0.0009232825285714341,0.2597285608073671,-0.24380305472371785,0.08198395440340314,-0.011181819099781415,-0.514545179208387,0.19005777932359902
1978-05-16 00:00:00,0.18865885161286616,0.36005834769893524,0.6490049235228267,-0.4629992752578456,0.021826791127469325,-0.711768763487492,-0.4707556044541661,0.27274398471664085,-0.2915155646767059,0.4257358435461509,-0.5785933894433493,0.45283732959007195,-0.2616078065103159,-0.10776052493589783
1978-06-15 12:00:00,-0.24934782155624513,0.8681005429779871,-0.9513357529301624,-0.1150810370274653,-0.10365869939903516,-0.24198140347169483,0.006759993829789646,0.057796936462079174,0.325616236279413,0.8431843888232218,0.08878737710686765,0.02020302608195354,0.1496085793072166,-0.3598505762191168
1978-07-16 00:00:00,-0.7535825475207811,-0.8034991854907354,0.3390001302342738,-0.15609391987623994,-0.09531421950291019,-0.2570422546859725,0.35118546449614707,0.570572586419775,-0.3158825738920559,1.3010128628442266,-0.043502476835100556,0.06004200041425106,-0.41721377976622975,0.2611213486226299
1978-08-16 00:00:00,0.07582396153913001,0.34240554700941256,0.09172070664088287,0.5862875937986418,0.11556212608869754,0.7817787366500158,0.764002594644296,-0.49120069844138964,-0.02585038765211589,-0.21919291979529001,-0.37194413592257725,0.9278670288782543,0.4710066694994016,0.2504238880568238
1978-09-15 12:00:00,-0.6612053437842881,0.3907567527675287,-0.27615896848204924,1.0451484946048937,-0.13743560987685088,0.6267486357254627,0.09901235217167614,-0.1280181042269426,0.27786519039220653,0.13321689365934142,-0.1860328359936893,0.09258728073538938,-0.17218841274530983,0.6212622926459852
1978-10-16 00:00:00,-0.23634147882108997,0.052656441960887035,0.11157641595680891,-0.165254230059438,-0.1917472253734841,-0.36407239650705203,0.1755615670203895,1.2487277824686895,-0.45307116398724356,0.12951939178199717,0.6966469819482474,-0.02100021432474558,-0.11977474835279044,-0.6437455541814076
1978-11-15 12:00:00,-0.24933791872825234,-0.3934301398069537,-0.306174797926028,-0.3166597666085038,-0.052685685218159195,0.24545267892508071,-0.7758260502861731,-0.3750199370887155,-0.15371080476341242,-0.20721540787828488,-0.10835111497590316,-0.006078090151881169,-0.36102087454088705,0.12084919903222313
1978-12-16 00:00:00,-0.049474554846126395,-0.3677669709574051,0.0476597671378116,-0.6553126324639887,-0.045856965089631774,-0.7220889085271198,0.07519287294340371,-0.4132639558707978,-0.7192050203848113,-0.06615169079836,0.10514773313671211,0.271059592519033,0.2705741558619503,0.5897776414894629
1979-01-16 00:00:00,-0.321282202021348,1.4187501036986663,-0.426094142974408,-0.11869972362329545,0.41099146985593304,0.980371503140521,-0.4477769863152963,-0.3144133279386005,-0.23413299979209565,0.10575406908188577,-0.11060101972410263,-1.2251343654528342,0.35895112504856896,0.10122149755609866
1979-02-14 12:00:00,0.46742063208106205,-0.25877385327362495,0.37804892723887484,-0.020722303065219216,-0.3698188526619194,-0.2579421978114208,0.2673178864014786,-0.1081979101099092,-0.1551943493261626,0.10953282854141574,0.0641446528248108,-0.11467626279504534,-0.19987771125874573,-0.34890677717900825
1979-03-16 00:00:00,0.2032141461655656,-0.751528165826965,-0.1706303598503178,0.08654243870023415,0.03153639720461143,0.14257209344236776,-0.053945479731701274,0.2689944101455928,0.9900939064651526,-0.17935545413542878,-0.4809892539539421,0.46948972669399935,-0.4403913219314147,-0.3576821044256123
1979-04-15 12:00:00,-0.429596645179285,0.1158634085221461,-0.25417122224326866,0.1329200008434196,-0.6073652268251223,0.5287869798761932,-0.4435474296644738,0.3791175516922165,-0.8471497880630428,-0.7413806144755186,-0.16432320516293936,-0.2740422704853599,-0.8474307884923407,-0.0769320987072698
1979-05-16 00:00:00,-0.5315267975036598,0.9492449575316348,-0.2036038150894915,-0.12703886822889593,0.28284880239981225,0.9839315835411923,-0.112179716524766,0.8071970831259971,-0.7433007089051352,-0.31618506045253525,0.16062926288455143,0.12287996473926896,-1.2950021559896723,0.21427980871173335
1979-06-15 12:00:00,0.648819861772973,-0.08975174645637168,-0.17197497176053528,0.08285069195049899,-0.6874695499256902,-0.18375090084414758,-0.07886576351489039,0.13315610137597944,-0.07725079878777807,-0.4825288296567758,-0.26327228863265384,0.22321629573534038,-0.568529087512358,-0.08420724986862627
1979-07-16 00:00:00,-0.31815386303706955,-0.21366125990007628,-0.27810122317892894,-0.051876696728096305,-0.0111986122240052,-0.07989739651970695,0.18593464656013825,0.14455448761311585,-0.388226374180105,-0.5977272475514265,0.6482707469749353,-0.11914874077237425,-0.32419059539852246,-0.2954232337164518
1979-08-16 00:00:00,-0.21644703088558345,0.7425583745416966,0.015458082200475384,0.5948814860815697,-0.33030292355312024,0.48818144122357066,-0.0006633612085035212,0.4323977124779781,-0.45971238820601307,0.377401885336934,-0.36011607003492063,0.023469592387022953,0.6768630589098664,-0.3563622558281589
1979-09-15 12:00:00,1.7935736797303545,0.8180631959312268,-0.24300986002291114,-0.15456795039360605,-0.8513503459829435,-0.45443378904646775,0.3120457108372007,0.952017786778866,0.8403000884996807,0.2709087789837574,-0.541719295685915,0.31098215414161257,0.2084636636327318,0.2739125393787333
1979-10-16 00:00:00,-0.7737838229845739,0.5585814346796423,0.08268240455949692,-0.0711272746519826,-0.6812409176124872,0.3873275347664805,-0.018204579678278376,0.1175811261091173,0.11839011819792328,0.4314814495454763,0.3584422939558326,-0.7327587469905773,0.05173251473746571,0.3986388173990314
1979-11-15 12:00:00,0.13654154630314108,0.06256120861521408,0.06937154103055013,-0.122877108121275,-1.0561277718293298,-0.5066406118672993,0.4157399171723851,0.7555419317864447,0.261774261056451,0.5842816812395456,-0.0008625118622026806,0.03908760123985053,0.22549119996338424,0.29100012098133554
1979-12-16 00:00:00,-0.13748277025792033,-0.01978465703570731,0.4939943545425941,-0.47386944506592227,-0.04419146485024461,-0.6906845641292465,-0.3327546622672758,-0.23748341636933146,0.21440367948755418,-0.14381506312587763,-0.44001545343898174,0.10914466708895232,-0.323755917744604,-0.17399822947734866
1980-01-16 00:00:00,0.7866135225986286,-0.9697501681105345,0.03501402892473539,0.32213229922774855,-0.10791241186625988,-0.6493738893186553,0.17389260893329161,0.16883129843175348,0.235903184047692,0.4688438544126923,0.14745064248632206,-0.41705750836617983,-0.014371899281019234,0.2627026194033184
1980-02-15 00:00:00,0.07947457230934762,-0.2846365458650688,0.028529775173472743,-0.16907852969329118,-0.13009237292624654,-0.0911760473723976,0.08461398543201881,0.10338832025349387,0.30085042396850953,-0.5998089167953242,0.4203984534131855,0.19520608235528272,0.7084909465416841,0.003358750022007473
1980-03-16 00:00:00,-0.7950970386187464,-0.3439106367816409,0.4390293870651842,0.662781787151709,-0.4141823096372011,0.21207204573194904,1.03963501000834,0.5178896275455867,0.2106261881928964,0.6768522288011527,0.7705197616448834,0.11827624401223036,-0.013201274319173862,-0.013447897953118848
1980-04-15 12:00:00,-0.8375669207196932,-0.13312073511219918,0.37758551728858775,0.4802972889630651,-0.22705894121561832,-0.07458603239508743,0.2528290665830808,-0.5236609716615787,0.5205260560856093,0.11184001365038088,0.35814042599759116,0.38255962866891224,-0.020237097393112524,-0.19529847299158526
1980-05-16 00:00:00,0.2481608198867465,0.36647555631911194,-0.5772467313989273,0.4442855072440641,-0.8602728838179284,0.15418583067187575,0.12581157661237574,-0.49920691877246537,0.045749731205590616,0.07911984269486669,-0.054993642409206955,-0.17967532666922406,-0.07727445168300957,0.48281743105718467
1980-06-15 12:00:00,-0.11067007063954695,0.23258269698858797,0.7276164106482282,-0.0832273430202694,0.11104746698368717,-1.1978397398531149,0.0036935677761534835,0.08060309415937517,-0.04286801928838424,0.08906919440197378,0.09235225119194762,0.027769521453361784,0.007505090806429171,0.2682058668294095
1980-07-16 00:00:00,0.016981596123238518,-0.6139060496259724,0.21313227039512345,0.4805891348977903,0.24265937738042986,-0.19183938414221857,-0.7949838990938278,0.14685198411607614,-0.32079804768834286,0.20617304066634182,-0.13898415665533104,0.8304299150795659,-0.5491047824049712,0.33017798052625513
1980-08-16 00:00:00,0.3885299048992881,0.5569660566089936,-1.132901727424942,-0.8186636829821364,0.8811975103046307,0.04178506305415852,0.6816318482410774,-0.2670874404418785,0.7369730902781049,-0.4443423554097661,0.1703623571972699,0.1284631465894313,0.9186159307706758,0.2694349018721204
1980-09-15 12:00:00,0.7344930689653648,-0.6522435106242968,-0.4363109554645292,0.500170022669161,-0.4774730852949419,0.1030431240773041,0.10946922333703324,-0.08530958438406588,-0.1468604061486823,0.009708853997205502,0.10297918987368923,-0.05926258893735989,0.012037985298235562,-0.2985454849044027
1980-10-16 00:00:00,-0.45272864422869735,-0.47306834282497057,0.16645371068572024,-0.6742718383635925,0.2938940917823677,-0.4852593801645793,0.2694607481717639,0.10715383872400319,-0.46350399273647713,-0.5144928043914045,0.17759152941485928,-0.21844948883334991,0.9549384666172769,0.5326026525749228
1980-11-15 12:00:00,0.7724346916260556,-0.5061555922287159,0.3802085935141724,0.5397784315070706,-0.27145809846813623,0.4392911874031439,0.9279514488329913,1.296974621792574,0.11374158568912113,0.2199566962340898,-1.931968046718636,-0.3194233629984114,0.882784652951144,-0.4217293755309751
1980-12-16 00:00:00,-0.2804939043515853,-0.04365179055009405,1.266602937779134,-0.11265904008240923,-0.19368002572716292,0.31211365466939156,-0.6723731290053471,0.8050209207068415,-1.3091266340611503,0.22364930547947245,-1.4058819453160818,0.9201656067807139,0.6006070886001578,-0.08884251110948205
1981-01-16 00:00:00,-0.6868819118032637,-0.47181810891944875,0.2634617110752844,-0.6973496954707552,0.2427972507861339,-0.6373706231784976,1.1312041765265715,0.3076154226945369,-0.18620921647030986,0.46080319262079694,0.6550635652377507,-0.11684063754778105,0.18485807921655212,0.23470805201361133
1981-02-14 12:00:00,0.866466532339548,0.4348389652415448,0.6812274191739449,-0.0688052694594225,0.28305873803038206,-0.12003218867944387,0.19721453824488988,-0.3756714176836651,1.0119540812549652,-0.09401582467488837,-0.40665125510629774,0.06620230946192396,0.07502051490115037,-0.7462989909320833
1981-03-16 00:00:00,0.5404816272759072,-0.6375792491057417,-0.40353480726994506,0.18805427543506092,0.10878986976433858,-0.06121526018382295,-0.36506864574250447,-0.36647551057052663,0.1371737872054301,0.16355051217766917,-0.521814462271886,0.20616697794078118,-0.1299807814435732,-0.6124519345556393
1981-04-15 12:00:00,1.378421500421014,-0.23748502644944489,-0.691856147925218,0.4869169302994192,0.3267161118979621,0.2086017469301752,1.2545497684575562,0.47107420664329736,-1.1549285237391214,-0.005586303938472842,-0.6055064961263004,0.03944324980298042,-0.3266861770435253,-0.3667196628215309
1981-05-16 00:00:00,0.3667318629556598,-0.33467230531234904,0.6188635832318578,0.31086704600240267,-0.605090097687091,1.220201253994544,-0.46143553577676,0.468323935822067,-0.5937656620297118,0.41365999920565255,-0.7636455897475062,0.8001795859615609,0.7022817932498331,0.31891878034286714
1981-06-15 12:00:00,0.11661498159976791,-0.435017915774985,-0.2913058456055091,-0.686213264475593,0.5302031283845131,0.09021379960496578,-0.26887723901908783,0.10399983428046622,0.6245102472914856,-0.3299492272149265,-0.11097997439039331,-0.3096955590037619,-0.3321586053334553,-0.15800104830489747
1981-07-16 00:00:00,0.13863058881353835,-1.3981290695561344,-0.31645047067102794,0.4123578478875337,0.7886403783771275,1.1540741321120067,-0.5677915961373636,0.5826276589695587,0.8268607979758364,-0.4381819060183303,-0.16674863732678336,-0.9813652286007715,-0.48073177993343336,-0.25620610439305463
1981-08-16 00:00:00,-0.5668710105339458,0.436548289378257,1.28921481966959,0.42409883288305583,-0.20988404584822895,0.30331337399547664,0.30375393359889113,-0.7514296134430024,-0.1500738305593905,-0.010587857865936495,0.47658717619831775,0.4343838300725319,0.350271572634143,-0.27376166218135844
1981-09-15 12:00:00,-1.4142484950225565,-1.1862899307370867,0.22522631004856397,-1.1572916974525786,-0.09805419200530663,-0.6088131138175448,1.3905392294880663,1.1860472210234496,0.5645146219274131,1.7811815918744196,0.2943390715008204,-0.6131473986000352,-0.9331129663180069,0.4751034481158114
1981-10-16 00:00:00,1.3100642381174208,-0.2516051160755922,-0.31781661459423693,0.43605365575462307,0.1868096587993412,-0.5595604844366422,0.4492228067089613,0.17465228216509154,-0.39071914838771776,-0.7258617842240751,0.18492300829594374,-0.32148488417918086,0.04481672063806284,-0.2752332408664114
1981-11-15 12:00:00,1.208047076441532,0.8560230049677295,-0.2826597151307229,-0.33954834537564005,-0.15887706680953784,0.33402988287459123,0.3640106774847264,-0.03221699275182166,-0.32728400773419264,0.6378090476780035,-0.1202138996028686,0.6627571345730203,0.26407153067725264,0.518886255339398
1981-12-16 00:00:00,0.3031996549520151,0.4528937654064232,-0.36127806857890193,-0.6083717208239952,-0.9587154714191854,-0.1277022341177777,-0.695483268845472,0.1974208577126464,0.12010439772842302,-0.32263335453155595,0.41351728693402856,-0.6316579397015429,0.2921152214931814,0.699838130149183
1982-01-16 00:00:00,-0.16368000059481932,-0.039670306913926257,0.20351081291864576,0.1460101460554074,-0.5834354681307307,-0.10792711460097393,-0.6515197261593644,0.8514252426195967,0.6192672501220404,0.5793906198384369,0.07796432940239767,-0.3111384644958156,0.9822054782087007,0.19846209234061352
1982-02-14 12:00:00,0.6409892612058887,-0.38807802431563715,0.10142240067035872,0.12258403127280704,0.12527328682080063,0.07513020796944903,-0.5685930594000491,-0.3655699593009804,-0.5557482914997107,0.4290636605946364,-0.43298187712024083,0.33591282857455784,-0.16226369990981251,0.0803517544054636
1982-03-16 00:00:00,-0.42340355095265925,0.4185149181276809,-0.29645900226677396,0.19415472688016588,-0.19506249930903186,-0.051455837156204054,-0.2854540219126949,-0.482196441813681,-0.40984102517884063,0.7738217336317321,-0.11884503600426294,0.45803087783821206,-0.23174641448568029,0.29526817296421337
1982-04-15 12:00:00,0.8608023026184313,-0.4035280155306966,0.23217655038400858,0.17956104819644703,0.48694510361578025,-0.6084614609404813,0.25905427777101275,-0.6380576113878702,-0.31856434355954066,-0.09578560483516313,-0.18755255132663684,-0.1517710502680043,0.2613930872714073,0.3763484843420999
1982-05-16 00:00:00,-0.42735577845663847,-0.39732587660359037,0.308664349067085,0.0417230783963487,-0.03660088899274827,-0.09623680409943869,0.382742855961378,0.8729949234149281,-0.4456658749118698,0.5093651417716129,0.15541275900830456,-0.23346224097994783,0.3543847503243522,-0.6332276140939794
1982-06-15 12:00:00,-0.17876111357093816,-0.09322787567897367,-0.7636911833723723,-0.5498278215850596,0.3450151987673272,-0.43079894719098233,1.182376779161583,0.7466017590712632,-0.49651676431984676,1.0681480495487683,-0.40734587650701826,-0.8624080591615357,-0.27694573022315583,-0.05508783718894483
1982-07-16 00:00:00,0.5551598404514715,-0.31809212450472313,1.223863483772232,0.26796075513668594,0.34785310649156054,-0.6398094896089133,-0.34652933765594607,0.03608718025431379,0.3697072695959139,0.6958124493076757,-0.06955683507861771,-0.39065814978745783,-0.16908335434469035,-0.19645392139107531
1982-08-16 00:00:00,-0.21961091504692354,-0.47009648580066954,-0.46543001403914447,-0.6216232395846252,-0.10217103209186884,0.03528671693793661,-0.421800719130522,-0.4819352632800979,0.39198219817673235,-0.3946913893975803,-0.2862632070678084,-0.345841254880093,-0.42727786724123346,-0.41733483602278376
1982-09-15 12:00:00,-0.8310464022973538,-0.13124434171146493,0.1588074532179085,0.7559311594356097,0.43698930044385287,0.05709111117592747,0.7900230277120451,-1.0867245713421723,-0.1860785411491711,-0.7272279889166025,0.39335568974441776,0.5201829451357011,0.20259065564779657,0.8173030164338824
1982-10-16 00:00:00,-0.2126110664413583,0.6675914892614196,0.438856143635867,-0.44072117284857215,0.22854421536006564,0.4269674484646885,0.42022723014508945,-0.9284467647207563,0.9223199560685267,0.09741179555624431,0.13912579114406845,0.7066879425664421,-0.2179215412025589,-0.3232335374638045
1982-11-15 12:00:00,0.09590399414319817,0.11030788205784797,0.17420326510489126,-0.4890607746693924,-0.42122803904143113,0.9125687213661001,0.3630924685343263,-0.6616423040002496,-0.3551209975789215,-0.20709974333497919,0.28633880780649384,-0.20792590871930225,-0.5081007998266542,-0.5754953065349907
1982-12-16 00:00:00,0.7141181747643892,0.5317517621273691,-0.058075229585008756,-0.34038687456293437,-1.3852941000088013,-0.14133426775242752,-0.45793195069906445,1.149966814034159,0.8079812651506433,-0.11268975054178618,0.4759006648907346,-0.19027035228496691,0.8368796708199111,0.5754567543558253
1983-01-16 00:00:00,-0.2799890625398256,0.17495402460268367,0.08741859449231874,-0.6357866696239952,-0.22242763434010482,0.8649076788963322,0.3829422228207716,0.3133516588108509,0.44529953888339463,-0.4953107605279916,-0.12735402685759395,-0.45186347463915644,0.7249438022053913,-0.11275629636863649
1983-02-14 12:00:00,0.42693889440898575,-0.43069467534657885,-0.10667924758524067,-0.1297796441480954,-0.07842726298822744,-0.603118545905129,-0.13912242309625766,-0.2577094782632451,-0.03207560201345616,-0.29625951686696406,-0.08040937070586995,-0.18881686071882975,0.1360456182668471,0.28019361780822805
1983-03-16 00:00:00,0.297613523336631,0.04851409293819803,0.0863768108967289,-0.4806851976887066,-0.36548925462730597,0.24660907079746253,0.13652940089969812,-0.4279371998345954,-0.6833354342415394,0.007784496660234119,0.31550482904792254,0.48463023475493605,-0.23941115252935488,-0.04917621995988619
1983-04-15 12:00:00,1.1316429815648668,0.12039410321761329,-0.37124161369879816,-0.47555242756090205,-0.4256685052176634,0.418027541921033,0.5757314742061431,0.6498231843100153,-0.3864003841050164,-0.5344666335710425,-1.0375111816051739,0.286896395088198,0.6207022359575558,0.9464234700057073
1983-05-16 00:00:00,0.44016647779450974,-0.5332045930449144,-0.31940946474912446,0.6947099437193265,-0.4741288728019748,0.3853858592232483,0.23984520853218205,-0.12589125777784882,0.11970825605642371,0.0606003150911821,-0.10914253915321204,-0.7144006747278256,-0.0608138498480469,0.02153325493556868
1983-06-15 12:00:00,-0.43741062362369615,0.1456360533541738,-0.5338666262745441,-0.6555214921406102,0.17372922192592666,0.5523661159533707,0.2235575421177095,0.18659497102359057,-0.28203893703946425,-0.11702598598675684,-0.382438524551025,-0.7861272872557565,-1.0684590356535988,0.6272526103096048
1983-07-16 00:00:00,-0.021488122931044906,-0.4631525164189621,-0.14934202653854067,-0.1785296645735624,-0.2800896496895801,-0.23145778139326234,-0.7506721701995325,-0.268725211514647,-0.07734495769199323,0.3363144021109189,-0.024449422202776683,0.08464090454182768,-0.27520280591849094,-0.0873172784399957
1983-08-16 00:00:00,0.48626380714349443,-0.5722376936497452,0.21401311853373678,-0.3804542909547465,1.0131998866589331,-0.49272908461225223,0.05449939162597506,-0.6030008533823714,-0.21454790342348268,-0.4017121579672457,0.722032321844293,-0.19194869751885751,0.7486719781358231,1.1229379996245725
1983-09-15 12:00:00,0.09638467905590592,0.1439416487500806,-0.7399649829375528,-0.26971900354712197,0.3711322668000018,0.45457729780994194,0.2994961818049615,-0.43963945480027034,1.0758520999242167,-0.15304755435618775,-0.6408534137458279,0.19435920418895178,0.5384873335639012,-0.7950992576500597
1983-10-16 00:00:00,0.21052715957755902,0.18076305637520812,0.8368882541861565,-0.15100178585553553,0.2556976900815301,-0.7611574252029774,-0.4446054467702022,-0.4164541938260592,-0.3186629060201541,-0.5018827234696988,0.08207109928459008,-0.3768507563540686,0.03249430518221675,0.16581376707799966
1983-11-15 12:00:00,-0.26944559632263687,0.4797714455584276,0.010989664655904938,-0.12311349729045656,0.07404895294713099,-0.3654960747906982,-0.529543095936005,-0.13618485441815797,-0.3248847260992036,-0.35077618594858406,-0.24139778949020763,-0.20429247081556387,-0.7084348843322308,0.06141082453119384
1983-12-16 00:00:00,-0.6882389788410535,-0.12369256967774583,-0.31918038970044615,-0.7774026052090475,-0.2684220677454861,-0.4856115826821997,0.2874206683791459,-0.013643077298724826,0.30986447756007923,1.2474675928377488,0.10253140651439557,-0.38848256092917743,-0.19171323467706886,-0.04002899999184817
1984-01-16 00:00:00,-0.46608671358780845,-0.1852944005354048,-0.06397994380416593,-0.318259638650252,0.13500849092027123,-0.10190300239605465,-0.41235353945020525,-0.5643460179984019,0.4378365018248657,-0.4254735809775918,0.06316112872474608,-0.09732137937845241,-0.3920117858587163,-0.06757063213925008
1984-02-15 00:00:00,0.6159270203435978,-0.21682143039443283,0.2870449888921366,0.15097948442247267,-0.25131885167046997,-0.41642060216984333,-0.3662462616550617,-0.45625882026542997,0.11328360701991419,0.18253916509835166,-0.06460140132195624,-0.19366175845083627,-0.24382280219147093,-0.13871794561746376
1984-03-16 00:00:00,-0.3471159641247769,0.25157282847408163,-0.13957755257592214,0.49366161494658467,-0.46783764234734126,-0.1132182427238917,-0.23823961324661713,-0.23876120634037834,-0.12100349904147295,-0.11391760129736839,-0.5667682715975242,-0.3545673443410583,0.5739621495069023,-0.3180289596473076
1984-04-15 12:00:00,-0.4614660358698875,-0.05154743938386319,-0.2429632393560705,0.4992665362140625,-0.44113738270482405,-0.0966419310604959,-0.038414446780475675,0.230103664050471,0.7476989586701641,0.21757795519881007,0.7837278529087909,-0.1296293270640992,-0.3872928073296435,0.7305177015189193
1984-05-16 00:00:00,0.35939639930396167,-0.07096034357083753,0.5521101637334169,0.47282378704943917,-0.16208168755519137,2.5388304601959373,0.5198787911519948,-0.9450744340846764,-0.3333424197280015,0.11173344646609132,0.6787909799795626,0.44260195163469884,-1.132708909451092,0.6670706757079696
1984-06-15 12:00:00,-0.3856593058921717,0.1468252932218474,-0.3987964416180557,0.783446762406659,-0.12369995807961831,-0.20476217924753992,0.03363358069730005,0.4066465242065884,-0.5341700639721876,-0.4347477278599863,0.43934417854120755,0.4438590950324547,0.27893840481210197,-0.45286739960872213
1984-07-16 00:00:00,-0.40946001698799844,0.24237894521873055,0.3738736179968375,-0.4378706226967122,0.15666607243892905,1.0298941079784152,0.2825807566175079,0.36320843235218625,-0.24366960087791567,-0.6379328341464917,-0.15275069753532017,-0.27976287209461204,-0.6434504297611985,0.03567114913200653
1984-08-16 00:00:00,-0.6770788702420896,0.1608716892059227,-0.29896266684020867,-0.7144685281519824,-0.025105032000274585,0.7438749191021826,-0.4380611043836228,0.4923933530369713,0.015029491188449706,0.13257306190942067,-0.005804123203037637,-2.0471767640503127,-1.2241926903065201,1.0264960166376844
1984-09-15 12:00:00,1.0191209953808973,-0.16722982215385077,-0.4530220832344216,-0.004687400127053265,-1.1940381706020458,0.12974042916861683,-0.9442235580855121,0.5152159929327351,0.7543935787761817,-0.06098935440416675,0.7458198052718792,0.04332176046441644,0.5104415544753902,0.9610087207418578
1984-10-16 00:00:00,-0.9611378631337233,-0.40366691619209605,0.3089103378065921,-0.07296834862546686,-0.12502132140025524,0.7159232863531554,-0.2975330639614916,0.7203329435872554,-0.23318977116613074,-0.12846087898558875,0.055182427519757715,-0.27631313746554986,0.04215873921291385,0.02424062434565266
1984-11-15 12:00:00,0.09087829994348073,1.0229602177749824,-0.17279688849471841,0.5084767744717149,0.4226770273822499,-0.44623684210485964,-0.2369417047228622,-0.20692673767293512,0.19986191110881607,0.7084349788393982,-0.028562568381223785,-0.25903862134791494,0.5817232263596411,0.1302054899949312
1984-12-16 00:00:00,0.496069981256902,-0.008951686545555115,-0.48949913122480904,0.27693786661286246,-0.38117480467220294,0.6931566331199285,0.027652878249778023,-0.31861601835104164,0.8878074338560544,0.3135633163019872,0.10974060853729081,0.220350948014693,0.06889437549907625,0.060918209775198684
1985-01-16 00:00:00,-0.6185558234232148,-0.024055768062329175,0.3294974190427114,0.1619654541604384,-0.5476619077420343,-0.10674142949822762,-0.392865709610785,-0.3332303030538804,-0.3041412494890991,-0.3519259197753324,0.12470232766673472,-0.2049684899145815,0.08227740143210804,-0.14460587513220569
1985-02-14 12:00:00,-0.25429382110818505,0.7282306002195253,-0.22400885985958752,-0.2582875531086025,0.3343311166221482,-0.3136930158358867,-0.31241927851299994,-0.18481387876239241,0.7173025979201704,-0.11311994328544256,-0.7527641842709677,0.4040780768691261,0.0016487647865011685,-0.6962980024742675
1985-03-16 00:00:00,0.2305714787551048,0.9345661748541254,-0.015670413048134088,0.46375795287363875,0.08268800287756606,-0.1915358242267129,0.3708843788550821,0.17448152294688624,-0.3768384370262611,-0.2127695479989615,1.0926441196108567,0.49618540875666006,-0.11097285923303206,-0.6398066960057117
1985-04-15 12:00:00,-0.19293589929635827,-0.09836485219687663,0.10079294841255636,-0.09974182058706554,-0.061225298390258476,-0.7765910332407636,-0.0785859742712357,-0.43148121111548504,-0.4172236855890824,-0.5910540680447589,0.08605876834899004,-0.18422230722579586,0.1668623069935487,-0.0763328094637763
1985-05-16 00:00:00,0.23272222744476306,0.7270776592607286,-0.5365075648452489,-0.23159098217133522,-0.4026631056958668,-0.5398733535166657,-0.2777342428648294,0.4923168972691725,0.038966794921601544,0.4171839484665173,0.5243706474020561,-0.139677749856039,-0.0642385606279149,-0.31595623753532
1985-06-15 12:00:00,0.42181091799561404,0.10964254853797845,1.1192877878789502,0.5699255596673627,0.7837140234926524,-0.6524850357161794,-0.7789423506063201,0.19679044022223513,-0.009228934050783566,0.14881603540715113,-0.3035743868159081,0.4507430388754331,-0.384752236892987,0.36358159815934554
1985-07-16 00:00:00,0.9348103712467455,-1.3768093554428789,0.2992012360991565,0.952540728092728,-0.02823213747239406,0.5734076591937164,-0.6407939070382106,-0.30673104652581207,0.27134569557956895,0.49764410752236865,0.33791440677699547,0.0966172272534648,0.3018078277831702,-0.28873165062520667
1985-08-16 00:00:00,0.10348926067345171,0.7539628239461635,-0.5630731728030215,-0.5648196651899673,-0.5831376518340629,0.5011055038418418,-0.665225774016375,0.4615356583712802,1.0942919681959846,-0.365846258017375,-0.373348852746759,-0.6011957772709802,0.38280028097697205,0.12520978883230216
1985-09-15 12:00:00,-0.2523826320974684,-0.24804561976505388,0.21082835587715693,-0.2896179748572836,-0.7417624859756524,-0.3640976923600251,-0.13765336890364632,-0.6695191703557283,-0.2605455370244969,0.27197973269195413,0.3705531183276809,0.02119340784587803,0.06287727859937928,-0.4074442112506509
1985-10-16 00:00:00,-0.44428298604766714,-0.673347917604094,0.40005427780263336,-0.1299150442267944,0.9855754877775736,0.5846967219704505,0.7043342452454234,-0.515692225551164,0.5503288925096197,-0.2940316771580659,0.23067916545335704,0.057465076209676946,-0.37470367333599713,0.8234450675977474
1985-11-15 12:00:00,-1.1221827084590084,-1.4747920666029846,0.17934756301862953,-0.7555590500268383,0.6371786470131945,-0.36217391767534635,0.9941287177385371,0.5630415757401872,0.8879691097730313,1.1399230574079855,0.22766308343318253,-0.3023996475522551,-0.3552528680603729,0.5084760559655253
1985-12-16 00:00:00,-0.1532029307418507,-0.11006519294813338,-0.22065017726004477,0.5643673876579218,-0.2920667036413712,-0.34691163765187877,-0.07420396578171284,-0.5512879685209031,-0.2954161276547128,-0.056192732792036876,-0.2594796895590812,-0.20929979250461062,0.43907448569725754,-0.3204680129597471
1986-01-16 00:00:00,0.8638034959253091,-0.7096572592071126,0.25780238741390765,0.5459067299575606,-0.17814797034524632,0.2137999505129149,0.4643966065010149,-0.5436438180204135,-0.035651884175446236,0.34017311915962833,-0.4547881577243914,0.12968633342783328,-0.32444504413008635,-0.35068311844144606
1986-02-14 12:00:00,1.0197943796850735,0.1850060313370085,0.8294690234776035,0.24695826622463857,0.46193725235132665,0.38992231280594114,0.17169804526367316,-0.31088186528874545,-0.14907950629278777,0.3853167151079153,0.21550708557255735,0.9113462718649517,-0.43548879841441696,0.348351003521728
1986-03-16 00:00:00,-0.13472261051618517,-0.25146019286054966,0.21969593951032346,-0.05218050558112097,-0.24018270867744718,-0.2984042852322134,0.1031916392668043,-0.4137658806732654,0.30942974747828605,0.15406621270972964,-0.28021130620196255,0.11193033186491932,-0.34400321857080335,-0.3761259589830135
1986-04-15 12:00:00,0.47982977863142,-0.13408531132061008,0.24606013762639156,-0.16534495478496708,-0.33429068175324966,-0.3252622303467176,-0.10051333464980361,-0.10234461691143171,-0.7231407804270349,-0.15067271918147304,-0.4237700990954061,0.380058182515844,0.10891634511864652,-0.2799777271885789
1986-05-16 00:00:00,0.20084071741766324,0.6448521258165065,-0.5374321899659495,0.4420923392796826,-0.7959077786856481,0.5036237588047924,0.03873888561966243,0.4180537179749888,-0.07929074483626963,0.1602419356705553,0.00016558361241872377,0.315484694368103,-0.06610396111638392,0.6063271269531285
1986-06-15 12:00:00,0.17457442562958553,-0.357726193123462,-0.30146475201313455,-0.02288746150712312,-0.4483219835187251,-0.10833941607721231,0.12452249582785735,0.3444257574423186,-0.643079396104546,-0.30870986903079767,0.23054548269781538,-0.46431405051482266,-0.2699190871541545,-0.7955132417726591
1986-07-16 00:00:00,-0.44202481652431336,0.18667256264499948,0.16073770113393915,1.276876349974839,-0.45620835639312407,0.19126502661816314,1.2542132153894032,0.20402898978295259,-0.4710438095290852,-0.9117645568001624,-0.061891733756725464,0.13264263192134323,0.5400719954474326,-0.8827205572186291
1986-08-16 00:00:00,0.3015927545358636,-0.3950822078514176,-0.030803585611159142,-0.3468215173016675,-0.48535485102102216,0.005871010385275266,0.9276270711687623,-0.3177972754862789,0.2541267559454892,0.15072339819482494,-0.6448076865738789,-0.6544260366474918,-0.543858174887137,-0.4980749130604125
1986-09-15 12:00:00,0.7722799565664433,0.23012519471161957,0.6691632804961543,-0.273319427351414,0.5860280018707796,-0.09828163075209173,-0.14116047458780123,-0.5326254625999669,-0.9542952995612386,-0.250281479019295,-0.4413292171489812,0.167624745116808,-0.48333979757031786,0.4166896204015156
1986-10-16 00:00:00,0.5651353920530298,-0.0569632275315739,-0.671381422433375,0.7313549290359951,-0.2887927246185544,-0.13399227420520288,-0.32840007298356755,0.21170996993600788,0.22013737350995727,0.257310581422851,0.5170887940540545,-0.14645742008525472,0.2600028374082523,-0.09826699690329532
1986-11-15 12:00:00,-0.06302744004125721,-1.215639740622793,-0.14116936807339747,0.04070657589001592,0.819660388885494,1.0472924018312217,0.03472860677765399,0.7726547727369579,1.7696186415565138,-0.04582804928220016,-0.05439696275996697,0.30364703046897823,0.07986637399375318,-0.9837428701065449
1986-12-16 00:00:00,0.06235362907204267,-0.672533535481549,0.3745508659390928,0.5126949092525378,-0.3212109111847017,-0.16621844547911524,-0.3057492505495498,0.10234883269603268,-0.21052944346008934,-0.12124662067740308,-0.26713843085170363,-0.15277809408607304,0.6199839723967788,-0.4706097222449866
1987-01-16 00:00:00,-0.4225940514863149,-0.6156256850476691,0.13609439704327225,-0.20195644306452742,-0.21043500327088793,-0.5448908230304219,0.2159256045320458,0.32852336758963485,-0.24135027535352807,0.5458902716862974,-0.09342223756493245,-0.0962219808649864,-0.3587227957306108,0.09509471992046814
1987-02-14 12:00:00,0.21814445339682892,-0.05778794623091965,-0.2678653604531677,-0.6454747600958899,-0.5453174312872245,-0.3895305674861488,0.05283618736060802,0.45079627370472175,0.016361872566660773,-0.19600021652819136,0.8757754511191675,0.14829511735279904,0.050388646849238675,-0.0618722574985161
1987-03-16 00:00:00,0.09407419200557371,-0.03501156528839422,0.8195883003399546,0.10792450837696976,0.01888655705702691,1.1256656699140866,0.4573161740771169,-1.3522064010418797,-0.07326099334661557,0.1067286473561034,0.8922624288809787,0.21143933710271332,-0.03249227441765491,-0.29906790345532974
1987-04-15 12:00:00,-0.6156122579685535,-0.3154741098796572,-0.1484763013719661,0.45599334080799614,-0.4961076297171804,-0.4490715235152718,-0.18411890761912386,-0.6122286579397028,0.00850551916577158,-0.09225511422577592,0.2873896772989236,0.27656585647908616,0.07854998630460595,-0.06763040396342179
1987-05-16 00:00:00,-0.2295050461160824,-0.3907997364996825,-0.41571615591531197,0.4597436465578515,0.6643713979183993,0.3239567578897219,-0.13122725377932531,0.5363824484626609,0.17119195212516108,0.6438987941808159,0.18250625768403533,-0.6805810367829708,0.26367299802611693,0.020598783985964042
1987-06-15 12:00:00,-0.11022907112146957,-0.421578026566373,0.1192591265109179,-0.12630422683076847,0.18363536765539,0.7505162419501764,0.14150407436703782,-0.7424831714579255,-0.431209237109584,0.058988573154262175,0.45163123178370546,-0.05091913020781151,0.0315277976936691,0.2744123819692431
1987-07-16 00:00:00,1.3152910551046413,-0.47315942879700235,-0.429532543568474,-0.1359768801952816,-0.749430413416286,0.21476761021016777,0.7734800153113309,-0.2955958423991035,0.2046058981326086,-0.39320276556775224,-0.4292876376882,0.01660660668269605,0.25293789284799967,0.17998193384275507
1987-08-16 00:00:00,0.4983891421061792,0.2820273042439924,0.8777964454334001,0.14281748000322836,0.4756034020359502,-1.1274629625686452,-0.4236307303011194,-0.26758050429402447,-0.16699834877448333,0.08663223357205677,-0.1815098035078993,-0.3753539105496808,-0.25980655278497033,-0.23491179187959166
1987-09-15 12:00:00,-0.8600937584974278,-0.45650435646833815,-0.6975399152140261,-0.41995288464202857,1.0898761315937784,0.2912757205779969,0.28651366690201474,0.621653685573385,1.3037585872663409,-0.1360999908281885,0.3411699311856663,0.39703919592281944,-0.30760626410462755,-0.5297169533023991
1987-10-16 00:00:00,0.9519080913031246,0.905640142708863,0.6756652181656004,0.04744407632777947,0.6145765641705113,-0.43798653396185777,-0.22936942315866254,0.08240673002668097,0.18573238485281623,0.5893670486789918,-0.3161974230680715,-0.465494724779114,-0.6434940058421077,-0.10594682771618114
1987-11-15 12:00:00,-0.25027199297884345,-0.43363928825456843,0.3907018928418715,0.2990033449239615,-0.05318443599095535,0.2768729029414846,0.06981282308284253,-0.20324083605821675,0.16413131328911107,0.175559242100839,0.40933176933518084,-0.3115242722395755,-0.857720556547395,0.2733501183597291
1987-12-16 00:00:00,0.29039696437817003,1.6889185506173763,-1.8510526099038704,0.5189290430094409,0.3993257542621015,-0.15888302698627077,-0.07638365860560514,-0.256387140522511,-0.41015022990961014,1.0020713859301729,-0.6304201670983223,-0.28264670975498396,0.27193946346909853,0.35632328871725394
1988-01-16 00:00:00,-0.20747517624341613,-0.42676232815049714,-0.6483176897968707,0.7926200768808092,-0.23678611278947526,-0.9528200505892878,1.0351083226244575,-0.5543261979924339,-0.13294795566104095,-1.0660183250384996,-0.12103470813015244,0.3034734951142237,0.3520199201199801,1.0178390297660889
1988-02-15 00:00:00,0.5140213664288091,-1.4395430335401778,0.20819203052274948,0.7384178016724998,0.7036645596911609,0.18278868545743743,-0.7822275969037263,0.45762259781512027,0.30842595474865314,0.5930120833316574,0.4889786169989525,-0.30038082471912275,-0.3645953306097152,0.5254078220630791
1988-03-16 00:00:00,0.31197134541570265,0.08842822956028301,-0.3688341421569271,-0.08469315515204823,-0.14162490574113562,0.48155900932417006,0.7213501552864486,0.24045246946775123,-0.5184085376109357,0.0898973641023076,0.11165588687751388,0.060246834109797476,-0.6543388361012047,-0.958430942640297
1988-04-15 12:00:00,1.0876690415885497,0.13780556557859774,0.3984537208129414,-0.1269734467764524,-0.8834983329393066,-0.41863626530193043,-0.019210416267546715,-0.29838070626309876,-0.1021958842712572,0.20794319777999887,-0.23357009614355367,0.22400843745695262,-0.08972717824951672,0.048661333060915135
1988-05-16 00:00:00,-0.3362705002888339,0.008376527357664088,0.44999843071824297,-0.37828737958420794,-0.10435407236304817,-0.4135971130311783,-0.441781435088827,0.0013798247833484156,-0.1804691369375444,0.05241357311117466,-0.15786974560250755,-0.4255923400472337,-0.0348399409725305,-0.1540024836964139
1988-06-15 12:00:00,0.5024158293551513,-0.035320687205641854,0.6408463983514479,-0.22845508327434103,-0.09992164898842437,0.6385397797919176,0.29370248601749116,-0.8832177433688425,0.5898635555439362,-0.2905151137723506,0.06428889307126948,-0.2608066353024294,-0.2497313421138716,-0.5706426733209021
1988-07-16 00:00:00,0.7274806930033957,0.12198244191963875,0.46616118778247284,-0.20585964546901142,-0.9146150821654564,1.119234543072431,0.3899565901744658,-0.150664889292074,-0.1762009016253221,-0.13106016951969274,0.40497946558219466,0.059056304530207576,0.18268209392872947,0.33230738353577305
1988-08-16 00:00:00,0.09219839651607248,0.016884290687584014,-0.5205596441426159,-0.42675277734382655,-0.20035549153315113,0.3001462710140631,0.26240163379665515,-0.2304420554983021,-0.0022648900688954643,-0.21350163500329591,-0.24643894381293124,-0.039914314454542944,-0.31867786862774666,0.06093858599278379
1988-09-15 12:00:00,-0.0011172745323183575,0.14691520325538548,-0.7462355915703522,0.06398797604437123,0.008541000130729337,0.3788736211223688,-0.694835245381473,-0.12058799447878332,0.6277350349117015,-0.35108811518745164,0.0899763856057641,-0.6766790845171913,-0.4906152385361683,-0.1254427167454394
1988-10-16 00:00:00,1.1414066252566537,-1.2301121692735435,0.24815257924377254,0.9253986013014242,0.1968503912145403,0.5294801998951123,0.9091649858663243,0.32202080759424256,-0.18484437187863462,0.6038471327690927,-0.36415756085040674,-0.7286696542914421,-0.4759157940057261,-0.6024069938492708
1988-11-15 12:00:00,-0.1433501796286769,-0.259460140214384,0.18274194887460343,0.09934485954079375,-0.1760328694102019,-0.15558356899741932,-0.14748346694468206,0.12079823417233448,-0.28544123415438794,-0.5060173180172981,-0.1772129678507992,0.18073355494712576,0.6408534257967294,-0.37800324629594056
1988-12-16 00:00:00,0.7328471339369591,0.8331361974961524,-1.5201411785026813,0.2091611222789843,0.19195616728990972,0.11546074957305819,0.537528239730981,-0.33379698389692847,0.4117316382955411,0.33456720071319423,-1.082108798623349,-0.43894503075136404,0.5368388430971329,-0.7201471990107116
1989-01-16 00:00:00,1.0719630631519304,0.07869144503534214,0.06077993993368562,0.7037901083826354,-1.043143951465487,0.3882943235213444,-0.09716590091813604,0.24715975620053587,0.822986774149681,-0.19205901883694645,0.14400026513606734,0.07909956839119284,-0.35277772902498566,0.9468648342604826
1989-02-14 12:00:00,-0.9149909017869067,0.5794372194439819,-0.4156465643765113,0.696273868520102,0.3317444864658462,0.7402120994626523,-0.31497066740153123,-0.04146840730875778,0.617881929958372,0.2874664085962285,-0.3492978892455786,-0.09077808468692451,0.7503951706006231,-0.44444402469552824
1989-03-16 00:00:00,-0.13130895257550204,-0.0381072840765001,0.3219645009670021,-0.21825317430468522,-0.18450933717042206,0.5916323854059818,0.032234467595112726,-0.5883418388027487,-0.5828998994870822,-0.1820592012310506,-0.024406905304682203,-0.21457045714081743,0.2844436058415206,-0.1636030990311763
1989-04-15 12:00:00,0.07071058741118558,0.23272173371637345,-0.06517052625404787,-0.06349013213273152,-0.7208276560096415,-0.07354292977933707,-0.11112906156672842,-0.1980863255880455,0.032913124915364855,0.026969106994119293,0.19811684875325108,0.5937245969422225,0.31280478253610783,0.3365068068530853
1989-05-16 00:00:00,0.5304986229805013,0.19420644068330012,-0.355509622739818,0.036162287548960115,-0.030576326394453734,0.15328728316914597,-0.12128169527160404,0.2157723526391273,-0.49261354780384775,0.11408998014957158,0.31765294987519943,0.4076150795140433,0.031712332493803584,0.11913865473123686
1989-06-15 12:00:00,0.6134990554838344,0.38864307018703276,-0.5871181565466461,0.1727731341327543,0.4254630751266356,1.061388078430935,0.2535391026279602,-0.44122501573298883,0.056904586001716384,0.2786725098079126,0.6442388935936791,-0.6442836855845114,0.20098142923916487,-0.16914199052571716
1989-07-16 00:00:00,0.16730389734283396,0.6044759983875854,1.3367862758012983,0.13024492250156894,0.7209305448804547,0.5841357666614674,0.03511703839036473,-1.0792170945679553,0.06244921582323276,0.09279628345753153,0.1644896826082476,0.7063751755934519,-0.5992765585635047,0.17548769983946932
1989-08-16 00:00:00,0.15362516695087186,-0.24898906726194378,-0.1664503856797795,-0.4860211982598974,-0.7366180583640335,0.016510402377980404,-0.699949064056437,-0.23112788891209013,-0.07127595043165852,-0.04818245522022471,0.2765997775402239,-0.1952396021357829,-0.007903213729546249,0.25151186728010577
1989-09-15 12:00:00,0.7208176561156243,-0.5046740002344324,-0.40038855959947667,0.18253834331489227,-0.13945554862515563,-0.02397213521906605,-0.34102023432931994,0.1974150769203049,0.6400057124859886,0.0010108965315043933,0.12090084236116125,0.34975095924624333,0.32632071980408495,0.26426103269410894
1989-10-16 00:00:00,-0.05120999325901787,-0.051187677253283326,0.20341315740318056,-0.3685987030707739,0.020821137594868144,-0.4413152826516156,-0.5023446064985543,0.005465703601289618,-0.4045130012768334,-0.3603785275990635,0.1944690464914752,0.2715215884436485,-0.1719554298233988,-0.40671694195146335
1989-11-15 12:00:00,-0.7344519903901857,-0.09352621010899753,0.32508235544239844,1.0536655869129528,-0.5320821762469464,-0.06194194480440651,0.27198933537424774,-3.0439292285411312e-05,0.1298713871242992,-0.29373493406895557,0.07693327847604359,0.15344817139638825,0.09613457601176145,-0.26336749218956534
1989-12-16 00:00:00,0.03013812929363502,-0.02715079537232401,-0.20710693656757195,-0.08301085243875495,-0.4088323366154586,-0.09437903013228699,0.027285071031743158,0.3222008740643094,0.30680303929130687,-0.6926065435563133,-0.10535874886912072,0.2602602952982649,0.32317069395401526,-0.22083681469788474
1990-01-16 00:00:00,-0.15549868827926944,-0.043189846716947256,0.016277111790729354,-0.5903187602324161,0.3288005224997762,-0.0025511657914587538,-0.28566715165479006,-0.5931515515842738,0.584536343160311,0.2067154685010224,0.03676795408369485,0.13687230964972882,-0.2281820153457255,-0.593007574216975
1990-02-14 12:00:00,-0.3074319092498352,-0.3947297602842872,-0.39551522324015603,0.4690959276956762,-0.22429689830421717,-0.010012957576174819,1.453596649827034,0.33363423612798204,-0.6623463407695878,0.181025177133251,-0.6213850836594982,0.5521816644559646,-0.6753432435122301,1.0839147056886216
1990-03-16 00:00:00,0.38499947015936525,0.2879565293158007,-0.11338299873609219,0.9257179702670624,0.402177031326597,-0.4023177178788728,0.4996716167935974,-0.37451690796270165,-0.37886465198716335,-0.49050459398949975,-0.03383466974785426,-0.15077176211211674,-0.3256876939880712,0.1573075162200155
1990-04-15 12:00:00,0.4946488760212579,-0.8013597327152671,-0.33908842998071026,-0.08011195327378745,0.6165424828624796,0.2542431279126566,-0.8107219394806386,-0.2769150255930479,-0.606090387670336,0.3653869934299786,0.06967742487823578,0.7549722940197267,0.22492307380573673,0.9943257732895594
1990-05-16 00:00:00,-1.3934136787859441,0.6902054152031645,-0.6882059740748071,1.4672344770063195,-0.23722093551805545,-0.4752707778344447,0.3001624592201948,0.038747132633108916,-0.15336187193611855,-0.24417449383167858,0.05386264878901678,0.11040071755739692,-0.044459007028185886,0.2854671502019386
1990-06-15 12:00:00,-0.9852169398063158,0.3238910373659994,1.2286566606420577,0.5106992688060478,-0.14353426918322498,0.22721439826097445,-0.7585975403882119,0.823660672505681,-0.05615533399794198,-0.6895244428268945,-0.4834831918341239,-0.7631494168010897,0.43015590481453286,0.011701580046595716
1990-07-16 00:00:00,0.42406251200575124,0.1097080425275841,0.22560771957121983,0.272287885899835,-0.5454436143019465,-0.2751921380596342,-0.05879094564783893,-0.024284929090361507,0.06944510867474846,-0.48727217885598684,-0.3864394402386787,0.29528079891372283,-0.23818427821297047,0.025714902939613538
1990-08-16 00:00:00,0.24168562070875582,0.9374911898763614,-0.7843505453763197,-0.008609992005628564,0.0346401143060181,0.2390547480124584,-0.3500535850240744,0.4174070916447925,-0.5358329273489492,-0.2216253832098705,0.201985358068908,-0.42477032693399586,-0.5789139031561995,-0.3329288757717522
1990-09-15 12:00:00,-0.63025409689305,0.5203199845317614,-0.1578556682436918,0.6454947314447936,-0.32426889194212954,-0.6988144241642665,0.3127131571508506,-0.08340628008534723,0.19614712755787506,0.20913699256732465,-0.1942908755780483,0.002624516435802124,-0.2807396440607088,-0.0388432263267624
1990-10-16 00:00:00,-0.723425822723613,-0.18183014644600853,0.2926081868054606,0.08212908411852404,-0.10126043674332275,-0.23748490227473373,-0.0144193197054866,0.04525536255366813,-0.9037385577049073,-0.4890572579636988,-0.22711973947861985,0.23274594648156952,0.9961115343464053,0.07150352451370845
1990-11-15 12:00:00,-0.14425837233492847,-0.22834084935072374,0.026546243928147945,0.14708393870885828,-0.07754080306795852,-0.2938267415961609,-0.25704616747772524,-0.8042455443382613,-0.11418701032604256,-0.028270124152984633,0.25584180566718767,0.04030111575609374,-0.15405161318607297,-0.21503513463499696
1990-12-16 00:00:00,-0.2920936977561755,0.1436265228970765,-0.10759178978513453,0.14474545398035565,-0.5621022952038467,0.08018195362658065,-0.16497069876972104,0.49667789442582944,-0.4496759435405343,-0.6560961365065459,-0.06862989129471564,0.029832350589675524,-0.35365554330086013,-0.2134387693984241
1991-01-16 00:00:00,-0.7866219169024662,0.355653830636069,-0.3343898693737594,0.4125386775939045,-0.25203020086083794,-0.2848361010868823,0.0918941114594829,0.46495059883622414,-0.46865659316979585,0.22019381269698104,-0.3006786742305436,0.3744447645941056,0.07146112713632716,-0.34761294518965447
1991-02-14 12:00:00,-0.2266802963163231,-0.32284043655726774,-0.16169489933080713,-0.6914195567320169,0.10336493748141995,0.151136449825526,-0.25614885643950075,-0.32209604066762915,0.8116447141840799,-0.7225245277814117,-0.3440689050178971,-0.05713914972626253,0.1717528635090045,-0.6690746884078222
1991-03-16 00:00:00,0.44145398984476697,-0.949294676670893,-0.06707539043021546,0.7770981821281764,0.13668406368498198,-0.12928622166686388,-0.21491021272100214,0.022537519564653663,0.38442799460399585,0.003852691328869298,-0.15429467569029098,-0.12662388851962025,0.1457356643900187,-0.846133403536869
1991-04-15 12:00:00,-0.047852005850317514,-0.37432124121816535,-0.7205176596240609,0.5459181298208167,0.11869290558433987,-0.20824724828466945,-1.044221019251419,-0.5198499228810644,0.16357567803666678,0.63279533069429,0.22380153653715756,0.0657133058943081,0.12506557185505435,-0.08980974021313304
1991-05-16 00:00:00,0.3619508876449317,-1.4049105997705698,-0.42607762735887184,0.5951810249759002,0.19340462480149434,-0.0951409953893585,0.27144556951881993,0.9673806597400891,0.2641400930756523,1.5543359256589866,0.37380670673443217,-0.22863316437409903,-0.276460553727471,0.2008888971637134
1991-06-15 12:00:00,-0.7868973245226664,-0.18157868562770976,0.024281207376937633,-0.3845371073902492,-0.20285903239574443,0.5148854299594904,-0.1674854554879629,0.5870506042058385,-0.3958667734876023,0.5432275741193581,-0.5784858176860832,-0.6163461023382709,0.17079561376801536,0.3329682367929041
1991-07-16 00:00:00,0.6284862299905447,-0.04301664485236073,0.08747720767474111,-0.20103216682957836,-0.6045242596993599,-0.3290397436090257,-0.277457597801788,0.2870458302883496,0.36298456113305805,-0.03329736463861735,0.4981902823546633,0.33858598595088873,0.022652828437787834,0.3269214556315929
1991-08-16 00:00:00,-0.5593347829656549,-0.5702085886732297,0.30966879322982477,-1.1876413590405563,0.11397100191707943,0.0776038059092704,0.5223287545068321,0.5234525141266593,0.39720540503956464,0.12511019710232218,-0.42213727275485735,-0.6146983314966337,-0.7010459105181206,0.4747057173814415
1991-09-15 12:00:00,0.04526319945074597,0.182566364985082,-0.1040018359614393,0.08216748269957053,-0.3876418051905137,-0.009615647113018766,-0.16314903114623147,-0.021354660006354553,0.02877899252845123,0.15747476475493638,-0.16289380861164082,-0.6727941271719265,-0.16697460760674906,0.07902413444479794
1991-10-16 00:00:00,0.24721981584759883,-0.22153565138157194,0.5335315764573513,-0.19718499141509566,0.09865210716003159,-0.22827191025316595,0.39513415498513893,-0.44114878138790975,0.037221203463514485,-0.2166858083802685,-0.43075569969250715,0.08973087030410781,-0.06206605789081404,-0.5101713240030198
1991-11-15 12:00:00,0.3429906559704368,0.5115710635555972,0.16326343902170065,-0.018452318228211972,-0.7022114762839157,0.21946355198533463,0.08720182741283589,0.09317722992914068,0.3372645645155214,-0.11182759668009443,0.3704165934954763,0.5268209236604764,0.522713372013868,-0.3474020236082677
1991-12-16 00:00:00,0.35139322984719296,-0.21112944779014406,0.5097367311377464,0.05894082107096432,-0.42095182137504855,-0.04631041282637394,0.04585811372783355,-0.26851941765131226,-0.2911467866791401,-0.06986802196315967,-0.38709088859766005,-0.1253029192649891,0.44269043514927253,-0.6747558531295577
1992-01-16 00:00:00,-0.5117772580887618,-0.012397231675682296,-0.3076840286409618,0.0908953131900988,0.6047075610181049,-0.057038516137350226,-0.17171064751637466,0.3223893461936942,0.9138613086802185,-0.28321789928385677,0.053137760625976055,0.360143938432135,0.1348674013371447,-0.3586577073558366
1992-02-15 00:00:00,0.03701447994343515,-0.4739090024446032,0.02667845418589991,0.7308098806987593,-0.10983542210796582,-0.29310807366886066,-0.34765883949165644,-0.19625194118154943,-0.03738434639054444,-0.0554709992963032,-0.43464371963608595,0.23270462592910976,-0.0912719628032246,0.03947871193608066
1992-03-16 00:00:00,0.65519257757226,-0.8622012796672084,-0.21914718697157415,-0.00821251059277145,0.34273489906982324,0.07776479852604723,-0.15589940265094804,0.7949618413441757,1.2428013333925312,-0.4196399390734209,0.7228749787825461,0.5087979704445186,0.9834207794558198,0.4264165771303896
1992-04-15 12:00:00,0.5815280082545713,-0.2436715998977189,0.31014618212099176,0.03224561310041546,0.6313173602852838,1.0052992500787048,-0.9279217200896389,0.09424818236038757,-0.9573860426039719,0.02930350351172152,-0.35602993101251335,0.6674627691577991,-1.0054004333497206,0.41073518001397025
1992-05-16 00:00:00,-0.07100726906230237,0.15236852779851578,-0.2839931636280283,-0.18193519577615364,-0.10027239655915487,0.6978067986982198,-0.5318440382411327,-0.13056619679228476,0.2906566725888286,0.2581655975233195,0.2051507930755055,-0.6472261373357491,0.29916875990215924,0.376303507603412
1992-06-15 12:00:00,-0.5750148665222115,-0.9165320861274553,0.053741672322700995,-0.050612465161920306,0.20321839528690222,-0.10207386113668548,0.2614131052795752,1.076259274419545,-0.5025853971044633,1.4986234469337236,0.06387044623575427,0.059558113775954796,-0.261376656961805,-0.07755169675290408
1992-07-16 00:00:00,0.16190831592713567,-0.5691556771895003,-0.34572243837683286,-0.24007435696719054,-0.04615211984240686,-0.22545070950906665,0.5583520565563117,0.056042689344438346,-0.5010590643202224,-0.3577930659851809,-0.5584925734936801,-0.019563032349894205,0.5025333106747109,-0.5122078749523444
1992-08-16 00:00:00,0.17952564692186884,0.030520332695423646,-0.08956871942932479,-0.29997445370173903,-0.23775557766790556,0.5200895246497826,-0.5022130223417668,0.1554995156527822,0.5120831623162194,-0.3206070846926321,0.5245702922450035,0.4264709224892138,-0.04066755950283903,0.005881802755859478
1992-09-15 12:00:00,-0.10127221077758425,-0.22648235593114166,-0.6078035416156266,-1.2066718203650582,0.5994660426377031,0.22139302529546756,0.043334722670149484,0.12820517977442425,0.7391088159683794,-0.7879008253330854,-0.7751390349067749,1.1879300581906775,-0.07230346571600703,-1.1207204068023229
1992-10-16 00:00:00,0.8830813283661794,-0.1970291227072749,-1.4442950045507346,0.24407742274948563,0.5794473170031981,0.021133810459559643,0.6639642236218474,0.05220933904470759,-0.6556325789348906,0.9697436838167139,-0.8628996202303739,-0.6564559963270359,0.13089912746573884,0.20570744827105647
1992-11-15 12:00:00,0.3888470671888748,0.06922305772639575,-0.6634755839454983,-0.9269302519463043,0.3475814609166873,0.5041043389437755,0.07285261271354182,0.6417994144494623,-0.780705846373537,-0.7966427631782639,-0.41536735201561137,-0.14407889706271543,-0.25498424971050754,0.7518395126803248
1992-12-16 00:00:00,0.814823443399737,-0.21036443211455588,-0.11502724956115248,-0.2956016787835811,-0.1460598331174503,0.2302602241202255,0.553042971397334,0.7559109356934535,0.8184529445130357,-0.2712841454568192,0.28211337411974885,-0.27508772777544443,-0.2396930845133576,-0.475789685693057
1993-01-16 00:00:00,0.23780077701642038,-0.3175003997141612,0.2094193320332537,-0.25273701802381665,-0.2377238219256066,-0.6575251304428558,-0.5768274817944767,-0.507060376771777,-0.20996100602459866,0.024397899105076767,0.2650111432287825,0.004699489447059987,-0.020830420537774202,-0.24134882428022691
1993-02-14 12:00:00,-0.029729794176201196,-1.0821943251261845,-0.37865214020662535,1.172790013722986,0.6569823108039899,0.4991864421160178,-0.5180910030001215,0.4833339625215136,0.0417527942795311,0.8228027837383788,0.24996078206938102,0.6985779319168927,-0.387124127453984,-0.16597446733146015
1993-03-16 00:00:00,-0.4032216494312627,-0.2830838634676759,-0.24650956563096144,-0.9677857430381059,0.25656369931313916,-0.2941451524473168,0.2872385427680536,0.17786678080888607,-0.30819388870339814,0.18244628829897022,-0.24416982597044995,0.49165160797077945,0.12218665162412888,-0.14873772314285894
1993-04-15 12:00:00,-0.16441963953037025,-0.17947158739764177,0.2986924906292058,-0.14582006573718131,-0.21425011899361468,-0.03779056432822081,0.3808111514661928,0.12667665772245862,-0.4425769678707812,0.2262055131421381,0.1145824406031036,-0.361560393318182,-0.426349253693883,-0.362865398576106
1993-05-16 00:00:00,-0.5584072823565179,-0.410253042263517,-0.19240006792748082,0.43760427693577564,-0.3101251063254696,-0.530153200142042,0.42939891142362707,-0.12830267275153606,-0.04503646640704462,-0.18742145029556315,-0.26757446578134414,-0.03145500222175843,-0.06728187292490523,-0.27893841604411485
1993-06-15 12:00:00,-0.024052298480383705,0.144050703376648,-0.3156367000431906,-0.11266037702385645,-0.836058541766281,-0.0901366339263795,-0.432082938511255,-0.4405022250923362,-0.06205284373049447,-0.10496109521274913,0.017426827296451203,-0.07063356188170156,-0.2341183820207264,0.08758492214054026
1993-07-16 00:00:00,0.12189253262133581,-0.41133920798377355,0.21153145914243443,0.2947625696604864,0.029414715421666293,0.028682760139905672,-0.027673953935424822,-0.8688807313068178,-0.14880983479271537,-0.06355137158695573,0.20458857024039162,0.05474547740841096,-0.09571647497341317,-0.12870018572048647
1993-08-16 00:00:00,0.18364077145960872,-0.024465797440118286,0.21668162937232188,-0.12265503097654301,0.5627551738738935,0.33344242891296927,-0.5389139306071087,-0.07197220417645167,-0.7100165070254315,0.2669699693583861,-0.16328213797738578,0.7622896368822258,-0.32148480230609155,0.47648298804160527
1993-09-15 12:00:00,-0.2025385685100654,0.22230118041109043,2.0504231745065296,0.43905460295204835,0.3562167795308794,0.9893477805127285,-0.43739287284407535,0.2035741539475615,-0.033237671236617305,-0.0780173259139402,0.028491058177171208,-0.43568879345687095,0.7173229128861118,-0.3978994514727991
1993-10-16 00:00:00,-0.5194149886665674,-0.21624137022760107,-0.05534274578163394,-0.633443153237413,-0.0630979604022135,0.9737285401419872,-0.9201946408284463,-0.1133273098688311,-0.3100820370389039,-1.1069177161312749,0.1267482220738743,-1.567449632436571,-0.6097629752194175,0.49972980140900836
1993-11-15 12:00:00,0.22990071529584172,-0.6912058003032956,-0.4345987692903678,0.18763088929296867,0.04256755301017967,1.0892135559230867,-1.1489895909371506,0.16121937980128864,-1.1051913627787076,0.5458397331317822,-1.1996099677921137,1.8332517775127108,-0.8026603683640775,0.818772341612505
1993-12-16 00:00:00,0.48235883141367847,-0.5092410437151998,-0.2100321275532015,-0.2914621579775169,-0.3354646466823138,-0.08488749664465,-0.300674071666912,-0.01786374446563954,-0.36902579247190215,0.10831477391709068,-0.17536279805413457,0.2646144159771471,0.614278587508722,0.5154714522622732
1994-01-16 00:00:00,0.43576406530530837,1.1727057150337807,-0.11990541243155388,0.205767401771753,0.13965859030077088,-0.12737628450436334,-0.2570267010909178,0.7609450136286475,-0.2884656343214491,0.3590413767734559,0.2445224856901747,-0.13302418097216073,0.4709580391268106,0.015406788650461856
1994-02-14 12:00:00,-0.29078602002020176,0.5136898481069558,-0.5209858604044638,0.7840335618537535,-0.17386120086438883,-0.15439880070977197,0.2385462652921787,-0.853650930056217,-0.12962998561245492,0.10865898606244073,0.08905387321716812,0.3790420151099606,0.20190127655459855,0.4497028845977362
1994-03-16 00:00:00,-0.15842699540181499,0.2621044339708884,-0.1376456699194038,0.42432036131552797,-0.6334879004559336,0.22753402331359018,0.5521386485036642,-0.5190071689201661,-0.10925746492888644,0.1922310935771349,-0.03891107117526266,0.0638883524474439,-0.02333583873721328,-0.36193001443440737
1994-04-15 12:00:00,0.13372731418553152,0.029549647533335,-0.7621352768283995,-0.6356002259664831,0.285651555483848,-0.6480878750402462,0.18091274451349615,-0.48613144036123157,-0.30667460817141057,-0.5121605838905369,0.26328343578071783,-0.10851391478641786,1.1866043716684258,0.5035154461447628
1994-05-16 00:00:00,-0.2179639593114071,0.4604897994914448,0.3791892674878248,0.07156956490760247,0.4161803465596162,0.11995752944976468,-0.13168315271324105,-0.6649412075968885,0.16350737335654347,-0.07205977557146456,-0.3328122724816138,0.1820425684866632,0.319163929322917,0.0819900437852411
1994-06-15 12:00:00,-0.7107113372844907,-0.21781796225203462,0.15577873659833902,-0.9369564099095558,0.19217155460319435,0.5324192990904776,-0.49275326496728555,0.5261218165140529,-0.2602800024404639,-0.53231249830345,-1.1061710819984136,0.8954969229244966,0.6226633513946175,-0.5128380870740779
1994-07-16 00:00:00,0.806371845808217,-0.0065446660290954806,-0.23573041633123898,-0.08108070965515546,-1.3429609560620093,-0.2573277324734262,-0.18319974454006072,-0.06085136981228323,0.38794009376223254,-0.23235862284801775,0.06031010208474735,0.39173386843276836,0.15908879377170088,0.427133174255689
1994-08-16 00:00:00,0.534904659324867,0.31291283255049057,1.3628284799229764,-0.2737988015294299,0.7048660066518203,-0.9623240424860869,-0.4700210611083707,0.2969491741894936,0.6533046407064613,-0.25795492956269417,-0.3064063538139078,-0.21333264180053074,-0.6197631251498232,-0.6182749239811165
1994-09-15 12:00:00,-0.3207882921436919,-0.5178181981410943,0.11963158235672745,0.0349540865813488,0.41613071765605125,-0.5066292011644342,0.18521316370849783,0.5084977610325008,-0.1065063791432202,-0.2463531558500985,0.32602822641360224,-0.09006113512915201,0.16130795690421587,-0.12364526613157478
1994-10-16 00:00:00,-0.6386059769578286,0.3347422807239982,0.2637091813225113,-0.0026648832374659426,0.38647329876948955,0.35411791107116997,0.4556194918390809,0.16522746584450365,-0.06926987257168837,-0.205074666202077,0.48561049731241995,0.041373057863782176,-0.23725649358523082,0.15755195734378769
1994-11-15 12:00:00,-1.0548815550625938,-0.1814496419747247,0.17292765177488162,0.09955125949829557,-0.15031479541276194,-0.34971015510446585,-0.13228033291123198,0.08526402094777963,0.43580299748429324,-0.456947726992901,-0.21508154719433537,0.27566842249560164,0.17325109891195709,-0.7765644422025486
1994-12-16 00:00:00,0.3337250121454924,-0.3291584785370986,0.7898565999586334,0.5924040645127111,0.36427641366387975,0.7658328287582411,-0.4891936623222406,0.34938395519149945,1.0573633885298575,-0.2550208732487106,0.5910940765274364,0.4167470091628619,0.5574640234908708,0.2527940724741651
1995-01-16 00:00:00,0.1388588793578895,0.38327365231974037,0.2512112707918296,-0.30803205480366813,0.1635845302223875,-0.3680903775813149,-0.6194615955375306,-0.3600927323191723,-0.11891882384131447,0.25337045481431725,-0.312284521970141,-0.22113936692701683,-0.5268782336379777,-0.21608868744116216
1995-02-14 12:00:00,0.5043352904854532,-0.35946473064463613,-0.07978248797325414,-0.26852417643927967,-0.5714316988864402,0.10545439010703395,-0.4097718916876161,-0.2339198858763013,-1.044019636794962,0.16063725768108444,-0.8327888295099307,0.884825377579141,-0.3738313459658975,0.318491952901524
1995-03-16 00:00:00,0.7953087590574857,0.44671217662171386,-0.5637073462521005,-0.5601761293715272,-0.5858088524598934,-0.04219345179362344,-0.1297018683465524,-0.03380991676223921,0.5010598583181369,-0.2676668127730204,-0.37899712661569307,-0.030562523366183363,-0.12265272679662097,-0.22763789335791562
1995-04-15 12:00:00,0.5464481046639909,1.8475875280762635,0.08681976270011622,0.3919736722876469,0.5803642751553674,0.3596561893001621,0.133354120336849,0.6706171755067103,0.19617935427225636,0.21443980973525545,0.5104330503340143,0.8092033490912077,0.14663683233597632,-0.4959931882981654
1995-05-16 00:00:00,-0.8127023642874474,-0.48305519613566567,0.18918600844746292,-0.30679120060986054,0.16057289049724277,-0.12908664313127372,0.11857193007629008,0.20735127408292597,-0.40312400445490015,-0.27604521804574456,-0.021663483073968703,-0.3953392005943682,-0.06126380841165019,0.32349027723671264
1995-06-15 12:00:00,0.0029992163741114353,-0.17277978445503134,-0.21857567151603324,-0.4403168209073725,0.09995045745072129,-0.3795731030699445,0.13950078652290399,-0.541043702578624,0.3575457079187568,-0.3711283456913099,-0.039683530202339,0.22048603807466718,0.4263058748097347,0.05888519753080168
1995-07-16 00:00:00,-0.318834000585303,-0.05957046818528039,-0.42143372676692253,-0.07996867937223845,0.07177407330616625,-0.1974622159602386,-0.568812974964918,-0.17924419871493558,-0.6280258046179072,0.19716050725581818,0.031273863308462574,-0.10560022198580102,0.5158859232551806,-0.372323701546963
1995-08-16 00:00:00,-1.3669288622005107,0.030802671714214303,0.8122220277614131,0.26959838399662484,-0.5022667973970874,0.33257709996592977,0.6898669220320292,0.09790265122291353,0.3046268667039039,0.23830422534460804,0.14469745207048956,-0.04349627701154679,-0.04330394757059982,0.18681681350454482
1995-09-15 12:00:00,0.027723183429517073,0.30523950094778024,0.15724786848036926,0.5944401850080347,-0.6872388770323414,-0.5287773200445522,0.14227471437442962,0.36595745188376694,0.04121426032310632,0.07296955521032886,0.07058758759349323,-0.080528219957239,0.33499505865511603,-0.19851120649921994
1995-10-16 00:00:00,0.2171658195722685,0.3138004942765475,-0.2364551870402209,0.03876572387088839,0.4552382866980961,0.4553978088933722,-0.20636020111663855,-0.581646817828622,0.18130762468740985,0.003152906545991402,0.3401957489651589,0.006913545029050838,0.026837192230590716,0.462378468043388
1995-11-15 12:00:00,0.8814642416769651,0.6726210957367975,-0.02066525104006558,0.40051968979102304,-0.2667100897149333,-0.21571381026417802,0.031147009192729058,0.6784010741740352,-0.020783655526608658,-0.16915737086016094,0.16126392858194227,-0.18764159961942853,-0.07230488492583573,-0.5351026506787921
1995-12-16 00:00:00,-0.2312327033793904,0.29188846750885017,0.2165035840726256,0.05300526242111614,-0.266751444372986,-0.4234713106126591,-0.4029086985689611,-0.2409067928546741,-0.25808402508892614,0.4028763741216237,-0.42217728994587433,-0.5326693319075984,0.508349299027815,-0.5783468256068712
1996-01-16 00:00:00,0.8568973280740211,0.6517123712443753,1.3363825907433682,-0.4538041503287235,-0.308604252633579,-0.09936097541160727,0.18555177427079828,0.015505140462954592,0.7779266930145181,0.298857978414654,-0.0996681781897833,0.4020637636667975,-0.585507659357986,0.5536863354427681
1996-02-15 00:00:00,-0.3857975268977311,0.3682477882650053,-0.44924133001820793,-0.8315925014563328,0.3285410730179862,0.5355803844833465,0.6946075335209366,-0.17231579197477198,0.6264216989058331,0.3376282082772603,-0.3311263232823597,0.9569296318896029,-0.3527077147240043,-0.5596124188927923
1996-03-16 00:00:00,0.012569958671625414,-0.2848046459926443,0.20312779939605347,-0.5644238343388672,-0.021861360314049394,0.09924970748940387,0.5085121855116682,-0.8310014596130366,-0.1555222719960488,-0.01606171544867413,0.19655748463429182,0.011526851884021638,0.23960191491461955,-0.050163522080808653
1996-04-15 12:00:00,0.09957826733612807,-0.5383625835202608,-0.3941191647795985,-0.742870483008512,0.6184581366520111,-0.7594650646360047,0.3142480289052605,-0.1373569638498071,-0.38129105406238506,-0.6193166692693362,0.7244835411005743,0.12643892584545582,0.6031521056108092,0.34025493920702743
1996-05-16 00:00:00,-0.0431294437191701,0.29066862657423637,0.40532635337646084,-0.9822266504549234,-0.1371561935119564,0.8114518987625886,0.26779504078591587,-0.6879270359987798,1.1841426864818447,-0.6785657461153671,0.29470372099344755,0.03436978386476561,-0.2271957821783737,-0.22993362015274899
1996-06-15 12:00:00,-0.8630005064700097,-0.2504368091640946,0.07392444537280053,0.5225315441553157,0.023238871201333167,-0.17109442114032858,-0.07965572697331114,-0.05566879745876707,0.11555307890341532,-0.10335344652531339,0.04908642764341453,-0.30457092787586904,-0.30370071440779095,0.12185761313036458
1996-07-16 00:00:00,0.43926990673264604,0.7862066855382448,-0.5928225420505667,-0.04011018328867072,-0.44136696171876977,-0.485166544427202,-0.18661191880383615,0.5457992043846975,0.11142313414366573,-0.14172720392089502,0.6762468811464988,0.08492599798606212,-0.07326214286253262,-0.1491512945203698
1996-08-16 00:00:00,-0.11809877352646439,-0.2698795910929592,0.2017452310557981,-0.42741627847231445,-0.16632148783188294,-0.22402011610575323,-0.40524304051842946,-0.5414604253996239,-0.5778296137376369,-0.09034581916947113,0.05341812303527596,0.18510638932157533,0.44206371221274865,-0.07591275566970501
1996-09-15 12:00:00,0.7619539133081825,1.236835975366193,-0.7596355777073804,0.34502559031440827,0.5495088152221045,-0.5140513764872494,0.11738149444446233,0.7862950959205852,-0.6617326147356686,0.1928853044028957,0.8177878125589036,0.12391930437020554,-0.08929299709916289,-0.8845625392641445
1996-10-16 00:00:00,-0.04210235829342862,-0.5021283136612015,0.2999810432607932,0.04176191805064411,0.09752090806990621,-0.5572928595700772,-0.7098408792738542,-0.340382781975088,0.02974441086879903,0.2286125588580592,0.251822882853619,-0.19147867419034953,-0.0893632236983194,-0.2452409985300283
1996-11-15 12:00:00,0.009427649681736261,1.2089654513419053,-0.5415020700700545,1.5442882971399474,-0.05678077913312973,1.0358205195928005,-0.4181205135743054,0.6538263530717017,0.6262687819049433,-0.09486051880223254,0.44699309239789886,-0.21124483292355312,0.10687721569338027,0.560625005988469
1996-12-16 00:00:00,-0.3840295415658088,-0.5813966902007314,0.16275058663531244,-0.05838231390152515,0.48367496445755365,0.19343172304038359,0.1572069317813134,-0.05235858069245869,0.36972299924920154,0.8036173969870735,0.09004809097455296,0.13204117728462514,-0.09335935310341494,-0.11092892291663159
1997-01-16 00:00:00,-0.16395257752186915,-0.7928692771872934,0.3000032984850434,-0.17393372925827288,1.499380272855829,0.10528839832243075,0.5880955873448755,-0.06933414643800795,-0.7455064715367377,-0.5321545963578028,0.14073903786989472,-0.3005485613847195,0.9477275294612079,1.2825222718285858
1997-02-14 12:00:00,-0.6616136488557055,-0.3485615373807664,0.02508420487641143,0.3547018725387866,-0.508684743244741,-0.29419666316027254,-0.2652998749926495,-0.1593256530483529,-0.1513800673649971,0.04623294587030741,0.1302144518286436,0.053199107555319675,0.37692994540415403,-0.051624819478139794
1997-03-16 00:00:00,-0.000536344331783678,0.7937464405159782,-0.9599941873078406,-0.5189185002848912,1.1022570556503548,0.40993024664010347,0.02568119695693194,0.0443838918268602,-0.43013238245070934,0.34556954545706,0.02921166120988336,0.11804732740347815,0.9134430370542722,0.5579436007865981
1997-04-15 12:00:00,-0.04943514230546808,-0.43211834958722267,0.17897178352946852,-0.3518321779610689,-0.41323841290480745,-0.30520947716092245,-0.20474489664823758,-0.22626841263668096,-0.06761783497884999,0.16770231950449457,0.29773841565075815,-0.39502018744626743,-0.3443389918454646,-0.37711924264435465
1997-05-16 00:00:00,0.01721238975135797,1.6097258063290774,0.5815327550020167,1.1190273931288428,0.838173508326827,-1.2354720122548977,-0.5196927376576829,-0.24254385408870627,0.38571882517117656,0.5217989236182771,-0.7431195696014238,-0.4405828005914332,-0.44883361545583755,0.4788464038781899
1997-06-15 12:00:00,-0.1687203165220246,0.3176316733433467,0.8166728172377128,-0.2832360222363469,0.19543524995174155,0.10536459987096236,0.08659196147755666,1.0119433554423107,-0.4071342356094144,-0.3529822952962889,-0.36087912016901436,-0.3157033597127874,-0.606310094890112,0.3816344705988657
1997-07-16 00:00:00,-0.013488308321302933,-0.15521220327122373,-0.07492711968511014,-0.2932573235060202,-0.12909056479309078,0.24035175573643353,-0.6862218410028309,-0.5055165153322482,0.2073114240796196,0.25420876766181427,0.12287861576580245,0.19428733023798042,0.22891743439566015,-0.2418496405976332
1997-08-16 00:00:00,0.14845367825009398,0.3971960060364989,0.3382872526746664,-0.2204315285797069,-0.043539774536439424,0.24824379524298246,0.15860817167165286,-0.3059311543038148,0.3399255101505238,0.26723889297061937,-0.04709423910877808,-0.38861418943105586,-0.2712651119960064,-0.025346885901036287
1997-09-15 12:00:00,-0.13281575907701304,-0.24846092122556115,-0.060939345655567384,-0.16334558428927803,0.1747740788545874,0.06786825782237582,-0.11100478294652516,-0.161811229574083,-0.015652641414348356,-0.5701782149949336,0.058804485375875654,-0.6676851625306529,-0.5135246880785331,0.03362417165616938
1997-10-16 00:00:00,-0.08825239249678613,0.059556251567646434,0.6522271287922266,-0.09920608227106104,0.5095518246254102,-0.42903609315433766,0.08395761763532161,0.20755201062466377,-0.593717405067017,-0.5486895914763099,0.28316821912796686,0.11239256793269103,0.29367324148258633,0.1904049247996008
1997-11-15 12:00:00,-0.10878943489922352,0.6277897545421824,0.5605530324042954,0.11723756008130892,-0.29593640853665654,1.0169624990488138,1.0228143618557968,-1.2867396767605566,-0.02375000672447214,0.9116307040110377,0.32557712773958036,-0.005568963597389565,-0.1303353933076929,-0.12146110630982809
1997-12-16 00:00:00,0.48617809783398075,-0.8731868734641297,-0.08392270970644161,0.06734840295338151,0.47290424115690255,-0.3027920340946429,-0.45814079817090386,-0.02241303538813233,0.15693182534041134,-0.27014181583951524,0.267014270692807,-0.02492687994398074,0.00409714397218926,-0.1420828768481514
1998-01-16 00:00:00,-0.5829362324488752,-0.029099880746962514,-0.10446264926143065,0.750522377364258,-0.5360899788217235,-0.05569695135947006,0.20704033792140775,-0.6872938264077408,0.005299982820707261,-0.050806319669438466,0.4382635333912264,0.041169769328415984,-0.3703653618757005,-0.1602430186790904
1998-02-14 12:00:00,-0.3268507556201651,-0.06842335205993694,0.34757483574697123,0.2515566336112398,0.2131475841787308,-0.475789382145087,-0.07373095400416396,-0.33217282790446456,0.7498843268899216,0.0989459295830047,-0.36857587544146053,0.497614060068471,-0.6447194000659188,-0.08053888493496375
1998-03-16 00:00:00,-0.19453918919400226,0.3219468619345514,-0.33670900359225103,0.6115823906256943,0.10276579500368865,-0.15665740133819894,0.5908437480350247,-0.05607419150526738,-0.11041972701782965,-0.21133187543598939,0.5633477457673262,-0.043993554377626636,-0.5673680441268505,-0.2997013548935712
1998-04-15 12:00:00,-0.23082517571635572,1.4701852811614629,0.36121258526974026,0.4416366004099943,0.7292314906763849,0.29942729484831576,-0.11304736368827095,-0.14784907111071421,-0.1974024876146353,0.22170299635342425,-0.19121580016412743,-0.589685012327716,0.6125856504114695,0.0930107822973919
1998-05-16 00:00:00,0.025723061743240017,0.4580578300445824,-0.08395474812116796,-0.8065241319610337,0.09942765476681814,0.5269190966805951,0.2858113810827201,-0.7407185295282133,0.32632132700232924,0.05820845813492095,0.2777688154351708,0.6554521534503082,0.660351481670241,0.24148104656267821
1998-06-15 12:00:00,0.6914336122951095,0.2923283733919368,-0.10239540857607712,-0.1169502792433329,-0.9414944704118084,-0.17033192599103242,0.20203777437234327,-0.6566901982200244,5.444156456368976e-05,0.26130853282359956,0.14362984916888577,-0.18987201879238766,0.26226912460080354,-0.120847906959619
1998-07-16 00:00:00,0.6685803707205193,-0.6537330576693403,0.1929533727871678,0.2833199140620398,-0.18815433769046164,1.0244884648381105,0.02859855539992695,-0.1662843816510955,0.5386422125184753,0.28707999415506946,0.10808287342507028,0.686060657342331,-0.40847104256646993,0.17326833520892126
1998-08-16 00:00:00,0.7557946317004225,-0.1715228938700444,0.30290384698106254,-0.024728630999960532,0.12154930279144971,-0.7026185753520421,-0.38302359416814397,-0.19507636620027835,0.18175369661592228,-0.07129495376669873,-0.15061559453892975,0.180650213880899,-0.1377550077426234,-0.1945281265242531
1998-09-15 12:00:00,0.24845642475633095,0.735416533114611,-0.33248484795816463,-0.3263459192234263,0.5804166294315328,-0.041783585435334114,-0.7651013548377356,-0.3381269089633098,0.07254727924160681,0.6353840687461343,-0.4344505292887344,0.2956451310734981,0.06436458633679958,-0.15974747314647764
1998-10-16 00:00:00,-0.0271376256455918,0.717901560351714,-0.5704225473743917,-0.5170475788636388,0.06435257532892935,-0.2126904496703924,-0.5368840596967162,0.10739096755626054,-0.1965210980725587,0.8049196306976778,-0.5289491803317756,0.6083725504530845,-0.1508379335356021,-0.16071217244772207
1998-11-15 12:00:00,-0.6879046852182502,-0.15879661270913067,-0.33325114410453616,0.6040664058111453,-0.06264433233664546,0.007457969398462105,-0.6427453195597891,-0.12234335212142844,0.15085127020367345,0.3275994442620518,0.10722126769196044,-0.6857409210780903,-0.5319931365159719,0.2961982358032006
1998-12-16 00:00:00,-0.45555572469010375,0.3205461178296313,-0.1910007708005244,0.5030106662509718,-0.495768875690536,-0.5018590792246728,-0.16115164817660532,0.33728303245961366,0.16530898746256834,0.4636961413099716,-0.29791226991423914,0.6665892680262354,0.14771551383549814,0.9281224225111697
1999-01-16 00:00:00,-0.3802945476632427,0.21317051398958592,-0.19102840793581755,-0.43078796365614475,-0.6202960173889628,0.05776124506299429,-0.8483711079736495,-0.1601738744118344,0.14200514508527234,-0.4086799538486694,-0.0343326606364765,-0.36149073858332414,-0.49503532862539734,0.15151572149562353
1999-02-14 12:00:00,0.2526652564641136,-0.003250616714725485,0.43211829625613524,-0.06792994909954508,0.10782769331279196,-0.5737673223389348,-0.27971297032818004,0.2007917871111533,0.19505650555030601,0.9300947113572631,-0.0751936101999997,0.1940374808344381,-0.328593447647818,0.17603532070104577
1999-03-16 00:00:00,-0.7413901107340609,0.010408769200886847,0.31990282258125435,0.08946486495390449,-0.039048875611932043,0.14344289213953587,-0.3855413442934132,0.2057529588653373,-0.017624197748804915,-0.2536747257615193,0.07379756161567536,-0.23607988856030274,-0.2970589039267424,-0.1025930444115557
1999-04-15 12:00:00,0.24933727979463965,1.9201172861070193,1.2904283383255788,0.14185399387389808,0.7148394934976551,-0.2142675954955121,-1.1509568279673563,0.3415569619510148,0.22290297468100123,-0.6811868332836459,-0.20150047865934195,-1.5849125169524605,-1.2479507908796876,0.6170475023997894
1999-05-16 00:00:00,-1.3658236825802326,-0.00945737476858971,0.02925044870077209,0.5084580835833998,-0.4098853610622969,-0.4417443891355675,0.3613180180209544,0.06620453440234364,-0.036877864518080894,0.27909118377949277,-0.21237229495700327,-0.03910354203546516,-0.20555769562609466,0.4731038235150491
1999-06-15 12:00:00,-0.2716135076598841,-0.444794648703591,0.19684454954824082,0.11175435760667518,0.07195575936448406,0.32386218869087846,0.17007561078928657,2.137433871552698,-0.32665353365684324,0.787464919072489,0.7365000142796074,0.4468477755478656,0.49356370891910195,-0.27365258327891046
1999-07-16 00:00:00,0.05153408182364905,0.22309830737616004,-0.5310349137079613,0.15871330998252098,0.19925457318447626,0.03172455425300613,-0.09430887198456661,-0.18440622510687954,-0.21481919198651095,0.010378876570951101,-0.4143992461929281,-0.1149874825682803,-0.24162501218451413,-0.32813937799421905
1999-08-16 00:00:00,0.6390603263875598,2.0155797617675812,-1.0976069248752156,0.24714905914923302,1.0689453029955454,-0.2948754898452284,-0.5983638318662142,0.1644181492350899,0.4878837111831163,0.5051802622852865,-0.41161354100843917,-0.5133656876181829,0.24750838213359952,0.6225028345177386
1999-09-15 12:00:00,-0.20201561436252624,0.6476186221738671,0.02945281511879505,-0.8670879883171901,1.2379609585170401,-0.029089216285827613,-0.02292375955616177,0.4433855257852999,-0.0323462599236814,0.5896462126459925,-0.712718376659089,0.28522328567035093,-0.5713274613126037,0.3196457027161167
1999-10-16 00:00:00,0.4422610228491581,0.9964223688933229,1.348492014561363,-0.208259092821236,0.7758587919504935,-0.018415052887487793,-0.21389551341777385,0.31828776223227506,-0.2601411151981685,-0.47436515342792407,-0.12102039603533754,0.19164217571164963,-0.6455815214007347,-0.7197238835581146
1999-11-15 12:00:00,-0.5687961527309284,0.24160435893458604,-0.3009630327408983,-0.725752576231457,-0.0724995571845406,0.7156366629931853,-0.39584297886582154,1.0185015007709493,-1.0000874383643508,-0.7896146735597698,0.44158292541803057,-0.5415063921636183,-1.0188344860241823,0.28690150072082465
1999-12-16 00:00:00,-0.34342105206346496,-0.16145217197346817,0.3181026871982736,-0.012692184312446841,-0.17788256388559787,0.037925650146208856,0.3864689154738413,0.11611175701814114,0.1616887057181427,0.2286069806639946,-0.300446208708244,-0.20484556480838,-0.056326324834038426,-0.5367746672293714
2000-01-16 00:00:00,-0.1653052175157912,0.26674863553449896,-0.43565933795453904,-0.19030752023249714,0.21540118696461275,0.119784078754545,-0.1527765063491029,-0.43342882795961574,0.42210205334929957,0.19135427951660341,0.04991531120946749,0.18624379274907596,0.3170514278855478,-0.4461913232811637
2000-02-15 00:00:00,-0.5423460843973524,-0.35838494975571283,0.09729277241777044,-0.1869498715684899,-0.13001216468298216,-0.02076237512408108,-0.08930380804213767,-0.3165073159507808,-0.062135596006200444,0.009141784804013425,0.21601700413720692,0.23684404710642784,0.26805618439677026,-0.19565103406394158
2000-03-16 00:00:00,-0.5317391869841407,0.7473662765444404,-0.78242070977229,-0.43743351458434004,-0.1413330743605562,0.3586593603397382,-0.4126977948490027,0.06980753961057773,0.1381261923482277,0.6901169740492442,-0.7323704968637421,0.3309554589674377,-0.09047976512730349,0.43511028285079467
2000-04-15 12:00:00,-0.25802644758212634,0.07358129777948513,-0.8196297934060175,-0.04499699120657358,0.08771983069355216,0.2534389326478811,-0.5418860896567058,-0.4111330784491685,0.3900361337179434,-0.15821498137463522,-0.263349681305574,-0.6271933087674476,-0.18151263513742283,-0.39601208180308056
2000-05-16 00:00:00,-0.20530122943759863,-0.11023541751487231,-0.5456656454618729,-0.06382035596834962,0.30260382910128614,-0.19504832909429282,-0.17185578329033796,0.06777545660757855,-0.6415686972791796,-0.3614408440265203,0.5685320885775742,0.6312940988416071,-0.08046221986144327,-0.5440218197451647
2000-06-15 12:00:00,-0.2795123737485796,0.28853578518633854,-0.44229264109644395,0.7308292056684134,0.25192109503556737,0.20913712580778843,-0.3695157689837182,-0.06225673035590762,0.2534714232403485,-0.4246596808665898,-0.3780890366900187,-0.3502638115667722,-0.945658991147376,0.24765014018067777
2000-07-16 00:00:00,0.8761876938141617,0.43372067094092576,1.1991005154391747,0.5765504391342244,-0.2462387310089328,0.7435614566595724,0.6815671736396095,-0.4045366721867386,-0.12833632029824782,-0.12387989594877169,-0.16185542682888632,-0.09996390950053992,-0.5361682170707437,0.028342148453438742
2000-08-16 00:00:00,-0.486793163541427,0.6607701572425748,-0.7750830759149563,0.6491098397295363,0.2060224768199641,0.21091109377644424,-0.4542257563811369,-0.25818292839234347,-0.2286769553217385,-0.06277641463044772,0.06796305282999132,-0.21265044119109278,-0.028985934431784467,0.23418220380634058
2000-09-15 12:00:00,0.13456951699546765,0.5524218523377067,0.1333584095870659,0.14441250814925777,0.10118277078676197,-0.270223824996004,0.5552733927866419,-0.15753278210747057,-0.06581684962807999,0.02270860379483325,0.14329584664145828,0.4254905102058756,-0.39276619591502665,-0.5192578918261975
2000-10-16 00:00:00,0.7727164573219181,-0.3135630265617887,0.2812774958706221,0.1803442011655857,0.2593963666578901,0.333495050061147,0.053939411106955104,-0.26446991128025743,0.48323315866224065,-0.014708003188336427,0.09277315541347475,0.4740863080080471,-0.23671067519183386,-0.3487070861250322
2000-11-15 12:00:00,-0.28304087931630806,0.07507876829269816,-0.306782841124333,0.6763901856574073,-0.7367421696069423,0.013933854772420484,-0.11992853683443672,0.041157808855121436,-0.020937466736840937,-0.17605149808119444,-0.12905246080017596,-0.4596722713878588,-0.29279296141106154,0.1592063705741159
2000-12-16 00:00:00,-0.46569946780628696,-0.22249042487428428,0.06447511105740851,-0.3967649583402973,-0.002951639976075393,-0.21554360450205334,-0.4070991976743233,-0.18899272857014904,-0.13402543830428676,-0.6443000281256771,0.002458602609884397,-0.6138700100023959,-0.2528355471605349,0.0968828380505854
2001-01-16 00:00:00,0.1073597853920582,-0.6067076615366811,-0.18954656642355455,-0.27461717212483716,-0.1933698946964787,-0.3666705093091816,0.4445806414894734,0.1447487605194021,0.2479746394834334,-0.03543944959390005,0.062288110343082986,-0.29044882261158655,-0.1186597686427236,0.16924279812555365
2001-02-14 12:00:00,-0.3158726118091531,0.043929844770336623,-0.30517316697677666,0.0377010117772697,-0.9070580855353403,0.1490143876294414,-0.38519848183927347,-0.2782659990291432,0.050316748442920056,-0.8223437865794279,0.22964247105141858,-0.39160434893088725,-0.6183316404641999,0.7219598595688776
2001-03-16 00:00:00,-0.09799662556651478,-0.04877286185553947,-0.7587849103209902,0.9110964955805987,0.5535818442409982,-0.5028782075170284,0.8321424932585836,-0.3062496022470508,-0.15954995250064252,0.10016249191048367,-0.23157578057000616,-0.15024006135979745,0.08898075398974589,0.35469721132305787
2001-04-15 12:00:00,-0.6079981113350903,0.017047936412531994,0.8301230249138305,-0.7171113566059104,-0.2546960649282852,1.434351870737907,0.1684502858375967,-0.03940613611756072,-0.5593854883504275,0.6992844679521237,-0.6213543741627617,0.9857731761810619,-0.01008863587029174,0.34890760072186766
2001-05-16 00:00:00,0.10773918974602192,-0.6769292132635436,-0.2593853655689905,-0.055855888300504475,-0.37728662763518855,-0.133782705955227,-0.5676935894551678,-0.28337608651376756,-0.5914002736687444,0.32282257306215584,-0.08282505663039996,0.49637568484120964,-0.1652506337850765,0.050815394580092654
2001-06-15 12:00:00,-0.03774660726651946,-0.11548171954066577,-0.3882618115161106,-0.3457281874593858,-0.5658984814243764,0.40122817376110176,-0.3957480451386643,-0.3936631980993611,-0.40582233594408035,-0.2174742192471207,-0.36531131413334494,-0.6010873864062313,-0.6390733944224974,0.016403270264927272
2001-07-16 00:00:00,-0.5784975266936669,0.06306732162899686,-0.12587629043196313,-0.27929872389119215,-0.13379513730050463,-0.10054190661430995,-0.09004062786096978,-0.6731410778354363,-0.2298959212887859,-0.2073462155336199,0.23643559532384475,-0.19111735428422286,-0.05898388740160309,-0.12458076195564971
2001-08-16 00:00:00,-0.5953156012161691,0.14250133701981277,-0.09547473305870112,-0.17470431893490773,-0.2985259483635623,0.22927602909696976,-0.7391154981014191,-0.058220647399372494,-0.2907231623291457,0.08586556426128879,0.004735919145152062,-0.8843767779062706,0.16297081533892135,-0.2801369978671634
2001-09-15 12:00:00,0.6495216868168303,-0.6053244084058237,0.12627933823292747,0.19258803639834032,0.22328761068073555,0.193723557510591,-0.258189990738923,-0.27359276349938366,-0.19200743871408116,-0.45956134017583616,-0.2148880765155028,-0.385611477862003,-0.3573553912782295,-0.19495199208237396
2001-10-16 00:00:00,0.2878064352019862,-1.2383866292154675,-0.07938658967263411,0.5243199949650389,0.27711466411759045,0.023358756600917352,-0.7942517781244453,-0.18833096127368965,0.19911142533137077,0.12065892196582238,0.3247183630778783,-0.3565586011753741,-0.44570189972055996,-0.08842056602043713
2001-11-15 12:00:00,0.27520437771589273,-1.123435971809305,0.5025449743144592,0.04307571657166109,0.2620481669863052,0.09847893665075957,0.390314916062218,0.8474398050191714,0.00047706424870147535,0.9186199276554996,-0.40911443864238906,-0.15302656168112355,-0.7201253973600196,0.22821619822675565
2001-12-16 00:00:00,-0.07209014687913107,0.17482357087445238,0.15173409826984952,-0.31836005938182954,-0.11813961312243293,0.0025554778791466726,0.14584730803301793,0.3897380300037647,-0.5166552490081087,-0.5693500003071267,0.426634727137725,0.11937151245238017,0.34145013144981645,-1.018499416908104
2002-01-16 00:00:00,0.8330267995512564,0.8125427422027558,1.6616916522416918,-0.8104807934435776,0.7729052682663647,1.4108692936899443,1.4018812265919265,-0.9189385661040236,0.5239688046899245,0.20471513375740655,1.6339000544923712,0.5009898729665678,0.11428637039552297,0.6767472191293311
2002-02-14 12:00:00,0.14913711211125108,0.15340891012907448,0.33439606443856457,-0.45757076085924697,-0.4419912230245729,0.4267422348672262,0.052103505567435704,-0.83330975542644,0.10128117265547237,-0.10600119149536691,0.15399527835651838,0.24240353601870537,-0.044843951776828164,-0.20198166423833863
2002-03-16 00:00:00,-0.45725063690920625,0.4178258425545796,-0.5043766995952546,0.5580581445758404,-0.35588999408421956,-0.5756459816361509,-0.18029728737149336,-0.10994146675106065,-0.4195617551187573,-0.08480177350065726,0.6645000320235543,0.4323129952876259,-0.32883698306699405,-0.5170242886956867
2002-04-15 12:00:00,1.0243880536995407,0.41786263531942086,0.8214924774004186,-0.6623609546696381,-0.007030914565652524,0.24632658159619647,1.0720358648916313,-0.8314194426298827,0.3414809813324134,-0.3419939714491128,0.6029812989211093,0.014463402168287204,0.7532898389276773,1.040264004349121
2002-05-16 00:00:00,0.16753635424383734,0.3318957536826082,-0.2905107954088186,-0.2741943458919598,0.033256718601245905,0.10783550225922689,-0.2400819824153183,0.3315224394787757,0.21168473664913773,0.8303286365057954,-0.6536275390062093,0.15287612660334027,-0.5236073939679592,0.5635989678387963
2002-06-15 12:00:00,-0.45207724718802555,0.01891077839422295,-0.5463435550483332,-0.03016935186684655,0.12197706738862912,-0.4151466778595401,0.1593784991310202,-0.13245103699698935,-0.8525286330698669,-0.04390445378642807,0.19346430123620567,0.6876465426155708,-0.10962735626007901,-0.005868682873856446
2002-07-16 00:00:00,-1.0666523845308982,1.0815488898130206,-0.68434347304957,0.603314947529026,-0.1104069252745552,0.6634949145686625,-0.6131450145189932,0.1925276868154151,-0.2408884832029106,-0.3184705973553932,-0.8465220565436099,-0.09556059631079881,0.2989544397486559,0.8364882795296578
2002-08-16 00:00:00,-0.012274782814126028,-0.19914127905869974,-0.12321701887618708,-0.49634642996410105,-0.25740487858566186,-0.06153820343116145,-0.12629388163187927,0.004693196567556401,-0.6132812222705287,-0.08471059146883922,-0.1535743161599512,0.21283833471835797,-0.607674343239241,-0.17000467521888002
2002-09-15 12:00:00,0.5189825660372749,-0.025937085456024078,0.2501774107161649,-0.4554405878044732,0.5974194842029065,-0.9318857799783634,0.07366879977341056,-0.20367647249640153,-0.7609751013927233,-0.4944410270101176,0.27246629247937226,0.21293635524017332,0.11415577270595997,0.16114925534444202
2002-10-16 00:00:00,-0.1283474893309316,0.2463629994667555,-0.2016082569496801,-0.36474269169454365,-0.5132131599230314,-0.44883215732480153,-0.5018559894351113,-0.0817870513956982,0.4990029928370369,-0.10150381078529735,-0.17125405229941726,0.4530358330944909,0.4305138728961134,0.006355800865296968
2002-11-15 12:00:00,-0.7934306810513723,-0.2532526870808531,0.4812797845928529,0.4764125978020257,-0.604443592418208,0.32990271013153893,-0.26348002023690203,0.6265354608233948,-0.19520233541348525,-0.5275921977577832,-0.0904249977624213,-0.3786979506801771,1.2123911803084604,0.2993796701137139
2002-12-16 00:00:00,-0.5292290394754477,-0.5406592068319548,-0.5741740073295327,-0.6660121875807199,0.24449241301853675,-0.05946697674236667,-0.2968284396701325,-0.17464872075446203,1.2222866137488433,-0.012511103053781725,-0.49142279716061765,0.5355090109965318,-0.09064919670789674,-0.5275378626791281
2003-01-16 00:00:00,-0.5120347461670216,-0.5762769287552558,0.272361093951123,0.08283292333490067,-0.19358575108104226,-0.4784811974406388,-0.14588467456147725,-0.37974949146300907,0.01785619102138808,0.516534706161989,0.30290028735975294,-0.014003333461253167,-0.475731353513953,-0.07776620819651625
2003-02-14 12:00:00,-0.43344702389736434,-0.18246346566338595,0.050353969062409104,0.2974240869618211,-0.1347293134795351,0.020561299756720608,0.3607091035139737,0.2336790443506198,-0.40861402424351634,-0.09216681130543183,-1.0949763932629724,-0.42966071910376624,0.8629972287122732,-0.45968593765427607
2003-03-16 00:00:00,0.10504540497695436,-0.1209978884775732,0.22154007971555517,-0.1665225179324008,-0.25049666725320385,0.6992970534280628,0.48311847212435344,-0.3045984779220098,-0.2342968751708918,-0.6460007941674117,0.07717010018523038,-0.7101337935761528,-0.017873054671430223,-0.16673967153153774
2003-04-15 12:00:00,0.016500237439971033,-0.4569084929964025,-0.2829374773506396,0.060557169516104015,-0.8225090034799989,-0.19838759746774604,-0.42689700387579216,-0.03425824196518523,0.926681151428417,-0.07508415404529514,0.2949187499555798,0.5137095544537089,0.057751149997355956,0.21730180368952223
2003-05-16 00:00:00,-0.25242673672960314,0.30774737256133317,1.5601131593379234,-0.7031590511887041,0.3744223785521198,-0.42953387263372206,1.2470803674573658,0.38152013979239174,0.34738118847629346,1.373687809425514,0.683007515791809,-0.2710166041282468,-0.9841157336150975,0.09559095433622222
2003-06-15 12:00:00,-0.04677634525875768,0.8431595366724063,-0.14256301494207288,0.6759662734758192,-0.013422916984685673,-0.06320807495895342,-0.3649888035379128,0.015783737069084425,-0.3170368977516911,0.37918422932957796,-0.4212465014985196,0.5631270443127664,-0.6671786331435614,0.536215311775583
2003-07-16 00:00:00,0.09248808049254725,0.8967815429449755,-1.3954528350213287,0.2161449101327222,-0.12240873034506261,-0.2218578093939667,0.03171622436214938,-0.3586818330564865,-0.13118101011632682,0.8591462688165801,-0.8595147281900567,-0.04732667191742172,0.08868767367679453,-0.19438742900517014
2003-08-16 00:00:00,0.36291929182030186,-1.2352379037533903,-0.5383172684699172,0.6627724854140187,0.4175559062798001,0.10904184178050547,0.20837977748489223,0.5182369186962097,0.504353727442366,0.39395509998115186,0.42401697506930847,-0.20543531468989387,0.08968664144599106,-0.07464157973323826
2003-09-15 12:00:00,-1.824361685092442,0.7626522988056372,-0.201855429029069,2.475037607215503,-0.6534315660764876,-0.6888789083056566,0.8091028394108805,0.26538670516333585,0.2800435374592051,-1.138864755423055,0.4630122291195584,0.8997650645794457,-1.4443254514274677,1.0366829897845178
2003-10-16 00:00:00,0.1890018989478674,0.05473155323587009,0.13598591063393173,0.23891261065460345,0.03123845234115641,-0.5700460061099583,-0.10984145892438246,0.11959271499446944,0.049770736531248694,-0.5383984815803425,0.567396601812132,0.575290692191243,0.049752517245633274,0.0649377103502976
2003-11-15 12:00:00,-0.26871601054531147,-0.08618243929440722,0.21369577894860148,-0.15473269843673015,0.13443939675184668,-0.6376963408781282,-0.33085123668429955,-0.5413808244388992,-0.06745946292073601,0.028477327881011094,-0.009046825232128575,0.44070168278499344,-0.27928504035036605,-0.18737926205116395
2003-12-16 00:00:00,-0.7253249533415609,0.2728968366489624,-0.6146323712505021,0.6135733358197488,-0.3248779323087529,-0.4650120289116388,-0.33323299663368927,-0.7138359718068075,-0.31701445191980904,0.0985790150912739,-0.0875944845782562,0.2998819709981023,-0.13755452158318643,0.17909398738989146
2004-01-16 00:00:00,-0.08162090387209536,-0.3875819254504351,-0.1668396605056185,-0.036718402812438045,0.12640953139459976,-0.6889067694140916,-0.19942551404388942,-0.45776779022150993,0.11868623812127238,-0.03240995113895351,0.33106162014608376,0.0658767022344223,0.36022449691570796,0.2728892103111127
2004-02-15 00:00:00,0.3059532396684829,0.11871219420674345,-0.3521245428005877,0.5995850531585336,-0.9650851640657365,-0.452199861570189,0.09912087202606812,0.18986944572631348,0.41633297394265173,-0.3601902257453218,0.14540671791287832,0.24250733217157452,0.3161393822674243,-0.18867693737646035
2004-03-16 00:00:00,-0.16380129071765467,0.5505912345605877,0.057694693145971504,0.11359592402175467,-0.5085979628912531,0.2179302226681562,0.2586809585219241,-0.22759703685753574,0.4575716004367468,0.24052243112755578,0.5340096000282957,-0.21627996168122707,-0.2638303105210391,0.5765695541779876
2004-04-15 12:00:00,-0.8597949875921957,0.28831054189082467,-0.36395731879903837,-0.00040547019589276534,-0.14983547298999633,-0.3258575924660657,-0.1386018068028103,-0.07281912675928282,0.42023778376098625,-0.17647973940051906,-0.48309537963332416,0.33351008849625674,0.3485559416933198,-0.5509236738275972
2004-05-16 00:00:00,-0.4132614033618058,0.5332988949649056,0.1928802688482597,-0.39486015716400424,0.25387072807679634,0.1032006994269502,-0.06775454114105206,0.18910712413949782,0.35139088949816694,-0.5579984241501665,0.07282837287621385,-0.8377204226807147,-0.7072497316323999,0.2917477066198918
2004-06-15 12:00:00,0.9209124343602255,1.4200628648783098,-0.21710698264533534,-0.2896315239740571,-1.1049531041060563,-0.06953776576045534,-0.5148289227004912,-0.039238175937460595,0.5138407680310935,0.7493500419421808,0.38914998976579257,0.1407174620826031,0.6734220210671271,0.9801072104531969
2004-07-16 00:00:00,-0.0262692485789357,-0.23707832281321886,-0.11673611605944774,-0.3751982751207198,-0.20663849555136782,0.18779100553411943,-0.20671531338238802,-0.18402915794775043,-0.31768744030758944,-0.3473273235060127,-0.6338870911162702,0.7820317648757189,-0.5162283378983061,-0.4088417402680473
2004-08-16 00:00:00,-0.5705074848630827,0.2389083557362936,-0.5488007370849007,-0.5480380027254023,-0.3535002173058377,0.20459285466275345,-0.257390583170499,-0.0022137972490166025,1.0141444315876942,-0.40027377934449326,-0.13866527146093816,0.14147863249090956,-0.3126886905946202,0.16057029284676272
2004-09-15 12:00:00,-0.7986916982067347,0.30649467698598004,1.2355466510453215,-0.09927379420172527,0.34802966452069184,-0.06254120189554346,-0.02480273708776204,0.5907236962013469,-2.9253968763187643e-05,0.3363519161473426,-0.3080717930250124,-0.7169501707029418,0.256333220045203,0.004384240395328809
2004-10-16 00:00:00,0.6815790799697532,1.1780964840326524,-1.426053529521658,0.3972310255705833,0.7194508058507582,0.504655759741384,-0.7716971776890413,-0.3936837099436518,-0.03859560446917437,1.0227594574173784,-0.5636280387512803,-0.5164232620769473,0.1370652684375546,0.7071811816259417
2004-11-15 12:00:00,0.04701166737195417,0.4731349570770052,0.24470688220141612,-0.5192680069995887,0.09567598500652952,0.425238359592197,-0.27068865671820247,1.1238222018083823,-0.22654291829556544,-0.640443474495137,1.0151199547009129,-0.6805716399125747,-0.7249964147732177,0.1484374550961154
2004-12-16 00:00:00,-0.42172374882370156,-0.406359402839597,-0.1780821221760742,-0.285832414241949,-0.2474561209403644,-0.5053420415374125,0.7784972187168447,-0.1504629472737311,0.24667236725237535,-0.0334333150588583,-0.15159374452537594,0.19694854808992604,0.1758642262610792,0.20899321256771586
2005-01-16 00:00:00,0.7760086902477765,-1.136170343412154,0.05163741871692941,1.5860061649386237,0.9034462894242089,0.22391468491100708,-0.7861296586808171,0.026731946167163234,0.41245041440329205,0.28455804714978755,0.8998626976516324,0.4783918524298397,-0.3433827503728148,0.43490480220004746
2005-02-14 12:00:00,-0.10088631020872574,0.1561974780434357,-0.4690369475206024,-0.25429263191204343,0.26046320600770223,0.4643370601614739,0.3913721529930728,-0.04386891577314589,-0.11389414042922924,0.8904114070697056,-0.18718635208949003,0.35886354648945007,-0.1980285058594144,-0.04001884074033957
2005-03-16 00:00:00,-0.8558534931466222,-0.3046890011315073,0.11853264334321108,0.6295808992015668,-0.29101767654752125,-0.15427000922361578,0.31931422725840675,-0.3973464878958187,-0.10325034251437404,-0.12104616663262496,0.02136002992097072,0.4047769886606235,-0.1876729231498339,0.1071280716504609
2005-04-15 12:00:00,0.3387617766131856,-0.24590608825020346,0.39972340076406715,0.3014872727076259,-0.4749958561880521,-0.7607881305095323,-0.4555964151441628,-0.18773018010824438,0.19304368467564953,-0.11721890438872135,0.08103921056357455,0.10664336833854557,0.11767912628436855,-0.0509587582271257
2005-05-16 00:00:00,-0.30626609191750126,-0.3181518934921245,0.08699377022049425,-0.24802809189361116,-0.2624446752611314,0.5622175621053088,-0.5519895110478138,-0.0025668885546498155,0.16551874947121165,-0.1554588908647538,0.24083405712442568,-1.0856937055193432,-0.7000038636148196,0.12333874851919358
2005-06-15 12:00:00,-0.5137918322392095,0.13565511771723665,1.2776907538941733,0.040211002305318155,0.10611858983798894,-0.05843161049897794,-0.02515077001917987,0.8282506490469235,-0.3671819467395998,-0.1546456275732356,-0.6401015029777372,-0.2545033971127656,1.019938568801901,-0.7133161186797167
2005-07-16 00:00:00,-0.22936216459492637,0.3525603691152686,0.13821328774296804,-0.06152782290842307,0.2851236285443498,-0.23355424648344925,-0.009965874772711492,-0.23709535527504355,0.16978186234351772,-0.5577940136825675,-0.13092868351005332,0.016488906266642844,0.013084730245994788,-0.5976692855844182
2005-08-16 00:00:00,-0.3291359752618469,-0.2486891826342959,0.17362426847868762,0.02941645176322555,0.4380664234918853,1.3218962234204925,-0.282613990673018,-0.7343814137372615,0.26066969175890337,-0.4402255893627751,0.6562005991836688,-0.24467929187555104,-0.35633130297469207,0.3032130860668757
2005-09-15 12:00:00,1.005926969270858,0.9884031069223949,1.6466402001717966,0.29556222539504007,1.593711956094015,-0.535838496201369,-0.2880755349582162,0.453586239375499,-0.2989643017343443,0.030183851430022043,0.14552931540515318,-0.5150502838570598,-0.40651378018518236,-0.03355800166346157
2005-10-16 00:00:00,0.02460341573735153,-0.2821466372136292,0.16422765054084965,-0.8310614467667583,0.2061157323680417,1.3988265633277082,0.08241655134040426,-0.7257512497270917,1.189581958822055,-0.3514598789392612,0.6186225713385084,0.3284396168897561,-0.26170718301973667,-0.31786603356845655
2005-11-15 12:00:00,-0.9764383303112822,-0.4226294337661913,0.27882362164294067,0.030416436795452362,0.13591015557142583,0.43020457509283594,-0.4533206804907128,0.20003288608924552,0.38114037559348785,-0.44248344922865956,-0.5458241463901327,0.19269576136742636,1.0680177483483257,-0.5184574548184268
2005-12-16 00:00:00,-0.15860637988783302,0.031487724972177666,0.8495562774799119,0.11826904725275666,-0.49271676138167686,-0.4718164106579735,-0.37139919400460636,0.1572082908917093,-0.07771225469825194,0.007802032811900866,0.2391009976901593,-0.0892884555853393,0.4760315336999123,-0.25026779814248806
2006-01-16 00:00:00,0.14513382147037568,-0.3762229650900468,-0.15278395912980708,-0.25046995555490664,0.058236381457923425,-0.6490337411675006,-0.20758660465419582,-0.6202646177338865,-0.25496854490147197,-0.3263083399783907,0.029560843218775362,0.12754922622794884,0.10965363115602489,-0.047002312867983176
2006-02-14 12:00:00,-0.15682963597447955,-0.07154694129148065,-0.007703604481890405,-0.4678789614087502,-0.36596646997278326,-0.11135734977548428,0.04838126409950916,0.3037359252033205,-0.25515730667240655,0.17461988346251253,-0.3507810281314351,-0.7368240342717786,0.5274212964382329,0.36891740293023934
2006-03-16 00:00:00,0.36886302403389665,0.38894971845656284,-0.3787176491896386,-0.5686692023765875,-0.07027665907324787,-0.4012396798460361,0.6040135064087003,0.6697485236431504,-0.21795889196823165,0.16300312660975222,0.32222626014364353,-0.2546082239726264,0.07274948413414573,0.9843086013799867
2006-04-15 12:00:00,-0.18623158368440623,-1.1986923934859786,-0.012214257944394513,-0.3058179433249687,0.37238359561532397,-0.06277599102005738,0.40871696762627996,0.17440465126462779,-0.08996812206081273,0.27473065500053184,0.23985479329763856,-0.3432904785731876,0.4663518294471146,0.1978149969598355
2006-05-16 00:00:00,-0.8352435996634177,0.1270013058354394,0.04869310172399259,0.43627929024954626,-0.46650077090345426,-0.26689987987640335,-0.2738170684206519,-0.09701822722636855,-0.3302912631367362,-0.422821328304983,0.1497865789845493,0.533279483703628,-0.3910367261371759,-0.23531161665880684
2006-06-15 12:00:00,-0.6371995480565209,-0.164873786821662,-0.22966638039388632,-0.3738016011564253,0.6600172183752101,-0.6218430210750148,0.6858310457178557,-0.2810506460549861,0.7147991658246613,-0.6103163337923305,-0.4752503295602798,0.5509615144083082,-0.30884740604581384,0.33279434879723113
2006-07-16 00:00:00,0.8595233468859993,0.2213953214740006,-0.13585251661402842,-0.03163776461965334,-1.5643358131266902,0.013468365672032245,-0.06046559361284909,0.5648471392055994,0.24534052198867645,-0.5473403956356923,0.1365217319591827,-0.2342475237987134,0.382528872745537,0.08524792580173135
2006-08-16 00:00:00,-0.16304385118147707,0.8817769031257199,-0.39561324741043274,-0.15004312133943504,0.6156504676563647,0.26931170725015796,0.04856380855342379,-0.16508048320211866,-0.1447147092607977,0.9862541045922985,0.6484214295181145,-0.20883947638528222,-0.26539544989454494,-0.30179448488351424
2006-09-15 12:00:00,-0.6181374440988249,-0.32241984205944224,-0.3323371518693159,0.06481766387165488,-0.16752221177011717,-0.2863279502140225,-0.24790452434850457,-0.4962105075762168,-0.08289382677050677,-0.12386769613849236,0.35450471638758685,-0.23532029980356448,-0.15021147118307293,0.03718108928370545
2006-10-16 00:00:00,-0.28535442658904475,-0.42830581570650395,-0.3721541964311897,-0.8814172001911782,0.44703375232486475,0.22753577378155332,0.22392918693688646,0.5491725503800098,2.020119098266669,-0.7534168722641649,-0.04070325417766363,0.03608568896578211,-0.6861785522657383,-0.016758703102070616
2006-11-15 12:00:00,-0.02873204456790862,0.2889371565335019,0.6864562004260718,0.4730757107504918,0.015422306975284239,-0.5709151715044805,-0.28502943071932535,0.5103898099418844,-0.476310016677832,-0.05452570199077081,-0.12401348294634523,0.3260838271983415,-0.3314832371993892,-0.3169557604278158
2006-12-16 00:00:00,-0.08399390717110683,-0.3260477301357763,-0.21340951176774814,-0.3919706395034437,0.20255914233397165,0.002183624143752061,-0.10864998958296357,0.48494597945026663,-0.41131373244594766,0.13759404940891434,-0.19802513220248197,0.8750177428670061,-0.2516104963071322,-0.13730093968707757
2007-01-16 00:00:00,-0.09215240996631702,0.07421708240239555,-0.2285484120494578,-0.7475585449153075,-0.09437900952056999,-0.08402502529297018,0.04590680692252491,0.042295626926593055,0.09480621433793851,-0.076278809453453,-0.0606821453367688,0.4690517986063144,0.1734776652065053,-0.4032226921904003
2007-02-14 12:00:00,-0.13813128585174148,-0.6976523254992825,-0.31584444382437815,-0.0193030998691745,0.4981339550545737,-0.23656211417267092,-0.11767808051386519,-0.1776755695449671,-0.5793140631698585,-0.40218235468564123,-0.13580844010071624,0.5695720184975475,-0.297360019441109,1.0168674939905458
2007-03-16 00:00:00,0.5587493459211705,-0.08920919120732035,-0.17610606814302765,-0.06036292555011785,-0.3122500255777335,-0.4160249405740858,-0.2531027307420025,-0.489218465425075,-0.46440595995033923,0.16239783842243521,-0.4477114987286219,-0.16952469437265397,-0.13491438581684617,-0.29416774741964846
2007-04-15 12:00:00,-0.6235308830684803,0.9241916637743677,0.06331735189262115,0.025754107748856225,0.3413472168987203,0.2514241382672885,-0.11364516372277156,0.29748115698508926,-0.22789792802047418,-0.3189405389164883,0.3124427312822541,-0.2903210221587376,0.17057687872653277,-0.4495645841591243
2007-05-16 00:00:00,-0.2666872418244412,-0.4009512720153426,-0.32015643069710387,-0.21031326229665936,-0.2990448977577528,-0.6649686181074799,-0.013610087455654063,-0.47533000603403297,-0.4823471014880005,-0.08783232375461339,0.22895875695295417,-0.2597997851361577,0.2929632341885571,-0.09120444111677806
2007-06-15 12:00:00,-0.33521994523831944,-0.12542318292552573,0.026958013026600447,-0.25395904318151485,-0.6536516422495084,-0.5097827923435461,-0.6016712607211548,-0.5870577433709923,-0.29107942158275046,-0.12144263840038153,0.26318284890124,-0.16456491075469748,-0.2201684541696115,-0.4226971247648781
2007-07-16 00:00:00,0.32295395742010796,-0.049522444820583544,-0.16785700256262975,0.7978370961356789,0.8238269071870107,0.027163367294043228,-0.48206842655724647,-0.3727550906207245,0.3889622095281288,-0.22168572809953538,-0.003773252274671679,-0.5890541291374961,-0.1221983888842039,0.462696917933757
2007-08-16 00:00:00,0.3808560527965958,-0.008565128843266101,-0.36200705065339717,0.18027755120143873,-0.9416858314307112,-0.26127260832058913,-0.016021202892575692,-0.09298317899896746,0.020535546881944755,0.20004013091547362,-0.05397596814016559,-0.3566975648300439,0.20074817170263834,-0.07099475126651378
2007-09-15 12:00:00,-0.41306975559185116,0.32103237531847045,-0.5539982492632187,0.9189258796327577,0.16082066181695243,-0.18937363387148443,0.0402958256301198,-0.2954622818867262,0.1949462038848488,0.3599142213878065,-0.9270882888447517,0.8482237955235266,-0.5319106418699027,0.3677741398809897
2007-10-16 00:00:00,2.137828613090823,-0.380817299063123,1.2442728090240833,1.9663595599023476,2.611392203653048,-0.8820386994892648,0.33348167685279384,0.5773139951012987,0.8212613071747492,-0.5472065854443967,-1.077561050584329,-0.6800291727085346,-0.6322624926105035,0.02339433881558617
2007-11-15 12:00:00,2.201075302127246,-0.8766697403376144,-0.06492099834704988,1.1605520490422232,-0.5636510116585398,0.20693149507680497,0.7225793783322917,-0.2889666613933112,0.3035619738503496,-0.007952503807222344,-0.6395377854209022,-0.9418895593576546,-0.2587988357582333,-0.24352398282066562
2007-12-16 00:00:00,-0.694221576800976,0.0569961736903436,0.004041814923815959,-0.3995815057062877,-0.4202022451339056,0.48587269831737256,-0.24818994512235704,-0.01567375383316738,-0.512405709741087,-0.13158820187053913,0.28044971357668624,-0.3766653766321929,-0.6705493420713852,0.3073668613792835
2008-01-16 00:00:00,0.45028427777154917,0.7485611290158118,-0.8326717781000256,-0.1197538861282747,-0.04504853471566583,-0.13041435236227805,0.19812110885189615,0.801316607490199,-0.8814859983462602,0.60977787152829,0.4881776209992035,0.31947485916149,-0.29869402857176325,-0.9021325196548688
2008-02-15 00:00:00,-0.27839804940093227,0.6218083826247569,0.0032454585237300937,-0.4802927252437766,0.41139694398840854,0.16695232687223593,-0.556991746464649,-0.2361363477777354,0.29777637400894724,0.18542070610171657,-0.5750732314175954,0.061543154418000345,0.2009702028933622,-0.6810302292380669
2008-03-16 00:00:00,0.3976585578634801,0.8202399634292423,0.47759940438610626,-0.12192871895119595,-0.11974910364575275,-0.6566566043461328,-0.1317477610133021,1.2149886704443658,-0.599703933278876,-0.5988533607657112,1.1008452125501198,0.2882395400190696,0.30173514801469004,-1.0088143316273668
2008-04-15 12:00:00,1.2300870567823634,0.019603432037493096,-0.35862594859876556,0.9988334630658879,0.6436348354799987,0.49949413201419424,-0.018459586284416685,1.1751960988269001,0.25425633143841303,0.2121519608755872,1.5481717546116416,0.32756559636466565,0.2495900321824188,-0.8657749669423372
2008-05-16 00:00:00,0.3616428631694693,-0.36262704131423407,0.3433113287509404,0.2448777466109805,-0.021299199202633456,0.012859555501087194,0.23762253659785237,0.23993629353685542,-0.3891463039810632,-0.18690685940099108,-0.06125300606687212,-0.21526892733126093,0.6121431118299926,-0.7573046976506406
2008-06-15 12:00:00,0.46770577862220136,-0.037496528914616856,-0.8472831657836557,-0.25102041850322804,0.17303841405660259,-0.028079891090300846,-0.38350609175664313,0.34207919342998516,-0.561854085072131,0.38015689429833055,0.2626143541475703,0.1486897993111531,-0.07846977237063611,0.13200789697963655
2008-07-16 00:00:00,-0.5355636746765311,0.1589003327871416,0.9997500353090722,0.14119420632721735,-0.058114669564400145,0.7485670163259383,1.11212975585364,-1.1857900819155243,0.08039911638744063,0.2063685271480305,0.4143476159500495,0.016219426605563206,-0.01844851323226164,0.10639665196347159
2008-08-16 00:00:00,-0.01836451141073031,-0.07488441093920073,-0.2052969813234788,-0.05787089670015366,-0.020630963071160746,0.11757702794795555,-0.5224141266102101,-0.43194098288861893,-0.348827674722659,0.3834652089802565,0.3756020728963,0.16708209312977088,-0.166137853417326,0.08501561249239886
2008-09-15 12:00:00,0.22148475579259103,-1.0888342775472053,-0.19438671898738213,-0.041814129285982826,-0.04465366135049742,-0.20269762528060598,-0.31806031819883857,-0.06549329212301869,0.21836444357361112,0.6473865934137525,0.4519006914697058,0.09873801557760273,0.2048612817619509,0.2718129644753958
2008-10-16 00:00:00,-0.15284763058498735,-0.2828991063902878,0.5494895152346394,-0.26770229117442257,-0.1866834509877663,-0.44704423451301534,-0.5843430011779774,-0.574797039002,-0.13627553312399765,0.2515987427129254,0.23633009509586028,-0.3355038972640596,-0.22591228541960778,-0.3291701493890416
2008-11-15 12:00:00,0.5300901798299102,0.6605544539780552,-0.4347675431948199,0.42001151772520817,0.403633763873562,-0.30106759876443756,0.45204124296826376,0.5004518594272305,-1.0245308306756709,-0.3084500375709891,0.6375315556102568,0.42530122484897825,-0.19680512981040704,-1.0025623571552318
2008-12-16 00:00:00,-0.43217081159046306,-0.2733957470840114,0.5325756340288205,-0.2832593793048873,-0.1552911386463649,0.6053394156465798,-0.7149991059547207,0.013714020064865995,-0.31651458521119646,-0.228068065265585,0.04508197033201253,-0.5404171898349014,-0.042437302740347495,0.08216148002517965
2009-01-16 00:00:00,0.10308934635211237,-0.07291621008058496,-0.16757295821074797,0.09582993395069483,0.21730100761656101,-0.21740230461817,-0.09832104663817365,-0.09185384311356426,-0.08608980801050048,0.0631754898774583,0.08098175717760617,-0.11093217415642392,0.0390690268980154,-0.33174133736540495
2009-02-14 12:00:00,0.11911769526749155,0.0466589305126211,0.36053265261805484,-0.37844383730934666,-0.9606810935309589,-0.1739264055928874,-0.335612189650343,0.5295129805590959,-0.20114890752247927,-0.5910068797900374,0.2065603242417995,-0.10353312858185335,1.8206641308789453,0.4862742448301267
2009-03-16 00:00:00,-0.0689548494355901,-0.591382170240328,-0.113921429942281,-0.09114046015982785,0.15916683886003058,0.02466669880491601,-0.1089394267455066,-0.015048403552929357,0.13012959604214297,0.4977395349317374,0.25229198741458325,-0.4335775707287223,-0.0987091416137207,-0.13013266119661537
2009-04-15 12:00:00,-0.362032916302819,-0.06806013909862979,0.26065317022212103,-0.27195896823015886,-0.294539602950261,0.05746175332416803,-0.30756024104528074,-0.7082076061957241,-0.19659705372235536,0.2765692279720531,0.23655077348998427,-0.1307595969250208,0.3654677185275383,-0.5650202964015663
2009-05-16 00:00:00,-0.2429453257105253,0.11784381857855802,0.23932414891819787,-0.06102448155936213,-0.383325837864563,-0.11625610296117572,1.4404669621849036,1.4768827642867657,-0.2100924447503859,1.3256819721209125,0.024516526132995764,-0.34432748699853,-0.02868108011228817,-0.04369565430408351
2009-06-15 12:00:00,0.2757600753513774,-0.9328428931026835,0.6515007246043528,0.6167572836674069,1.1954906597726391,0.9710003698102897,-1.0933724070841597,1.839847251288746,-0.27059033071477256,0.015251100091833461,-0.017604239414760414,1.163098395321287,0.7598750129192274,-0.6191476911005862
2009-07-16 00:00:00,0.19441059011223288,0.7878444479417994,-0.5171521594626234,-0.7053091005816348,-0.21170007047559458,-0.08671221547095331,-0.17122266108534978,-0.432833640979912,0.9360474204481712,0.18529602189960198,-0.11653919644649263,0.14752546001477754,0.6372876592315179,0.10213020326064837
2009-08-16 00:00:00,-0.05287753934673889,-0.2983922000757228,-0.13594176792106002,-0.3236041098600122,-0.41771090340234657,0.015673768308685943,-0.23317567823581292,-0.0733122403227201,-0.1137516880608136,-0.30724945751037525,0.10747219740587091,-0.3679126812753889,-0.4965109490890159,-0.19849217954395676
2009-09-15 12:00:00,-0.1479765810833713,-0.18117083057831185,0.3466887350621702,0.007294978782536821,-0.4547016449483551,0.8222041812606026,0.25553960921908236,-0.4183522048743328,0.197593567631751,0.03316998710524613,0.6303022595243152,-0.07841936810881998,-0.3111006577145279,-0.07496187403489252
2009-10-16 00:00:00,0.8507859964003468,-0.4715638018587512,-0.11303607357496384,0.021465175831536176,-0.8941628271434169,-0.017867515753611896,-0.022276220359535914,-0.06522578527678713,-0.04293139907324284,0.2820277644165676,-0.11002042141002533,0.30404486563206734,0.08818730649035932,0.057308803091094096
2009-11-15 12:00:00,-0.18839359814136475,0.04536474976017346,-0.2759597138481628,0.2739076999505893,-0.5526452496924772,0.3293443472906029,-0.24938801819340034,0.1406594435124522,-0.06819396966142649,-0.14339279711982902,0.355563621664993,-0.2739705696624881,-0.646064110906075,0.3650188488273831
2009-12-16 00:00:00,-0.11012962188639083,-0.6095622167208551,-0.13192140107842082,-0.045083666498898,-0.33538996360632206,-0.3660463101118428,0.6549013769298572,-0.04105705551117811,0.10564924576005102,0.06655362079690821,-0.11368002674746136,-0.1683900053046603,-0.484715394108621,-0.1620530352316033
2010-01-16 00:00:00,-0.27114266549827787,-0.32566629967601457,-0.43224487994394534,-0.460089729342292,0.01718835893039017,-0.3977091765322725,-0.31629539960632136,-0.6048114627225702,-0.7554774988498159,-0.6334797097545514,0.1914293787834238,-0.3148681567041439,0.15994023611801522,0.2853223730252733
2010-02-14 12:00:00,0.02180390041474356,0.8888931540740028,-0.7178099486218588,-0.03979002755099392,0.4084424544661128,-0.1382263210239929,-0.3937940578961679,-0.3697269579478682,0.10374940272164795,0.7825890458122678,-1.007050173328171,0.21055441581730264,-0.08630340583606692,-0.12577489305082
2010-03-16 00:00:00,-0.6825374792404081,0.28270907772889525,-0.078580570110828,0.9629961227859833,0.0308058720304637,0.15532238304352775,1.380548797814546,-1.0423271977901885,-0.038562299169618564,-0.9306383947662307,0.2504676898967155,0.4332369736981623,0.5709641492800847,0.24977671193128415
2010-04-15 12:00:00,-0.30959017311763454,-0.025414142326805222,0.14820093942098445,-0.13452418060848403,-0.10672255425347232,0.08038921497626794,-0.013390992440776461,-0.5185483787282488,0.10722489146454167,0.4171879093240364,0.009249821317542095,-0.09903305063416872,0.3775433713831078,-0.480068738348068
2010-05-16 00:00:00,0.11813463241589695,-0.26731036742352865,0.07148271588944456,0.06210105727400672,-0.8500161788376002,0.46600227494651436,-0.3260522304678913,0.38861886442128224,-0.45277522738962206,0.23395882724717665,-0.4496759751249805,0.9970504435426358,0.33447018928026745,0.2967920485626282
2010-06-15 12:00:00,0.40430191472484117,-0.32309613136601023,-0.19365595453954065,0.2609284094407025,-0.7054226718472794,0.18008035621843077,0.6692075835471275,-0.5557497821867443,-0.31067510059091186,-0.2842092390873626,-0.5450099555860488,-0.5816849863829922,-0.5322039106591445,-0.6861001673056317
2010-07-16 00:00:00,-0.5087166088667173,1.1709569798753328,-0.18754391956597688,1.1311790047375518,0.4661760825680398,-1.205715900951493,-0.12877329301111617,-0.4684640709871734,0.1740172779616092,0.08076739856918169,-0.20726884341343071,-0.05321280385294771,-0.3349691566285917,0.3258377966817241
2010-08-16 00:00:00,0.34446166626662295,-0.02259374848912704,0.003610815211217519,0.12794945656662504,-0.3303733116147817,-0.4040925641377345,0.2640961107188803,-0.1384311043389016,-0.3061789907784833,-0.05617020453051749,-0.3180844538733103,-0.5343187370979485,0.45342577553277374,-0.32223458866041593
2010-09-15 12:00:00,-0.8634635557585479,-0.4272944230698906,0.12684413952328405,-0.09959339885497259,0.04648996931174598,0.37372754682842635,-0.3571701357811326,-0.18772732723481,0.751733776343606,-0.3260309526188371,-0.2538820802459283,0.17813332530620787,0.643909853691044,-0.7084860000438545
2010-10-16 00:00:00,0.8956936160456226,0.5231816720727578,0.637467042831155,-0.5350541560188224,-0.10294679658867634,0.04345157205030015,0.030101194059745096,-0.10478232861014614,1.2268779746558571,0.10742004563108798,0.43162991627191216,-0.18691342458876864,0.07693927061941702,0.6506843638738131
2010-11-15 12:00:00,-0.47211716704623935,-0.49625117075393765,-0.03267328699836817,-0.5347526821684165,-0.020998461023357007,0.36664777219711586,-0.03070331611780952,-0.2709401513291695,-0.2957444419747792,0.028614010960030883,0.41152397768164645,-1.0437019853922456,-0.4682118925474517,0.4209228651912371
2010-12-16 00:00:00,0.796991595556169,0.6645476636546523,0.26283412759667013,-0.6878105092493808,-1.3555938768863443,0.5768035102646175,-0.2819472924504735,1.1501960233643285,0.6611047906354939,0.010056052253817949,-0.13703446777995887,0.5253731253537028,0.6789275270117883,0.8727986791615383
2011-01-16 00:00:00,-0.0489170898355587,0.4346527878074124,-0.597346617400289,-0.8104817530202535,0.1990318252698171,-0.4207300255372523,-0.3686465378060646,0.00782812829690327,0.26159572982396656,-0.30549885108254216,0.1645331977681473,-0.0725101356290108,0.5122759782641736,-0.2563893108669679
2011-02-14 12:00:00,-0.2740713784503168,-0.1046866135770218,-0.021320545638247992,0.46112975495744857,0.05706158377034465,0.7873424643850641,-1.0425387159474935,0.6718713758041295,0.11848434218546128,0.543098899297405,-0.2730266082978179,-0.1692964086853939,0.6354740535809286,0.45683712841827373
2011-03-16 00:00:00,-0.5159177646327981,-0.29766901377262966,0.16323782547639504,1.3328206570158743,0.30371732983195654,-0.359576578441978,-0.0065227421760067905,-0.3942064304381188,0.3131329599231572,-0.23556902277977707,-0.07174385911926778,0.4502919238403741,-0.5842257818232203,0.46503871230104177
2011-04-15 12:00:00,0.06093520917216527,0.10417106269985771,-0.5816380750134935,0.2759750599461105,-0.3817092375035759,-0.36228220320769716,-0.5010537207514107,0.13777738659895322,1.083495783606881,-0.01939818179771624,0.3487935855078331,0.2543885632102513,0.25473205976659535,0.5485141641453719
2011-05-16 00:00:00,-1.7552668742788258,0.2091925099875908,-0.2978674078346174,0.9166333866378784,0.043270763252438615,-0.23818752675380161,0.43863601187721757,0.015129961461451402,0.2416473711642107,-0.7501135440665301,-0.21043694855107092,0.2843615994451242,0.10236597893346239,1.0603068802954128
2011-06-15 12:00:00,0.042723547773856785,-0.32551617979326575,0.2516316794873998,0.6164487017456954,0.31031033872359937,-0.03564375337561543,-0.4063132916846793,0.2818789317409236,-0.49668700041891256,-0.3500895749161034,-0.10443178592615532,0.1417400477730799,-0.5240372989912295,0.2978218421522212
2011-07-16 00:00:00,-1.1993399337616777,0.04755518775216333,0.018216176845056706,0.8127098054323247,-0.010840864011401274,0.7036413928201678,-0.7477356475015569,-0.1399079059815056,0.32490275240704364,-0.36560110672733315,-0.09123964541236307,-0.48909907075997827,0.07161504249117648,0.021835339178769564
2011-08-16 00:00:00,-0.44327742974902085,0.23890060644201255,0.8798680045560197,0.516136466306211,0.1276834294329472,1.7207399834442496,0.21833406359875285,-0.49399815060259017,-0.19914915893874774,0.22575574235286433,0.5562230822783775,-0.22647995700894877,0.949528312842191,-0.34762380476413524
2011-09-15 12:00:00,-0.38983874897289506,0.21365048065021292,0.06444891798602731,0.19018317026792964,0.08165515785993105,1.0115068680980448,-0.028290460590550626,-0.12784168040602817,-0.12994675057893063,-0.6150578179351567,-0.053668869333521996,-0.9207408236715028,0.08560606195650618,-0.23937002775108535
2011-10-16 00:00:00,0.23868573717346725,-0.35869568186236134,-0.19269918242075468,-0.16912574791056673,-0.5311407942053483,-0.142676439116742,-0.2579915059520807,0.13204316124235316,0.10487642445652051,0.5613107783563115,-0.290750477633012,0.21606569366627518,-0.09328903998765495,0.12596670062323578
2011-11-15 12:00:00,-0.6556309811916008,-0.1490128934165077,0.14865235305963903,0.34852479528266156,-0.5628533949305959,-0.07582516197430034,-0.5136380930766742,0.15972713431218843,-0.1348601353301348,-0.33830290242600447,-0.20192942718543067,0.3468597823628663,0.696414631798431,-0.07453605552881948
2011-12-16 00:00:00,-0.24060165049131327,-0.25234502034500184,-0.3609079681024651,-1.090426566002254,0.2539575566470976,-0.036781793484837344,-0.018769981573384054,-0.07403576483197882,-0.7476114623106553,-0.5208948936790976,0.2455673731271152,0.1552568018489489,-0.10261258183120676,0.41870195831972357
2012-01-16 00:00:00,1.1466900370087283,-0.7744267122641963,-0.5500377828683243,0.27139109115824733,0.20243411076518025,0.1682453410208372,0.9733056358746627,-0.38565384372080236,1.062810417081175,-0.831384283573969,-1.6004437510638967,-0.1879517791094396,-0.09034267243420965,-0.9619723230050259
2012-02-15 00:00:00,-0.11040461001898053,-0.2983209811147981,-0.19978528336586737,-0.36230097821721996,0.0894420393059916,-0.16717491401446882,0.6339878283823307,0.0032981127422953005,-0.37839502500591427,0.6334091692990645,-0.13767394867637744,-0.3768614174202346,0.3145398692880356,0.47627723555061285
2012-03-16 00:00:00,0.8154842451061179,0.6976946852389221,-1.4346447128922084,0.5115684464863602,0.17489437013426767,0.03759923139584165,-0.2603953759954446,0.3209609658544925,0.4554863330820597,0.554305124815584,0.30976980089924355,-0.0640839632466814,0.1427742217548457,-0.764122151680237
2012-04-15 12:00:00,0.11744230243029286,-0.9096644585037235,-0.12418133410965708,0.13915992186004622,-0.4751095769727538,-0.2404576057254244,-0.516532514956849,0.530043380063655,0.4362515062363947,0.6531236331831999,0.7042716504347508,-0.029530269489098843,0.2069876408520979,0.3543166777481265
2012-05-16 00:00:00,0.4479670401632509,0.2007882393467459,0.3552319030785228,-0.06886581233209133,-0.20066875625507685,-0.20118180225009796,-0.18696972492614766,-0.1438438248574725,0.5254424149535166,-0.7579345647587026,-0.20501084128872965,-0.179147878238139,0.06318674075110699,0.4313013201351761
2012-06-15 12:00:00,0.10820005910675473,-0.5604232132830815,-1.0877355998597362,-1.5405238943242479,2.179668291523353,-1.0440801177733783,1.2427738860904411,-0.050202070717463076,-0.02090967657172077,-1.1481911867181533,0.38250274980731624,-0.08397699472956455,1.605719500604957,1.5273809927986635
2012-07-16 00:00:00,-0.2661946162773253,-0.31781288453252476,0.7680657115872266,-1.295685700397435,0.12567322745420006,-0.3878213148432678,0.657354990272382,0.7913981122718623,0.7928091685778562,0.9854229692717611,-0.3711372807317309,0.6098112240141098,-0.5640335027246608,0.2976281914369726
2012-08-16 00:00:00,0.15478742901689607,-0.32192033949391174,0.1907402937724515,0.36296497684991,-0.5407666651940634,1.3126947177319463,-0.2348696471801891,0.04315910429106684,-1.0343400383277754,-0.14064584307054442,-1.2878496600649405,0.15160236771499075,-0.20271196784321607,0.023982818649597948
2012-09-15 12:00:00,-0.3211000939373113,0.1541931328706227,1.4558040934608916,0.3420036544091918,0.4764384327979868,0.04305925917486997,-0.4648139859635101,0.4834503074277725,-0.3466972246433231,-0.6559871881560132,-1.1008531425062236,-0.511736446208414,-0.16793641561474137,0.3617820370783309
2012-10-16 00:00:00,-0.25819968929278614,-0.16306673861656415,-0.008623327952808874,-0.23604103969026696,-0.709675798681411,-0.5135389916975872,-0.2121442795708688,-0.2393942985295482,-0.12225191172462241,-0.09234062527090142,0.19975357144125727,-0.25707521573207637,-0.3443268841829395,-0.06706283204334951
2012-11-15 12:00:00,-0.40204725157059035,-0.5546559920034159,-0.5927990206268534,-1.109680483505304,0.5433447208267473,-0.41264495018440467,0.6278946018746353,0.02263881075861207,0.07976928826736368,-0.1569715743676777,0.21770266302398983,-0.5036648687483989,0.20694123142059773,0.6075824125750942
2012-12-16 00:00:00,0.04096252983547238,0.6696395674877686,0.5169040194645199,-0.3527578526549904,0.007630362666485979,-0.0076664760167480805,-0.25873358386592527,-0.30642390979392653,-0.16011118837997956,0.29972395513995476,-0.09060206543398586,0.1423497656266115,-0.07965066408889344,0.3144222770006102
2013-01-16 00:00:00,-0.4177631797705811,-0.4407948731244715,0.20451633809243064,0.15822252893514877,-0.24389326502934627,0.13400407214315468,-0.131655904070196,0.5673825681181957,-0.5780846327725468,0.6955674949909477,-0.6573490747440099,-0.13621621728638472,0.2247970820677038,-0.08892041326928757
2013-02-14 12:00:00,-1.0401219540963305,0.36138122510009624,0.29519909210768774,0.15988246365380776,-0.027610821046681666,0.5071873650315059,0.2512432369101558,0.31535496497365534,-0.23661185386370207,1.0998150274844076,-0.4237317253966981,-0.6980009312285027,1.4796564718147656,-0.5738680626650763
2013-03-16 00:00:00,0.34354299415887185,0.162894906182742,0.157233168845128,-0.3293827290478142,-0.2231893216724744,-0.30830422050193884,-0.16466775998319794,-0.22970300577700697,-0.4708978285784702,-0.08214074246033048,-0.2469861593801359,-0.11403065555581851,-0.24388506084921246,0.009461100983533366
2013-04-15 12:00:00,0.3194018871997409,0.10053253250059807,1.1918106179610588,0.04083295106678786,-0.32778771892334124,0.2307081643427169,0.21927116776789346,-0.4214773753850625,-0.0935682688715388,0.25274592290286296,0.025537119151296556,-0.15664080518879434,0.022964339313255706,-0.3484827870721359
2013-05-16 00:00:00,0.7360663016064366,-0.12085737745690228,-0.2692541820324529,0.17259082701370354,-0.3648545037345135,0.2580702317379252,-0.5470560888026985,0.46076136059419426,-0.06052819730325465,-0.02784213903626484,0.17898385096323505,0.8100975698415137,-0.13849758744278315,0.47792826396599586
2013-06-15 12:00:00,-0.3799922456121593,-0.49420696018432403,-0.2687137514295909,-0.626520431601358,-0.2558868253423646,0.004111356319356219,-0.47026299651636577,-0.1664623732933307,0.18379371253832527,-0.41770632245030903,0.2485853774874942,-0.3686114088114444,-0.3893551338610046,0.3979724325285712
2013-07-16 00:00:00,-0.24257852600615254,0.25846543680651685,-0.0798175503936188,0.11329697048446219,-0.38899641371304544,-0.04456999860550481,-0.2474955290497186,0.4870456213599108,-0.2650245421176799,-0.49112770142725837,0.25206866609556433,-0.5436573628892816,-0.7467212192455952,-0.18722641703979942
2013-08-16 00:00:00,0.22687081454539865,-0.10571954336523592,-0.5541094007917585,-0.6017450550254999,0.9350097182242972,-0.22764556547316284,0.4538222104172579,-0.9563786244559437,-0.516238532170347,-0.8330893810382392,0.6233514197393235,-0.25282088828998117,1.1657226871086164,1.0897718594467958
2013-09-15 12:00:00,0.13085993133373136,0.5300149726979282,-0.04921735382456851,-0.24480541574085793,-0.45225355951055973,0.3860897067750876,0.3567942495400739,1.2059451475587837,-0.4991505464904637,-0.29622854360037076,0.99408467033042,0.8612719309117186,0.013451595388642238,-0.47781048841661716
2013-10-16 00:00:00,0.7080818292402973,0.07499605613166649,1.0000565590317005,-0.03619761963778223,0.09352618431198745,-1.0995162305278603,0.027660835174318388,0.4486902110441975,0.2268186837819956,0.38373963465869854,-0.24053413055201595,-0.26047880294982534,-0.29351839576764865,-0.0463044703964377
2013-11-15 12:00:00,-0.10626551184927899,0.08269992080749333,-0.18474570267894935,-0.42736049478190996,-0.07228944759981126,-0.09536967746543734,0.2536576049862308,0.43906886684474045,-0.5627689483120114,-0.12847044549801376,0.12539368768058093,0.7777360595217937,-0.3277916382457374,-1.0217740605144379
2013-12-16 00:00:00,-0.5146832412684659,0.20934353990840543,-0.2844926323641909,-0.05482604931745699,0.2871164459631915,-0.09016101843780455,0.06753776185052585,-0.23413497187059717,-0.09137234431332092,0.08779721121271786,-0.7171900540842697,-0.05820220269084188,0.8597598559140809,-0.3532558994940196
2014-01-16 00:00:00,-0.310219705664604,-0.033242751713789986,0.2848936476562296,0.21196711866926832,-0.5234600620940353,-0.37575693220546286,0.28715864047515227,-0.3899190552596145,0.021652583029891315,0.3367182740086457,0.6925069853010419,0.18143550257574545,-0.2769940099159634,-0.025041332278210704
2014-02-14 12:00:00,0.2980499642325864,-0.5079523393058889,0.43316504189468197,0.6883531394095794,1.277262560871241,0.667721776012767,-0.0315221279028014,-0.3697674452212506,0.12883574901841027,-0.022481645530184086,0.19633098110586117,0.3346402550077049,0.8085415573180442,0.2276032945445733
2014-03-16 00:00:00,-0.7097875780519711,-0.16861846309344455,-0.14242674091837063,-0.11139632925150844,-0.5810760451025176,-0.5180760231507402,-0.09881964923478193,-0.08752744613223706,0.08141540181083856,0.18073847560984657,0.07883871535384271,-0.2440755771087966,-0.2870228462823742,0.1780626687259682
2014-04-15 12:00:00,-1.0953270962641204,0.15926454390447092,-0.41766913305948317,0.3987012261979799,0.18283017167242133,-0.17064848867668314,0.644921079300023,-0.4546686807860241,0.9141219854735383,-0.2543063532079648,0.10166616242172705,0.6993557227553648,-0.405043034824042,-0.13718393904601134
2014-05-16 00:00:00,0.6192799328757186,0.20055023903665975,0.027617350741557592,-0.35069993789476495,0.0306007428703855,0.051313240790682,0.756139834725459,-0.2886449667125933,-0.42082523548308365,-0.4863300307938616,0.42614344748299937,0.05549610560802498,-0.23058052383534186,-0.44495654388101213
2014-06-15 12:00:00,-0.27409731233958223,0.4133032330791389,-0.2121767874844283,0.5312126029396477,-0.494811684485621,0.5558380016696655,-0.07971144863001889,0.05370990868299297,-0.3688404871822352,-0.244450574030082,-1.1693081706585273,-0.7776070147104707,0.6049563071948434,-0.33017683339156195
2014-07-16 00:00:00,-0.7673333203376478,0.009564279923585495,-0.01317133796779485,-0.23178925221680732,-0.5180939898217005,-0.17486123585192037,-0.4087284767064679,-0.26929130373646515,-0.2913961398973761,-0.10567216821495021,0.20417120462854457,-0.4618512949904936,-0.031054454986489004,-0.23526290108025383
2014-08-16 00:00:00,-0.21693939233882695,-0.47717060276858736,0.37531639607678474,-0.06355304134824458,0.3425655539321665,0.03909594606221578,-0.3603455898426812,-0.28090220998717186,-0.27840739291672933,0.36318994573945984,0.12267802212837475,0.1384560109644752,0.47764118269772476,-0.16396882209196662
2014-09-15 12:00:00,-0.7633211579809889,-0.5571875174371432,0.5418270002218633,0.377749925096592,-0.515336615593794,0.545299765732027,-0.257435046153795,0.5507376603270155,-0.4901878711577639,-0.4884558632769368,-0.6384915684681826,-0.8545297061104367,1.0846740569280153,-0.22757768021089325
2014-10-16 00:00:00,0.1558827276693721,1.5038721509449926,0.5544670376515958,0.25121350645831253,0.7386372159494431,-0.6526913887774933,-0.23449072411992927,0.2728491168691827,0.005897215217964602,0.19051532272040572,-0.027988093185301377,-0.3808242074752326,-0.40050104248260876,-0.5753681515944377
2014-11-15 12:00:00,-0.0777913432740609,0.24674110548113776,-0.6072816717469982,-0.15617158919770108,0.7425458273505986,-0.158053385805775,0.22966385858121718,0.4200946562349601,1.1911105934013149,-0.6498745563642321,-0.5555367376928552,0.5377707680704643,-0.728948359988258,-0.8727691965456845
2014-12-16 00:00:00,0.2308959254287251,-0.12298169984257745,0.3835382031007316,0.046432291103121526,-0.9286131981202232,-0.014197104840650954,0.5963060927275686,0.9894345322756917,-0.035941719014989326,0.4951518255580377,-0.6551030712735726,0.3783284470034599,0.2907571727648953,0.5202156821432036
2015-01-16 00:00:00,0.08578737830342165,0.0513197644978754,1.3393455149055375,1.190815439216345,-0.6129871580571039,0.2907547178273485,0.5259038815426186,0.6903187266392332,-0.2707158782878034,-0.6160801382546626,-1.2949903729004624,-0.6536852459964884,0.804408618614641,-0.5640778585393567
2015-02-14 12:00:00,-0.5097613708002192,-0.6103979984990571,0.4965160223962939,0.02350390706280081,-0.5696869580257254,0.2641911755855525,0.013077054019843048,0.39235076937844604,-0.4585404642510741,0.06363604445887061,-0.9614801085901296,-0.1765603242047712,0.5912585268651918,-0.45951239495013585
2015-03-16 00:00:00,0.3441420264585244,-0.5025186414337789,-0.5545285608730859,0.09500299489632091,0.22846171607814425,0.43098621647388835,-0.8258023591127663,0.041531406705685114,-1.0157260710915768,1.0277961378257494,-1.0111269845324422,1.377376587671029,-0.5345128634870822,0.4826949836531531
2015-04-15 12:00:00,0.3488345523305251,-0.18835248591360562,0.20063449907712705,-0.5440708422804514,-0.18503268269673756,-0.1696449924894028,0.4926919199956158,-0.0281724169308305,-0.4748359208551089,0.3072210175765454,-0.4052137560322687,0.2908743634738744,0.05748330420783636,0.16230670060975116
2015-05-16 00:00:00,-0.191172083287776,-0.4645882597948991,0.6029600366082911,0.2884438603873508,0.4044070478492413,0.28505093151809546,0.39420885351246404,1.0318658763619906,-0.5976053013352431,-0.12997712027440272,0.16032582729002365,-0.5098532319687271,0.7741002483633859,-0.36027536414673
2015-06-15 12:00:00,0.14587366356787784,-0.47108869375450085,0.06484901384749266,-0.26356300548941447,-0.15074013433321543,-0.22119710307629592,-0.4585113372712192,-0.5789967263134559,-0.29615148885681786,-0.30465769405062115,-0.17930906442778366,-0.07451646048951426,-0.32177021263244243,-0.14958787999776674
2015-07-16 00:00:00,0.6573805489300022,-0.5697407949540237,0.14657776451696264,-0.10646923413157589,-0.16899628751302387,0.5525530439239886,0.012509731674383295,-0.7078081136347737,0.7422883965147618,0.3334220001280015,0.9058074687187194,0.2982025729334462,0.24126789457583867,-0.3174570834304177
2015-08-16 00:00:00,0.4501981171068011,0.1172183195736008,-0.1577033942945925,-0.13652401536295516,-1.0234928285159988,-0.20621305051901206,-0.19460173694315736,0.19861293754214238,0.33871623298233894,0.24921334956522814,0.3857584096710558,0.45562939868813424,0.5723370158119119,1.060238269702487
2015-09-15 12:00:00,0.9676469862539583,-0.5578584719672021,-0.21082150048321174,0.5525362657273498,-0.09833428854759863,-0.3463195667598621,0.6577052676896319,-0.38886558722550013,-0.46140901629614783,-0.4412421124953988,-0.7544424090299463,-0.9720742293052242,-0.15603537670392634,-0.30930430944118587
2015-10-16 00:00:00,-0.5427411450274496,-0.7915004027927514,0.5570214889784677,-0.039978597442823616,0.38067133835876354,0.3915173544103877,-0.47213614710322294,0.3422856698116554,0.008597020327900107,-0.32625034064559644,-0.5115874329937544,-0.24838970471821006,0.6320239350240774,-0.1761632790301385
2015-11-15 12:00:00,-0.2577406465948078,-0.4610027294432671,-0.3045763747331569,-0.5336630019423874,0.21113742605853314,-0.2830008361644236,-0.07102270522425547,-0.7545732625639683,0.07325307493723615,-0.48094988251465376,0.1950824878949337,0.4614740500764747,0.19525514558517884,-0.11039346057800947
2015-12-16 00:00:00,0.5573271138997737,-0.4646536969117925,-0.6693803428680022,0.40611872587121733,0.3270290664143459,1.2128152205751248,0.17706452726044686,0.5872816946383186,-0.03769281452323592,-0.42223923530724206,-0.8702118131970763,0.9998997748870179,-0.07752382639459114,0.029461899470854536
2016-01-16 00:00:00,-0.19100408210987843,-0.3158581952142496,0.033211032946309046,0.10640637023426225,-0.13525454702868622,-0.2936548724129534,-0.09253666450991027,-0.05265203281871644,0.09280787838552168,-0.19391450516720757,-0.2568839242559432,0.22984073604207075,-0.09114917384618644,-0.21327161158002345
2016-02-15 00:00:00,-0.699867740070576,-0.17498423281199313,0.6562190949564299,0.08520470467065477,-0.5031497649125771,0.06279794190693988,-0.63197466307148,0.5838674943894215,-0.2447192809614559,0.2566075711039334,-0.42541625202248257,-0.16336415202199728,1.2599627962247724,-0.15310950506990528
2016-03-16 00:00:00,0.4233679687420086,-0.1574197467669057,-0.3050371818318875,0.32568951857299355,-0.7713970834015651,-0.08503208769941017,0.5865749733616724,-0.32410484885095736,0.45928690863589555,-0.055558601173730765,-0.16659575627113204,-0.014753309855128544,0.36567413809430327,-0.11035515401872398
2016-04-15 12:00:00,-1.9918075723109328,0.9783654320297994,0.9529263429392487,1.287115418380962,-0.3662980061337741,1.0785680591377353,-0.3681361174979235,1.6952297127023273,0.48765352187965144,-1.1025945792603813,-1.12377151202183,-0.10377044833941358,1.5947345784143885,0.3634238051858141
2016-05-16 00:00:00,0.660642193909132,0.8854864849942867,-0.09519757259618405,0.30786014100445847,0.3223849053308966,-0.08986369547310746,0.3359306629742759,-0.7456614286537804,-0.3326888265240518,0.8427485516716005,-0.5719704585943031,-0.38275072154704715,0.043955388836155795,-0.49237867293483684
2016-06-15 12:00:00,0.6584722327389705,0.29926626852600796,-0.25373423392171746,-0.3919283374394674,-0.6222845865110687,0.8187723145758298,-0.6176948119222371,0.12407904398706648,-0.23314801671049076,-0.03175534778800648,0.03490884009387063,0.2130686085331596,-0.0032568987494438336,0.7148083747394236
2016-07-16 00:00:00,0.5356881218835381,0.590753867345807,0.7748350147475425,-0.2093193464860208,-0.3332733207070514,-0.26654665720446624,-0.31029141575966224,-0.5427898679720791,-0.03278582265171304,0.24075203912101328,0.130906411463788,-0.36150187179854165,-0.2743022398993314,-0.026534247354781604
2016-08-16 00:00:00,-0.5839678223329045,-0.2131133079162208,0.4638600029322839,-0.211198546767153,-0.04004329000572371,-0.06219715171357598,-0.38440749629050147,0.41445455943125764,-0.6825743148916162,0.03566212901152993,-0.5959958329474419,0.6413231449704768,0.15594758031274977,-0.24085623347587037
2016-09-15 12:00:00,0.07974317963889183,-0.6744961523247848,0.10366910165874109,-0.006090153976531898,0.009848741185015442,-0.29841753114611286,-0.0853211630678733,0.05759904718061715,-0.3116340149586311,0.14350522649523545,0.20108432461521963,0.16061642639280468,0.4588286039253844,0.24937667664856877
2016-10-16 00:00:00,-0.29213313911132216,-0.17313912860759015,-0.8837844005240073,0.9422482541720429,0.8849807119811158,-0.5606892256648979,0.3282018106316188,0.431237026458686,-0.24088399730692997,-1.113677614658463,1.239108614918342,0.7875426623404039,-0.1128008624249611,0.20609206085984666
2016-11-15 12:00:00,1.1926684288365066,0.4451966500411764,1.589396548119077,0.11471153476173512,0.3666938919293462,-0.46737777427927557,0.2085571351277401,0.5021200925398805,0.6882680831409229,-0.9402670520177425,-1.5377579959864494,-0.6023294760495911,-0.16992691804793536,-0.7358175775191818
2016-12-16 00:00:00,-0.899650750782925,0.6769103457524717,0.2332132088399121,0.8642791275634008,0.25338001986766956,-0.32166292114437794,0.25633107762828455,-0.3497858672695603,0.3265466764088573,-0.5957392298771471,-0.6862836211724885,-0.04731700927898022,-0.052622965905825554,0.3276709749672396
2017-01-16 00:00:00,-0.37363282688684796,0.1929942370586834,0.3839608430805329,0.18548482121165943,0.13062869340177563,-0.6884440527130531,-0.5033509350641571,-0.11740487978302205,-0.31511881473936587,-0.08437681963529553,-0.04791839033951867,-0.3026539146469879,-0.061434748093563515,-0.11587404460677397
2017-02-14 12:00:00,-0.269047547454382,0.255919087729282,-0.39456239732480974,-0.3063065222983642,0.1356084572167886,0.32925587993115346,0.0698091062135745,0.33518410664485154,-0.986167224502795,-0.21749233028171408,-0.006633087906620927,-0.023149633415747675,0.09450636213348951,-0.3081176895600029
2017-03-16 00:00:00,-0.24158055362794134,0.15125040454182143,0.2910522892758613,-0.47430845399892435,0.5175317836774233,0.43388646858103896,0.2844699174254859,-0.7819086262001109,0.8476829958824983,0.29565546337052395,0.4477628280548168,0.2503162347347624,-0.24028470363354298,-0.3053261285908269
2017-04-15 12:00:00,-1.346396889075814,0.37427248670947416,0.3562207547663452,1.546316162142993,0.3199308833957074,-0.1294048679684543,0.07940676076608366,0.028585242926809418,0.9338145568278284,-0.7284406060565914,-0.5461383771996172,1.2587377973764537,-0.21022837479675596,-0.0691850626489523
2017-05-16 00:00:00,-0.13769921979989505,-0.02326330693564793,0.6019546474657493,-0.4461103707801179,-0.10567820980310971,-0.726701216813457,1.1283317281814256,1.8588675382180564,0.30080404779266784,0.8234960693859018,0.012632932897085086,-0.552150161060703,0.7855409710459845,0.4852603822198107
2017-06-15 12:00:00,-0.5385213002298187,0.4484514863342746,-0.332577165965969,0.6297508198648369,0.36451642126668216,0.9608164373963562,-0.2967616626729309,0.40592174143893645,0.3608038583821653,0.3395221442256258,-0.11341409616983289,-0.3421639893911761,0.8954034750942313,-0.5354958829241203
2017-07-16 00:00:00,0.625899778830574,0.5518452564371865,0.42132545004528066,-0.8656502924566016,-1.4053834393242242,0.23791924989082902,-0.19273789533625812,1.0257008268669137,0.9586331766825196,0.12269577103797194,0.1874672439915017,0.4458900758200862,0.23785980248259164,1.1104494256636006
2017-08-16 00:00:00,-0.32015846491505373,-0.4346157453911727,0.0036429420422457656,0.05398571403982022,-0.6165158218696288,-0.19381829435420084,-0.2523568307075423,-0.24261677477709587,-0.3590526835141384,0.169870735205382,-0.2542384887955407,-0.43509370608703735,0.14202055583966863,-0.4336958068608619
2017-09-15 12:00:00,-1.1103104098360475,-0.17858151342697287,0.4291392100215191,-0.9291165894488217,0.3908378040001176,-0.016835194574338797,0.08214858699657623,0.5575106797486693,0.9581537944189198,-0.16512114834250882,-1.1735274174752446,0.876993491054808,0.26061692762857464,-0.686888255607026
2017-10-16 00:00:00,0.011382110022444158,0.49215622876727444,0.7288094606059584,0.29059681900505496,-0.16212410165309066,0.05716036419614989,-0.6348633443297973,-0.005947939609554864,-0.2862350122791312,0.2535997328166279,-0.5647772925721566,0.7267293141849221,-0.21446168435573124,0.584241244853333
2017-11-15 12:00:00,-0.36817138551102935,0.44873917655031387,0.62518163061979,-0.7488180282418555,-0.674037020238054,1.5742929926405087,-0.421070862022877,-0.15598561761649887,-0.15940944365368603,-0.6721293609231888,0.5259710539822593,-0.8185032678571743,-0.5074203294450977,0.22489668366119975
2017-12-16 00:00:00,0.23377012021629556,0.38239933632493023,1.3638284457659646,-0.004435461524807061,0.6784651451793732,-1.2690679857781066,-0.5702016451227406,-0.35610195911586384,-0.04053723164147005,-0.7360260790716554,-0.2196686163439725,-0.42407699675540733,-0.2639379571780092,0.40475850020573123
2018-01-16 00:00:00,-0.5440189833316994,-0.16143465250372951,-0.5775437791865864,-1.1397502331745544,0.09099581913587396,-0.38537214946337417,0.05647056107342474,-0.12385886194029305,1.6801810197072273,-0.24321620848218947,-0.5005399844950722,0.5932196645554698,-0.11185491229768084,-0.8266547703158693
2018-02-14 12:00:00,0.1565084909939886,0.00046485764326820167,-0.524665085155199,-0.5111576546593443,0.2895358649149745,-0.4708806072917749,0.545432233783603,0.5017901470896668,-0.6993370661207482,0.1952237704808529,0.6632414470783197,0.1006150868313343,0.004700174267372677,-0.27065148938531625
2018-03-16 00:00:00,0.39194988150231286,-1.1420525474365868,-0.13750047080656486,0.5190401724694369,-0.032249726938254675,0.37351489963764284,-1.3333264226175776,0.4004831572779266,0.12181022603528474,0.3178909789156793,0.6556980491994819,0.07950369121129819,0.2852857611305352,-0.0965121726704089
2018-04-15 12:00:00,0.287383401577098,0.9994813585982085,-0.8214370636605417,0.2504056318187011,0.08465818908239187,-0.24530705886854076,-0.47076218811377707,0.23769556299766514,0.1686447653368393,0.28422325008362326,0.258973829570982,0.17592119996234282,0.27134462572730284,-0.1090958271474678
2018-05-16 00:00:00,-0.29374841246368755,-0.03740217537448792,0.6668954452905065,-0.15563967984810279,0.6576218817336884,-0.4200290840396616,-0.3652002793881385,-0.22888622549367743,-0.41155721031276304,-0.8532958321832775,0.13702902292556268,-0.49897845412254016,0.37796859422754364,0.3392844122483091
2018-06-15 12:00:00,0.19377765384087936,-0.26602731055342427,-0.18438466394056902,-0.6432258515212914,-0.11823581007949213,-0.29620391431898685,-0.059287061107853645,-0.23359681853904435,-0.5999254898007469,0.19877566732572244,-0.34687669779598795,0.4477684281847155,-0.22513767714356392,-0.027237457681177912
2018-07-16 00:00:00,0.5177773247805604,0.22262847426838145,-0.4503384299730698,0.052704662730438945,-0.06751915364765582,0.6580116070496013,0.2951511630717304,0.4427162225160952,0.26885085638912215,-1.6400075322771626,-0.2580205773267029,-1.3195161509114472,-1.3543753165144152,-0.25361800672837437
2018-08-16 00:00:00,0.1434998724704996,1.5789690970814845,-1.610597002912954,-0.02777971864077361,0.6364648807274494,-0.382092115379484,0.32848637595230257,0.7039684875341394,-0.21098393578122177,0.6257274389259261,0.4633742030341017,-0.21690807144209082,0.04296185972616619,-0.5661880713998467
2018-09-15 12:00:00,-0.09904348605309765,-0.4052424041215955,0.1424696334510001,-0.5518033802734317,-0.380687859462244,-0.2126156933964396,-0.15467793169975064,0.143850879988641,-0.8276146594911765,0.07723994822651843,-0.40973240554928403,0.07951476091427231,-0.11960034760189424,0.4024692359154012
2018-10-16 00:00:00,-0.38999203468280086,-0.4160828193323345,-0.0208661226296128,-0.051154054563390505,-0.38317346813743514,-0.08959680378862567,0.34081217742158276,0.050184141433948004,-0.4093882939088514,-0.03883961039389219,-0.21780785688905951,-0.5006868912411045,0.4521124491391229,-0.22700059193322764
2018-11-15 12:00:00,-0.7650849169964756,-0.13005416362042127,0.09644155778587625,0.7025917729134792,-0.21855597420591644,0.5059539474876272,-0.010540656636405465,-0.18333185527073104,-0.05894521896497018,-0.2939491663639371,-0.0580508040804783,0.05099100777103602,0.35959597405825455,0.19385306495152987
2018-12-16 00:00:00,0.07543235888526317,-0.45232517859892557,-0.6210039688781882,1.8988799258078737,-0.7516621572632302,-0.07685540256743018,1.7330147742050972,-0.009596446638677758,-0.43203857133562334,-1.056015231581558,-1.2205869675109304,-0.48830978601586295,-0.0880268075390923,-0.30299278750527325
2019-01-16 00:00:00,-0.21078164395537663,-0.24454497668751737,0.1543226018050009,-0.10839195781530381,-0.5818026071368874,-0.24472788357545605,-0.4859934132156505,-0.5318941925121967,-0.005004239546582578,0.0715231918769666,0.2717096873381984,0.35883083699558593,0.19236615895470502,-0.13934584207739759
2019-02-14 12:00:00,-0.27066815791226856,-0.06437680639251853,0.047415281346023144,-0.6798911620247355,0.02404745613341097,-0.44174241594865893,0.4428893226446823,-0.14879512586298194,-0.485367647683229,0.4919433822854885,0.6978749091125092,-0.2021416705767292,-0.009568010580345326,-0.1446987422815938
2019-03-16 00:00:00,0.2316504365028112,-0.09841768255479899,0.08983089526470316,0.15529753712531857,-0.999779060858944,-0.5748651264338209,0.6552758672992819,-0.22080227113835627,0.3858881657873013,0.19510608924730144,-0.10849616052588407,-0.019693628413207806,-0.13593795259965605,0.05689844709827052
2019-04-15 12:00:00,-0.34883451660481324,0.33000966382907754,-0.15892930470596608,-0.20741810011412753,-0.2604167225269775,-0.3045649566087573,-0.4196735832833294,-0.28302828151282156,-0.2348024382735814,0.3488441614020886,-0.10857261402065999,-0.1574889983359743,0.4821860487907387,0.15096955640888987
2019-05-16 00:00:00,0.0225517162911143,0.09382740479309176,0.890476211448577,-0.10484628879844654,0.676596439772185,-1.0929760806415878,-0.06180773478356283,-0.021483905504245837,0.8508827029133639,-0.3603164142977583,-0.7054720208988228,0.14728709842300805,-0.4296110884524709,-0.6369465053412678
2019-06-15 12:00:00,0.3335821673261529,0.22976842851035212,0.02873024749556906,-0.724473489360713,0.18112338945689588,-0.16119047082870996,0.10025744355233213,0.15152553823600623,-0.3390757367882091,-0.71334488456385,0.33691126754645084,0.12279308629825583,0.48461060111885607,0.10076264271661928
2019-07-16 00:00:00,0.06146689989766957,-0.3676764796341692,-0.10990529967343798,-0.3015507166073452,0.15613081884849067,-0.5321431232113267,-0.2679678699102827,-0.3182840426763698,-0.12347407746608202,-0.1329927290680423,0.5196447699451064,-0.011156584414431084,0.1719859699458334,-0.3288685733110087
2019-08-16 00:00:00,-0.7749328602806711,-0.3648537538183553,0.24625335809597265,-0.1489428047089687,0.3560875215976108,-0.3613336231194375,0.5611443349211535,0.8264040230867724,0.7998185754266849,0.4731727657785021,-0.35535548127741823,0.594220245764085,-0.7064239309540499,0.48841931300538044
2019-09-15 12:00:00,0.17439818000828372,0.3452197552404839,0.298581920696995,0.113374684834196,-0.2547971505229639,-0.752168773311319,-0.10022595213108265,-0.0452267461413558,0.15503883819398462,-0.3437216556952578,0.5684893815670875,0.6227055156556303,-0.20206789944268058,-0.08994322661453313
2019-10-16 00:00:00,-1.0577500373228732,0.8693516222283593,-0.49800989165231313,1.4679538587865595,0.22513190566054608,-0.5410976505690577,0.6481899429424308,-0.8223867092615166,-0.05440476696879876,-0.6326783676862648,-0.040903612194062855,0.3690845014595491,-0.166392071852291,0.5007407834050739
2019-11-15 12:00:00,-0.30067265007060745,-0.2773534311104986,-0.16670436070383612,0.41662122066614116,0.0723246401960107,-0.15656182095490068,-0.12379560094447872,-0.5329957639134911,0.08939035219243036,-0.1647060203772108,-0.09642026074068882,0.05927492513752344,0.43287050443792363,-0.2534618034841499
2019-12-16 00:00:00,-0.13971060104837169,-0.7774798997328283,-0.23351637426841554,-0.32750617339827826,0.13398836165306793,-0.3896298807670616,-0.018582856421618388,-0.3681554803676554,-0.6473264280434904,-0.3250162295765593,0.21561747314311702,-0.31672465701653274,0.4362955297469044,-0.016214511217495953
2020-01-16 00:00:00,0.8032568995145681,-0.30477522425727416,-0.4994566662868775,0.010429296020019463,-0.602637523279433,0.10354996637314595,0.4231603102715106,0.17159727722167972,-0.20101671601983995,-0.3135137483323148,-0.5275717752485501,-0.2514179313064777,-0.024825450576907535,-0.39672947850365275
2020-02-15 00:00:00,-0.7748191323632997,-0.0099674508120014,-0.2711268574734601,0.7563045279228677,-0.4160811301231094,-0.28689663881549504,0.403866117074818,-0.33139295594101587,0.11819186012297495,-0.20414929360187375,-0.4042572032856201,0.1590522836871012,0.21543899557330484,0.17695063019794655
2020-03-16 00:00:00,0.3248787490886284,-0.7551830573988358,-0.36899581799341996,0.05230191533407025,-0.09350058882425083,-0.37118673384204,-0.3115379816927767,-0.4693354862060782,-0.32897120022856285,-0.26780187952638235,0.18855802885286646,-0.3363222523744773,0.5420903405131684,-0.0040547254913996245
2020-04-15 12:00:00,0.3672326371069368,0.002341846206969922,0.889703905015626,-0.302916477732056,-0.496666526179003,-0.791252658595904,-0.10295797036122034,0.37290223647829635,0.45129937188446295,0.4054556046910457,-0.11004914421246176,-0.1226113573710543,-0.25610279168412686,0.317111768749162
2020-05-16 00:00:00,0.5149595394621842,-0.4850274048513368,-0.2070194271742976,-0.4134679366739926,-0.05786655828094667,-0.29678531556637505,0.09894082110104518,0.022846969996514366,0.5541020504561069,0.1191338237866922,0.30434104494686165,-0.1498016253520692,0.43429696030189374,0.15419763384085106
2020-06-15 12:00:00,-0.18076167412753888,-0.4913734686237197,-0.13887216377969785,-0.35014447827949635,-0.5162016056900267,-0.14623334328568494,0.10134015926029505,-0.2966313441952214,0.1547326170132048,-0.029969909393622762,-0.40425534639750527,0.22875219178338804,0.10392047562243047,-0.3290388177703469
2020-07-16 00:00:00,0.0771874777947541,0.7301485982051585,-0.9509466825833195,-0.19514865791092034,0.16304174441525632,-0.0020083232202762202,0.013754591563690521,0.4883612118427463,-0.47860782018526815,-0.19412884656156856,0.27606810357017675,0.3691008483274959,-0.26511851044490714,-0.9560511458734078
2020-08-16 00:00:00,0.29629317162324925,0.4364494968079328,0.4850410814437969,-0.03717652385281395,-0.43077183856763657,-0.18745741033364005,-0.1940983873663379,0.28732860961243945,-0.52376505007084,0.02694065135626074,-0.3477541770416964,0.6636035683111285,-0.1699114746262073,0.39756863323262936
2020-09-15 12:00:00,0.36465767563539325,0.39157805979908206,0.1618849163132332,-0.016237645359650832,-0.18932896850213876,0.2737268322008023,-0.20025116718042169,-0.5136105138526337,0.12454537608276756,0.7871673788619116,0.17170324483952706,0.20628270327407192,0.4291409160869349,0.19743985384930085
2020-10-16 00:00:00,-0.15042109227654185,0.2161325447126135,-0.30066306022351963,-0.05677145115223681,-0.08843415167705082,-0.15640627196886525,0.05963006753582878,-0.3840841174918384,-0.6085553350684564,0.049897295266493544,0.24406338239678718,0.2693380460872937,-0.09145800292960941,0.057489791615928376
2020-11-15 12:00:00,-0.09542974526747866,-0.3674169237922886,-0.1239621171169941,-0.018199329246026463,-0.015271565456338121,-0.30258726336992414,-0.0254658040231015,0.1451170546465228,-0.5295431206213609,0.31395933801489484,0.02669761125750114,-0.15167187600403337,-0.45521886133068146,-0.016822720829864024
2020-12-16 00:00:00,-0.3800308190880996,-0.5919438161573882,-0.31794039872081553,-1.0321393241336723,0.3423656058217247,-0.5383198572102429,0.2431884700844048,-0.5732573600202506,-0.15378609834116436,-0.4608861609460929,0.15875777900522253,0.24732900600285232,0.4463219099718803,0.14133396000073228
2021-01-16 00:00:00,-0.3967597788032472,0.7041051020076132,-0.025514099781761283,0.08579342369697474,0.7049177019405942,0.7005114353043033,1.1414019441833458,0.2758676996228915,0.14148735484451963,0.2895451204690255,0.5835760360202631,-0.04558337825255517,-0.06800200372492339,0.20899947676749364
2021-02-14 12:00:00,-0.21664601551545912,0.21382205864800713,0.5811616378627996,-0.5023578881066627,0.29174097568757273,-0.03533083974497231,-0.42630581344467144,0.013782728125452781,-0.15038776936833087,-0.6045263246833544,0.18454101142039386,-0.5594725320714077,-0.0797379013389879,-0.3592921557755143
2021-03-16 00:00:00,0.17060597046500808,-0.0473496323759085,0.4408259380919356,-0.013600012430875386,-0.39569270962926106,-0.1011790891999026,0.1313735398034891,-0.1337119476558456,-0.33169241491529455,-0.08280637293643231,-0.8292894143511828,0.8425567213844385,-0.13251200258561607,0.10660460134199923
2021-04-15 12:00:00,0.5959348470756569,-0.4181017604903787,-0.467376141570871,-0.6222043622716076,-0.9214046154946078,0.048231630113570234,0.25643209273306833,0.06655684269853646,0.7068003568490728,-0.48360290520511673,-0.3353534298812555,-0.22839348067589693,-0.14645904946011537,0.07109787826606984
2021-05-16 00:00:00,0.2620128165548998,0.09921558970710448,0.4624951500701938,0.3183832243548065,-0.4589411913487693,-0.28877264884087733,-0.31324100088345036,0.2074741416881487,-0.09000065481246672,-0.48176301444595326,-0.032673534866812515,-0.26353212976414353,-0.00714804019546097,-0.2345646556799157
2021-06-15 12:00:00,0.4687248177067374,1.5721427183756775,-1.3361182483902883,0.04887077803854023,1.2634204598830951,0.24810297025387007,0.349138502935585,1.2179475530715402,-0.4834265829481561,0.01648650965374482,1.4148594317846945,0.44465770229687207,0.5368755586171924,-0.7749979436071405
2021-07-16 00:00:00,0.09282386000137305,0.18148281700523455,0.7912840431651581,-0.7268180268212481,0.3371089446159853,0.08579691895227082,0.522010519902348,0.551738032669858,-0.052889738704381906,0.2261837799808521,-0.340566264882053,0.3986736629988983,-0.41127293961910755,-0.08417820579929935
2021-08-16 00:00:00,0.015495832655431974,0.7692930395888697,-1.1290766901925997,0.2900460719478264,0.170432055641359,0.29312725046244703,-0.718995791174879,-0.12110184479618391,-0.13205069810949088,0.8434610866935855,-0.2767317101002491,0.8872636000089361,0.13752604516082456,0.14139055530067723
2021-09-15 12:00:00,-0.9434839828071944,0.47113523108109295,-0.21755498428139314,0.3000324344578378,-0.10088507894426302,-0.45111042411720276,-0.006036967762504286,-0.727163822031314,0.32342624595080344,0.28754358331640956,-0.036669594676128126,0.24216935739338194,-0.08649385902953843,-0.23876236687904784
2021-10-16 00:00:00,0.362487124237385,-0.5016313816289028,0.7250727513427606,0.31446887692078795,0.6067794309292583,0.28313794632725997,-0.8537457309444512,0.6317463893865163,-0.5095826205354427,1.0049615026198635,-0.7642814513480868,0.3761073295762811,0.07880039482394507,0.4220657329527231
2021-11-15 12:00:00,0.22816650503818298,-0.38229015316053144,0.526902643193927,0.3209220576972911,0.1315706810639805,0.29614505032179983,-0.25946339683403025,-0.18237151893519254,-0.2578081741742285,0.08589820053655517,0.3446906463584082,0.12422657348132679,0.15902387608538265,-0.48232439541555044
2021-12-16 00:00:00,-0.016964897645397603,-0.6330019715121842,-0.3626717461119851,1.7236266581589323,-0.2692914150288091,-0.3520587839605287,1.6842777942853946,-0.03970855896155401,0.539891733566658,-0.4572269739092162,-0.43224242244518596,0.08767962405097032,-0.751711447021911,0.05900419517722477
2022-01-16 00:00:00,0.7307847727665644,-0.31726847533010727,-0.06262316771463103,-0.11081075054216327,-0.28591774345801163,-0.08775094233264757,-0.11046956156900956,-0.21255684622189308,-0.08267079333735355,0.04371484515128206,0.5353448756920027,0.2930391269927539,0.19506235020908802,-0.14998243077002144
2022-02-14 12:00:00,0.3230994966194411,0.002267717156123894,0.17173050843049092,-0.4048111092274669,-0.5484002222257086,-0.33592337681815293,0.09541701776471123,1.3026215451106404,0.1804394393362569,0.22921242970639089,0.7233925096029442,-0.3804669404268708,-0.37618614523872346,0.21311531591754262
2022-03-16 00:00:00,-0.042550736136654,-0.3711439137588648,0.08000863105374988,0.22754790160262572,0.23994684854910953,0.2737937474123643,0.40974900447302,0.01551685661997848,-0.5769313809725989,-0.15753606845297533,-0.1449199723141102,-0.09483409867237916,0.46672223715073863,-0.27381672009844915
2022-04-15 12:00:00,-0.1556766819366541,-0.26621004755927197,0.7378176760447656,-0.10132630879635973,-0.06598342069119434,0.2672923381200324,0.4421567616097569,-0.04761448804354407,-0.46357763119565504,0.015348255205005767,0.17010464646417414,-0.11577588147159837,0.8164745237033528,-0.5403113718441178
2022-05-16 00:00:00,0.8435507358624701,0.03359009708214594,-0.8879339164459986,0.43941843311227213,-0.7612490965300166,0.21638054405635576,0.3400342201732006,-0.4171310856249518,-0.36478880082657206,0.02976073234063023,-1.2001926942574452,-0.7086923593522979,-0.09615359338960514,-0.4726929735345101
2022-06-15 12:00:00,0.24655302196860301,-0.60516168972069,-0.14775537896321722,-0.1278065104003293,0.262599076271922,0.14767561055476508,0.29553764977955,-0.46829782180242574,-0.27425160783287383,-0.49805869262732994,-0.46395970871879766,-0.005078419655581146,0.21206782095292565,0.22428048156211444
2022-07-16 00:00:00,0.7319471186329423,0.19211058061544323,-0.18853982031448802,-0.13246030921289825,-0.06751771244981997,0.6331651732553819,0.024746934629331307,0.4799459296943174,-1.0305279532596001,-0.3173402979522981,-1.4047516276439795,-0.20473966191350407,-0.36546161867874605,0.3865267009461697
2022-08-16 00:00:00,0.016087322949995597,-0.0879661038711807,-0.31356366257867174,-0.09516110453032056,-0.15319253493842144,-0.0722662715763508,-0.9081197186045737,0.03284016640173326,0.3205213047250593,0.472643588089218,-0.05779473306037353,0.06733670043321874,0.19861342862382542,0.1869969215934414
2022-09-15 12:00:00,-0.799526059627568,0.09308585884541704,0.4441936498925908,0.026372264671326084,-0.5016008261946174,0.23211818280816332,0.46237569109844834,-0.7784445436489281,-0.026840941954902664,0.22828033940926123,0.5010228832622683,-0.1891361192214484,-0.29791755762703587,0.28074429954428937
2022-10-16 00:00:00,-0.4284378049368378,0.5380260227670719,0.33806507869638924,0.23270268838684438,-0.11323727985915222,0.5986901295544383,-0.057029364450595255,0.14944908803745893,0.05205488274287845,0.15932254490944042,0.49421521124048984,0.006870566538561343,0.7805959231217109,-0.5892289368354353
2022-11-15 12:00:00,-0.0810586995000826,-0.23740466669945628,0.10614693977723587,-0.436125491433311,-0.4347241928503939,0.5069236097960143,0.26382078953513566,-0.3373612202991386,-0.5576188768242056,0.6017938456374793,-0.6489001852448751,0.46747750186981973,-0.1582356165666562,-0.18786704037026036
2022-12-16 00:00:00,-0.285574598730706,0.2619331579445043,1.1338049289667511,-0.5773682598452325,0.0686710723476689,1.2492394277847136,0.9307157680550845,-0.6859020912863977,-0.07982493436770538,0.5012614193820387,1.3678226642345588,-0.388677959211877,-0.8552629199359715,-0.09133667560958536
2023-01-16 00:00:00,-0.18828272172362412,-0.34747554921924895,-0.19569596999418043,-0.2275544410085354,-0.37566619609538177,0.01561426846575309,-0.6747869958670707,0.084074427883296,-0.293759276444312,-0.02342949461368396,0.23265605141801543,-0.28110484661886526,-0.24743844029296827,-0.34564447318920777
2023-02-14 12:00:00,-0.16430636413627525,-0.597797708059724,-0.17802678381163373,-0.488335837665688,0.1551534025344049,-0.2685748797340219,-0.06070863329735143,-0.23581255138895207,-0.10692908179686028,-0.4086662336007596,-0.23925872189850728,0.2206379930916482,0.5903593166924672,-0.3651621440586762
2023-03-16 00:00:00,0.6790033468870256,0.4137652866581087,1.4700469104295535,0.1535689388933975,0.9245526376957073,-0.8193348351826137,-0.9670158381509973,0.32320746554472013,0.20643110931936753,-0.2354295036140028,-0.10976162028628483,-0.6078351168177468,0.24425459680282002,0.3998197988432888
2023-04-15 12:00:00,-0.08491678716714546,-0.5987437309047718,0.39853348886417306,-0.7606063028319934,0.11791269503640278,0.6536536030592907,1.322821143958051,-0.15125334233998255,0.5650838662381097,1.150632591428806,0.4909160757319393,0.19112146371874753,0.08995738040049783,0.19568273365458433
2023-05-16 00:00:00,-0.16371014119389854,0.4876691902563854,-0.4775629646364832,0.08706638663558852,-0.621437517654957,-0.6883635681653362,-0.29414552683646544,-0.08792558220358981,-0.08824982670395415,0.11545512236557942,0.32757684663818887,0.08962032574978243,0.20129395192867802,0.23190760577864433
2023-06-15 12:00:00,-0.5834496513328858,-0.5518267140315725,-0.122238147665372,-0.3760261255045492,0.5964427707561658,-0.16979884163975312,0.4890779978805483,-0.11432832668616633,-0.6454302088315254,-0.5839604693289091,0.20754950050734555,0.08285372065096092,1.0722934729940405,0.8261421029617617
2023-07-16 00:00:00,-0.33770376896895155,-0.6331548641730713,0.06675496316594974,0.6412428934224776,-0.2929364650063791,-0.0750812208764099,-0.2142025176083961,-0.6245057729323127,0.15685137364617757,-0.01853863044507298,0.19125553410517282,0.11757665226179437,0.04420079985981269,-0.48746532188031266
2023-08-16 00:00:00,0.002994066121187633,-0.5171117475665279,0.060193091753325975,-0.42361053902331003,0.07732303170177579,-0.4977888191076114,0.3922791507292708,-0.2733194920159805,-0.06860626396981628,0.01679096077662738,0.20401700636780087,-0.22373744396903947,-0.07681470960057198,-0.2857735367038372
2023-09-15 12:00:00,-0.3999801908218017,0.46795981061316366,-0.6595559217308076,-0.9675138385569259,0.22715788028795525,0.5676860773413227,-0.41005291804525823,-0.5258126546012226,0.9904477629348258,-0.3672204396669946,-0.5066985994177031,-0.473607403031445,-0.01801898605860479,-0.5682612615380933
2023-10-16 00:00:00,0.13390909088713976,-0.5761186891698327,-0.12917900542353167,-0.612722781466871,-0.38462739551098696,-0.2912968070320296,-0.43480042525813156,0.17823062080132668,0.4988349056437901,0.2957914609307497,-0.12016932070702341,0.4724365517855149,0.016254505087951253,0.2647092772359966
2023-11-15 12:00:00,-0.3401188056174063,0.194976748142562,0.059621265531880366,-0.4215227262849423,0.10787290652225956,0.6504102438910798,-0.15259715446906763,-0.37432752447021506,-0.7516391891215628,-0.33400746606504184,-0.02446884196652971,0.25075414020197506,0.42477013717106726,0.200995896919258
2023-12-16 00:00:00,0.583961347058092,0.02667945838096747,0.24508957922538438,-0.39514386331501644,-0.6973305284223378,-0.23405978269910532,-0.17367361365737227,0.10389843161273027,0.19290609350028848,-0.48608704629159094,-0.06342400342751331,-0.8503768442920022,-0.546083639949737,0.41112169934449394
2024-01-16 00:00:00,0.49360756879071704,-0.2566438387022034,-0.40777970917862494,0.09669499624489375,-0.36353596485314016,-0.04682322563919927,0.47903763475794003,-0.3985963317250412,-0.20038927458266342,-0.1416720570820584,-0.6685686279449449,0.1348742078307873,-0.11875266436933551,-0.780652405292503
2024-02-15 00:00:00,0.5426772233719079,0.5967932475836293,0.9608940962177563,-0.5727466242032687,0.7824390553116937,-0.30075101778607444,-0.35887098830000275,-0.5658733286709374,-0.790742290991476,-0.040451033430869116,-0.5229542800990353,0.47341539253749687,-0.2619552274802568,0.67623792284607
2024-03-16 00:00:00,0.5158504581734382,-0.10423448377665134,0.022231896003366447,-0.35694307303616285,-0.6646224024312172,0.04520961422535008,0.03151244671537701,-0.28468228852471433,-0.06332477132034803,-0.14924437107146313,-0.11098132971976182,-0.31877976916974826,-0.18352220553506252,0.09990651345088541
2024-04-15 12:00:00,0.33134346442542834,0.14282393823512857,-0.2621642763868259,-0.4511350477581012,-0.8088077208973945,0.19762406694189927,-0.8517701349651551,-0.06835490680732625,-0.10120556763825278,0.19564788914824463,-0.026385298141511915,0.6144636083441486,-0.2025494311306461,0.401103770606861
2024-05-16 00:00:00,0.22668176201486506,0.06438921325036956,-0.15274004490186954,-0.43881641599527704,-0.4028862095926032,-0.04679982826749707,0.1281935905954663,0.18079250005166192,-0.20182835026335433,0.17844168306645414,-0.36720573029688797,0.585160746477626,0.13038205385382984,-0.1720956997442143
2024-06-15 12:00:00,0.8787263457469194,0.435183989309281,1.4893860449460306,0.5306397549241909,-0.35151209652538645,-0.9243974840652207,0.01680811924990444,0.2317167384527412,0.0983890997279076,-0.11631325929956543,-0.5575562337937329,-0.05979652214837784,-0.10781394470900538,-0.0455458848019612
2024-07-16 00:00:00,1.3919548010978244,-0.18751047217305913,-0.05619979226245839,0.35603453523886974,0.5432220201446246,-1.2235899050580616,1.1483178571580552,-0.5382150717115909,-0.3681269231670077,-1.2691875089307239,-0.7751370414122766,-0.41562293919180915,0.4633555249347972,0.8244487550980315
2024-08-16 00:00:00,-0.09799133024444279,1.0365084551103385,-0.8411793327651167,-0.0992087645076043,0.1442933629849451,-0.1386015968981924,-0.27184983290339465,-0.5856950529550153,0.005123204648579127,0.7999243086357185,-0.3216445617306657,-0.569799603312265,0.7254083166580815,-0.42679351662160814
2024-09-15 12:00:00,-0.22148716208891983,-1.3213604066121032,-0.271821623465767,1.0014522772525236,1.2773944288269523,0.5197201773692802,-0.6892831691561003,0.46953236426030975,0.5228069063313898,-0.7232441476575694,0.5551016794153012,0.4790667133653612,0.3107580993117924,0.4554411451197429
2024-10-16 00:00:00,-0.18280134434971365,0.09586739521891419,1.5556925930900414,0.9868444559190088,0.0015440847904722999,-0.4206388862012811,0.07609577134385082,0.6918402970186204,0.5186042168208824,-0.27518839360176084,-0.688308660769768,-0.12987142456144474,0.6626216975666965,0.04344162440846422
2024-11-15 12:00:00,-0.8682282393153187,-0.6276861506401603,0.4393873494520712,-1.1114542200522715,0.1609361168442659,-0.720696818316084,0.9684292054639129,0.7245984729426271,0.04131873675347669,1.3311460181408614,-0.020184448119072496,-0.8776533911428853,-0.7160972564654909,0.7596117340297908
2024-12-16 00:00:00,0.15149010866408325,0.5069146082614269,-0.8716022703914774,-0.5448172543269748,0.7053727559973991,0.9471330348041588,-0.23049919701791677,0.06855145106828198,0.4075761865044864,-0.521502362126262,0.09952605243570592,-0.8232395338650733,-0.11097745532505118,0.7608573555866762
2025-01-16 00:00:00,0.30995393675932487,0.3465041661773535,-1.0994536228894725,0.8413435673712235,0.14931666817964517,0.1287555465327932,0.9077035234802736,-0.03982113822530764,-0.789249204452481,-0.3755473260550617,-0.6396828780422436,-0.5921636422713327,0.08190785035928126,-0.22542979164182925
2025-02-14 12:00:00,0.8950759483657502,0.8325594861201793,1.889380667340765,0.08349696234572468,0.25288476221675016,-0.6181770945431584,-0.6293049119388102,0.09712337865390253,0.03932965065100086,0.0906410898375086,-0.39577149899245834,-0.27334328356196275,-0.26804251031561493,0.11744358547184408
2025-03-16 00:00:00,-0.20767670842241348,0.23967846043575253,0.5544867614098972,0.10830138875519957,0.4214607449445381,0.37761722226463024,-0.4514890434105022,-0.33976710748750577,0.19458925475712324,0.265952667626401,0.051846978249383446,0.07157118937117074,0.302358111447175,-0.31720774886237746
2025-04-15 12:00:00,-0.5397172605417464,0.28121457922045195,0.17397396187694614,-0.47573917069323907,-0.3106541195953335,0.994240786280474,0.7021097782202811,0.14329509063615686,0.7565765309132242,0.3299507493956111,0.029599677453086004,-0.7219825873964174,-0.22563274247828038,0.10106723439043208
2025-05-16 00:00:00,-0.6093580305772175,-0.24284292247007588,0.20541817423724018,-0.06997947986594588,-0.5301932590572327,-0.21407121773997584,-0.04946313632549748,-0.7471269487382495,-0.17725350675701912,0.34106592499119853,0.46783748311886103,0.021236807155582738,0.17015815758813493,-0.2666990324779517
2025-06-15 12:00:00,0.03129936678565687,-0.32494779823469444,-0.4144133275505932,-0.4240755929804625,0.7317114952702003,-0.22800303266482358,0.6725084309644546,0.028574145042221333,-0.8674846960169622,-0.5726810524398761,0.22091726106114357,0.4881300613564419,0.5337611190467861,0.08854628463492031
