time,PC1,PC2,PC3,PC4,PC5,PC6,PC7
1940-01-16 00:00:00,-0.913606608096347,0.7198234501390678,1.831565318446632,1.3006584010445637,-0.030548581572403616,0.6681402865098276,1.5552456876162826
1940-02-15 00:00:00,0.5868496436855801,-1.227002561327511,-1.3948524950207963,0.3291641978257833,-0.22809258511232072,-1.18224874200596,0.018849648433571564
1940-03-16 00:00:00,-1.2244751006361494,-0.08831600286095707,1.7461625512528944,-0.8564805305986876,-1.932524405538297,0.57763258777413,1.0710589398953343
1940-04-15 12:00:00,0.4401161328262146,-0.04765135071463828,-0.3025113301497633,0.6622060716537702,-0.777614413383389,1.46131645322487,0.023019774856428133
1940-05-16 00:00:00,-0.9918151709507947,-0.03267417240529632,0.23197578906585653,-0.6069708774409179,1.4009117499421588,-0.5592393696421318,-0.2491099233360567
1940-06-15 12:00:00,-1.3601388499877662,0.6220116176771666,-0.07667943625758741,0.8932871160317167,0.30441040542902575,0.266440138761239,1.459136895145439
1940-07-16 00:00:00,-0.6983012010237953,0.5135711457099488,0.07345434883250955,0.8618158016219913,1.6058362557797479,0.9134449320119953,-0.02237965382490069
1940-08-16 00:00:00,0.7534112064932185,-1.1832774750599269,-0.015552445708488925,-0.1889328755533258,-0.1087182153405348,0.6221561698961937,1.1210697762015889
1940-09-15 12:00:00,1.6256626213097276,0.4583786535738864,-1.754738126069404,-0.9055562843971517,-0.1298232087406704,-0.011242559331175073,-0.3382834091622254
1940-10-16 00:00:00,-1.0548396876267685,0.3282450010072252,0.48415560612313463,-0.8094150929584792,-0.899715186432156,-0.6079460563343451,0.82644886917086
1940-11-15 12:00:00,-0.7444914471035543,-1.1202204563420457,-0.24980797076473676,-0.26336661726873384,0.16514384840037913,0.8808565283405467,1.043672394471579
1940-12-16 00:00:00,0.04135102649593335,0.5188403900992556,-0.10279246754430418,-0.006998445732938025,0.3148659545601905,-0.5505736949598093,2.5794644493831744
1941-01-16 00:00:00,0.9039871522990911,0.09105611423257269,-1.6564092840096674,-0.7094139451379866,1.1192572362215143,1.4180023596879567,-0.2513908196480661
1941-02-14 12:00:00,-1.2138008799992575,0.967262077988099,-1.7027595402795273,-2.2976497569602743,1.1685695356103836,-0.40101922444655436,0.023226869054160805
1941-03-16 00:00:00,0.9744921486447226,-1.222701298158763,0.8407894923278757,0.7362258838162192,-1.0320701298532358,0.31493339781847807,-0.8627669612377502
1941-04-15 12:00:00,2.1426289367532396,0.5521940158954691,0.8119896569282237,-0.9258079157193958,-1.0464089754292303,-0.12207775538485713,2.48397858335292
1941-05-16 00:00:00,-0.3533851501578417,-0.19964289010279018,0.14254973152972403,-0.19242029920016893,-1.238900690970704,-0.073736276277671,0.19807747779216986
1941-06-15 12:00:00,-0.2674645416330554,1.3127887276407777,-0.9514042580970522,0.3532198917684496,-0.3055331521922191,0.4960323577713331,-0.2734907673662891
1941-07-16 00:00:00,-1.764013299208142,0.7374233445899276,0.7510471885661655,0.029746482995119092,0.5766080662159311,0.24800766551363818,0.4254406711769995
1941-08-16 00:00:00,1.38484348385823,0.39212166943329396,0.41936968739855196,-0.5396528098593917,0.5386148850409527,0.5285890678250661,-0.21302501821846984
1941-09-15 12:00:00,-0.01520340276448775,-0.08371481178871283,0.10699131545429891,1.6518207727339127,-0.7849006132473787,0.18145171426069903,0.3511924840327547
1941-10-16 00:00:00,0.2860963005413701,1.9895378994415736,-0.40411217722234555,-0.19755480293854566,-0.5741969555690649,-0.668476857845718,-0.7403386304223648
1941-11-15 12:00:00,1.2509456034875328,0.49825310753434093,-1.5600770043399939,0.22194416072514903,-1.027528232279128,-1.7455059805312063,0.5078063923159388
1941-12-16 00:00:00,1.845689974077205,1.0087315779394588,-0.8964888126141725,1.4319328094118564,-0.2530462695382047,0.3816153404578527,-0.5233898043394271
1942-01-16 00:00:00,0.44065351432995936,-1.2595159894024914,1.4755637403085047,-0.2411860449615261,-1.1251967799806264,-1.6288473477095018,1.2495125078354568
1942-02-14 12:00:00,-0.43149420202311073,0.751207812826454,-0.44994541932407106,-0.4774120717953951,-0.1611790475191458,-0.7018932420949926,-0.06161134137363596
1942-03-16 00:00:00,-1.27090347891512,-1.557899890443513,-0.21001189680867,0.3254781765273038,0.32416816296448586,-0.2330429497179845,0.6296750046024576
1942-04-15 12:00:00,0.9195746589245694,-0.7754289691617219,-0.46979726627248214,0.03064238747921726,-0.6906963085255013,-0.9140775598626318,-1.762165384919265
1942-05-16 00:00:00,-0.9444125007450551,-0.2149832497390337,0.1391176429782163,-1.5242515600604454,1.0032966658979903,-0.04822006038899702,-1.8478514975700657
1942-06-15 12:00:00,-1.030736430967342,-0.4519673878973107,-0.8770798018681615,0.5132864188134254,-0.7467476632183465,0.39631411443007974,1.5583588844015006
1942-07-16 00:00:00,1.8736210812885556,0.9467479428863227,0.40612255559511545,-0.24677423367686382,-1.2993659260022785,-0.8935542353092766,1.0826948552146969
1942-08-16 00:00:00,-0.6063817088892055,-2.1557816040023035,-1.6328514411716515,-0.15968942993869115,-0.9199207905884675,1.9350528896571368,0.23430492593395555
1942-09-15 12:00:00,-0.5157045401598052,-0.29979931328957976,1.3366236852592261,0.9128112326105209,-0.6834074110411595,-0.195019945148377,-0.9900629175613915
1942-10-16 00:00:00,0.3585328231576092,-0.12128256267783882,-1.3649490276761622,-0.4207872074989771,2.1653474222591655,-1.6099956537124176,-2.9496435209478076
1942-11-15 12:00:00,0.8257440570892143,-1.3461893101610936,1.3476833529193817,0.09782834322158665,0.3718595511697054,1.137024507802631,0.15689651948133423
1942-12-16 00:00:00,0.5773902594982558,-1.6053112618208703,-0.24157111254107344,-1.3356387044404896,0.19118294234706829,-1.9219485963326652,1.7941726418270745
1943-01-16 00:00:00,0.8822729737173043,0.9163369471296176,-2.2757749116536297,-0.26950547293559984,0.6912676864152149,-1.3982259063704594,0.643316274633713
1943-02-14 12:00:00,-0.18426416147182262,-0.9156995772322454,-0.873183253104147,0.33510790336692753,-0.6282417216861818,0.2992092253741766,1.2474730360323119
1943-03-16 00:00:00,-0.14439615817593215,-2.222128876976225,0.005442150193580027,-1.2844176189768852,0.6380263888719764,0.6750791537687348,0.16686419291201485
1943-04-15 12:00:00,1.7577592009751617,0.6833716588893357,-1.5312059001993228,-1.3929459564799513,-1.3330995061407747,0.13054010724383908,-0.34714564288884653
1943-05-16 00:00:00,0.8782418415624657,-1.0827288418277938,-0.7576638926662836,0.7874422807416648,-0.02499863785171038,0.008473037904317603,-0.013301067636646867
1943-06-15 12:00:00,-0.9864676733284231,0.669925862376681,1.4847017253000427,0.7230880555142091,-2.38921086189782,-0.7226209818128213,2.021292861331008
1943-07-16 00:00:00,0.7049713457758626,-0.2587077197910799,0.18103110750889045,0.7322870984768445,0.45204585559730165,0.44963210851466,-0.5672350376094363
1943-08-16 00:00:00,0.9563606304456359,-0.6471901911644519,-1.9685108640930653,-0.2625409121018194,1.6550537115082316,0.9285310463760785,1.3409529667922229
1943-09-15 12:00:00,0.9912289135514256,-2.2061794330568416,0.09917203266196259,1.1699120612376945,-0.5337455082258498,-1.0070629486441778,1.4209648771763073
1943-10-16 00:00:00,-1.6270264138356303,-1.9719956404760894,0.21813265743182017,-1.3472962883393729,0.6967151355421403,0.2760279376129205,1.623605218611756
1943-11-15 12:00:00,-0.5092020548369958,1.7119248503040485,-0.115886644035985,0.15611786228541188,0.014726701035930918,-0.2629286147964318,1.2406050660962529
1943-12-16 00:00:00,-1.0361999519047147,-0.7487270102634196,-1.6841048256105695,0.8399425439083753,0.18398875840434353,-2.059789221670401,-2.752207138000051
1944-01-16 00:00:00,-1.278876724120449,-0.29916221135976695,-0.7052187193358728,-0.4027394651845147,-0.12107093518771174,1.771848175683283,-0.18974877235741167
1944-02-15 00:00:00,0.29705971243622686,-2.0356675689259878,-0.01788962106849875,1.0405835044536138,0.7953773061856195,0.5425775264874264,-0.7126071419895376
1944-03-16 00:00:00,0.38516742710817486,-0.17387562108764992,-0.1807591772600566,1.8769619418363588,0.13612741012280136,-0.16369118624275938,0.08442631738315878
1944-04-15 12:00:00,-0.4126432856931476,-1.0552845107780608,-2.2410794183503984,0.15953361916339703,0.12522998366372773,-0.2870655230980109,0.30917652053081757
1944-05-16 00:00:00,-0.7949703518846666,-0.5292869552538487,-0.2569462823628255,0.5518051369490755,0.07098433051235647,0.8394022697726533,-2.493552598155133
1944-06-15 12:00:00,3.4864538010753976,0.7658858731960145,-0.9843194561902978,-0.13968983427705842,1.6405589556957054,-0.7581216386528272,0.42567094445932097
1944-07-16 00:00:00,0.1787222022175834,-1.4096671458662797,2.012384310330929,-0.48937825714512956,0.3278755196584907,1.2588391537994181,0.7369188839452345
1944-08-16 00:00:00,-1.4195742615700968,-2.436912153940554,0.8784699463075905,-1.0830129465795835,0.02868730524960236,0.19577912241438494,-1.1424599037997287
1944-09-15 12:00:00,-2.0148358914695637,2.7320425922547122,-0.12928963460627585,-0.7840266352527397,-0.46415308940926364,-0.3479223840075953,0.6102134964687885
1944-10-16 00:00:00,1.1784916357051012,0.9196307598815225,0.9395036070734488,1.0845863751481046,-1.2168963516026452,0.06747009221974548,-1.3242890544657357
1944-11-15 12:00:00,0.11326839223268957,0.3371752073840486,-2.063734676615374,1.3336391420337101,0.8965258852331454,-0.16863855421485793,-1.4555712034506412
1944-12-16 00:00:00,-1.1465616899956859,-0.705237287633591,2.027432494674123,0.5491165873089179,-1.2601430397350089,1.3751696670588562,0.30544266215993826
1945-01-16 00:00:00,1.2435895834735364,-1.0545057650822678,-0.638201325305533,0.7285653758908355,-0.013173742462934844,0.016248006400567387,-0.17890177900744444
1945-02-14 12:00:00,-0.20595832965354344,-0.7322299298493139,0.5080318559465915,-0.6160801562540608,-2.7605499891150806,1.2034634132867095,-0.7587115485360402
1945-03-16 00:00:00,0.30207299923205044,1.6960154478625649,2.165361223129931,0.08723888734542355,0.45585722905207543,0.5797267104792312,1.119816277944176
1945-04-15 12:00:00,1.2979858919733458,-0.2769568042582574,-0.7682151929681801,0.27542110608205783,0.3310912075062255,0.5586386260282297,0.8686986443486716
1945-05-16 00:00:00,-1.4468546867525363,2.8480469732420306,-1.0538307609718085,1.6141093819068935,-1.389961546775295,-0.8440304933925562,0.3490109753334929
1945-06-15 12:00:00,1.0585404291743135,0.08253469602043019,-0.9713354442884551,-0.051427442733349656,-0.39151288054922967,-0.10859575729203852,0.5901403130946128
1945-07-16 00:00:00,-1.5688356002333828,-0.510126843510162,-0.18573931114721215,-0.7668775962045785,0.683476445293132,0.6839823014217102,-0.3476788670430792
1945-08-16 00:00:00,0.5617649516161631,-0.39277148241151916,-0.35938614200359587,-1.4225462297122276,0.36249879953816877,-0.9721502049911462,-1.1034770506542142
1945-09-15 12:00:00,1.1208280305823688,-1.7080529566916711,-0.436360488465587,-0.6725133668265235,1.0005738604632555,-0.7044548682919394,-0.17301572397372605
1945-10-16 00:00:00,-0.0027923510618141616,0.004733214111366908,-0.8784320170384201,-1.3946255799741392,-0.779642180760796,0.4980296643118946,-1.4784446719696998
1945-11-15 12:00:00,-2.4201445058745024,0.4242794890612861,0.3526462441393959,-0.07139395279086674,0.405858005696966,-0.6107306826933245,-0.4290257119154451
1945-12-16 00:00:00,-0.13171805464932138,-0.7477425447252997,-0.4087159061399323,-0.2190317384861149,-1.9385136232584386,0.7454566126016012,-1.2281274291843132
1946-01-16 00:00:00,-0.7005357636063239,0.9905296518430994,-0.6213737761161853,0.32825932271309777,-0.3062741028503461,-1.6870221195487183,-0.7564395176170019
1946-02-14 12:00:00,-0.7853199708752691,-0.10621846923595836,-1.2753830653364624,-0.17816662986502899,-0.23873894490158182,-0.11870863568371953,0.6203860329185585
1946-03-16 00:00:00,-2.313463695083401,0.2826951562565163,-0.17392566420118555,-0.910534635576315,-0.3451503812150213,1.169266350050921,1.0178561683811957
1946-04-15 12:00:00,-1.5001965968639883,0.4834752142344695,-0.6946888425507624,-0.5652141876187932,0.5102863563196154,0.18160862334155858,-1.3716400063113476
1946-05-16 00:00:00,-0.6913331422600609,0.23925148480674635,-1.0165304246992168,-0.30388747678399325,-0.5839968085503469,-0.5272797816708203,-0.3755931860723234
1946-06-15 12:00:00,-0.9595138422912608,-0.10164301848612486,0.6276308960115773,1.2852103946936237,0.4042943271760997,0.3468518117783616,-0.09504437338784105
1946-07-16 00:00:00,-0.26964963843240036,0.5584760691175735,0.29068128154298556,-2.039054872791482,0.38842730371846707,1.3513176590660096,-0.17117888153909963
1946-08-16 00:00:00,-1.1916070583835658,0.7081402288740997,0.08538096266637102,-0.8957444363122917,-0.3848664926019869,2.8289968453412566,1.0316401684454768
1946-09-15 12:00:00,-0.06914013615523303,-2.442357566382471,-0.4190497838112585,1.272098289875343,1.0917935289687346,1.191842769060505,-1.3024608478301913
1946-10-16 00:00:00,0.3287002621415182,0.8473209967667401,0.41857654213823925,0.6704567732950752,1.174481314571692,-1.4535174822938903,-1.2611406421445714
1946-11-15 12:00:00,1.8085633616537742,1.7237271260483282,-0.3907403316045317,-0.317613405205103,0.24154155568694388,-0.15221045961129123,-2.0794035758178566
1946-12-16 00:00:00,-0.8720169712976794,0.19396983516805982,-1.982231642193033,0.20379040507766155,0.6625573284933876,1.5540334279945769,-0.16054027143176128
1947-01-16 00:00:00,-1.5666218596503503,1.5607004700704747,0.686134825129996,0.5789342842306693,-1.4029930011981735,0.16116834102923255,0.20935181321112975
1947-02-14 12:00:00,1.004710024308725,0.7414692552207697,-1.0626570890419567,-0.367854549385788,-0.43550132327917934,0.2897401575287512,-0.6891911079206708
1947-03-16 00:00:00,-2.234643569745281,1.039506914666235,0.24386131380490472,-0.78135031285122,-0.19382736929424274,-0.28797953317482133,1.0049452698698214
1947-04-15 12:00:00,1.4657995289743742,0.5996009401109805,-1.9759764883830182,1.29857787269658,-1.0335670013171006,0.601855965550701,-0.44995171579506293
1947-05-16 00:00:00,0.3338272101895346,0.20876393183958325,-1.121402427000151,-1.8062243630976038,0.11517543757385516,-0.19047583657570122,0.3780985609914806
1947-06-15 12:00:00,-0.16370338621634964,-1.0312258700920856,-0.30807362773402475,-0.2855611640017036,0.03682594436663743,-0.7855575955398039,0.7859420140461998
1947-07-16 00:00:00,1.5006770659415412,-0.509803052833988,0.10647520205360794,-0.0694090920469851,-0.006683046468175677,0.40909393241548075,1.8293832856434034
1947-08-16 00:00:00,-0.18659141346666488,0.00648940447758245,-0.04157271915286228,1.1032744057667068,0.07960853237587251,-0.14193065788721848,0.3912095301102138
1947-09-15 12:00:00,0.20254584884233873,1.2189444202349586,-1.4573823569459916,0.546041241882684,0.586114916315948,-1.2434489136570905,0.10683872924274346
1947-10-16 00:00:00,-0.4533513563294456,0.9657668986266355,-0.8389579783097045,0.17657995054180053,0.34495401200523323,-1.0619423521913254,1.6422094067396122
1947-11-15 12:00:00,2.3712959911909985,1.2540476501305606,0.5270720917578973,-0.178565873717319,-1.4388719454171135,0.13475689078602565,0.5712425149497802
1947-12-16 00:00:00,0.956845449855398,-0.9578190363442666,0.5247543756542559,0.6801214430855747,0.33949417405772303,-0.08937248661399383,-1.0673350807263449
1948-01-16 00:00:00,-0.7165726288967628,0.39386793074399784,0.6263347584739443,-0.5620713764819681,1.178142855138858,-0.9570093086896786,-0.4805331098441402
1948-02-15 00:00:00,1.051809207572858,0.38464543420792185,0.30122688025811134,0.38341547870759746,-0.24215319070057825,-0.6046407016391667,0.053693390677895525
1948-03-16 00:00:00,-1.22950363091828,-2.563126974460726,1.0398315613908784,0.15709395547756105,1.2451088899440983,-1.4263025321849194,-0.20165057109251303
1948-04-15 12:00:00,-0.5306126358904909,2.218217907254337,0.15298313754141166,-0.08479269414470485,-0.3939704095573203,-0.8947779361028095,-0.3341807139711802
1948-05-16 00:00:00,0.8535765690642342,2.217098173349285,0.8464985856383433,0.9905290283485894,-0.5541577392216095,-0.16205591597020855,-0.96284152558799
1948-06-15 12:00:00,-2.2381088265791345,-0.2252758959564895,1.3298425256975366,-0.06846016127263299,-1.2682238738376361,-0.25220287981404366,-0.3078411791520525
1948-07-16 00:00:00,0.8760612045930036,-0.355535505716019,0.5645937866784636,0.5630490199441436,0.02753556945198753,0.802099832544404,1.4834143350456426
1948-08-16 00:00:00,-0.7524258264217824,0.8187778525204896,-0.9784639405132888,0.3314512832759236,-0.19952456903036925,1.4031807435919144,0.9330650533754945
1948-09-15 12:00:00,0.5879350356017489,-0.5028068133093009,0.10076533643500979,-0.5847478058686344,-1.3330805880707297,-0.024742623756413937,-0.46195948240711754
1948-10-16 00:00:00,1.5299985702251317,-1.0173718018205304,0.5804579597541946,-0.44861015631996604,-1.2887390510170882,-0.8161058684864938,-1.4080247151354353
1948-11-15 12:00:00,-0.3183235188800702,-1.1772668006839266,-0.9081845662230517,0.1281252986349983,-1.2707476659640737,0.8194952047174338,0.7418634300282829
1948-12-16 00:00:00,0.5179120494420919,-1.6715921145565178,0.2495038852763556,2.689114172473721,1.2448470823227726,0.26719648657714573,-0.8446889297412976
1949-01-16 00:00:00,-0.520263875182399,-2.437760591960376,0.11178174604888286,0.27723220546448524,-0.18822163230034472,-0.9681745857855032,0.2695561110722545
1949-02-14 12:00:00,-0.5835849795207881,0.5021508655139891,-0.6202960642359843,0.643044134766268,2.038741792646057,1.8723144047798075,1.0320275968822843
1949-03-16 00:00:00,0.6571916468535874,0.0310047254980136,1.1126785992498904,-2.383501640773883,0.8726296648966089,-0.812038810733819,1.6601837624409572
1949-04-15 12:00:00,1.113535608817142,-0.2057592342282159,0.3326157149692129,0.22133351589782904,-0.6897369770084906,0.6661838754904362,-0.2473030688751055
1949-05-16 00:00:00,-0.6420331618976751,2.352065522093187,-1.327817083556983,1.0390647418282388,-0.30273128499043483,1.803035805962375,-0.41775488693302876
1949-06-15 12:00:00,0.6596168393511977,-0.832500214829289,-0.06837464745607563,-0.08598770458496355,-0.9440170205538536,0.6448987721154036,-0.21291134852985852
1949-07-16 00:00:00,0.3116435330271323,-0.5558057938947947,1.7552061941835504,0.1264055273113254,0.865955492611818,-0.3054253428986534,1.8059441987217966
1949-08-16 00:00:00,0.9884106704840732,-0.830528284227175,1.3263801221537017,0.42506053738348554,-1.0872995305724542,-1.0469027863756946,0.548054809461595
1949-09-15 12:00:00,1.0057443469758218,0.02268725531639447,-1.6654375027708312,-0.21150563138488956,-0.6975288885783144,0.41390592571994556,0.6396429344274788
1949-10-16 00:00:00,-0.16088504616289984,-1.0482228000981437,-2.2597044196974103,1.7670908477755918,-0.31930827582214366,0.039006513998843854,0.7233348506862053
1949-11-15 12:00:00,-1.0707840560137445,-0.9083071323034165,-1.2792036820738284,-1.194855449387079,0.45771653051132555,-2.053386412878,0.08260911554769466
1949-12-16 00:00:00,0.9546321868840264,-0.05701574330414142,-0.36249646028073773,-0.6114426842320987,-0.16134643447038477,0.9876635230773179,0.11967371525351514
1950-01-16 00:00:00,-1.0889242213794528,0.8713784031204967,1.9278096071462747,-0.5185123442675711,1.7481052267195683,0.43091681021754624,-0.7076985058114602
1950-02-14 12:00:00,-0.2884567345800974,0.05166184299744146,-1.546817089631226,-0.24481653479358662,-0.08825181669588046,0.27061728583707395,-0.07148318013288793
1950-03-16 00:00:00,0.1181013949949828,-2.574558160595677,0.7568487052815532,2.6158661914220307,-1.4961317820704627,1.2469180849207062,-0.9947179991179327
1950-04-15 12:00:00,2.006937649373226,0.5899227475326839,-1.4113216962162451,0.29673555711809496,0.5524370629165313,-1.018874826492858,-1.211973556482086
1950-05-16 00:00:00,-0.8043148515009502,0.8791624748413013,1.3539850748556488,2.482563061847142,0.4941456312391125,-0.7139996125724359,0.5143468317021106
1950-06-15 12:00:00,0.3663320328412157,-0.8154219857209449,0.2223723336897508,-0.6511514986351765,1.6939979486183412,-0.8519481509907272,0.6537496313347151
1950-07-16 00:00:00,0.7872520916943329,0.6538875227162018,0.7274890811086984,-1.3693067059814152,-0.8313421184849951,0.4560840806644011,-0.5507165157389894
1950-08-16 00:00:00,2.327488408489536,2.306656484312867,0.7652970198954211,-1.250738124053067,0.7769600125406382,-1.1377602932442885,-1.5584864200158062
1950-09-15 12:00:00,-0.8282960832142511,-0.7846135019814416,-3.638652769300059,0.14609481302137559,-0.2725337192868801,-1.691884014596066,-0.3573078760560777
1950-10-16 00:00:00,-1.9575961904881571,0.353125687288998,-1.0807335361894745,-1.3891233152758062,0.352007649166271,-0.17336725212498932,-0.40568090995597356
1950-11-15 12:00:00,-1.5836436156292688,-0.4216742938131468,-0.33920226648660273,-1.0448295591705905,0.18420247819374547,1.1578950247330864,0.7629173834108414
1950-12-16 00:00:00,1.088929096389697,0.33438138437600085,-1.7556003812228995,-1.4518932588674685,-1.7197080559832651,0.8907746367581084,1.2615426490762265
1951-01-16 00:00:00,-0.4391460618278336,0.5873215936457783,-0.25702040079212823,1.3257354629843068,0.5779396205994659,-0.6598259368297319,1.6526499602762372
1951-02-14 12:00:00,-0.2871523521670525,-0.675952432844924,0.6073347124501478,1.2396794769645851,-0.14805622223810191,0.32933195902500917,-0.34198825466670735
1951-03-16 00:00:00,-1.5382023956994344,-2.09227703403981,1.0193302825713402,0.19452086010613942,-1.4757835551156808,0.008586529305221274,1.2937564509917205
1951-04-15 12:00:00,-1.956906823990981,-1.6419862464300043,-2.0028712535974504,0.3145505556995807,-0.12383030873139173,-0.9427689260507504,0.16546887016228676
1951-05-16 00:00:00,0.6008874903009025,-0.3951884314324649,0.5626609620743814,-1.014860748675333,-0.5656774147523779,-0.7611034988636586,-1.2774642877308164
1951-06-15 12:00:00,0.5791780727239674,-0.6786868243703255,0.13853701752147046,-0.8009827865973322,-0.981893622261431,-0.1309514619218675,0.23093451579152552
1951-07-16 00:00:00,0.32624040083672523,-0.048052620305796614,0.4611812279390632,0.30003927981466894,-0.5190041030725254,0.47819157088439707,-1.55969814289379
1951-08-16 00:00:00,-0.5529924905004142,-0.2581671765003587,-0.2075420204170217,-0.02609475156639972,0.3405802266680864,-0.6911795224448816,0.313556616763297
1951-09-15 12:00:00,0.6122688161343537,0.9212600600097378,0.43468905587056766,-0.15228198833976478,0.6034775116645333,0.30619659465342036,0.021466841409583954
1951-10-16 00:00:00,0.44805163692163275,0.6711261969121249,0.15638890247103776,0.5002428514337136,-0.6057813319062674,1.2151114730909778,-0.822473024298713
1951-11-15 12:00:00,-0.6294133872526928,0.5028087398739451,-0.831905565241616,-2.1902373800195,-0.5175792516260008,1.8159321756096007,-0.6488685354060073
1951-12-16 00:00:00,-0.871503854347052,0.7773502575661275,-0.4332899335915615,-1.792273031521902,0.11142357399098693,-1.2690108417406232,-0.38631308420495314
1952-01-16 00:00:00,1.6662590560764545,0.2962156973454722,-0.6236641412522583,-0.48825039263201725,1.026987780955255,-0.5935292848183427,-0.7222574027880629
1952-02-15 00:00:00,-1.133777112076852,1.4713067007870009,0.03848754596572281,-0.17064721920817613,-0.29439369091072415,-0.5065862657969582,-0.21890135667353217
1952-03-16 00:00:00,0.9652385233976649,0.3403912011347713,0.6262289944894053,1.0320432709183416,1.3524830868007085,-0.3899280598055771,0.169541655331565
1952-04-15 12:00:00,-0.8526512291885439,1.3778997430458126,-2.1262445677052937,0.7127337653371129,-0.1651937533261614,0.5662783807865657,0.3431667980189665
1952-05-16 00:00:00,-0.5560878706915923,-1.853343074771869,-1.165452727204222,-1.0228690284067012,-1.0543373191719205,-0.40746144361168235,-0.37559960790787056
1952-06-15 12:00:00,0.6828761716355545,-2.119838574437782,-0.4742557118746023,-0.4146800557184402,1.3841967232784154,0.4895303977046414,-1.4240144179346599
1952-07-16 00:00:00,0.1610142543421545,-0.5192475038426582,0.08217595363169604,-1.5268019471160486,0.46571692513418145,0.08016502000393935,0.565081461889967
1952-08-16 00:00:00,-0.2796575327387347,-0.42227705951981664,1.2758898264376684,-0.264734522249577,-0.573015432790416,0.6530667220458335,-0.203792330902428
1952-09-15 12:00:00,-0.383766789669692,-0.0822444257772425,2.7666230142413935,-1.6035845053244278,-0.5533286117888697,0.2902521604862957,0.007330376001542904
1952-10-16 00:00:00,0.8088107162617144,0.5009475256611151,-0.6932480649485409,-0.3611802363106042,-0.01636259416469505,0.04810403692751899,-1.1519440752762744
1952-11-15 12:00:00,1.7082741137129962,-1.1976359467726214,0.5366755919505959,0.7194304821421768,0.3308685004729135,-1.1044011054840839,-0.685924963022516
1952-12-16 00:00:00,-0.40297902685192966,-0.33726712097157496,-0.7414421277664001,1.0941074359683498,0.1786543796296241,0.35281398558016613,-0.4004493008177818
1953-01-16 00:00:00,-0.6862131887417832,0.6632418705251362,0.9995844201832406,1.746453580655938,-1.8631376740232364,1.2239269133369775,1.6416173310228355
1953-02-14 12:00:00,-0.5619742351587317,-0.2585349238491915,0.7416044893534749,2.303232677782162,-0.3025425194165603,0.6129334489535196,-0.36613505581413197
1953-03-16 00:00:00,0.23715189001638834,-0.9288947935863296,0.9548054127649054,0.34975103276090896,-0.5108460221096927,-0.07590262302924267,-0.4101602570886117
1953-04-15 12:00:00,0.7238596441501218,0.0216720796472065,0.22578070578148884,-0.40149052522731293,0.4442545240513266,0.6306356614334309,-0.5809658646684582
1953-05-16 00:00:00,-1.0403604311538708,0.12993246471951753,-0.7261736243504947,0.9767652733966417,0.5834977551343967,1.4679561079676615,1.6884062277839786
1953-06-15 12:00:00,-1.1847192554041643,0.17713534470819958,-0.19704404313468213,0.027089486132123038,0.312870850244489,-0.23119787375740397,-0.2182083493939926
1953-07-16 00:00:00,-0.16381836632022567,-2.9518548261496114,-0.14416040927869167,-0.11530101180067834,0.3418141110933892,1.1112323544303024,0.5728623998794252
1953-08-16 00:00:00,-0.0902284317357518,-2.0642190411401495,-0.7840154082517763,-0.2327764368675282,-0.4131304482604462,0.9803284398624725,-1.244053412715776
1953-09-15 12:00:00,1.7572484590269135,-1.182983617935956,-0.0041866400146629845,-0.3935874265548606,0.6314358419925008,-0.12570144008167,0.7719176377444551
1953-10-16 00:00:00,-1.7065632136050208,2.2142627233636074,-0.8924105270789489,0.36913253436139637,-0.2600739285663775,-1.4158313756992915,-0.11734663244575688
1953-11-15 12:00:00,0.431628326636521,-0.01555394697832647,-0.03595565913640806,-1.217732375822544,1.7867810252562093,-0.09243124272954212,2.069676058728982
1953-12-16 00:00:00,-1.343082920347421,-0.44742168243579544,0.10972307586543481,-0.4639167999513487,1.5632331107724147,0.5030249633530436,-2.1266824175701124
1954-01-16 00:00:00,0.6991262851291067,0.7051024541268511,-0.6265169745317986,-0.5514089420974058,-0.8958195172054899,-0.1433403149134758,-1.2309493225704216
1954-02-14 12:00:00,-0.9103699836554774,-0.3409335100828887,-1.7128264925586345,-0.06845067180198092,-2.395706169270071,0.7215980282161831,1.1124745749263496
1954-03-16 00:00:00,-1.7881538753994712,0.400857076475625,-0.2241656308562458,0.1993310050562529,-0.1281760245085275,-0.4681084288693003,-0.23708040875865005
1954-04-15 12:00:00,-1.4710031307129503,-1.1001221997060127,0.7581035113534127,0.4998843432560689,-0.05019882623373059,0.8752289157743002,-0.2994120654698394
1954-05-16 00:00:00,-0.30420650937055194,-0.15947919825703732,0.7036165874730125,-1.4132569920322435,-0.4541976536582773,-0.0176505690675755,0.19162205186397957
1954-06-15 12:00:00,0.3722510712659464,0.7786701135033419,-1.3521674004321618,-2.116903261980725,-1.5332269232912878,1.765324710487631,1.033122969299435
1954-07-16 00:00:00,1.0474857211109743,0.23581987167988433,2.023021597125878,1.542299107258545,0.5453232386050779,-0.12293379168089452,-0.18998543403944282
1954-08-16 00:00:00,2.4303917708981584,0.2300349326244897,0.0851017135365855,1.2992543395404956,-0.1822909507034028,-0.6831983238882856,-0.561821290159473
1954-09-15 12:00:00,-0.6517661691763359,0.6364955334101041,0.4147982080699359,0.3204303338990925,-1.6162192678475364,-1.0379002092737806,-1.015704253341973
1954-10-16 00:00:00,1.865276084073282,-0.5505024782697044,-0.5473807202995833,-0.89987118901305,0.4856980234256021,0.2156880212764266,1.2962983079069448
1954-11-15 12:00:00,-1.3531148320062716,0.09836570578205266,0.39431776394558005,-1.0334652239465225,0.6878289855034069,1.3898787126815986,0.21274971250669106
1954-12-16 00:00:00,1.0074731545882722,-0.4826192857190715,0.8055258653106221,0.5299567804119069,-0.5926967820388296,-0.05743367437840797,-0.5802824560387462
1955-01-16 00:00:00,3.0098864557615705,0.4864371088809948,-0.4509375850374803,0.6760160531220799,-0.15204903413494633,-0.1901557613910544,0.6434175309004271
1955-02-14 12:00:00,-0.1326635744772811,0.49186953780034015,2.091939566534297,0.8685743135151212,0.5235464511840471,-1.1691127200932754,0.8632157836740165
1955-03-16 00:00:00,1.5591934900338946,-0.34590553622319964,-1.5693020904971542,1.469466197292065,-1.8658138684537282,0.897495174872229,-0.7028259541682109
1955-04-15 12:00:00,-1.3831386578566036,0.87955168084237,-1.4640892376052568,-0.9347058455586942,0.3428556410263875,-1.0515691925754018,1.7118326834378341
1955-05-16 00:00:00,-0.8455442332779696,-0.755558436595513,0.9122066191455896,-0.6470933340245093,0.0003204695770870281,-1.1616581558847494,0.29672842893821116
1955-06-15 12:00:00,0.42823715960967307,-1.3896398887835135,-1.0192725632827035,-0.051510978404905025,0.44552731098925674,0.6874806039424926,-0.7777859564778251
1955-07-16 00:00:00,0.036633328346169336,1.2345836713884604,-1.0398948341040155,-0.017840737670402562,-0.5984121711160381,0.6884621231207441,-1.3657198088683025
1955-08-16 00:00:00,-0.21235854390262246,1.585428058290606,-1.583406320205046,0.0440970793686166,2.0522347458080454,0.6579079252407983,-0.20673006709368952
1955-09-15 12:00:00,-0.2152752708805611,-2.021525225676856,0.060380954767739484,0.7320770104706381,0.7498684221915745,0.8843561119917749,1.0593455947058061
1955-10-16 00:00:00,2.061946602786221,-0.9943903869307257,-0.7799517403813349,-0.9981827774677087,0.923653286856862,1.2370219976345314,-0.3135281168785085
1955-11-15 12:00:00,-0.11651807958161783,0.06607597349954326,0.5465613090772353,-0.6140120637802616,-0.5014475032680284,-1.1439102091539777,0.038751151109764674
1955-12-16 00:00:00,-1.400029568474695,-1.3682717151952872,-0.4842126760059035,-0.6178529899870321,-3.062920224100104,-1.083265286284131,-1.0203927257911907
1956-01-16 00:00:00,-1.6166203594583681,0.2806405988925515,0.5897602328124406,-0.9264893572941009,-0.15843140028460798,-0.02178753070155579,-0.9441956139472286
1956-02-15 00:00:00,0.06255562567653358,-1.0563643407225642,-0.8357181006954464,-0.4738302658275093,0.10779153755521872,-0.2545260201315062,0.16991161664051488
1956-03-16 00:00:00,1.6143657634895876,-1.0690709433082712,0.33501259612008183,-0.8989528367474089,-1.1646647492928497,0.5700920781651739,1.1679473131059421
1956-04-15 12:00:00,-1.3204889076457755,0.03345322811904413,1.0352685783838065,0.4109877292811357,-1.2332055815666132,1.0100360303364402,-0.757412148028851
1956-05-16 00:00:00,-0.20206284114038622,1.9160586466600524,-0.29099791195660735,-0.5360459895592842,0.6330211667122184,-0.15885816697823305,-1.0680244792135418
1956-06-15 12:00:00,0.13442259006477691,-0.9020344568118495,-1.5932054470832644,0.7021981110541484,1.0928624359322874,-0.7735662368880619,1.451293338097861
1956-07-16 00:00:00,2.0095350520879354,-0.3004734673553281,-0.16330721106722124,0.7959866982290075,-1.3408827851846004,0.7538979520488411,1.5129584984281021
1956-08-16 00:00:00,-1.21906951789647,1.0597038273282486,-0.8064871815395167,0.4090563166616252,-0.20878424566225046,1.5429929723741025,0.35694292478164763
1956-09-15 12:00:00,-0.5388854098739287,-0.04074342042981255,0.7495846545704937,-0.2990879703194008,0.44670149140048465,0.5710163534529223,-0.9660552768045462
1956-10-16 00:00:00,0.016668445453101918,-0.49861062053495214,1.226377837222959,0.9718221602289117,1.0456507535336432,-1.491163779356087,0.4884831294414435
1956-11-15 12:00:00,-1.463127486462261,-1.2337672389499346,-0.4788330197949589,-0.9629446308552769,0.2978384598118811,0.16123508218972737,0.7641305530787662
1956-12-16 00:00:00,1.28429041354978,0.1276428071564752,0.44055833560652835,0.04305633339582215,-0.7745650364949888,0.8158813937747227,0.6442814259588309
1957-01-16 00:00:00,0.5178613239936806,1.4854666516773811,0.00868493588894459,-2.3853048695748384,-1.9007498437880692,-1.2155935579198696,-0.7332368709553704
1957-02-14 12:00:00,1.4029155837679617,-0.5018017063061379,0.30498542984361554,0.24499193563091395,1.5470829888514035,0.8234392831628463,0.40168121618606023
1957-03-16 00:00:00,-0.0680030950472936,0.4812224800622922,1.7685804560232794,0.46511518946457775,0.7469687312612375,1.5887300269315985,0.27210779365843196
1957-04-15 12:00:00,-1.1775572540255548,-0.375156940020136,-0.4406963859333319,-0.6141528577497141,-0.11489047771568675,1.1055789409595658,1.3162101855137844
1957-05-16 00:00:00,0.05876292709721695,0.3104573789356386,-0.07993648087651614,0.6557951508502898,-0.04919870287369159,0.24273743110135804,0.6371136448636191
1957-06-15 12:00:00,0.4786118077888064,-0.053102566893507515,-3.232250792866133,0.5786291755596247,-0.0796114191519966,-0.6167594439847286,-0.3391736066064455
1957-07-16 00:00:00,-0.5459133411088013,1.2057066391408386,2.7614820218536904,0.060995495613977026,-0.7535353237338552,-0.42301224445412455,-1.0251260151927615
1957-08-16 00:00:00,-0.20260294806140472,-0.9836239522286014,0.4526074862711881,0.32674846377027467,-0.11436332401603476,-1.1068808213432155,0.056401319067998626
1957-09-15 12:00:00,-0.26835011332241826,-1.8943493359013126,-0.09518193484001847,-0.6554402054380537,1.7114761981808306,-0.7744744925883552,-0.3617313293837088
1957-10-16 00:00:00,-0.5612275639378167,-0.256810748520064,1.3924333772692101,-1.1757126887989768,0.9398231184417194,-0.8601415711477164,0.053695297053553276
1957-11-15 12:00:00,0.2585511462174457,0.4708701358883662,1.7613825955412514,0.47059615666551896,0.1628812998265395,0.3909012818895765,0.5914826948353986
1957-12-16 00:00:00,0.9552174739512382,0.05617767312177069,-0.5399245050103212,-1.50512513390768,-0.25574177958951,-0.1329794242059852,-0.9402346769238842
1958-01-16 00:00:00,-1.0477850059726848,-0.6835040380021824,-0.40886364330651936,-0.23564346302551642,-0.7293946757046785,-1.9713274323919807,-0.9023287030245172
1958-02-14 12:00:00,1.8459190320188137,0.7423886609576297,0.2614828860719569,0.0249042388000107,-0.002745231552354027,-0.5420614453280542,-1.4234536786184333
1958-03-16 00:00:00,0.055358648710141706,0.7709409143380076,0.5919050137944906,0.7376711934927154,-0.027182425055570378,0.6279124253918528,-0.352016841706117
1958-04-15 12:00:00,0.3356795739209194,0.20960709639043928,-0.8686392083051495,-1.1270562024588147,-1.8108106178995242,0.18968745454436167,-1.93240649788882
1958-05-16 00:00:00,-0.8354201256516499,-0.07628659608213306,-1.3229277609141137,-1.5940668916496616,0.4224914430690307,-0.5757464586243815,0.11862170084245485
1958-06-15 12:00:00,-0.8996741414330482,0.49935241969638067,0.6202681880602391,-0.7938336463213425,-1.070359343569759,0.22952601646057796,0.3158651259179392
1958-07-16 00:00:00,-0.4832254652648011,-0.22960648363855812,1.1398727386914238,2.2470315963133336,-1.3755353877769467,-0.22548909286472904,0.2956830554008404
1958-08-16 00:00:00,0.1937393012719604,-0.21060384243106983,0.6984706785644643,0.1727982202914901,1.6298693991650237,-0.6002368061362942,0.41846724446994066
1958-09-15 12:00:00,0.2526288006249499,1.0631582744930461,1.025635607423936,1.053339687075171,0.06303698308852704,0.9373016966223302,-0.28571410697028415
1958-10-16 00:00:00,0.3770558504507042,0.3821058043869893,-1.0253777922682308,-0.8123781477996053,1.0288359588489742,0.16411179817913715,-0.35211510024492926
1958-11-15 12:00:00,-0.41884681519424705,0.4985980385682359,0.10857354756480411,0.8183664799727323,0.7723553951102607,0.5560285524168702,-0.8754840897780609
1958-12-16 00:00:00,0.395024305617419,0.9404929793071233,2.461283927082384,-0.7972985665747824,0.27334613659228174,0.7060533864042996,-0.04051001494871639
1959-01-16 00:00:00,0.7692119683881865,0.11668241848533427,-0.904626832130696,-1.4140182797943668,-0.07296948950728427,-0.5251622445588444,0.14675464693062196
1959-02-14 12:00:00,1.302554542764795,-0.28771819462311465,0.34325490075223697,-0.9125819795361063,0.3510615556554206,2.553132442096984,-1.21037735700911
1959-03-16 00:00:00,-0.5297157966557445,-0.9387260577804318,-1.3600825040526932,-0.42392332754760864,-0.7738584956679379,-0.2946896201831986,-1.3176527440201313
1959-04-15 12:00:00,0.32634394781556475,0.45925954345122166,0.9010886367843504,-0.2272528535768725,1.1388507802235615,-0.47935757601541845,0.0782156233551336
1959-05-16 00:00:00,-0.8945794789385634,1.6192615225563658,-0.09156385911460985,1.824629045725459,0.35678593670701564,-1.4273456568022764,-0.5703666298112293
1959-06-15 12:00:00,-1.1960352103310585,-0.4884540182800359,1.8448084135104619,-0.6567511718705109,0.17910583762470705,-0.10301544639072804,-0.16066592183146544
1959-07-16 00:00:00,-1.0652772353916005,-0.10272293403017409,-1.4224667764745895,-1.3421607883600497,-0.8464487684875911,-0.017071862821615918,0.0922672162453253
1959-08-16 00:00:00,-0.3595451211425405,-0.004300399127193641,-0.3400874838559296,-0.8598664853900767,0.5335187930569569,0.6268028036146424,2.881437563398701
1959-09-15 12:00:00,-0.8726276049398604,0.14035267266346635,-1.1080092446751393,-0.05188329507447099,-0.8299617421733729,-1.735661039996806,0.21001156725585843
1959-10-16 00:00:00,0.6183274007612809,-0.3527356445503084,0.34812240505250713,-0.9299825720944676,-0.18825518749660927,-0.2096285808951333,1.3133187754446178
1959-11-15 12:00:00,0.38433253056003147,1.325969924771173,0.549681184766261,-0.9808806404688067,-1.0100981549575403,0.4673769079805767,-1.087812747267588
1959-12-16 00:00:00,-1.9768011587565881,-1.3673284865768247,-0.9556672538647927,-0.5642883787056664,-0.5471697000140618,1.3340250420890232,-0.3223523913340724
1960-01-16 00:00:00,0.5391765334456052,-3.4967196130405735,0.3920818331829421,-1.3597557090914842,-0.016122334716153385,1.3107474293040045,-1.4872691728489984
1960-02-15 00:00:00,0.9222620208140089,-0.37186941087796643,-0.7010698974780049,-0.9869173656595901,-0.6451742902481858,-0.9673366749130459,-1.3689641779964559
1960-03-16 00:00:00,-0.9110031553318436,0.8606595079716098,0.5669264522493086,-0.9815243818183832,1.5411358313598633,0.027132339454356967,0.45242867281053983
1960-04-15 12:00:00,-0.5975219323386183,-2.773811468954736,1.9669985014149194,-0.010558270512531253,-0.626464526656441,-0.7876060369702367,0.13395016563433051
1960-05-16 00:00:00,-0.474679650432248,-0.11555469614288352,0.2833427778236014,1.9018785938300733,0.5551027301883009,0.2798912363076208,-0.2701732954888382
1960-06-15 12:00:00,-0.5117450958776671,0.482397405882128,-0.11781739588986448,2.0548850408352175,0.34684012495454436,-1.36171884554214,1.099105911264491
1960-07-16 00:00:00,0.45303602039394913,0.5864688874183306,0.7226238084254826,-0.14472231133801186,-0.10270695330694975,0.4627706953721959,-1.2157424697115333
1960-08-16 00:00:00,-0.4292973757435475,-1.1418190411976676,0.3662929231003132,1.5133244967919177,-0.7532967189507775,0.621188902943451,0.6557119802203267
1960-09-15 12:00:00,0.7243489915384526,0.7572876280621539,-1.2300428135830621,0.60173760892503,-0.2916133542219605,-0.9540110658923013,-0.4745207060374179
1960-10-16 00:00:00,0.20269739778891122,-0.9915176509316475,-0.10429345138892768,0.2819617708883749,-0.7595645954307704,0.01705844143406665,-0.4010144142342228
1960-11-15 12:00:00,2.355551864473371,-1.8256721205634965,-0.49710416644477456,-0.6352490567914589,1.1902842799183784,0.48774290567146755,-1.2239488757164796
1960-12-16 00:00:00,0.17474689468263432,-0.8802055379656163,1.068240308355247,-0.6050913748315111,0.9130928189832221,0.35483197252577237,-0.20582074781943271
1961-01-16 00:00:00,-0.2666692843309023,0.9161989164663142,0.328456617221467,-0.1857930551587038,-0.7738535501875672,-0.7414129852263809,-1.629916864656077
1961-02-14 12:00:00,0.32800528706533694,2.4610820180521653,-2.4991611203957427,0.684322067327139,-1.2772908574460213,0.4437015059652727,-1.7088089367087915
1961-03-16 00:00:00,-1.3842067687811028,1.293977598288731,-1.0594442918128641,-0.6451967190761038,0.3012695035001349,0.5173108702367317,0.9003715809291475
1961-04-15 12:00:00,-0.18637218148725263,-0.5067643190063069,1.0442729495671734,0.4505241953880371,-0.6689887002606376,0.503196810961811,0.648366811852696
1961-05-16 00:00:00,1.0603721823393755,-1.0767777564412524,1.2458320733856398,-0.4064202901570841,0.5649702724001687,-0.33339521537319966,-0.7520094420263379
1961-06-15 12:00:00,-0.021022251302577257,-0.5051235588705595,-1.996510073102359,0.5235863237286693,-1.7840275437584234,-1.11605996994756,0.49132614892752613
1961-07-16 00:00:00,-2.2271277591019425,0.8281771463107155,0.15601265334779232,-1.1678443128307248,0.7401866073274708,0.6330067098007889,-0.0034511050627017356
1961-08-16 00:00:00,0.4122945273031703,0.6784229208618312,1.9789104200265297,-1.8237852572084703,-1.2029777831028399,0.30409807704506775,-0.4858130268064389
1961-09-15 12:00:00,2.6491311616762707,-1.790990977266041,0.44728357534567575,1.306782693900561,-0.7346318795859554,1.0407860494667391,1.1923833293581134
1961-10-16 00:00:00,0.1928273118906415,-0.6092688322282966,0.9550950095728551,-0.11255715060493175,-2.4968818807957267,-0.22185914596649248,1.90297797281668
1961-11-15 12:00:00,0.3770145613659881,-1.6850157291347065,-0.2301949540797324,1.2395962089783323,0.6741690534795164,0.15804657590176602,-1.8439970327197615
1961-12-16 00:00:00,1.4972351598270504,-0.8376674060884393,-0.1322541950808388,0.9213486534942293,1.0396427450230976,0.6117271987709819,-0.0047999658198940795
1962-01-16 00:00:00,1.367007943282342,0.34808029983777306,-0.33458371721658897,-0.3601471425078558,0.017150936033915144,-1.1643794530956846,-0.31477900271499487
1962-02-14 12:00:00,-0.3799525668644062,-0.23587129756011876,-1.673353545579256,-1.0548287043713356,0.37579463533721535,-0.4184952668867996,-2.7278809629903025
1962-03-16 00:00:00,0.4826934829462251,-0.22798164847728514,2.7812162111414196,-0.8310163791822827,-0.07981471691796783,0.542895701824012,-0.1040184409391651
1962-04-15 12:00:00,-0.4917322537141195,-0.5274606210854896,-1.0596197057795096,0.3585375320235978,-0.14324063162680403,-0.2557285255082472,-0.4509354483239355
1962-05-16 00:00:00,0.10491012216210324,1.6028826332207853,1.4301678892998084,-1.8470017207421248,0.28057379396843274,-1.9411051039955416,0.23163140985898126
1962-06-15 12:00:00,0.6467813628306903,-0.8285393352556235,0.8730380314657511,1.0406482874566014,0.7154831266517554,0.18866957880888757,-0.06989503935942748
1962-07-16 00:00:00,0.5938957363103996,-1.079637496027016,-1.1063283570927296,-2.0260328564398273,-0.30920865662370545,-0.6146386915188806,0.16425884155601642
1962-08-16 00:00:00,0.17739758047225704,-0.36957892479378496,1.5562407096477615,0.5207558565100159,0.9821114963335497,-0.6080448489902744,-1.2957328481055133
1962-09-15 12:00:00,0.06998530620143305,-0.08978097620201478,-0.46795936874366667,-0.2003032102024234,-1.4983017972432713,-0.5604139369248272,-0.6796062327243235
1962-10-16 00:00:00,1.3394006083447085,1.1935506129165276,-1.856600969952554,-0.07642751148389369,2.358052607189698,-1.4922747736606552,-1.3733024864132317
1962-11-15 12:00:00,0.9607211976316428,-0.7526172377194001,-0.6504332343130746,0.17456323556195869,-0.06670442292430771,-0.931907680615813,1.656922061993412
1962-12-16 00:00:00,0.5203410617631411,0.9948896210945256,-0.6396861716213095,-0.4281664677796676,1.5621494402217315,1.5435389466735407,0.7497334826673979
1963-01-16 00:00:00,-0.81540522692932,0.010234617752044158,0.8040011823694441,-0.5554319563723101,-0.022551735231444176,0.24761299369677425,0.7956679836813391
1963-02-14 12:00:00,-1.1292068686127177,-0.9464608822018269,-1.8038622383129133,-1.2047202535323847,1.1393152743846162,0.17855257845416495,0.05627344521581022
1963-03-16 00:00:00,-0.30453045413885893,1.615306400205895,-0.9120847033436883,0.989009553728226,-0.3998327311808497,0.6951637163234212,0.8168578004273355
1963-04-15 12:00:00,-0.936245636180164,2.5480460860880854,0.059348831583962515,0.8178751294003502,-0.8127662789717924,-0.3396383851291099,-1.4139988426739942
1963-05-16 00:00:00,-0.14634381551284134,-1.4751475030414294,0.8229007276209206,-1.6852881027610624,2.3259873156657656,-0.3652453529754888,-0.10218930553897454
1963-06-15 12:00:00,-1.1444472995024741,-1.0713983125441426,0.5133753174825096,-0.0010686683310169504,-0.8208201525512928,-0.3723545394008531,-0.6813201248951425
1963-07-16 00:00:00,-1.1556266471085226,-2.193801125431045,0.9962584108759017,-0.8138716438064565,0.9280925988150691,-2.653103469709041,0.644763575110207
1963-08-16 00:00:00,-0.10155420032167317,0.4132401333443782,0.2043449105340559,-0.6449256031834476,-0.23750032706881088,0.14356792171559235,0.1526450728828891
1963-09-15 12:00:00,-0.18035905757139223,-1.1516025358721538,1.559605602764491,0.05349471315804667,-0.7198610868941395,1.2278490690904196,0.3716559346420836
1963-10-16 00:00:00,-1.0789929343644926,0.8767538836723483,-0.37347276707963833,-1.3538441610962328,0.4684331075111278,-0.435253912578564,-0.3276802955789624
1963-11-15 12:00:00,-0.5923864989546861,-0.11982199671392725,0.8673188445958341,-0.17613291026222086,-0.42131048528832316,-0.8528392458618864,0.5373823469114963
1963-12-16 00:00:00,0.5959148080463318,0.9875643110536602,-0.16263245725524256,-0.3961221584147824,1.5475695668221265,-0.04984475479555429,0.7344294038620011
1964-01-16 00:00:00,-0.46954896528194834,2.8508868204700515,0.4666158126239436,0.679363623293624,-1.174049328629374,-0.8293465772317954,0.3705194341784324
1964-02-15 00:00:00,-0.9411139118822849,-0.7128886739143855,1.058776472790165,0.2775141009113728,-0.1534100200968943,-0.5689900586943064,-0.8604524552280266
1964-03-16 00:00:00,0.19963198047066158,1.240768510345776,0.9096103785576065,0.38896924662005367,-0.8134043976691032,0.4324741467824259,0.23624729959940746
1964-04-15 12:00:00,-0.5658918983029874,-0.6182084370158694,-0.07106526213893471,0.6182789209682529,0.1559114729957692,0.633014246054436,-1.3005620566323153
1964-05-16 00:00:00,0.467396608862294,0.07768891774547829,-1.9181662179080905,0.35164013500788327,1.8295476872427756,0.7398014636504574,-0.05826935082685004
1964-06-15 12:00:00,-2.468701297511677,-0.15063147180874809,1.4219002520934654,1.0731396540456348,-0.5436120674594043,-1.5172160069732585,-0.9470380346317632
1964-07-16 00:00:00,1.0055036118092018,0.680369527745545,1.2690915003656011,0.004912671380433381,-0.9686940236030769,0.2761617840249586,-0.12272199561337982
1964-08-16 00:00:00,-1.208669578177859,-0.024574643211259038,0.023133798508509277,-0.41132818068245197,-2.03236682729187,0.9675939282047621,-1.9561524038193088
1964-09-15 12:00:00,-1.2120034367977,-0.9746489869608379,-0.26597126183045966,-0.4642855233773579,-1.249691127571456,-0.18817606496331302,-0.7450961102065728
1964-10-16 00:00:00,0.4885872893017619,-0.018437313611762388,-1.3884934884967617,-1.2463533332070713,1.3209215559487062,0.9085734587926063,0.39030594468669033
1964-11-15 12:00:00,0.8820259096187105,-0.14091403327719138,-0.3609338693288561,0.08151301179191765,-0.46083003695010877,-0.32795899912036897,-1.6173534971103265
1964-12-16 00:00:00,-0.4274963265034828,0.7414340898988101,-1.131757449043152,-2.178818486807233,-0.6772108789838882,1.5019973160868698,-1.0045763568054555
1965-01-16 00:00:00,1.205117189468395,0.7254716921042358,-0.45959765169056793,-0.22384981048020608,0.4760289072704317,-0.5020824018280858,0.5201471894892217
1965-02-14 12:00:00,-1.2852476097942171,0.5384821044407996,0.1591307981173315,2.839362429970974,0.8445756015957102,-0.48454540633601634,0.3435040936760392
1965-03-16 00:00:00,-0.7291462920599683,-0.5435295162502616,-0.0827028485112149,0.8323691612383987,0.8928081654441574,2.0443238937562103,-2.0111812280911057
1965-04-15 12:00:00,-0.6660657070453551,1.2985900334364322,-1.1843271850072385,-0.08096241356374502,0.5289767078635662,1.2666012622522713,-0.957713743794502
1965-05-16 00:00:00,0.03901409290183146,0.11569905537847146,-0.6864421837228459,1.1138226144432892,0.3942697223576127,-0.9276130987884917,-0.4895492112448929
1965-06-15 12:00:00,-1.3320612674225523,1.6332683767309468,-0.5561774052686609,-0.8590595153250549,-0.3343931825302451,-1.3378813858482108,-0.6840506592299356
1965-07-16 00:00:00,-1.3207110335036283,1.1412125092928473,0.5922457586316202,0.18888364001818414,1.6696105924167972,-0.22561669957363736,0.5792343409510028
1965-08-16 00:00:00,-0.14198307823559092,0.013666726733868768,-0.4563845418207468,1.4620318997083774,0.6540873422333678,-3.20364057113445,0.004681580019482143
1965-09-15 12:00:00,-0.34356219578498864,-0.2913818796197632,0.35345205044613437,0.7460019182839686,1.4740357451184591,-0.18687633857026364,0.9010431637414652
1965-10-16 00:00:00,-1.8669743776694616,-1.239856597684209,-2.9047308222217434,-1.8316735656392582,-1.5854523777485772,-0.5798961876443515,0.4922600457141754
1965-11-15 12:00:00,0.23733621279676845,0.020596193604618014,1.081234565021158,-0.8250357902198634,-0.7016398351889465,-0.6054510535183948,0.5657947776234878
1965-12-16 00:00:00,-1.1461240951178262,0.45786235230445016,-0.7679797160163865,-1.4879757597428025,0.918624612462329,-0.3071847657575021,0.9576518364619563
1966-01-16 00:00:00,2.654960120828411,0.5185508670011623,1.330194698572835,1.4648539077797074,0.7528130487668154,0.20379942155791136,-1.995299426358528
1966-02-14 12:00:00,0.9262195787288684,0.4377924080811789,2.1300454022054183,0.7283599662376655,-0.23909307503193847,-0.703523928395746,-0.31583942007854277
1966-03-16 00:00:00,-0.6301364785459379,-1.4149775804440397,0.825335666126428,-0.22838592805664795,-0.320244118346831,0.17497398505152312,-1.0526114644211324
1966-04-15 12:00:00,1.8725431476040868,-1.6369458081564157,-0.4901425290728744,0.025300708495638112,-0.9771182564137219,-1.1709968821345895,0.825815118631091
1966-05-16 00:00:00,0.038718657435301784,0.020627899171022354,-0.21995981424825467,-0.147015379916316,-0.4515646946301871,-0.3099532985193197,0.5675848769187162
1966-06-15 12:00:00,0.07988102986631941,0.4775629561628607,1.0340732441040204,-0.7856095588506524,1.8793708509180214,-0.18032806194736434,0.42789076248236346
1966-07-16 00:00:00,-0.522715556889382,0.0032682170592201326,1.1412750243882122,0.37630440085902606,-1.3426238026157091,-1.0449306749525047,-0.5182786889952833
1966-08-16 00:00:00,2.1730905782134404,-1.0776629833735687,1.4143043150371146,0.8992229281372662,-1.2486132078946832,0.557517393751798,-0.4060224611927271
1966-09-15 12:00:00,-0.33473492016990586,-0.8671103623193219,0.22469346735658377,-0.5464992066735039,-1.0420901273946455,-1.8779924658873037,-1.101543157791282
1966-10-16 00:00:00,-0.9352293032532332,-0.9863866848118188,0.9357886219795406,1.180235842820253,-1.4727142842816425,0.0638453722858835,-1.167595804263914
1966-11-15 12:00:00,0.586521822794596,0.3030135459492177,1.3523370632333365,-2.1253132196557365,0.07955649437708533,-0.40206069396699096,-0.8094818291699265
1966-12-16 00:00:00,0.8147762428718074,-1.7430795878066723,0.6275007021299052,0.00537702592497466,1.649962695271861,0.9688318160236871,0.09292201977614772
1967-01-16 00:00:00,1.5856801110259775,-0.18222970860028986,-1.4047908369482587,-2.2543544253063796,0.522355299133693,-1.1319728073364135,-1.5217480438868058
1967-02-14 12:00:00,2.2944939592408726,-0.12200032519064181,1.5620066554554108,-0.32324331636041626,0.9347720859886911,-0.4319447960547696,-0.8501629206849145
1967-03-16 00:00:00,-0.8753059498142964,0.23352947358653964,0.6127654300940416,0.903817764676646,2.1599477747346847,1.2202493453244252,-1.6843808196057473
1967-04-15 12:00:00,0.8236902117921917,-0.27384708182952466,-0.5010510976138569,-0.25373477475837347,1.4788667938476692,-1.082569246220171,-0.1504333454126234
1967-05-16 00:00:00,1.701468501116607,-1.2454562695641311,1.6695498999342353,-0.10312433566362662,0.7618532261419184,-0.8918681318804923,-1.7774266283090396
1967-06-15 12:00:00,-1.3050003204255312,-0.7314468132503812,-0.3447335993156369,-1.1423024583848134,-0.3003777623290906,0.897713743456189,-0.42453106469593255
1967-07-16 00:00:00,-0.17807880302713738,-2.2540216678262297,-2.1293530035472483,2.1168190748233924,-0.33015400148235563,-0.41313549093689084,-1.0171713700891705
1967-08-16 00:00:00,-0.023667339143822144,0.17416000241432883,-0.6280176193433029,-0.4397874527249199,0.04148768308806038,-0.025512256474739047,0.856913305838688
1967-09-15 12:00:00,0.6900470631099607,0.8759468116337699,-2.140535599313544,0.873323386593476,0.4525782741620631,-0.6308397437804029,0.5146913700217667
1967-10-16 00:00:00,-0.16638203555138592,-1.3097222681515595,0.5183431959794387,0.26734934485650785,-1.5999807211097254,-0.647825603306008,-1.4845714031190924
1967-11-15 12:00:00,1.5329405577167785,0.34545506488675337,0.17730331014902992,-0.11596935070180779,-0.18407797690486682,-0.13139432187229924,0.7066232742692051
1967-12-16 00:00:00,-0.4939643268360324,0.43808047527317423,-0.33217758705426453,0.7720798913794613,1.6536844488942417,0.652060889549924,-0.8923676765398993
1968-01-16 00:00:00,-1.1089056703943558,0.28027429101142837,0.08724938468280907,-1.6413615858687327,-1.4056532216518405,0.893271441655255,-0.532026905701285
1968-02-15 00:00:00,0.42522831977976416,0.6525451455508937,2.0250626175470448,-1.474589949594445,0.3005117343586971,1.7212701058945716,0.015564119990755864
1968-03-16 00:00:00,0.22422139822304446,-0.7009149859770631,-0.5763878851901252,0.2227950043103188,0.016548077646796562,1.0034306380711349,-1.1113349555622094
1968-04-15 12:00:00,1.322434901304946,1.5803301803321959,2.5211195573726757,0.12498416687448122,-0.27557072738211436,0.6323079266865064,-0.7280281913908686
1968-05-16 00:00:00,-0.6610279734991341,-1.5076470853310313,-2.1768438844492355,0.808252077039196,-0.7129594889085824,-0.9519735145847971,0.10404943294940905
1968-06-15 12:00:00,-0.10039733473999185,-1.4757301908132443,1.1118470205682074,0.12910717792125273,-0.36893423746348797,-1.0565119448117102,0.7118445800511501
1968-07-16 00:00:00,-1.50713631508042,0.5756104312440438,-0.7526570273963025,0.7321260635735529,0.5280747711329705,0.09697416269650255,0.08674807313162466
1968-08-16 00:00:00,-0.6531874040971113,-1.6553487338133894,-0.9211818021510509,0.8064894865596993,0.2801175141474938,0.19568139067634405,0.09299634664643291
1968-09-15 12:00:00,0.0866652579688456,1.295481348357734,0.769786643581511,-0.9417007320283661,0.5818317121491452,-0.775714014575336,-0.6112273355393376
1968-10-16 00:00:00,-0.11529491943175628,-0.1396307460330537,-0.6692378466314033,0.6319236577677968,-1.6433890466117438,-0.0945424010534442,-1.3612484579736526
1968-11-15 12:00:00,-0.20223034467677803,-0.7582401613046325,-1.2335898602387592,-0.8017503758989084,-0.3014302523862037,0.7465923864336725,0.09483499279144364
1968-12-16 00:00:00,1.690083046737746,-1.4092414923592889,-1.5341930610773504,1.0670995449086804,-0.5138036050647349,0.8823620741185321,-0.8000583506384012
1969-01-16 00:00:00,-0.2961107166346472,0.9194893734904199,-0.48973368485433094,0.6794282406642697,0.8000485160230534,-0.9359838482429282,0.5415256156137044
1969-02-14 12:00:00,0.9786021270840831,0.20680217964366632,1.2303625837958896,-1.5211550213795013,-1.5867812006869175,0.7166662952908445,1.6934419278005657
1969-03-16 00:00:00,0.21223663792557354,-0.9794599249599947,1.35343726789298,1.5379871221246526,0.022695039021893685,-0.8549506291637026,0.8909268529678759
1969-04-15 12:00:00,-1.3734458598935084,0.9909955699509531,-1.3766858926437464,-0.6598085079992517,0.3020692427025921,0.32705318611237544,0.2240665138507235
1969-05-16 00:00:00,0.1817681391427625,0.0013914221167153316,1.8344957907272326,1.239827896781121,-0.730289471468829,1.7935246773372402,-0.6114925196014361
1969-06-15 12:00:00,2.8479055012864807,0.17809082249170521,-0.1446022060616868,-1.8938804511746563,0.06558002576603345,0.05953664984928587,0.9249526421123434
1969-07-16 00:00:00,-0.2586148524356203,-1.5887856361753308,-0.15367275018252705,-0.6638337908963448,1.42693557414797,-0.2288102391209691,0.11699942882314879
1969-08-16 00:00:00,-0.2567963394510019,-0.12411940387019794,0.32887848896554955,0.7063043193901583,-0.5908244047134802,-1.891762822108539,-0.395821131085771
1969-09-15 12:00:00,1.2185577739498274,-1.0896375569838752,1.5297191822458391,0.5305554496237711,0.4138399672411007,0.30212605122485314,-1.527739843449982
1969-10-16 00:00:00,1.4700222269639824,0.12500162651395935,-0.4413180673094735,-1.0209991445376698,0.16161794785233569,-0.40967934423872193,-0.6830261938934152
1969-11-15 12:00:00,0.32509132849431993,1.106890045079149,0.3686309726195299,-0.5185750418472211,1.8755779652601159,1.3663970386520787,0.006403583684742906
1969-12-16 00:00:00,-0.7814082095373496,0.1304395311236114,1.281298985808584,-0.08323787147188512,1.0452451434044387,-1.495191604276238,0.061714499782958065
1970-01-16 00:00:00,-0.31365645747600984,0.2731199598828958,0.5485088461402431,-1.4172211732334172,0.04662703139625309,-1.4888377080846305,-0.768956328380814
1970-02-14 12:00:00,-0.23609531435934564,0.1276511070331367,0.24664001165444463,1.4159397070856534,0.19851029285904023,-0.5332985020044864,-0.5555661503765953
1970-03-16 00:00:00,1.1011474230242964,-0.5859478146885713,-0.0845312167875161,1.21191255797991,-0.8632785212552286,-0.345069521473278,0.9815613377743999
1970-04-15 12:00:00,0.8012713822971034,1.458572478813934,-0.3533071022027259,1.2834714958995108,1.2995310317839575,-0.5733477810435749,0.6860285002925558
1970-05-16 00:00:00,0.5414702462302223,-0.6149584927558097,0.21552928563086388,1.3664320772545262,-0.9886198522640073,0.12836853918293728,-2.1141317844211995
1970-06-15 12:00:00,-0.6091882132682429,0.0686069822520068,1.2147910854527009,-0.9437521977243719,0.41080095980310277,-1.6484450428368256,-0.20310029194509108
1970-07-16 00:00:00,-0.20852514130698235,0.7535266880519593,0.04672739369387937,-0.012196817737197595,-1.019018591460687,-0.7663702485292827,0.32723694879092696
1970-08-16 00:00:00,0.13108093356407532,-1.6686894547584972,1.019174038026836,0.4076056145769843,-1.2443907905489533,1.2803773569634445,0.42524185042576046
1970-09-15 12:00:00,-0.2978682622024812,0.4350812975954582,1.2519536701920784,-1.9756371913056607,0.8345319983981111,2.0790932284231367,-0.5171624860246582
1970-10-16 00:00:00,1.5418203729448976,0.7735792239006741,-0.4111961568990557,-1.5012657412822787,0.21936717958975335,2.5102915146332307,-1.1712841397247808
1970-11-15 12:00:00,0.19420911089644957,0.5791040954558934,1.136252868665434,1.4545452005181547,0.38363665802686503,0.6856118374716192,1.0386371457068155
1970-12-16 00:00:00,0.5997331657166762,-0.4966796121759257,-0.1647130695864254,2.5579629778915973,0.9907902038335274,0.4128613298780134,-0.36233344405279805
1971-01-16 00:00:00,-0.2990088225331811,0.6158698303008069,1.7218934394885892,0.9371944025132126,1.4060035160580724,1.3368873820154972,-0.6910814891667187
1971-02-14 12:00:00,-0.16978929880220017,-0.5730242185913277,0.6816324991509458,0.6819686884336801,-1.601174754896869,-0.3021117286147413,0.27003388625948654
1971-03-16 00:00:00,0.10503673182871133,-1.0017245195396614,-0.8324881767204493,-1.4390048119697239,0.4348184625903787,-1.9856257918602132,1.3872798593047055
1971-04-15 12:00:00,0.8863683999606279,0.17199382153487452,-1.7316327000410237,2.1397099106627606,0.5155756100900867,1.24979499769062,0.5300547403097355
1971-05-16 00:00:00,1.370404339070444,-0.21277257704172498,-0.819697273093098,0.14484890451729246,-0.647416246721418,0.529772450475056,0.6652296953395621
1971-06-15 12:00:00,0.3385896292133888,-1.222541972476465,1.9279406889639124,0.5256786629771978,1.6345691136991936,-0.41289467889973724,1.668630893412258
1971-07-16 00:00:00,1.9148505938433689,1.6344551569148544,0.13440043318450157,-2.0290414130309116,-2.306830779353973,-1.2310279322979298,1.7596768951743067
1971-08-16 00:00:00,-1.314372820960678,0.6216495904281653,1.7440097535579482,-0.6841386054411827,0.4687781111286969,-0.7969283551550537,2.195866893509494
1971-09-15 12:00:00,1.4522035821050643,-0.9370639384686864,-0.5408620741952183,-0.12081910800004886,-0.6065038541205908,-0.31796747706846235,1.5886790268284727
1971-10-16 00:00:00,-1.509251056211372,0.5730337346570311,-0.8615666974075159,-0.4442708777370625,-0.5379073808409096,-0.3933491925223093,0.11096148785077373
1971-11-15 12:00:00,-0.40279887607534237,0.5138765491831325,-1.5582728140826334,0.61081690745358,0.16118102797405526,1.116690653576903,1.6078035653242144
1971-12-16 00:00:00,-0.1422936593259642,1.429200089658197,-0.9545044801213091,0.9446542267380694,0.5868198422149492,-1.1874881112490565,2.1343933676022564
1972-01-16 00:00:00,0.9210565025187243,-0.08887958737977088,-1.0437050085477813,-0.7651088026152947,-0.6903148219169051,1.2907724782319059,-0.7042348249771057
1972-02-15 00:00:00,-0.4408084568686778,-0.4449352631991402,-1.7510794582693163,0.27014723466022067,1.2477971273449326,-0.1758253725934474,0.8226980059184834
1972-03-16 00:00:00,1.1141172051544612,0.14036345779866,-0.06062007429757695,0.2066816632460404,0.005935638868351586,0.502315262752237,0.01869508913735042
1972-04-15 12:00:00,-0.40455423988765327,0.5788633592497598,0.5962838208086874,0.7798652393164096,0.6262959228225047,-0.3477268335868743,-0.002186370625066998
1972-05-16 00:00:00,-0.6169178318578374,-0.560098072562573,-0.34343896819907305,0.5759913581035917,0.06461890575213929,0.0248450431911858,1.179651640258535
1972-06-15 12:00:00,1.0759543685792163,0.6734952681432868,0.6161889723694003,-0.5733214022329384,-0.43517808529565627,0.2509134550716936,-0.46533205291269736
1972-07-16 00:00:00,-0.3390734426870263,0.28737405183961245,-1.7205059610997853,-1.2566276994628593,-0.559876570784367,1.5475820016801975,-0.5072096229793475
1972-08-16 00:00:00,-1.6348865242014916,0.8370920531638761,-0.13917613417826424,0.12381681168301983,-0.7039773186126884,1.3533824100408371,-0.32944388219242315
1972-09-15 12:00:00,-0.16274684714015272,-0.30240707492023844,-0.9079725171840434,-0.42217545454093525,-0.16199787134115526,-0.5406959119893974,-0.3496740331812548
1972-10-16 00:00:00,-0.6276996974918336,-0.4185516415494696,-0.5296673692148641,-0.765056722906719,0.5316156653966271,-0.1095956692508267,-0.48008862231001437
1972-11-15 12:00:00,-1.0536464025033314,-1.0100452522311882,-0.5546010309107873,1.1969203998810523,0.3456035036962063,-0.0019566120950727864,-0.03832503228985792
1972-12-16 00:00:00,0.4793362537649955,0.5150345928918539,-0.4324383369451891,0.8736336783706391,1.4069677675189545,0.29216724439886815,0.5711014346969202
1973-01-16 00:00:00,-0.2618566788113248,0.43488719749888016,-0.2107236950249865,3.0689003859649113,-0.5003925576911995,1.3364544247662409,-0.08588200698868712
1973-02-14 12:00:00,-1.0294242382939407,0.16458189952272922,1.9562733183274341,0.5426284025608505,0.7107651776765623,0.35277037975614495,0.3594804297633221
1973-03-16 00:00:00,0.04823122074743687,-0.9457696479319851,0.417337759028738,0.26245189339908365,-0.2976608921854569,-0.05289058816307822,1.0614022703271073
1973-04-15 12:00:00,1.0115795680310122,-0.6535056325310369,0.5078690343348119,-2.4365826860003508,1.2422636036698622,-0.6674971085801678,-0.014828275552066658
1973-05-16 00:00:00,-0.5728907095666772,0.9061237451082682,-0.43483787397491264,-0.026481404939089154,-0.9517114485566825,1.4318744521039373,-1.3538833842892337
1973-06-15 12:00:00,1.7313559934415426,1.3176810840908568,-0.6979792612427833,0.1549900637425345,-0.7658110470717386,-0.39144474711190247,-1.4925965203795357
1973-07-16 00:00:00,-1.2994300654328084,-0.8367204432631248,0.19026521768664564,-0.2133566034524749,-0.13106907610523463,-0.5875811804798707,1.0266255487412954
1973-08-16 00:00:00,0.26377893366838534,-0.06492022631785052,-0.9129320274180288,0.4009228517702825,-0.9567080217031518,-1.346288895269073,0.7958169537615006
1973-09-15 12:00:00,-0.14210712775184647,-1.741376294707239,0.16972385471484464,0.8302548217722192,-1.075418843129196,-0.5523590454793975,0.6140119281159663
1973-10-16 00:00:00,-0.39304995556350447,-0.35720267054170024,-0.23349306539754316,0.30994509231234346,1.3676113763195779,1.032470353533066,0.11952244267142348
1973-11-15 12:00:00,0.14375077828742017,2.0167348982693185,1.3245906027195982,0.8609594399602767,2.015551988984452,0.13032808955213396,-1.5925663911363284
1973-12-16 00:00:00,-1.876866221266541,0.42434356773646187,-0.28218093892519214,0.41391728251489657,0.8177171842717597,-0.3869111314862359,-1.3806023588289749
1974-01-16 00:00:00,-1.7245999798995768,0.15006023417699688,-1.1631238969309736,1.3514788126712216,-1.0561863122902277,0.09577607291384083,0.09240468827269024
1974-02-14 12:00:00,-1.0941490895751247,-0.9933504521250698,0.7571603211286639,0.4701513720672915,-0.635309796320695,-0.5893403239287037,0.9584690591258076
1974-03-16 00:00:00,-0.950923524115213,-0.29916945986926324,-0.5444586543154745,-0.6889074533952358,0.4323752775728814,0.548374598955421,-0.972930441490137
1974-04-15 12:00:00,-1.3853390461677468,0.29980477177472065,0.5029669997729848,0.15005278975913305,0.07151462082015149,1.0551224805836341,0.5879850672186553
1974-05-16 00:00:00,-0.521753600984134,-0.811234980515719,-0.11278363850697731,0.49566586630971454,-0.42320429342669524,-0.3485084601911538,-0.6477492632497815
1974-06-15 12:00:00,-1.582540462384276,0.5996680131240572,-0.3515633475106467,-0.544635573263079,0.007346022033391391,0.4126167782903842,0.8474408842698011
1974-07-16 00:00:00,-0.30074030257950435,-1.7462071679598747,-1.5324388670615727,0.34593942639757963,0.32931557785078713,-0.38191273336702625,-1.8107950701681848
1974-08-16 00:00:00,1.2657506569841752,0.09222774971362108,0.73537761772725,0.33283814094239306,0.8544797120258129,-0.9214880437779289,-0.42325230696157035
1974-09-15 12:00:00,-0.944585321311558,0.2572369955655518,-0.47863363473404524,0.6352692424527135,-0.10332551709189558,-0.009833982683664456,0.31401491844461216
1974-10-16 00:00:00,-0.05409398437738343,-0.757135697052619,-1.2020235160246926,0.32555064089666674,-1.5871997388299046,-0.04599243967000577,-0.23349164895012064
1974-11-15 12:00:00,-1.792865910927445,-0.07612859742124364,-1.512646934167743,0.07861169492019664,0.56547222192785,1.0751216993465575,-0.015273604449351962
1974-12-16 00:00:00,1.4885526413474073,-0.3628256884504121,-0.19381273054149553,-1.3034974598041844,-0.5888263859523198,1.18119115830619,1.3255210862664284
1975-01-16 00:00:00,0.5012436516596235,-0.761197302310756,0.27941358169138497,0.07457145279284048,-0.5380769538851986,0.14087403007139704,-0.14407979529488668
1975-02-14 12:00:00,0.24894351402632822,-0.23284643457917242,-0.3296937372739048,1.6048454045091458,0.653089219442907,-0.35983117566966016,1.0847388079253777
1975-03-16 00:00:00,-0.9780828972114944,-0.22946670145650144,1.5985156019652906,1.2405943409017435,-0.20911846658219213,-0.5319446856947502,1.3874385954515678
1975-04-15 12:00:00,1.2311233388619567,0.4601275524452365,-0.2501402585485087,1.8159660020457034,-1.113649817786224,-0.2952730641452917,-0.2600744031347819
1975-05-16 00:00:00,-0.7482645754012046,0.39328262308461437,1.495227627241781,-1.8720967564076745,-0.8202449192504772,-0.7597914461516837,-1.0889007565303146
1975-06-15 12:00:00,0.3304927702234187,1.9679751437047615,2.269451841370677,-0.8466883973141568,-0.5294661212774636,-0.34742313675499215,-0.8931707812922784
1975-07-16 00:00:00,-1.098374305731035,1.2422012197077474,-0.5685698523549141,-0.6589717963900578,-0.6140493173852469,0.0144383186774718,-1.652988584155626
1975-08-16 00:00:00,-0.4089257087844755,1.538259458956482,0.050160396688928875,0.6576521931618403,-0.11317941230168369,0.20848236965422046,-0.7604545986384296
1975-09-15 12:00:00,1.2484961121717546,0.2250683372522027,0.5171928174595104,0.04986820222910441,-0.8801700264009683,0.2727103382223983,0.5304275907743348
1975-10-16 00:00:00,-1.4461289515491953,0.6594580567182174,1.4393057413473334,-1.1945638236495695,1.4340449789994463,-1.2210308481425516,0.5278678284723453
1975-11-15 12:00:00,0.10993958655140608,-1.6168816525506762,-0.03706946761071587,-1.5171121570265242,-0.5236953660040943,-0.46088413238489456,1.0199828149759413
1975-12-16 00:00:00,-1.3758936882261712,-1.1149440139268094,0.7707294777563659,0.12327093602307179,0.09481090435993687,-0.5626792057204274,-0.5952711065392998
1976-01-16 00:00:00,-2.0104818910485487,0.08653574232958354,0.1326766062536033,0.6475599610721334,-0.0007418197572481996,-1.1797018810925044,-0.2049587669851842
1976-02-15 00:00:00,1.6596690406080963,0.4462189034546373,-0.31321760535616305,0.17310860074276152,-1.5611930548122588,-1.5379292635041337,1.986020114924858
1976-03-16 00:00:00,-1.3912219383881304,-0.0779278344355788,-1.4536130938554184,-0.8677138397654016,0.9090948418239116,-0.035702095447078315,0.8554227862860815
1976-04-15 12:00:00,1.501039642937088,0.638600144885712,-1.437083969985618,-1.5464066267898182,1.8969501513772424,0.22901441158270436,0.9372858352240463
1976-05-16 00:00:00,0.12624477026592423,-0.17856932123656027,0.6855008454624929,-1.3666024091104039,-0.003512075848836143,-2.404690264926845,0.30334804253965564
1976-06-15 12:00:00,-0.786369025980961,-1.9466458816636962,0.1674194200588979,0.47479580864294607,-2.7292688973420955,-0.9598462422145972,0.35594513799553196
1976-07-16 00:00:00,0.16129629749181554,0.013761589061172474,-0.7361061238640754,0.762560542690605,-0.6263189230183079,-1.2188976086733925,0.20465410647350135
1976-08-16 00:00:00,0.8635498995604317,0.03301435175448721,-0.6419290669797314,1.2611289801768515,0.18429697567277897,-0.9959848940367583,-0.746740294586537
1976-09-15 12:00:00,2.1057651036918554,-1.7232703244748875,-2.262159016265403,1.2247755025873093,0.15363970671744023,0.40017365706134794,0.23777525753461445
1976-10-16 00:00:00,-0.3384003655513286,0.935130375494324,-0.5018566838805851,-0.16951622051993068,1.1464780401158332,0.5393651973431951,3.348167674478451
1976-11-15 12:00:00,-0.1900861289043461,-0.7266659069748753,0.2631774469053804,0.5732615318096299,0.7267014072070672,-0.10242959789282419,-0.06013148092891998
1976-12-16 00:00:00,0.296654622952567,3.146439693755219,-1.7141721874979856,-0.35848597564225604,-0.5493109160419861,-0.265314548985618,0.4313378656082152
1977-01-16 00:00:00,2.2976823465258813,-0.6764342150012159,-0.10656771767146483,1.347871465339274,0.9373197880974471,0.031768248488853394,0.6239871912708549
1977-02-14 12:00:00,-1.105978452314511,0.3398253647526799,0.1626191349724774,0.2905549511899253,-0.5580764721491431,0.4004901893008288,0.0066604811286948215
1977-03-16 00:00:00,0.6218526018656995,1.1696109213520915,-1.2814217274610742,0.48866043322503533,-0.49467083945984625,1.2843136966330087,-0.17567279408561742
1977-04-15 12:00:00,1.5730729819828613,0.0077940559234716544,-0.9161831296576818,0.8848123194543545,0.37140568942161917,1.7207632099107437,-1.483707166049606
1977-05-16 00:00:00,-0.7571024840994223,-0.9880913889706405,0.3984069049586338,1.2188919692285392,1.046767155893883,-1.8238587582017596,-0.5151113787165346
1977-06-15 12:00:00,0.9391070691941318,1.3264391286204062,-0.5212475982894456,-0.3430587684998678,1.4230342878290188,1.9627994241321818,0.2807496008513429
1977-07-16 00:00:00,-0.8428440909873642,-0.12959748981137625,0.9447131570716725,0.4350439714093824,-1.7062717241086252,-1.4589304430346497,0.0236476615734578
1977-08-16 00:00:00,-0.8338340457827983,0.6250823482151411,-0.6580572138558465,-0.38502821168490725,0.4378313525870849,-1.2567381405725004,1.0099070576084817
1977-09-15 12:00:00,0.43118750564541714,-1.2585547882307029,-0.40644948882717113,-0.783190470071431,-0.7436206068522606,-0.377629728661455,0.955339201409378
1977-10-16 00:00:00,1.9729406929302817,-0.11868094698589529,-1.1276417839467963,0.29981631682352944,-0.1032682764646328,1.6900651775539788,0.28244362067317347
1977-11-15 12:00:00,-0.4898505880126698,-0.5194781804833756,-0.32632123574843225,-0.4539773456598091,-0.5442084725628324,0.32623821810348125,-2.0031166133835216
1977-12-16 00:00:00,-1.1896687401201362,-0.0855232185242811,0.7918288598535933,-1.1501220494650888,-1.9064279124451324,0.1327700877378446,1.2751131637058277
1978-01-16 00:00:00,0.2863445539589425,-0.3643416047611007,2.066737647179874,0.12416107395554404,-0.7286568413425346,0.7465768909143232,-0.9059790093573588
1978-02-14 12:00:00,0.519376873618835,-1.7065563574461031,0.5459665056141767,-0.6132745621360592,-0.7819918868470721,1.8898847434073678,-0.22047343772779177
1978-03-16 00:00:00,0.8374649028118444,-0.19537644195532095,-0.7272337161396162,-0.8859296537704898,-1.1919707118671385,-0.6829067877371174,1.8898768651670683
1978-04-15 12:00:00,1.6832227114787284,-0.10378325556338419,0.009445064553926574,-2.558778895998661,-1.5959623166075012,-1.8082322919487746,1.306155335341548
1978-05-16 00:00:00,-0.2542221534575086,0.30387944422493274,-7.07037355433815e-07,0.39121580110586934,1.6177248584258364,-0.9589694342050777,0.052095203105091206
1978-06-15 12:00:00,-0.537687081336311,-1.2886277325618483,-0.4340368326659917,-0.3874802127313493,0.8981427526734838,1.1671342784626282,0.7357477548373497
1978-07-16 00:00:00,2.305382073031006,-0.1609378238074955,0.30335577741291375,-1.8201057860435963,-0.01784737629405474,1.26379430005696,-0.6254781996808442
1978-08-16 00:00:00,0.08669366556509583,1.017679255337228,0.3006698648695552,0.19607370768036747,0.5508171212003192,-0.7814240191571074,-0.22209386627940486
1978-09-15 12:00:00,-0.9808613248899077,-0.276249423733069,1.5442864378887917,0.7448314861779827,-0.27706461904260804,-0.9513949789970432,1.0291944036518168
1978-10-16 00:00:00,0.03472682192896852,-0.06473002059399588,1.1061636154751109,-0.3664310617389372,0.2879432206943482,-0.4462933536720599,0.050651382699968314
1978-11-15 12:00:00,-0.4255132412976585,1.4067466487195561,-1.1118320094235845,0.3678443249342514,0.9814444566812177,-1.4460955209031858,-0.016422907528246225
1978-12-16 00:00:00,-0.6286738406897538,-0.8935954128041125,-1.6999871505816424,-0.39012994418980124,0.7841878342767363,1.2552568657926173,1.5615779088241168
1979-01-16 00:00:00,0.13840943095859587,-0.861634483933235,0.9794954935022775,-1.977396804177007,0.153328860704671,-0.0484813672010371,-1.2909020591215894
1979-02-14 12:00:00,-0.7572307620450478,1.222172918039881,1.0642324450103895,-0.9855911633431415,-0.5161208584235344,-1.27817445058556,-1.5415525395739473
1979-03-16 00:00:00,0.8236395809521718,2.6767621663478134,0.7941128143782754,0.6470834025973561,-0.5732130734705798,0.3098247453230895,0.23465285443188022
1979-04-15 12:00:00,1.786585603770027,-0.6730638040917082,-0.4016752730685199,-2.2292310424849067,0.1671390109884304,-0.6400163639914243,0.67206248547871
1979-05-16 00:00:00,0.672150415594024,-0.15292112403471653,1.2769201477307863,1.090467908906705,1.1635573185131853,0.1102033144683413,-0.4222554338844823
1979-06-15 12:00:00,0.5486365340718515,0.21578241776046764,0.5317690522919046,0.5892911306808616,0.8845166304686858,-0.5131857076734948,1.1997307655010767
1979-07-16 00:00:00,-0.5411264732659486,-1.603971894781017,0.4087356513474403,0.9361082947877284,0.2637592774564102,-0.17408606010323097,0.4630528197444557
1979-08-16 00:00:00,-1.4204268559527409,0.1960308977388202,-2.24810127959048,-0.7776873356583516,-0.8549235218153951,-0.5333817356441287,0.03643995307770853
1979-09-15 12:00:00,-1.1894499077069995,-0.24995714830541949,0.0680273470877181,-0.23401271413915942,0.3618075963161401,0.20303863261729221,-0.14816343742749813
1979-10-16 00:00:00,0.9356611445532463,1.6283555101437919,0.3991988983232676,-1.9345554204921251,0.6447095987874213,-0.3398324547838349,0.35233203820897846
1979-11-15 12:00:00,-2.554729398827862,-0.52341060539727,0.504334348054116,-0.4474740044082797,0.4556319673304389,-0.3087957605156984,-0.06267082775754843
1979-12-16 00:00:00,-1.6555495156647189,0.6458927378824997,0.28110946881655496,-0.5496793099303995,-0.6653317605600061,1.7454151846721,-1.7995677911357042
1980-01-16 00:00:00,-1.1101661519524528,1.5132501646808278,1.3042684144178296,1.4338063365062608,-0.35992248501477625,1.3743111149737648,-0.5445794028670318
1980-02-15 00:00:00,-0.11993674208192745,0.06914783547538009,1.0314848064758413,0.47241793235757396,-1.3835477254314863,-0.1112505608960731,2.022482127607533
1980-03-16 00:00:00,-0.2755503528859751,-1.4926182923181954,2.050243146886648,0.795049462279114,0.7594735250997872,-1.8076451427670626,-0.5837136670722889
1980-04-15 12:00:00,-2.317267116315754,-0.2967334916964757,1.02497834264673,-1.1908526845301033,0.0029804992736169357,0.20686305889481071,1.450778721088703
1980-05-16 00:00:00,0.5214001537654781,-0.4525617579494007,0.17457492069557334,-0.5998857431878101,0.9048866401136234,-0.17705499839763983,-0.6800586707547942
1980-06-15 12:00:00,0.895449620033164,-0.2990068881503013,0.4310885496761613,-0.5950172389818174,0.6541865122602294,-0.5637061598020993,0.49261694282408136
1980-07-16 00:00:00,-0.5621662183889325,-1.6250606730540476,0.826552167115637,-1.4628431572501868,0.23474965572612178,-0.6667864807817045,0.35072914000006056
1980-08-16 00:00:00,0.9010080537699777,0.3962371157795323,0.29562013005719945,0.9466192088096311,0.6975554319035574,0.11409510086144115,-2.0279659302078765
1980-09-15 12:00:00,0.36378677107019813,-0.675691572019018,1.7846253527775544,-0.7205480846416468,0.3435663166051917,0.07561537864957812,0.19979630279791522
1980-10-16 00:00:00,1.0317668146718024,-0.30829545422565363,2.3926887232202176,-0.29151668990008855,-0.7775983123712591,-0.23712096447740225,-0.426018407881443
1980-11-15 12:00:00,-1.1020886561945638,0.194789139188708,0.4566666397426121,-1.2330188860327285,0.6712711912127914,0.6761802459277827,0.878451134976497
1980-12-16 00:00:00,-0.4800216268545742,-0.2155589348467658,-0.31710188637986236,-0.8678404339991477,-0.195175140145313,-0.2077186332218546,0.06416597395408552
1981-01-16 00:00:00,-1.3172628348413014,-1.4286522027300923,-1.97942016771783,-0.6676957949592548,0.852331529414237,-1.2636459045853583,-0.6620857955475139
1981-02-14 12:00:00,0.6043202410728422,0.46745536730814646,0.6460136015598417,0.5457866410237382,-0.4893439270592238,0.35302636053933295,-0.27802151750633725
1981-03-16 00:00:00,-0.8442228432814157,-0.9072540811473151,0.3194806988358312,-0.3492006776370421,1.523875333788906,0.03490214990162941,-1.131811804443038
1981-04-15 12:00:00,2.213160333808373,-0.48479696297640784,1.4157787491673666,2.1762007731727,1.2620365198155965,1.3498228484606984,0.923411440349109
1981-05-16 00:00:00,-1.1356525275111735,-0.9568317495756522,-0.2897825209530019,0.09595569187142755,0.9082023128503645,0.5002542788387555,0.5452100078898525
1981-06-15 12:00:00,0.28330756566930837,-1.0121078103840735,-1.1389387134252056,0.3606835081717122,0.4892733727133831,1.2275575314119758,-0.1451437597107684
1981-07-16 00:00:00,-0.057365456756488825,-1.1729654404669978,1.3339969988829379,-0.5356803266603728,0.04060229120161711,-0.4080814376993949,-0.9356775668009314
1981-08-16 00:00:00,0.6863584159518265,1.1615171438447898,0.7092293514419443,0.65530627348704,-0.5426911763021618,0.2398790119235168,1.8264780751669598
1981-09-15 12:00:00,0.5714031562607559,1.5124919764555893,1.1910679850385433,-0.8082399452664925,0.23152527160591035,-0.298884359445351,-2.226661776751165
1981-10-16 00:00:00,-0.9543341643162246,1.5489198537235858,0.9677530353015185,0.7456962772191904,-2.327275952323934,-0.5408958038882364,-0.059599368830567594
1981-11-15 12:00:00,-0.2451494572278226,-0.02780578563759516,1.79245143991339,-0.1538440771496963,0.6392831632558288,1.9134950603021548,1.817825804411466
1981-12-16 00:00:00,0.4566823535025083,0.5825339816752444,0.15185579412173653,0.6489613315383557,-1.7015741872143673,-0.2712051678902845,0.6000146755381014
1982-01-16 00:00:00,-0.16195891320099873,0.3210818874889557,-0.0899041235148631,0.1416342383835528,-0.5650345064760735,1.0343063516406712,0.48494462504023883
1982-02-14 12:00:00,-0.871269337885591,0.43229991597732387,-0.23069736713452121,0.3001919142754597,0.2786253234962081,-0.8306928262902772,-0.3079609655844632
1982-03-16 00:00:00,0.8426204700694291,-1.2655278007848505,-1.1438837962328579,-0.7879151538244502,0.5061037070251315,-1.491684822308179,-1.5472005019552622
1982-04-15 12:00:00,0.9681285035154742,-0.7715274486736476,-0.38639169649703226,-0.06991987024247501,-0.6932313368247413,-0.86921065940918,0.05947637789293771
1982-05-16 00:00:00,-0.35254928836302285,0.5781081314991179,0.5001264192206784,-2.0261762189287844,-0.12836128951707526,0.7615590274687272,-0.5613013740250814
1982-06-15 12:00:00,-0.9695411990513442,-0.556350807143558,0.2041032510775377,0.6064284966135851,-2.8907324910868337,-0.6124047413051307,-0.04037653690329907
1982-07-16 00:00:00,0.07287244815518372,0.3515103478036036,-0.9791421065551739,1.7805224534081918,0.5730092541678823,-0.8992790426693913,-0.26826958800203604
1982-08-16 00:00:00,1.0213518388072151,0.4934443785681809,0.0974817877065464,0.1861734789526988,0.7474786864223074,-1.2297879700621814,0.1445625149171651
1982-09-15 12:00:00,-0.486111299244763,-0.3554233085442502,-0.6961596883810707,1.064796524270191,0.3677653446263687,0.006576290382321576,0.03964430047595395
1982-10-16 00:00:00,-0.08880809160108269,0.18012324554462988,-1.2220436907235708,-0.5136580813146286,-0.1360557941641597,-1.8390997441335788,-0.7647636684545561
1982-11-15 12:00:00,1.4797423345618004,1.132835485697454,-0.5731301390899863,-1.3363623535104148,-0.6484279925685178,0.6816580725788972,0.24396323442747367
1982-12-16 00:00:00,-0.8088879233264659,-0.9685043102232317,0.7108158924851348,0.37408658584620497,0.25072515099627174,1.9906516553408546,-0.62419537436065
1983-01-16 00:00:00,-0.06630442932271825,0.2350178686767453,0.24468962754773074,-0.7383725055606334,0.8387893091854419,-0.09936449449491436,-0.7870709129514921
1983-02-14 12:00:00,-0.2636031676106775,-0.6033500147327795,-1.848990217206578,-0.7895800679409223,1.4076113937071901,0.47229552075403397,1.014125293553157
1983-03-16 00:00:00,0.4433169964275965,1.2719228400181428,1.2904419040362771,1.1762903206109225,0.01981944409806808,-0.5950640775201106,-0.655225961507288
1983-04-15 12:00:00,-0.7763947770172618,-0.9788253565857885,0.010157989180290213,-0.6915044018712492,-0.9797326368800142,-0.8350046212982158,0.038334506358148134
1983-05-16 00:00:00,0.8725160778181592,-0.14683971120813924,-0.2846361606543999,0.31633488759011774,-0.12418101254718364,0.8640440635037708,-0.5783956599763839
1983-06-15 12:00:00,-0.584104798017925,1.299934443277539,2.112780461759558,-0.1970175318177468,1.1826691581960027,0.8491980651996783,-0.9701832995230646
1983-07-16 00:00:00,-1.5128587545315417,1.8479054527935719,-0.3936020110058665,0.495961772103369,-1.7856626865257201,0.25983966295863264,-0.18566722723503779
1983-08-16 00:00:00,0.31160954468456775,0.7748179309321603,-0.25871326397869177,0.725689777797733,0.5737418680795162,-1.4206328703594038,-0.7875288472109755
1983-09-15 12:00:00,0.6821740574910398,0.3416509993787981,0.11752227432442336,-0.010542938278148206,-0.45785333316701327,-0.16660195108610842,0.4818185759365171
1983-10-16 00:00:00,1.9080678034819383,-1.0423783872256767,1.281253161865604,-1.8798906244085232,-0.33893015918553293,1.1814912615713447,1.7241135271896797
1983-11-15 12:00:00,-0.7575069470516146,0.3578825096403554,-1.6881111481556643,1.4171679409636202,-1.1808794100853084,-0.24771467718758441,-0.13645922180933476
1983-12-16 00:00:00,0.8273434144984925,0.8121145858340065,1.7678601007378105,0.32390290685384165,-1.2091291358780707,-0.21057571427207974,-1.3401213422301888
1984-01-16 00:00:00,0.030610200902631803,-0.4464432158672082,-2.726195594181881,0.181314405196047,-0.9506976893416923,1.2813442426287438,1.1840739644628515
1984-02-15 00:00:00,-2.1124504531703128,0.5951157337623727,-0.3665398656494938,0.5050530513936803,-0.4210230374813732,0.010204999116608805,-1.0546755849597687
1984-03-16 00:00:00,-0.11623881466017337,-0.0571913414698737,-1.4655776255318225,0.8764275080275343,1.0203550802276748,1.60078340722585,-0.34144504301075945
1984-04-15 12:00:00,-0.9036002392683034,-0.03424189891753263,-0.8561793041159752,-0.24442639271783706,-1.5512283126484003,-0.8231926423192293,-0.36940003687018164
1984-05-16 00:00:00,0.7964452750209418,0.2996887839936615,-0.5419041078823487,0.2786268644782046,1.9479389096597026,0.18020175238599953,0.5725871281544017
1984-06-15 12:00:00,0.9354660725327074,0.265737548273622,0.2514975001260849,1.3366783251198493,-0.9693020343228875,-1.378790040660026,-0.5015247904459498
1984-07-16 00:00:00,-1.590926765974305,-0.5121071316343077,1.2603146075417793,1.2096776873328257,-0.46412572252789863,-1.9859258707372025,1.7193602024750518
1984-08-16 00:00:00,0.9756205290358408,-1.6017005928470425,0.1976500083791945,-0.5001527448824307,0.7248684003427055,-0.6189756494882226,-0.5951761917149758
1984-09-15 12:00:00,-0.04330666253134188,1.9781363793865134,-0.14352379784514643,1.4540238956275715,1.5938048361706219,-0.2403473512594449,0.9974366887874869
1984-10-16 00:00:00,0.01700314468372539,-0.020548746663822906,-0.8438655380604346,-0.04361037200886265,0.04880429946221751,1.2073610283986917,0.7397645194766266
1984-11-15 12:00:00,-0.21151566201388058,-0.7344986224015978,-0.04592079916335839,1.036933445693102,-0.515704647198514,1.7080695142154187,-0.6359143489842868
1984-12-16 00:00:00,0.43755617168537914,-0.4906789119876263,-0.6125462407837268,-0.13718756302345395,0.8780988560931164,1.9972384563245562,-0.04483290043943585
1985-01-16 00:00:00,-1.1757475919559748,1.5266398082599446,-1.6352853024045666,-0.09245289623353144,-1.2285693107241893,-0.8813715318768452,-0.4827443576786655
1985-02-14 12:00:00,-0.8798520189197261,-0.9168463902265285,-0.24169784087348212,-0.07040059511226897,-0.9414365483473045,0.06830234339674712,-0.40343357896309173
1985-03-16 00:00:00,-1.7418220226559806,1.4618970609680537,-0.6637035773703095,1.634594946077767,0.9029777220379372,-0.058563983732704425,0.4709916111089187
1985-04-15 12:00:00,-0.3172907270167815,-0.10180692980736156,0.782063275929812,1.1768410779949903,-0.02992036053415934,0.005537679776053232,0.7206976892304712
1985-05-16 00:00:00,0.8672433881913346,0.0829825044723982,0.6596681392494516,0.8912110991585577,0.10081923718998342,-2.2989233929280957,-0.5425879633084398
1985-06-15 12:00:00,-0.5539326063757063,-0.7521949071485037,-0.33798931883147953,-0.933540406209377,1.0963045687419435,0.45360607768382877,1.8405360259794672
1985-07-16 00:00:00,-0.38634736512211976,-0.36443606866639844,-0.13946835864442828,0.09110170144125174,-0.2940020868690834,-0.7458792666358103,1.437650583012649
1985-08-16 00:00:00,0.09731568861406542,-0.20392426034040573,0.5585386462175519,0.09155739984180634,-0.5149547676832262,0.8000916177781237,0.6009067227788183
1985-09-15 12:00:00,1.6866528666738498,0.8902172582562234,-0.38132481030311394,-0.8668097384079984,1.6987565273677216,1.057464543952021,-1.6941987498137507
1985-10-16 00:00:00,-0.17722852125945845,0.6255548158626404,-1.1457372828880958,0.5787270359166055,1.2379557667257144,0.3719716420610278,-0.174571500000179
1985-11-15 12:00:00,-1.2318995973973992,-0.256449517779724,0.6196081409703504,-0.045480706229331265,-1.9459604591074289,-1.9056891651951668,-0.5961533028967355
1985-12-16 00:00:00,0.9694287777761565,0.30137961867558344,0.11546050026494933,1.5341741478353785,-1.4164121205080897,1.2324269012376907,-1.4183518536620934
1986-01-16 00:00:00,0.2320626165760151,-0.17959721121303207,-0.16785631225296577,-0.12549673617767962,0.12158958918626382,-0.010521732795477641,2.0967640061202095
1986-02-14 12:00:00,-1.0341218191280164,-0.35607434061053017,0.6164647790832863,1.7980864639925385,0.672722774511383,-1.0740454704709979,0.9040066019711362
1986-03-16 00:00:00,0.3884600344229632,-1.5288016244194131,0.30332277346309583,0.1399972423455736,-1.0601156334843325,0.040729596998681054,-0.8918615756851562
1986-04-15 12:00:00,-1.9827724806033808,2.115934115803661,-0.7469226692873381,1.080113411874819,0.07871976127416898,0.8905369032406173,-0.5860206592245603
1986-05-16 00:00:00,0.07351956346821875,-0.7974591685228468,1.108844946046454,0.6282736509531286,0.05804898839268948,-0.5900804281950233,0.7082249434152401
1986-06-15 12:00:00,1.3257298649416782,0.5413921719942463,-0.8844015273361323,-1.4726489475533244,-0.3714568376885236,-1.6127092519171167,0.8659447649203446
1986-07-16 00:00:00,-0.1517553809661863,-1.1286239079342058,-0.7883478542302207,1.9412376188290041,-1.2531962782604198,1.7492700393291243,-0.5779118574333285
1986-08-16 00:00:00,0.19190057516961614,0.2411112735351595,0.45141862626056556,-1.7424985251366072,-0.5436375627152271,-0.6634845448034927,-1.085069736496091
1986-09-15 12:00:00,1.1152516273073372,-1.4983687575779483,-0.7180226960774309,-0.33999902995785597,0.5691384603552186,-0.07910525467679458,-1.1906504940036957
1986-10-16 00:00:00,0.200067740750948,1.0100252625951291,-0.22167965687417096,-0.5291086818628544,-0.25264377368740093,-1.202158762446884,-1.3534964751876724
1986-11-15 12:00:00,-1.6698811456114535,-0.5814464815324343,0.36446739306564074,-1.3883065355191644,0.16518067707409767,-0.09470838079345976,-0.7995244212019641
1986-12-16 00:00:00,-0.17078985603401342,1.317818697230184,-0.5218481730436592,0.022791308281341682,0.09718261702272053,-0.3361336307854102,-0.6051395112972979
1987-01-16 00:00:00,0.3128134622491703,0.8496524102608676,-1.8978208060846073,-1.9882590014269292,-0.03506675528605308,0.16181827390356043,1.1263732838813005
1987-02-14 12:00:00,0.7944032643039048,0.1821318849075051,0.7194137543648088,2.029719474699998,-1.3505569278313656,1.246927275463692,-0.7303563774625437
1987-03-16 00:00:00,-0.8585820422399615,0.0078243218694476,-0.22811171679372022,-0.8673543034322958,0.06743481226135939,0.5660727882241858,0.11327205005180163
1987-04-15 12:00:00,0.03776424353993381,-0.9111445200433709,1.1460601113763496,0.24172686019402365,1.6499218631851258,1.2564415506186923,0.3850568898833134
1987-05-16 00:00:00,-0.4633436778896524,1.453086320664534,-2.004553264877727,0.8308591742893766,0.3706081309365884,-0.26427059163749433,0.9608251605124067
1987-06-15 12:00:00,1.6340204921284776,1.4318262617024675,-0.8484943499700368,-0.10027203144727465,0.8816012640992943,-0.6841674777909741,-0.33980622698142837
1987-07-16 00:00:00,-0.08057532818279514,-0.005374626867412493,-0.6486063017320857,0.1380458542833072,-0.942027488652398,-0.25470870876345936,1.2408248154109527
1987-08-16 00:00:00,-0.6405508918187728,0.8973663436730624,-1.254928753743375,-0.15625016164754904,0.6267662279421071,0.28186641838959037,0.8223591128082272
1987-09-15 12:00:00,-0.11455008621074675,0.7436352056898994,1.6851266862538612,-0.7351248540358776,0.9972841166168979,1.2829921964759783,-1.1654520758618891
1987-10-16 00:00:00,0.1179246303302721,-0.5489631274107011,-0.5792818883741926,0.995087072264847,-1.778067681957918,-1.5969721033115536,0.21361168814843368
1987-11-15 12:00:00,0.9602142326550992,-0.05121537867216469,1.7590920333763362,1.2568774769755044,-0.852618016535475,-1.002153082369871,0.20547072570709918
1987-12-16 00:00:00,0.6821656538826927,-0.846223051939162,-0.8147013935341397,1.0205343369373685,-0.8706238144997752,1.7367266720874752,-0.2111910397054674
1988-01-16 00:00:00,-1.260516378434715,1.2889851817917501,0.046868380037812685,0.9752365046986193,1.57747999630967,-0.7326269471134471,-0.3581190495893438
1988-02-15 00:00:00,-0.7251880966591474,0.04796022900022057,0.5923265305138297,0.6260939776448727,0.2828713526292249,-0.5772580366291721,-0.3357697202842808
1988-03-16 00:00:00,-0.26012247541692357,-1.7555635962331333,0.6894005182771594,1.3903580869171666,0.23974359417965888,0.8077568356479615,1.7688301705889882
1988-04-15 12:00:00,0.923734687787021,-0.5950651415611174,0.5462953489917415,0.8450609027962099,0.6232601658014651,0.6090189545544537,-1.873389222669765
1988-05-16 00:00:00,2.1150231076670742,-0.5852060080041761,-0.14240176940848007,-0.8465856673787019,0.43357575786967706,2.169447461737917,-1.1554043910039875
1988-06-15 12:00:00,-1.1485961523119033,-0.7585832109164926,0.5878065682216198,1.1000715129227303,0.1117802524191089,1.3407347995125833,-0.21472741217092894
1988-07-16 00:00:00,-1.8922290237309647,0.3505692559356847,-1.0145833605810621,-1.0006355707874846,-1.353459643878405,-0.8536229317127586,2.537425112198993
1988-08-16 00:00:00,0.4873819365929225,-0.15778768649441693,0.6821606340389959,1.037313568864303,0.8040197787990624,0.21876133708574874,0.19325865130288963
1988-09-15 12:00:00,1.1163875845629945,0.878729069000129,1.8591778606571707,1.6000358004215551,1.190574552432072,-0.5707101275466371,0.4777337334087341
1988-10-16 00:00:00,-2.337166741713492,-0.4388697141202297,-0.30358832410920567,0.22327559362280033,0.4264440076586273,1.1999717872272286,-0.2125003492567122
1988-11-15 12:00:00,1.4562003327904511,0.3272388254109047,-1.136656275782894,0.9371454848449204,-0.026580423408397846,-1.2691985055976769,0.7224134183037425
1988-12-16 00:00:00,-0.0379957978307402,-0.16507760446666653,-1.8196623894231083,0.7157045374444383,-1.1414952655899442,-1.414927720550694,0.20347430137014016
1989-01-16 00:00:00,2.217308911560592,-0.8324517867977513,-0.486559239889273,-1.9967475928533425,-0.03772044331701294,-1.4226599224673828,2.176836076730548
1989-02-14 12:00:00,0.19872790701081858,1.1833198923016184,-0.2384166594999224,-0.031783508210923794,1.209886989883732,0.5200741590493999,0.6368898295839486
1989-03-16 00:00:00,-0.8270992417224823,-0.22704861371623997,0.11849491490074082,0.4467278380936118,1.4780482714251872,-0.34364214993212633,-0.49957613500672915
1989-04-15 12:00:00,-0.3175888425232797,1.8407393152403875,-0.4151017749660104,0.0961000844189499,0.15869598012900835,-0.45056018164311046,-1.9924198920315355
1989-05-16 00:00:00,-1.5329674810285052,-0.19269790565627376,0.0719619596098188,-0.3649635321430682,-0.2824244797702359,0.3225479271619079,-1.8228901050880864
1989-06-15 12:00:00,1.46484356317344,0.7352290026957269,-0.14986896217500983,0.6008241176437171,-0.7794854356747312,1.508691726944452,0.4260160527241287
1989-07-16 00:00:00,-0.5970543346927105,3.203324213560934,0.18482576860487204,1.5273651389861376,-0.7226750491218233,1.9120756835870838,0.6291706763714027
1989-08-16 00:00:00,-0.5388067577294042,0.41457939953502515,-1.2876164945756297,1.8766072907348519,2.2479708279504385,0.5684297296763816,-1.0009257086490893
1989-09-15 12:00:00,0.5407938274417812,-1.8961361911647017,-1.2184806648665492,-0.6700612852490134,-0.9624714660184089,-0.16762897642336555,-0.5524315423171847
1989-10-16 00:00:00,-0.23544075107332785,-2.4078348457423955,-1.9990382177661576,0.48508778502271255,-2.2309387312107387,1.4175466653791482,0.2777654500081181
1989-11-15 12:00:00,-0.4741997868283329,-0.5300608459365147,-0.5116184409352672,0.7262053832533626,-1.0170677763122653,1.2918793954171681,0.08789801490660756
1989-12-16 00:00:00,-0.12232570434364867,-1.9330680200251322,-0.9266487594723247,1.7061673954661378,1.0461617572953692,0.6621434107828715,0.537687859909589
1990-01-16 00:00:00,1.2739259911650824,0.8169779928911466,0.3513304610168014,1.1741826987033281,0.16166868979217153,-1.694824631967526,-0.4843887958018399
1990-02-14 12:00:00,0.618826011417146,0.10611603698969381,2.0509406057478423,-0.5679920841623655,0.5828840265867758,0.8368916653108911,0.039026786151809455
1990-03-16 00:00:00,-0.7827796286334776,-0.6467233663982908,1.3985144540701864,-0.28623978593404886,-0.9762747028740641,-0.950921017636279,-1.1138052681944997
1990-04-15 12:00:00,0.014957650035102295,-1.1365174365672046,-0.7971976272609849,-0.8656713466113864,0.7737391394678843,-1.1033070685007254,-0.13508998215173113
1990-05-16 00:00:00,-0.39442503090175957,0.6339058743990181,0.7737005299260241,0.5282922646751568,1.2768958682420426,-0.06640981882851552,0.23808553455543333
1990-06-15 12:00:00,0.0856324913058716,1.711276406956292,1.4965987954724465,-0.8512562161467351,-0.21123554865607785,0.1259766150388818,0.7432815385869482
1990-07-16 00:00:00,0.31951899313914295,-0.5868931463724555,-0.1449090244286463,-1.5638464220173036,-0.5130228214401513,0.1028884815247128,0.009665872331007967
1990-08-16 00:00:00,-0.7695085378207912,-0.39654043775184006,-0.163302382350028,0.5034217166650538,1.1877421033776367,0.6467055430357063,0.4043317866099559
1990-09-15 12:00:00,-0.9793535861154938,0.39969328156279654,-1.2592448663564388,1.3976251332305905,1.5516613905892,-1.0503457244713956,-0.4875885273477054
1990-10-16 00:00:00,1.4725552248658977,0.11496591949252898,-0.08206403009010635,-0.5705344095986806,-0.3056916285446224,1.3335395824825973,-0.13060288260701494
1990-11-15 12:00:00,-0.6460422729750599,-0.3766351916895666,-0.019587007366195154,-0.6374395457701836,0.20697511403607544,-0.9015946819773348,-0.5524787293975673
1990-12-16 00:00:00,1.1338493818502657,1.3343578401568548,0.7830829198734469,-0.7533715224949264,-0.8942541850896535,0.009782272918464618,-0.23975132809197164
1991-01-16 00:00:00,0.8546352041652439,-0.7489227902218516,0.3213093326046412,0.5387354114842742,0.5283453785448725,-0.9575499845804033,0.4747390568385417
1991-02-14 12:00:00,1.1939831879303195,-1.045383084643928,0.3211599108637803,1.0043309758992147,-0.996880881024623,0.7013424744021973,-0.25102751276934065
1991-03-16 00:00:00,0.4991004877310309,0.6244927773433497,0.6231412246303172,-1.343464896008722,0.3971701542619776,1.5356924934876435,-0.8259453872870929
1991-04-15 12:00:00,0.4557294360639661,-0.34314967491173537,0.43922284718624505,0.2965573222848331,-0.5338822578773486,-1.806391207690486,2.1839042418623986
1991-05-16 00:00:00,-1.1810810501882019,0.8657733531864605,-0.19622562921839748,-1.5579884989015285,-0.7829114867011715,1.1283250706524852,0.010923362738181359
1991-06-15 12:00:00,-0.4892414985848937,1.0451024321659028,-0.5342523409519861,-0.5905599841247883,2.1758035424284565,-1.262371414258537,-1.4923565325105912
1991-07-16 00:00:00,-0.49812466930945076,0.1689884710807012,-1.734825292919918,0.8159971218148676,0.0781033249063784,-0.6703767846104587,1.6344357645687304
1991-08-16 00:00:00,-1.7503181548143056,-1.1408856945516657,0.6316822877253101,0.5325865936972707,-1.4128326805603795,-1.0536503850159558,-0.8835741505384103
1991-09-15 12:00:00,-0.41540994195105946,-1.1814297655999877,-0.9161570348644255,3.041983092735343,0.30737823296444156,-0.9423819800934038,1.4294890821702604
1991-10-16 00:00:00,0.4054806599974746,1.1447132311203565,1.1927466747198658,1.2463009949595107,-2.087668438877879,2.8054737724712133,-0.5284752186229607
1991-11-15 12:00:00,-0.45537692771903776,0.4008420082222069,1.0263520320342063,-0.39237715922018007,1.1680536638322498,0.03502276114750729,0.012392711359103931
1991-12-16 00:00:00,-0.6127403312548841,0.13278377964557697,-0.05667451575456212,0.5951229384944743,1.3568507864011174,0.30693494322452153,0.3625542360783653
1992-01-16 00:00:00,-0.27480960450734887,0.3989474969556367,0.33794622220656206,0.09417274771569836,0.1504040401457941,0.5827618613165144,0.2108783874874775
1992-02-15 00:00:00,-0.008869770684319333,0.4987881938607196,0.7342889924164774,-0.7604566283498405,-1.298509273100034,-0.6490820085353204,0.027288916259478373
1992-03-16 00:00:00,1.1623248563939717,-1.1837093380827963,0.1046077358234763,-1.7120173712584232,1.7278688208057853,0.8214283355230513,-0.19973445344681276
1992-04-15 12:00:00,1.8959032213053746,-0.06598905188210033,0.626519269809999,-0.8143526325087311,0.1699534896312997,-0.10342798433847425,-0.3490068557788963
1992-05-16 00:00:00,-0.46971059040978896,-1.0785256195512958,-0.31994116254494714,-0.6485739620163933,-1.4390946963544098,-0.024030896505624545,0.04014756570734176
1992-06-15 12:00:00,-0.25206494592497425,1.5433870070726938,0.04318051819026298,0.02262511895739531,0.7355942119721584,0.7986376188722395,0.09355352046542217
1992-07-16 00:00:00,1.300670708203264,-1.0662454960953598,0.35799456213206865,-2.631004827325829,0.44850990385881984,-1.0468167863018623,-1.20486070583488
1992-08-16 00:00:00,0.014794938262179199,2.1789356570015084,-0.037554272852923766,0.2245550823307859,0.2949621980408171,0.8616471830735939,-1.0190714439456905
1992-09-15 12:00:00,-0.26508836695326393,1.0089117125129632,-0.16457435992478958,-0.3721695953792017,0.6997223947463954,0.6741933609827824,1.1500046396430343
1992-10-16 00:00:00,1.1521565291867293,1.7286877853900833,-1.0129969981978182,0.6216360964835999,0.09711491840930137,-1.3149852004140865,0.9281632608963416
1992-11-15 12:00:00,-0.6337647626899154,-0.17999716734423887,0.16236239497970387,0.19901175410630795,0.9887518220103181,-0.0329472123409953,0.6101335677041441
1992-12-16 00:00:00,1.0583119343197742,-0.7325287544003687,-1.1533003467310008,-1.0247013737070638,1.063134494911935,-0.7534477232228772,-1.20017302613377
1993-01-16 00:00:00,-1.8543034450878322,1.7813513573711883,0.5473477040020417,0.18543223371207704,-0.12319459834673403,1.0283349448300274,-0.4997943710461423
1993-02-14 12:00:00,0.10915379922373424,-1.8934020786751524,0.3506229527767331,0.96103780701781,1.0433996078204726,0.6846782477112839,-0.27446601616768895
1993-03-16 00:00:00,-0.7376713602663321,-1.1780114221325089,0.0775603504903655,-1.0841119660428666,-1.1521789852687205,-2.0343946980732377,-0.6646317911077809
1993-04-15 12:00:00,2.2836319665586835,0.42294781809046245,-0.10967233146859334,-0.28244951452054884,0.18279872513188639,-0.08124415516772367,1.7143120179873401
1993-05-16 00:00:00,-0.8947059035725643,-1.2026903417554224,0.20352102316760085,0.1836672297988317,-0.841075569886069,-1.5366484724032576,0.9490599776151812
1993-06-15 12:00:00,-0.45917620349454313,-1.0611313016953041,0.42908587523119984,1.0572583823420452,1.9080835296778615,-1.5607323965541338,0.10086535199552035
1993-07-16 00:00:00,1.1438718032506932,0.6150073101770708,0.8381525143510848,2.32112246939936,1.1647112508335624,0.497806020692307,0.5068163513008075
1993-08-16 00:00:00,0.31138588559948693,0.6033642385945738,-0.6804581021879671,0.8332497773563114,-0.5082219414299154,-0.7657318826355185,-0.5118802999034624
1993-09-15 12:00:00,1.0153905314652265,0.24441258648520053,0.5569098422939657,0.06566940320112764,0.5346682453051159,-0.4163541683334697,0.09493235924801757
1993-10-16 00:00:00,-0.1846904025272532,-0.1722143180082139,-0.994427145970808,0.905557071076045,0.3174754566962179,-2.4171138992739585,-1.5316636622729112
1993-11-15 12:00:00,-1.3103382380419162,0.6704499853085727,-0.9797088761242224,-0.115849148292468,-1.996097569255638,-0.2117716877942847,-0.2075405675920207
1993-12-16 00:00:00,-0.44464430008792183,-1.1599190526657217,0.7475428195879695,-1.2370268318760813,1.3580516004153609,-1.1157791787072193,-0.4014667371731258
1994-01-16 00:00:00,0.7140519598890848,0.40708326992603966,0.575511592663738,-0.12416853670975198,0.20936666214182564,-0.7590598708028183,0.25444956924413714
1994-02-14 12:00:00,-0.5857831480412261,2.2775424361414154,0.871960753989484,1.0837666689025687,0.3377773927288925,-0.8387604205556466,-0.1251173022848572
1994-03-16 00:00:00,0.4874856070180813,1.1507856472165348,-0.32585116845663215,-0.6364517645812356,-0.0620822829284789,1.0583885315715724,0.296727697080658
1994-04-15 12:00:00,0.27859266566396,1.058584503569466,-0.05236308258680423,-0.8574408789099134,0.9398478647187324,0.2635639253263012,-1.0302748143544795
1994-05-16 00:00:00,-0.6629360655663183,0.01352571386777441,1.1985942759020591,-0.9843513598298695,0.5884418976018073,-0.6004820968203584,-0.7996146804115901
1994-06-15 12:00:00,-1.1736849830635026,0.36530070997532593,-0.997051559110749,-0.5997278840517289,0.5935420750487173,-1.1766259212907615,-0.07440301920522091
1994-07-16 00:00:00,0.6497462719608437,0.6396645757021734,1.8170265648815644,0.24982811845362163,0.31640360304548093,-0.3528793227042617,1.2273034366096103
1994-08-16 00:00:00,-0.03607225194584769,0.8116832084370595,-1.235798045502545,-2.049525853607108,0.7274532343570757,-1.2483080084074096,0.41734083851475856
1994-09-15 12:00:00,0.38001372938670924,0.21031736963281333,-0.6755987698971123,0.28428969149586786,-0.6822294564611828,-0.9073936706206971,-0.8093368405871486
1994-10-16 00:00:00,-0.21975867945577363,0.36272005246985767,0.1021446019211866,0.6729754914593614,-1.1995595187498675,-0.26659780344301964,-0.5067646859211936
1994-11-15 12:00:00,-0.026884266347593652,0.2614333632929179,-1.495370983683259,0.5353531058432537,-1.1639075794135605,0.3681938594452428,-0.04282022060594729
1994-12-16 00:00:00,0.8868728467120925,0.24958660712512054,0.47229560522081604,0.5852725636232443,-0.33650787679920074,-0.26089568455005785,0.01916585675836673
1995-01-16 00:00:00,1.155152268956984,0.22271092720062224,0.2993051294665864,-0.9911212809513145,1.3652312345907323,-0.2918640598143347,0.5908149521923195
1995-02-14 12:00:00,0.11626458541343186,0.633690962241385,0.6173559759595116,0.5389174154537572,-0.8816320432008776,-1.3439631061830246,0.6602509845835888
1995-03-16 00:00:00,0.22010804870284867,-3.2261900201741796,1.7672768902810723,-0.10600921382929317,1.1089525146799732,-0.6018149595164312,-0.9959084542988021
1995-04-15 12:00:00,0.7179177384912405,-1.0634043786558875,0.16710446038761498,-0.8263955779667578,1.0708860507982594,0.8265708731202054,-0.00527592577420357
1995-05-16 00:00:00,-0.5748748679866765,1.8466103437139778,0.461855878426473,-1.0776040640749145,-0.2023830540884411,0.04881658843556378,-1.1689785293670456
1995-06-15 12:00:00,-0.03179837858597294,0.5672952078801743,-1.558699548612262,0.5958349312886909,-2.1249592231993715,-0.5518443201445954,0.27532830535884534
1995-07-16 00:00:00,0.15739526076969002,-1.1543765150805623,0.6041326961931431,0.359372554852658,0.06355349489771976,-0.03273796880776342,2.426378056741222
1995-08-16 00:00:00,-0.6376889460986117,0.2416681524916071,1.1528612871337662,0.008415313262789216,0.015459306394144902,-1.849642420706193,2.387894703915088
1995-09-15 12:00:00,-0.3975327895635866,1.3857806074555337,-0.07956173491396479,-0.44098754289708303,1.3018042628645357,-1.4368170453381481,1.2961806288551425
1995-10-16 00:00:00,0.572212863820803,2.3756533595209044,-0.4149065043778181,-1.7120526173805632,0.6943534495125456,0.7126444298707354,0.04834821249747449
1995-11-15 12:00:00,0.9911166498614634,0.35551043949267486,0.9881514188925878,0.926886762784296,0.8120054833200694,-1.2300397231576512,0.12222177262370607
1995-12-16 00:00:00,-1.9251213034431707,0.4721959412703433,-0.8311302918158686,1.642225180487564,-0.31151114302847577,0.303196317468906,1.1774058999579429
1996-01-16 00:00:00,-0.7983830432713087,0.8778333590427142,0.06253502388510745,1.2481916638818311,-1.78225920022409,-0.29643216716399595,1.458494912428368
1996-02-15 00:00:00,-1.3257439560707645,-0.46609698827844115,1.8588197716542465,0.6499732928247077,0.021544387139884002,-1.1582723584153076,-0.40849607329335186
1996-03-16 00:00:00,1.109413958259641,1.2816655718403396,-0.9462669394920319,0.8040308070934163,0.03111989007763366,-0.2784490633893601,-0.020167399560986662
1996-04-15 12:00:00,-1.3908959625566557,1.2355798297909442,-0.17246801709672308,0.9338277709269079,2.358703844689896,-0.05710757785706005,-0.4451935547428199
1996-05-16 00:00:00,-0.19758590149090133,-0.43290085764540476,2.3496208186166534,0.49725959860536817,-0.08923354080557445,0.1355231105648679,0.6273717467531378
1996-06-15 12:00:00,-0.4965286499649762,0.7527996215296441,0.044161553895208414,1.189350900552373,0.15333826171232826,0.3196748232640407,-1.4716329116043934
1996-07-16 00:00:00,-0.9443677210442545,0.8958261622112527,-0.1697057310468705,-0.875523985326029,0.2934699186877838,1.1963400136490012,0.1649851269027158
1996-08-16 00:00:00,-1.5009908746844405,1.0795867436265523,0.2128067331604203,1.115724784443923,1.9504733474535245,1.1467271747346877,0.046756185856589624
1996-09-15 12:00:00,-0.04516490952249902,0.2991343667281658,-0.27801843489558004,-0.3744261366192181,-0.012941919897053828,0.6806298500116659,-0.37670134731418253
1996-10-16 00:00:00,0.8353037876421957,0.6929370365125564,-0.14511015954417272,-0.21653751824154222,0.10104268996085046,-0.6078801819478472,-1.5240703749347648
1996-11-15 12:00:00,-3.6269334581702526,2.265236709537354,-2.2007319911422942,-0.021690965091565435,1.7366267072825232,-0.8380592313435119,1.3284310062979188
1996-12-16 00:00:00,-0.20010343221746832,3.0017052762608483,1.4443325209054634,0.07863880019454102,0.9216195111021892,0.2672859555825765,-0.8392210474527022
1997-01-16 00:00:00,-0.023804394135287905,0.07153651027430076,-1.2299625210577783,-1.8831177264953078,0.01725019282525914,1.4212215272132325,0.4946420989862564
1997-02-14 12:00:00,1.552221927149717,-0.30310947644807357,-1.5452936302276514,1.757349705930205,1.5429649916037191,1.793743516050258,-0.4876486848935563
1997-03-16 00:00:00,-0.15939789903525023,0.22256913518925997,1.6775070979219866,-0.8817399281194194,-0.16040305917207778,-0.9543889046333662,-0.5766045185875457
1997-04-15 12:00:00,1.027051953587002,0.23171914845241942,-0.16302800154239244,0.026420675617172748,-0.2679974645171434,-0.9185282056359569,2.328936006532145
1997-05-16 00:00:00,-0.6663899179359969,-0.6767074346763909,0.3604131902979776,-0.7651229004663026,-1.3257304508156995,-0.7891985706759056,-0.5248280681535431
1997-06-15 12:00:00,-1.330571202826039,-0.8681134319813925,1.9186279426448802,-0.29255387865647603,0.8147192956503806,0.15174882109876264,0.1521311288076718
1997-07-16 00:00:00,0.20619250044194112,0.16622216768127251,-0.20536747298549346,-0.22676175260791426,1.3272573469098699,-0.6159332952143944,-1.3957005391532304
1997-08-16 00:00:00,1.4534173990225114,-1.140364562380563,-1.5340282439060966,0.6227921849567923,0.8885267424176049,0.9582889097126099,0.053338585999558374
1997-09-15 12:00:00,0.15663035401065747,0.06467436940978244,-0.038734961926102866,-0.05499746569963163,2.102211701670872,-0.22191212631227247,-0.9284643067537978
1997-10-16 00:00:00,0.17157739974849615,-0.5116846344177801,0.4065858535827922,2.541154114409634,0.3339876912603483,0.8991348423564265,-0.8948091396886088
1997-11-15 12:00:00,0.8063141212874786,0.374458881232089,-1.1529821619843998,-0.9021226922933303,-1.8569845900220738,-0.21735082044444243,0.6480997965308056
1997-12-16 00:00:00,1.6071906929851167,-1.0228401601167,-0.7598170959313133,-1.6089576157111043,0.8663075252278425,0.34393457000060995,0.03521831032747127
1998-01-16 00:00:00,-2.0997370703976337,-0.08552954525700693,2.3776810966091673,-0.8583011357377164,-0.1333574751753902,0.3241625525908317,1.7959920409215049
1998-02-14 12:00:00,0.9487202695717052,-0.28434865584413893,-1.5448892844592776,-0.9244960187986906,2.4943250694013277,0.6766856455535989,0.09285081513517354
1998-03-16 00:00:00,1.2148988226191795,0.07247124959867672,1.308603678143454,1.157541432658467,0.9739020202128912,2.2341512093739677,0.7836893173183389
1998-04-15 12:00:00,1.1487719353548114,0.9170701738452856,-0.8793648238189825,-0.33426088177319974,-0.9656729251995743,0.378373927706667,-1.1672528966998679
1998-05-16 00:00:00,0.3050191851770175,-0.08637915622290877,1.1158403349849704,0.86761563205534,-1.9147088290566185,-1.6634174254807461,0.8610808775614924
1998-06-15 12:00:00,0.11112448778236571,-0.32505105352919145,-0.8290195342156804,-1.5281295081119448,-1.046070098322628,-0.3944373332907091,-0.7933754153238887
1998-07-16 00:00:00,0.23590126370905193,-0.4097294973844057,0.684494298211297,0.33012154547483574,-1.2157849358910389,-1.4458107530037116,1.5656127963778075
1998-08-16 00:00:00,0.7115090344810453,-0.6016244778717441,0.3796039602235145,1.2155515100323788,1.0185475102647865,0.11309855257655493,2.228770476407584
1998-09-15 12:00:00,-1.2771630361663404,1.73163438270276,0.360605616166192,-1.0391135535175162,-1.2698536641822988,-0.057545438945936084,-0.5574482015192987
1998-10-16 00:00:00,-1.3383371432630322,-0.3674574759946232,-1.3681530543628144,0.14783933529011803,1.982650456358979,-1.5108353407092787,1.494709202032278
1998-11-15 12:00:00,-0.18866134398367165,0.4359045835673871,0.28835907416436113,1.2828655690649706,-0.5042298491005274,-1.644248350618038,-0.15501721656900821
1998-12-16 00:00:00,1.7154625174073335,-2.006116787436452,0.14602264764224374,-0.9045131401549898,-0.2812589093078419,-0.9624608336643048,-1.743646839710895
1999-01-16 00:00:00,-0.42586758532794017,-1.7101283659159752,-0.26950462815374365,-0.8475527553892682,1.898437680717507,0.8899578120442952,0.6562656812718644
1999-02-14 12:00:00,-1.6274673936134396,-0.5758694051283826,-0.24605028569725645,-0.4561080070089555,0.21127656810700857,0.7751102858176582,-0.46939763650480254
1999-03-16 00:00:00,1.0327500051987146,-1.0573021664811582,-2.1386105533735846,-0.9983736659763934,-0.35725353365207607,0.0537967262429817,-0.4580070033362388
1999-04-15 12:00:00,-1.7320137643562594,0.9849293071919111,1.5625893847390824,-0.8898388765677158,0.04688053684023117,-0.7650569207066115,0.28849993487865444
1999-05-16 00:00:00,0.9534663476492155,1.5482212416936363,0.45201437178524084,-1.447032111605709,-0.21911886458722238,-1.2317725364589016,0.3143740540362632
1999-06-15 12:00:00,-2.1425728193502582,2.5592410255732454,1.9634013455085606,-0.5959706178945363,0.13037522671123106,0.420236677811252,0.07626699280357527
1999-07-16 00:00:00,-1.4622519394814002,-1.325188458066144,-1.956549900799236,0.3805110748435694,-0.33239486088622516,0.306746744569471,-0.10297457371863439
1999-08-16 00:00:00,-0.3927469421823127,0.5092499287425091,0.36635209942379793,-0.5773736999613716,-0.38426430795526123,0.13920671816047936,0.5814120959874229
1999-09-15 12:00:00,0.28612196141847485,-1.4157343473733504,-1.0657564563362996,0.029902799806078847,0.5621184990701629,-0.6841136126367714,0.9632644845014036
1999-10-16 00:00:00,1.3192843006208341,-1.318165398587816,0.12967122521685714,1.0020471672040225,1.5778056551504018,1.231308187482443,-0.4286528174409722
1999-11-15 12:00:00,-0.29152267267687154,-1.4008225394222575,-1.4010592220979643,0.9747836081663358,0.4305302568679101,0.23469024104962216,-0.3054794222933699
1999-12-16 00:00:00,-1.670164851938767,2.7998545136811597,-0.8854974605090931,-0.1634092188801971,-0.019709615869069004,-0.1475797054362679,-0.38276016144589803
2000-01-16 00:00:00,-1.0549741269995534,-1.3965243397455314,0.39797691396263374,-1.9997948776569343,0.23376259240891772,-0.6404707846593923,-0.761936820646321
2000-02-15 00:00:00,-0.8099313682355017,0.6283645360202561,-0.641870856801124,1.0326615945183084,0.8267341691953884,-0.24004473565038537,-0.319698526384561
2000-03-16 00:00:00,-2.1463419282363296,-0.2521178346299484,0.9590694379279247,-1.447172227420871,0.10113425206118595,0.5029582156619463,-0.5704715893534394
2000-04-15 12:00:00,-1.4348663853497763,-2.481593113504567,1.5328448092445426,-0.6837692712814509,-0.42499494165275187,-0.6916440113606601,-0.9869433049045582
2000-05-16 00:00:00,-0.142957333829959,0.7688465159948783,-0.19827010778441514,-0.9288547019295785,-1.4860608280929448,-2.5940233669029205,-0.46083672732021147
2000-06-15 12:00:00,1.1891669434083574,-0.9026436144730614,-0.041695526001005796,-0.5358561594675152,-1.0440549838471103,0.45653572544740323,0.6696308284888886
2000-07-16 00:00:00,0.010786050397473455,-0.6439570867669645,-0.5043571156068193,-0.09819420957013077,-0.9100850900064574,0.03624947890724533,0.27151884291876077
2000-08-16 00:00:00,1.1387110444713457,0.4146492029156241,-0.49621685607275773,0.6136160539262112,1.7976914765279526,0.3310581747379483,-0.12282863451739823
2000-09-15 12:00:00,-0.09649723683255922,1.5302637649403172,0.46547271567655873,-1.8077973933252944,-1.103801220665332,2.533115856887885,1.4309912973292014
2000-10-16 00:00:00,0.1857134491649205,0.6919498863703942,-1.7517128098297092,-0.38900636227291313,0.29498772546109703,0.23945711234869027,-1.2695482551880222
2000-11-15 12:00:00,-0.4872751842147569,-1.6467614431612512,0.8935436523728807,0.029619498382191665,-0.14753883799601236,0.14626000762164637,1.0195113906323168
2000-12-16 00:00:00,-0.3669147620132271,2.8617908019800646,-0.6431333806513948,0.6252629559196612,-0.9773301015865772,0.17871055744842307,-0.40422037984375014
2001-01-16 00:00:00,0.5591743732656844,1.1748302445204746,0.6520137513685215,1.254978210858308,0.4438470444557085,-0.8864716697142648,-0.36712492876730995
2001-02-14 12:00:00,-1.7363870793291676,-0.43508010672120345,2.2238094263676884,-0.6941346713672413,-0.5958051530702837,-1.0522987278261384,1.183407517672396
2001-03-16 00:00:00,-0.8844457658854205,-1.3379884060455094,-0.014354030039173023,-0.21447157005616457,-1.5241643412634998,1.685543813533465,-0.6349039051103456
2001-04-15 12:00:00,-0.7418583122283923,-0.6550440288933724,0.38020182654964907,-0.8158354249197901,-1.5100399932473645,0.20600439183198305,-1.2354721789471101
2001-05-16 00:00:00,0.4343596546197973,0.3549881552768153,-0.6455908480299964,2.1213606908018234,-0.13241086715671574,-1.4063559328666775,-0.8826831838937489
2001-06-15 12:00:00,2.1703228481661894,-0.993897023222387,-0.8078646941120261,0.09245026659321001,-1.52274363168123,-0.9726917870859706,-1.3117979021746853
2001-07-16 00:00:00,-1.0292384784353517,-2.5068955748404127,0.05517915440016574,0.6614830147922953,-0.19255880283167434,-0.8764143258694259,-0.30611054742014565
2001-08-16 00:00:00,-0.020333916645712897,1.4595245621736728,-1.1147019932784215,0.9655033923890117,-0.8520633494049245,0.1831325524539736,-0.3691505100530322
2001-09-15 12:00:00,0.9224434302432019,-1.0259455420276433,1.121720376683391,2.000202643980139,0.5692298388750568,0.1183750958910211,-0.4899344384096116
2001-10-16 00:00:00,1.4156843781096609,0.4570211861297392,-0.5398274652303997,-1.1917000452134865,1.2608416277020593,-0.6007719674127859,0.7450028998796029
2001-11-15 12:00:00,0.3730856611548135,-0.7913955758012171,-1.6002014192461018,-0.27780490310278805,0.6585144248476771,-2.1097771860635306,-0.0012369780283756557
2001-12-16 00:00:00,0.5779531439052082,-1.8060368823951487,-1.901935419847323,1.2598188673191804,1.2658394880385127,0.7314993929602915,0.27419733909371613
2002-01-16 00:00:00,-0.16524952987741634,-0.3021910525849896,-1.622884451294187,-0.026530031749246463,-1.320342143080546,-0.6695698903778025,-0.5430304079891666
2002-02-14 12:00:00,-0.9409358489828964,-1.2044928480236048,0.2591844426361527,-0.7324035876355217,-0.9094852249588811,-0.449815827417503,-0.3176658307793602
2002-03-16 00:00:00,-0.4627307753937612,-0.9015530733985987,0.43774491810935023,-0.8561577460793764,1.1862416135344551,-0.860901361169915,-1.057581446312341
2002-04-15 12:00:00,1.2482908762198344,-0.23584741507002105,-0.5431589831974714,-1.1212848488885785,-1.81549625731339,1.2100367898565128,0.125476430185914
2002-05-16 00:00:00,0.3264509589804079,-0.6462602032599116,-0.11784666436513269,0.4094102901347623,0.2859294258859999,-0.08248405430265107,-0.6571920123048005
2002-06-15 12:00:00,0.8777683113133348,2.0428669911117936,1.4681973652121123,0.5290816208552934,0.5911790529596064,0.8419633856804539,1.2186825080463977
2002-07-16 00:00:00,-1.5050183755669582,-1.2553864615667214,1.4784168687966002,1.3911851174145182,1.4678044539030608,-0.5129208242531902,0.17128680559344478
2002-08-16 00:00:00,0.4188634447227826,0.2826818113259818,-1.2254306649542555,-0.7304635699459997,0.7607723962665915,-1.3138449022386234,-0.8359482061046541
2002-09-15 12:00:00,-0.05356797696845671,0.7185222676089519,-1.1480556274191487,0.7701047376321928,-0.8310695818001099,1.787790541172802,-0.9859353933028825
2002-10-16 00:00:00,-1.9736773542226236,-0.6749581060778775,-0.4710209061417118,-0.5715913269875968,-0.5202315259942174,0.2545188950228984,0.283565464561455
2002-11-15 12:00:00,0.3861537575195116,-1.0449369959363028,-1.9252174437349612,-0.05596711770253452,0.9983731283471192,-0.16948721177877443,-0.7535072212343594
2002-12-16 00:00:00,1.2616835423133976,-0.3041188168090721,0.9270195058504813,-1.4874863435619337,0.9319146363731124,-0.2890085818464464,-0.6975240556951013
2003-01-16 00:00:00,-0.20009476027970755,0.3561448706749124,-0.5672197331294624,0.4305948286429994,-0.7718377454403678,-0.9403638256732707,1.8981172053212345
2003-02-14 12:00:00,-0.47516053646482315,0.6098047463952452,-0.9215884403220357,-1.231474839489324,0.08004673371600586,-0.07583606179225638,-1.5499061870326791
2003-03-16 00:00:00,-0.7671094325417481,1.4376763591620445,-1.6595991291811913,0.44116671393338713,0.8237088093029424,1.2156772397870017,-0.73727503985011
2003-04-15 12:00:00,-0.9261248581534266,0.7691530499854174,0.2756034845393112,-1.1795642450850576,0.20891262184961032,-0.9621034361901564,-0.6319780156129764
2003-05-16 00:00:00,1.3165928461353305,-0.7066872572395131,0.5447980826211511,-0.373460022289801,-0.04517024714517718,0.9978292674995646,-0.04325958937819726
2003-06-15 12:00:00,-1.8482032477492558,1.6397557545299413,-0.929884412450735,0.12077581619672614,0.669312135362307,1.3179979311137286,1.1813732540930444
2003-07-16 00:00:00,0.8705897594833014,1.4128813435687562,1.6918538648552102,-0.3891087103857879,-0.34361397274146105,0.3564122348549241,0.09619823869174232
2003-08-16 00:00:00,-0.28546419532119455,-0.26543542706255974,1.1048647738928472,0.8799785579793274,0.5897180023546794,0.7021089779081592,-0.6866979649953834
2003-09-15 12:00:00,-0.3510005255441612,-0.29047650641399503,-1.006665840070915,-0.8180207255167601,1.0138364861954272,-0.1796337971712674,1.2484995989692702
2003-10-16 00:00:00,-0.5781672008132281,0.5055178087871308,0.35196731571241596,0.014758603183982345,2.202692116961516,0.2225759181252574,1.2247762862730311
2003-11-15 12:00:00,-0.11209183499011824,-0.9900551675195515,1.4594421035511373,-0.16730040805188331,-1.3444653311791879,0.7910291532619836,0.5989066874446284
2003-12-16 00:00:00,0.21623640361918964,0.32978012253200073,2.489805297786073,-1.1782820902076265,0.6227344818978556,-1.7568522387539178,0.13147803399034355
2004-01-16 00:00:00,1.5595405463560577,1.4227099864570885,-1.3959879091667415,1.1355264418834448,-0.40655675442644285,0.42990518320843385,1.0940892120258474
2004-02-15 00:00:00,0.6108248387135181,0.883854605269801,0.8437662688959147,1.0629490607668937,0.7930897956275645,-2.667098321878272,1.1744084983874885
2004-03-16 00:00:00,1.1600426107906092,0.48346317894983903,1.509390050720676,0.4369952065611538,-0.6038067014524391,-0.636705333448092,1.1339427960651396
2004-04-15 12:00:00,-1.6970650794038038,0.7701518103784847,-0.22903716105558897,0.6516126974430508,-1.7564634749658523,1.2994727977675404,-1.1250489411261564
2004-05-16 00:00:00,-1.2050069237990664,-3.109107147008553,-2.2987356948245825,-0.7990836672975743,-0.2757940604893879,1.011236787634621,0.27646582336084535
2004-06-15 12:00:00,0.6898592015077093,0.005615180818019372,-0.5923471111254143,-0.045519515944196655,1.0210564559712008,0.6780378864909143,-0.5309178529760429
2004-07-16 00:00:00,-1.0119161930954854,-0.7505444203060891,-0.5270406693172939,0.11792593065001317,-0.2565343516225799,0.16267395644491334,-0.9701433618619811
2004-08-16 00:00:00,-1.332184798173754,2.22192697664612,-0.44437213385529806,0.1991859799849886,-0.2861789985493021,1.3423789780237303,0.6909454650546024
2004-09-15 12:00:00,-1.1710174011146999,0.16582750890659648,-1.416833901476743,-0.12973501129030052,0.36807585143734617,-1.1834559978389423,-0.1303907282915125
2004-10-16 00:00:00,0.9301842972086375,0.3879410188927985,0.46924035714695295,-1.3424603287230585,0.6090196658366117,0.3741039227974,2.8699825031174035
2004-11-15 12:00:00,1.9365886914523975,1.1977063430594197,-0.18665805226727117,-0.8867586258484853,-1.094998519076683,0.5635186528608732,1.2575476883220593
2004-12-16 00:00:00,-0.30831896119904817,0.5579634780460547,-1.9843248679070538,-0.08919126703342967,-0.6423152315199323,-1.6466747465281906,-0.044460588079990225
2005-01-16 00:00:00,1.0607393386143928,-0.7120660233636023,0.4727647543415364,1.3409012338698956,-0.5041552054686534,-1.2859793769773216,0.27583733550240624
2005-02-14 12:00:00,1.4865828330385094,1.0479997527669236,0.3360407794753744,2.4777857498589486,-1.3496620341419865,0.16394981033978123,1.8508624297840341
2005-03-16 00:00:00,-0.35586840108793455,0.17595629450148625,-0.34306550453204904,0.10781597346160135,1.0831374096163857,-0.831082657519855,0.3760536405445374
2005-04-15 12:00:00,-0.5949773509748023,-0.6559889190079717,0.13114860110541207,-0.4845562089413239,0.9283273840259406,0.6136772704538854,-1.1310468529956654
2005-05-16 00:00:00,0.8905903533889523,-2.9577209463882412,0.8149831440891059,1.9621017263317444,0.5145942572898926,0.472052601596668,-0.4570511747753277
2005-06-15 12:00:00,0.3277053950958003,0.124861795781763,0.490889877852229,1.0474860863547004,0.29196554278487785,1.5184516764887135,-0.6225634734984162
2005-07-16 00:00:00,-0.028277889049470442,-0.6068208186981268,1.3339742253467688,0.7928224579572006,2.0089902233514514,-0.50082693728177,-0.8047827044244127
2005-08-16 00:00:00,1.7215336004172936,0.906135200268887,-0.6905282834196735,-0.1339816699666372,-0.9276498020964058,0.20698290863785002,0.7098364432891483
2005-09-15 12:00:00,0.5396110069720138,-0.46088662623163934,0.6035497003128881,-0.6539011523753391,1.1274966094556156,-0.31635146411545123,1.5222861776534085
2005-10-16 00:00:00,-0.24959698415087211,-0.15992550242398984,0.0597282490313611,-0.7483861171647297,1.2688684102543304,1.9238292721143957,-0.0001356491480700682
2005-11-15 12:00:00,0.5477817557504837,0.6626367439019485,-1.1335735763346741,-0.5453173355018966,0.6071361810349746,-0.9428206706533374,0.6770744548204446
2005-12-16 00:00:00,0.5592490923569615,0.3248436180250386,0.3065057764973477,-1.4904597694599753,-0.36258131942111865,0.16420666157707195,-0.3052426914169552
2006-01-16 00:00:00,0.7811262005337096,1.608724817089487,1.3421328865902604,-1.1338749280259195,1.1798564074143065,0.21561485741199193,0.3887538301873266
2006-02-14 12:00:00,0.20368437290833666,1.1847602775021002,0.008770270082972265,-0.963793793586685,-0.26904001716524695,-0.19780064818315218,0.5907554956886701
2006-03-16 00:00:00,1.355526570119674,-0.6690312807957504,0.1643460708687073,0.1326612001843819,-0.3522989217327541,2.262988704161025,0.5062864899667668
2006-04-15 12:00:00,0.22552422655722712,-0.6791578332535205,1.2227153208583492,-0.10438955617575718,-0.14771941821507342,-0.503936970782154,-0.2996294813349783
2006-05-16 00:00:00,0.6885226957349193,-3.086048024423946,-0.5355998239562827,-0.2370355275569748,0.2073490825229063,0.9350710706699229,1.4073414532903346
2006-06-15 12:00:00,-0.7360086180622195,-0.07390129033032847,-0.029707527933985657,1.6385259824937972,-0.5971165491563389,0.022359455476730038,-2.0690712236726094
2006-07-16 00:00:00,-1.6791543811219818,-0.544897363069774,-0.4146992078854651,-0.2162000808431337,-1.1326274376110796,0.17733046439841235,-0.01463184846020072
2006-08-16 00:00:00,0.7452615132787425,-0.6339989996872316,-0.31492655495347877,0.6058241469765816,-0.6277687135767656,-0.03206189609742267,0.22610459215329276
2006-09-15 12:00:00,-0.6843193505024369,-0.3958437865261647,0.7554417754479469,0.9820321734093581,0.9050388732928253,-0.2960492231708656,-1.0333947772823404
2006-10-16 00:00:00,1.0457400327498894,-0.11691421704529961,-0.11784854579483015,0.7616187208760284,1.130749090865392,0.9472195223819507,-1.1005803146283486
2006-11-15 12:00:00,-0.2224393433875168,0.5733385113799141,1.0404099869207224,-0.7518497832287181,0.26222425519868225,0.9835554244355458,-1.6072360210994725
2006-12-16 00:00:00,0.47825125795782963,0.9684379920962602,-0.43785734805462906,-0.6569782287075743,0.016646224518888964,0.5147714460912546,0.5130885553030597
2007-01-16 00:00:00,-0.3799756052442745,-1.4158204423685161,1.2194673798639053,-3.486889554314895,-0.38529792867165413,-0.24515787369006078,-0.13816510544765492
2007-02-14 12:00:00,-0.6266702421273791,-0.6776253382441356,-2.338548773159154,-0.5755387973380787,0.24533055128445885,1.705195439669471,1.0775497338292197
2007-03-16 00:00:00,-0.06971085343967567,-0.3392129070275479,1.9737914982279707,-0.8276860006393579,0.16126021657229866,0.6873943299992651,-1.4377969895543499
2007-04-15 12:00:00,0.4967375391760894,0.5165851629704661,-1.957308876750707,0.845952012570941,0.5042604583218614,-0.15139232471353278,0.35526297833807524
2007-05-16 00:00:00,2.275861764991921,1.664580452817592,0.4280972647587276,2.402766541985693,-0.3535461262632016,0.24929308708768155,-0.09188878353918148
2007-06-15 12:00:00,-0.6336857752854972,2.055345754602925,0.9972660782781807,-2.5095930539649163,-0.4587178115026803,1.1952822795569633,1.107307857588155
2007-07-16 00:00:00,-1.2350599246042884,0.1410175216259425,0.4144047682310247,1.052246156592338,-0.8487609706121144,-0.8620576135386028,1.0488501990257098
2007-08-16 00:00:00,0.8550093725097212,0.011518867835194554,0.397005923339303,-0.7110112220549113,-1.4907536807567878,0.1689476083554239,-0.3538310356149727
2007-09-15 12:00:00,0.4956486415901281,-1.0915190487073891,1.0191938479162916,-1.4826583620568068,-0.11775622254491196,0.5548690599135773,-0.7692740909549828
2007-10-16 00:00:00,-0.7767229601102906,-1.844940979548538,0.6856270315959646,-0.29056152571513655,-1.114220123955043,0.38792455093647604,0.9590398731326193
2007-11-15 12:00:00,-1.041197469781961,-1.1077605364174137,-0.7381278192841428,-0.2626204398393181,1.1946095118643023,0.8523630179294088,-0.6843017919829648
2007-12-16 00:00:00,0.5521970841337759,-0.13839261595925367,-0.6330729335733161,-2.2153805656388164,-1.4776437090937966,0.2572167422867033,-0.11109027983680775
2008-01-16 00:00:00,0.52940196209444,-1.2423930710485582,-0.6819140113760328,0.1570280367082766,-0.17402226935783632,-0.21645657194208676,-0.002436871649806868
2008-02-15 00:00:00,1.012315274443088,0.0464593801558385,-0.22941728404163658,-1.0388088014412182,0.4759258026513379,-0.06276017040914003,-0.6007558509977745
2008-03-16 00:00:00,0.1644193293557518,0.866573360055008,-1.0324586915141323,0.9527545668803324,-1.2455525329127621,-1.175093162938134,0.18685043979052127
2008-04-15 12:00:00,1.094908065742836,1.6061437948999222,0.4370611904592083,0.4273585265914236,0.7285342097552832,1.576241295382855,-0.206091336121945
2008-05-16 00:00:00,0.7831412024934181,-0.6668232295494236,1.7074306119824612,-0.4670366346276652,-0.9220576691218887,1.2844510404918037,1.2692369768919227
2008-06-15 12:00:00,0.0873581160911547,1.3073845232880663,-0.46958644142471345,-1.8987890559240634,0.21698599292273285,-0.5069574680241163,-0.8615749868763112
2008-07-16 00:00:00,-1.1993660772738408,0.5996266012269634,-1.4712988145142918,0.3820176930301792,-1.1371298598570188,0.3874191076624526,-0.32565383118886504
2008-08-16 00:00:00,0.5060538954079841,0.9682517170838486,0.05563040151251147,-0.16418422277124106,-0.2702352255228866,-0.6891951038420842,0.992393396948996
2008-09-15 12:00:00,1.1931053112742298,0.3090834497808489,0.7233854967448848,-1.3024130768506206,-0.20517962992001232,0.9026953981559085,0.5273762922988455
2008-10-16 00:00:00,-0.48601922825920046,0.18639844373961462,0.12561023087742018,-0.13548183115815413,0.3031114449484241,0.4825794706672582,1.9082940202541507
2008-11-15 12:00:00,2.8813441294908944,2.6663231354963832,-0.05451022454582593,1.2224000245751405,-1.7072908364081372,0.6356879698572433,-0.5617262804888704
2008-12-16 00:00:00,1.4423941082004104,-0.60395391344583,-1.9781291807355932,0.6462379149410701,1.0026341731040032,-0.9578435303035912,1.629207392783842
2009-01-16 00:00:00,-0.23018497992857462,-0.38915692071163865,-2.374866281456367,-0.013707391413414267,1.355386913943351,-1.3270857055942902,0.23627471800691083
2009-02-14 12:00:00,0.3788645151239243,-1.1345551090602615,0.8888127290465089,0.39354953291596156,-0.35083858158464415,-0.6736474683363647,-0.8855247647990265
2009-03-16 00:00:00,-0.5086561392105663,-0.7086525260758547,0.43730058488660745,-0.5919865735000177,1.6709638419319637,-1.5988404071239468,-1.3181574120349842
2009-04-15 12:00:00,-0.7953889780019292,-0.04005290058573278,-0.008346870763062321,0.943857194770764,-0.49077943114054356,1.5857360174497792,1.5657560899551948
2009-05-16 00:00:00,-2.2518405642458594,-0.7470008100310075,2.9688632752320703,-2.753006046521557,2.4563425832590955,0.9783506098213066,-0.6889147347902308
2009-06-15 12:00:00,0.3293521890512498,1.5785285300289944,0.020487134697612923,-0.20112010492910407,-0.8526455894035729,0.3180684544183855,-0.18345318225565474
2009-07-16 00:00:00,-0.4003573358207072,-0.14307071868395824,-0.7482420636782985,-1.3079269405759857,0.09820631154377552,1.514990458659838,0.0420061706895933
2009-08-16 00:00:00,0.9488876209648877,0.7590061844148314,-0.5119214728406866,-0.9542089533941159,0.40076909787928644,-0.5018064205035452,2.1469269472557673
2009-09-15 12:00:00,-0.828237941788257,-2.9132551956523787,-0.9656533687241283,-0.1460598554147262,-0.47353012361317864,-1.2057193644468738,-0.7518345568527566
2009-10-16 00:00:00,0.04098094840805014,0.8481506456697965,-0.12021049889593641,0.30208978638011647,0.0815457255830187,-0.5353689591036053,-0.11714836691636166
2009-11-15 12:00:00,-0.3961298805908037,-1.6738271467385661,-0.6375127769088049,1.156598424014994,0.5396151617441315,-2.1280239225877047,-0.5424882279888141
2009-12-16 00:00:00,1.8035725414652852,0.1431784694828126,0.14574646206892614,2.0659505593348952,-0.3710353136009208,0.48102540346314543,-0.22465862511625306
2010-01-16 00:00:00,1.19336412070937,-0.3472333750715996,0.6857754701508183,-0.10542327856338704,-1.1426858611284314,0.29749346329595344,-0.5621674763097637
2010-02-14 12:00:00,2.3443894229253517,-0.17111757423422286,-0.6046642275836898,1.687181285017037,-0.794569207677762,-1.9851396414876021,-0.2669501907917116
2010-03-16 00:00:00,0.38641608584368936,1.4638131418592755,0.10123058788955175,-1.4434695566322384,-0.557320948522766,2.365816187769647,-1.1860589417030971
2010-04-15 12:00:00,-0.9788404766120884,1.512850232405398,0.8313845083605838,1.1853073723704204,-0.1178736244642682,0.16835507643874648,0.17664604093791367
2010-05-16 00:00:00,-0.5990993814263232,0.004660002955774553,-0.4633380285589565,0.1774125456653388,-1.4895347511397972,1.6271053380023597,-0.5311748227503992
2010-06-15 12:00:00,2.520192960086995,-0.33660040321543516,-0.571332900980054,0.2883722736683404,-0.08089121389737754,-0.26077656945875316,0.37412365182901075
2010-07-16 00:00:00,-0.026129233360907264,0.9318652909521085,0.08989499162062836,-0.7391191853655,0.5929361120192594,-0.47622074294566596,0.19375440808701705
2010-08-16 00:00:00,0.358797804653534,-1.202638208122149,-0.4780423901516268,-0.2296786841492444,-0.04290283806738899,0.21622077305228032,0.351104913667046
2010-09-15 12:00:00,0.4098647368639071,-0.6930395840157806,-0.40685470080895403,0.3942248777311194,0.6267257562897022,0.879740349411601,0.467878532704722
2010-10-16 00:00:00,2.2447623705945876,-1.2047910160375437,1.4792415540736499,1.160762256052425e-05,-1.2486754436580085,-0.8355866664789194,-0.15735633016569225
2010-11-15 12:00:00,-0.9744559797965148,-0.16460749575292283,-0.2888203198633955,-0.4677610534220739,-0.6916476620487905,1.4738260604976146,0.5371965096967221
2010-12-16 00:00:00,0.19957805473993884,-0.4348348076704272,1.1840352323366425,-0.14970717549790605,-0.8073713655023775,-0.1124620298058682,-1.9891573554796957
2011-01-16 00:00:00,-1.0219710906548176,0.6835001471153281,-1.162555894187274,1.4937207569051476,1.962183770141082,-0.4165381564042843,0.468894233314055
2011-02-14 12:00:00,-1.0429917834162699,-1.5141192567507649,1.512205919794399,-0.3073904806716972,0.5140805928140015,-0.22206854649488597,-1.0786340394408642
2011-03-16 00:00:00,1.6256914576407007,0.0780228273790172,-0.17438850819670657,0.7737701787065644,-1.0968796876786469,0.033017580272854084,0.020348973533007034
2011-04-15 12:00:00,-0.5642177058875985,0.2925319380143769,-0.6209700791259785,0.21755433850654113,1.0217082280707548,-0.3434989555670824,1.4670119630742247
2011-05-16 00:00:00,2.37982673268824,1.5271119256493921,-0.28982063127820895,1.7298270792309622,1.3571627731626588,0.08447993944580218,0.571315243845142
2011-06-15 12:00:00,0.6625440336812772,-0.4141547882495187,-0.783690910406771,-0.5005681559277522,0.8148594129127106,0.33214343628361137,2.1276364399171177
2011-07-16 00:00:00,-0.514476712047733,-0.553138758853829,0.2927019874230397,0.09626615129968291,-0.18646045766322691,1.6332985834809772,2.3182033386676615
2011-08-16 00:00:00,0.06124945520079318,-0.07931858287584839,-1.1845536963350232,0.9937349921532294,-1.5089810458127288,-0.7135935898731168,1.3876681338821326
2011-09-15 12:00:00,-0.21573376598375044,-0.01056266168810635,-1.3775873169163548,0.06352312329757913,-0.6256544346433833,-0.8241522764139104,-1.2172635651691808
2011-10-16 00:00:00,-1.1895241734818216,-2.5857617430305235,1.4037039316927467,2.1573558668973405,-0.2937750520082873,0.15552613604120039,0.6278439350619636
2011-11-15 12:00:00,-0.35948199239405565,1.675439784039721,-0.22259394033892677,1.0983993510632644,-0.45918196144528844,1.9043450642367665,-0.2923862216883595
2011-12-16 00:00:00,0.6094260661887542,0.4882210010032191,1.0791657707163091,-0.1398021941951653,-0.02954788569985331,0.6395527892043468,1.1538831636906601
2012-01-16 00:00:00,-0.1951241649934811,-0.23325090919752228,-0.5877095104558576,-0.4978140002165717,-1.0694852224000249,-0.42546992405448464,-0.8161453238690091
2012-02-15 00:00:00,-0.7918812587585621,0.973919497018123,-0.3303152123860496,-1.1651775039745842,-0.47273342538458296,1.0556592604923356,1.417534078252235
2012-03-16 00:00:00,-0.315648467671294,1.4781986988487412,1.576468909503593,-0.16064552073107927,-0.3464024683711707,-1.0545316131068685,1.198433594776163
2012-04-15 12:00:00,0.9525666356738429,-1.0354701958426873,-0.8260367127466415,2.039934727939854,1.0710542504858438,0.16804511230520544,-0.5628929765865087
2012-05-16 00:00:00,-1.2907823696645377,0.5405810117529954,1.1409018509422046,0.6607559772206485,0.4419244625342078,-0.7160614316102427,-0.8592525660812769
2012-06-15 12:00:00,0.026942776745819286,0.21948364190828612,0.7659512880954393,-0.026521388824480595,0.943689876609002,-0.19982927782940088,-1.137949995379308
2012-07-16 00:00:00,0.8905460499846908,-0.749119052688515,0.2093594459863637,-0.35718080268321095,-0.18534976566722916,0.36570799299279344,0.4454871210342881
2012-08-16 00:00:00,-0.06903114723012274,2.9771784616837516,-0.06203523564784608,1.2950836147293507,0.7863053960415388,-1.0586674019668174,0.049475176765267984
2012-09-15 12:00:00,-0.908698394268805,-0.8697274635363152,-0.35618693905239973,0.43461765669867,-1.1065907862739124,-0.3339575560123195,-0.8439527085347562
2012-10-16 00:00:00,0.5690549909351955,0.5120618048729956,-1.0562268984689576,-0.5692803985177632,0.8066735391004622,-0.36437896150275,-1.1713531796795529
2012-11-15 12:00:00,-0.3853573943879581,0.17710696199267356,0.45075949667979015,-0.1547448267037226,1.4256188679285813,-0.0865740000655505,0.7848924395418082
2012-12-16 00:00:00,-1.675688231196208,-1.3309576067504068,-1.037080794139362,-1.3547515602770186,-1.0761026372437028,-0.6267764292241866,0.8886435402372148
2013-01-16 00:00:00,-0.32579623950350356,0.8608535164065099,0.2151118419290632,-1.5017060149995434,0.3350599273187482,2.412238259724697,1.611824693186513
2013-02-14 12:00:00,-0.7486482270350386,-0.20772311819811634,0.882430314765316,-0.2938139686819508,-0.9426088095534267,-1.8026876249301103,0.40338066550921536
2013-03-16 00:00:00,-0.38324016901370456,-0.6240143506125041,0.6238640369462262,-0.8685443369160419,-0.04732544226587758,1.7703704451967162,0.06444213674372609
2013-04-15 12:00:00,-0.8700229134821762,0.583936496220495,-0.28457871835893744,-0.5420435047824472,-1.077674697695702,0.8364451625214174,-0.8012293986932979
2013-05-16 00:00:00,0.07376944908667138,-0.2686203357493225,1.044141355938009,-0.4873650474713413,1.571827807860798,-0.4064195820504656,0.3668844047088838
2013-06-15 12:00:00,-1.1233626510086894,0.9181859799226202,0.72004254786546,0.6057287642584942,-0.6042347326439544,-0.8836903676376111,-1.4707636362466172
2013-07-16 00:00:00,1.2425041631497018,-1.0677466563360558,-0.5925792382705395,0.9989260246988798,0.006271288850008041,-0.02886987787581737,-0.9940437680515768
2013-08-16 00:00:00,-0.4959022836962049,1.0305249304539141,-0.8111009002296281,0.9190216341844034,1.1605579607614764,-0.4385529886441724,-0.20244698057509172
2013-09-15 12:00:00,3.550677680920627,1.656489453236637,-0.2838160106184022,-0.4169895716729228,0.7814806299827166,0.7645070392310188,1.200225953684836
2013-10-16 00:00:00,-0.5033409106634509,0.22098085568504205,-0.2878880621357492,1.045000881543471,0.4550118787467187,-0.00431804213674182,0.7978118366067033
2013-11-15 12:00:00,0.36011251212556455,0.8989876179749628,0.4046581056799345,-1.310401383842117,1.3682256117119855,-0.6373330642709607,0.40797040963739817
2013-12-16 00:00:00,-0.06198067661483379,1.0344587213612495,-0.07482017268119781,-0.4415748916743666,-2.1267880173586344,1.1137821429300008,0.4619351011816206
2014-01-16 00:00:00,-0.2898533985401252,1.6560320157369512,0.7103001092773439,1.0685195445269413,0.25798323726890215,0.5422628517904677,-0.3461646252342801
2014-02-14 12:00:00,-0.4778141279048978,2.7917925912240564,-0.2308686509594169,0.9880029092924402,1.0684818581439222,-4.013873646645904,1.8569239168347749
2014-03-16 00:00:00,-1.0088567371796335,-1.419955450520711,-2.130847183800268,1.8438105678662076,-0.20166261500673172,0.12908500302580866,0.5211988464800622
2014-04-15 12:00:00,-1.4208438694338292,-0.7948770164944927,-1.1109187230611717,-0.055303061359671966,1.3804336933674486,0.7515946277637756,-0.48304853855489605
2014-05-16 00:00:00,1.5199717501529812,1.5804531291748154,-1.693010677931211,1.6523965422098168,-2.2327279462644474,-1.6470995795845549,-0.6859246599723772
2014-06-15 12:00:00,0.36763814247177545,-0.2988446106532912,1.1810778883066548,1.7256996904815416,-0.910180812493254,-0.6745724107561767,-0.031476519659619284
2014-07-16 00:00:00,0.443529017426592,-0.7456491734858365,-0.18245352134289394,0.5042862352219304,-0.09406437630433781,-0.06882358843765854,1.3157570871177975
2014-08-16 00:00:00,0.457205456156004,-2.1470817982928594,1.2361309722748361,0.45165633935018995,-0.07426278754045164,0.6155215563454431,0.18645583636250102
2014-09-15 12:00:00,-0.864208817295412,0.09546541248285385,0.24210451854056053,0.3242084903470858,-0.09176088336161774,0.0976264719824193,-1.0039198328250805
2014-10-16 00:00:00,1.4049077848164688,-1.4765024715779147,1.8435357934096133,1.0969090822395184,-0.6996205909464078,0.7300003648839773,0.4706191486172891
2014-11-15 12:00:00,-0.2741136453545748,-0.0958654757031786,-0.16409046153011977,0.27086053171039226,0.49740555256045194,-1.082382723678672,-0.07564002299249742
2014-12-16 00:00:00,-1.9440205760743405,0.11126116547072763,1.2466230799976883,0.743901881944004,1.806592207919107,1.005802066407259,0.8228977580016762
2015-01-16 00:00:00,-0.9073724417187417,0.7882495396464275,0.390830901714495,-0.2472854306181622,1.0285100735224686,1.4390750278260767,-1.011565442739246
2015-02-14 12:00:00,0.5429956122214414,0.46303534750705133,0.06559135996525285,-1.0850348403779384,-0.19405349320111204,-0.33337359478012535,-0.07111715080988984
2015-03-16 00:00:00,1.0766532178785455,-0.5034049685364439,-0.5287311792704735,1.0196895896920533,0.18382090103086002,-1.1620004528483854,0.7003586260129336
2015-04-15 12:00:00,-0.15753702213923873,-0.14786260186423048,1.4588046838169557,-1.6558345928293652,-0.31872159134166966,1.880391079426786,1.6383655485974573
2015-05-16 00:00:00,0.3199440665072542,-1.141198114339728,2.4426842217071068,1.7925111873871142,2.3007494955515244,-0.21284745298015403,0.5271744549233379
2015-06-15 12:00:00,0.7574760616494439,0.44645274761476256,-0.261210006736328,-0.6873396948305618,0.4090851694297163,2.1194275667935876,1.0763422115733912
2015-07-16 00:00:00,0.2626819797832288,-0.6208608991837541,0.005256139842922183,-0.284826352320719,0.259592045015706,1.0851011078862653,0.7787871880154005
2015-08-16 00:00:00,-1.7007504321875477,-1.2034380966273321,-1.5828499548911414,0.9510022846392315,1.0957847920985673,0.35500932650449357,-0.9256063932999512
2015-09-15 12:00:00,-0.3208192909228547,0.0019151045968033298,-1.0782537596252153,0.3260845451295945,-2.9648473100066135,-0.8325978777200276,-1.046917702748236
2015-10-16 00:00:00,-0.7327783226996296,1.0974682090335588,-0.3833772796802604,1.0083975980797615,1.3409771987492016,1.2966682072015527,0.3744011221612391
2015-11-15 12:00:00,0.2266492357068889,1.3597854491768742,1.0136372715123596,0.2653973666600306,0.3649332693218011,-0.23011935959854754,0.9890677166428687
2015-12-16 00:00:00,0.1526835775311219,-2.4543684695856536,-0.40195871722177806,0.7418433165409444,1.1983495673767763,-0.7808450211499783,-0.035164566376253266
2016-01-16 00:00:00,0.2701226785413835,1.1733401754602872,1.0767120679734614,-2.740638550331301,0.8018952066741738,-0.9532808684787174,-0.790507991929803
2016-02-15 00:00:00,0.07862636969860354,0.4616363478887258,-0.1459277627092974,1.576544788233651,-0.9359904300257454,0.3802122891308904,-0.18614402021702664
2016-03-16 00:00:00,-1.3529447607573664,0.07514650902845986,-0.28793238164006063,0.48603074533984025,-0.5306489008331751,-0.0476999868890529,1.4626828400743537
2016-04-15 12:00:00,0.7696349625619513,-1.3564453196230888,-1.3710280843024198,1.8336638160258802,-2.2117293956240203,-0.23474565175456708,0.5922581644289291
2016-05-16 00:00:00,-3.693225114829549,-0.7687297488973204,0.07974981605327536,0.9173274002770426,2.48747824941916,1.0980444105562768,-0.41950020633944735
2016-06-15 12:00:00,-0.85533114440388,-1.7944727632348723,-0.34654709572961306,0.39714035349460514,0.8977499812325686,0.04774082719803611,-0.5309375844381476
2016-07-16 00:00:00,0.3831267869077104,-0.40107692843573145,1.757875971168617,0.08455116527080307,0.7520441152758112,-0.8151592473480203,0.762992855516307
2016-08-16 00:00:00,0.12112073727205618,-0.44552493609131466,-1.1263257332915955,-0.3633386678531545,1.5054934382171732,1.0945278431534895,1.3175449080957429
2016-09-15 12:00:00,-0.6785117623700213,0.16774843848919713,0.07954733864055816,-0.002603193934776037,-0.42969665635619886,-1.1180252397629222,-1.2604981133448576
2016-10-16 00:00:00,-1.2873135935067537,0.04405810448807239,-1.5483407867834824,0.8829937833150314,1.7978420716449954,2.8076749760718007,1.057692513284846
2016-11-15 12:00:00,-0.2669653881687875,-0.07998797858410106,0.5213336408744977,2.302689239919015,-2.1019395616753163,1.583088696850478,-0.2909309245781325
2016-12-16 00:00:00,1.5081306181157768,-0.681181259054331,-1.3431752074298426,0.23229615371157447,0.502826900587813,0.610845295930645,-2.138169742946023
2017-01-16 00:00:00,-1.594203288128462,-0.08626615956004438,0.027794139608271484,0.2056780436151808,-0.6998288390935166,0.878625343987763,1.293801398685588
2017-02-14 12:00:00,-0.963170121362091,0.6703589641385934,-0.08664408658500497,-0.26822854126718415,-0.5000850960698738,0.6929368773328572,0.5299987921450745
2017-03-16 00:00:00,-1.8909653625050158,1.0766508734211278,0.7905890450475915,0.054864987800032204,-0.1104202745500905,-2.0068589278483753,-0.5326041765528604
2017-04-15 12:00:00,1.143343860097965,1.1449281121191652,0.6962643665873371,-1.5761788039472677,0.27019966774129917,-0.9117784855259199,0.8465790416321243
2017-05-16 00:00:00,0.2366432573946846,-0.9891734065342918,0.4862867351721087,0.6439251083666873,2.4462785874751,-0.11614377544067847,0.5247460003636517
2017-06-15 12:00:00,2.175110570356503,-1.1195896931409168,2.8222954341533786,-0.4481634352627248,-0.39290031220701305,-0.7598912301018114,0.2960948769165744
2017-07-16 00:00:00,-0.633535396923204,-0.6257820652315811,-1.9376341165821453,-0.6596677744134324,-1.722649042657307,-0.11101469182883605,1.6421822488577653
2017-08-16 00:00:00,-0.6002751342859176,0.33912064887863885,-0.18728797352489474,-0.9377519543242101,-0.8366822562222562,0.6484287675318468,1.480326004091319
2017-09-15 12:00:00,1.7079812951828417,-1.1371150517339141,-1.4821700191060296,-2.334338769793866,-1.0947085280471478,-0.1558057540547681,-0.29914097201147677
2017-10-16 00:00:00,-0.9897118832513634,-0.22257733824785597,0.03150666498652467,0.8902259007126909,-0.5257020899953877,-1.4672280514973506,0.8837381281498933
2017-11-15 12:00:00,-1.316605169742486,-1.0728560449096636,-0.6904305092350685,1.9942118114016028,-1.7544804891261823,0.816052083335786,-0.9514430698250521
2017-12-16 00:00:00,1.3977072130694157,-0.2768311488677835,0.6921742488274857,-1.5341924053940106,0.10247403506555398,-0.17179856232161414,-1.6726927407982932
2018-01-16 00:00:00,0.9859765026015461,1.2667825059507996,-0.49123495016374435,-1.1218611966006409,0.9450310957672483,-0.6797843914227838,-0.44628441687016174
2018-02-14 12:00:00,1.0765022668535014,-0.13264706336914478,0.4603697113866526,-1.7570616748286128,0.14644570627434117,-0.5110421036444526,-1.1251715853392656
2018-03-16 00:00:00,0.45132264758703344,-0.12888384934324604,0.966514866920034,1.7870830381380822,0.6263396705344362,1.8445862178770462,-0.856644020103682
2018-04-15 12:00:00,-0.3781914338922339,1.3012594118318157,-0.5010797850536396,1.2242595868536907,-2.152458135993929,1.7732521150593652,0.3095360204331816
2018-05-16 00:00:00,1.4650700990076129,1.1491234930067942,0.8938566314949586,-1.6652736892692335,1.5084320858872664,-0.598403880970534,0.7472167588968364
2018-06-15 12:00:00,0.8393482166753315,0.2435533075291264,0.6933971929141083,-0.35962474453623106,0.06092512218251387,0.9718176237118328,0.310795116664819
2018-07-16 00:00:00,0.06911661929019917,0.5089374331852188,2.084941609235343,0.4209300632180508,-0.9218644185489946,0.4207558707393986,-1.312536620073413
2018-08-16 00:00:00,1.3709455061955251,-1.4539291594154973,-1.5075446095935339,-0.1788292881700182,1.3696064527136256,-0.5270362728623027,-0.08926254461630895
2018-09-15 12:00:00,-0.021524407916811872,0.6722007813879897,1.4021329591788696,2.1302593580255484,-1.1739549163017036,0.11499407962914804,-1.342314090613132
2018-10-16 00:00:00,1.6374518798408766,-2.0530797314447953,0.5830633060269046,-0.883363755792007,-0.7683431335455547,1.2757031820984643,0.7804519102669488
2018-11-15 12:00:00,0.22346153973887722,-0.26654931508131646,-0.41925812279568936,0.12686548911980647,0.7592773154742417,0.6446990212455866,-0.6799387071551629
2018-12-16 00:00:00,1.010588589709703,0.2318949681427494,1.094892990827312,-0.2843932155630708,-0.6271902680276977,-1.5084228010934113,0.4773753702475416
2019-01-16 00:00:00,0.3656806212794022,0.3760466423571373,-0.568978469483133,-0.4018658531281072,-1.078524614483045,0.6071584397404349,-0.17684979522280905
2019-02-14 12:00:00,1.0367522244987972,-1.1494384968285711,-0.6316765548259538,-0.9907079174186544,0.8232141805838895,-0.22389989125403945,0.1415514512590159
2019-03-16 00:00:00,1.2276341088227944,2.638195477908004,-0.7308855029921217,-0.3563541319066034,1.206683492851269,0.6882888981846667,-0.35944134142239637
2019-04-15 12:00:00,-0.5538041340613885,-1.2764740425539687,2.7993645248059984,-1.1183329120978494,-0.19062963078468645,-0.773444355730912,-0.2310072985250003
2019-05-16 00:00:00,0.26239375734243886,-0.4711713641383371,-0.20359052011524426,-0.6461253749355971,-0.5256820426952433,1.3693585819141398,0.010808815281469663
2019-06-15 12:00:00,1.1120852250905775,-0.10993307385679164,1.8723471319528358,0.03024615956458027,-1.2723762335584992,-0.26040601148211334,0.2538816738510253
2019-07-16 00:00:00,-0.8023599900300411,-0.24913820015032884,-0.7853810053866574,-0.8675611984535723,0.5502512046223301,1.4353126365125384,-1.2814495153645609
2019-08-16 00:00:00,2.8172307866593114,-0.26179820089124645,0.18923593939482738,0.2779948858827287,-0.29541963602534554,-1.1573099734600234,-0.5099781682801277
2019-09-15 12:00:00,0.6139927610102694,0.6689180112590485,0.2553338913876687,-0.06777759032822224,-1.4540825146537675,-0.5259523857231782,-0.2041468905365196
2019-10-16 00:00:00,-2.2894668100280535,-0.30580853479520814,-0.6748581309656165,-0.21335279214680467,-0.8001117032464675,-0.9138862561877051,-0.6321507764130057
2019-11-15 12:00:00,0.3473390852095717,1.1838937987366593,0.9724641681977345,-0.5259342179414754,-1.0494473536067064,-1.1447010884613136,-1.5706028273725017
2019-12-16 00:00:00,-0.9950505057779767,-0.2826925313471336,-0.0035882569146695534,0.27128565764851315,-0.14837441279449526,0.2332689021543628,-0.03035481662320575
2020-01-16 00:00:00,2.0849626331020694,0.16857672766532872,-1.9867103850414525,-0.7964601073069597,-0.10644124350429938,-0.028270963666814176,0.13495550885671834
2020-02-15 00:00:00,1.2039842820325668,0.0867545195610697,1.7427336903559498,-0.0825722665196839,0.8737617121324392,-1.4963863339847465,-0.2095676857291404
2020-03-16 00:00:00,-1.1453672757682019,-0.30356003439389645,0.7628405525235455,-0.6244622330559377,0.7308817143935014,1.0421262715827295,6.299618411691882e-05
2020-04-15 12:00:00,0.1521624510796182,-0.8165909490384463,0.6268798532976706,-0.30853363150832797,-0.274056773543767,-0.32906831077207593,-0.326522276420288
2020-05-16 00:00:00,-1.1868358445715304,-0.5861717543711465,-0.6050516795814225,-1.2379851832489837,-0.37121548771142937,0.9445164469164897,-0.10138805612735977
2020-06-15 12:00:00,0.2834375635770058,1.5159611626805687,2.098253161136121,1.7027167082514798,0.5505729920961469,0.7329232482840022,-0.27594135782983414
2020-07-16 00:00:00,0.8769802020795857,0.3975120765272253,-1.2770753666306884,-0.1782448619556838,0.6433502743475986,1.356653576826064,1.5472566901050062
2020-08-16 00:00:00,-0.19757098769445422,0.21863903872743062,1.019823270134122,0.27125894324324035,-0.2479403348448316,0.030909597814618474,1.4321122006726317
2020-09-15 12:00:00,2.2487104584769186,0.9329888640572023,-1.3953060436119975,-0.7038523786399851,0.7105910172631453,0.4528469997660166,-1.034562371103879
2020-10-16 00:00:00,-0.16425184252992106,-0.1379043481347347,0.7821411415325239,-1.6032817658810778,-0.36858848512365067,0.08441354550202301,0.9841352044345926
2020-11-15 12:00:00,-0.9991947027786462,0.22430072133631318,0.2233028791383351,0.4781564155844992,0.7645602149652847,-0.32480406076131285,-2.307486387281278
2020-12-16 00:00:00,1.2390976952639206,1.4248303261571158,-0.5887163720263023,1.2325250192490471,0.5894306331498637,-1.3091207273309042,0.3149535866018309
2021-01-16 00:00:00,-1.7459557443881668,-0.31063398046042934,-0.934530446289387,-1.5712950821386484,0.18068577433012403,0.16140010856860723,-0.9777955916282426
2021-02-14 12:00:00,-1.1911347405997426,0.3111517951006631,0.9097167098632961,0.806833248940328,0.2097478107513754,-0.12077706753957451,0.08926267584022715
2021-03-16 00:00:00,-1.1056570643227916,0.6398874967723831,2.922813672000412,1.299962526414812,-0.42278635916382995,0.9879550168318358,1.483735394382688
2021-04-15 12:00:00,-1.2936447852117787,0.4418823375138212,-1.4535279196160944,0.5412733934443076,-1.4915217655327704,0.2935300457507006,-1.5108296125499285
2021-05-16 00:00:00,-0.37566693866512935,0.5963964800283784,-1.715654796348808,0.3632253017007081,1.0351895015284518,-0.8705772952892337,0.7190619897586992
2021-06-15 12:00:00,-1.0148272223276324,-0.5227053041738663,-1.5083914929119662,-0.1532621512742738,-0.9998660560209368,-0.42111987728369565,0.4532265498689137
2021-07-16 00:00:00,0.3829921323045654,-0.5135391001274286,1.0527071492247255,-0.5698002278073351,0.8595393064094383,-0.24496648851621378,-1.621883205498512
2021-08-16 00:00:00,-0.09623386128462315,-0.8786256143240359,0.20772643234383828,-0.34465170533641687,1.4366959571218203,-0.09516156500475023,0.887307228694612
2021-09-15 12:00:00,0.567345051963191,0.7946119477881356,0.6129041565038773,0.7832098741487028,-0.8194319827251132,0.4728335223990295,-0.4519430224484083
2021-10-16 00:00:00,-0.2833422715954085,-1.015616166018468,-0.3061546609220591,-0.712891908364039,-1.959131081042003,1.9867611422797777,1.1020288306157282
2021-11-15 12:00:00,0.23001475670846433,-0.6582452330805817,0.9150094603914306,-0.8419153884243369,0.539465139717354,0.49521152665118146,0.03436818142497653
2021-12-16 00:00:00,-0.7449627377289088,-0.978402291504884,0.5119138041490259,-0.38561214594166293,0.024232557353840133,0.10331172465027252,-0.4649852034645336
2022-01-16 00:00:00,1.4129502937913305,0.050701050219526214,-1.223764501334441,-1.0465886032014602,0.2884331240731016,0.5190410457407165,-0.1389125917130882
2022-02-14 12:00:00,0.7126910147545019,1.5268831783352685,-0.4301614954594151,-1.7036685106562426,-1.822412449533375,-0.5316197442491365,-1.1814975593375885
2022-03-16 00:00:00,1.9783016551101056,0.3103472317944512,0.7279109846459818,0.8435008846534185,1.0267867130605184,-0.6100978308111215,-0.25970249339979085
2022-04-15 12:00:00,-0.2677775194404042,0.972068405881633,2.3540200062818912,0.12099277782424377,0.5566744455887951,0.2169113731654947,-2.1213132405673973
2022-05-16 00:00:00,1.4650920798512428,0.1296765730309306,0.5355702251581461,2.8133666049786235,1.2147848944542539,-0.18717979549877284,-0.9679192323600658
2022-06-15 12:00:00,-1.5445938152984802,-1.906597279131199,1.5049849640359223,-0.9773337127928347,-0.824773176273509,0.31091031246647477,-0.6513451746854312
2022-07-16 00:00:00,0.837327437728154,0.3947851647372545,0.8981993453750945,-1.1110172235776195,0.7164575601144045,0.11930104355190008,-0.26104507310988834
2022-08-16 00:00:00,-0.20882904466321636,1.3045570484151017,1.2843333015352845,0.16435123439542954,0.5501331872715787,-0.4485000210259843,0.906930687421751
2022-09-15 12:00:00,-0.14554977106747422,0.6259890154806589,-1.3133494141049264,1.1175059270515522,1.3145751498087956,0.2553334142425592,0.11885467402854799
2022-10-16 00:00:00,0.13454521575345418,-0.7568503493386229,1.225621757373108,1.245560014546299,-1.1094616446332295,1.4562532209067414,-0.2691960499702741
2022-11-15 12:00:00,-0.1570769069700326,1.4690073160872348,0.4749065891353928,-0.4592983641408338,-0.8460745125218319,0.7265065853563345,0.42819334021565325
2022-12-16 00:00:00,-1.3904328216676904,1.2104924981959655,-1.0727636260736175,1.1568879272196928,1.1177789784103473,0.25115224409865217,-1.0310401946189793
2023-01-16 00:00:00,-0.63313906681166,0.8891951919581449,-0.9317082097080075,0.340769020721844,-0.0945075142926466,0.1573265640405959,-0.4156160782822512
2023-02-14 12:00:00,1.403556193824316,0.11606685756498018,0.2097910298718866,-0.6996316698205709,0.9906449435056455,0.07614209725332932,0.30712835810249506
2023-03-16 00:00:00,0.6445208795054147,0.06331381605045758,0.1662286461218972,0.1570037215398474,-0.4831291976186814,-1.0905323798642304,1.120516646116026
2023-04-15 12:00:00,1.1325149310390885,1.1667441601256385,-1.1172714901020884,0.16297813924383342,-0.6602461043110146,1.3095494867540252,-0.11029270101508021
2023-05-16 00:00:00,-1.2548045834008452,2.289675113492293,0.46098458499155054,0.9132265607700127,1.4256734721691167,-2.446136749265815,0.14970571124531803
2023-06-15 12:00:00,1.3923824240036178,0.5672717715498656,-0.42399210222499895,0.16735335610913057,-0.4231592432694273,0.6367085938024614,-0.36977376217601293
2023-07-16 00:00:00,-0.8441409404997794,0.9651486946942912,-0.5137191023055168,-1.2437064041737882,0.031212392182006752,-0.9538810544290005,-1.1687605031247463
2023-08-16 00:00:00,0.2363868161935024,1.011538290692003,-0.24746383452876924,-0.011970081558452294,-1.1507054717936565,0.7145361819455747,0.993031403744348
2023-09-15 12:00:00,-1.1680080225935494,0.0030073222617330586,-0.5970650056880008,-1.35749810064523,0.7493136292454321,-1.324109076334664,-0.719396491537261
2023-10-16 00:00:00,0.06137862684347219,0.9910817731803657,1.0931805338626646,-0.29166439129775695,-0.39567072645241014,1.3113756830253909,-0.8274812519500975
2023-11-15 12:00:00,-2.414108491277332,-2.2088042894828304,0.30520836113556055,0.6483238491196627,-0.07778666120145253,0.18950373992870786,-0.9268665014078843
2023-12-16 00:00:00,0.1703187314736067,0.06451158762304304,-0.8136661655030234,-0.19975237577038835,-1.554074774337695,1.0376074607902146,-0.35210692212219097
2024-01-16 00:00:00,-1.4040148172480076,-0.21344458632450874,-0.07694992121323085,-0.5045667323861622,0.640437898169706,-0.14802222352225652,-0.5221546814128607
2024-02-15 00:00:00,1.6823823742225643,0.5103904831243241,0.6238106479104688,0.797747286562353,-1.9132989526544104,1.3204481686872211,-0.32019016262320404
2024-03-16 00:00:00,-0.10874574571430037,-0.14799220732763096,0.010435680023925788,0.7229984325548304,-2.5745700978460904,-1.4259312452173436,-0.799211266898294
2024-04-15 12:00:00,-1.8093033097648712,-1.4208479432397634,0.09735883870972906,0.0998663284542083,0.45430962403171843,1.8054817131353345,2.31422723707381
2024-05-16 00:00:00,-0.9423262387217568,0.21920999454148293,-0.5292016558491905,-0.007993046206882725,0.42279218884305564,-0.8047411400757499,1.432089884131974
2024-06-15 12:00:00,-1.7705875625664083,2.3222610546671616,0.5407588666681049,1.2336455683948926,0.18055188516632087,1.670042849645248,-0.7996150106210074
2024-07-16 00:00:00,0.44140705503084376,-0.3067370951394563,1.6442551314719693,-0.20263773440242636,-0.09977707072598792,1.4165101860914966,-0.6478134885824397
2024-08-16 00:00:00,-1.030961288322127,-2.075490121917156,1.25473641401501,1.1253189487416801,1.0439369745586946,-1.008630732898181,0.9463661114910726
2024-09-15 12:00:00,0.7358692096411933,0.9933526596822654,1.450911942769373,0.8725486304675885,-2.3993853012676856,0.3325217564858239,0.16322494862102718
2024-10-16 00:00:00,1.3262438641999794,-0.7588008337161755,-0.9306783031193319,-0.5763096352287914,-1.0025845685905583,-0.12369312164600074,0.6907820748904032
2024-11-15 12:00:00,-0.8517608278163894,0.4378204524477829,1.3901762016964911,-0.4363619645412351,0.32079160214353486,0.5697946816267798,0.7968163892101527
2024-12-16 00:00:00,-0.8619298526072381,-1.0435845488560775,-1.5235617355128765,0.15256700301485593,0.8597835775094443,0.7054947954676577,-0.817352922438997
2025-01-16 00:00:00,0.8380719230596425,-0.7380977627587121,-0.3177956032625248,0.9127338571596884,0.02775682920351852,-0.7980930048949432,-0.3485149269722144
2025-02-14 12:00:00,-1.8170323762886822,0.33186896603489857,0.18069566557759684,0.09901503922671809,-1.3296631318163772,1.5136454317906767,0.14324589053403114
2025-03-16 00:00:00,-0.34607208872795986,1.9864349820375167,0.13339542533264762,-2.1585180366262935,0.5418095792069308,1.2690652736974033,-0.8764973543117268
2025-04-15 12:00:00,0.8156601374093079,1.3734770844800845,1.4501356730982826,0.8786860772791921,-0.534496173532013,-0.08507360310470288,-0.2301779796904248
2025-05-16 00:00:00,1.2079948126899078,0.6133448243453018,-0.2636897230328546,0.06014974108320013,0.9075955061231661,-1.077371633234386,0.8787330659683787
2025-06-15 12:00:00,-0.2908695711122064,1.1202471485669447,0.5723154546726158,-2.840030652791188,-1.4324951572335856,-0.5443469339640563,0.03732663701201053
