Model_Component,Model_Fit,Model_Evaluation_1,Evaluation_Value_1,Model_Evaluation_2,Evaluation_Value_2
signal_freq,Expon,KS Test,0.4843879526026756,p_val,2.5219869187255864e-11
signal,Expon,KS Test,0.48399788255197856,p_val,3.152185438050146e-10
intensity,Expon,KS Test,0.4113557080184693,p_val,2.1076929217560388e-07
duration,Expon,Chi-Squared Test,8.702789852821871,p_val,0.19099575115162012
frequency,Poisson,Chi-Squared Test,11.981597325102886,p_val,0.007446466887446323
Forecast_Model,"ARIMA((1, 0, 2))",AIC,-2052.223279244551,BIC,-2036.6935518750481
